solid OpenSCAD_Model
  facet normal -0.514196 0.857673 0
    outer loop
      vertex -62.5928 14.4138 3.8147e-07
      vertex -62.7611 14.3129 19.9
      vertex -62.5928 14.4138 19.9
    endloop
  endfacet
  facet normal -0.514196 0.857673 0
    outer loop
      vertex -62.7611 14.3129 19.9
      vertex -62.5928 14.4138 3.8147e-07
      vertex -62.7611 14.3129 3.8147e-07
    endloop
  endfacet
  facet normal 0.94158 -0.336788 0
    outer loop
      vertex 23.8978 -13.4154 34.4
      vertex 23.9639 -13.2306 3.8147e-07
      vertex 23.9639 -13.2306 34.4
    endloop
  endfacet
  facet normal 0.94158 -0.336788 0
    outer loop
      vertex 23.9639 -13.2306 3.8147e-07
      vertex 23.8978 -13.4154 34.4
      vertex 23.8978 -13.4154 3.8147e-07
    endloop
  endfacet
  facet normal -0.336788 0.94158 0
    outer loop
      vertex -62.2306 14.5639 3.8147e-07
      vertex -62.4154 14.4978 19.9
      vertex -62.2306 14.5639 19.9
    endloop
  endfacet
  facet normal -0.336788 0.94158 0
    outer loop
      vertex -62.4154 14.4978 19.9
      vertex -62.2306 14.5639 3.8147e-07
      vertex -62.4154 14.4978 3.8147e-07
    endloop
  endfacet
  facet normal 1 -0 0
    outer loop
      vertex 24.05 -12.65 34.4
      vertex 24.05 -6 20.4
      vertex 24.05 -6 34.4
    endloop
  endfacet
  facet normal 1 0 0
    outer loop
      vertex 24.05 -6 20.4
      vertex 24.05 -6.23223 8.76777
      vertex 24.05 -6.06747 8.58598
    endloop
  endfacet
  facet normal 1 0 0
    outer loop
      vertex 24.05 -6 20.4
      vertex 24.05 -6.41402 8.93253
      vertex 24.05 -6.23223 8.76777
    endloop
  endfacet
  facet normal 1 0 0
    outer loop
      vertex 24.05 -6 20.4
      vertex 24.05 -6.61107 9.07867
      vertex 24.05 -6.41402 8.93253
    endloop
  endfacet
  facet normal 1 0 0
    outer loop
      vertex 24.05 -6 20.4
      vertex 24.05 -6.82151 9.2048
      vertex 24.05 -6.61107 9.07867
    endloop
  endfacet
  facet normal 1 0 0
    outer loop
      vertex 24.05 -6 20.4
      vertex 24.05 -7.04329 9.3097
      vertex 24.05 -6.82151 9.2048
    endloop
  endfacet
  facet normal 1 0 0
    outer loop
      vertex 24.05 -6 20.4
      vertex 24.05 -7.27429 9.39235
      vertex 24.05 -7.04329 9.3097
    endloop
  endfacet
  facet normal 1 0 0
    outer loop
      vertex 24.05 -6 20.4
      vertex 24.05 -7.51227 9.45196
      vertex 24.05 -7.27429 9.39235
    endloop
  endfacet
  facet normal 1 0 0
    outer loop
      vertex 24.05 -6 20.4
      vertex 24.05 -7.75496 9.48796
      vertex 24.05 -7.51227 9.45196
    endloop
  endfacet
  facet normal 1 0 0
    outer loop
      vertex 24.05 -6 20.4
      vertex 24.05 -8 9.5
      vertex 24.05 -7.75496 9.48796
    endloop
  endfacet
  facet normal 1 0 0
    outer loop
      vertex 24.05 -6 20.4
      vertex 24.05 -8.24504 9.48796
      vertex 24.05 -8 9.5
    endloop
  endfacet
  facet normal 1 0 -0
    outer loop
      vertex 24.05 -9.93253 8.58598
      vertex 24.05 -6 20.4
      vertex 24.05 -12.65 34.4
    endloop
  endfacet
  facet normal 1 0 0
    outer loop
      vertex 24.05 -6 20.4
      vertex 24.05 -8.48773 9.45196
      vertex 24.05 -8.24504 9.48796
    endloop
  endfacet
  facet normal 1 0 0
    outer loop
      vertex 24.05 -6 20.4
      vertex 24.05 -8.72571 9.39235
      vertex 24.05 -8.48773 9.45196
    endloop
  endfacet
  facet normal 1 0 0
    outer loop
      vertex 24.05 -6 20.4
      vertex 24.05 -8.95671 9.3097
      vertex 24.05 -8.72571 9.39235
    endloop
  endfacet
  facet normal 1 0 0
    outer loop
      vertex 24.05 -6 20.4
      vertex 24.05 -9.17849 9.2048
      vertex 24.05 -8.95671 9.3097
    endloop
  endfacet
  facet normal 1 0 0
    outer loop
      vertex 24.05 -6 20.4
      vertex 24.05 -9.38893 9.07867
      vertex 24.05 -9.17849 9.2048
    endloop
  endfacet
  facet normal 1 0 0
    outer loop
      vertex 24.05 -6 20.4
      vertex 24.05 -9.58598 8.93253
      vertex 24.05 -9.38893 9.07867
    endloop
  endfacet
  facet normal 1 0 0
    outer loop
      vertex 24.05 -6 20.4
      vertex 24.05 -9.76777 8.76777
      vertex 24.05 -9.58598 8.93253
    endloop
  endfacet
  facet normal 1 0 0
    outer loop
      vertex 24.05 -6 20.4
      vertex 24.05 -9.93253 8.58598
      vertex 24.05 -9.76777 8.76777
    endloop
  endfacet
  facet normal 1 0 0
    outer loop
      vertex 24.05 -9.93253 8.58598
      vertex 24.05 -12.65 34.4
      vertex 24.05 -10.0787 8.38893
    endloop
  endfacet
  facet normal 1 0 0
    outer loop
      vertex 24.05 -10.0787 8.38893
      vertex 24.05 -12.65 34.4
      vertex 24.05 -10.2048 8.17849
    endloop
  endfacet
  facet normal 1 0 0
    outer loop
      vertex 24.05 -10.2048 8.17849
      vertex 24.05 -12.65 34.4
      vertex 24.05 -10.3097 7.95671
    endloop
  endfacet
  facet normal 1 0 0
    outer loop
      vertex 24.05 -10.3097 7.95671
      vertex 24.05 -12.65 34.4
      vertex 24.05 -10.3924 7.72571
    endloop
  endfacet
  facet normal 1 0 0
    outer loop
      vertex 24.05 -10.452 7.48773
      vertex 24.05 -12.65 3.8147e-07
      vertex 24.05 -10.488 7.24504
    endloop
  endfacet
  facet normal 1 0 0
    outer loop
      vertex 24.05 -12.65 3.8147e-07
      vertex 24.05 -10.452 7.48773
      vertex 24.05 -12.65 34.4
    endloop
  endfacet
  facet normal 1 0 0
    outer loop
      vertex 24.05 -10.3924 7.72571
      vertex 24.05 -12.65 34.4
      vertex 24.05 -10.452 7.48773
    endloop
  endfacet
  facet normal 1 -0 0
    outer loop
      vertex 24.05 10.452 7.48773
      vertex 24.05 12.65 3.8147e-07
      vertex 24.05 12.65 34.4
    endloop
  endfacet
  facet normal 1 0 0
    outer loop
      vertex 24.05 12.65 3.8147e-07
      vertex 24.05 10.488 7.24504
      vertex 24.05 10.5 7
    endloop
  endfacet
  facet normal 1 0 0
    outer loop
      vertex 24.05 12.65 3.8147e-07
      vertex 24.05 10.452 7.48773
      vertex 24.05 10.488 7.24504
    endloop
  endfacet
  facet normal 1 0 0
    outer loop
      vertex 24.05 12.65 34.4
      vertex 24.05 10.3924 7.72571
      vertex 24.05 10.452 7.48773
    endloop
  endfacet
  facet normal 1 0 0
    outer loop
      vertex 24.05 12.65 34.4
      vertex 24.05 10.3097 7.95671
      vertex 24.05 10.3924 7.72571
    endloop
  endfacet
  facet normal 1 0 0
    outer loop
      vertex 24.05 12.65 34.4
      vertex 24.05 10.2048 8.17849
      vertex 24.05 10.3097 7.95671
    endloop
  endfacet
  facet normal 1 0 0
    outer loop
      vertex 24.05 12.65 34.4
      vertex 24.05 10.0787 8.38893
      vertex 24.05 10.2048 8.17849
    endloop
  endfacet
  facet normal 1 0 0
    outer loop
      vertex 24.05 12.65 34.4
      vertex 24.05 9.93253 8.58598
      vertex 24.05 10.0787 8.38893
    endloop
  endfacet
  facet normal 1 -0 0
    outer loop
      vertex 24.05 6 20.4
      vertex 24.05 9.93253 8.58598
      vertex 24.05 12.65 34.4
    endloop
  endfacet
  facet normal 1 0 0
    outer loop
      vertex 24.05 9.93253 8.58598
      vertex 24.05 6 20.4
      vertex 24.05 9.76777 8.76777
    endloop
  endfacet
  facet normal 1 0 0
    outer loop
      vertex 24.05 9.76777 8.76777
      vertex 24.05 6 20.4
      vertex 24.05 9.58598 8.93253
    endloop
  endfacet
  facet normal 1 0 0
    outer loop
      vertex 24.05 9.58598 8.93253
      vertex 24.05 6 20.4
      vertex 24.05 9.38893 9.07867
    endloop
  endfacet
  facet normal 1 0 0
    outer loop
      vertex 24.05 9.38893 9.07867
      vertex 24.05 6 20.4
      vertex 24.05 9.17849 9.2048
    endloop
  endfacet
  facet normal 1 0 0
    outer loop
      vertex 24.05 9.17849 9.2048
      vertex 24.05 6 20.4
      vertex 24.05 8.95671 9.3097
    endloop
  endfacet
  facet normal 1 0 0
    outer loop
      vertex 24.05 8.95671 9.3097
      vertex 24.05 6 20.4
      vertex 24.05 8.72571 9.39235
    endloop
  endfacet
  facet normal 1 0 0
    outer loop
      vertex 24.05 8.72571 9.39235
      vertex 24.05 6 20.4
      vertex 24.05 8.48773 9.45196
    endloop
  endfacet
  facet normal 1 0 0
    outer loop
      vertex 24.05 8.48773 9.45196
      vertex 24.05 6 20.4
      vertex 24.05 8.24504 9.48796
    endloop
  endfacet
  facet normal 1 0 0
    outer loop
      vertex 24.05 8.24504 9.48796
      vertex 24.05 6 20.4
      vertex 24.05 8 9.5
    endloop
  endfacet
  facet normal 1 0 0
    outer loop
      vertex 24.05 8 9.5
      vertex 24.05 6 20.4
      vertex 24.05 7.75496 9.48796
    endloop
  endfacet
  facet normal 1 0 0
    outer loop
      vertex 24.05 7.75496 9.48796
      vertex 24.05 6 20.4
      vertex 24.05 7.51227 9.45196
    endloop
  endfacet
  facet normal 1 0 0
    outer loop
      vertex 24.05 7.51227 9.45196
      vertex 24.05 6 20.4
      vertex 24.05 7.27429 9.39235
    endloop
  endfacet
  facet normal 1 0 0
    outer loop
      vertex 24.05 7.27429 9.39235
      vertex 24.05 6 20.4
      vertex 24.05 7.04329 9.3097
    endloop
  endfacet
  facet normal 1 0 0
    outer loop
      vertex 24.05 7.04329 9.3097
      vertex 24.05 6 20.4
      vertex 24.05 6.82151 9.2048
    endloop
  endfacet
  facet normal 1 0 0
    outer loop
      vertex 24.05 6.82151 9.2048
      vertex 24.05 6 20.4
      vertex 24.05 6.61107 9.07867
    endloop
  endfacet
  facet normal 1 0 0
    outer loop
      vertex 24.05 6.61107 9.07867
      vertex 24.05 6 20.4
      vertex 24.05 6.41402 8.93253
    endloop
  endfacet
  facet normal 1 0 0
    outer loop
      vertex 24.05 6.41402 8.93253
      vertex 24.05 6 20.4
      vertex 24.05 6.23223 8.76777
    endloop
  endfacet
  facet normal 1 0 0
    outer loop
      vertex 24.05 6 20.4
      vertex 24.05 12.65 34.4
      vertex 24.05 6 34.4
    endloop
  endfacet
  facet normal 1 0 0
    outer loop
      vertex 24.05 -6.06747 8.58598
      vertex 24.05 6.23223 8.76777
      vertex 24.05 6 20.4
    endloop
  endfacet
  facet normal 1 0 0
    outer loop
      vertex 24.05 6.23223 8.76777
      vertex 24.05 -6.06747 8.58598
      vertex 24.05 6.06747 8.58598
    endloop
  endfacet
  facet normal 1 0 0
    outer loop
      vertex 24.05 6.06747 8.58598
      vertex 24.05 -6.06747 8.58598
      vertex 24.05 5.92133 8.38893
    endloop
  endfacet
  facet normal 1 0 -0
    outer loop
      vertex 24.05 -5.92133 8.38893
      vertex 24.05 5.92133 8.38893
      vertex 24.05 -6.06747 8.58598
    endloop
  endfacet
  facet normal 1 0 0
    outer loop
      vertex 24.05 5.92133 8.38893
      vertex 24.05 -5.92133 8.38893
      vertex 24.05 5.7952 8.17849
    endloop
  endfacet
  facet normal 1 0 -0
    outer loop
      vertex 24.05 -5.7952 8.17849
      vertex 24.05 5.7952 8.17849
      vertex 24.05 -5.92133 8.38893
    endloop
  endfacet
  facet normal 1 0 0
    outer loop
      vertex 24.05 5.7952 8.17849
      vertex 24.05 -5.7952 8.17849
      vertex 24.05 5.6903 7.95671
    endloop
  endfacet
  facet normal 1 0 -0
    outer loop
      vertex 24.05 -5.6903 7.95671
      vertex 24.05 5.6903 7.95671
      vertex 24.05 -5.7952 8.17849
    endloop
  endfacet
  facet normal 1 0 0
    outer loop
      vertex 24.05 5.6903 7.95671
      vertex 24.05 -5.6903 7.95671
      vertex 24.05 5.60765 7.72571
    endloop
  endfacet
  facet normal 1 0 0
    outer loop
      vertex 24.05 5.5 7
      vertex 24.05 -5.51204 7.24504
      vertex 24.05 -5.5 7
    endloop
  endfacet
  facet normal 1 0 0
    outer loop
      vertex 24.05 5.51204 7.24504
      vertex 24.05 -5.51204 7.24504
      vertex 24.05 5.5 7
    endloop
  endfacet
  facet normal 1 0 -0
    outer loop
      vertex 24.05 -5.51204 7.24504
      vertex 24.05 5.51204 7.24504
      vertex 24.05 -5.54804 7.48773
    endloop
  endfacet
  facet normal 1 0 0
    outer loop
      vertex 24.05 5.54804 7.48773
      vertex 24.05 -5.54804 7.48773
      vertex 24.05 5.51204 7.24504
    endloop
  endfacet
  facet normal 1 0 -0
    outer loop
      vertex 24.05 -5.54804 7.48773
      vertex 24.05 5.54804 7.48773
      vertex 24.05 -5.60765 7.72571
    endloop
  endfacet
  facet normal 1 0 0
    outer loop
      vertex 24.05 5.60765 7.72571
      vertex 24.05 -5.60765 7.72571
      vertex 24.05 5.54804 7.48773
    endloop
  endfacet
  facet normal 1 0 0
    outer loop
      vertex 24.05 -6.06747 8.58598
      vertex 24.05 6 20.4
      vertex 24.05 -6 20.4
    endloop
  endfacet
  facet normal 1 0 -0
    outer loop
      vertex 24.05 -5.60765 7.72571
      vertex 24.05 5.60765 7.72571
      vertex 24.05 -5.6903 7.95671
    endloop
  endfacet
  facet normal 1 -0 0
    outer loop
      vertex 24.05 10.488 6.75496
      vertex 24.05 12.65 3.8147e-07
      vertex 24.05 10.5 7
    endloop
  endfacet
  facet normal 1 -0 0
    outer loop
      vertex 24.05 10.452 6.51228
      vertex 24.05 12.65 3.8147e-07
      vertex 24.05 10.488 6.75496
    endloop
  endfacet
  facet normal 1 -0 0
    outer loop
      vertex 24.05 10.3924 6.27429
      vertex 24.05 12.65 3.8147e-07
      vertex 24.05 10.452 6.51228
    endloop
  endfacet
  facet normal 1 -0 0
    outer loop
      vertex 24.05 10.3097 6.04329
      vertex 24.05 12.65 3.8147e-07
      vertex 24.05 10.3924 6.27429
    endloop
  endfacet
  facet normal 1 -0 0
    outer loop
      vertex 24.05 10.2048 5.82151
      vertex 24.05 12.65 3.8147e-07
      vertex 24.05 10.3097 6.04329
    endloop
  endfacet
  facet normal 1 -0 0
    outer loop
      vertex 24.05 10.0787 5.61107
      vertex 24.05 12.65 3.8147e-07
      vertex 24.05 10.2048 5.82151
    endloop
  endfacet
  facet normal 1 -0 0
    outer loop
      vertex 24.05 9.93253 5.41402
      vertex 24.05 12.65 3.8147e-07
      vertex 24.05 10.0787 5.61107
    endloop
  endfacet
  facet normal 1 -0 0
    outer loop
      vertex 24.05 9.76777 5.23223
      vertex 24.05 12.65 3.8147e-07
      vertex 24.05 9.93253 5.41402
    endloop
  endfacet
  facet normal 1 -0 0
    outer loop
      vertex 24.05 9.58598 5.06747
      vertex 24.05 12.65 3.8147e-07
      vertex 24.05 9.76777 5.23223
    endloop
  endfacet
  facet normal 1 -0 0
    outer loop
      vertex 24.05 9.38893 4.92133
      vertex 24.05 12.65 3.8147e-07
      vertex 24.05 9.58598 5.06747
    endloop
  endfacet
  facet normal 1 -0 0
    outer loop
      vertex 24.05 9.17849 4.7952
      vertex 24.05 12.65 3.8147e-07
      vertex 24.05 9.38893 4.92133
    endloop
  endfacet
  facet normal 1 -0 0
    outer loop
      vertex 24.05 8.95671 4.6903
      vertex 24.05 12.65 3.8147e-07
      vertex 24.05 9.17849 4.7952
    endloop
  endfacet
  facet normal 1 -0 0
    outer loop
      vertex 24.05 8.72571 4.60765
      vertex 24.05 12.65 3.8147e-07
      vertex 24.05 8.95671 4.6903
    endloop
  endfacet
  facet normal 1 -0 0
    outer loop
      vertex 24.05 8.48773 4.54804
      vertex 24.05 12.65 3.8147e-07
      vertex 24.05 8.72571 4.60765
    endloop
  endfacet
  facet normal 1 -0 0
    outer loop
      vertex 24.05 8.24504 4.51204
      vertex 24.05 12.65 3.8147e-07
      vertex 24.05 8.48773 4.54804
    endloop
  endfacet
  facet normal 1 -0 0
    outer loop
      vertex 24.05 8 4.5
      vertex 24.05 12.65 3.8147e-07
      vertex 24.05 8.24504 4.51204
    endloop
  endfacet
  facet normal 1 0 0
    outer loop
      vertex 24.05 7.75496 4.51204
      vertex 24.05 12.65 3.8147e-07
      vertex 24.05 8 4.5
    endloop
  endfacet
  facet normal 1 0 0
    outer loop
      vertex 24.05 7.51227 4.54804
      vertex 24.05 12.65 3.8147e-07
      vertex 24.05 7.75496 4.51204
    endloop
  endfacet
  facet normal 1 0 0
    outer loop
      vertex 24.05 7.27429 4.60765
      vertex 24.05 12.65 3.8147e-07
      vertex 24.05 7.51227 4.54804
    endloop
  endfacet
  facet normal 1 0 0
    outer loop
      vertex 24.05 7.04329 4.6903
      vertex 24.05 12.65 3.8147e-07
      vertex 24.05 7.27429 4.60765
    endloop
  endfacet
  facet normal 1 0 0
    outer loop
      vertex 24.05 6.82151 4.7952
      vertex 24.05 12.65 3.8147e-07
      vertex 24.05 7.04329 4.6903
    endloop
  endfacet
  facet normal 1 0 0
    outer loop
      vertex 24.05 -6.82151 4.7952
      vertex 24.05 6.82151 4.7952
      vertex 24.05 6.61107 4.92133
    endloop
  endfacet
  facet normal 1 0 0
    outer loop
      vertex 24.05 -6.61107 4.92133
      vertex 24.05 6.61107 4.92133
      vertex 24.05 6.41402 5.06747
    endloop
  endfacet
  facet normal 1 -0 0
    outer loop
      vertex 24.05 -5.5 7
      vertex 24.05 5.51204 6.75496
      vertex 24.05 5.5 7
    endloop
  endfacet
  facet normal 1 0 0
    outer loop
      vertex 24.05 -5.51204 6.75496
      vertex 24.05 5.51204 6.75496
      vertex 24.05 -5.5 7
    endloop
  endfacet
  facet normal 1 0 0
    outer loop
      vertex 24.05 5.51204 6.75496
      vertex 24.05 -5.51204 6.75496
      vertex 24.05 5.54804 6.51228
    endloop
  endfacet
  facet normal 1 0 0
    outer loop
      vertex 24.05 -5.54804 6.51228
      vertex 24.05 5.54804 6.51228
      vertex 24.05 -5.51204 6.75496
    endloop
  endfacet
  facet normal 1 0 0
    outer loop
      vertex 24.05 5.54804 6.51228
      vertex 24.05 -5.54804 6.51228
      vertex 24.05 5.60765 6.27429
    endloop
  endfacet
  facet normal 1 0 0
    outer loop
      vertex 24.05 -5.60765 6.27429
      vertex 24.05 5.60765 6.27429
      vertex 24.05 -5.54804 6.51228
    endloop
  endfacet
  facet normal 1 0 0
    outer loop
      vertex 24.05 5.60765 6.27429
      vertex 24.05 -5.60765 6.27429
      vertex 24.05 5.6903 6.04329
    endloop
  endfacet
  facet normal 1 0 0
    outer loop
      vertex 24.05 -5.6903 6.04329
      vertex 24.05 5.6903 6.04329
      vertex 24.05 -5.60765 6.27429
    endloop
  endfacet
  facet normal 1 0 0
    outer loop
      vertex 24.05 5.6903 6.04329
      vertex 24.05 -5.6903 6.04329
      vertex 24.05 5.7952 5.82151
    endloop
  endfacet
  facet normal 1 0 0
    outer loop
      vertex 24.05 -5.7952 5.82151
      vertex 24.05 5.7952 5.82151
      vertex 24.05 -5.6903 6.04329
    endloop
  endfacet
  facet normal 1 0 0
    outer loop
      vertex 24.05 5.7952 5.82151
      vertex 24.05 -5.7952 5.82151
      vertex 24.05 5.92133 5.61107
    endloop
  endfacet
  facet normal 1 0 0
    outer loop
      vertex 24.05 -5.92133 5.61107
      vertex 24.05 5.92133 5.61107
      vertex 24.05 -5.7952 5.82151
    endloop
  endfacet
  facet normal 1 0 0
    outer loop
      vertex 24.05 5.92133 5.61107
      vertex 24.05 -5.92133 5.61107
      vertex 24.05 6.06747 5.41402
    endloop
  endfacet
  facet normal 1 0 0
    outer loop
      vertex 24.05 -6.06747 5.41402
      vertex 24.05 6.06747 5.41402
      vertex 24.05 -5.92133 5.61107
    endloop
  endfacet
  facet normal 1 0 0
    outer loop
      vertex 24.05 6.06747 5.41402
      vertex 24.05 -6.06747 5.41402
      vertex 24.05 6.23223 5.23223
    endloop
  endfacet
  facet normal 1 0 0
    outer loop
      vertex 24.05 -6.23223 5.23223
      vertex 24.05 6.23223 5.23223
      vertex 24.05 -6.06747 5.41402
    endloop
  endfacet
  facet normal 1 0 0
    outer loop
      vertex 24.05 6.23223 5.23223
      vertex 24.05 -6.23223 5.23223
      vertex 24.05 6.41402 5.06747
    endloop
  endfacet
  facet normal 1 0 0
    outer loop
      vertex 24.05 -6.41402 5.06747
      vertex 24.05 6.41402 5.06747
      vertex 24.05 -6.23223 5.23223
    endloop
  endfacet
  facet normal 1 0 0
    outer loop
      vertex 24.05 -6.61107 4.92133
      vertex 24.05 6.41402 5.06747
      vertex 24.05 -6.41402 5.06747
    endloop
  endfacet
  facet normal 1 0 0
    outer loop
      vertex 24.05 6.61107 4.92133
      vertex 24.05 -6.61107 4.92133
      vertex 24.05 -6.82151 4.7952
    endloop
  endfacet
  facet normal 1 0 0
    outer loop
      vertex 24.05 6.82151 4.7952
      vertex 24.05 -6.82151 4.7952
      vertex 24.05 12.65 3.8147e-07
    endloop
  endfacet
  facet normal 1 0 0
    outer loop
      vertex 24.05 -12.65 3.8147e-07
      vertex 24.05 -6.82151 4.7952
      vertex 24.05 -7.04329 4.6903
    endloop
  endfacet
  facet normal 1 0 0
    outer loop
      vertex 24.05 -12.65 3.8147e-07
      vertex 24.05 -7.04329 4.6903
      vertex 24.05 -7.27429 4.60765
    endloop
  endfacet
  facet normal 1 0 0
    outer loop
      vertex 24.05 -12.65 3.8147e-07
      vertex 24.05 -7.27429 4.60765
      vertex 24.05 -7.51227 4.54804
    endloop
  endfacet
  facet normal 1 0 0
    outer loop
      vertex 24.05 -12.65 3.8147e-07
      vertex 24.05 -7.51227 4.54804
      vertex 24.05 -7.75496 4.51204
    endloop
  endfacet
  facet normal 1 0 0
    outer loop
      vertex 24.05 -12.65 3.8147e-07
      vertex 24.05 -7.75496 4.51204
      vertex 24.05 -8 4.5
    endloop
  endfacet
  facet normal 1 0 0
    outer loop
      vertex 24.05 -12.65 3.8147e-07
      vertex 24.05 -8 4.5
      vertex 24.05 -8.24504 4.51204
    endloop
  endfacet
  facet normal 1 0 0
    outer loop
      vertex 24.05 -12.65 3.8147e-07
      vertex 24.05 -8.24504 4.51204
      vertex 24.05 -8.48773 4.54804
    endloop
  endfacet
  facet normal 1 0 0
    outer loop
      vertex 24.05 -10.488 7.24504
      vertex 24.05 -12.65 3.8147e-07
      vertex 24.05 -10.5 7
    endloop
  endfacet
  facet normal 1 0 0
    outer loop
      vertex 24.05 -6.82151 4.7952
      vertex 24.05 -12.65 3.8147e-07
      vertex 24.05 12.65 3.8147e-07
    endloop
  endfacet
  facet normal 1 0 0
    outer loop
      vertex 24.05 -8.72571 4.60765
      vertex 24.05 -12.65 3.8147e-07
      vertex 24.05 -8.48773 4.54804
    endloop
  endfacet
  facet normal 1 0 0
    outer loop
      vertex 24.05 -8.95671 4.6903
      vertex 24.05 -12.65 3.8147e-07
      vertex 24.05 -8.72571 4.60765
    endloop
  endfacet
  facet normal 1 0 0
    outer loop
      vertex 24.05 -9.17849 4.7952
      vertex 24.05 -12.65 3.8147e-07
      vertex 24.05 -8.95671 4.6903
    endloop
  endfacet
  facet normal 1 0 0
    outer loop
      vertex 24.05 -9.38893 4.92133
      vertex 24.05 -12.65 3.8147e-07
      vertex 24.05 -9.17849 4.7952
    endloop
  endfacet
  facet normal 1 0 0
    outer loop
      vertex 24.05 -9.58598 5.06747
      vertex 24.05 -12.65 3.8147e-07
      vertex 24.05 -9.38893 4.92133
    endloop
  endfacet
  facet normal 1 0 0
    outer loop
      vertex 24.05 -9.76777 5.23223
      vertex 24.05 -12.65 3.8147e-07
      vertex 24.05 -9.58598 5.06747
    endloop
  endfacet
  facet normal 1 0 0
    outer loop
      vertex 24.05 -9.93253 5.41402
      vertex 24.05 -12.65 3.8147e-07
      vertex 24.05 -9.76777 5.23223
    endloop
  endfacet
  facet normal 1 0 0
    outer loop
      vertex 24.05 -10.0787 5.61107
      vertex 24.05 -12.65 3.8147e-07
      vertex 24.05 -9.93253 5.41402
    endloop
  endfacet
  facet normal 1 0 0
    outer loop
      vertex 24.05 -10.2048 5.82151
      vertex 24.05 -12.65 3.8147e-07
      vertex 24.05 -10.0787 5.61107
    endloop
  endfacet
  facet normal 1 0 0
    outer loop
      vertex 24.05 -10.3097 6.04329
      vertex 24.05 -12.65 3.8147e-07
      vertex 24.05 -10.2048 5.82151
    endloop
  endfacet
  facet normal 1 0 0
    outer loop
      vertex 24.05 -10.3924 6.27429
      vertex 24.05 -12.65 3.8147e-07
      vertex 24.05 -10.3097 6.04329
    endloop
  endfacet
  facet normal 1 0 0
    outer loop
      vertex 24.05 -10.452 6.51228
      vertex 24.05 -12.65 3.8147e-07
      vertex 24.05 -10.3924 6.27429
    endloop
  endfacet
  facet normal 1 0 0
    outer loop
      vertex 24.05 -10.488 6.75496
      vertex 24.05 -12.65 3.8147e-07
      vertex 24.05 -10.452 6.51228
    endloop
  endfacet
  facet normal 1 0 0
    outer loop
      vertex 24.05 -10.5 7
      vertex 24.05 -12.65 3.8147e-07
      vertex 24.05 -10.488 6.75496
    endloop
  endfacet
  facet normal 0.9038 -0.427955 0
    outer loop
      vertex 23.8138 -13.5928 34.4
      vertex 23.8978 -13.4154 3.8147e-07
      vertex 23.8978 -13.4154 34.4
    endloop
  endfacet
  facet normal 0.9038 -0.427955 0
    outer loop
      vertex 23.8978 -13.4154 3.8147e-07
      vertex 23.8138 -13.5928 34.4
      vertex 23.8138 -13.5928 3.8147e-07
    endloop
  endfacet
  facet normal 0.998803 0.0489209 0
    outer loop
      vertex 24.05 12.65 34.4
      vertex 24.0404 12.846 3.8147e-07
      vertex 24.0404 12.846 34.4
    endloop
  endfacet
  facet normal 0.998803 0.0489209 0
    outer loop
      vertex 24.0404 12.846 3.8147e-07
      vertex 24.05 12.65 34.4
      vertex 24.05 12.65 3.8147e-07
    endloop
  endfacet
  facet normal 0.857673 0.514196 0
    outer loop
      vertex 23.8138 13.5928 34.4
      vertex 23.7129 13.7611 3.8147e-07
      vertex 23.7129 13.7611 34.4
    endloop
  endfacet
  facet normal 0.857673 0.514196 0
    outer loop
      vertex 23.7129 13.7611 3.8147e-07
      vertex 23.8138 13.5928 34.4
      vertex 23.8138 13.5928 3.8147e-07
    endloop
  endfacet
  facet normal 0.970023 0.243015 0
    outer loop
      vertex 24.0116 13.0402 34.4
      vertex 23.9639 13.2306 3.8147e-07
      vertex 23.9639 13.2306 34.4
    endloop
  endfacet
  facet normal 0.970023 0.243015 0
    outer loop
      vertex 23.9639 13.2306 3.8147e-07
      vertex 24.0116 13.0402 34.4
      vertex 24.0116 13.0402 3.8147e-07
    endloop
  endfacet
  facet normal 0 1 -0
    outer loop
      vertex -20 14.65 4
      vertex -50.65 14.65 12
      vertex -20 14.65 17.9
    endloop
  endfacet
  facet normal 0 1 0
    outer loop
      vertex -50.65 14.65 12
      vertex -20 14.65 4
      vertex -50.65 14.65 4
    endloop
  endfacet
  facet normal 0 1 0
    outer loop
      vertex 22.05 14.65 34.4
      vertex 13.8 14.65 19.9
      vertex 13.8 14.65 34.4
    endloop
  endfacet
  facet normal 0 1 0
    outer loop
      vertex -20 14.65 17.9
      vertex 13.8 14.65 19.9
      vertex -8 14.65 17.9
    endloop
  endfacet
  facet normal 0 1 0
    outer loop
      vertex 11.05 14.65 12
      vertex 13.8 14.65 19.9
      vertex 20.05 14.65 12
    endloop
  endfacet
  facet normal 0 1 0
    outer loop
      vertex 22.05 14.65 34.4
      vertex 20.05 14.65 12
      vertex 13.8 14.65 19.9
    endloop
  endfacet
  facet normal 0 1 -0
    outer loop
      vertex 22.05 14.65 3.8147e-07
      vertex 20.05 14.65 12
      vertex 22.05 14.65 34.4
    endloop
  endfacet
  facet normal 0 1 0
    outer loop
      vertex 22.05 14.65 3.8147e-07
      vertex 11.05 14.65 4
      vertex 20.05 14.65 4
    endloop
  endfacet
  facet normal 0 1 0
    outer loop
      vertex 11.05 14.65 4
      vertex 22.05 14.65 3.8147e-07
      vertex -8 14.65 4
    endloop
  endfacet
  facet normal 0 1 0
    outer loop
      vertex -8 14.65 4
      vertex 22.05 14.65 3.8147e-07
      vertex -20 14.65 4
    endloop
  endfacet
  facet normal 0 1 0
    outer loop
      vertex -61.65 14.65 3.8147e-07
      vertex -20 14.65 4
      vertex 22.05 14.65 3.8147e-07
    endloop
  endfacet
  facet normal 0 1 0
    outer loop
      vertex -20 14.65 4
      vertex -61.65 14.65 3.8147e-07
      vertex -50.65 14.65 4
    endloop
  endfacet
  facet normal 0 1 0
    outer loop
      vertex 20.05 14.65 12
      vertex 22.05 14.65 3.8147e-07
      vertex 20.05 14.65 4
    endloop
  endfacet
  facet normal 0 1 0
    outer loop
      vertex 13.8 14.65 19.9
      vertex -20 14.65 17.9
      vertex -61.65 14.65 19.9
    endloop
  endfacet
  facet normal 0 1 -0
    outer loop
      vertex -50.65 14.65 12
      vertex -61.65 14.65 19.9
      vertex -20 14.65 17.9
    endloop
  endfacet
  facet normal 0 1 -0
    outer loop
      vertex -59.65 14.65 12
      vertex -61.65 14.65 19.9
      vertex -50.65 14.65 12
    endloop
  endfacet
  facet normal 0 1 0
    outer loop
      vertex -61.65 14.65 3.8147e-07
      vertex -59.65 14.65 12
      vertex -59.65 14.65 4
    endloop
  endfacet
  facet normal 0 1 0
    outer loop
      vertex -59.65 14.65 12
      vertex -61.65 14.65 3.8147e-07
      vertex -61.65 14.65 19.9
    endloop
  endfacet
  facet normal 0 1 0
    outer loop
      vertex -50.65 14.65 4
      vertex -61.65 14.65 3.8147e-07
      vertex -59.65 14.65 4
    endloop
  endfacet
  facet normal 0 1 0
    outer loop
      vertex 13.8 14.65 19.9
      vertex 11.05 14.65 12
      vertex -8 14.65 17.9
    endloop
  endfacet
  facet normal 0 1 0
    outer loop
      vertex -8 14.65 4
      vertex 11.05 14.65 12
      vertex 11.05 14.65 4
    endloop
  endfacet
  facet normal 0 1 0
    outer loop
      vertex 11.05 14.65 12
      vertex -8 14.65 4
      vertex -8 14.65 17.9
    endloop
  endfacet
  facet normal 0 1 -0
    outer loop
      vertex -8.6 14.65 4.6
      vertex -19.4 14.65 17.3
      vertex -8.6 14.65 17.3
    endloop
  endfacet
  facet normal 0 1 0
    outer loop
      vertex -19.4 14.65 17.3
      vertex -8.6 14.65 4.6
      vertex -19.4 14.65 4.6
    endloop
  endfacet
  facet normal -0.857673 0.514196 0
    outer loop
      vertex -63.4138 13.5928 3.8147e-07
      vertex -63.3129 13.7611 19.9
      vertex -63.3129 13.7611 3.8147e-07
    endloop
  endfacet
  facet normal -0.857673 0.514196 0
    outer loop
      vertex -63.3129 13.7611 19.9
      vertex -63.4138 13.5928 3.8147e-07
      vertex -63.4138 13.5928 19.9
    endloop
  endfacet
  facet normal -0.671607 -0.740908 0
    outer loop
      vertex -63.0642 -14.0642 3.8147e-07
      vertex -62.9188 -14.196 19.9
      vertex -63.0642 -14.0642 19.9
    endloop
  endfacet
  facet normal -0.671607 -0.740908 -0
    outer loop
      vertex -62.9188 -14.196 19.9
      vertex -63.0642 -14.0642 3.8147e-07
      vertex -62.9188 -14.196 3.8147e-07
    endloop
  endfacet
  facet normal -0.740908 -0.671607 0
    outer loop
      vertex -63.0642 -14.0642 3.8147e-07
      vertex -63.196 -13.9188 19.9
      vertex -63.196 -13.9188 3.8147e-07
    endloop
  endfacet
  facet normal -0.740908 -0.671607 0
    outer loop
      vertex -63.196 -13.9188 19.9
      vertex -63.0642 -14.0642 3.8147e-07
      vertex -63.0642 -14.0642 19.9
    endloop
  endfacet
  facet normal -0.146696 -0.989182 0
    outer loop
      vertex -62.0402 -14.6116 3.8147e-07
      vertex -61.846 -14.6404 19.9
      vertex -62.0402 -14.6116 19.9
    endloop
  endfacet
  facet normal -0.146696 -0.989182 -0
    outer loop
      vertex -61.846 -14.6404 19.9
      vertex -62.0402 -14.6116 3.8147e-07
      vertex -61.846 -14.6404 3.8147e-07
    endloop
  endfacet
  facet normal 0.740908 -0.671607 0
    outer loop
      vertex 23.4642 -14.0642 34.4
      vertex 23.596 -13.9188 3.8147e-07
      vertex 23.596 -13.9188 34.4
    endloop
  endfacet
  facet normal 0.740908 -0.671607 0
    outer loop
      vertex 23.596 -13.9188 3.8147e-07
      vertex 23.4642 -14.0642 34.4
      vertex 23.4642 -14.0642 3.8147e-07
    endloop
  endfacet
  facet normal -0.80335 -0.595508 0
    outer loop
      vertex -63.196 -13.9188 3.8147e-07
      vertex -63.3129 -13.7611 19.9
      vertex -63.3129 -13.7611 3.8147e-07
    endloop
  endfacet
  facet normal -0.80335 -0.595508 0
    outer loop
      vertex -63.3129 -13.7611 19.9
      vertex -63.196 -13.9188 3.8147e-07
      vertex -63.196 -13.9188 19.9
    endloop
  endfacet
  facet normal 0 0 -1
    outer loop
      vertex 22.05 -14.65 3.8147e-07
      vertex 24.05 -12.65 3.8147e-07
      vertex 24.0404 -12.846 3.8147e-07
    endloop
  endfacet
  facet normal 0 0 -1
    outer loop
      vertex 24.05 -12.65 3.8147e-07
      vertex 22.1 0 3.8147e-07
      vertex 24.05 12.65 3.8147e-07
    endloop
  endfacet
  facet normal 0 0 -1
    outer loop
      vertex 22.05 -14.65 3.8147e-07
      vertex 24.0404 -12.846 3.8147e-07
      vertex 24.0116 -13.0402 3.8147e-07
    endloop
  endfacet
  facet normal 0 0 -1
    outer loop
      vertex 22.094 0.122521 3.8147e-07
      vertex 24.05 12.65 3.8147e-07
      vertex 22.1 0 3.8147e-07
    endloop
  endfacet
  facet normal 0 0 -1
    outer loop
      vertex 22.05 -14.65 3.8147e-07
      vertex 24.0116 -13.0402 3.8147e-07
      vertex 23.9639 -13.2306 3.8147e-07
    endloop
  endfacet
  facet normal 0 0 -1
    outer loop
      vertex 22.076 0.243862 3.8147e-07
      vertex 24.05 12.65 3.8147e-07
      vertex 22.094 0.122521 3.8147e-07
    endloop
  endfacet
  facet normal 0 0 -1
    outer loop
      vertex 22.05 -14.65 3.8147e-07
      vertex 23.9639 -13.2306 3.8147e-07
      vertex 23.8978 -13.4154 3.8147e-07
    endloop
  endfacet
  facet normal 0 0 -1
    outer loop
      vertex 22.0462 0.362855 3.8147e-07
      vertex 24.05 12.65 3.8147e-07
      vertex 22.076 0.243862 3.8147e-07
    endloop
  endfacet
  facet normal 0 0 -1
    outer loop
      vertex 22.05 -14.65 3.8147e-07
      vertex 23.8978 -13.4154 3.8147e-07
      vertex 23.8138 -13.5928 3.8147e-07
    endloop
  endfacet
  facet normal 0 0 -1
    outer loop
      vertex 22.0048 0.478354 3.8147e-07
      vertex 24.05 12.65 3.8147e-07
      vertex 22.0462 0.362855 3.8147e-07
    endloop
  endfacet
  facet normal 0 0 -1
    outer loop
      vertex 22.05 -14.65 3.8147e-07
      vertex 23.8138 -13.5928 3.8147e-07
      vertex 23.7129 -13.7611 3.8147e-07
    endloop
  endfacet
  facet normal 0 0 -1
    outer loop
      vertex 21.9524 0.589246 3.8147e-07
      vertex 24.05 12.65 3.8147e-07
      vertex 22.0048 0.478354 3.8147e-07
    endloop
  endfacet
  facet normal 0 0 -1
    outer loop
      vertex 22.05 -14.65 3.8147e-07
      vertex 23.7129 -13.7611 3.8147e-07
      vertex 23.596 -13.9188 3.8147e-07
    endloop
  endfacet
  facet normal 0 0 -1
    outer loop
      vertex 21.8893 0.694463 3.8147e-07
      vertex 24.05 12.65 3.8147e-07
      vertex 21.9524 0.589246 3.8147e-07
    endloop
  endfacet
  facet normal 0 0 -1
    outer loop
      vertex 22.05 -14.65 3.8147e-07
      vertex 23.596 -13.9188 3.8147e-07
      vertex 23.4642 -14.0642 3.8147e-07
    endloop
  endfacet
  facet normal 0 0 -1
    outer loop
      vertex 21.8163 0.792991 3.8147e-07
      vertex 24.05 12.65 3.8147e-07
      vertex 21.8893 0.694463 3.8147e-07
    endloop
  endfacet
  facet normal 0 0 -1
    outer loop
      vertex 22.05 -14.65 3.8147e-07
      vertex 23.4642 -14.0642 3.8147e-07
      vertex 23.3188 -14.196 3.8147e-07
    endloop
  endfacet
  facet normal 0 0 -1
    outer loop
      vertex 21.7339 0.883883 3.8147e-07
      vertex 24.05 12.65 3.8147e-07
      vertex 21.8163 0.792991 3.8147e-07
    endloop
  endfacet
  facet normal 0 0 -1
    outer loop
      vertex 22.05 -14.65 3.8147e-07
      vertex 23.3188 -14.196 3.8147e-07
      vertex 23.1611 -14.3129 3.8147e-07
    endloop
  endfacet
  facet normal 0 0 -1
    outer loop
      vertex 21.643 0.966263 3.8147e-07
      vertex 24.05 12.65 3.8147e-07
      vertex 21.7339 0.883883 3.8147e-07
    endloop
  endfacet
  facet normal 0 0 -1
    outer loop
      vertex 22.05 -14.65 3.8147e-07
      vertex 23.1611 -14.3129 3.8147e-07
      vertex 22.9928 -14.4138 3.8147e-07
    endloop
  endfacet
  facet normal 0 0 -1
    outer loop
      vertex 21.5445 1.03934 3.8147e-07
      vertex 24.05 12.65 3.8147e-07
      vertex 21.643 0.966263 3.8147e-07
    endloop
  endfacet
  facet normal 0 0 -1
    outer loop
      vertex 22.05 -14.65 3.8147e-07
      vertex 22.9928 -14.4138 3.8147e-07
      vertex 22.8154 -14.4978 3.8147e-07
    endloop
  endfacet
  facet normal 0 0 -1
    outer loop
      vertex 21.4392 1.1024 3.8147e-07
      vertex 24.05 12.65 3.8147e-07
      vertex 21.5445 1.03934 3.8147e-07
    endloop
  endfacet
  facet normal 0 0 -1
    outer loop
      vertex 22.05 -14.65 3.8147e-07
      vertex 22.8154 -14.4978 3.8147e-07
      vertex 22.6306 -14.5639 3.8147e-07
    endloop
  endfacet
  facet normal 0 0 -1
    outer loop
      vertex 21.3284 1.15485 3.8147e-07
      vertex 24.05 12.65 3.8147e-07
      vertex 21.4392 1.1024 3.8147e-07
    endloop
  endfacet
  facet normal 0 0 -1
    outer loop
      vertex 22.05 -14.65 3.8147e-07
      vertex 22.6306 -14.5639 3.8147e-07
      vertex 22.4402 -14.6116 3.8147e-07
    endloop
  endfacet
  facet normal 0 0 -1
    outer loop
      vertex 21.2129 1.19617 3.8147e-07
      vertex 24.05 12.65 3.8147e-07
      vertex 21.3284 1.15485 3.8147e-07
    endloop
  endfacet
  facet normal 0 0 -1
    outer loop
      vertex 22.05 -14.65 3.8147e-07
      vertex 22.4402 -14.6116 3.8147e-07
      vertex 22.246 -14.6404 3.8147e-07
    endloop
  endfacet
  facet normal 0 0 -1
    outer loop
      vertex 21.0939 1.22598 3.8147e-07
      vertex 24.05 12.65 3.8147e-07
      vertex 21.2129 1.19617 3.8147e-07
    endloop
  endfacet
  facet normal 0 0 -1
    outer loop
      vertex 20.9725 1.24398 3.8147e-07
      vertex 24.05 12.65 3.8147e-07
      vertex 21.0939 1.22598 3.8147e-07
    endloop
  endfacet
  facet normal 0 0 -1
    outer loop
      vertex 24.05 -12.65 3.8147e-07
      vertex 22.094 -0.122521 3.8147e-07
      vertex 22.1 0 3.8147e-07
    endloop
  endfacet
  facet normal 0 0 -1
    outer loop
      vertex 24.05 -12.65 3.8147e-07
      vertex 22.076 -0.243862 3.8147e-07
      vertex 22.094 -0.122521 3.8147e-07
    endloop
  endfacet
  facet normal 0 0 -1
    outer loop
      vertex 24.05 -12.65 3.8147e-07
      vertex 22.05 -14.65 3.8147e-07
      vertex 17.65 -13.05 3.8147e-07
    endloop
  endfacet
  facet normal 0 0 -1
    outer loop
      vertex 24.05 -12.65 3.8147e-07
      vertex 22.0462 -0.362855 3.8147e-07
      vertex 22.076 -0.243862 3.8147e-07
    endloop
  endfacet
  facet normal 0 0 -1
    outer loop
      vertex 24.05 -12.65 3.8147e-07
      vertex 22.0048 -0.478354 3.8147e-07
      vertex 22.0462 -0.362855 3.8147e-07
    endloop
  endfacet
  facet normal 0 0 -1
    outer loop
      vertex 24.05 -12.65 3.8147e-07
      vertex 21.9524 -0.589246 3.8147e-07
      vertex 22.0048 -0.478354 3.8147e-07
    endloop
  endfacet
  facet normal 0 0 -1
    outer loop
      vertex 24.05 -12.65 3.8147e-07
      vertex 21.8893 -0.694463 3.8147e-07
      vertex 21.9524 -0.589246 3.8147e-07
    endloop
  endfacet
  facet normal 0 0 -1
    outer loop
      vertex 24.05 -12.65 3.8147e-07
      vertex 21.8163 -0.792991 3.8147e-07
      vertex 21.8893 -0.694463 3.8147e-07
    endloop
  endfacet
  facet normal 0 0 -1
    outer loop
      vertex 24.05 -12.65 3.8147e-07
      vertex 21.7339 -0.883883 3.8147e-07
      vertex 21.8163 -0.792991 3.8147e-07
    endloop
  endfacet
  facet normal 0 0 -1
    outer loop
      vertex 24.05 -12.65 3.8147e-07
      vertex 21.643 -0.966263 3.8147e-07
      vertex 21.7339 -0.883883 3.8147e-07
    endloop
  endfacet
  facet normal 0 0 -1
    outer loop
      vertex 24.05 -12.65 3.8147e-07
      vertex 21.5445 -1.03934 3.8147e-07
      vertex 21.643 -0.966263 3.8147e-07
    endloop
  endfacet
  facet normal 0 0 -1
    outer loop
      vertex 24.05 -12.65 3.8147e-07
      vertex 21.4392 -1.1024 3.8147e-07
      vertex 21.5445 -1.03934 3.8147e-07
    endloop
  endfacet
  facet normal 0 0 -1
    outer loop
      vertex 24.05 -12.65 3.8147e-07
      vertex 21.3284 -1.15485 3.8147e-07
      vertex 21.4392 -1.1024 3.8147e-07
    endloop
  endfacet
  facet normal 0 0 -1
    outer loop
      vertex 24.05 -12.65 3.8147e-07
      vertex 21.2129 -1.19617 3.8147e-07
      vertex 21.3284 -1.15485 3.8147e-07
    endloop
  endfacet
  facet normal 0 0 -1
    outer loop
      vertex 24.05 -12.65 3.8147e-07
      vertex 21.0939 -1.22598 3.8147e-07
      vertex 21.2129 -1.19617 3.8147e-07
    endloop
  endfacet
  facet normal 0 0 -1
    outer loop
      vertex 24.05 -12.65 3.8147e-07
      vertex 20.9725 -1.24398 3.8147e-07
      vertex 21.0939 -1.22598 3.8147e-07
    endloop
  endfacet
  facet normal -0 0 -1
    outer loop
      vertex 24.05 -12.65 3.8147e-07
      vertex 17.65 -13.05 3.8147e-07
      vertex 20.85 -1.25 3.8147e-07
    endloop
  endfacet
  facet normal 0 0 -1
    outer loop
      vertex 24.05 -12.65 3.8147e-07
      vertex 20.85 -1.25 3.8147e-07
      vertex 20.9725 -1.24398 3.8147e-07
    endloop
  endfacet
  facet normal -0 0 -1
    outer loop
      vertex 20.85 -1.25 3.8147e-07
      vertex 17.65 -13.05 3.8147e-07
      vertex 20.7275 -1.24398 3.8147e-07
    endloop
  endfacet
  facet normal -0 0 -1
    outer loop
      vertex 20.7275 -1.24398 3.8147e-07
      vertex 17.65 -13.05 3.8147e-07
      vertex 20.6061 -1.22598 3.8147e-07
    endloop
  endfacet
  facet normal -0 0 -1
    outer loop
      vertex 20.6061 -1.22598 3.8147e-07
      vertex 17.65 -13.05 3.8147e-07
      vertex 20.4871 -1.19617 3.8147e-07
    endloop
  endfacet
  facet normal -0 0 -1
    outer loop
      vertex 20.4871 -1.19617 3.8147e-07
      vertex 17.65 -13.05 3.8147e-07
      vertex 20.3716 -1.15485 3.8147e-07
    endloop
  endfacet
  facet normal -0 0 -1
    outer loop
      vertex 20.3716 -1.15485 3.8147e-07
      vertex 17.65 -13.05 3.8147e-07
      vertex 20.2608 -1.1024 3.8147e-07
    endloop
  endfacet
  facet normal -0 0 -1
    outer loop
      vertex 20.2608 -1.1024 3.8147e-07
      vertex 17.65 -13.05 3.8147e-07
      vertex 20.1555 -1.03934 3.8147e-07
    endloop
  endfacet
  facet normal -0 0 -1
    outer loop
      vertex 20.1555 -1.03934 3.8147e-07
      vertex 17.65 -13.05 3.8147e-07
      vertex 20.057 -0.966263 3.8147e-07
    endloop
  endfacet
  facet normal -0 0 -1
    outer loop
      vertex 20.057 -0.966263 3.8147e-07
      vertex 17.65 -13.05 3.8147e-07
      vertex 19.9661 -0.883883 3.8147e-07
    endloop
  endfacet
  facet normal -0 0 -1
    outer loop
      vertex 19.9661 -0.883883 3.8147e-07
      vertex 17.65 -13.05 3.8147e-07
      vertex 19.8837 -0.792991 3.8147e-07
    endloop
  endfacet
  facet normal -0 0 -1
    outer loop
      vertex 19.8837 -0.792991 3.8147e-07
      vertex 17.65 -13.05 3.8147e-07
      vertex 19.8107 -0.694463 3.8147e-07
    endloop
  endfacet
  facet normal -0 0 -1
    outer loop
      vertex 19.8107 -0.694463 3.8147e-07
      vertex 17.65 -13.05 3.8147e-07
      vertex 19.7476 -0.589246 3.8147e-07
    endloop
  endfacet
  facet normal -0 0 -1
    outer loop
      vertex 19.7476 -0.589246 3.8147e-07
      vertex 17.65 -13.05 3.8147e-07
      vertex 19.6952 -0.478354 3.8147e-07
    endloop
  endfacet
  facet normal -0 0 -1
    outer loop
      vertex 19.6952 -0.478354 3.8147e-07
      vertex 17.65 -13.05 3.8147e-07
      vertex 19.6538 -0.362855 3.8147e-07
    endloop
  endfacet
  facet normal -0 0 -1
    outer loop
      vertex 19.606 -0.122521 3.8147e-07
      vertex 17.65 -13.05 3.8147e-07
      vertex 19.6 0 3.8147e-07
    endloop
  endfacet
  facet normal -0 0 -1
    outer loop
      vertex 19.624 -0.243862 3.8147e-07
      vertex 17.65 -13.05 3.8147e-07
      vertex 19.606 -0.122521 3.8147e-07
    endloop
  endfacet
  facet normal -0 0 -1
    outer loop
      vertex 19.6538 -0.362855 3.8147e-07
      vertex 17.65 -13.05 3.8147e-07
      vertex 19.624 -0.243862 3.8147e-07
    endloop
  endfacet
  facet normal 0 0 -1
    outer loop
      vertex -61.65 -14.65 3.8147e-07
      vertex 17.65 -13.05 3.8147e-07
      vertex 22.05 -14.65 3.8147e-07
    endloop
  endfacet
  facet normal 0 0 -1
    outer loop
      vertex -62.05 -13.05 3.8147e-07
      vertex -61.65 -14.65 3.8147e-07
      vertex -61.846 -14.6404 3.8147e-07
    endloop
  endfacet
  facet normal 0 0 -1
    outer loop
      vertex -62.05 -13.05 3.8147e-07
      vertex -61.846 -14.6404 3.8147e-07
      vertex -62.0402 -14.6116 3.8147e-07
    endloop
  endfacet
  facet normal 0 0 -1
    outer loop
      vertex -61.65 -14.65 3.8147e-07
      vertex -62.05 -13.05 3.8147e-07
      vertex 17.65 -13.05 3.8147e-07
    endloop
  endfacet
  facet normal 0 0 -1
    outer loop
      vertex -62.4154 -14.4978 3.8147e-07
      vertex -62.05 -13.05 3.8147e-07
      vertex -62.2306 -14.5639 3.8147e-07
    endloop
  endfacet
  facet normal 0 0 -1
    outer loop
      vertex -62.2306 -14.5639 3.8147e-07
      vertex -62.05 -13.05 3.8147e-07
      vertex -62.0402 -14.6116 3.8147e-07
    endloop
  endfacet
  facet normal 0 0 -1
    outer loop
      vertex 20.85 1.25 3.8147e-07
      vertex 24.05 12.65 3.8147e-07
      vertex 20.9725 1.24398 3.8147e-07
    endloop
  endfacet
  facet normal 0 0 -1
    outer loop
      vertex 17.65 13.05 3.8147e-07
      vertex 24.05 12.65 3.8147e-07
      vertex 20.85 1.25 3.8147e-07
    endloop
  endfacet
  facet normal 0 -0 -1
    outer loop
      vertex 22.05 14.65 3.8147e-07
      vertex 24.05 12.65 3.8147e-07
      vertex 17.65 13.05 3.8147e-07
    endloop
  endfacet
  facet normal 0 0 -1
    outer loop
      vertex 24.05 12.65 3.8147e-07
      vertex 22.05 14.65 3.8147e-07
      vertex 24.0404 12.846 3.8147e-07
    endloop
  endfacet
  facet normal 0 0 -1
    outer loop
      vertex 24.0404 12.846 3.8147e-07
      vertex 22.05 14.65 3.8147e-07
      vertex 24.0116 13.0402 3.8147e-07
    endloop
  endfacet
  facet normal 0 0 -1
    outer loop
      vertex 23.9639 13.2306 3.8147e-07
      vertex 22.05 14.65 3.8147e-07
      vertex 23.8978 13.4154 3.8147e-07
    endloop
  endfacet
  facet normal 0 0 -1
    outer loop
      vertex 23.8978 13.4154 3.8147e-07
      vertex 22.05 14.65 3.8147e-07
      vertex 23.8138 13.5928 3.8147e-07
    endloop
  endfacet
  facet normal 0 0 -1
    outer loop
      vertex 23.8138 13.5928 3.8147e-07
      vertex 22.05 14.65 3.8147e-07
      vertex 23.7129 13.7611 3.8147e-07
    endloop
  endfacet
  facet normal 0 0 -1
    outer loop
      vertex 23.7129 13.7611 3.8147e-07
      vertex 22.05 14.65 3.8147e-07
      vertex 23.596 13.9188 3.8147e-07
    endloop
  endfacet
  facet normal 0 0 -1
    outer loop
      vertex 23.596 13.9188 3.8147e-07
      vertex 22.05 14.65 3.8147e-07
      vertex 23.4642 14.0642 3.8147e-07
    endloop
  endfacet
  facet normal 0 0 -1
    outer loop
      vertex 23.4642 14.0642 3.8147e-07
      vertex 22.05 14.65 3.8147e-07
      vertex 23.3188 14.196 3.8147e-07
    endloop
  endfacet
  facet normal 0 0 -1
    outer loop
      vertex 23.3188 14.196 3.8147e-07
      vertex 22.05 14.65 3.8147e-07
      vertex 23.1611 14.3129 3.8147e-07
    endloop
  endfacet
  facet normal 0 0 -1
    outer loop
      vertex 23.1611 14.3129 3.8147e-07
      vertex 22.05 14.65 3.8147e-07
      vertex 22.9928 14.4138 3.8147e-07
    endloop
  endfacet
  facet normal 0 0 -1
    outer loop
      vertex 22.9928 14.4138 3.8147e-07
      vertex 22.05 14.65 3.8147e-07
      vertex 22.8154 14.4978 3.8147e-07
    endloop
  endfacet
  facet normal 0 0 -1
    outer loop
      vertex 22.8154 14.4978 3.8147e-07
      vertex 22.05 14.65 3.8147e-07
      vertex 22.6306 14.5639 3.8147e-07
    endloop
  endfacet
  facet normal 0 0 -1
    outer loop
      vertex 22.6306 14.5639 3.8147e-07
      vertex 22.05 14.65 3.8147e-07
      vertex 22.4402 14.6116 3.8147e-07
    endloop
  endfacet
  facet normal 0 0 -1
    outer loop
      vertex 24.0116 13.0402 3.8147e-07
      vertex 22.05 14.65 3.8147e-07
      vertex 23.9639 13.2306 3.8147e-07
    endloop
  endfacet
  facet normal 0 0 -1
    outer loop
      vertex 17.65 13.05 3.8147e-07
      vertex 20.85 1.25 3.8147e-07
      vertex 20.7275 1.24398 3.8147e-07
    endloop
  endfacet
  facet normal 0 0 -1
    outer loop
      vertex 17.65 13.05 3.8147e-07
      vertex 20.7275 1.24398 3.8147e-07
      vertex 20.6061 1.22598 3.8147e-07
    endloop
  endfacet
  facet normal 0 0 -1
    outer loop
      vertex 17.65 13.05 3.8147e-07
      vertex 20.6061 1.22598 3.8147e-07
      vertex 20.4871 1.19617 3.8147e-07
    endloop
  endfacet
  facet normal 0 0 -1
    outer loop
      vertex 17.65 13.05 3.8147e-07
      vertex 20.4871 1.19617 3.8147e-07
      vertex 20.3716 1.15485 3.8147e-07
    endloop
  endfacet
  facet normal 0 0 -1
    outer loop
      vertex 17.65 13.05 3.8147e-07
      vertex 20.3716 1.15485 3.8147e-07
      vertex 20.2608 1.1024 3.8147e-07
    endloop
  endfacet
  facet normal 0 0 -1
    outer loop
      vertex 17.65 13.05 3.8147e-07
      vertex 20.2608 1.1024 3.8147e-07
      vertex 20.1555 1.03934 3.8147e-07
    endloop
  endfacet
  facet normal 0 0 -1
    outer loop
      vertex 17.65 13.05 3.8147e-07
      vertex 20.1555 1.03934 3.8147e-07
      vertex 20.057 0.966263 3.8147e-07
    endloop
  endfacet
  facet normal 0 0 -1
    outer loop
      vertex 17.65 13.05 3.8147e-07
      vertex 20.057 0.966263 3.8147e-07
      vertex 19.9661 0.883883 3.8147e-07
    endloop
  endfacet
  facet normal 0 0 -1
    outer loop
      vertex 17.65 13.05 3.8147e-07
      vertex 19.9661 0.883883 3.8147e-07
      vertex 19.8837 0.792991 3.8147e-07
    endloop
  endfacet
  facet normal 0 0 -1
    outer loop
      vertex 17.65 13.05 3.8147e-07
      vertex 19.8837 0.792991 3.8147e-07
      vertex 19.8107 0.694463 3.8147e-07
    endloop
  endfacet
  facet normal 0 0 -1
    outer loop
      vertex 17.65 13.05 3.8147e-07
      vertex 19.8107 0.694463 3.8147e-07
      vertex 19.7476 0.589246 3.8147e-07
    endloop
  endfacet
  facet normal 0 0 -1
    outer loop
      vertex 17.65 13.05 3.8147e-07
      vertex 19.7476 0.589246 3.8147e-07
      vertex 19.6952 0.478354 3.8147e-07
    endloop
  endfacet
  facet normal 0 0 -1
    outer loop
      vertex 17.65 13.05 3.8147e-07
      vertex 19.6952 0.478354 3.8147e-07
      vertex 19.6538 0.362855 3.8147e-07
    endloop
  endfacet
  facet normal 0 0 -1
    outer loop
      vertex 17.65 13.05 3.8147e-07
      vertex 19.6538 0.362855 3.8147e-07
      vertex 19.624 0.243862 3.8147e-07
    endloop
  endfacet
  facet normal 0 0 -1
    outer loop
      vertex 17.65 13.05 3.8147e-07
      vertex 19.6 0 3.8147e-07
      vertex 17.65 -13.05 3.8147e-07
    endloop
  endfacet
  facet normal 0 0 -1
    outer loop
      vertex 19.6 0 3.8147e-07
      vertex 17.65 13.05 3.8147e-07
      vertex 19.606 0.122521 3.8147e-07
    endloop
  endfacet
  facet normal 0 0 -1
    outer loop
      vertex 19.606 0.122521 3.8147e-07
      vertex 17.65 13.05 3.8147e-07
      vertex 19.624 0.243862 3.8147e-07
    endloop
  endfacet
  facet normal 0 0 -1
    outer loop
      vertex 22.4402 14.6116 3.8147e-07
      vertex 22.05 14.65 3.8147e-07
      vertex 22.246 14.6404 3.8147e-07
    endloop
  endfacet
  facet normal 0 0 -1
    outer loop
      vertex 17.65 13.05 3.8147e-07
      vertex -61.65 14.65 3.8147e-07
      vertex 22.05 14.65 3.8147e-07
    endloop
  endfacet
  facet normal 0 0 -1
    outer loop
      vertex -62.05 13.05 3.8147e-07
      vertex -61.65 14.65 3.8147e-07
      vertex 17.65 13.05 3.8147e-07
    endloop
  endfacet
  facet normal 0 0 -1
    outer loop
      vertex -61.65 14.65 3.8147e-07
      vertex -62.05 13.05 3.8147e-07
      vertex -61.846 14.6404 3.8147e-07
    endloop
  endfacet
  facet normal 0 0 -1
    outer loop
      vertex -61.846 14.6404 3.8147e-07
      vertex -62.05 13.05 3.8147e-07
      vertex -62.0402 14.6116 3.8147e-07
    endloop
  endfacet
  facet normal 0 0 -1
    outer loop
      vertex -62.05 -13.05 3.8147e-07
      vertex -63.65 -12.65 3.8147e-07
      vertex -62.05 13.05 3.8147e-07
    endloop
  endfacet
  facet normal 0 0 -1
    outer loop
      vertex -63.65 12.65 3.8147e-07
      vertex -62.05 13.05 3.8147e-07
      vertex -63.65 -12.65 3.8147e-07
    endloop
  endfacet
  facet normal 0 0 -1
    outer loop
      vertex -62.5928 -14.4138 3.8147e-07
      vertex -62.05 -13.05 3.8147e-07
      vertex -62.4154 -14.4978 3.8147e-07
    endloop
  endfacet
  facet normal 0 -0 -1
    outer loop
      vertex -63.6404 12.846 3.8147e-07
      vertex -62.05 13.05 3.8147e-07
      vertex -63.65 12.65 3.8147e-07
    endloop
  endfacet
  facet normal 0 0 -1
    outer loop
      vertex -62.7611 -14.3129 3.8147e-07
      vertex -62.05 -13.05 3.8147e-07
      vertex -62.5928 -14.4138 3.8147e-07
    endloop
  endfacet
  facet normal 0 0 -1
    outer loop
      vertex -62.05 13.05 3.8147e-07
      vertex -62.2306 14.5639 3.8147e-07
      vertex -62.0402 14.6116 3.8147e-07
    endloop
  endfacet
  facet normal 0 0 -1
    outer loop
      vertex -62.9188 -14.196 3.8147e-07
      vertex -62.05 -13.05 3.8147e-07
      vertex -62.7611 -14.3129 3.8147e-07
    endloop
  endfacet
  facet normal 0 0 -1
    outer loop
      vertex -62.05 13.05 3.8147e-07
      vertex -62.4154 14.4978 3.8147e-07
      vertex -62.2306 14.5639 3.8147e-07
    endloop
  endfacet
  facet normal 0 0 -1
    outer loop
      vertex -63.0642 -14.0642 3.8147e-07
      vertex -62.05 -13.05 3.8147e-07
      vertex -62.9188 -14.196 3.8147e-07
    endloop
  endfacet
  facet normal 0 0 -1
    outer loop
      vertex -62.05 13.05 3.8147e-07
      vertex -62.5928 14.4138 3.8147e-07
      vertex -62.4154 14.4978 3.8147e-07
    endloop
  endfacet
  facet normal 0 0 -1
    outer loop
      vertex -63.196 -13.9188 3.8147e-07
      vertex -62.05 -13.05 3.8147e-07
      vertex -63.0642 -14.0642 3.8147e-07
    endloop
  endfacet
  facet normal 0 0 -1
    outer loop
      vertex -62.05 13.05 3.8147e-07
      vertex -62.7611 14.3129 3.8147e-07
      vertex -62.5928 14.4138 3.8147e-07
    endloop
  endfacet
  facet normal 0 0 -1
    outer loop
      vertex -63.3129 -13.7611 3.8147e-07
      vertex -62.05 -13.05 3.8147e-07
      vertex -63.196 -13.9188 3.8147e-07
    endloop
  endfacet
  facet normal 0 0 -1
    outer loop
      vertex -62.05 13.05 3.8147e-07
      vertex -62.9188 14.196 3.8147e-07
      vertex -62.7611 14.3129 3.8147e-07
    endloop
  endfacet
  facet normal 0 0 -1
    outer loop
      vertex -63.4138 -13.5928 3.8147e-07
      vertex -62.05 -13.05 3.8147e-07
      vertex -63.3129 -13.7611 3.8147e-07
    endloop
  endfacet
  facet normal 0 0 -1
    outer loop
      vertex -62.05 13.05 3.8147e-07
      vertex -63.0642 14.0642 3.8147e-07
      vertex -62.9188 14.196 3.8147e-07
    endloop
  endfacet
  facet normal 0 0 -1
    outer loop
      vertex -63.4978 -13.4154 3.8147e-07
      vertex -62.05 -13.05 3.8147e-07
      vertex -63.4138 -13.5928 3.8147e-07
    endloop
  endfacet
  facet normal 0 0 -1
    outer loop
      vertex -62.05 13.05 3.8147e-07
      vertex -63.196 13.9188 3.8147e-07
      vertex -63.0642 14.0642 3.8147e-07
    endloop
  endfacet
  facet normal 0 0 -1
    outer loop
      vertex -63.5639 -13.2306 3.8147e-07
      vertex -62.05 -13.05 3.8147e-07
      vertex -63.4978 -13.4154 3.8147e-07
    endloop
  endfacet
  facet normal 0 0 -1
    outer loop
      vertex -62.05 13.05 3.8147e-07
      vertex -63.3129 13.7611 3.8147e-07
      vertex -63.196 13.9188 3.8147e-07
    endloop
  endfacet
  facet normal 0 0 -1
    outer loop
      vertex -63.6116 -13.0402 3.8147e-07
      vertex -62.05 -13.05 3.8147e-07
      vertex -63.5639 -13.2306 3.8147e-07
    endloop
  endfacet
  facet normal 0 0 -1
    outer loop
      vertex -62.05 13.05 3.8147e-07
      vertex -63.4138 13.5928 3.8147e-07
      vertex -63.3129 13.7611 3.8147e-07
    endloop
  endfacet
  facet normal 0 0 -1
    outer loop
      vertex -63.6404 -12.846 3.8147e-07
      vertex -62.05 -13.05 3.8147e-07
      vertex -63.6116 -13.0402 3.8147e-07
    endloop
  endfacet
  facet normal 0 0 -1
    outer loop
      vertex -62.05 13.05 3.8147e-07
      vertex -63.4978 13.4154 3.8147e-07
      vertex -63.4138 13.5928 3.8147e-07
    endloop
  endfacet
  facet normal 0 0 -1
    outer loop
      vertex -62.05 -13.05 3.8147e-07
      vertex -63.6404 -12.846 3.8147e-07
      vertex -63.65 -12.65 3.8147e-07
    endloop
  endfacet
  facet normal 0 0 -1
    outer loop
      vertex -62.05 13.05 3.8147e-07
      vertex -63.5639 13.2306 3.8147e-07
      vertex -63.4978 13.4154 3.8147e-07
    endloop
  endfacet
  facet normal -0 0 -1
    outer loop
      vertex -62.05 13.05 3.8147e-07
      vertex -63.6116 13.0402 3.8147e-07
      vertex -63.5639 13.2306 3.8147e-07
    endloop
  endfacet
  facet normal 0 0 -1
    outer loop
      vertex -62.05 13.05 3.8147e-07
      vertex -63.6404 12.846 3.8147e-07
      vertex -63.6116 13.0402 3.8147e-07
    endloop
  endfacet
  facet normal 0.740908 0.671607 0
    outer loop
      vertex 23.596 13.9188 34.4
      vertex 23.4642 14.0642 3.8147e-07
      vertex 23.4642 14.0642 34.4
    endloop
  endfacet
  facet normal 0.740908 0.671607 0
    outer loop
      vertex 23.4642 14.0642 3.8147e-07
      vertex 23.596 13.9188 34.4
      vertex 23.596 13.9188 3.8147e-07
    endloop
  endfacet
  facet normal -0.998803 -0.0489209 0
    outer loop
      vertex -63.6404 -12.846 3.8147e-07
      vertex -63.65 -12.65 19.9
      vertex -63.65 -12.65 3.8147e-07
    endloop
  endfacet
  facet normal -0.998803 -0.0489209 0
    outer loop
      vertex -63.65 -12.65 19.9
      vertex -63.6404 -12.846 3.8147e-07
      vertex -63.6404 -12.846 19.9
    endloop
  endfacet
  facet normal -0.94158 -0.336788 0
    outer loop
      vertex -63.4978 -13.4154 3.8147e-07
      vertex -63.5639 -13.2306 19.9
      vertex -63.5639 -13.2306 3.8147e-07
    endloop
  endfacet
  facet normal -0.94158 -0.336788 0
    outer loop
      vertex -63.5639 -13.2306 19.9
      vertex -63.4978 -13.4154 3.8147e-07
      vertex -63.4978 -13.4154 19.9
    endloop
  endfacet
  facet normal 0 -1 0
    outer loop
      vertex -8 -14.65 4
      vertex 11.05 -14.65 12
      vertex -8 -14.65 17.9
    endloop
  endfacet
  facet normal 0 -1 -0
    outer loop
      vertex 11.05 -14.65 12
      vertex -8 -14.65 4
      vertex 11.05 -14.65 4
    endloop
  endfacet
  facet normal 0 -1 0
    outer loop
      vertex -61.65 -14.65 19.9
      vertex -20 -14.65 17.9
      vertex 13.8 -14.65 19.9
    endloop
  endfacet
  facet normal 0 -1 0
    outer loop
      vertex -50.65 -14.65 12
      vertex -61.65 -14.65 19.9
      vertex -59.65 -14.65 12
    endloop
  endfacet
  facet normal 0 -1 0
    outer loop
      vertex -61.65 -14.65 3.8147e-07
      vertex -59.65 -14.65 12
      vertex -61.65 -14.65 19.9
    endloop
  endfacet
  facet normal 0 -1 0
    outer loop
      vertex -61.65 -14.65 3.8147e-07
      vertex -50.65 -14.65 4
      vertex -59.65 -14.65 4
    endloop
  endfacet
  facet normal 0 -1 -0
    outer loop
      vertex -50.65 -14.65 4
      vertex -61.65 -14.65 3.8147e-07
      vertex -20 -14.65 4
    endloop
  endfacet
  facet normal 0 -1 0
    outer loop
      vertex 22.05 -14.65 3.8147e-07
      vertex -20 -14.65 4
      vertex -61.65 -14.65 3.8147e-07
    endloop
  endfacet
  facet normal 0 -1 0
    outer loop
      vertex -20 -14.65 4
      vertex 22.05 -14.65 3.8147e-07
      vertex -8 -14.65 4
    endloop
  endfacet
  facet normal 0 -1 0
    outer loop
      vertex -8 -14.65 4
      vertex 22.05 -14.65 3.8147e-07
      vertex 11.05 -14.65 4
    endloop
  endfacet
  facet normal 0 -1 -0
    outer loop
      vertex -59.65 -14.65 12
      vertex -61.65 -14.65 3.8147e-07
      vertex -59.65 -14.65 4
    endloop
  endfacet
  facet normal 0 -1 0
    outer loop
      vertex 13.8 -14.65 19.9
      vertex 22.05 -14.65 34.4
      vertex 13.8 -14.65 34.4
    endloop
  endfacet
  facet normal 0 -1 0
    outer loop
      vertex -8 -14.65 17.9
      vertex 13.8 -14.65 19.9
      vertex -20 -14.65 17.9
    endloop
  endfacet
  facet normal 0 -1 0
    outer loop
      vertex 11.05 -14.65 12
      vertex 13.8 -14.65 19.9
      vertex -8 -14.65 17.9
    endloop
  endfacet
  facet normal 0 -1 0
    outer loop
      vertex 20.05 -14.65 12
      vertex 13.8 -14.65 19.9
      vertex 11.05 -14.65 12
    endloop
  endfacet
  facet normal 0 -1 0
    outer loop
      vertex 13.8 -14.65 19.9
      vertex 20.05 -14.65 12
      vertex 22.05 -14.65 34.4
    endloop
  endfacet
  facet normal 0 -1 0
    outer loop
      vertex 22.05 -14.65 3.8147e-07
      vertex 20.05 -14.65 12
      vertex 20.05 -14.65 4
    endloop
  endfacet
  facet normal 0 -1 0
    outer loop
      vertex 20.05 -14.65 12
      vertex 22.05 -14.65 3.8147e-07
      vertex 22.05 -14.65 34.4
    endloop
  endfacet
  facet normal 0 -1 0
    outer loop
      vertex 11.05 -14.65 4
      vertex 22.05 -14.65 3.8147e-07
      vertex 20.05 -14.65 4
    endloop
  endfacet
  facet normal 0 -1 0
    outer loop
      vertex -61.65 -14.65 19.9
      vertex -50.65 -14.65 12
      vertex -20 -14.65 17.9
    endloop
  endfacet
  facet normal 0 -1 0
    outer loop
      vertex -20 -14.65 4
      vertex -50.65 -14.65 12
      vertex -50.65 -14.65 4
    endloop
  endfacet
  facet normal 0 -1 0
    outer loop
      vertex -50.65 -14.65 12
      vertex -20 -14.65 4
      vertex -20 -14.65 17.9
    endloop
  endfacet
  facet normal 0 -1 0
    outer loop
      vertex -19.4 -14.65 4.6
      vertex -8.6 -14.65 17.3
      vertex -19.4 -14.65 17.3
    endloop
  endfacet
  facet normal 0 -1 -0
    outer loop
      vertex -8.6 -14.65 17.3
      vertex -19.4 -14.65 4.6
      vertex -8.6 -14.65 4.6
    endloop
  endfacet
  facet normal -0.595508 0.80335 0
    outer loop
      vertex -62.7611 14.3129 3.8147e-07
      vertex -62.9188 14.196 19.9
      vertex -62.7611 14.3129 19.9
    endloop
  endfacet
  facet normal -0.595508 0.80335 0
    outer loop
      vertex -62.9188 14.196 19.9
      vertex -62.7611 14.3129 3.8147e-07
      vertex -62.9188 14.196 3.8147e-07
    endloop
  endfacet
  facet normal 0.0489209 -0.998803 0
    outer loop
      vertex 22.05 -14.65 3.8147e-07
      vertex 22.246 -14.6404 34.4
      vertex 22.05 -14.65 34.4
    endloop
  endfacet
  facet normal 0.0489209 -0.998803 0
    outer loop
      vertex 22.246 -14.6404 34.4
      vertex 22.05 -14.65 3.8147e-07
      vertex 22.246 -14.6404 3.8147e-07
    endloop
  endfacet
  facet normal -0.989182 -0.146696 0
    outer loop
      vertex -63.6116 -13.0402 3.8147e-07
      vertex -63.6404 -12.846 19.9
      vertex -63.6404 -12.846 3.8147e-07
    endloop
  endfacet
  facet normal -0.989182 -0.146696 0
    outer loop
      vertex -63.6404 -12.846 19.9
      vertex -63.6116 -13.0402 3.8147e-07
      vertex -63.6116 -13.0402 19.9
    endloop
  endfacet
  facet normal -0.857673 -0.514196 0
    outer loop
      vertex -63.3129 -13.7611 3.8147e-07
      vertex -63.4138 -13.5928 19.9
      vertex -63.4138 -13.5928 3.8147e-07
    endloop
  endfacet
  facet normal -0.857673 -0.514196 0
    outer loop
      vertex -63.4138 -13.5928 19.9
      vertex -63.3129 -13.7611 3.8147e-07
      vertex -63.3129 -13.7611 19.9
    endloop
  endfacet
  facet normal -0.998803 0.0489209 0
    outer loop
      vertex -63.65 12.65 3.8147e-07
      vertex -63.6404 12.846 19.9
      vertex -63.6404 12.846 3.8147e-07
    endloop
  endfacet
  facet normal -0.998803 0.0489209 0
    outer loop
      vertex -63.6404 12.846 19.9
      vertex -63.65 12.65 3.8147e-07
      vertex -63.65 12.65 19.9
    endloop
  endfacet
  facet normal -0.243015 -0.970023 0
    outer loop
      vertex -62.2306 -14.5639 3.8147e-07
      vertex -62.0402 -14.6116 19.9
      vertex -62.2306 -14.5639 19.9
    endloop
  endfacet
  facet normal -0.243015 -0.970023 -0
    outer loop
      vertex -62.0402 -14.6116 19.9
      vertex -62.2306 -14.5639 3.8147e-07
      vertex -62.0402 -14.6116 3.8147e-07
    endloop
  endfacet
  facet normal -0.9038 -0.427955 0
    outer loop
      vertex -63.4138 -13.5928 3.8147e-07
      vertex -63.4978 -13.4154 19.9
      vertex -63.4978 -13.4154 3.8147e-07
    endloop
  endfacet
  facet normal -0.9038 -0.427955 0
    outer loop
      vertex -63.4978 -13.4154 19.9
      vertex -63.4138 -13.5928 3.8147e-07
      vertex -63.4138 -13.5928 19.9
    endloop
  endfacet
  facet normal 0.9038 0.427955 0
    outer loop
      vertex 23.8978 13.4154 34.4
      vertex 23.8138 13.5928 3.8147e-07
      vertex 23.8138 13.5928 34.4
    endloop
  endfacet
  facet normal 0.9038 0.427955 0
    outer loop
      vertex 23.8138 13.5928 3.8147e-07
      vertex 23.8978 13.4154 34.4
      vertex 23.8978 13.4154 3.8147e-07
    endloop
  endfacet
  facet normal -1 0 0
    outer loop
      vertex -63.65 -6.06747 8.58598
      vertex -63.65 6.06747 8.58598
      vertex -63.65 5.92133 8.38893
    endloop
  endfacet
  facet normal -1 0 0
    outer loop
      vertex -63.65 -5.92133 8.38893
      vertex -63.65 5.92133 8.38893
      vertex -63.65 5.7952 8.17849
    endloop
  endfacet
  facet normal -1 0 0
    outer loop
      vertex -63.65 -5.7952 8.17849
      vertex -63.65 5.7952 8.17849
      vertex -63.65 5.6903 7.95671
    endloop
  endfacet
  facet normal -1 0 0
    outer loop
      vertex -63.65 -5.6903 7.95671
      vertex -63.65 5.6903 7.95671
      vertex -63.65 5.60765 7.72571
    endloop
  endfacet
  facet normal -1 0 0
    outer loop
      vertex -63.65 -5.60765 7.72571
      vertex -63.65 5.60765 7.72571
      vertex -63.65 5.54804 7.48773
    endloop
  endfacet
  facet normal -1 0 0
    outer loop
      vertex -63.65 -5.54804 7.48773
      vertex -63.65 5.54804 7.48773
      vertex -63.65 5.51204 7.24504
    endloop
  endfacet
  facet normal -1 0 0
    outer loop
      vertex -63.65 -5.51204 7.24504
      vertex -63.65 5.51204 7.24504
      vertex -63.65 5.5 7
    endloop
  endfacet
  facet normal -1 0 0
    outer loop
      vertex -63.65 -5.51204 7.24504
      vertex -63.65 5.5 7
      vertex -63.65 -5.5 7
    endloop
  endfacet
  facet normal -1 0 0
    outer loop
      vertex -63.65 5.51204 7.24504
      vertex -63.65 -5.51204 7.24504
      vertex -63.65 -5.54804 7.48773
    endloop
  endfacet
  facet normal -1 0 0
    outer loop
      vertex -63.65 5.54804 7.48773
      vertex -63.65 -5.54804 7.48773
      vertex -63.65 -5.60765 7.72571
    endloop
  endfacet
  facet normal -1 0 0
    outer loop
      vertex -63.65 5.60765 7.72571
      vertex -63.65 -5.60765 7.72571
      vertex -63.65 -5.6903 7.95671
    endloop
  endfacet
  facet normal -1 0 0
    outer loop
      vertex -63.65 5.6903 7.95671
      vertex -63.65 -5.6903 7.95671
      vertex -63.65 -5.7952 8.17849
    endloop
  endfacet
  facet normal -1 0 0
    outer loop
      vertex -63.65 5.7952 8.17849
      vertex -63.65 -5.7952 8.17849
      vertex -63.65 -5.92133 8.38893
    endloop
  endfacet
  facet normal -1 0 0
    outer loop
      vertex -63.65 5.92133 8.38893
      vertex -63.65 -5.92133 8.38893
      vertex -63.65 -6.06747 8.58598
    endloop
  endfacet
  facet normal -1 0 0
    outer loop
      vertex -63.65 6.06747 8.58598
      vertex -63.65 -6.06747 8.58598
      vertex -63.65 -6.23223 8.76777
    endloop
  endfacet
  facet normal -1 0 0
    outer loop
      vertex -63.65 6.06747 8.58598
      vertex -63.65 -6.23223 8.76777
      vertex -63.65 6 20.4
    endloop
  endfacet
  facet normal -1 -0 0
    outer loop
      vertex -63.65 6 20.4
      vertex -63.65 -6.23223 8.76777
      vertex -63.65 -6 20.4
    endloop
  endfacet
  facet normal -1 0 0
    outer loop
      vertex -63.65 -6.41402 8.93253
      vertex -63.65 -6 20.4
      vertex -63.65 -6.23223 8.76777
    endloop
  endfacet
  facet normal -1 0 0
    outer loop
      vertex -63.65 -6.61107 9.07867
      vertex -63.65 -6 20.4
      vertex -63.65 -6.41402 8.93253
    endloop
  endfacet
  facet normal -1 0 0
    outer loop
      vertex -63.65 -6.82151 9.2048
      vertex -63.65 -6 20.4
      vertex -63.65 -6.61107 9.07867
    endloop
  endfacet
  facet normal -1 0 0
    outer loop
      vertex -63.65 -7.04329 9.3097
      vertex -63.65 -6 20.4
      vertex -63.65 -6.82151 9.2048
    endloop
  endfacet
  facet normal -1 0 0
    outer loop
      vertex -63.65 -7.27429 9.39235
      vertex -63.65 -6 20.4
      vertex -63.65 -7.04329 9.3097
    endloop
  endfacet
  facet normal -1 0 0
    outer loop
      vertex -63.65 -7.51227 9.45196
      vertex -63.65 -6 20.4
      vertex -63.65 -7.27429 9.39235
    endloop
  endfacet
  facet normal -1 0 0
    outer loop
      vertex -63.65 -7.75496 9.48796
      vertex -63.65 -6 20.4
      vertex -63.65 -7.51227 9.45196
    endloop
  endfacet
  facet normal -1 0 0
    outer loop
      vertex -63.65 -8 9.5
      vertex -63.65 -6 20.4
      vertex -63.65 -7.75496 9.48796
    endloop
  endfacet
  facet normal -1 0 0
    outer loop
      vertex -63.65 -6 20.4
      vertex -63.65 -8 9.5
      vertex -63.65 -10.5 19.9
    endloop
  endfacet
  facet normal -1 0 0
    outer loop
      vertex -63.65 -10.5 19.9
      vertex -63.65 -8 9.5
      vertex -63.65 -8.24504 9.48796
    endloop
  endfacet
  facet normal -1 0 0
    outer loop
      vertex -63.65 -10.5 19.9
      vertex -63.65 -8.24504 9.48796
      vertex -63.65 -8.48773 9.45196
    endloop
  endfacet
  facet normal -1 0 0
    outer loop
      vertex -63.65 -10.5 19.9
      vertex -63.65 -8.48773 9.45196
      vertex -63.65 -8.72571 9.39235
    endloop
  endfacet
  facet normal -1 0 0
    outer loop
      vertex -63.65 -10.5 19.9
      vertex -63.65 -8.72571 9.39235
      vertex -63.65 -8.95671 9.3097
    endloop
  endfacet
  facet normal -1 0 0
    outer loop
      vertex -63.65 -10.5 19.9
      vertex -63.65 -8.95671 9.3097
      vertex -63.65 -9.17849 9.2048
    endloop
  endfacet
  facet normal -1 0 0
    outer loop
      vertex -63.65 -12.65 19.9
      vertex -63.65 -9.17849 9.2048
      vertex -63.65 -9.38893 9.07867
    endloop
  endfacet
  facet normal -1 0 0
    outer loop
      vertex -63.65 -12.65 19.9
      vertex -63.65 -9.38893 9.07867
      vertex -63.65 -9.58598 8.93253
    endloop
  endfacet
  facet normal -1 0 0
    outer loop
      vertex -63.65 -12.65 19.9
      vertex -63.65 -9.58598 8.93253
      vertex -63.65 -9.76777 8.76777
    endloop
  endfacet
  facet normal -1 0 0
    outer loop
      vertex -63.65 -12.65 19.9
      vertex -63.65 -9.76777 8.76777
      vertex -63.65 -9.93253 8.58598
    endloop
  endfacet
  facet normal -1 0 0
    outer loop
      vertex -63.65 -12.65 19.9
      vertex -63.65 -9.93253 8.58598
      vertex -63.65 -10.0787 8.38893
    endloop
  endfacet
  facet normal -1 0 0
    outer loop
      vertex -63.65 -12.65 19.9
      vertex -63.65 -10.0787 8.38893
      vertex -63.65 -10.2048 8.17849
    endloop
  endfacet
  facet normal -1 0 0
    outer loop
      vertex -63.65 -12.65 19.9
      vertex -63.65 -10.2048 8.17849
      vertex -63.65 -10.3097 7.95671
    endloop
  endfacet
  facet normal -1 0 0
    outer loop
      vertex -63.65 -12.65 19.9
      vertex -63.65 -10.3097 7.95671
      vertex -63.65 -10.3924 7.72571
    endloop
  endfacet
  facet normal -1 0 0
    outer loop
      vertex -63.65 -12.65 19.9
      vertex -63.65 -10.3924 7.72571
      vertex -63.65 -10.452 7.48773
    endloop
  endfacet
  facet normal -1 0 0
    outer loop
      vertex -63.65 -12.65 3.8147e-07
      vertex -63.65 -10.488 7.24504
      vertex -63.65 -10.5 7
    endloop
  endfacet
  facet normal -1 0 0
    outer loop
      vertex -63.65 -12.65 19.9
      vertex -63.65 -10.452 7.48773
      vertex -63.65 -10.488 7.24504
    endloop
  endfacet
  facet normal -1 0 0
    outer loop
      vertex -63.65 -10.5 34.4
      vertex -63.65 -6 20.4
      vertex -63.65 -10.5 19.9
    endloop
  endfacet
  facet normal -1 0 0
    outer loop
      vertex -63.65 -6 20.4
      vertex -63.65 -10.5 34.4
      vertex -63.65 -6 34.4
    endloop
  endfacet
  facet normal -1 0 0
    outer loop
      vertex -63.65 10.488 7.24504
      vertex -63.65 12.65 3.8147e-07
      vertex -63.65 10.5 7
    endloop
  endfacet
  facet normal -1 0 0
    outer loop
      vertex -63.65 12.65 3.8147e-07
      vertex -63.65 10.488 6.75496
      vertex -63.65 10.5 7
    endloop
  endfacet
  facet normal -1 0 0
    outer loop
      vertex -63.65 12.65 3.8147e-07
      vertex -63.65 10.452 6.51228
      vertex -63.65 10.488 6.75496
    endloop
  endfacet
  facet normal -1 0 0
    outer loop
      vertex -63.65 12.65 3.8147e-07
      vertex -63.65 10.3924 6.27429
      vertex -63.65 10.452 6.51228
    endloop
  endfacet
  facet normal -1 0 0
    outer loop
      vertex -63.65 12.65 3.8147e-07
      vertex -63.65 10.3097 6.04329
      vertex -63.65 10.3924 6.27429
    endloop
  endfacet
  facet normal -1 0 0
    outer loop
      vertex -63.65 12.65 3.8147e-07
      vertex -63.65 10.2048 5.82151
      vertex -63.65 10.3097 6.04329
    endloop
  endfacet
  facet normal -1 0 0
    outer loop
      vertex -63.65 12.65 3.8147e-07
      vertex -63.65 10.0787 5.61107
      vertex -63.65 10.2048 5.82151
    endloop
  endfacet
  facet normal -1 0 0
    outer loop
      vertex -63.65 12.65 3.8147e-07
      vertex -63.65 9.93253 5.41402
      vertex -63.65 10.0787 5.61107
    endloop
  endfacet
  facet normal -1 0 0
    outer loop
      vertex -63.65 12.65 3.8147e-07
      vertex -63.65 9.76777 5.23223
      vertex -63.65 9.93253 5.41402
    endloop
  endfacet
  facet normal -1 0 0
    outer loop
      vertex -63.65 12.65 3.8147e-07
      vertex -63.65 9.58598 5.06747
      vertex -63.65 9.76777 5.23223
    endloop
  endfacet
  facet normal -1 0 0
    outer loop
      vertex -63.65 12.65 3.8147e-07
      vertex -63.65 9.38893 4.92133
      vertex -63.65 9.58598 5.06747
    endloop
  endfacet
  facet normal -1 0 0
    outer loop
      vertex -63.65 8 2.4
      vertex -63.65 9.38893 4.92133
      vertex -63.65 12.65 3.8147e-07
    endloop
  endfacet
  facet normal -1 0 0
    outer loop
      vertex -63.65 9.38893 4.92133
      vertex -63.65 8 2.4
      vertex -63.65 9.17849 4.7952
    endloop
  endfacet
  facet normal -1 0 0
    outer loop
      vertex -63.65 9.17849 4.7952
      vertex -63.65 8 2.4
      vertex -63.65 8.95671 4.6903
    endloop
  endfacet
  facet normal -1 0 0
    outer loop
      vertex -63.65 8.95671 4.6903
      vertex -63.65 8 2.4
      vertex -63.65 8.72571 4.60765
    endloop
  endfacet
  facet normal -1 0 0
    outer loop
      vertex -63.65 8.72571 4.60765
      vertex -63.65 8 2.4
      vertex -63.65 8.48773 4.54804
    endloop
  endfacet
  facet normal -1 0 0
    outer loop
      vertex -63.65 8 2.4
      vertex -63.65 12.65 3.8147e-07
      vertex -63.65 8 1.2
    endloop
  endfacet
  facet normal -1 0 0
    outer loop
      vertex -63.65 12.65 3.8147e-07
      vertex -63.65 -8 1.2
      vertex -63.65 8 1.2
    endloop
  endfacet
  facet normal -1 0 0
    outer loop
      vertex -63.65 -12.65 3.8147e-07
      vertex -63.65 -8 2.4
      vertex -63.65 -8 1.2
    endloop
  endfacet
  facet normal -1 0 0
    outer loop
      vertex -63.65 -8 2.4
      vertex -63.65 -8.24504 4.51204
      vertex -63.65 -8 4.5
    endloop
  endfacet
  facet normal -1 0 0
    outer loop
      vertex -63.65 -8 2.4
      vertex -63.65 -8.48773 4.54804
      vertex -63.65 -8.24504 4.51204
    endloop
  endfacet
  facet normal -1 0 0
    outer loop
      vertex -63.65 -8 2.4
      vertex -63.65 -8.72571 4.60765
      vertex -63.65 -8.48773 4.54804
    endloop
  endfacet
  facet normal -1 0 0
    outer loop
      vertex -63.65 -8 2.4
      vertex -63.65 -8.95671 4.6903
      vertex -63.65 -8.72571 4.60765
    endloop
  endfacet
  facet normal -1 0 0
    outer loop
      vertex -63.65 -8 2.4
      vertex -63.65 -9.17849 4.7952
      vertex -63.65 -8.95671 4.6903
    endloop
  endfacet
  facet normal -1 0 -0
    outer loop
      vertex -63.65 -9.38893 4.92133
      vertex -63.65 -8 2.4
      vertex -63.65 -12.65 3.8147e-07
    endloop
  endfacet
  facet normal -1 0 0
    outer loop
      vertex -63.65 -8 2.4
      vertex -63.65 -9.38893 4.92133
      vertex -63.65 -9.17849 4.7952
    endloop
  endfacet
  facet normal -1 -0 0
    outer loop
      vertex -63.65 -9.38893 4.92133
      vertex -63.65 -12.65 3.8147e-07
      vertex -63.65 -9.58598 5.06747
    endloop
  endfacet
  facet normal -1 -0 0
    outer loop
      vertex -63.65 -9.58598 5.06747
      vertex -63.65 -12.65 3.8147e-07
      vertex -63.65 -9.76777 5.23223
    endloop
  endfacet
  facet normal -1 -0 0
    outer loop
      vertex -63.65 -9.76777 5.23223
      vertex -63.65 -12.65 3.8147e-07
      vertex -63.65 -9.93253 5.41402
    endloop
  endfacet
  facet normal -1 -0 0
    outer loop
      vertex -63.65 -9.93253 5.41402
      vertex -63.65 -12.65 3.8147e-07
      vertex -63.65 -10.0787 5.61107
    endloop
  endfacet
  facet normal -1 0 0
    outer loop
      vertex -63.65 -12.65 3.8147e-07
      vertex -63.65 -8 1.2
      vertex -63.65 12.65 3.8147e-07
    endloop
  endfacet
  facet normal -1 -0 0
    outer loop
      vertex -63.65 -10.0787 5.61107
      vertex -63.65 -12.65 3.8147e-07
      vertex -63.65 -10.2048 5.82151
    endloop
  endfacet
  facet normal -1 0 0
    outer loop
      vertex -63.65 -12.65 3.8147e-07
      vertex -63.65 -10.3097 6.04329
      vertex -63.65 -10.2048 5.82151
    endloop
  endfacet
  facet normal -1 0 0
    outer loop
      vertex -63.65 -12.65 3.8147e-07
      vertex -63.65 -10.3924 6.27429
      vertex -63.65 -10.3097 6.04329
    endloop
  endfacet
  facet normal -1 0 0
    outer loop
      vertex -63.65 -12.65 3.8147e-07
      vertex -63.65 -10.452 6.51228
      vertex -63.65 -10.3924 6.27429
    endloop
  endfacet
  facet normal -1 0 0
    outer loop
      vertex -63.65 -12.65 3.8147e-07
      vertex -63.65 -10.488 6.75496
      vertex -63.65 -10.452 6.51228
    endloop
  endfacet
  facet normal -1 0 0
    outer loop
      vertex -63.65 -12.65 3.8147e-07
      vertex -63.65 -10.5 7
      vertex -63.65 -10.488 6.75496
    endloop
  endfacet
  facet normal -1 -0 0
    outer loop
      vertex -63.65 -10.488 7.24504
      vertex -63.65 -12.65 3.8147e-07
      vertex -63.65 -12.65 19.9
    endloop
  endfacet
  facet normal -1 0 0
    outer loop
      vertex -63.65 -9.17849 9.2048
      vertex -63.65 -12.65 19.9
      vertex -63.65 -10.5 19.9
    endloop
  endfacet
  facet normal -1 0 0
    outer loop
      vertex -63.65 12.65 3.8147e-07
      vertex -63.65 10.488 7.24504
      vertex -63.65 12.65 19.9
    endloop
  endfacet
  facet normal -1 0 0
    outer loop
      vertex -63.65 10.452 7.48773
      vertex -63.65 12.65 19.9
      vertex -63.65 10.488 7.24504
    endloop
  endfacet
  facet normal -1 0 0
    outer loop
      vertex -63.65 10.3924 7.72571
      vertex -63.65 12.65 19.9
      vertex -63.65 10.452 7.48773
    endloop
  endfacet
  facet normal -1 0 0
    outer loop
      vertex -63.65 10.3097 7.95671
      vertex -63.65 12.65 19.9
      vertex -63.65 10.3924 7.72571
    endloop
  endfacet
  facet normal -1 0 0
    outer loop
      vertex -63.65 10.2048 8.17849
      vertex -63.65 12.65 19.9
      vertex -63.65 10.3097 7.95671
    endloop
  endfacet
  facet normal -1 0 0
    outer loop
      vertex -63.65 10.0787 8.38893
      vertex -63.65 12.65 19.9
      vertex -63.65 10.2048 8.17849
    endloop
  endfacet
  facet normal -1 0 0
    outer loop
      vertex -63.65 9.93253 8.58598
      vertex -63.65 12.65 19.9
      vertex -63.65 10.0787 8.38893
    endloop
  endfacet
  facet normal -1 0 0
    outer loop
      vertex -63.65 9.76777 8.76777
      vertex -63.65 12.65 19.9
      vertex -63.65 9.93253 8.58598
    endloop
  endfacet
  facet normal -1 0 0
    outer loop
      vertex -63.65 9.58598 8.93253
      vertex -63.65 12.65 19.9
      vertex -63.65 9.76777 8.76777
    endloop
  endfacet
  facet normal -1 0 0
    outer loop
      vertex -63.65 9.38893 9.07867
      vertex -63.65 12.65 19.9
      vertex -63.65 9.58598 8.93253
    endloop
  endfacet
  facet normal -1 0 0
    outer loop
      vertex -63.65 9.17849 9.2048
      vertex -63.65 12.65 19.9
      vertex -63.65 9.38893 9.07867
    endloop
  endfacet
  facet normal -1 -0 0
    outer loop
      vertex -63.65 12.65 19.9
      vertex -63.65 9.17849 9.2048
      vertex -63.65 10.5 19.9
    endloop
  endfacet
  facet normal -1 0 0
    outer loop
      vertex -63.65 8.95671 9.3097
      vertex -63.65 10.5 19.9
      vertex -63.65 9.17849 9.2048
    endloop
  endfacet
  facet normal -1 0 0
    outer loop
      vertex -63.65 8.72571 9.39235
      vertex -63.65 10.5 19.9
      vertex -63.65 8.95671 9.3097
    endloop
  endfacet
  facet normal -1 0 0
    outer loop
      vertex -63.65 8.48773 9.45196
      vertex -63.65 10.5 19.9
      vertex -63.65 8.72571 9.39235
    endloop
  endfacet
  facet normal -1 0 0
    outer loop
      vertex -63.65 8.24504 9.48796
      vertex -63.65 10.5 19.9
      vertex -63.65 8.48773 9.45196
    endloop
  endfacet
  facet normal -1 0 0
    outer loop
      vertex -63.65 8 9.5
      vertex -63.65 10.5 19.9
      vertex -63.65 8.24504 9.48796
    endloop
  endfacet
  facet normal -1 -0 0
    outer loop
      vertex -63.65 10.5 19.9
      vertex -63.65 8 9.5
      vertex -63.65 6 20.4
    endloop
  endfacet
  facet normal -1 0 0
    outer loop
      vertex -63.65 6 20.4
      vertex -63.65 8 9.5
      vertex -63.65 7.75496 9.48796
    endloop
  endfacet
  facet normal -1 0 0
    outer loop
      vertex -63.65 6 20.4
      vertex -63.65 7.75496 9.48796
      vertex -63.65 7.51227 9.45196
    endloop
  endfacet
  facet normal -1 0 0
    outer loop
      vertex -63.65 6 20.4
      vertex -63.65 7.51227 9.45196
      vertex -63.65 7.27429 9.39235
    endloop
  endfacet
  facet normal -1 0 0
    outer loop
      vertex -63.65 6 20.4
      vertex -63.65 7.27429 9.39235
      vertex -63.65 7.04329 9.3097
    endloop
  endfacet
  facet normal -1 0 0
    outer loop
      vertex -63.65 6 20.4
      vertex -63.65 7.04329 9.3097
      vertex -63.65 6.82151 9.2048
    endloop
  endfacet
  facet normal -1 0 0
    outer loop
      vertex -63.65 6 20.4
      vertex -63.65 6.82151 9.2048
      vertex -63.65 6.61107 9.07867
    endloop
  endfacet
  facet normal -1 0 0
    outer loop
      vertex -63.65 6 20.4
      vertex -63.65 6.61107 9.07867
      vertex -63.65 6.41402 8.93253
    endloop
  endfacet
  facet normal -1 0 0
    outer loop
      vertex -63.65 6 20.4
      vertex -63.65 6.41402 8.93253
      vertex -63.65 6.23223 8.76777
    endloop
  endfacet
  facet normal -1 0 0
    outer loop
      vertex -63.65 6 20.4
      vertex -63.65 6.23223 8.76777
      vertex -63.65 6.06747 8.58598
    endloop
  endfacet
  facet normal -1 0 0
    outer loop
      vertex -63.65 10.5 19.9
      vertex -63.65 6 20.4
      vertex -63.65 10.5 34.4
    endloop
  endfacet
  facet normal -1 -0 0
    outer loop
      vertex -63.65 10.5 34.4
      vertex -63.65 6 20.4
      vertex -63.65 6 34.4
    endloop
  endfacet
  facet normal -1 0 0
    outer loop
      vertex -63.65 8.48773 4.54804
      vertex -63.65 8 2.4
      vertex -63.65 8.24504 4.51204
    endloop
  endfacet
  facet normal -1 0 0
    outer loop
      vertex -63.65 8 2.4
      vertex -63.65 8 4.5
      vertex -63.65 8.24504 4.51204
    endloop
  endfacet
  facet normal -1 0 0
    outer loop
      vertex -63.65 8 2.4
      vertex -63.65 7.75496 4.51204
      vertex -63.65 8 4.5
    endloop
  endfacet
  facet normal -1 0 0
    outer loop
      vertex -63.65 8 2.4
      vertex -63.65 7.51227 4.54804
      vertex -63.65 7.75496 4.51204
    endloop
  endfacet
  facet normal -1 0 0
    outer loop
      vertex -63.65 8 2.4
      vertex -63.65 7.27429 4.60765
      vertex -63.65 7.51227 4.54804
    endloop
  endfacet
  facet normal -1 0 0
    outer loop
      vertex -63.65 8 2.4
      vertex -63.65 7.04329 4.6903
      vertex -63.65 7.27429 4.60765
    endloop
  endfacet
  facet normal -1 0 0
    outer loop
      vertex -63.65 8 2.4
      vertex -63.65 6.82151 4.7952
      vertex -63.65 7.04329 4.6903
    endloop
  endfacet
  facet normal -1 0 0
    outer loop
      vertex -63.65 8 2.4
      vertex -63.65 6.61107 4.92133
      vertex -63.65 6.82151 4.7952
    endloop
  endfacet
  facet normal -1 0 0
    outer loop
      vertex -63.65 8 2.4
      vertex -63.65 6.41402 5.06747
      vertex -63.65 6.61107 4.92133
    endloop
  endfacet
  facet normal -1 0 0
    outer loop
      vertex -63.65 8 2.4
      vertex -63.65 6.23223 5.23223
      vertex -63.65 6.41402 5.06747
    endloop
  endfacet
  facet normal -1 0 0
    outer loop
      vertex -63.65 -6.23223 5.23223
      vertex -63.65 6.23223 5.23223
      vertex -63.65 8 2.4
    endloop
  endfacet
  facet normal -1 0 0
    outer loop
      vertex -63.65 6.23223 5.23223
      vertex -63.65 -6.23223 5.23223
      vertex -63.65 6.06747 5.41402
    endloop
  endfacet
  facet normal -1 0 0
    outer loop
      vertex -63.65 5.51204 6.75496
      vertex -63.65 -5.5 7
      vertex -63.65 5.5 7
    endloop
  endfacet
  facet normal -1 0 0
    outer loop
      vertex -63.65 -5.51204 6.75496
      vertex -63.65 5.51204 6.75496
      vertex -63.65 5.54804 6.51228
    endloop
  endfacet
  facet normal -1 0 0
    outer loop
      vertex -63.65 -5.54804 6.51228
      vertex -63.65 5.54804 6.51228
      vertex -63.65 5.60765 6.27429
    endloop
  endfacet
  facet normal -1 0 0
    outer loop
      vertex -63.65 -5.60765 6.27429
      vertex -63.65 5.60765 6.27429
      vertex -63.65 5.6903 6.04329
    endloop
  endfacet
  facet normal -1 0 0
    outer loop
      vertex -63.65 -5.6903 6.04329
      vertex -63.65 5.6903 6.04329
      vertex -63.65 5.7952 5.82151
    endloop
  endfacet
  facet normal -1 0 0
    outer loop
      vertex -63.65 -5.7952 5.82151
      vertex -63.65 5.7952 5.82151
      vertex -63.65 5.92133 5.61107
    endloop
  endfacet
  facet normal -1 0 -0
    outer loop
      vertex -63.65 -6.06747 5.41402
      vertex -63.65 6.06747 5.41402
      vertex -63.65 -6.23223 5.23223
    endloop
  endfacet
  facet normal -1 0 0
    outer loop
      vertex -63.65 5.51204 6.75496
      vertex -63.65 -5.51204 6.75496
      vertex -63.65 -5.5 7
    endloop
  endfacet
  facet normal -1 0 0
    outer loop
      vertex -63.65 5.54804 6.51228
      vertex -63.65 -5.54804 6.51228
      vertex -63.65 -5.51204 6.75496
    endloop
  endfacet
  facet normal -1 0 0
    outer loop
      vertex -63.65 5.60765 6.27429
      vertex -63.65 -5.60765 6.27429
      vertex -63.65 -5.54804 6.51228
    endloop
  endfacet
  facet normal -1 0 0
    outer loop
      vertex -63.65 5.6903 6.04329
      vertex -63.65 -5.6903 6.04329
      vertex -63.65 -5.60765 6.27429
    endloop
  endfacet
  facet normal -1 0 0
    outer loop
      vertex -63.65 5.7952 5.82151
      vertex -63.65 -5.7952 5.82151
      vertex -63.65 -5.6903 6.04329
    endloop
  endfacet
  facet normal -1 0 0
    outer loop
      vertex -63.65 5.92133 5.61107
      vertex -63.65 -5.92133 5.61107
      vertex -63.65 -5.7952 5.82151
    endloop
  endfacet
  facet normal -1 -0 0
    outer loop
      vertex -63.65 5.92133 5.61107
      vertex -63.65 -6.06747 5.41402
      vertex -63.65 -5.92133 5.61107
    endloop
  endfacet
  facet normal -1 0 0
    outer loop
      vertex -63.65 6.06747 5.41402
      vertex -63.65 -6.06747 5.41402
      vertex -63.65 5.92133 5.61107
    endloop
  endfacet
  facet normal -1 0 0
    outer loop
      vertex -63.65 -8 2.4
      vertex -63.65 -6.23223 5.23223
      vertex -63.65 8 2.4
    endloop
  endfacet
  facet normal -1 0 0
    outer loop
      vertex -63.65 -6.23223 5.23223
      vertex -63.65 -8 2.4
      vertex -63.65 -6.41402 5.06747
    endloop
  endfacet
  facet normal -1 0 0
    outer loop
      vertex -63.65 -6.41402 5.06747
      vertex -63.65 -8 2.4
      vertex -63.65 -6.61107 4.92133
    endloop
  endfacet
  facet normal -1 0 0
    outer loop
      vertex -63.65 -6.61107 4.92133
      vertex -63.65 -8 2.4
      vertex -63.65 -6.82151 4.7952
    endloop
  endfacet
  facet normal -1 0 0
    outer loop
      vertex -63.65 -6.82151 4.7952
      vertex -63.65 -8 2.4
      vertex -63.65 -7.04329 4.6903
    endloop
  endfacet
  facet normal -1 0 0
    outer loop
      vertex -63.65 -7.04329 4.6903
      vertex -63.65 -8 2.4
      vertex -63.65 -7.27429 4.60765
    endloop
  endfacet
  facet normal -1 0 0
    outer loop
      vertex -63.65 -7.27429 4.60765
      vertex -63.65 -8 2.4
      vertex -63.65 -7.51227 4.54804
    endloop
  endfacet
  facet normal -1 0 0
    outer loop
      vertex -63.65 -7.51227 4.54804
      vertex -63.65 -8 2.4
      vertex -63.65 -7.75496 4.51204
    endloop
  endfacet
  facet normal -1 0 0
    outer loop
      vertex -63.65 -7.75496 4.51204
      vertex -63.65 -8 2.4
      vertex -63.65 -8 4.5
    endloop
  endfacet
  facet normal 0.336788 0.94158 -0
    outer loop
      vertex 22.8154 14.4978 3.8147e-07
      vertex 22.6306 14.5639 34.4
      vertex 22.8154 14.4978 34.4
    endloop
  endfacet
  facet normal 0.336788 0.94158 0
    outer loop
      vertex 22.6306 14.5639 34.4
      vertex 22.8154 14.4978 3.8147e-07
      vertex 22.6306 14.5639 3.8147e-07
    endloop
  endfacet
  facet normal -0.336788 -0.94158 0
    outer loop
      vertex -62.4154 -14.4978 3.8147e-07
      vertex -62.2306 -14.5639 19.9
      vertex -62.4154 -14.4978 19.9
    endloop
  endfacet
  facet normal -0.336788 -0.94158 -0
    outer loop
      vertex -62.2306 -14.5639 19.9
      vertex -62.4154 -14.4978 3.8147e-07
      vertex -62.2306 -14.5639 3.8147e-07
    endloop
  endfacet
  facet normal -0.0489209 0.998803 0
    outer loop
      vertex -61.65 14.65 3.8147e-07
      vertex -61.846 14.6404 19.9
      vertex -61.65 14.65 19.9
    endloop
  endfacet
  facet normal -0.0489209 0.998803 0
    outer loop
      vertex -61.846 14.6404 19.9
      vertex -61.65 14.65 3.8147e-07
      vertex -61.846 14.6404 3.8147e-07
    endloop
  endfacet
  facet normal -0.970023 0.243015 0
    outer loop
      vertex -63.6116 13.0402 3.8147e-07
      vertex -63.5639 13.2306 19.9
      vertex -63.5639 13.2306 3.8147e-07
    endloop
  endfacet
  facet normal -0.970023 0.243015 0
    outer loop
      vertex -63.5639 13.2306 19.9
      vertex -63.6116 13.0402 3.8147e-07
      vertex -63.6116 13.0402 19.9
    endloop
  endfacet
  facet normal 0.94158 0.336788 0
    outer loop
      vertex 23.9639 13.2306 34.4
      vertex 23.8978 13.4154 3.8147e-07
      vertex 23.8978 13.4154 34.4
    endloop
  endfacet
  facet normal 0.94158 0.336788 0
    outer loop
      vertex 23.8978 13.4154 3.8147e-07
      vertex 23.9639 13.2306 34.4
      vertex 23.9639 13.2306 3.8147e-07
    endloop
  endfacet
  facet normal -0.80335 0.595508 0
    outer loop
      vertex -63.3129 13.7611 3.8147e-07
      vertex -63.196 13.9188 19.9
      vertex -63.196 13.9188 3.8147e-07
    endloop
  endfacet
  facet normal -0.80335 0.595508 0
    outer loop
      vertex -63.196 13.9188 19.9
      vertex -63.3129 13.7611 3.8147e-07
      vertex -63.3129 13.7611 19.9
    endloop
  endfacet
  facet normal -0.970023 -0.243015 0
    outer loop
      vertex -63.5639 -13.2306 3.8147e-07
      vertex -63.6116 -13.0402 19.9
      vertex -63.6116 -13.0402 3.8147e-07
    endloop
  endfacet
  facet normal -0.970023 -0.243015 0
    outer loop
      vertex -63.6116 -13.0402 19.9
      vertex -63.5639 -13.2306 3.8147e-07
      vertex -63.5639 -13.2306 19.9
    endloop
  endfacet
  facet normal 0.989182 0.146696 0
    outer loop
      vertex 24.0404 12.846 34.4
      vertex 24.0116 13.0402 3.8147e-07
      vertex 24.0116 13.0402 34.4
    endloop
  endfacet
  facet normal 0.989182 0.146696 0
    outer loop
      vertex 24.0116 13.0402 3.8147e-07
      vertex 24.0404 12.846 34.4
      vertex 24.0404 12.846 3.8147e-07
    endloop
  endfacet
  facet normal -0 0 1
    outer loop
      vertex 7.7 -10.5 19.9
      vertex 11.8409 -13.05 19.9
      vertex 7.7 -8.6 19.9
    endloop
  endfacet
  facet normal 0 0 1
    outer loop
      vertex 11.8409 -13.05 19.9
      vertex 7.7 -10.5 19.9
      vertex 11.8861 -13.2306 19.9
    endloop
  endfacet
  facet normal 0 0 1
    outer loop
      vertex 11.8861 -13.2306 19.9
      vertex 7.7 -10.5 19.9
      vertex 11.9522 -13.4154 19.9
    endloop
  endfacet
  facet normal 0 0 1
    outer loop
      vertex 11.9522 -13.4154 19.9
      vertex 7.7 -10.5 19.9
      vertex 12.0362 -13.5928 19.9
    endloop
  endfacet
  facet normal 0 0 1
    outer loop
      vertex 12.0362 -13.5928 19.9
      vertex 7.7 -10.5 19.9
      vertex 12.1371 -13.7611 19.9
    endloop
  endfacet
  facet normal 0 0 1
    outer loop
      vertex 12.1371 -13.7611 19.9
      vertex 7.7 -10.5 19.9
      vertex 12.254 -13.9188 19.9
    endloop
  endfacet
  facet normal 0 0 1
    outer loop
      vertex 7.7 -10.5 19.9
      vertex 12.3858 -14.0642 19.9
      vertex 12.254 -13.9188 19.9
    endloop
  endfacet
  facet normal -0 0 1
    outer loop
      vertex -13.7 -10.5 19.9
      vertex 12.3858 -14.0642 19.9
      vertex 7.7 -10.5 19.9
    endloop
  endfacet
  facet normal 0 0 1
    outer loop
      vertex 12.3858 -14.0642 19.9
      vertex -13.7 -10.5 19.9
      vertex 12.5312 -14.196 19.9
    endloop
  endfacet
  facet normal 0 0 1
    outer loop
      vertex -13.7 -10.5 19.9
      vertex 12.6889 -14.3129 19.9
      vertex 12.5312 -14.196 19.9
    endloop
  endfacet
  facet normal 0 0 1
    outer loop
      vertex -13.7 -10.5 19.9
      vertex 12.8572 -14.4138 19.9
      vertex 12.6889 -14.3129 19.9
    endloop
  endfacet
  facet normal 0 0 1
    outer loop
      vertex -13.7 -10.5 19.9
      vertex 13.0346 -14.4978 19.9
      vertex 12.8572 -14.4138 19.9
    endloop
  endfacet
  facet normal 0 0 1
    outer loop
      vertex -13.7 -10.5 19.9
      vertex 13.2194 -14.5639 19.9
      vertex 13.0346 -14.4978 19.9
    endloop
  endfacet
  facet normal 0 0 1
    outer loop
      vertex -13.7 -10.5 19.9
      vertex 13.4098 -14.6116 19.9
      vertex 13.2194 -14.5639 19.9
    endloop
  endfacet
  facet normal 0 0 1
    outer loop
      vertex -39 -10.5 19.9
      vertex -13.7 -10.5 19.9
      vertex -31 -8.6 19.9
    endloop
  endfacet
  facet normal 0 0 1
    outer loop
      vertex -61.65 -14.65 19.9
      vertex -13.7 -10.5 19.9
      vertex -39 -10.5 19.9
    endloop
  endfacet
  facet normal 0 0 1
    outer loop
      vertex -31 8.6 19.9
      vertex -39 8.8 19.9
      vertex -31 -8.6 19.9
    endloop
  endfacet
  facet normal 0 0 1
    outer loop
      vertex -39 -8.8 19.9
      vertex -31 -8.6 19.9
      vertex -39 8.8 19.9
    endloop
  endfacet
  facet normal 0 0 1
    outer loop
      vertex -39 -10.5 19.9
      vertex -31 -8.6 19.9
      vertex -39 -8.8 19.9
    endloop
  endfacet
  facet normal 0 0 1
    outer loop
      vertex -13.7 -10.5 19.9
      vertex -61.65 -14.65 19.9
      vertex 13.4098 -14.6116 19.9
    endloop
  endfacet
  facet normal 0 0 1
    outer loop
      vertex 13.604 -14.6404 19.9
      vertex -61.65 -14.65 19.9
      vertex 13.8 -14.65 19.9
    endloop
  endfacet
  facet normal 0 0 1
    outer loop
      vertex 13.4098 -14.6116 19.9
      vertex -61.65 -14.65 19.9
      vertex 13.604 -14.6404 19.9
    endloop
  endfacet
  facet normal -0 0 1
    outer loop
      vertex -63.65 -10.5 19.9
      vertex -61.65 -14.65 19.9
      vertex -39 -10.5 19.9
    endloop
  endfacet
  facet normal -0 0 1
    outer loop
      vertex -63.65 -12.65 19.9
      vertex -61.65 -14.65 19.9
      vertex -63.65 -10.5 19.9
    endloop
  endfacet
  facet normal 0 0 1
    outer loop
      vertex -61.65 -14.65 19.9
      vertex -63.65 -12.65 19.9
      vertex -61.846 -14.6404 19.9
    endloop
  endfacet
  facet normal 0 0 1
    outer loop
      vertex -61.846 -14.6404 19.9
      vertex -63.65 -12.65 19.9
      vertex -62.0402 -14.6116 19.9
    endloop
  endfacet
  facet normal 0 0 1
    outer loop
      vertex -62.0402 -14.6116 19.9
      vertex -63.65 -12.65 19.9
      vertex -62.2306 -14.5639 19.9
    endloop
  endfacet
  facet normal 0 0 1
    outer loop
      vertex -62.2306 -14.5639 19.9
      vertex -63.65 -12.65 19.9
      vertex -62.4154 -14.4978 19.9
    endloop
  endfacet
  facet normal 0 0 1
    outer loop
      vertex -62.4154 -14.4978 19.9
      vertex -63.65 -12.65 19.9
      vertex -62.5928 -14.4138 19.9
    endloop
  endfacet
  facet normal 0 0 1
    outer loop
      vertex -62.5928 -14.4138 19.9
      vertex -63.65 -12.65 19.9
      vertex -62.7611 -14.3129 19.9
    endloop
  endfacet
  facet normal 0 0 1
    outer loop
      vertex -62.7611 -14.3129 19.9
      vertex -63.65 -12.65 19.9
      vertex -62.9188 -14.196 19.9
    endloop
  endfacet
  facet normal 0 0 1
    outer loop
      vertex -62.9188 -14.196 19.9
      vertex -63.65 -12.65 19.9
      vertex -63.0642 -14.0642 19.9
    endloop
  endfacet
  facet normal 0 0 1
    outer loop
      vertex -63.0642 -14.0642 19.9
      vertex -63.65 -12.65 19.9
      vertex -63.196 -13.9188 19.9
    endloop
  endfacet
  facet normal 0 0 1
    outer loop
      vertex -63.196 -13.9188 19.9
      vertex -63.65 -12.65 19.9
      vertex -63.3129 -13.7611 19.9
    endloop
  endfacet
  facet normal 0 0 1
    outer loop
      vertex -63.3129 -13.7611 19.9
      vertex -63.65 -12.65 19.9
      vertex -63.4138 -13.5928 19.9
    endloop
  endfacet
  facet normal 0 0 1
    outer loop
      vertex -63.4138 -13.5928 19.9
      vertex -63.65 -12.65 19.9
      vertex -63.4978 -13.4154 19.9
    endloop
  endfacet
  facet normal 0 0 1
    outer loop
      vertex -63.5639 -13.2306 19.9
      vertex -63.65 -12.65 19.9
      vertex -63.6116 -13.0402 19.9
    endloop
  endfacet
  facet normal 0 0 1
    outer loop
      vertex -63.4978 -13.4154 19.9
      vertex -63.65 -12.65 19.9
      vertex -63.5639 -13.2306 19.9
    endloop
  endfacet
  facet normal 0 0 1
    outer loop
      vertex -63.6116 -13.0402 19.9
      vertex -63.65 -12.65 19.9
      vertex -63.6404 -12.846 19.9
    endloop
  endfacet
  facet normal -0 0 1
    outer loop
      vertex -62.05 8.8 19.9
      vertex -39 -8.8 19.9
      vertex -39 8.8 19.9
    endloop
  endfacet
  facet normal 0 0 1
    outer loop
      vertex -39 -8.8 19.9
      vertex -62.05 8.8 19.9
      vertex -62.05 -8.8 19.9
    endloop
  endfacet
  facet normal 0 0 1
    outer loop
      vertex -13.7 -8.6 19.9
      vertex -31 -8.6 19.9
      vertex -13.7 -10.5 19.9
    endloop
  endfacet
  facet normal 0 0 1
    outer loop
      vertex 11.8861 13.2306 19.9
      vertex 7.7 10.5 19.9
      vertex 11.8409 13.05 19.9
    endloop
  endfacet
  facet normal 0 0 1
    outer loop
      vertex 11.9522 13.4154 19.9
      vertex 7.7 10.5 19.9
      vertex 11.8861 13.2306 19.9
    endloop
  endfacet
  facet normal 0 0 1
    outer loop
      vertex 12.0362 13.5928 19.9
      vertex 7.7 10.5 19.9
      vertex 11.9522 13.4154 19.9
    endloop
  endfacet
  facet normal 0 0 1
    outer loop
      vertex 12.1371 13.7611 19.9
      vertex 7.7 10.5 19.9
      vertex 12.0362 13.5928 19.9
    endloop
  endfacet
  facet normal 0 0 1
    outer loop
      vertex 12.254 13.9188 19.9
      vertex 7.7 10.5 19.9
      vertex 12.1371 13.7611 19.9
    endloop
  endfacet
  facet normal 0 0 1
    outer loop
      vertex 12.3858 14.0642 19.9
      vertex 7.7 10.5 19.9
      vertex 12.254 13.9188 19.9
    endloop
  endfacet
  facet normal 0 0 1
    outer loop
      vertex -13.7 10.5 19.9
      vertex 12.3858 14.0642 19.9
      vertex 12.5312 14.196 19.9
    endloop
  endfacet
  facet normal 0 0 1
    outer loop
      vertex 12.3858 14.0642 19.9
      vertex -13.7 10.5 19.9
      vertex 7.7 10.5 19.9
    endloop
  endfacet
  facet normal 0 0 1
    outer loop
      vertex 12.6889 14.3129 19.9
      vertex -13.7 10.5 19.9
      vertex 12.5312 14.196 19.9
    endloop
  endfacet
  facet normal 0 0 1
    outer loop
      vertex 12.8572 14.4138 19.9
      vertex -13.7 10.5 19.9
      vertex 12.6889 14.3129 19.9
    endloop
  endfacet
  facet normal 0 0 1
    outer loop
      vertex 13.0346 14.4978 19.9
      vertex -13.7 10.5 19.9
      vertex 12.8572 14.4138 19.9
    endloop
  endfacet
  facet normal 0 0 1
    outer loop
      vertex 13.2194 14.5639 19.9
      vertex -13.7 10.5 19.9
      vertex 13.0346 14.4978 19.9
    endloop
  endfacet
  facet normal 0 0 1
    outer loop
      vertex 13.4098 14.6116 19.9
      vertex -13.7 10.5 19.9
      vertex 13.2194 14.5639 19.9
    endloop
  endfacet
  facet normal 0 0 1
    outer loop
      vertex -13.7 10.5 19.9
      vertex -31 8.6 19.9
      vertex -13.7 8.6 19.9
    endloop
  endfacet
  facet normal 0 0 1
    outer loop
      vertex -61.65 14.65 19.9
      vertex -13.7 10.5 19.9
      vertex 13.4098 14.6116 19.9
    endloop
  endfacet
  facet normal 0 0 1
    outer loop
      vertex -61.65 14.65 19.9
      vertex 13.4098 14.6116 19.9
      vertex 13.604 14.6404 19.9
    endloop
  endfacet
  facet normal -0 0 1
    outer loop
      vertex -39 8.8 19.9
      vertex -31 8.6 19.9
      vertex -39 10.5 19.9
    endloop
  endfacet
  facet normal 0 0 1
    outer loop
      vertex -13.7 10.5 19.9
      vertex -39 10.5 19.9
      vertex -31 8.6 19.9
    endloop
  endfacet
  facet normal -0 0 1
    outer loop
      vertex -61.65 14.65 19.9
      vertex 13.604 14.6404 19.9
      vertex 13.8 14.65 19.9
    endloop
  endfacet
  facet normal 0 0 1
    outer loop
      vertex -13.7 10.5 19.9
      vertex -61.65 14.65 19.9
      vertex -39 10.5 19.9
    endloop
  endfacet
  facet normal 0 0 1
    outer loop
      vertex -63.65 12.65 19.9
      vertex -61.65 14.65 19.9
      vertex -61.846 14.6404 19.9
    endloop
  endfacet
  facet normal 0 0 1
    outer loop
      vertex -63.65 12.65 19.9
      vertex -61.846 14.6404 19.9
      vertex -62.0402 14.6116 19.9
    endloop
  endfacet
  facet normal 0 0 1
    outer loop
      vertex -63.65 12.65 19.9
      vertex -62.0402 14.6116 19.9
      vertex -62.2306 14.5639 19.9
    endloop
  endfacet
  facet normal 0 0 1
    outer loop
      vertex -63.65 12.65 19.9
      vertex -62.2306 14.5639 19.9
      vertex -62.4154 14.4978 19.9
    endloop
  endfacet
  facet normal 0 0 1
    outer loop
      vertex -63.65 12.65 19.9
      vertex -62.4154 14.4978 19.9
      vertex -62.5928 14.4138 19.9
    endloop
  endfacet
  facet normal 0 0 1
    outer loop
      vertex -63.65 12.65 19.9
      vertex -62.5928 14.4138 19.9
      vertex -62.7611 14.3129 19.9
    endloop
  endfacet
  facet normal 0 0 1
    outer loop
      vertex -63.65 12.65 19.9
      vertex -62.7611 14.3129 19.9
      vertex -62.9188 14.196 19.9
    endloop
  endfacet
  facet normal 0 0 1
    outer loop
      vertex -63.65 12.65 19.9
      vertex -62.9188 14.196 19.9
      vertex -63.0642 14.0642 19.9
    endloop
  endfacet
  facet normal 0 0 1
    outer loop
      vertex -63.65 12.65 19.9
      vertex -63.0642 14.0642 19.9
      vertex -63.196 13.9188 19.9
    endloop
  endfacet
  facet normal 0 0 1
    outer loop
      vertex -63.65 12.65 19.9
      vertex -63.196 13.9188 19.9
      vertex -63.3129 13.7611 19.9
    endloop
  endfacet
  facet normal 0 0 1
    outer loop
      vertex -63.65 12.65 19.9
      vertex -63.3129 13.7611 19.9
      vertex -63.4138 13.5928 19.9
    endloop
  endfacet
  facet normal 0 0 1
    outer loop
      vertex -63.65 12.65 19.9
      vertex -63.4138 13.5928 19.9
      vertex -63.4978 13.4154 19.9
    endloop
  endfacet
  facet normal 0 0 1
    outer loop
      vertex -63.65 12.65 19.9
      vertex -63.4978 13.4154 19.9
      vertex -63.5639 13.2306 19.9
    endloop
  endfacet
  facet normal 0 0 1
    outer loop
      vertex -63.65 12.65 19.9
      vertex -63.5639 13.2306 19.9
      vertex -63.6116 13.0402 19.9
    endloop
  endfacet
  facet normal 0 0 1
    outer loop
      vertex -63.65 12.65 19.9
      vertex -63.6116 13.0402 19.9
      vertex -63.6404 12.846 19.9
    endloop
  endfacet
  facet normal 0 0 1
    outer loop
      vertex -61.65 14.65 19.9
      vertex -63.65 12.65 19.9
      vertex -63.65 10.5 19.9
    endloop
  endfacet
  facet normal 0 0 1
    outer loop
      vertex -61.65 14.65 19.9
      vertex -63.65 10.5 19.9
      vertex -39 10.5 19.9
    endloop
  endfacet
  facet normal 0 0 1
    outer loop
      vertex 17.65 13.05 19.9
      vertex 17.64 8.6 19.9
      vertex 17.65 -13.05 19.9
    endloop
  endfacet
  facet normal -0 0 1
    outer loop
      vertex 11.8409 13.05 19.9
      vertex 17.64 8.6 19.9
      vertex 17.65 13.05 19.9
    endloop
  endfacet
  facet normal 0 0 1
    outer loop
      vertex 7.7 8.6 19.9
      vertex 11.8409 13.05 19.9
      vertex 7.7 10.5 19.9
    endloop
  endfacet
  facet normal 0 0 1
    outer loop
      vertex 11.8409 13.05 19.9
      vertex 7.7 8.6 19.9
      vertex 17.64 8.6 19.9
    endloop
  endfacet
  facet normal -0 0 1
    outer loop
      vertex 17.64 -8.6 19.9
      vertex 17.65 -13.05 19.9
      vertex 17.64 8.6 19.9
    endloop
  endfacet
  facet normal 0 0 1
    outer loop
      vertex 17.64 -8.6 19.9
      vertex 11.8409 -13.05 19.9
      vertex 17.65 -13.05 19.9
    endloop
  endfacet
  facet normal 0 -0 1
    outer loop
      vertex 11.8409 -13.05 19.9
      vertex 17.64 -8.6 19.9
      vertex 7.7 -8.6 19.9
    endloop
  endfacet
  facet normal -0 0 1
    outer loop
      vertex -12.5 -8.6 19.9
      vertex 6.5 -8.8 19.9
      vertex 6.5 -8.6 19.9
    endloop
  endfacet
  facet normal 0 0 1
    outer loop
      vertex 6.5 -8.8 19.9
      vertex -12.5 -8.6 19.9
      vertex -12.5 -8.8 19.9
    endloop
  endfacet
  facet normal -0 0 1
    outer loop
      vertex -12.5 8.8 19.9
      vertex 6.5 8.6 19.9
      vertex 6.5 8.8 19.9
    endloop
  endfacet
  facet normal 0 0 1
    outer loop
      vertex 6.5 8.6 19.9
      vertex -12.5 8.8 19.9
      vertex -12.5 8.6 19.9
    endloop
  endfacet
  facet normal 0.146696 -0.989182 0
    outer loop
      vertex 22.246 -14.6404 3.8147e-07
      vertex 22.4402 -14.6116 34.4
      vertex 22.246 -14.6404 34.4
    endloop
  endfacet
  facet normal 0.146696 -0.989182 0
    outer loop
      vertex 22.4402 -14.6116 34.4
      vertex 22.246 -14.6404 3.8147e-07
      vertex 22.4402 -14.6116 3.8147e-07
    endloop
  endfacet
  facet normal 0.970023 -0.243015 0
    outer loop
      vertex 23.9639 -13.2306 34.4
      vertex 24.0116 -13.0402 3.8147e-07
      vertex 24.0116 -13.0402 34.4
    endloop
  endfacet
  facet normal 0.970023 -0.243015 0
    outer loop
      vertex 24.0116 -13.0402 3.8147e-07
      vertex 23.9639 -13.2306 34.4
      vertex 23.9639 -13.2306 3.8147e-07
    endloop
  endfacet
  facet normal 0.427955 0.9038 -0
    outer loop
      vertex 22.9928 14.4138 3.8147e-07
      vertex 22.8154 14.4978 34.4
      vertex 22.9928 14.4138 34.4
    endloop
  endfacet
  facet normal 0.427955 0.9038 0
    outer loop
      vertex 22.8154 14.4978 34.4
      vertex 22.9928 14.4138 3.8147e-07
      vertex 22.8154 14.4978 3.8147e-07
    endloop
  endfacet
  facet normal 0.243015 -0.970023 0
    outer loop
      vertex 22.4402 -14.6116 3.8147e-07
      vertex 22.6306 -14.5639 34.4
      vertex 22.4402 -14.6116 34.4
    endloop
  endfacet
  facet normal 0.243015 -0.970023 0
    outer loop
      vertex 22.6306 -14.5639 34.4
      vertex 22.4402 -14.6116 3.8147e-07
      vertex 22.6306 -14.5639 3.8147e-07
    endloop
  endfacet
  facet normal 0.146696 0.989182 -0
    outer loop
      vertex 22.4402 14.6116 3.8147e-07
      vertex 22.246 14.6404 34.4
      vertex 22.4402 14.6116 34.4
    endloop
  endfacet
  facet normal 0.146696 0.989182 0
    outer loop
      vertex 22.246 14.6404 34.4
      vertex 22.4402 14.6116 3.8147e-07
      vertex 22.246 14.6404 3.8147e-07
    endloop
  endfacet
  facet normal 0.514196 0.857673 -0
    outer loop
      vertex 23.1611 14.3129 3.8147e-07
      vertex 22.9928 14.4138 34.4
      vertex 23.1611 14.3129 34.4
    endloop
  endfacet
  facet normal 0.514196 0.857673 0
    outer loop
      vertex 22.9928 14.4138 34.4
      vertex 23.1611 14.3129 3.8147e-07
      vertex 22.9928 14.4138 3.8147e-07
    endloop
  endfacet
  facet normal -0.989182 0.146696 0
    outer loop
      vertex -63.6404 12.846 3.8147e-07
      vertex -63.6116 13.0402 19.9
      vertex -63.6116 13.0402 3.8147e-07
    endloop
  endfacet
  facet normal -0.989182 0.146696 0
    outer loop
      vertex -63.6116 13.0402 19.9
      vertex -63.6404 12.846 3.8147e-07
      vertex -63.6404 12.846 19.9
    endloop
  endfacet
  facet normal 0.857673 -0.514196 0
    outer loop
      vertex 23.7129 -13.7611 34.4
      vertex 23.8138 -13.5928 3.8147e-07
      vertex 23.8138 -13.5928 34.4
    endloop
  endfacet
  facet normal 0.857673 -0.514196 0
    outer loop
      vertex 23.8138 -13.5928 3.8147e-07
      vertex 23.7129 -13.7611 34.4
      vertex 23.7129 -13.7611 3.8147e-07
    endloop
  endfacet
  facet normal 0.998803 -0.0489209 0
    outer loop
      vertex 24.0404 -12.846 34.4
      vertex 24.05 -12.65 3.8147e-07
      vertex 24.05 -12.65 34.4
    endloop
  endfacet
  facet normal 0.998803 -0.0489209 0
    outer loop
      vertex 24.05 -12.65 3.8147e-07
      vertex 24.0404 -12.846 34.4
      vertex 24.0404 -12.846 3.8147e-07
    endloop
  endfacet
  facet normal -0.514196 -0.857673 0
    outer loop
      vertex -62.7611 -14.3129 3.8147e-07
      vertex -62.5928 -14.4138 19.9
      vertex -62.7611 -14.3129 19.9
    endloop
  endfacet
  facet normal -0.514196 -0.857673 -0
    outer loop
      vertex -62.5928 -14.4138 19.9
      vertex -62.7611 -14.3129 3.8147e-07
      vertex -62.5928 -14.4138 3.8147e-07
    endloop
  endfacet
  facet normal -0.0489209 -0.998803 0
    outer loop
      vertex -61.846 -14.6404 3.8147e-07
      vertex -61.65 -14.65 19.9
      vertex -61.846 -14.6404 19.9
    endloop
  endfacet
  facet normal -0.0489209 -0.998803 -0
    outer loop
      vertex -61.65 -14.65 19.9
      vertex -61.846 -14.6404 3.8147e-07
      vertex -61.65 -14.65 3.8147e-07
    endloop
  endfacet
  facet normal -0.146696 0.989182 0
    outer loop
      vertex -61.846 14.6404 3.8147e-07
      vertex -62.0402 14.6116 19.9
      vertex -61.846 14.6404 19.9
    endloop
  endfacet
  facet normal -0.146696 0.989182 0
    outer loop
      vertex -62.0402 14.6116 19.9
      vertex -61.846 14.6404 3.8147e-07
      vertex -62.0402 14.6116 3.8147e-07
    endloop
  endfacet
  facet normal -0.740908 0.671607 0
    outer loop
      vertex -63.196 13.9188 3.8147e-07
      vertex -63.0642 14.0642 19.9
      vertex -63.0642 14.0642 3.8147e-07
    endloop
  endfacet
  facet normal -0.740908 0.671607 0
    outer loop
      vertex -63.0642 14.0642 19.9
      vertex -63.196 13.9188 3.8147e-07
      vertex -63.196 13.9188 19.9
    endloop
  endfacet
  facet normal 0.0489209 0.998803 -0
    outer loop
      vertex 22.246 14.6404 3.8147e-07
      vertex 22.05 14.65 34.4
      vertex 22.246 14.6404 34.4
    endloop
  endfacet
  facet normal 0.0489209 0.998803 0
    outer loop
      vertex 22.05 14.65 34.4
      vertex 22.246 14.6404 3.8147e-07
      vertex 22.05 14.65 3.8147e-07
    endloop
  endfacet
  facet normal -0.427955 0.9038 0
    outer loop
      vertex -62.4154 14.4978 3.8147e-07
      vertex -62.5928 14.4138 19.9
      vertex -62.4154 14.4978 19.9
    endloop
  endfacet
  facet normal -0.427955 0.9038 0
    outer loop
      vertex -62.5928 14.4138 19.9
      vertex -62.4154 14.4978 3.8147e-07
      vertex -62.5928 14.4138 3.8147e-07
    endloop
  endfacet
  facet normal -0.427955 -0.9038 0
    outer loop
      vertex -62.5928 -14.4138 3.8147e-07
      vertex -62.4154 -14.4978 19.9
      vertex -62.5928 -14.4138 19.9
    endloop
  endfacet
  facet normal -0.427955 -0.9038 -0
    outer loop
      vertex -62.4154 -14.4978 19.9
      vertex -62.5928 -14.4138 3.8147e-07
      vertex -62.4154 -14.4978 3.8147e-07
    endloop
  endfacet
  facet normal -0.595508 -0.80335 0
    outer loop
      vertex -62.9188 -14.196 3.8147e-07
      vertex -62.7611 -14.3129 19.9
      vertex -62.9188 -14.196 19.9
    endloop
  endfacet
  facet normal -0.595508 -0.80335 -0
    outer loop
      vertex -62.7611 -14.3129 19.9
      vertex -62.9188 -14.196 3.8147e-07
      vertex -62.7611 -14.3129 3.8147e-07
    endloop
  endfacet
  facet normal -0.9038 0.427955 0
    outer loop
      vertex -63.4978 13.4154 3.8147e-07
      vertex -63.4138 13.5928 19.9
      vertex -63.4138 13.5928 3.8147e-07
    endloop
  endfacet
  facet normal -0.9038 0.427955 0
    outer loop
      vertex -63.4138 13.5928 19.9
      vertex -63.4978 13.4154 3.8147e-07
      vertex -63.4978 13.4154 19.9
    endloop
  endfacet
  facet normal -0.671607 0.740908 0
    outer loop
      vertex -62.9188 14.196 3.8147e-07
      vertex -63.0642 14.0642 19.9
      vertex -62.9188 14.196 19.9
    endloop
  endfacet
  facet normal -0.671607 0.740908 0
    outer loop
      vertex -63.0642 14.0642 19.9
      vertex -62.9188 14.196 3.8147e-07
      vertex -63.0642 14.0642 3.8147e-07
    endloop
  endfacet
  facet normal 0.80335 0.595508 0
    outer loop
      vertex 23.7129 13.7611 34.4
      vertex 23.596 13.9188 3.8147e-07
      vertex 23.596 13.9188 34.4
    endloop
  endfacet
  facet normal 0.80335 0.595508 0
    outer loop
      vertex 23.596 13.9188 3.8147e-07
      vertex 23.7129 13.7611 34.4
      vertex 23.7129 13.7611 3.8147e-07
    endloop
  endfacet
  facet normal 0.336788 -0.94158 0
    outer loop
      vertex 22.6306 -14.5639 3.8147e-07
      vertex 22.8154 -14.4978 34.4
      vertex 22.6306 -14.5639 34.4
    endloop
  endfacet
  facet normal 0.336788 -0.94158 0
    outer loop
      vertex 22.8154 -14.4978 34.4
      vertex 22.6306 -14.5639 3.8147e-07
      vertex 22.8154 -14.4978 3.8147e-07
    endloop
  endfacet
  facet normal 0.243015 0.970023 -0
    outer loop
      vertex 22.6306 14.5639 3.8147e-07
      vertex 22.4402 14.6116 34.4
      vertex 22.6306 14.5639 34.4
    endloop
  endfacet
  facet normal 0.243015 0.970023 0
    outer loop
      vertex 22.4402 14.6116 34.4
      vertex 22.6306 14.5639 3.8147e-07
      vertex 22.4402 14.6116 3.8147e-07
    endloop
  endfacet
  facet normal -0.243015 0.970023 0
    outer loop
      vertex -62.0402 14.6116 3.8147e-07
      vertex -62.2306 14.5639 19.9
      vertex -62.0402 14.6116 19.9
    endloop
  endfacet
  facet normal -0.243015 0.970023 0
    outer loop
      vertex -62.2306 14.5639 19.9
      vertex -62.0402 14.6116 3.8147e-07
      vertex -62.2306 14.5639 3.8147e-07
    endloop
  endfacet
  facet normal 0.671607 0.740908 -0
    outer loop
      vertex 23.4642 14.0642 3.8147e-07
      vertex 23.3188 14.196 34.4
      vertex 23.4642 14.0642 34.4
    endloop
  endfacet
  facet normal 0.671607 0.740908 0
    outer loop
      vertex 23.3188 14.196 34.4
      vertex 23.4642 14.0642 3.8147e-07
      vertex 23.3188 14.196 3.8147e-07
    endloop
  endfacet
  facet normal 0.595508 0.80335 -0
    outer loop
      vertex 23.3188 14.196 3.8147e-07
      vertex 23.1611 14.3129 34.4
      vertex 23.3188 14.196 34.4
    endloop
  endfacet
  facet normal 0.595508 0.80335 0
    outer loop
      vertex 23.1611 14.3129 34.4
      vertex 23.3188 14.196 3.8147e-07
      vertex 23.1611 14.3129 3.8147e-07
    endloop
  endfacet
  facet normal -0.94158 0.336788 0
    outer loop
      vertex -63.5639 13.2306 3.8147e-07
      vertex -63.4978 13.4154 19.9
      vertex -63.4978 13.4154 3.8147e-07
    endloop
  endfacet
  facet normal -0.94158 0.336788 0
    outer loop
      vertex -63.4978 13.4154 19.9
      vertex -63.5639 13.2306 3.8147e-07
      vertex -63.5639 13.2306 19.9
    endloop
  endfacet
  facet normal 0.514196 -0.857673 0
    outer loop
      vertex 22.9928 -14.4138 3.8147e-07
      vertex 23.1611 -14.3129 34.4
      vertex 22.9928 -14.4138 34.4
    endloop
  endfacet
  facet normal 0.514196 -0.857673 0
    outer loop
      vertex 23.1611 -14.3129 34.4
      vertex 22.9928 -14.4138 3.8147e-07
      vertex 23.1611 -14.3129 3.8147e-07
    endloop
  endfacet
  facet normal 0.427955 -0.9038 0
    outer loop
      vertex 22.8154 -14.4978 3.8147e-07
      vertex 22.9928 -14.4138 34.4
      vertex 22.8154 -14.4978 34.4
    endloop
  endfacet
  facet normal 0.427955 -0.9038 0
    outer loop
      vertex 22.9928 -14.4138 34.4
      vertex 22.8154 -14.4978 3.8147e-07
      vertex 22.9928 -14.4138 3.8147e-07
    endloop
  endfacet
  facet normal 0.595508 -0.80335 0
    outer loop
      vertex 23.1611 -14.3129 3.8147e-07
      vertex 23.3188 -14.196 34.4
      vertex 23.1611 -14.3129 34.4
    endloop
  endfacet
  facet normal 0.595508 -0.80335 0
    outer loop
      vertex 23.3188 -14.196 34.4
      vertex 23.1611 -14.3129 3.8147e-07
      vertex 23.3188 -14.196 3.8147e-07
    endloop
  endfacet
  facet normal 0.671607 -0.740908 0
    outer loop
      vertex 23.3188 -14.196 3.8147e-07
      vertex 23.4642 -14.0642 34.4
      vertex 23.3188 -14.196 34.4
    endloop
  endfacet
  facet normal 0.671607 -0.740908 0
    outer loop
      vertex 23.4642 -14.0642 34.4
      vertex 23.3188 -14.196 3.8147e-07
      vertex 23.4642 -14.0642 3.8147e-07
    endloop
  endfacet
  facet normal 0.989182 -0.146696 0
    outer loop
      vertex 24.0116 -13.0402 34.4
      vertex 24.0404 -12.846 3.8147e-07
      vertex 24.0404 -12.846 34.4
    endloop
  endfacet
  facet normal 0.989182 -0.146696 0
    outer loop
      vertex 24.0404 -12.846 3.8147e-07
      vertex 24.0116 -13.0402 34.4
      vertex 24.0116 -13.0402 3.8147e-07
    endloop
  endfacet
  facet normal 0.80335 -0.595508 0
    outer loop
      vertex 23.596 -13.9188 34.4
      vertex 23.7129 -13.7611 3.8147e-07
      vertex 23.7129 -13.7611 34.4
    endloop
  endfacet
  facet normal 0.80335 -0.595508 0
    outer loop
      vertex 23.7129 -13.7611 3.8147e-07
      vertex 23.596 -13.9188 34.4
      vertex 23.596 -13.9188 3.8147e-07
    endloop
  endfacet
  facet normal -1 0 0
    outer loop
      vertex 17.65 -13.05 3.8147e-07
      vertex 17.65 13.05 17.9
      vertex 17.65 13.05 3.8147e-07
    endloop
  endfacet
  facet normal -1 -0 0
    outer loop
      vertex 17.65 13.05 17.9
      vertex 17.65 -13.05 3.8147e-07
      vertex 17.65 -13.05 17.9
    endloop
  endfacet
  facet normal 0 0 -1
    outer loop
      vertex 17.65 -13.05 17.9
      vertex 17.64 -8.6 17.9
      vertex 17.65 13.05 17.9
    endloop
  endfacet
  facet normal 0 0 -1
    outer loop
      vertex 17.65 -13.05 17.9
      vertex -31 -8.6 17.9
      vertex 17.64 -8.6 17.9
    endloop
  endfacet
  facet normal -0 0 -1
    outer loop
      vertex -31 -8.6 17.9
      vertex -45.56 -13.05 17.9
      vertex -31 8.6 17.9
    endloop
  endfacet
  facet normal 0 0 -1
    outer loop
      vertex -45.56 -13.05 17.9
      vertex -31 -8.6 17.9
      vertex 17.65 -13.05 17.9
    endloop
  endfacet
  facet normal 0 0 -1
    outer loop
      vertex 17.64 8.6 17.9
      vertex 17.65 13.05 17.9
      vertex 17.64 -8.6 17.9
    endloop
  endfacet
  facet normal 0 0 -1
    outer loop
      vertex -31 8.6 17.9
      vertex 17.65 13.05 17.9
      vertex 17.64 8.6 17.9
    endloop
  endfacet
  facet normal 0 0 -1
    outer loop
      vertex -31 8.6 17.9
      vertex -45.56 13.05 17.9
      vertex 17.65 13.05 17.9
    endloop
  endfacet
  facet normal 0 0 -1
    outer loop
      vertex -45.56 13.05 17.9
      vertex -31 8.6 17.9
      vertex -45.56 -13.05 17.9
    endloop
  endfacet
  facet normal 1 0 0
    outer loop
      vertex -62.05 13.05 13.9
      vertex -62.05 8 2.4
      vertex -62.05 13.05 3.8147e-07
    endloop
  endfacet
  facet normal 1 0 0
    outer loop
      vertex -62.05 13.05 13.9
      vertex -62.05 -8 2.4
      vertex -62.05 8 2.4
    endloop
  endfacet
  facet normal 1 0 0
    outer loop
      vertex -62.05 -13.05 3.8147e-07
      vertex -62.05 -8 2.4
      vertex -62.05 -13.05 13.9
    endloop
  endfacet
  facet normal 1 -0 0
    outer loop
      vertex -62.05 -13.05 13.9
      vertex -62.05 -8 2.4
      vertex -62.05 13.05 13.9
    endloop
  endfacet
  facet normal 1 -0 0
    outer loop
      vertex -62.05 8 1.2
      vertex -62.05 13.05 3.8147e-07
      vertex -62.05 8 2.4
    endloop
  endfacet
  facet normal 1 -0 0
    outer loop
      vertex -62.05 -8 1.2
      vertex -62.05 13.05 3.8147e-07
      vertex -62.05 8 1.2
    endloop
  endfacet
  facet normal 1 0 0
    outer loop
      vertex -62.05 -8 1.2
      vertex -62.05 -13.05 3.8147e-07
      vertex -62.05 13.05 3.8147e-07
    endloop
  endfacet
  facet normal 1 0 0
    outer loop
      vertex -62.05 -8 2.4
      vertex -62.05 -13.05 3.8147e-07
      vertex -62.05 -8 1.2
    endloop
  endfacet
  facet normal 1 -0 0
    outer loop
      vertex -62.05 -13.05 15.41
      vertex -62.05 13.05 15.4
      vertex -62.05 13.05 15.41
    endloop
  endfacet
  facet normal 1 0 0
    outer loop
      vertex -62.05 13.05 15.4
      vertex -62.05 -13.05 15.41
      vertex -62.05 -13.05 15.4
    endloop
  endfacet
  facet normal 0 1 0
    outer loop
      vertex -46.05 -13.05 11.91
      vertex -45.56 -13.05 17.9
      vertex 17.65 -13.05 17.9
    endloop
  endfacet
  facet normal 0 1 0
    outer loop
      vertex -45.56 -13.05 17.9
      vertex -46.04 -13.05 15.4
      vertex -62.05 -13.05 15.41
    endloop
  endfacet
  facet normal 0 1 0
    outer loop
      vertex -45.56 -13.05 17.9
      vertex -46.04 -13.05 13.9
      vertex -46.04 -13.05 15.4
    endloop
  endfacet
  facet normal 0 1 0
    outer loop
      vertex -46.04 -13.05 13.9
      vertex -46.05 -13.05 11.91
      vertex -46.05 -13.05 13.9
    endloop
  endfacet
  facet normal 0 1 0
    outer loop
      vertex -45.56 -13.05 17.9
      vertex -46.05 -13.05 11.91
      vertex -46.04 -13.05 13.9
    endloop
  endfacet
  facet normal 0 1 0
    outer loop
      vertex -62.05 -13.05 3.8147e-07
      vertex -46.05 -13.05 11.91
      vertex 17.65 -13.05 3.8147e-07
    endloop
  endfacet
  facet normal 0 1 -0
    outer loop
      vertex 17.65 -13.05 3.8147e-07
      vertex -46.05 -13.05 11.91
      vertex 17.65 -13.05 17.9
    endloop
  endfacet
  facet normal 0 1 -0
    outer loop
      vertex -45.56 -13.05 17.9
      vertex -62.06 -13.05 17.91
      vertex -45.56 -13.05 17.91
    endloop
  endfacet
  facet normal 0 1 -0
    outer loop
      vertex -62.05 -13.05 15.41
      vertex -62.06 -13.05 17.91
      vertex -45.56 -13.05 17.9
    endloop
  endfacet
  facet normal 0 1 0
    outer loop
      vertex -62.06 -13.05 17.91
      vertex -62.05 -13.05 15.41
      vertex -62.06 -13.05 15.41
    endloop
  endfacet
  facet normal 0 1 0
    outer loop
      vertex -62.05 -13.05 15.41
      vertex -46.04 -13.05 15.4
      vertex -62.05 -13.05 15.4
    endloop
  endfacet
  facet normal 0 1 -0
    outer loop
      vertex -47.25 -13.05 11.91
      vertex -62.05 -13.05 13.9
      vertex -47.25 -13.05 13.9
    endloop
  endfacet
  facet normal 0 1 0
    outer loop
      vertex -46.05 -13.05 11.91
      vertex -62.05 -13.05 3.8147e-07
      vertex -47.25 -13.05 11.91
    endloop
  endfacet
  facet normal 0 1 0
    outer loop
      vertex -47.25 -13.05 11.91
      vertex -62.05 -13.05 3.8147e-07
      vertex -62.05 -13.05 13.9
    endloop
  endfacet
  facet normal 0 -1 0
    outer loop
      vertex -62.05 13.05 13.9
      vertex -47.25 13.05 11.91
      vertex -47.25 13.05 13.9
    endloop
  endfacet
  facet normal 0 -1 -0
    outer loop
      vertex -47.25 13.05 11.91
      vertex -62.05 13.05 3.8147e-07
      vertex -46.05 13.05 11.91
    endloop
  endfacet
  facet normal 0 -1 0
    outer loop
      vertex -62.05 13.05 3.8147e-07
      vertex -47.25 13.05 11.91
      vertex -62.05 13.05 13.9
    endloop
  endfacet
  facet normal 0 -1 0
    outer loop
      vertex -46.05 13.05 13.9
      vertex -46.05 13.05 11.91
      vertex -46.04 13.05 13.9
    endloop
  endfacet
  facet normal 0 -1 0
    outer loop
      vertex -46.04 13.05 15.4
      vertex -45.56 13.05 17.91
      vertex -62.06 13.05 17.91
    endloop
  endfacet
  facet normal 0 -1 0
    outer loop
      vertex -62.05 13.05 15.41
      vertex -62.06 13.05 17.91
      vertex -62.06 13.05 15.41
    endloop
  endfacet
  facet normal 0 -1 0
    outer loop
      vertex -46.04 13.05 15.4
      vertex -62.06 13.05 17.91
      vertex -62.05 13.05 15.41
    endloop
  endfacet
  facet normal 0 -1 -0
    outer loop
      vertex -45.56 13.05 17.91
      vertex -46.04 13.05 15.4
      vertex -45.56 13.05 17.9
    endloop
  endfacet
  facet normal 0 -1 0
    outer loop
      vertex -46.04 13.05 15.4
      vertex -62.05 13.05 15.41
      vertex -62.05 13.05 15.4
    endloop
  endfacet
  facet normal 0 -1 0
    outer loop
      vertex -46.04 13.05 13.9
      vertex -45.56 13.05 17.9
      vertex -46.04 13.05 15.4
    endloop
  endfacet
  facet normal 0 -1 0
    outer loop
      vertex -46.05 13.05 11.91
      vertex -45.56 13.05 17.9
      vertex -46.04 13.05 13.9
    endloop
  endfacet
  facet normal 0 -1 -0
    outer loop
      vertex -45.56 13.05 17.9
      vertex -46.05 13.05 11.91
      vertex 17.65 13.05 17.9
    endloop
  endfacet
  facet normal 0 -1 0
    outer loop
      vertex 17.65 13.05 3.8147e-07
      vertex -46.05 13.05 11.91
      vertex -62.05 13.05 3.8147e-07
    endloop
  endfacet
  facet normal 0 -1 0
    outer loop
      vertex -46.05 13.05 11.91
      vertex 17.65 13.05 3.8147e-07
      vertex 17.65 13.05 17.9
    endloop
  endfacet
  facet normal -0.94158 -0.336788 0
    outer loop
      vertex 11.9522 -13.4154 19.9
      vertex 11.8861 -13.2306 34.4
      vertex 11.8861 -13.2306 19.9
    endloop
  endfacet
  facet normal -0.94158 -0.336788 0
    outer loop
      vertex 11.8861 -13.2306 34.4
      vertex 11.9522 -13.4154 19.9
      vertex 11.9522 -13.4154 34.4
    endloop
  endfacet
  facet normal -0.336788 -0.94158 0
    outer loop
      vertex 13.0346 -14.4978 19.9
      vertex 13.2194 -14.5639 34.4
      vertex 13.0346 -14.4978 34.4
    endloop
  endfacet
  facet normal -0.336788 -0.94158 -0
    outer loop
      vertex 13.2194 -14.5639 34.4
      vertex 13.0346 -14.4978 19.9
      vertex 13.2194 -14.5639 19.9
    endloop
  endfacet
  facet normal -0.243015 0.970023 0
    outer loop
      vertex 13.4098 14.6116 19.9
      vertex 13.2194 14.5639 34.4
      vertex 13.4098 14.6116 34.4
    endloop
  endfacet
  facet normal -0.243015 0.970023 0
    outer loop
      vertex 13.2194 14.5639 34.4
      vertex 13.4098 14.6116 19.9
      vertex 13.2194 14.5639 19.9
    endloop
  endfacet
  facet normal -0.80335 -0.595508 0
    outer loop
      vertex 12.254 -13.9188 19.9
      vertex 12.1371 -13.7611 34.4
      vertex 12.1371 -13.7611 19.9
    endloop
  endfacet
  facet normal -0.80335 -0.595508 0
    outer loop
      vertex 12.1371 -13.7611 34.4
      vertex 12.254 -13.9188 19.9
      vertex 12.254 -13.9188 34.4
    endloop
  endfacet
  facet normal -0.970079 0.242788 0
    outer loop
      vertex 11.8409 13.05 32.9
      vertex 11.8861 13.2306 19.9
      vertex 11.8409 13.05 19.9
    endloop
  endfacet
  facet normal -0.970079 0.242788 0
    outer loop
      vertex 11.8861 13.2306 19.9
      vertex 11.8409 13.05 32.9
      vertex 11.8861 13.2306 34.4
    endloop
  endfacet
  facet normal -0.968968 0.247186 0
    outer loop
      vertex 11.8384 13.0402 34.4
      vertex 11.8409 13.05 32.9
      vertex 11.8384 13.0402 32.9
    endloop
  endfacet
  facet normal -0.970023 0.243015 -2.90056e-05
    outer loop
      vertex 11.8409 13.05 32.9
      vertex 11.8384 13.0402 34.4
      vertex 11.8861 13.2306 34.4
    endloop
  endfacet
  facet normal -0.989182 -0.146696 0
    outer loop
      vertex 11.8384 -13.0402 32.9
      vertex 11.8096 -12.846 34.4
      vertex 11.8096 -12.846 32.9
    endloop
  endfacet
  facet normal -0.989182 -0.146696 0
    outer loop
      vertex 11.8096 -12.846 34.4
      vertex 11.8384 -13.0402 32.9
      vertex 11.8384 -13.0402 34.4
    endloop
  endfacet
  facet normal -0.0489209 -0.998803 0
    outer loop
      vertex 13.604 -14.6404 19.9
      vertex 13.8 -14.65 34.4
      vertex 13.604 -14.6404 34.4
    endloop
  endfacet
  facet normal -0.0489209 -0.998803 -0
    outer loop
      vertex 13.8 -14.65 34.4
      vertex 13.604 -14.6404 19.9
      vertex 13.8 -14.65 19.9
    endloop
  endfacet
  facet normal -0.998803 0.0489209 0
    outer loop
      vertex 11.8 12.65 32.9
      vertex 11.8096 12.846 34.4
      vertex 11.8096 12.846 32.9
    endloop
  endfacet
  facet normal -0.998803 0.0489209 0
    outer loop
      vertex 11.8096 12.846 34.4
      vertex 11.8 12.65 32.9
      vertex 11.8 12.65 34.4
    endloop
  endfacet
  facet normal -0.146696 0.989182 0
    outer loop
      vertex 13.604 14.6404 19.9
      vertex 13.4098 14.6116 34.4
      vertex 13.604 14.6404 34.4
    endloop
  endfacet
  facet normal -0.146696 0.989182 0
    outer loop
      vertex 13.4098 14.6116 34.4
      vertex 13.604 14.6404 19.9
      vertex 13.4098 14.6116 19.9
    endloop
  endfacet
  facet normal -1 0 0
    outer loop
      vertex 11.8 -12.65 32.9
      vertex 11.8 12.65 34.4
      vertex 11.8 12.65 32.9
    endloop
  endfacet
  facet normal -1 -0 0
    outer loop
      vertex 11.8 12.65 34.4
      vertex 11.8 -12.65 32.9
      vertex 11.8 -12.65 34.4
    endloop
  endfacet
  facet normal -0.857673 -0.514196 0
    outer loop
      vertex 12.1371 -13.7611 19.9
      vertex 12.0362 -13.5928 34.4
      vertex 12.0362 -13.5928 19.9
    endloop
  endfacet
  facet normal -0.857673 -0.514196 0
    outer loop
      vertex 12.0362 -13.5928 34.4
      vertex 12.1371 -13.7611 19.9
      vertex 12.1371 -13.7611 34.4
    endloop
  endfacet
  facet normal -0.427955 0.9038 0
    outer loop
      vertex 13.0346 14.4978 19.9
      vertex 12.8572 14.4138 34.4
      vertex 13.0346 14.4978 34.4
    endloop
  endfacet
  facet normal -0.427955 0.9038 0
    outer loop
      vertex 12.8572 14.4138 34.4
      vertex 13.0346 14.4978 19.9
      vertex 12.8572 14.4138 19.9
    endloop
  endfacet
  facet normal -0.740908 0.671607 0
    outer loop
      vertex 12.254 13.9188 19.9
      vertex 12.3858 14.0642 34.4
      vertex 12.3858 14.0642 19.9
    endloop
  endfacet
  facet normal -0.740908 0.671607 0
    outer loop
      vertex 12.3858 14.0642 34.4
      vertex 12.254 13.9188 19.9
      vertex 12.254 13.9188 34.4
    endloop
  endfacet
  facet normal -0.671607 0.740908 0
    outer loop
      vertex 12.5312 14.196 19.9
      vertex 12.3858 14.0642 34.4
      vertex 12.5312 14.196 34.4
    endloop
  endfacet
  facet normal -0.671607 0.740908 0
    outer loop
      vertex 12.3858 14.0642 34.4
      vertex 12.5312 14.196 19.9
      vertex 12.3858 14.0642 19.9
    endloop
  endfacet
  facet normal -0.9038 0.427955 0
    outer loop
      vertex 11.9522 13.4154 19.9
      vertex 12.0362 13.5928 34.4
      vertex 12.0362 13.5928 19.9
    endloop
  endfacet
  facet normal -0.9038 0.427955 0
    outer loop
      vertex 12.0362 13.5928 34.4
      vertex 11.9522 13.4154 19.9
      vertex 11.9522 13.4154 34.4
    endloop
  endfacet
  facet normal -0.9038 -0.427955 0
    outer loop
      vertex 12.0362 -13.5928 19.9
      vertex 11.9522 -13.4154 34.4
      vertex 11.9522 -13.4154 19.9
    endloop
  endfacet
  facet normal -0.9038 -0.427955 0
    outer loop
      vertex 11.9522 -13.4154 34.4
      vertex 12.0362 -13.5928 19.9
      vertex 12.0362 -13.5928 34.4
    endloop
  endfacet
  facet normal -0.146696 -0.989182 0
    outer loop
      vertex 13.4098 -14.6116 19.9
      vertex 13.604 -14.6404 34.4
      vertex 13.4098 -14.6116 34.4
    endloop
  endfacet
  facet normal -0.146696 -0.989182 -0
    outer loop
      vertex 13.604 -14.6404 34.4
      vertex 13.4098 -14.6116 19.9
      vertex 13.604 -14.6404 19.9
    endloop
  endfacet
  facet normal -0.970079 -0.242788 0
    outer loop
      vertex 11.8409 -13.05 19.9
      vertex 11.8861 -13.2306 19.9
      vertex 11.8409 -13.05 32.9
    endloop
  endfacet
  facet normal -0.968968 -0.247186 0
    outer loop
      vertex 11.8409 -13.05 32.9
      vertex 11.8384 -13.0402 34.4
      vertex 11.8384 -13.0402 32.9
    endloop
  endfacet
  facet normal -0.970079 -0.242788 -0
    outer loop
      vertex 11.8861 -13.2306 34.4
      vertex 11.8409 -13.05 32.9
      vertex 11.8861 -13.2306 19.9
    endloop
  endfacet
  facet normal -0.970023 -0.243015 -2.90056e-05
    outer loop
      vertex 11.8409 -13.05 32.9
      vertex 11.8861 -13.2306 34.4
      vertex 11.8384 -13.0402 34.4
    endloop
  endfacet
  facet normal -0.998803 -0.0489209 0
    outer loop
      vertex 11.8096 -12.846 32.9
      vertex 11.8 -12.65 34.4
      vertex 11.8 -12.65 32.9
    endloop
  endfacet
  facet normal -0.998803 -0.0489209 0
    outer loop
      vertex 11.8 -12.65 34.4
      vertex 11.8096 -12.846 32.9
      vertex 11.8096 -12.846 34.4
    endloop
  endfacet
  facet normal -0.427955 -0.9038 0
    outer loop
      vertex 12.8572 -14.4138 19.9
      vertex 13.0346 -14.4978 34.4
      vertex 12.8572 -14.4138 34.4
    endloop
  endfacet
  facet normal -0.427955 -0.9038 -0
    outer loop
      vertex 13.0346 -14.4978 34.4
      vertex 12.8572 -14.4138 19.9
      vertex 13.0346 -14.4978 19.9
    endloop
  endfacet
  facet normal -0.989182 0.146696 0
    outer loop
      vertex 11.8096 12.846 32.9
      vertex 11.8384 13.0402 34.4
      vertex 11.8384 13.0402 32.9
    endloop
  endfacet
  facet normal -0.989182 0.146696 0
    outer loop
      vertex 11.8384 13.0402 34.4
      vertex 11.8096 12.846 32.9
      vertex 11.8096 12.846 34.4
    endloop
  endfacet
  facet normal -0.0489209 0.998803 0
    outer loop
      vertex 13.8 14.65 19.9
      vertex 13.604 14.6404 34.4
      vertex 13.8 14.65 34.4
    endloop
  endfacet
  facet normal -0.0489209 0.998803 0
    outer loop
      vertex 13.604 14.6404 34.4
      vertex 13.8 14.65 19.9
      vertex 13.604 14.6404 19.9
    endloop
  endfacet
  facet normal -0.514196 -0.857673 0
    outer loop
      vertex 12.6889 -14.3129 19.9
      vertex 12.8572 -14.4138 34.4
      vertex 12.6889 -14.3129 34.4
    endloop
  endfacet
  facet normal -0.514196 -0.857673 -0
    outer loop
      vertex 12.8572 -14.4138 34.4
      vertex 12.6889 -14.3129 19.9
      vertex 12.8572 -14.4138 19.9
    endloop
  endfacet
  facet normal -0.740908 -0.671607 0
    outer loop
      vertex 12.3858 -14.0642 19.9
      vertex 12.254 -13.9188 34.4
      vertex 12.254 -13.9188 19.9
    endloop
  endfacet
  facet normal -0.740908 -0.671607 0
    outer loop
      vertex 12.254 -13.9188 34.4
      vertex 12.3858 -14.0642 19.9
      vertex 12.3858 -14.0642 34.4
    endloop
  endfacet
  facet normal -0.94158 0.336788 0
    outer loop
      vertex 11.8861 13.2306 19.9
      vertex 11.9522 13.4154 34.4
      vertex 11.9522 13.4154 19.9
    endloop
  endfacet
  facet normal -0.94158 0.336788 0
    outer loop
      vertex 11.9522 13.4154 34.4
      vertex 11.8861 13.2306 19.9
      vertex 11.8861 13.2306 34.4
    endloop
  endfacet
  facet normal -0.514196 0.857673 0
    outer loop
      vertex 12.8572 14.4138 19.9
      vertex 12.6889 14.3129 34.4
      vertex 12.8572 14.4138 34.4
    endloop
  endfacet
  facet normal -0.514196 0.857673 0
    outer loop
      vertex 12.6889 14.3129 34.4
      vertex 12.8572 14.4138 19.9
      vertex 12.6889 14.3129 19.9
    endloop
  endfacet
  facet normal 0 0 1
    outer loop
      vertex 22.05 14.65 34.4
      vertex 24.05 6 34.4
      vertex 24.05 12.65 34.4
    endloop
  endfacet
  facet normal 0 0 1
    outer loop
      vertex 24.05 6 34.4
      vertex 11.8 12.65 34.4
      vertex 24.05 -6 34.4
    endloop
  endfacet
  facet normal 0 0 1
    outer loop
      vertex 22.05 14.65 34.4
      vertex 24.05 12.65 34.4
      vertex 24.0404 12.846 34.4
    endloop
  endfacet
  facet normal 0 0 1
    outer loop
      vertex 11.8 -12.65 34.4
      vertex 24.05 -6 34.4
      vertex 11.8 12.65 34.4
    endloop
  endfacet
  facet normal 0 0 1
    outer loop
      vertex 22.05 14.65 34.4
      vertex 24.0404 12.846 34.4
      vertex 24.0116 13.0402 34.4
    endloop
  endfacet
  facet normal 0 -0 1
    outer loop
      vertex 13.8 -14.65 34.4
      vertex 24.05 -6 34.4
      vertex 11.8 -12.65 34.4
    endloop
  endfacet
  facet normal 0 0 1
    outer loop
      vertex 22.05 14.65 34.4
      vertex 24.0116 13.0402 34.4
      vertex 23.9639 13.2306 34.4
    endloop
  endfacet
  facet normal 0 0 1
    outer loop
      vertex 24.05 -6 34.4
      vertex 22.05 -14.65 34.4
      vertex 24.05 -12.65 34.4
    endloop
  endfacet
  facet normal 0 0 1
    outer loop
      vertex 22.05 14.65 34.4
      vertex 23.9639 13.2306 34.4
      vertex 23.8978 13.4154 34.4
    endloop
  endfacet
  facet normal 0 0 1
    outer loop
      vertex 24.05 -12.65 34.4
      vertex 22.05 -14.65 34.4
      vertex 24.0404 -12.846 34.4
    endloop
  endfacet
  facet normal 0 0 1
    outer loop
      vertex 22.05 14.65 34.4
      vertex 23.8978 13.4154 34.4
      vertex 23.8138 13.5928 34.4
    endloop
  endfacet
  facet normal 0 0 1
    outer loop
      vertex 24.0404 -12.846 34.4
      vertex 22.05 -14.65 34.4
      vertex 24.0116 -13.0402 34.4
    endloop
  endfacet
  facet normal 0 0 1
    outer loop
      vertex 22.05 14.65 34.4
      vertex 23.8138 13.5928 34.4
      vertex 23.7129 13.7611 34.4
    endloop
  endfacet
  facet normal 0 0 1
    outer loop
      vertex 24.0116 -13.0402 34.4
      vertex 22.05 -14.65 34.4
      vertex 23.9639 -13.2306 34.4
    endloop
  endfacet
  facet normal 0 0 1
    outer loop
      vertex 22.05 14.65 34.4
      vertex 23.7129 13.7611 34.4
      vertex 23.596 13.9188 34.4
    endloop
  endfacet
  facet normal 0 0 1
    outer loop
      vertex 23.9639 -13.2306 34.4
      vertex 22.05 -14.65 34.4
      vertex 23.8978 -13.4154 34.4
    endloop
  endfacet
  facet normal 0 0 1
    outer loop
      vertex 22.05 14.65 34.4
      vertex 23.596 13.9188 34.4
      vertex 23.4642 14.0642 34.4
    endloop
  endfacet
  facet normal 0 0 1
    outer loop
      vertex 23.8978 -13.4154 34.4
      vertex 22.05 -14.65 34.4
      vertex 23.8138 -13.5928 34.4
    endloop
  endfacet
  facet normal 0 0 1
    outer loop
      vertex 22.05 14.65 34.4
      vertex 23.4642 14.0642 34.4
      vertex 23.3188 14.196 34.4
    endloop
  endfacet
  facet normal 0 0 1
    outer loop
      vertex 23.8138 -13.5928 34.4
      vertex 22.05 -14.65 34.4
      vertex 23.7129 -13.7611 34.4
    endloop
  endfacet
  facet normal 0 0 1
    outer loop
      vertex 22.05 14.65 34.4
      vertex 23.3188 14.196 34.4
      vertex 23.1611 14.3129 34.4
    endloop
  endfacet
  facet normal 0 0 1
    outer loop
      vertex 23.7129 -13.7611 34.4
      vertex 22.05 -14.65 34.4
      vertex 23.596 -13.9188 34.4
    endloop
  endfacet
  facet normal 0 0 1
    outer loop
      vertex 22.05 14.65 34.4
      vertex 23.1611 14.3129 34.4
      vertex 22.9928 14.4138 34.4
    endloop
  endfacet
  facet normal 0 0 1
    outer loop
      vertex 23.596 -13.9188 34.4
      vertex 22.05 -14.65 34.4
      vertex 23.4642 -14.0642 34.4
    endloop
  endfacet
  facet normal 0 0 1
    outer loop
      vertex 22.05 14.65 34.4
      vertex 22.9928 14.4138 34.4
      vertex 22.8154 14.4978 34.4
    endloop
  endfacet
  facet normal -0 0 1
    outer loop
      vertex 13.8 14.65 34.4
      vertex 24.05 6 34.4
      vertex 22.05 14.65 34.4
    endloop
  endfacet
  facet normal 0 0 1
    outer loop
      vertex 22.05 14.65 34.4
      vertex 22.8154 14.4978 34.4
      vertex 22.6306 14.5639 34.4
    endloop
  endfacet
  facet normal 0 0 1
    outer loop
      vertex 23.4642 -14.0642 34.4
      vertex 22.05 -14.65 34.4
      vertex 23.3188 -14.196 34.4
    endloop
  endfacet
  facet normal 0 0 1
    outer loop
      vertex 22.05 14.65 34.4
      vertex 22.6306 14.5639 34.4
      vertex 22.4402 14.6116 34.4
    endloop
  endfacet
  facet normal 0 0 1
    outer loop
      vertex 22.9928 -14.4138 34.4
      vertex 22.05 -14.65 34.4
      vertex 22.8154 -14.4978 34.4
    endloop
  endfacet
  facet normal 0 0 1
    outer loop
      vertex 22.05 14.65 34.4
      vertex 22.4402 14.6116 34.4
      vertex 22.246 14.6404 34.4
    endloop
  endfacet
  facet normal 0 0 1
    outer loop
      vertex 22.8154 -14.4978 34.4
      vertex 22.05 -14.65 34.4
      vertex 22.6306 -14.5639 34.4
    endloop
  endfacet
  facet normal 0 0 1
    outer loop
      vertex 22.6306 -14.5639 34.4
      vertex 22.05 -14.65 34.4
      vertex 22.4402 -14.6116 34.4
    endloop
  endfacet
  facet normal 0 0 1
    outer loop
      vertex 22.4402 -14.6116 34.4
      vertex 22.05 -14.65 34.4
      vertex 22.246 -14.6404 34.4
    endloop
  endfacet
  facet normal 0 0 1
    outer loop
      vertex 24.05 6 34.4
      vertex 13.8 14.65 34.4
      vertex 11.8 12.65 34.4
    endloop
  endfacet
  facet normal 0 0 1
    outer loop
      vertex 23.3188 -14.196 34.4
      vertex 22.05 -14.65 34.4
      vertex 23.1611 -14.3129 34.4
    endloop
  endfacet
  facet normal 0 0 1
    outer loop
      vertex 11.8 12.65 34.4
      vertex 13.8 14.65 34.4
      vertex 13.604 14.6404 34.4
    endloop
  endfacet
  facet normal 0 0 1
    outer loop
      vertex 23.1611 -14.3129 34.4
      vertex 22.05 -14.65 34.4
      vertex 22.9928 -14.4138 34.4
    endloop
  endfacet
  facet normal 0 0 1
    outer loop
      vertex 11.8 12.65 34.4
      vertex 13.604 14.6404 34.4
      vertex 13.4098 14.6116 34.4
    endloop
  endfacet
  facet normal 0 0 1
    outer loop
      vertex 24.05 -6 34.4
      vertex 13.8 -14.65 34.4
      vertex 22.05 -14.65 34.4
    endloop
  endfacet
  facet normal 0 0 1
    outer loop
      vertex 11.8 12.65 34.4
      vertex 13.4098 14.6116 34.4
      vertex 13.2194 14.5639 34.4
    endloop
  endfacet
  facet normal 0 0 1
    outer loop
      vertex 13.8 -14.65 34.4
      vertex 11.8 -12.65 34.4
      vertex 13.604 -14.6404 34.4
    endloop
  endfacet
  facet normal 0 0 1
    outer loop
      vertex 11.8 12.65 34.4
      vertex 13.2194 14.5639 34.4
      vertex 13.0346 14.4978 34.4
    endloop
  endfacet
  facet normal 0 0 1
    outer loop
      vertex 13.604 -14.6404 34.4
      vertex 11.8 -12.65 34.4
      vertex 13.4098 -14.6116 34.4
    endloop
  endfacet
  facet normal 0 0 1
    outer loop
      vertex 11.8 12.65 34.4
      vertex 13.0346 14.4978 34.4
      vertex 12.8572 14.4138 34.4
    endloop
  endfacet
  facet normal 0 0 1
    outer loop
      vertex 13.4098 -14.6116 34.4
      vertex 11.8 -12.65 34.4
      vertex 13.2194 -14.5639 34.4
    endloop
  endfacet
  facet normal 0 0 1
    outer loop
      vertex 11.8 12.65 34.4
      vertex 12.8572 14.4138 34.4
      vertex 12.6889 14.3129 34.4
    endloop
  endfacet
  facet normal 0 0 1
    outer loop
      vertex 13.2194 -14.5639 34.4
      vertex 11.8 -12.65 34.4
      vertex 13.0346 -14.4978 34.4
    endloop
  endfacet
  facet normal 0 0 1
    outer loop
      vertex 11.8 12.65 34.4
      vertex 12.6889 14.3129 34.4
      vertex 12.5312 14.196 34.4
    endloop
  endfacet
  facet normal 0 0 1
    outer loop
      vertex 13.0346 -14.4978 34.4
      vertex 11.8 -12.65 34.4
      vertex 12.8572 -14.4138 34.4
    endloop
  endfacet
  facet normal 0 0 1
    outer loop
      vertex 11.8 12.65 34.4
      vertex 12.5312 14.196 34.4
      vertex 12.3858 14.0642 34.4
    endloop
  endfacet
  facet normal 0 0 1
    outer loop
      vertex 12.8572 -14.4138 34.4
      vertex 11.8 -12.65 34.4
      vertex 12.6889 -14.3129 34.4
    endloop
  endfacet
  facet normal 0 0 1
    outer loop
      vertex 11.8 12.65 34.4
      vertex 12.3858 14.0642 34.4
      vertex 12.254 13.9188 34.4
    endloop
  endfacet
  facet normal 0 0 1
    outer loop
      vertex 12.6889 -14.3129 34.4
      vertex 11.8 -12.65 34.4
      vertex 12.5312 -14.196 34.4
    endloop
  endfacet
  facet normal 0 0 1
    outer loop
      vertex 11.8 12.65 34.4
      vertex 12.254 13.9188 34.4
      vertex 12.1371 13.7611 34.4
    endloop
  endfacet
  facet normal 0 0 1
    outer loop
      vertex 12.5312 -14.196 34.4
      vertex 11.8 -12.65 34.4
      vertex 12.3858 -14.0642 34.4
    endloop
  endfacet
  facet normal 0 0 1
    outer loop
      vertex 11.8 12.65 34.4
      vertex 12.1371 13.7611 34.4
      vertex 12.0362 13.5928 34.4
    endloop
  endfacet
  facet normal 0 0 1
    outer loop
      vertex 12.3858 -14.0642 34.4
      vertex 11.8 -12.65 34.4
      vertex 12.254 -13.9188 34.4
    endloop
  endfacet
  facet normal 0 0 1
    outer loop
      vertex 11.8 12.65 34.4
      vertex 12.0362 13.5928 34.4
      vertex 11.9522 13.4154 34.4
    endloop
  endfacet
  facet normal 0 0 1
    outer loop
      vertex 12.254 -13.9188 34.4
      vertex 11.8 -12.65 34.4
      vertex 12.1371 -13.7611 34.4
    endloop
  endfacet
  facet normal 0 0 1
    outer loop
      vertex 11.8 12.65 34.4
      vertex 11.9522 13.4154 34.4
      vertex 11.8861 13.2306 34.4
    endloop
  endfacet
  facet normal 0 0 1
    outer loop
      vertex 12.1371 -13.7611 34.4
      vertex 11.8 -12.65 34.4
      vertex 12.0362 -13.5928 34.4
    endloop
  endfacet
  facet normal 0 0 1
    outer loop
      vertex 11.8 12.65 34.4
      vertex 11.8861 13.2306 34.4
      vertex 11.8384 13.0402 34.4
    endloop
  endfacet
  facet normal 0 0 1
    outer loop
      vertex 12.0362 -13.5928 34.4
      vertex 11.8 -12.65 34.4
      vertex 11.9522 -13.4154 34.4
    endloop
  endfacet
  facet normal 0 0 1
    outer loop
      vertex 11.8 12.65 34.4
      vertex 11.8384 13.0402 34.4
      vertex 11.8096 12.846 34.4
    endloop
  endfacet
  facet normal 0 0 1
    outer loop
      vertex 11.9522 -13.4154 34.4
      vertex 11.8 -12.65 34.4
      vertex 11.8861 -13.2306 34.4
    endloop
  endfacet
  facet normal 0 0 1
    outer loop
      vertex 11.8861 -13.2306 34.4
      vertex 11.8 -12.65 34.4
      vertex 11.8384 -13.0402 34.4
    endloop
  endfacet
  facet normal 0 0 1
    outer loop
      vertex 11.8384 -13.0402 34.4
      vertex 11.8 -12.65 34.4
      vertex 11.8096 -12.846 34.4
    endloop
  endfacet
  facet normal -0 0 1
    outer loop
      vertex 24.05 6 34.4
      vertex 29.85 -6 34.4
      vertex 29.85 6 34.4
    endloop
  endfacet
  facet normal 0 0 1
    outer loop
      vertex 29.85 -6 34.4
      vertex 24.05 6 34.4
      vertex 24.05 -6 34.4
    endloop
  endfacet
  facet normal -0.595508 -0.80335 0
    outer loop
      vertex 12.5312 -14.196 19.9
      vertex 12.6889 -14.3129 34.4
      vertex 12.5312 -14.196 34.4
    endloop
  endfacet
  facet normal -0.595508 -0.80335 -0
    outer loop
      vertex 12.6889 -14.3129 34.4
      vertex 12.5312 -14.196 19.9
      vertex 12.6889 -14.3129 19.9
    endloop
  endfacet
  facet normal -0.857673 0.514196 0
    outer loop
      vertex 12.0362 13.5928 19.9
      vertex 12.1371 13.7611 34.4
      vertex 12.1371 13.7611 19.9
    endloop
  endfacet
  facet normal -0.857673 0.514196 0
    outer loop
      vertex 12.1371 13.7611 34.4
      vertex 12.0362 13.5928 19.9
      vertex 12.0362 13.5928 34.4
    endloop
  endfacet
  facet normal -0.595508 0.80335 0
    outer loop
      vertex 12.6889 14.3129 19.9
      vertex 12.5312 14.196 34.4
      vertex 12.6889 14.3129 34.4
    endloop
  endfacet
  facet normal -0.595508 0.80335 0
    outer loop
      vertex 12.5312 14.196 34.4
      vertex 12.6889 14.3129 19.9
      vertex 12.5312 14.196 19.9
    endloop
  endfacet
  facet normal -0.336788 0.94158 0
    outer loop
      vertex 13.2194 14.5639 19.9
      vertex 13.0346 14.4978 34.4
      vertex 13.2194 14.5639 34.4
    endloop
  endfacet
  facet normal -0.336788 0.94158 0
    outer loop
      vertex 13.0346 14.4978 34.4
      vertex 13.2194 14.5639 19.9
      vertex 13.0346 14.4978 19.9
    endloop
  endfacet
  facet normal -0.243015 -0.970023 0
    outer loop
      vertex 13.2194 -14.5639 19.9
      vertex 13.4098 -14.6116 34.4
      vertex 13.2194 -14.5639 34.4
    endloop
  endfacet
  facet normal -0.243015 -0.970023 -0
    outer loop
      vertex 13.4098 -14.6116 34.4
      vertex 13.2194 -14.5639 19.9
      vertex 13.4098 -14.6116 19.9
    endloop
  endfacet
  facet normal -0.671607 -0.740908 0
    outer loop
      vertex 12.3858 -14.0642 19.9
      vertex 12.5312 -14.196 34.4
      vertex 12.3858 -14.0642 34.4
    endloop
  endfacet
  facet normal -0.671607 -0.740908 -0
    outer loop
      vertex 12.5312 -14.196 34.4
      vertex 12.3858 -14.0642 19.9
      vertex 12.5312 -14.196 19.9
    endloop
  endfacet
  facet normal -0.80335 0.595508 0
    outer loop
      vertex 12.1371 13.7611 19.9
      vertex 12.254 13.9188 34.4
      vertex 12.254 13.9188 19.9
    endloop
  endfacet
  facet normal -0.80335 0.595508 0
    outer loop
      vertex 12.254 13.9188 34.4
      vertex 12.1371 13.7611 19.9
      vertex 12.1371 13.7611 34.4
    endloop
  endfacet
  facet normal -1 0 0
    outer loop
      vertex 17.65 -13.05 19.9
      vertex 17.65 13.05 32.9
      vertex 17.65 13.05 19.9
    endloop
  endfacet
  facet normal -1 -0 0
    outer loop
      vertex 17.65 13.05 32.9
      vertex 17.65 -13.05 19.9
      vertex 17.65 -13.05 32.9
    endloop
  endfacet
  facet normal 0 0 -1
    outer loop
      vertex 11.8 -12.65 32.9
      vertex 17.65 -13.05 32.9
      vertex 11.8409 -13.05 32.9
    endloop
  endfacet
  facet normal 0 0 -1
    outer loop
      vertex 17.65 -13.05 32.9
      vertex 11.8 -12.65 32.9
      vertex 17.65 13.05 32.9
    endloop
  endfacet
  facet normal 0 0 -1
    outer loop
      vertex 11.8096 -12.846 32.9
      vertex 11.8409 -13.05 32.9
      vertex 11.8384 -13.0402 32.9
    endloop
  endfacet
  facet normal 0 0 -1
    outer loop
      vertex 11.8 12.65 32.9
      vertex 17.65 13.05 32.9
      vertex 11.8 -12.65 32.9
    endloop
  endfacet
  facet normal 0 0 -1
    outer loop
      vertex 11.8409 -13.05 32.9
      vertex 11.8096 -12.846 32.9
      vertex 11.8 -12.65 32.9
    endloop
  endfacet
  facet normal -0 0 -1
    outer loop
      vertex 17.65 13.05 32.9
      vertex 11.8 12.65 32.9
      vertex 11.8409 13.05 32.9
    endloop
  endfacet
  facet normal 0 -0 -1
    outer loop
      vertex 11.8096 12.846 32.9
      vertex 11.8409 13.05 32.9
      vertex 11.8 12.65 32.9
    endloop
  endfacet
  facet normal 0 0 -1
    outer loop
      vertex 11.8409 13.05 32.9
      vertex 11.8096 12.846 32.9
      vertex 11.8384 13.0402 32.9
    endloop
  endfacet
  facet normal 0 1 -0
    outer loop
      vertex 17.65 -13.05 19.9
      vertex 11.8409 -13.05 32.9
      vertex 17.65 -13.05 32.9
    endloop
  endfacet
  facet normal 0 1 0
    outer loop
      vertex 11.8409 -13.05 32.9
      vertex 17.65 -13.05 19.9
      vertex 11.8409 -13.05 19.9
    endloop
  endfacet
  facet normal 0 -1 0
    outer loop
      vertex 11.8409 13.05 19.9
      vertex 17.65 13.05 32.9
      vertex 11.8409 13.05 32.9
    endloop
  endfacet
  facet normal 0 -1 -0
    outer loop
      vertex 17.65 13.05 32.9
      vertex 11.8409 13.05 19.9
      vertex 17.65 13.05 19.9
    endloop
  endfacet
  facet normal 1 0 0
    outer loop
      vertex 7.7 10.5 37.5
      vertex 7.7 8.6 20.9
      vertex 7.7 10.5 19.9
    endloop
  endfacet
  facet normal 1 0 0
    outer loop
      vertex 7.7 10.5 37.5
      vertex 7.7 -8.6 20.9
      vertex 7.7 8.6 20.9
    endloop
  endfacet
  facet normal 1 -0 0
    outer loop
      vertex 7.7 -10.5 37.5
      vertex 7.7 -8.6 20.9
      vertex 7.7 10.5 37.5
    endloop
  endfacet
  facet normal 1 0 0
    outer loop
      vertex 7.7 -10.5 19.9
      vertex 7.7 -8.6 20.9
      vertex 7.7 -10.5 37.5
    endloop
  endfacet
  facet normal 1 0 0
    outer loop
      vertex 7.7 -8.6 20.9
      vertex 7.7 -10.5 19.9
      vertex 7.7 -8.6 19.9
    endloop
  endfacet
  facet normal 1 0 0
    outer loop
      vertex 7.7 10.5 19.9
      vertex 7.7 8.6 20.9
      vertex 7.7 8.6 19.9
    endloop
  endfacet
  facet normal 0 0 1
    outer loop
      vertex 7.7 10.5 37.5
      vertex 6.5 8.8 37.5
      vertex 7.7 -10.5 37.5
    endloop
  endfacet
  facet normal -0 0 1
    outer loop
      vertex 2.6901 10.5 37.5
      vertex 6.5 8.8 37.5
      vertex 7.7 10.5 37.5
    endloop
  endfacet
  facet normal 0 0 1
    outer loop
      vertex 6.5 8.8 37.5
      vertex 2.6901 10.5 37.5
      vertex 2.6901 8.8 37.5
    endloop
  endfacet
  facet normal -0 0 1
    outer loop
      vertex 6.5 -8.8 37.5
      vertex 7.7 -10.5 37.5
      vertex 6.5 8.8 37.5
    endloop
  endfacet
  facet normal 0 0 1
    outer loop
      vertex 2.6901 -10.5 37.5
      vertex 6.5 -8.8 37.5
      vertex 2.6901 -8.8 37.5
    endloop
  endfacet
  facet normal 0 0 1
    outer loop
      vertex 6.5 -8.8 37.5
      vertex 2.6901 -10.5 37.5
      vertex 7.7 -10.5 37.5
    endloop
  endfacet
  facet normal 0 0 1
    outer loop
      vertex -2.6901 10.5 37.5
      vertex -12.5 8.8 37.5
      vertex -2.6901 8.8 37.5
    endloop
  endfacet
  facet normal 0 0 1
    outer loop
      vertex -12.5 8.8 37.5
      vertex -13.7 10.5 37.5
      vertex -12.5 -8.8 37.5
    endloop
  endfacet
  facet normal -0 0 1
    outer loop
      vertex -13.7 10.5 37.5
      vertex -12.5 8.8 37.5
      vertex -2.6901 10.5 37.5
    endloop
  endfacet
  facet normal -0 0 1
    outer loop
      vertex -12.5 -8.8 37.5
      vertex -2.6901 -10.5 37.5
      vertex -2.6901 -8.8 37.5
    endloop
  endfacet
  facet normal 0 0 1
    outer loop
      vertex -12.5 -8.8 37.5
      vertex -13.7 -10.5 37.5
      vertex -2.6901 -10.5 37.5
    endloop
  endfacet
  facet normal 0 0 1
    outer loop
      vertex -13.7 -10.5 37.5
      vertex -12.5 -8.8 37.5
      vertex -13.7 10.5 37.5
    endloop
  endfacet
  facet normal -1 0 0
    outer loop
      vertex -13.7 -8.6 19.9
      vertex -13.7 -10.5 19.9
      vertex -13.7 -8.6 20.9
    endloop
  endfacet
  facet normal -1 0 0
    outer loop
      vertex -13.7 -6.6 20.9
      vertex -13.7 -8.6 20.9
      vertex -13.7 -6.6 25.4
    endloop
  endfacet
  facet normal -1 0 0
    outer loop
      vertex -13.7 8.6 20.9
      vertex -13.7 10.5 19.9
      vertex -13.7 8.6 19.9
    endloop
  endfacet
  facet normal -1 0 0
    outer loop
      vertex -13.7 6.6 25.4
      vertex -13.7 10.5 19.9
      vertex -13.7 8.6 20.9
    endloop
  endfacet
  facet normal -1 0 0
    outer loop
      vertex -13.7 6.6 25.4
      vertex -13.7 8.6 20.9
      vertex -13.7 6.6 20.9
    endloop
  endfacet
  facet normal -1 0 0
    outer loop
      vertex -13.7 10.5 19.9
      vertex -13.7 6.6 25.4
      vertex -13.7 6.56822 26.0469
    endloop
  endfacet
  facet normal -1 0 0
    outer loop
      vertex -13.7 6.47318 26.6876
      vertex -13.7 10.5 19.9
      vertex -13.7 6.56822 26.0469
    endloop
  endfacet
  facet normal -1 0 0
    outer loop
      vertex -13.7 10.5 19.9
      vertex -13.7 6.47318 26.6876
      vertex -13.7 10.5 37.5
    endloop
  endfacet
  facet normal -1 0 0
    outer loop
      vertex -13.7 6.31581 27.3159
      vertex -13.7 10.5 37.5
      vertex -13.7 6.47318 26.6876
    endloop
  endfacet
  facet normal -1 0 0
    outer loop
      vertex -13.7 6.0976 27.9257
      vertex -13.7 10.5 37.5
      vertex -13.7 6.31581 27.3159
    endloop
  endfacet
  facet normal -1 0 0
    outer loop
      vertex -13.7 5.82068 28.5112
      vertex -13.7 10.5 37.5
      vertex -13.7 6.0976 27.9257
    endloop
  endfacet
  facet normal -1 0 0
    outer loop
      vertex -13.7 5.4877 29.0668
      vertex -13.7 10.5 37.5
      vertex -13.7 5.82068 28.5112
    endloop
  endfacet
  facet normal -1 0 0
    outer loop
      vertex -13.7 5.10187 29.587
      vertex -13.7 10.5 37.5
      vertex -13.7 5.4877 29.0668
    endloop
  endfacet
  facet normal -1 0 0
    outer loop
      vertex -13.7 4.6669 30.0669
      vertex -13.7 10.5 37.5
      vertex -13.7 5.10187 29.587
    endloop
  endfacet
  facet normal -1 0 0
    outer loop
      vertex -13.7 4.187 30.5019
      vertex -13.7 10.5 37.5
      vertex -13.7 4.6669 30.0669
    endloop
  endfacet
  facet normal -1 0 0
    outer loop
      vertex -13.7 3.66676 30.8877
      vertex -13.7 10.5 37.5
      vertex -13.7 4.187 30.5019
    endloop
  endfacet
  facet normal -1 0 0
    outer loop
      vertex -13.7 3.11122 31.2207
      vertex -13.7 10.5 37.5
      vertex -13.7 3.66676 30.8877
    endloop
  endfacet
  facet normal -1 0 0
    outer loop
      vertex -13.7 2.52571 31.4976
      vertex -13.7 10.5 37.5
      vertex -13.7 3.11122 31.2207
    endloop
  endfacet
  facet normal -1 0 0
    outer loop
      vertex -13.7 1.91588 31.7158
      vertex -13.7 10.5 37.5
      vertex -13.7 2.52571 31.4976
    endloop
  endfacet
  facet normal -1 0 0
    outer loop
      vertex -13.7 1.2876 31.8732
      vertex -13.7 10.5 37.5
      vertex -13.7 1.91588 31.7158
    endloop
  endfacet
  facet normal -1 0 0
    outer loop
      vertex -13.7 0.646913 31.9682
      vertex -13.7 10.5 37.5
      vertex -13.7 1.2876 31.8732
    endloop
  endfacet
  facet normal -1 0 0
    outer loop
      vertex -13.7 0 32
      vertex -13.7 10.5 37.5
      vertex -13.7 0.646913 31.9682
    endloop
  endfacet
  facet normal -1 0 0
    outer loop
      vertex -13.7 -10.5 37.5
      vertex -13.7 0 32
      vertex -13.7 -0.646913 31.9682
    endloop
  endfacet
  facet normal -1 0 0
    outer loop
      vertex -13.7 -10.5 37.5
      vertex -13.7 -0.646913 31.9682
      vertex -13.7 -1.2876 31.8732
    endloop
  endfacet
  facet normal -1 0 0
    outer loop
      vertex -13.7 -10.5 37.5
      vertex -13.7 -1.2876 31.8732
      vertex -13.7 -1.91588 31.7158
    endloop
  endfacet
  facet normal -1 0 0
    outer loop
      vertex -13.7 -10.5 37.5
      vertex -13.7 -1.91588 31.7158
      vertex -13.7 -2.52571 31.4976
    endloop
  endfacet
  facet normal -1 0 0
    outer loop
      vertex -13.7 -10.5 19.9
      vertex -13.7 -6.6 25.4
      vertex -13.7 -8.6 20.9
    endloop
  endfacet
  facet normal -1 -0 0
    outer loop
      vertex -13.7 -6.6 25.4
      vertex -13.7 -10.5 19.9
      vertex -13.7 -6.56822 26.0469
    endloop
  endfacet
  facet normal -1 -0 0
    outer loop
      vertex -13.7 -6.56822 26.0469
      vertex -13.7 -10.5 19.9
      vertex -13.7 -6.47318 26.6876
    endloop
  endfacet
  facet normal -1 0 0
    outer loop
      vertex -13.7 -10.5 37.5
      vertex -13.7 -6.47318 26.6876
      vertex -13.7 -10.5 19.9
    endloop
  endfacet
  facet normal -1 0 0
    outer loop
      vertex -13.7 -6.47318 26.6876
      vertex -13.7 -10.5 37.5
      vertex -13.7 -6.31581 27.3159
    endloop
  endfacet
  facet normal -1 0 0
    outer loop
      vertex -13.7 -6.31581 27.3159
      vertex -13.7 -10.5 37.5
      vertex -13.7 -6.0976 27.9257
    endloop
  endfacet
  facet normal -1 0 0
    outer loop
      vertex -13.7 0 32
      vertex -13.7 -10.5 37.5
      vertex -13.7 10.5 37.5
    endloop
  endfacet
  facet normal -1 0 0
    outer loop
      vertex -13.7 -3.11122 31.2207
      vertex -13.7 -10.5 37.5
      vertex -13.7 -2.52571 31.4976
    endloop
  endfacet
  facet normal -1 0 0
    outer loop
      vertex -13.7 -3.66676 30.8877
      vertex -13.7 -10.5 37.5
      vertex -13.7 -3.11122 31.2207
    endloop
  endfacet
  facet normal -1 0 0
    outer loop
      vertex -13.7 -4.187 30.5019
      vertex -13.7 -10.5 37.5
      vertex -13.7 -3.66676 30.8877
    endloop
  endfacet
  facet normal -1 0 0
    outer loop
      vertex -13.7 -4.6669 30.0669
      vertex -13.7 -10.5 37.5
      vertex -13.7 -4.187 30.5019
    endloop
  endfacet
  facet normal -1 0 0
    outer loop
      vertex -13.7 -5.10187 29.587
      vertex -13.7 -10.5 37.5
      vertex -13.7 -4.6669 30.0669
    endloop
  endfacet
  facet normal -1 0 0
    outer loop
      vertex -13.7 -5.4877 29.0668
      vertex -13.7 -10.5 37.5
      vertex -13.7 -5.10187 29.587
    endloop
  endfacet
  facet normal -1 0 0
    outer loop
      vertex -13.7 -5.82068 28.5112
      vertex -13.7 -10.5 37.5
      vertex -13.7 -5.4877 29.0668
    endloop
  endfacet
  facet normal -1 0 0
    outer loop
      vertex -13.7 -6.0976 27.9257
      vertex -13.7 -10.5 37.5
      vertex -13.7 -5.82068 28.5112
    endloop
  endfacet
  facet normal 0 -1 0
    outer loop
      vertex -3.24106 -10.5 34.1324
      vertex -2.6901 -10.5 37.5
      vertex -13.7 -10.5 37.5
    endloop
  endfacet
  facet normal -0 -1 0
    outer loop
      vertex -2.59862 -10.5 34.9986
      vertex -2.6901 -10.5 37.5
      vertex -2.84081 -10.5 34.7314
    endloop
  endfacet
  facet normal 0 -1 -0
    outer loop
      vertex -1.7 -10.5 36.5
      vertex -1.73238 -10.5 35.6411
      vertex -1.7 -10.5 35.6564
    endloop
  endfacet
  facet normal 0 -1 0
    outer loop
      vertex -1.7 -10.5 36.5
      vertex -2.04172 -10.5 35.4557
      vertex -1.73238 -10.5 35.6411
    endloop
  endfacet
  facet normal 0 -1 0
    outer loop
      vertex -1.7 -10.5 36.5
      vertex -2.3314 -10.5 35.2408
      vertex -2.04172 -10.5 35.4557
    endloop
  endfacet
  facet normal 0 -1 0
    outer loop
      vertex -2.6901 -10.5 37.5
      vertex -2.3314 -10.5 35.2408
      vertex -1.7 -10.5 36.5
    endloop
  endfacet
  facet normal -0 -1 0
    outer loop
      vertex -2.3314 -10.5 35.2408
      vertex -2.6901 -10.5 37.5
      vertex -2.59862 -10.5 34.9986
    endloop
  endfacet
  facet normal 0 -1 0
    outer loop
      vertex -2.6901 -10.5 37.5
      vertex -3.05565 -10.5 34.4417
      vertex -2.84081 -10.5 34.7314
    endloop
  endfacet
  facet normal 0 -1 0
    outer loop
      vertex -2.6901 -10.5 37.5
      vertex -3.24106 -10.5 34.1324
      vertex -3.05565 -10.5 34.4417
    endloop
  endfacet
  facet normal 0 -1 0
    outer loop
      vertex -13.7 -10.5 37.5
      vertex -3.39526 -10.5 33.8064
      vertex -3.24106 -10.5 34.1324
    endloop
  endfacet
  facet normal 0 -1 0
    outer loop
      vertex -13.7 -10.5 37.5
      vertex -3.51676 -10.5 33.4668
      vertex -3.39526 -10.5 33.8064
    endloop
  endfacet
  facet normal 0 -1 0
    outer loop
      vertex -13.7 -10.5 37.5
      vertex -3.60439 -10.5 33.117
      vertex -3.51676 -10.5 33.4668
    endloop
  endfacet
  facet normal 0 -1 0
    outer loop
      vertex -13.7 -10.5 37.5
      vertex -3.6573 -10.5 32.7602
      vertex -3.60439 -10.5 33.117
    endloop
  endfacet
  facet normal 0 -1 0
    outer loop
      vertex -13.7 -10.5 37.5
      vertex -3.675 -10.5 32.4
      vertex -3.6573 -10.5 32.7602
    endloop
  endfacet
  facet normal 0 -1 0
    outer loop
      vertex -13.7 -10.5 37.5
      vertex -3.6573 -10.5 32.0398
      vertex -3.675 -10.5 32.4
    endloop
  endfacet
  facet normal 0 -1 0
    outer loop
      vertex -13.7 -10.5 37.5
      vertex -3.60439 -10.5 31.683
      vertex -3.6573 -10.5 32.0398
    endloop
  endfacet
  facet normal 0 -1 0
    outer loop
      vertex -13.7 -10.5 37.5
      vertex -3.51676 -10.5 31.3332
      vertex -3.60439 -10.5 31.683
    endloop
  endfacet
  facet normal 0 -1 0
    outer loop
      vertex -13.7 -10.5 19.9
      vertex -3.51676 -10.5 31.3332
      vertex -13.7 -10.5 37.5
    endloop
  endfacet
  facet normal 0 -1 -0
    outer loop
      vertex -3.51676 -10.5 31.3332
      vertex -13.7 -10.5 19.9
      vertex -3.39526 -10.5 30.9936
    endloop
  endfacet
  facet normal 0 -1 -0
    outer loop
      vertex -3.39526 -10.5 30.9936
      vertex -13.7 -10.5 19.9
      vertex -3.24106 -10.5 30.6676
    endloop
  endfacet
  facet normal 0 -1 -0
    outer loop
      vertex -3.24106 -10.5 30.6676
      vertex -13.7 -10.5 19.9
      vertex -3.05565 -10.5 30.3583
    endloop
  endfacet
  facet normal 0 -1 -0
    outer loop
      vertex -3.05565 -10.5 30.3583
      vertex -13.7 -10.5 19.9
      vertex -2.84081 -10.5 30.0686
    endloop
  endfacet
  facet normal 0 -1 -0
    outer loop
      vertex -2.84081 -10.5 30.0686
      vertex -13.7 -10.5 19.9
      vertex -2.59862 -10.5 29.8014
    endloop
  endfacet
  facet normal 0 -1 -0
    outer loop
      vertex -2.59862 -10.5 29.8014
      vertex -13.7 -10.5 19.9
      vertex -2.3314 -10.5 29.5592
    endloop
  endfacet
  facet normal 0 -1 0
    outer loop
      vertex -0.716956 -10.5 28.7956
      vertex 7.7 -10.5 19.9
      vertex -0.360212 -10.5 28.7427
    endloop
  endfacet
  facet normal 0 -1 0
    outer loop
      vertex 7.7 -10.5 19.9
      vertex -0.716956 -10.5 28.7956
      vertex -13.7 -10.5 19.9
    endloop
  endfacet
  facet normal 0 -1 -0
    outer loop
      vertex -1.0668 -10.5 28.8832
      vertex -13.7 -10.5 19.9
      vertex -0.716956 -10.5 28.7956
    endloop
  endfacet
  facet normal 0 -1 -0
    outer loop
      vertex -1.40636 -10.5 29.0047
      vertex -13.7 -10.5 19.9
      vertex -1.0668 -10.5 28.8832
    endloop
  endfacet
  facet normal 0 -1 -0
    outer loop
      vertex -1.73238 -10.5 29.1589
      vertex -13.7 -10.5 19.9
      vertex -1.40636 -10.5 29.0047
    endloop
  endfacet
  facet normal 0 -1 -0
    outer loop
      vertex -2.04172 -10.5 29.3443
      vertex -13.7 -10.5 19.9
      vertex -1.73238 -10.5 29.1589
    endloop
  endfacet
  facet normal 0 -1 -0
    outer loop
      vertex -2.3314 -10.5 29.5592
      vertex -13.7 -10.5 19.9
      vertex -2.04172 -10.5 29.3443
    endloop
  endfacet
  facet normal 0 -1 0
    outer loop
      vertex 2.3314 -10.5 35.2408
      vertex 2.6901 -10.5 37.5
      vertex 1.7 -10.5 36.5
    endloop
  endfacet
  facet normal 0 -1 0
    outer loop
      vertex 1.73238 -10.5 35.6411
      vertex 1.7 -10.5 36.5
      vertex 1.7 -10.5 35.6564
    endloop
  endfacet
  facet normal 0 -1 0
    outer loop
      vertex 2.04172 -10.5 35.4557
      vertex 1.7 -10.5 36.5
      vertex 1.73238 -10.5 35.6411
    endloop
  endfacet
  facet normal 0 -1 0
    outer loop
      vertex 2.3314 -10.5 35.2408
      vertex 1.7 -10.5 36.5
      vertex 2.04172 -10.5 35.4557
    endloop
  endfacet
  facet normal 0 -1 0
    outer loop
      vertex 2.6901 -10.5 37.5
      vertex 2.3314 -10.5 35.2408
      vertex 2.59862 -10.5 34.9986
    endloop
  endfacet
  facet normal 0 -1 0
    outer loop
      vertex 2.84081 -10.5 34.7314
      vertex 2.6901 -10.5 37.5
      vertex 2.59862 -10.5 34.9986
    endloop
  endfacet
  facet normal 0 -1 0
    outer loop
      vertex 2.6901 -10.5 37.5
      vertex 2.84081 -10.5 34.7314
      vertex 7.7 -10.5 37.5
    endloop
  endfacet
  facet normal 0 -1 0
    outer loop
      vertex 3.05565 -10.5 34.4417
      vertex 7.7 -10.5 37.5
      vertex 2.84081 -10.5 34.7314
    endloop
  endfacet
  facet normal 0 -1 0
    outer loop
      vertex 3.24106 -10.5 34.1324
      vertex 7.7 -10.5 37.5
      vertex 3.05565 -10.5 34.4417
    endloop
  endfacet
  facet normal 0 -1 0
    outer loop
      vertex 3.39526 -10.5 33.8064
      vertex 7.7 -10.5 37.5
      vertex 3.24106 -10.5 34.1324
    endloop
  endfacet
  facet normal 0 -1 0
    outer loop
      vertex 3.51676 -10.5 33.4668
      vertex 7.7 -10.5 37.5
      vertex 3.39526 -10.5 33.8064
    endloop
  endfacet
  facet normal 0 -1 0
    outer loop
      vertex 3.60439 -10.5 33.117
      vertex 7.7 -10.5 37.5
      vertex 3.51676 -10.5 33.4668
    endloop
  endfacet
  facet normal 0 -1 0
    outer loop
      vertex 3.6573 -10.5 32.7602
      vertex 7.7 -10.5 37.5
      vertex 3.60439 -10.5 33.117
    endloop
  endfacet
  facet normal 0 -1 0
    outer loop
      vertex 3.675 -10.5 32.4
      vertex 7.7 -10.5 37.5
      vertex 3.6573 -10.5 32.7602
    endloop
  endfacet
  facet normal 0 -1 0
    outer loop
      vertex 3.6573 -10.5 32.0398
      vertex 7.7 -10.5 37.5
      vertex 3.675 -10.5 32.4
    endloop
  endfacet
  facet normal 0 -1 0
    outer loop
      vertex 3.60439 -10.5 31.683
      vertex 7.7 -10.5 37.5
      vertex 3.6573 -10.5 32.0398
    endloop
  endfacet
  facet normal 0 -1 0
    outer loop
      vertex 3.51676 -10.5 31.3332
      vertex 7.7 -10.5 37.5
      vertex 3.60439 -10.5 31.683
    endloop
  endfacet
  facet normal 0 -1 0
    outer loop
      vertex 7.7 -10.5 19.9
      vertex 3.51676 -10.5 31.3332
      vertex 3.39526 -10.5 30.9936
    endloop
  endfacet
  facet normal 0 -1 0
    outer loop
      vertex 7.7 -10.5 19.9
      vertex 3.39526 -10.5 30.9936
      vertex 3.24106 -10.5 30.6676
    endloop
  endfacet
  facet normal 0 -1 0
    outer loop
      vertex 7.7 -10.5 19.9
      vertex 3.24106 -10.5 30.6676
      vertex 3.05565 -10.5 30.3583
    endloop
  endfacet
  facet normal 0 -1 0
    outer loop
      vertex -0.360212 -10.5 28.7427
      vertex 7.7 -10.5 19.9
      vertex 0 -10.5 28.725
    endloop
  endfacet
  facet normal 0 -1 0
    outer loop
      vertex 0 -10.5 28.725
      vertex 7.7 -10.5 19.9
      vertex 0.360212 -10.5 28.7427
    endloop
  endfacet
  facet normal 0 -1 0
    outer loop
      vertex 0.360212 -10.5 28.7427
      vertex 7.7 -10.5 19.9
      vertex 0.716956 -10.5 28.7956
    endloop
  endfacet
  facet normal 0 -1 0
    outer loop
      vertex 0.716956 -10.5 28.7956
      vertex 7.7 -10.5 19.9
      vertex 1.0668 -10.5 28.8832
    endloop
  endfacet
  facet normal 0 -1 0
    outer loop
      vertex 1.0668 -10.5 28.8832
      vertex 7.7 -10.5 19.9
      vertex 1.40636 -10.5 29.0047
    endloop
  endfacet
  facet normal 0 -1 0
    outer loop
      vertex 1.40636 -10.5 29.0047
      vertex 7.7 -10.5 19.9
      vertex 1.73238 -10.5 29.1589
    endloop
  endfacet
  facet normal 0 -1 0
    outer loop
      vertex 3.51676 -10.5 31.3332
      vertex 7.7 -10.5 19.9
      vertex 7.7 -10.5 37.5
    endloop
  endfacet
  facet normal 0 -1 0
    outer loop
      vertex 2.84081 -10.5 30.0686
      vertex 7.7 -10.5 19.9
      vertex 3.05565 -10.5 30.3583
    endloop
  endfacet
  facet normal 0 -1 0
    outer loop
      vertex 2.59862 -10.5 29.8014
      vertex 7.7 -10.5 19.9
      vertex 2.84081 -10.5 30.0686
    endloop
  endfacet
  facet normal 0 -1 0
    outer loop
      vertex 2.3314 -10.5 29.5592
      vertex 7.7 -10.5 19.9
      vertex 2.59862 -10.5 29.8014
    endloop
  endfacet
  facet normal 0 -1 0
    outer loop
      vertex 2.04172 -10.5 29.3443
      vertex 7.7 -10.5 19.9
      vertex 2.3314 -10.5 29.5592
    endloop
  endfacet
  facet normal 0 -1 0
    outer loop
      vertex 1.73238 -10.5 29.1589
      vertex 7.7 -10.5 19.9
      vertex 2.04172 -10.5 29.3443
    endloop
  endfacet
  facet normal 0 1 -0
    outer loop
      vertex 2.84081 -8.8 34.7314
      vertex 2.6901 -8.8 37.5
      vertex 6.5 -8.8 37.5
    endloop
  endfacet
  facet normal 0 1 0
    outer loop
      vertex 2.6901 -8.8 37.5
      vertex 2.3314 -8.8 35.2408
      vertex 1.7 -8.8 36.5
    endloop
  endfacet
  facet normal 0 1 0
    outer loop
      vertex 1.7 -8.8 36.5
      vertex 1.73238 -8.8 35.6411
      vertex 1.7 -8.8 35.6564
    endloop
  endfacet
  facet normal 0 1 0
    outer loop
      vertex 1.7 -8.8 36.5
      vertex 2.04172 -8.8 35.4557
      vertex 1.73238 -8.8 35.6411
    endloop
  endfacet
  facet normal 0 1 0
    outer loop
      vertex 1.7 -8.8 36.5
      vertex 2.3314 -8.8 35.2408
      vertex 2.04172 -8.8 35.4557
    endloop
  endfacet
  facet normal 0 1 0
    outer loop
      vertex 2.6901 -8.8 37.5
      vertex 2.59862 -8.8 34.9986
      vertex 2.3314 -8.8 35.2408
    endloop
  endfacet
  facet normal 0 1 0
    outer loop
      vertex 2.6901 -8.8 37.5
      vertex 2.84081 -8.8 34.7314
      vertex 2.59862 -8.8 34.9986
    endloop
  endfacet
  facet normal 0 1 0
    outer loop
      vertex 6.5 -8.8 37.5
      vertex 3.05565 -8.8 34.4417
      vertex 2.84081 -8.8 34.7314
    endloop
  endfacet
  facet normal 0 1 0
    outer loop
      vertex 6.5 -8.8 37.5
      vertex 3.24106 -8.8 34.1324
      vertex 3.05565 -8.8 34.4417
    endloop
  endfacet
  facet normal 0 1 0
    outer loop
      vertex 6.5 -8.8 37.5
      vertex 3.39526 -8.8 33.8064
      vertex 3.24106 -8.8 34.1324
    endloop
  endfacet
  facet normal 0 1 0
    outer loop
      vertex 6.5 -8.8 37.5
      vertex 3.51676 -8.8 33.4668
      vertex 3.39526 -8.8 33.8064
    endloop
  endfacet
  facet normal 0 1 0
    outer loop
      vertex 6.5 -8.8 37.5
      vertex 3.60439 -8.8 33.117
      vertex 3.51676 -8.8 33.4668
    endloop
  endfacet
  facet normal 0 1 0
    outer loop
      vertex 6.5 -8.8 37.5
      vertex 3.6573 -8.8 32.7602
      vertex 3.60439 -8.8 33.117
    endloop
  endfacet
  facet normal 0 1 0
    outer loop
      vertex 6.5 -8.8 37.5
      vertex 3.675 -8.8 32.4
      vertex 3.6573 -8.8 32.7602
    endloop
  endfacet
  facet normal 0 1 0
    outer loop
      vertex 6.5 -8.8 37.5
      vertex 3.6573 -8.8 32.0398
      vertex 3.675 -8.8 32.4
    endloop
  endfacet
  facet normal 0 1 0
    outer loop
      vertex 6.5 -8.8 37.5
      vertex 3.60439 -8.8 31.683
      vertex 3.6573 -8.8 32.0398
    endloop
  endfacet
  facet normal 0 1 -0
    outer loop
      vertex 6.5 -8.8 19.9
      vertex 3.60439 -8.8 31.683
      vertex 6.5 -8.8 37.5
    endloop
  endfacet
  facet normal 0 1 0
    outer loop
      vertex 3.60439 -8.8 31.683
      vertex 6.5 -8.8 19.9
      vertex 3.51676 -8.8 31.3332
    endloop
  endfacet
  facet normal 0 1 0
    outer loop
      vertex 3.51676 -8.8 31.3332
      vertex 6.5 -8.8 19.9
      vertex 3.39526 -8.8 30.9936
    endloop
  endfacet
  facet normal 0 1 0
    outer loop
      vertex 0.360212 -8.8 28.7427
      vertex 6.5 -8.8 19.9
      vertex 0 -8.8 28.725
    endloop
  endfacet
  facet normal 0 1 0
    outer loop
      vertex 0.716956 -8.8 28.7956
      vertex 6.5 -8.8 19.9
      vertex 0.360212 -8.8 28.7427
    endloop
  endfacet
  facet normal 0 1 0
    outer loop
      vertex 1.0668 -8.8 28.8832
      vertex 6.5 -8.8 19.9
      vertex 0.716956 -8.8 28.7956
    endloop
  endfacet
  facet normal 0 1 0
    outer loop
      vertex 1.40636 -8.8 29.0047
      vertex 6.5 -8.8 19.9
      vertex 1.0668 -8.8 28.8832
    endloop
  endfacet
  facet normal 0 1 0
    outer loop
      vertex 1.73238 -8.8 29.1589
      vertex 6.5 -8.8 19.9
      vertex 1.40636 -8.8 29.0047
    endloop
  endfacet
  facet normal 0 1 0
    outer loop
      vertex 2.04172 -8.8 29.3443
      vertex 6.5 -8.8 19.9
      vertex 1.73238 -8.8 29.1589
    endloop
  endfacet
  facet normal 0 1 0
    outer loop
      vertex 2.3314 -8.8 29.5592
      vertex 6.5 -8.8 19.9
      vertex 2.04172 -8.8 29.3443
    endloop
  endfacet
  facet normal 0 1 0
    outer loop
      vertex 2.59862 -8.8 29.8014
      vertex 6.5 -8.8 19.9
      vertex 2.3314 -8.8 29.5592
    endloop
  endfacet
  facet normal 0 1 0
    outer loop
      vertex 2.84081 -8.8 30.0686
      vertex 6.5 -8.8 19.9
      vertex 2.59862 -8.8 29.8014
    endloop
  endfacet
  facet normal 0 1 0
    outer loop
      vertex 3.05565 -8.8 30.3583
      vertex 6.5 -8.8 19.9
      vertex 2.84081 -8.8 30.0686
    endloop
  endfacet
  facet normal 0 1 0
    outer loop
      vertex 3.24106 -8.8 30.6676
      vertex 6.5 -8.8 19.9
      vertex 3.05565 -8.8 30.3583
    endloop
  endfacet
  facet normal 0 1 0
    outer loop
      vertex 3.39526 -8.8 30.9936
      vertex 6.5 -8.8 19.9
      vertex 3.24106 -8.8 30.6676
    endloop
  endfacet
  facet normal 0 1 -0
    outer loop
      vertex -2.3314 -8.8 35.2408
      vertex -2.6901 -8.8 37.5
      vertex -1.7 -8.8 36.5
    endloop
  endfacet
  facet normal 0 1 0
    outer loop
      vertex -1.73238 -8.8 35.6411
      vertex -1.7 -8.8 36.5
      vertex -1.7 -8.8 35.6564
    endloop
  endfacet
  facet normal 0 1 0
    outer loop
      vertex -2.04172 -8.8 35.4557
      vertex -1.7 -8.8 36.5
      vertex -1.73238 -8.8 35.6411
    endloop
  endfacet
  facet normal 0 1 0
    outer loop
      vertex -2.3314 -8.8 35.2408
      vertex -1.7 -8.8 36.5
      vertex -2.04172 -8.8 35.4557
    endloop
  endfacet
  facet normal 0 1 0
    outer loop
      vertex -2.6901 -8.8 37.5
      vertex -2.3314 -8.8 35.2408
      vertex -2.59862 -8.8 34.9986
    endloop
  endfacet
  facet normal 0 1 0
    outer loop
      vertex -2.6901 -8.8 37.5
      vertex -2.59862 -8.8 34.9986
      vertex -2.84081 -8.8 34.7314
    endloop
  endfacet
  facet normal 0 1 0
    outer loop
      vertex -3.05565 -8.8 34.4417
      vertex -2.6901 -8.8 37.5
      vertex -2.84081 -8.8 34.7314
    endloop
  endfacet
  facet normal 0 1 0
    outer loop
      vertex -3.24106 -8.8 34.1324
      vertex -2.6901 -8.8 37.5
      vertex -3.05565 -8.8 34.4417
    endloop
  endfacet
  facet normal 0 1 0
    outer loop
      vertex -2.6901 -8.8 37.5
      vertex -3.24106 -8.8 34.1324
      vertex -12.5 -8.8 37.5
    endloop
  endfacet
  facet normal 0 1 -0
    outer loop
      vertex -3.39526 -8.8 33.8064
      vertex -12.5 -8.8 37.5
      vertex -3.24106 -8.8 34.1324
    endloop
  endfacet
  facet normal 0 1 -0
    outer loop
      vertex -3.51676 -8.8 33.4668
      vertex -12.5 -8.8 37.5
      vertex -3.39526 -8.8 33.8064
    endloop
  endfacet
  facet normal 0 1 -0
    outer loop
      vertex -3.60439 -8.8 33.117
      vertex -12.5 -8.8 37.5
      vertex -3.51676 -8.8 33.4668
    endloop
  endfacet
  facet normal 0 1 -0
    outer loop
      vertex -3.6573 -8.8 32.7602
      vertex -12.5 -8.8 37.5
      vertex -3.60439 -8.8 33.117
    endloop
  endfacet
  facet normal 0 1 -0
    outer loop
      vertex -3.675 -8.8 32.4
      vertex -12.5 -8.8 37.5
      vertex -3.6573 -8.8 32.7602
    endloop
  endfacet
  facet normal 0 1 0
    outer loop
      vertex -3.6573 -8.8 32.0398
      vertex -12.5 -8.8 37.5
      vertex -3.675 -8.8 32.4
    endloop
  endfacet
  facet normal 0 1 0
    outer loop
      vertex -3.60439 -8.8 31.683
      vertex -12.5 -8.8 37.5
      vertex -3.6573 -8.8 32.0398
    endloop
  endfacet
  facet normal 0 1 0
    outer loop
      vertex -3.51676 -8.8 31.3332
      vertex -12.5 -8.8 37.5
      vertex -3.60439 -8.8 31.683
    endloop
  endfacet
  facet normal 0 1 0
    outer loop
      vertex -12.5 -8.8 19.9
      vertex -3.51676 -8.8 31.3332
      vertex -3.39526 -8.8 30.9936
    endloop
  endfacet
  facet normal 0 1 0
    outer loop
      vertex -12.5 -8.8 19.9
      vertex -3.39526 -8.8 30.9936
      vertex -3.24106 -8.8 30.6676
    endloop
  endfacet
  facet normal 0 1 0
    outer loop
      vertex -12.5 -8.8 19.9
      vertex -3.24106 -8.8 30.6676
      vertex -3.05565 -8.8 30.3583
    endloop
  endfacet
  facet normal 0 1 0
    outer loop
      vertex -12.5 -8.8 19.9
      vertex -3.05565 -8.8 30.3583
      vertex -2.84081 -8.8 30.0686
    endloop
  endfacet
  facet normal 0 1 0
    outer loop
      vertex -12.5 -8.8 19.9
      vertex -2.84081 -8.8 30.0686
      vertex -2.59862 -8.8 29.8014
    endloop
  endfacet
  facet normal 0 1 0
    outer loop
      vertex -12.5 -8.8 19.9
      vertex -2.59862 -8.8 29.8014
      vertex -2.3314 -8.8 29.5592
    endloop
  endfacet
  facet normal 0 1 0
    outer loop
      vertex 6.5 -8.8 19.9
      vertex -0.360212 -8.8 28.7427
      vertex 0 -8.8 28.725
    endloop
  endfacet
  facet normal 0 1 0
    outer loop
      vertex 6.5 -8.8 19.9
      vertex -0.716956 -8.8 28.7956
      vertex -0.360212 -8.8 28.7427
    endloop
  endfacet
  facet normal 0 1 0
    outer loop
      vertex -12.5 -8.8 19.9
      vertex -0.716956 -8.8 28.7956
      vertex 6.5 -8.8 19.9
    endloop
  endfacet
  facet normal 0 1 0
    outer loop
      vertex -0.716956 -8.8 28.7956
      vertex -12.5 -8.8 19.9
      vertex -1.0668 -8.8 28.8832
    endloop
  endfacet
  facet normal 0 1 0
    outer loop
      vertex -1.0668 -8.8 28.8832
      vertex -12.5 -8.8 19.9
      vertex -1.40636 -8.8 29.0047
    endloop
  endfacet
  facet normal 0 1 0
    outer loop
      vertex -1.40636 -8.8 29.0047
      vertex -12.5 -8.8 19.9
      vertex -1.73238 -8.8 29.1589
    endloop
  endfacet
  facet normal 0 1 0
    outer loop
      vertex -1.73238 -8.8 29.1589
      vertex -12.5 -8.8 19.9
      vertex -2.04172 -8.8 29.3443
    endloop
  endfacet
  facet normal 0 1 0
    outer loop
      vertex -2.04172 -8.8 29.3443
      vertex -12.5 -8.8 19.9
      vertex -2.3314 -8.8 29.5592
    endloop
  endfacet
  facet normal 0 1 0
    outer loop
      vertex -3.51676 -8.8 31.3332
      vertex -12.5 -8.8 19.9
      vertex -12.5 -8.8 37.5
    endloop
  endfacet
  facet normal 0 -1 0
    outer loop
      vertex -3.24106 8.8 34.1324
      vertex -2.6901 8.8 37.5
      vertex -12.5 8.8 37.5
    endloop
  endfacet
  facet normal -0 -1 0
    outer loop
      vertex -2.59862 8.8 34.9986
      vertex -2.6901 8.8 37.5
      vertex -2.84081 8.8 34.7314
    endloop
  endfacet
  facet normal 0 -1 -0
    outer loop
      vertex -1.7 8.8 36.5
      vertex -1.73238 8.8 35.6411
      vertex -1.7 8.8 35.6564
    endloop
  endfacet
  facet normal 0 -1 0
    outer loop
      vertex -1.7 8.8 36.5
      vertex -2.04172 8.8 35.4557
      vertex -1.73238 8.8 35.6411
    endloop
  endfacet
  facet normal 0 -1 0
    outer loop
      vertex -1.7 8.8 36.5
      vertex -2.3314 8.8 35.2408
      vertex -2.04172 8.8 35.4557
    endloop
  endfacet
  facet normal 0 -1 0
    outer loop
      vertex -2.6901 8.8 37.5
      vertex -2.3314 8.8 35.2408
      vertex -1.7 8.8 36.5
    endloop
  endfacet
  facet normal -0 -1 0
    outer loop
      vertex -2.3314 8.8 35.2408
      vertex -2.6901 8.8 37.5
      vertex -2.59862 8.8 34.9986
    endloop
  endfacet
  facet normal 0 -1 0
    outer loop
      vertex -2.6901 8.8 37.5
      vertex -3.05565 8.8 34.4417
      vertex -2.84081 8.8 34.7314
    endloop
  endfacet
  facet normal 0 -1 0
    outer loop
      vertex -2.6901 8.8 37.5
      vertex -3.24106 8.8 34.1324
      vertex -3.05565 8.8 34.4417
    endloop
  endfacet
  facet normal 0 -1 0
    outer loop
      vertex -12.5 8.8 37.5
      vertex -3.39526 8.8 33.8064
      vertex -3.24106 8.8 34.1324
    endloop
  endfacet
  facet normal 0 -1 0
    outer loop
      vertex -12.5 8.8 37.5
      vertex -3.51676 8.8 33.4668
      vertex -3.39526 8.8 33.8064
    endloop
  endfacet
  facet normal 0 -1 0
    outer loop
      vertex -12.5 8.8 37.5
      vertex -3.60439 8.8 33.117
      vertex -3.51676 8.8 33.4668
    endloop
  endfacet
  facet normal 0 -1 0
    outer loop
      vertex -12.5 8.8 37.5
      vertex -3.6573 8.8 32.7602
      vertex -3.60439 8.8 33.117
    endloop
  endfacet
  facet normal 0 -1 0
    outer loop
      vertex -12.5 8.8 37.5
      vertex -3.675 8.8 32.4
      vertex -3.6573 8.8 32.7602
    endloop
  endfacet
  facet normal 0 -1 0
    outer loop
      vertex -12.5 8.8 37.5
      vertex -3.6573 8.8 32.0398
      vertex -3.675 8.8 32.4
    endloop
  endfacet
  facet normal 0 -1 0
    outer loop
      vertex -12.5 8.8 37.5
      vertex -3.60439 8.8 31.683
      vertex -3.6573 8.8 32.0398
    endloop
  endfacet
  facet normal 0 -1 0
    outer loop
      vertex -12.5 8.8 37.5
      vertex -3.51676 8.8 31.3332
      vertex -3.60439 8.8 31.683
    endloop
  endfacet
  facet normal 0 -1 0
    outer loop
      vertex -12.5 8.8 19.9
      vertex -3.51676 8.8 31.3332
      vertex -12.5 8.8 37.5
    endloop
  endfacet
  facet normal 0 -1 -0
    outer loop
      vertex -3.51676 8.8 31.3332
      vertex -12.5 8.8 19.9
      vertex -3.39526 8.8 30.9936
    endloop
  endfacet
  facet normal 0 -1 -0
    outer loop
      vertex -3.39526 8.8 30.9936
      vertex -12.5 8.8 19.9
      vertex -3.24106 8.8 30.6676
    endloop
  endfacet
  facet normal 0 -1 -0
    outer loop
      vertex -3.24106 8.8 30.6676
      vertex -12.5 8.8 19.9
      vertex -3.05565 8.8 30.3583
    endloop
  endfacet
  facet normal 0 -1 -0
    outer loop
      vertex -3.05565 8.8 30.3583
      vertex -12.5 8.8 19.9
      vertex -2.84081 8.8 30.0686
    endloop
  endfacet
  facet normal 0 -1 -0
    outer loop
      vertex -2.84081 8.8 30.0686
      vertex -12.5 8.8 19.9
      vertex -2.59862 8.8 29.8014
    endloop
  endfacet
  facet normal 0 -1 0
    outer loop
      vertex -0.716956 8.8 28.7956
      vertex 6.5 8.8 19.9
      vertex -0.360212 8.8 28.7427
    endloop
  endfacet
  facet normal 0 -1 0
    outer loop
      vertex 6.5 8.8 19.9
      vertex -0.716956 8.8 28.7956
      vertex -12.5 8.8 19.9
    endloop
  endfacet
  facet normal 0 -1 -0
    outer loop
      vertex -1.0668 8.8 28.8832
      vertex -12.5 8.8 19.9
      vertex -0.716956 8.8 28.7956
    endloop
  endfacet
  facet normal 0 -1 -0
    outer loop
      vertex -1.40636 8.8 29.0047
      vertex -12.5 8.8 19.9
      vertex -1.0668 8.8 28.8832
    endloop
  endfacet
  facet normal 0 -1 -0
    outer loop
      vertex -1.73238 8.8 29.1589
      vertex -12.5 8.8 19.9
      vertex -1.40636 8.8 29.0047
    endloop
  endfacet
  facet normal 0 -1 -0
    outer loop
      vertex -2.04172 8.8 29.3443
      vertex -12.5 8.8 19.9
      vertex -1.73238 8.8 29.1589
    endloop
  endfacet
  facet normal 0 -1 -0
    outer loop
      vertex -2.3314 8.8 29.5592
      vertex -12.5 8.8 19.9
      vertex -2.04172 8.8 29.3443
    endloop
  endfacet
  facet normal 0 -1 -0
    outer loop
      vertex -2.59862 8.8 29.8014
      vertex -12.5 8.8 19.9
      vertex -2.3314 8.8 29.5592
    endloop
  endfacet
  facet normal 0 -1 0
    outer loop
      vertex 2.3314 8.8 35.2408
      vertex 2.6901 8.8 37.5
      vertex 1.7 8.8 36.5
    endloop
  endfacet
  facet normal 0 -1 0
    outer loop
      vertex 1.73238 8.8 35.6411
      vertex 1.7 8.8 36.5
      vertex 1.7 8.8 35.6564
    endloop
  endfacet
  facet normal 0 -1 0
    outer loop
      vertex 2.04172 8.8 35.4557
      vertex 1.7 8.8 36.5
      vertex 1.73238 8.8 35.6411
    endloop
  endfacet
  facet normal 0 -1 0
    outer loop
      vertex 2.3314 8.8 35.2408
      vertex 1.7 8.8 36.5
      vertex 2.04172 8.8 35.4557
    endloop
  endfacet
  facet normal 0 -1 0
    outer loop
      vertex 2.59862 8.8 34.9986
      vertex 2.6901 8.8 37.5
      vertex 2.3314 8.8 35.2408
    endloop
  endfacet
  facet normal 0 -1 0
    outer loop
      vertex 2.84081 8.8 34.7314
      vertex 2.6901 8.8 37.5
      vertex 2.59862 8.8 34.9986
    endloop
  endfacet
  facet normal 0 -1 0
    outer loop
      vertex 2.6901 8.8 37.5
      vertex 2.84081 8.8 34.7314
      vertex 6.5 8.8 37.5
    endloop
  endfacet
  facet normal 0 -1 0
    outer loop
      vertex 3.05565 8.8 34.4417
      vertex 6.5 8.8 37.5
      vertex 2.84081 8.8 34.7314
    endloop
  endfacet
  facet normal 0 -1 0
    outer loop
      vertex 3.24106 8.8 34.1324
      vertex 6.5 8.8 37.5
      vertex 3.05565 8.8 34.4417
    endloop
  endfacet
  facet normal 0 -1 0
    outer loop
      vertex 3.39526 8.8 33.8064
      vertex 6.5 8.8 37.5
      vertex 3.24106 8.8 34.1324
    endloop
  endfacet
  facet normal 0 -1 0
    outer loop
      vertex 3.51676 8.8 33.4668
      vertex 6.5 8.8 37.5
      vertex 3.39526 8.8 33.8064
    endloop
  endfacet
  facet normal 0 -1 0
    outer loop
      vertex 3.60439 8.8 33.117
      vertex 6.5 8.8 37.5
      vertex 3.51676 8.8 33.4668
    endloop
  endfacet
  facet normal 0 -1 0
    outer loop
      vertex 3.6573 8.8 32.7602
      vertex 6.5 8.8 37.5
      vertex 3.60439 8.8 33.117
    endloop
  endfacet
  facet normal 0 -1 0
    outer loop
      vertex 3.675 8.8 32.4
      vertex 6.5 8.8 37.5
      vertex 3.6573 8.8 32.7602
    endloop
  endfacet
  facet normal 0 -1 0
    outer loop
      vertex 3.6573 8.8 32.0398
      vertex 6.5 8.8 37.5
      vertex 3.675 8.8 32.4
    endloop
  endfacet
  facet normal 0 -1 0
    outer loop
      vertex 3.60439 8.8 31.683
      vertex 6.5 8.8 37.5
      vertex 3.6573 8.8 32.0398
    endloop
  endfacet
  facet normal 0 -1 0
    outer loop
      vertex 6.5 8.8 19.9
      vertex 3.60439 8.8 31.683
      vertex 3.51676 8.8 31.3332
    endloop
  endfacet
  facet normal 0 -1 0
    outer loop
      vertex 6.5 8.8 19.9
      vertex 3.51676 8.8 31.3332
      vertex 3.39526 8.8 30.9936
    endloop
  endfacet
  facet normal 0 -1 0
    outer loop
      vertex 6.5 8.8 19.9
      vertex 3.39526 8.8 30.9936
      vertex 3.24106 8.8 30.6676
    endloop
  endfacet
  facet normal 0 -1 0
    outer loop
      vertex -0.360212 8.8 28.7427
      vertex 6.5 8.8 19.9
      vertex 0 8.8 28.725
    endloop
  endfacet
  facet normal 0 -1 0
    outer loop
      vertex 0 8.8 28.725
      vertex 6.5 8.8 19.9
      vertex 0.360212 8.8 28.7427
    endloop
  endfacet
  facet normal 0 -1 0
    outer loop
      vertex 0.360212 8.8 28.7427
      vertex 6.5 8.8 19.9
      vertex 0.716956 8.8 28.7956
    endloop
  endfacet
  facet normal 0 -1 0
    outer loop
      vertex 0.716956 8.8 28.7956
      vertex 6.5 8.8 19.9
      vertex 1.0668 8.8 28.8832
    endloop
  endfacet
  facet normal 0 -1 0
    outer loop
      vertex 1.0668 8.8 28.8832
      vertex 6.5 8.8 19.9
      vertex 1.40636 8.8 29.0047
    endloop
  endfacet
  facet normal 0 -1 0
    outer loop
      vertex 1.40636 8.8 29.0047
      vertex 6.5 8.8 19.9
      vertex 1.73238 8.8 29.1589
    endloop
  endfacet
  facet normal 0 -1 0
    outer loop
      vertex 3.60439 8.8 31.683
      vertex 6.5 8.8 19.9
      vertex 6.5 8.8 37.5
    endloop
  endfacet
  facet normal 0 -1 0
    outer loop
      vertex 3.05565 8.8 30.3583
      vertex 6.5 8.8 19.9
      vertex 3.24106 8.8 30.6676
    endloop
  endfacet
  facet normal 0 -1 0
    outer loop
      vertex 2.84081 8.8 30.0686
      vertex 6.5 8.8 19.9
      vertex 3.05565 8.8 30.3583
    endloop
  endfacet
  facet normal 0 -1 0
    outer loop
      vertex 2.59862 8.8 29.8014
      vertex 6.5 8.8 19.9
      vertex 2.84081 8.8 30.0686
    endloop
  endfacet
  facet normal 0 -1 0
    outer loop
      vertex 2.3314 8.8 29.5592
      vertex 6.5 8.8 19.9
      vertex 2.59862 8.8 29.8014
    endloop
  endfacet
  facet normal 0 -1 0
    outer loop
      vertex 2.04172 8.8 29.3443
      vertex 6.5 8.8 19.9
      vertex 2.3314 8.8 29.5592
    endloop
  endfacet
  facet normal 0 -1 0
    outer loop
      vertex 1.73238 8.8 29.1589
      vertex 6.5 8.8 19.9
      vertex 2.04172 8.8 29.3443
    endloop
  endfacet
  facet normal 0 1 -0
    outer loop
      vertex 2.84081 10.5 34.7314
      vertex 2.6901 10.5 37.5
      vertex 7.7 10.5 37.5
    endloop
  endfacet
  facet normal -0 1 0
    outer loop
      vertex 2.3314 10.5 35.2408
      vertex 2.6901 10.5 37.5
      vertex 2.59862 10.5 34.9986
    endloop
  endfacet
  facet normal 0 1 0
    outer loop
      vertex 1.7 10.5 36.5
      vertex 1.73238 10.5 35.6411
      vertex 1.7 10.5 35.6564
    endloop
  endfacet
  facet normal 0 1 0
    outer loop
      vertex 1.7 10.5 36.5
      vertex 2.04172 10.5 35.4557
      vertex 1.73238 10.5 35.6411
    endloop
  endfacet
  facet normal 0 1 0
    outer loop
      vertex 1.7 10.5 36.5
      vertex 2.3314 10.5 35.2408
      vertex 2.04172 10.5 35.4557
    endloop
  endfacet
  facet normal 0 1 0
    outer loop
      vertex 2.6901 10.5 37.5
      vertex 2.3314 10.5 35.2408
      vertex 1.7 10.5 36.5
    endloop
  endfacet
  facet normal 0 1 0
    outer loop
      vertex 2.6901 10.5 37.5
      vertex 2.84081 10.5 34.7314
      vertex 2.59862 10.5 34.9986
    endloop
  endfacet
  facet normal 0 1 0
    outer loop
      vertex 7.7 10.5 37.5
      vertex 3.05565 10.5 34.4417
      vertex 2.84081 10.5 34.7314
    endloop
  endfacet
  facet normal 0 1 0
    outer loop
      vertex 7.7 10.5 37.5
      vertex 3.24106 10.5 34.1324
      vertex 3.05565 10.5 34.4417
    endloop
  endfacet
  facet normal 0 1 0
    outer loop
      vertex 7.7 10.5 37.5
      vertex 3.39526 10.5 33.8064
      vertex 3.24106 10.5 34.1324
    endloop
  endfacet
  facet normal 0 1 0
    outer loop
      vertex 7.7 10.5 37.5
      vertex 3.51676 10.5 33.4668
      vertex 3.39526 10.5 33.8064
    endloop
  endfacet
  facet normal 0 1 0
    outer loop
      vertex 7.7 10.5 37.5
      vertex 3.60439 10.5 33.117
      vertex 3.51676 10.5 33.4668
    endloop
  endfacet
  facet normal 0 1 0
    outer loop
      vertex 7.7 10.5 37.5
      vertex 3.6573 10.5 32.7602
      vertex 3.60439 10.5 33.117
    endloop
  endfacet
  facet normal 0 1 0
    outer loop
      vertex 7.7 10.5 37.5
      vertex 3.675 10.5 32.4
      vertex 3.6573 10.5 32.7602
    endloop
  endfacet
  facet normal 0 1 0
    outer loop
      vertex 7.7 10.5 37.5
      vertex 3.6573 10.5 32.0398
      vertex 3.675 10.5 32.4
    endloop
  endfacet
  facet normal 0 1 0
    outer loop
      vertex 7.7 10.5 37.5
      vertex 3.60439 10.5 31.683
      vertex 3.6573 10.5 32.0398
    endloop
  endfacet
  facet normal 0 1 0
    outer loop
      vertex 7.7 10.5 37.5
      vertex 3.51676 10.5 31.3332
      vertex 3.60439 10.5 31.683
    endloop
  endfacet
  facet normal 0 1 -0
    outer loop
      vertex 7.7 10.5 19.9
      vertex 3.51676 10.5 31.3332
      vertex 7.7 10.5 37.5
    endloop
  endfacet
  facet normal 0 1 0
    outer loop
      vertex 3.51676 10.5 31.3332
      vertex 7.7 10.5 19.9
      vertex 3.39526 10.5 30.9936
    endloop
  endfacet
  facet normal 0 1 0
    outer loop
      vertex 3.39526 10.5 30.9936
      vertex 7.7 10.5 19.9
      vertex 3.24106 10.5 30.6676
    endloop
  endfacet
  facet normal 0 1 0
    outer loop
      vertex 0.360212 10.5 28.7427
      vertex 7.7 10.5 19.9
      vertex 0 10.5 28.725
    endloop
  endfacet
  facet normal 0 1 0
    outer loop
      vertex 0.716956 10.5 28.7956
      vertex 7.7 10.5 19.9
      vertex 0.360212 10.5 28.7427
    endloop
  endfacet
  facet normal 0 1 0
    outer loop
      vertex 1.0668 10.5 28.8832
      vertex 7.7 10.5 19.9
      vertex 0.716956 10.5 28.7956
    endloop
  endfacet
  facet normal 0 1 0
    outer loop
      vertex 1.40636 10.5 29.0047
      vertex 7.7 10.5 19.9
      vertex 1.0668 10.5 28.8832
    endloop
  endfacet
  facet normal 0 1 0
    outer loop
      vertex 1.73238 10.5 29.1589
      vertex 7.7 10.5 19.9
      vertex 1.40636 10.5 29.0047
    endloop
  endfacet
  facet normal 0 1 0
    outer loop
      vertex 2.04172 10.5 29.3443
      vertex 7.7 10.5 19.9
      vertex 1.73238 10.5 29.1589
    endloop
  endfacet
  facet normal 0 1 0
    outer loop
      vertex 2.3314 10.5 29.5592
      vertex 7.7 10.5 19.9
      vertex 2.04172 10.5 29.3443
    endloop
  endfacet
  facet normal 0 1 0
    outer loop
      vertex 2.59862 10.5 29.8014
      vertex 7.7 10.5 19.9
      vertex 2.3314 10.5 29.5592
    endloop
  endfacet
  facet normal 0 1 0
    outer loop
      vertex 2.84081 10.5 30.0686
      vertex 7.7 10.5 19.9
      vertex 2.59862 10.5 29.8014
    endloop
  endfacet
  facet normal 0 1 0
    outer loop
      vertex 3.05565 10.5 30.3583
      vertex 7.7 10.5 19.9
      vertex 2.84081 10.5 30.0686
    endloop
  endfacet
  facet normal 0 1 0
    outer loop
      vertex 3.24106 10.5 30.6676
      vertex 7.7 10.5 19.9
      vertex 3.05565 10.5 30.3583
    endloop
  endfacet
  facet normal 0 1 -0
    outer loop
      vertex -2.3314 10.5 35.2408
      vertex -2.6901 10.5 37.5
      vertex -1.7 10.5 36.5
    endloop
  endfacet
  facet normal 0 1 0
    outer loop
      vertex -1.73238 10.5 35.6411
      vertex -1.7 10.5 36.5
      vertex -1.7 10.5 35.6564
    endloop
  endfacet
  facet normal 0 1 0
    outer loop
      vertex -2.04172 10.5 35.4557
      vertex -1.7 10.5 36.5
      vertex -1.73238 10.5 35.6411
    endloop
  endfacet
  facet normal 0 1 0
    outer loop
      vertex -2.3314 10.5 35.2408
      vertex -1.7 10.5 36.5
      vertex -2.04172 10.5 35.4557
    endloop
  endfacet
  facet normal 0 1 0
    outer loop
      vertex -2.6901 10.5 37.5
      vertex -2.3314 10.5 35.2408
      vertex -2.59862 10.5 34.9986
    endloop
  endfacet
  facet normal 0 1 0
    outer loop
      vertex -2.6901 10.5 37.5
      vertex -2.59862 10.5 34.9986
      vertex -2.84081 10.5 34.7314
    endloop
  endfacet
  facet normal 0 1 0
    outer loop
      vertex -3.05565 10.5 34.4417
      vertex -2.6901 10.5 37.5
      vertex -2.84081 10.5 34.7314
    endloop
  endfacet
  facet normal 0 1 0
    outer loop
      vertex -3.24106 10.5 34.1324
      vertex -2.6901 10.5 37.5
      vertex -3.05565 10.5 34.4417
    endloop
  endfacet
  facet normal 0 1 0
    outer loop
      vertex -2.6901 10.5 37.5
      vertex -3.24106 10.5 34.1324
      vertex -13.7 10.5 37.5
    endloop
  endfacet
  facet normal 0 1 -0
    outer loop
      vertex -3.39526 10.5 33.8064
      vertex -13.7 10.5 37.5
      vertex -3.24106 10.5 34.1324
    endloop
  endfacet
  facet normal 0 1 -0
    outer loop
      vertex -3.51676 10.5 33.4668
      vertex -13.7 10.5 37.5
      vertex -3.39526 10.5 33.8064
    endloop
  endfacet
  facet normal 0 1 -0
    outer loop
      vertex -3.60439 10.5 33.117
      vertex -13.7 10.5 37.5
      vertex -3.51676 10.5 33.4668
    endloop
  endfacet
  facet normal 0 1 -0
    outer loop
      vertex -3.6573 10.5 32.7602
      vertex -13.7 10.5 37.5
      vertex -3.60439 10.5 33.117
    endloop
  endfacet
  facet normal 0 1 -0
    outer loop
      vertex -3.675 10.5 32.4
      vertex -13.7 10.5 37.5
      vertex -3.6573 10.5 32.7602
    endloop
  endfacet
  facet normal 0 1 0
    outer loop
      vertex -3.6573 10.5 32.0398
      vertex -13.7 10.5 37.5
      vertex -3.675 10.5 32.4
    endloop
  endfacet
  facet normal 0 1 0
    outer loop
      vertex -3.60439 10.5 31.683
      vertex -13.7 10.5 37.5
      vertex -3.6573 10.5 32.0398
    endloop
  endfacet
  facet normal 0 1 0
    outer loop
      vertex -3.51676 10.5 31.3332
      vertex -13.7 10.5 37.5
      vertex -3.60439 10.5 31.683
    endloop
  endfacet
  facet normal 0 1 0
    outer loop
      vertex -13.7 10.5 19.9
      vertex -3.51676 10.5 31.3332
      vertex -3.39526 10.5 30.9936
    endloop
  endfacet
  facet normal 0 1 0
    outer loop
      vertex -13.7 10.5 19.9
      vertex -3.39526 10.5 30.9936
      vertex -3.24106 10.5 30.6676
    endloop
  endfacet
  facet normal 0 1 0
    outer loop
      vertex -13.7 10.5 19.9
      vertex -3.24106 10.5 30.6676
      vertex -3.05565 10.5 30.3583
    endloop
  endfacet
  facet normal 0 1 0
    outer loop
      vertex -13.7 10.5 19.9
      vertex -3.05565 10.5 30.3583
      vertex -2.84081 10.5 30.0686
    endloop
  endfacet
  facet normal 0 1 0
    outer loop
      vertex -13.7 10.5 19.9
      vertex -2.84081 10.5 30.0686
      vertex -2.59862 10.5 29.8014
    endloop
  endfacet
  facet normal 0 1 0
    outer loop
      vertex -13.7 10.5 19.9
      vertex -2.59862 10.5 29.8014
      vertex -2.3314 10.5 29.5592
    endloop
  endfacet
  facet normal 0 1 0
    outer loop
      vertex -13.7 10.5 19.9
      vertex -2.3314 10.5 29.5592
      vertex -2.04172 10.5 29.3443
    endloop
  endfacet
  facet normal 0 1 0
    outer loop
      vertex 7.7 10.5 19.9
      vertex -0.360212 10.5 28.7427
      vertex 0 10.5 28.725
    endloop
  endfacet
  facet normal 0 1 0
    outer loop
      vertex 7.7 10.5 19.9
      vertex -0.716956 10.5 28.7956
      vertex -0.360212 10.5 28.7427
    endloop
  endfacet
  facet normal 0 1 0
    outer loop
      vertex -13.7 10.5 19.9
      vertex -0.716956 10.5 28.7956
      vertex 7.7 10.5 19.9
    endloop
  endfacet
  facet normal 0 1 0
    outer loop
      vertex -0.716956 10.5 28.7956
      vertex -13.7 10.5 19.9
      vertex -1.0668 10.5 28.8832
    endloop
  endfacet
  facet normal 0 1 0
    outer loop
      vertex -1.0668 10.5 28.8832
      vertex -13.7 10.5 19.9
      vertex -1.40636 10.5 29.0047
    endloop
  endfacet
  facet normal 0 1 0
    outer loop
      vertex -1.40636 10.5 29.0047
      vertex -13.7 10.5 19.9
      vertex -1.73238 10.5 29.1589
    endloop
  endfacet
  facet normal 0 1 0
    outer loop
      vertex -1.73238 10.5 29.1589
      vertex -13.7 10.5 19.9
      vertex -2.04172 10.5 29.3443
    endloop
  endfacet
  facet normal 0 1 0
    outer loop
      vertex -3.51676 10.5 31.3332
      vertex -13.7 10.5 19.9
      vertex -13.7 10.5 37.5
    endloop
  endfacet
  facet normal -0.989183 0 -0.146686
    outer loop
      vertex 3.6573 -10.5 32.7602
      vertex 3.60439 -8.8 33.117
      vertex 3.6573 -8.8 32.7602
    endloop
  endfacet
  facet normal -0.989183 -0 -0.146686
    outer loop
      vertex 3.60439 -8.8 33.117
      vertex 3.6573 -10.5 32.7602
      vertex 3.60439 -10.5 33.117
    endloop
  endfacet
  facet normal -0.989183 0 -0.146686
    outer loop
      vertex 3.6573 8.8 32.7602
      vertex 3.60439 10.5 33.117
      vertex 3.6573 10.5 32.7602
    endloop
  endfacet
  facet normal -0.989183 -0 -0.146686
    outer loop
      vertex 3.60439 10.5 33.117
      vertex 3.6573 8.8 32.7602
      vertex 3.60439 8.8 33.117
    endloop
  endfacet
  facet normal -0.998795 0 -0.0490801
    outer loop
      vertex 3.675 -10.5 32.4
      vertex 3.6573 -8.8 32.7602
      vertex 3.675 -8.8 32.4
    endloop
  endfacet
  facet normal -0.998795 -0 -0.0490801
    outer loop
      vertex 3.6573 -8.8 32.7602
      vertex 3.675 -10.5 32.4
      vertex 3.6573 -10.5 32.7602
    endloop
  endfacet
  facet normal -0.998795 0 -0.0490801
    outer loop
      vertex 3.675 8.8 32.4
      vertex 3.6573 10.5 32.7602
      vertex 3.675 10.5 32.4
    endloop
  endfacet
  facet normal -0.998795 -0 -0.0490801
    outer loop
      vertex 3.6573 10.5 32.7602
      vertex 3.675 8.8 32.4
      vertex 3.6573 8.8 32.7602
    endloop
  endfacet
  facet normal -0.970025 0 -0.243005
    outer loop
      vertex 3.60439 -10.5 33.117
      vertex 3.51676 -8.8 33.4668
      vertex 3.60439 -8.8 33.117
    endloop
  endfacet
  facet normal -0.970025 -0 -0.243005
    outer loop
      vertex 3.51676 -8.8 33.4668
      vertex 3.60439 -10.5 33.117
      vertex 3.51676 -10.5 33.4668
    endloop
  endfacet
  facet normal -0.970025 0 -0.243005
    outer loop
      vertex 3.60439 8.8 33.117
      vertex 3.51676 10.5 33.4668
      vertex 3.60439 10.5 33.117
    endloop
  endfacet
  facet normal -0.970025 -0 -0.243005
    outer loop
      vertex 3.51676 10.5 33.4668
      vertex 3.60439 8.8 33.117
      vertex 3.51676 8.8 33.4668
    endloop
  endfacet
  facet normal -0.998795 0 0.0490801
    outer loop
      vertex 3.6573 -10.5 32.0398
      vertex 3.675 -8.8 32.4
      vertex 3.6573 -8.8 32.0398
    endloop
  endfacet
  facet normal -0.998795 0 0.0490801
    outer loop
      vertex 3.675 -8.8 32.4
      vertex 3.6573 -10.5 32.0398
      vertex 3.675 -10.5 32.4
    endloop
  endfacet
  facet normal -0.998795 0 0.0490801
    outer loop
      vertex 3.6573 8.8 32.0398
      vertex 3.675 10.5 32.4
      vertex 3.6573 10.5 32.0398
    endloop
  endfacet
  facet normal -0.998795 0 0.0490801
    outer loop
      vertex 3.675 10.5 32.4
      vertex 3.6573 8.8 32.0398
      vertex 3.675 8.8 32.4
    endloop
  endfacet
  facet normal -0.427222 0 -0.904147
    outer loop
      vertex 1.7 -10.5 35.6564
      vertex 1.73238 -8.8 35.6411
      vertex 1.73238 -10.5 35.6411
    endloop
  endfacet
  facet normal -0.427222 0 -0.904147
    outer loop
      vertex 1.73238 -8.8 35.6411
      vertex 1.7 -10.5 35.6564
      vertex 1.7 -8.8 35.6564
    endloop
  endfacet
  facet normal -0.427222 0 -0.904147
    outer loop
      vertex 1.7 8.8 35.6564
      vertex 1.73238 10.5 35.6411
      vertex 1.73238 8.8 35.6411
    endloop
  endfacet
  facet normal -0.427222 0 -0.904147
    outer loop
      vertex 1.73238 10.5 35.6411
      vertex 1.7 8.8 35.6564
      vertex 1.7 10.5 35.6564
    endloop
  endfacet
  facet normal 0.803229 -0 0.59567
    outer loop
      vertex -3.05565 -10.5 30.3583
      vertex -2.84081 -8.8 30.0686
      vertex -3.05565 -8.8 30.3583
    endloop
  endfacet
  facet normal 0.803229 0 0.59567
    outer loop
      vertex -2.84081 -8.8 30.0686
      vertex -3.05565 -10.5 30.3583
      vertex -2.84081 -10.5 30.0686
    endloop
  endfacet
  facet normal 0.803229 -0 0.59567
    outer loop
      vertex -3.05565 8.8 30.3583
      vertex -2.84081 10.5 30.0686
      vertex -3.05565 10.5 30.3583
    endloop
  endfacet
  facet normal 0.803229 0 0.59567
    outer loop
      vertex -2.84081 10.5 30.0686
      vertex -3.05565 8.8 30.3583
      vertex -2.84081 8.8 30.0686
    endloop
  endfacet
  facet normal -0.941554 0 0.336863
    outer loop
      vertex 3.39526 -10.5 30.9936
      vertex 3.51676 -8.8 31.3332
      vertex 3.39526 -8.8 30.9936
    endloop
  endfacet
  facet normal -0.941554 0 0.336863
    outer loop
      vertex 3.51676 -8.8 31.3332
      vertex 3.39526 -10.5 30.9936
      vertex 3.51676 -10.5 31.3332
    endloop
  endfacet
  facet normal -0.941554 0 0.336863
    outer loop
      vertex 3.39526 8.8 30.9936
      vertex 3.51676 10.5 31.3332
      vertex 3.39526 10.5 30.9936
    endloop
  endfacet
  facet normal -0.941554 0 0.336863
    outer loop
      vertex 3.51676 10.5 31.3332
      vertex 3.39526 8.8 30.9936
      vertex 3.51676 8.8 31.3332
    endloop
  endfacet
  facet normal 0.427564 0 0.903985
    outer loop
      vertex -1.73238 -8.8 29.1589
      vertex -1.40636 -10.5 29.0047
      vertex -1.40636 -8.8 29.0047
    endloop
  endfacet
  facet normal 0.427564 0 0.903985
    outer loop
      vertex -1.40636 -10.5 29.0047
      vertex -1.73238 -8.8 29.1589
      vertex -1.73238 -10.5 29.1589
    endloop
  endfacet
  facet normal 0.427564 0 0.903985
    outer loop
      vertex -1.73238 10.5 29.1589
      vertex -1.40636 8.8 29.0047
      vertex -1.40636 10.5 29.0047
    endloop
  endfacet
  facet normal 0.427564 0 0.903985
    outer loop
      vertex -1.40636 8.8 29.0047
      vertex -1.73238 10.5 29.1589
      vertex -1.73238 8.8 29.1589
    endloop
  endfacet
  facet normal -0.803229 0 -0.59567
    outer loop
      vertex 3.05565 -10.5 34.4417
      vertex 2.84081 -8.8 34.7314
      vertex 3.05565 -8.8 34.4417
    endloop
  endfacet
  facet normal -0.803229 -0 -0.59567
    outer loop
      vertex 2.84081 -8.8 34.7314
      vertex 3.05565 -10.5 34.4417
      vertex 2.84081 -10.5 34.7314
    endloop
  endfacet
  facet normal -0.803229 0 -0.59567
    outer loop
      vertex 3.05565 8.8 34.4417
      vertex 2.84081 10.5 34.7314
      vertex 3.05565 10.5 34.4417
    endloop
  endfacet
  facet normal -0.803229 -0 -0.59567
    outer loop
      vertex 2.84081 10.5 34.7314
      vertex 3.05565 8.8 34.4417
      vertex 2.84081 8.8 34.7314
    endloop
  endfacet
  facet normal -0.51408 0 -0.857742
    outer loop
      vertex 1.73238 -10.5 35.6411
      vertex 2.04172 -8.8 35.4557
      vertex 2.04172 -10.5 35.4557
    endloop
  endfacet
  facet normal -0.51408 0 -0.857742
    outer loop
      vertex 2.04172 -8.8 35.4557
      vertex 1.73238 -10.5 35.6411
      vertex 1.73238 -8.8 35.6411
    endloop
  endfacet
  facet normal -0.51408 0 -0.857742
    outer loop
      vertex 1.73238 8.8 35.6411
      vertex 2.04172 10.5 35.4557
      vertex 2.04172 8.8 35.4557
    endloop
  endfacet
  facet normal -0.51408 0 -0.857742
    outer loop
      vertex 2.04172 10.5 35.4557
      vertex 1.73238 8.8 35.6411
      vertex 1.73238 10.5 35.6411
    endloop
  endfacet
  facet normal 0.903975 0 -0.427586
    outer loop
      vertex -3.24106 -10.5 34.1324
      vertex -3.39526 -8.8 33.8064
      vertex -3.24106 -8.8 34.1324
    endloop
  endfacet
  facet normal 0.903975 0 -0.427586
    outer loop
      vertex -3.39526 -8.8 33.8064
      vertex -3.24106 -10.5 34.1324
      vertex -3.39526 -10.5 33.8064
    endloop
  endfacet
  facet normal 0.903975 0 -0.427586
    outer loop
      vertex -3.24106 8.8 34.1324
      vertex -3.39526 10.5 33.8064
      vertex -3.24106 10.5 34.1324
    endloop
  endfacet
  facet normal 0.903975 0 -0.427586
    outer loop
      vertex -3.39526 10.5 33.8064
      vertex -3.24106 8.8 34.1324
      vertex -3.39526 8.8 33.8064
    endloop
  endfacet
  facet normal 0.51408 0 -0.857742
    outer loop
      vertex -2.04172 -10.5 35.4557
      vertex -1.73238 -8.8 35.6411
      vertex -1.73238 -10.5 35.6411
    endloop
  endfacet
  facet normal 0.51408 0 -0.857742
    outer loop
      vertex -1.73238 -8.8 35.6411
      vertex -2.04172 -10.5 35.4557
      vertex -2.04172 -8.8 35.4557
    endloop
  endfacet
  facet normal 0.51408 0 -0.857742
    outer loop
      vertex -2.04172 8.8 35.4557
      vertex -1.73238 10.5 35.6411
      vertex -1.73238 8.8 35.6411
    endloop
  endfacet
  facet normal 0.51408 0 -0.857742
    outer loop
      vertex -1.73238 10.5 35.6411
      vertex -2.04172 8.8 35.4557
      vertex -2.04172 10.5 35.4557
    endloop
  endfacet
  facet normal 0.941554 -0 0.336863
    outer loop
      vertex -3.51676 -10.5 31.3332
      vertex -3.39526 -8.8 30.9936
      vertex -3.51676 -8.8 31.3332
    endloop
  endfacet
  facet normal 0.941554 0 0.336863
    outer loop
      vertex -3.39526 -8.8 30.9936
      vertex -3.51676 -10.5 31.3332
      vertex -3.39526 -10.5 30.9936
    endloop
  endfacet
  facet normal 0.941554 -0 0.336863
    outer loop
      vertex -3.51676 8.8 31.3332
      vertex -3.39526 10.5 30.9936
      vertex -3.51676 10.5 31.3332
    endloop
  endfacet
  facet normal 0.941554 0 0.336863
    outer loop
      vertex -3.39526 10.5 30.9936
      vertex -3.51676 8.8 31.3332
      vertex -3.39526 8.8 30.9936
    endloop
  endfacet
  facet normal 0.941554 0 -0.336863
    outer loop
      vertex -3.39526 -10.5 33.8064
      vertex -3.51676 -8.8 33.4668
      vertex -3.39526 -8.8 33.8064
    endloop
  endfacet
  facet normal 0.941554 0 -0.336863
    outer loop
      vertex -3.51676 -8.8 33.4668
      vertex -3.39526 -10.5 33.8064
      vertex -3.51676 -10.5 33.4668
    endloop
  endfacet
  facet normal 0.941554 0 -0.336863
    outer loop
      vertex -3.39526 8.8 33.8064
      vertex -3.51676 10.5 33.4668
      vertex -3.39526 10.5 33.8064
    endloop
  endfacet
  facet normal 0.941554 0 -0.336863
    outer loop
      vertex -3.51676 10.5 33.4668
      vertex -3.39526 8.8 33.8064
      vertex -3.51676 8.8 33.4668
    endloop
  endfacet
  facet normal -0.903975 0 0.427586
    outer loop
      vertex 3.24106 -10.5 30.6676
      vertex 3.39526 -8.8 30.9936
      vertex 3.24106 -8.8 30.6676
    endloop
  endfacet
  facet normal -0.903975 0 0.427586
    outer loop
      vertex 3.39526 -8.8 30.9936
      vertex 3.24106 -10.5 30.6676
      vertex 3.39526 -10.5 30.9936
    endloop
  endfacet
  facet normal -0.903975 0 0.427586
    outer loop
      vertex 3.24106 8.8 30.6676
      vertex 3.39526 10.5 30.9936
      vertex 3.24106 10.5 30.6676
    endloop
  endfacet
  facet normal -0.903975 0 0.427586
    outer loop
      vertex 3.39526 10.5 30.9936
      vertex 3.24106 8.8 30.6676
      vertex 3.39526 8.8 30.9936
    endloop
  endfacet
  facet normal 0.595804 0 -0.80313
    outer loop
      vertex -2.3314 -10.5 35.2408
      vertex -2.04172 -8.8 35.4557
      vertex -2.04172 -10.5 35.4557
    endloop
  endfacet
  facet normal 0.595804 0 -0.80313
    outer loop
      vertex -2.04172 -8.8 35.4557
      vertex -2.3314 -10.5 35.2408
      vertex -2.3314 -8.8 35.2408
    endloop
  endfacet
  facet normal 0.595804 0 -0.80313
    outer loop
      vertex -2.3314 8.8 35.2408
      vertex -2.04172 10.5 35.4557
      vertex -2.04172 8.8 35.4557
    endloop
  endfacet
  facet normal 0.595804 0 -0.80313
    outer loop
      vertex -2.04172 10.5 35.4557
      vertex -2.3314 8.8 35.2408
      vertex -2.3314 10.5 35.2408
    endloop
  endfacet
  facet normal -0.989183 0 0.146686
    outer loop
      vertex 3.60439 -10.5 31.683
      vertex 3.6573 -8.8 32.0398
      vertex 3.60439 -8.8 31.683
    endloop
  endfacet
  facet normal -0.989183 0 0.146686
    outer loop
      vertex 3.6573 -8.8 32.0398
      vertex 3.60439 -10.5 31.683
      vertex 3.6573 -10.5 32.0398
    endloop
  endfacet
  facet normal -0.989183 0 0.146686
    outer loop
      vertex 3.60439 8.8 31.683
      vertex 3.6573 10.5 32.0398
      vertex 3.60439 10.5 31.683
    endloop
  endfacet
  facet normal -0.989183 0 0.146686
    outer loop
      vertex 3.6573 10.5 32.0398
      vertex 3.60439 8.8 31.683
      vertex 3.6573 8.8 32.0398
    endloop
  endfacet
  facet normal -0.857701 0 0.514149
    outer loop
      vertex 3.05565 -10.5 30.3583
      vertex 3.24106 -8.8 30.6676
      vertex 3.05565 -8.8 30.3583
    endloop
  endfacet
  facet normal -0.857701 0 0.514149
    outer loop
      vertex 3.24106 -8.8 30.6676
      vertex 3.05565 -10.5 30.3583
      vertex 3.24106 -10.5 30.6676
    endloop
  endfacet
  facet normal -0.857701 0 0.514149
    outer loop
      vertex 3.05565 8.8 30.3583
      vertex 3.24106 10.5 30.6676
      vertex 3.05565 10.5 30.3583
    endloop
  endfacet
  facet normal -0.857701 0 0.514149
    outer loop
      vertex 3.24106 10.5 30.6676
      vertex 3.05565 8.8 30.3583
      vertex 3.24106 8.8 30.6676
    endloop
  endfacet
  facet normal 0.970025 0 -0.243005
    outer loop
      vertex -3.51676 -10.5 33.4668
      vertex -3.60439 -8.8 33.117
      vertex -3.51676 -8.8 33.4668
    endloop
  endfacet
  facet normal 0.970025 0 -0.243005
    outer loop
      vertex -3.60439 -8.8 33.117
      vertex -3.51676 -10.5 33.4668
      vertex -3.60439 -10.5 33.117
    endloop
  endfacet
  facet normal 0.970025 0 -0.243005
    outer loop
      vertex -3.51676 8.8 33.4668
      vertex -3.60439 10.5 33.117
      vertex -3.51676 10.5 33.4668
    endloop
  endfacet
  facet normal 0.970025 0 -0.243005
    outer loop
      vertex -3.60439 10.5 33.117
      vertex -3.51676 8.8 33.4668
      vertex -3.60439 8.8 33.117
    endloop
  endfacet
  facet normal -0.595804 0 0.80313
    outer loop
      vertex 2.04172 -8.8 29.3443
      vertex 2.3314 -10.5 29.5592
      vertex 2.3314 -8.8 29.5592
    endloop
  endfacet
  facet normal -0.595804 0 0.80313
    outer loop
      vertex 2.3314 -10.5 29.5592
      vertex 2.04172 -8.8 29.3443
      vertex 2.04172 -10.5 29.3443
    endloop
  endfacet
  facet normal -0.595804 0 0.80313
    outer loop
      vertex 2.04172 10.5 29.3443
      vertex 2.3314 8.8 29.5592
      vertex 2.3314 10.5 29.5592
    endloop
  endfacet
  facet normal -0.595804 0 0.80313
    outer loop
      vertex 2.3314 8.8 29.5592
      vertex 2.04172 10.5 29.3443
      vertex 2.04172 8.8 29.3443
    endloop
  endfacet
  facet normal -0.146682 0 0.989184
    outer loop
      vertex 0.360212 -8.8 28.7427
      vertex 0.716956 -10.5 28.7956
      vertex 0.716956 -8.8 28.7956
    endloop
  endfacet
  facet normal -0.146682 0 0.989184
    outer loop
      vertex 0.716956 -10.5 28.7956
      vertex 0.360212 -8.8 28.7427
      vertex 0.360212 -10.5 28.7427
    endloop
  endfacet
  facet normal -0.146682 0 0.989184
    outer loop
      vertex 0.360212 10.5 28.7427
      vertex 0.716956 8.8 28.7956
      vertex 0.716956 10.5 28.7956
    endloop
  endfacet
  facet normal -0.146682 0 0.989184
    outer loop
      vertex 0.716956 8.8 28.7956
      vertex 0.360212 10.5 28.7427
      vertex 0.360212 8.8 28.7427
    endloop
  endfacet
  facet normal 0.146682 0 0.989184
    outer loop
      vertex -0.716956 -8.8 28.7956
      vertex -0.360212 -10.5 28.7427
      vertex -0.360212 -8.8 28.7427
    endloop
  endfacet
  facet normal 0.146682 0 0.989184
    outer loop
      vertex -0.360212 -10.5 28.7427
      vertex -0.716956 -8.8 28.7956
      vertex -0.716956 -10.5 28.7956
    endloop
  endfacet
  facet normal 0.146682 0 0.989184
    outer loop
      vertex -0.716956 10.5 28.7956
      vertex -0.360212 8.8 28.7427
      vertex -0.360212 10.5 28.7427
    endloop
  endfacet
  facet normal 0.146682 0 0.989184
    outer loop
      vertex -0.360212 8.8 28.7427
      vertex -0.716956 10.5 28.7956
      vertex -0.716956 8.8 28.7956
    endloop
  endfacet
  facet normal 0.989183 -0 0.146686
    outer loop
      vertex -3.6573 -10.5 32.0398
      vertex -3.60439 -8.8 31.683
      vertex -3.6573 -8.8 32.0398
    endloop
  endfacet
  facet normal 0.989183 0 0.146686
    outer loop
      vertex -3.60439 -8.8 31.683
      vertex -3.6573 -10.5 32.0398
      vertex -3.60439 -10.5 31.683
    endloop
  endfacet
  facet normal 0.989183 -0 0.146686
    outer loop
      vertex -3.6573 8.8 32.0398
      vertex -3.60439 10.5 31.683
      vertex -3.6573 10.5 32.0398
    endloop
  endfacet
  facet normal 0.989183 0 0.146686
    outer loop
      vertex -3.60439 10.5 31.683
      vertex -3.6573 8.8 32.0398
      vertex -3.60439 8.8 31.683
    endloop
  endfacet
  facet normal 0.857701 -0 0.514149
    outer loop
      vertex -3.24106 -10.5 30.6676
      vertex -3.05565 -8.8 30.3583
      vertex -3.24106 -8.8 30.6676
    endloop
  endfacet
  facet normal 0.857701 0 0.514149
    outer loop
      vertex -3.05565 -8.8 30.3583
      vertex -3.24106 -10.5 30.6676
      vertex -3.05565 -10.5 30.3583
    endloop
  endfacet
  facet normal 0.857701 -0 0.514149
    outer loop
      vertex -3.24106 8.8 30.6676
      vertex -3.05565 10.5 30.3583
      vertex -3.24106 10.5 30.6676
    endloop
  endfacet
  facet normal 0.857701 0 0.514149
    outer loop
      vertex -3.05565 10.5 30.3583
      vertex -3.24106 8.8 30.6676
      vertex -3.05565 8.8 30.3583
    endloop
  endfacet
  facet normal -0.336898 0 0.941541
    outer loop
      vertex 1.0668 -8.8 28.8832
      vertex 1.40636 -10.5 29.0047
      vertex 1.40636 -8.8 29.0047
    endloop
  endfacet
  facet normal -0.336898 0 0.941541
    outer loop
      vertex 1.40636 -10.5 29.0047
      vertex 1.0668 -8.8 28.8832
      vertex 1.0668 -10.5 28.8832
    endloop
  endfacet
  facet normal -0.336898 0 0.941541
    outer loop
      vertex 1.0668 10.5 28.8832
      vertex 1.40636 8.8 29.0047
      vertex 1.40636 10.5 29.0047
    endloop
  endfacet
  facet normal -0.336898 0 0.941541
    outer loop
      vertex 1.40636 8.8 29.0047
      vertex 1.0668 10.5 28.8832
      vertex 1.0668 8.8 28.8832
    endloop
  endfacet
  facet normal 0.595804 0 0.80313
    outer loop
      vertex -2.3314 -8.8 29.5592
      vertex -2.04172 -10.5 29.3443
      vertex -2.04172 -8.8 29.3443
    endloop
  endfacet
  facet normal 0.595804 0 0.80313
    outer loop
      vertex -2.04172 -10.5 29.3443
      vertex -2.3314 -8.8 29.5592
      vertex -2.3314 -10.5 29.5592
    endloop
  endfacet
  facet normal 0.595804 0 0.80313
    outer loop
      vertex -2.3314 10.5 29.5592
      vertex -2.04172 8.8 29.3443
      vertex -2.04172 10.5 29.3443
    endloop
  endfacet
  facet normal 0.595804 0 0.80313
    outer loop
      vertex -2.04172 8.8 29.3443
      vertex -2.3314 10.5 29.5592
      vertex -2.3314 8.8 29.5592
    endloop
  endfacet
  facet normal 0.427222 0 -0.904147
    outer loop
      vertex -1.73238 -10.5 35.6411
      vertex -1.7 -8.8 35.6564
      vertex -1.7 -10.5 35.6564
    endloop
  endfacet
  facet normal 0.427222 0 -0.904147
    outer loop
      vertex -1.7 -8.8 35.6564
      vertex -1.73238 -10.5 35.6411
      vertex -1.73238 -8.8 35.6411
    endloop
  endfacet
  facet normal 0.427222 0 -0.904147
    outer loop
      vertex -1.73238 8.8 35.6411
      vertex -1.7 10.5 35.6564
      vertex -1.7 8.8 35.6564
    endloop
  endfacet
  facet normal 0.427222 0 -0.904147
    outer loop
      vertex -1.7 10.5 35.6564
      vertex -1.73238 8.8 35.6411
      vertex -1.73238 10.5 35.6411
    endloop
  endfacet
  facet normal 0.242898 0 0.970052
    outer loop
      vertex -1.0668 -8.8 28.8832
      vertex -0.716956 -10.5 28.7956
      vertex -0.716956 -8.8 28.7956
    endloop
  endfacet
  facet normal 0.242898 0 0.970052
    outer loop
      vertex -0.716956 -10.5 28.7956
      vertex -1.0668 -8.8 28.8832
      vertex -1.0668 -10.5 28.8832
    endloop
  endfacet
  facet normal 0.242898 0 0.970052
    outer loop
      vertex -1.0668 10.5 28.8832
      vertex -0.716956 8.8 28.7956
      vertex -0.716956 10.5 28.7956
    endloop
  endfacet
  facet normal 0.242898 0 0.970052
    outer loop
      vertex -0.716956 8.8 28.7956
      vertex -1.0668 10.5 28.8832
      vertex -1.0668 8.8 28.8832
    endloop
  endfacet
  facet normal 0.336898 0 0.941541
    outer loop
      vertex -1.40636 -8.8 29.0047
      vertex -1.0668 -10.5 28.8832
      vertex -1.0668 -8.8 28.8832
    endloop
  endfacet
  facet normal 0.336898 0 0.941541
    outer loop
      vertex -1.0668 -10.5 28.8832
      vertex -1.40636 -8.8 29.0047
      vertex -1.40636 -10.5 29.0047
    endloop
  endfacet
  facet normal 0.336898 0 0.941541
    outer loop
      vertex -1.40636 10.5 29.0047
      vertex -1.0668 8.8 28.8832
      vertex -1.0668 10.5 28.8832
    endloop
  endfacet
  facet normal 0.336898 0 0.941541
    outer loop
      vertex -1.0668 8.8 28.8832
      vertex -1.40636 10.5 29.0047
      vertex -1.40636 8.8 29.0047
    endloop
  endfacet
  facet normal -0.803229 0 0.59567
    outer loop
      vertex 2.84081 -10.5 30.0686
      vertex 3.05565 -8.8 30.3583
      vertex 2.84081 -8.8 30.0686
    endloop
  endfacet
  facet normal -0.803229 0 0.59567
    outer loop
      vertex 3.05565 -8.8 30.3583
      vertex 2.84081 -10.5 30.0686
      vertex 3.05565 -10.5 30.3583
    endloop
  endfacet
  facet normal -0.803229 0 0.59567
    outer loop
      vertex 2.84081 8.8 30.0686
      vertex 3.05565 10.5 30.3583
      vertex 2.84081 10.5 30.0686
    endloop
  endfacet
  facet normal -0.803229 0 0.59567
    outer loop
      vertex 3.05565 10.5 30.3583
      vertex 2.84081 8.8 30.0686
      vertex 3.05565 8.8 30.3583
    endloop
  endfacet
  facet normal 0.998795 -0 0.0490801
    outer loop
      vertex -3.675 -10.5 32.4
      vertex -3.6573 -8.8 32.0398
      vertex -3.675 -8.8 32.4
    endloop
  endfacet
  facet normal 0.998795 0 0.0490801
    outer loop
      vertex -3.6573 -8.8 32.0398
      vertex -3.675 -10.5 32.4
      vertex -3.6573 -10.5 32.0398
    endloop
  endfacet
  facet normal 0.998795 -0 0.0490801
    outer loop
      vertex -3.675 8.8 32.4
      vertex -3.6573 10.5 32.0398
      vertex -3.675 10.5 32.4
    endloop
  endfacet
  facet normal 0.998795 0 0.0490801
    outer loop
      vertex -3.6573 10.5 32.0398
      vertex -3.675 8.8 32.4
      vertex -3.6573 8.8 32.0398
    endloop
  endfacet
  facet normal -0.595804 0 -0.80313
    outer loop
      vertex 2.04172 -10.5 35.4557
      vertex 2.3314 -8.8 35.2408
      vertex 2.3314 -10.5 35.2408
    endloop
  endfacet
  facet normal -0.595804 0 -0.80313
    outer loop
      vertex 2.3314 -8.8 35.2408
      vertex 2.04172 -10.5 35.4557
      vertex 2.04172 -8.8 35.4557
    endloop
  endfacet
  facet normal -0.595804 0 -0.80313
    outer loop
      vertex 2.04172 8.8 35.4557
      vertex 2.3314 10.5 35.2408
      vertex 2.3314 8.8 35.2408
    endloop
  endfacet
  facet normal -0.595804 0 -0.80313
    outer loop
      vertex 2.3314 10.5 35.2408
      vertex 2.04172 8.8 35.4557
      vertex 2.04172 10.5 35.4557
    endloop
  endfacet
  facet normal -0.427564 0 0.903985
    outer loop
      vertex 1.40636 -8.8 29.0047
      vertex 1.73238 -10.5 29.1589
      vertex 1.73238 -8.8 29.1589
    endloop
  endfacet
  facet normal -0.427564 0 0.903985
    outer loop
      vertex 1.73238 -10.5 29.1589
      vertex 1.40636 -8.8 29.0047
      vertex 1.40636 -10.5 29.0047
    endloop
  endfacet
  facet normal -0.427564 0 0.903985
    outer loop
      vertex 1.40636 10.5 29.0047
      vertex 1.73238 8.8 29.1589
      vertex 1.73238 10.5 29.1589
    endloop
  endfacet
  facet normal -0.427564 0 0.903985
    outer loop
      vertex 1.73238 8.8 29.1589
      vertex 1.40636 10.5 29.0047
      vertex 1.40636 8.8 29.0047
    endloop
  endfacet
  facet normal -0.941554 0 -0.336863
    outer loop
      vertex 3.51676 -10.5 33.4668
      vertex 3.39526 -8.8 33.8064
      vertex 3.51676 -8.8 33.4668
    endloop
  endfacet
  facet normal -0.941554 -0 -0.336863
    outer loop
      vertex 3.39526 -8.8 33.8064
      vertex 3.51676 -10.5 33.4668
      vertex 3.39526 -10.5 33.8064
    endloop
  endfacet
  facet normal -0.941554 0 -0.336863
    outer loop
      vertex 3.51676 8.8 33.4668
      vertex 3.39526 10.5 33.8064
      vertex 3.51676 10.5 33.4668
    endloop
  endfacet
  facet normal -0.941554 -0 -0.336863
    outer loop
      vertex 3.39526 10.5 33.8064
      vertex 3.51676 8.8 33.4668
      vertex 3.39526 8.8 33.8064
    endloop
  endfacet
  facet normal 0.671568 0 -0.740943
    outer loop
      vertex -2.59862 -10.5 34.9986
      vertex -2.3314 -8.8 35.2408
      vertex -2.3314 -10.5 35.2408
    endloop
  endfacet
  facet normal 0.671568 0 -0.740943
    outer loop
      vertex -2.3314 -8.8 35.2408
      vertex -2.59862 -10.5 34.9986
      vertex -2.59862 -8.8 34.9986
    endloop
  endfacet
  facet normal 0.671568 0 -0.740943
    outer loop
      vertex -2.59862 8.8 34.9986
      vertex -2.3314 10.5 35.2408
      vertex -2.3314 8.8 35.2408
    endloop
  endfacet
  facet normal 0.671568 0 -0.740943
    outer loop
      vertex -2.3314 10.5 35.2408
      vertex -2.59862 8.8 34.9986
      vertex -2.59862 10.5 34.9986
    endloop
  endfacet
  facet normal -0.903975 0 -0.427586
    outer loop
      vertex 3.39526 -10.5 33.8064
      vertex 3.24106 -8.8 34.1324
      vertex 3.39526 -8.8 33.8064
    endloop
  endfacet
  facet normal -0.903975 -0 -0.427586
    outer loop
      vertex 3.24106 -8.8 34.1324
      vertex 3.39526 -10.5 33.8064
      vertex 3.24106 -10.5 34.1324
    endloop
  endfacet
  facet normal -0.903975 0 -0.427586
    outer loop
      vertex 3.39526 8.8 33.8064
      vertex 3.24106 10.5 34.1324
      vertex 3.39526 10.5 33.8064
    endloop
  endfacet
  facet normal -0.903975 -0 -0.427586
    outer loop
      vertex 3.24106 10.5 34.1324
      vertex 3.39526 8.8 33.8064
      vertex 3.24106 8.8 34.1324
    endloop
  endfacet
  facet normal -0.970025 0 0.243005
    outer loop
      vertex 3.51676 -10.5 31.3332
      vertex 3.60439 -8.8 31.683
      vertex 3.51676 -8.8 31.3332
    endloop
  endfacet
  facet normal -0.970025 0 0.243005
    outer loop
      vertex 3.60439 -8.8 31.683
      vertex 3.51676 -10.5 31.3332
      vertex 3.60439 -10.5 31.683
    endloop
  endfacet
  facet normal -0.970025 0 0.243005
    outer loop
      vertex 3.51676 8.8 31.3332
      vertex 3.60439 10.5 31.683
      vertex 3.51676 10.5 31.3332
    endloop
  endfacet
  facet normal -0.970025 0 0.243005
    outer loop
      vertex 3.60439 10.5 31.683
      vertex 3.51676 8.8 31.3332
      vertex 3.60439 8.8 31.683
    endloop
  endfacet
  facet normal -0.740932 0 0.67158
    outer loop
      vertex 2.59862 -10.5 29.8014
      vertex 2.84081 -8.8 30.0686
      vertex 2.59862 -8.8 29.8014
    endloop
  endfacet
  facet normal -0.740932 0 0.67158
    outer loop
      vertex 2.84081 -8.8 30.0686
      vertex 2.59862 -10.5 29.8014
      vertex 2.84081 -10.5 30.0686
    endloop
  endfacet
  facet normal -0.740932 0 0.67158
    outer loop
      vertex 2.59862 8.8 29.8014
      vertex 2.84081 10.5 30.0686
      vertex 2.59862 10.5 29.8014
    endloop
  endfacet
  facet normal -0.740932 0 0.67158
    outer loop
      vertex 2.84081 10.5 30.0686
      vertex 2.59862 8.8 29.8014
      vertex 2.84081 8.8 30.0686
    endloop
  endfacet
  facet normal -0.857701 0 -0.514149
    outer loop
      vertex 3.24106 -10.5 34.1324
      vertex 3.05565 -8.8 34.4417
      vertex 3.24106 -8.8 34.1324
    endloop
  endfacet
  facet normal -0.857701 -0 -0.514149
    outer loop
      vertex 3.05565 -8.8 34.4417
      vertex 3.24106 -10.5 34.1324
      vertex 3.05565 -10.5 34.4417
    endloop
  endfacet
  facet normal -0.857701 0 -0.514149
    outer loop
      vertex 3.24106 8.8 34.1324
      vertex 3.05565 10.5 34.4417
      vertex 3.24106 10.5 34.1324
    endloop
  endfacet
  facet normal -0.857701 -0 -0.514149
    outer loop
      vertex 3.05565 10.5 34.4417
      vertex 3.24106 8.8 34.1324
      vertex 3.05565 8.8 34.4417
    endloop
  endfacet
  facet normal 0.803229 0 -0.59567
    outer loop
      vertex -2.84081 -10.5 34.7314
      vertex -3.05565 -8.8 34.4417
      vertex -2.84081 -8.8 34.7314
    endloop
  endfacet
  facet normal 0.803229 0 -0.59567
    outer loop
      vertex -3.05565 -8.8 34.4417
      vertex -2.84081 -10.5 34.7314
      vertex -3.05565 -10.5 34.4417
    endloop
  endfacet
  facet normal 0.803229 0 -0.59567
    outer loop
      vertex -2.84081 8.8 34.7314
      vertex -3.05565 10.5 34.4417
      vertex -2.84081 10.5 34.7314
    endloop
  endfacet
  facet normal 0.803229 0 -0.59567
    outer loop
      vertex -3.05565 10.5 34.4417
      vertex -2.84081 8.8 34.7314
      vertex -3.05565 8.8 34.4417
    endloop
  endfacet
  facet normal 0.51408 0 0.857742
    outer loop
      vertex -2.04172 -8.8 29.3443
      vertex -1.73238 -10.5 29.1589
      vertex -1.73238 -8.8 29.1589
    endloop
  endfacet
  facet normal 0.51408 0 0.857742
    outer loop
      vertex -1.73238 -10.5 29.1589
      vertex -2.04172 -8.8 29.3443
      vertex -2.04172 -10.5 29.3443
    endloop
  endfacet
  facet normal 0.51408 0 0.857742
    outer loop
      vertex -2.04172 10.5 29.3443
      vertex -1.73238 8.8 29.1589
      vertex -1.73238 10.5 29.1589
    endloop
  endfacet
  facet normal 0.51408 0 0.857742
    outer loop
      vertex -1.73238 8.8 29.1589
      vertex -2.04172 10.5 29.3443
      vertex -2.04172 8.8 29.3443
    endloop
  endfacet
  facet normal 0.998795 0 -0.0490801
    outer loop
      vertex -3.6573 -10.5 32.7602
      vertex -3.675 -8.8 32.4
      vertex -3.6573 -8.8 32.7602
    endloop
  endfacet
  facet normal 0.998795 0 -0.0490801
    outer loop
      vertex -3.675 -8.8 32.4
      vertex -3.6573 -10.5 32.7602
      vertex -3.675 -10.5 32.4
    endloop
  endfacet
  facet normal 0.998795 0 -0.0490801
    outer loop
      vertex -3.6573 8.8 32.7602
      vertex -3.675 10.5 32.4
      vertex -3.6573 10.5 32.7602
    endloop
  endfacet
  facet normal 0.998795 0 -0.0490801
    outer loop
      vertex -3.675 10.5 32.4
      vertex -3.6573 8.8 32.7602
      vertex -3.675 8.8 32.4
    endloop
  endfacet
  facet normal 0.740932 0 -0.67158
    outer loop
      vertex -2.59862 -10.5 34.9986
      vertex -2.84081 -8.8 34.7314
      vertex -2.59862 -8.8 34.9986
    endloop
  endfacet
  facet normal 0.740932 0 -0.67158
    outer loop
      vertex -2.84081 -8.8 34.7314
      vertex -2.59862 -10.5 34.9986
      vertex -2.84081 -10.5 34.7314
    endloop
  endfacet
  facet normal 0.740932 0 -0.67158
    outer loop
      vertex -2.59862 8.8 34.9986
      vertex -2.84081 10.5 34.7314
      vertex -2.59862 10.5 34.9986
    endloop
  endfacet
  facet normal 0.740932 0 -0.67158
    outer loop
      vertex -2.84081 10.5 34.7314
      vertex -2.59862 8.8 34.9986
      vertex -2.84081 8.8 34.7314
    endloop
  endfacet
  facet normal 0.0490785 0 0.998795
    outer loop
      vertex -0.360212 -8.8 28.7427
      vertex 0 -10.5 28.725
      vertex 0 -8.8 28.725
    endloop
  endfacet
  facet normal 0.0490785 0 0.998795
    outer loop
      vertex 0 -10.5 28.725
      vertex -0.360212 -8.8 28.7427
      vertex -0.360212 -10.5 28.7427
    endloop
  endfacet
  facet normal 0.0490785 0 0.998795
    outer loop
      vertex -0.360212 10.5 28.7427
      vertex 0 8.8 28.725
      vertex 0 10.5 28.725
    endloop
  endfacet
  facet normal 0.0490785 0 0.998795
    outer loop
      vertex 0 8.8 28.725
      vertex -0.360212 10.5 28.7427
      vertex -0.360212 8.8 28.7427
    endloop
  endfacet
  facet normal 0.740932 -0 0.67158
    outer loop
      vertex -2.84081 -10.5 30.0686
      vertex -2.59862 -8.8 29.8014
      vertex -2.84081 -8.8 30.0686
    endloop
  endfacet
  facet normal 0.740932 0 0.67158
    outer loop
      vertex -2.59862 -8.8 29.8014
      vertex -2.84081 -10.5 30.0686
      vertex -2.59862 -10.5 29.8014
    endloop
  endfacet
  facet normal 0.740932 -0 0.67158
    outer loop
      vertex -2.84081 8.8 30.0686
      vertex -2.59862 10.5 29.8014
      vertex -2.84081 10.5 30.0686
    endloop
  endfacet
  facet normal 0.740932 0 0.67158
    outer loop
      vertex -2.59862 10.5 29.8014
      vertex -2.84081 8.8 30.0686
      vertex -2.59862 8.8 29.8014
    endloop
  endfacet
  facet normal 0.970025 -0 0.243005
    outer loop
      vertex -3.60439 -10.5 31.683
      vertex -3.51676 -8.8 31.3332
      vertex -3.60439 -8.8 31.683
    endloop
  endfacet
  facet normal 0.970025 0 0.243005
    outer loop
      vertex -3.51676 -8.8 31.3332
      vertex -3.60439 -10.5 31.683
      vertex -3.51676 -10.5 31.3332
    endloop
  endfacet
  facet normal 0.970025 -0 0.243005
    outer loop
      vertex -3.60439 8.8 31.683
      vertex -3.51676 10.5 31.3332
      vertex -3.60439 10.5 31.683
    endloop
  endfacet
  facet normal 0.970025 0 0.243005
    outer loop
      vertex -3.51676 10.5 31.3332
      vertex -3.60439 8.8 31.683
      vertex -3.51676 8.8 31.3332
    endloop
  endfacet
  facet normal -0.0490785 0 0.998795
    outer loop
      vertex 0 -8.8 28.725
      vertex 0.360212 -10.5 28.7427
      vertex 0.360212 -8.8 28.7427
    endloop
  endfacet
  facet normal -0.0490785 0 0.998795
    outer loop
      vertex 0.360212 -10.5 28.7427
      vertex 0 -8.8 28.725
      vertex 0 -10.5 28.725
    endloop
  endfacet
  facet normal -0.0490785 0 0.998795
    outer loop
      vertex 0 10.5 28.725
      vertex 0.360212 8.8 28.7427
      vertex 0.360212 10.5 28.7427
    endloop
  endfacet
  facet normal -0.0490785 0 0.998795
    outer loop
      vertex 0.360212 8.8 28.7427
      vertex 0 10.5 28.725
      vertex 0 8.8 28.725
    endloop
  endfacet
  facet normal -0.740932 0 -0.67158
    outer loop
      vertex 2.84081 -10.5 34.7314
      vertex 2.59862 -8.8 34.9986
      vertex 2.84081 -8.8 34.7314
    endloop
  endfacet
  facet normal -0.740932 -0 -0.67158
    outer loop
      vertex 2.59862 -8.8 34.9986
      vertex 2.84081 -10.5 34.7314
      vertex 2.59862 -10.5 34.9986
    endloop
  endfacet
  facet normal -0.740932 0 -0.67158
    outer loop
      vertex 2.84081 8.8 34.7314
      vertex 2.59862 10.5 34.9986
      vertex 2.84081 10.5 34.7314
    endloop
  endfacet
  facet normal -0.740932 -0 -0.67158
    outer loop
      vertex 2.59862 10.5 34.9986
      vertex 2.84081 8.8 34.7314
      vertex 2.59862 8.8 34.9986
    endloop
  endfacet
  facet normal -0.671568 0 0.740943
    outer loop
      vertex 2.3314 -8.8 29.5592
      vertex 2.59862 -10.5 29.8014
      vertex 2.59862 -8.8 29.8014
    endloop
  endfacet
  facet normal -0.671568 0 0.740943
    outer loop
      vertex 2.59862 -10.5 29.8014
      vertex 2.3314 -8.8 29.5592
      vertex 2.3314 -10.5 29.5592
    endloop
  endfacet
  facet normal -0.671568 0 0.740943
    outer loop
      vertex 2.3314 10.5 29.5592
      vertex 2.59862 8.8 29.8014
      vertex 2.59862 10.5 29.8014
    endloop
  endfacet
  facet normal -0.671568 0 0.740943
    outer loop
      vertex 2.59862 8.8 29.8014
      vertex 2.3314 10.5 29.5592
      vertex 2.3314 8.8 29.5592
    endloop
  endfacet
  facet normal -0.671568 0 -0.740943
    outer loop
      vertex 2.3314 -10.5 35.2408
      vertex 2.59862 -8.8 34.9986
      vertex 2.59862 -10.5 34.9986
    endloop
  endfacet
  facet normal -0.671568 0 -0.740943
    outer loop
      vertex 2.59862 -8.8 34.9986
      vertex 2.3314 -10.5 35.2408
      vertex 2.3314 -8.8 35.2408
    endloop
  endfacet
  facet normal -0.671568 0 -0.740943
    outer loop
      vertex 2.3314 8.8 35.2408
      vertex 2.59862 10.5 34.9986
      vertex 2.59862 8.8 34.9986
    endloop
  endfacet
  facet normal -0.671568 0 -0.740943
    outer loop
      vertex 2.59862 10.5 34.9986
      vertex 2.3314 8.8 35.2408
      vertex 2.3314 10.5 35.2408
    endloop
  endfacet
  facet normal -0.51408 0 0.857742
    outer loop
      vertex 1.73238 -8.8 29.1589
      vertex 2.04172 -10.5 29.3443
      vertex 2.04172 -8.8 29.3443
    endloop
  endfacet
  facet normal -0.51408 0 0.857742
    outer loop
      vertex 2.04172 -10.5 29.3443
      vertex 1.73238 -8.8 29.1589
      vertex 1.73238 -10.5 29.1589
    endloop
  endfacet
  facet normal -0.51408 0 0.857742
    outer loop
      vertex 1.73238 10.5 29.1589
      vertex 2.04172 8.8 29.3443
      vertex 2.04172 10.5 29.3443
    endloop
  endfacet
  facet normal -0.51408 0 0.857742
    outer loop
      vertex 2.04172 8.8 29.3443
      vertex 1.73238 10.5 29.1589
      vertex 1.73238 8.8 29.1589
    endloop
  endfacet
  facet normal 0.671568 0 0.740943
    outer loop
      vertex -2.59862 -8.8 29.8014
      vertex -2.3314 -10.5 29.5592
      vertex -2.3314 -8.8 29.5592
    endloop
  endfacet
  facet normal 0.671568 0 0.740943
    outer loop
      vertex -2.3314 -10.5 29.5592
      vertex -2.59862 -8.8 29.8014
      vertex -2.59862 -10.5 29.8014
    endloop
  endfacet
  facet normal 0.671568 0 0.740943
    outer loop
      vertex -2.59862 10.5 29.8014
      vertex -2.3314 8.8 29.5592
      vertex -2.3314 10.5 29.5592
    endloop
  endfacet
  facet normal 0.671568 0 0.740943
    outer loop
      vertex -2.3314 8.8 29.5592
      vertex -2.59862 10.5 29.8014
      vertex -2.59862 8.8 29.8014
    endloop
  endfacet
  facet normal 0.989183 0 -0.146686
    outer loop
      vertex -3.60439 -10.5 33.117
      vertex -3.6573 -8.8 32.7602
      vertex -3.60439 -8.8 33.117
    endloop
  endfacet
  facet normal 0.989183 0 -0.146686
    outer loop
      vertex -3.6573 -8.8 32.7602
      vertex -3.60439 -10.5 33.117
      vertex -3.6573 -10.5 32.7602
    endloop
  endfacet
  facet normal 0.989183 0 -0.146686
    outer loop
      vertex -3.60439 8.8 33.117
      vertex -3.6573 10.5 32.7602
      vertex -3.60439 10.5 33.117
    endloop
  endfacet
  facet normal 0.989183 0 -0.146686
    outer loop
      vertex -3.6573 10.5 32.7602
      vertex -3.60439 8.8 33.117
      vertex -3.6573 8.8 32.7602
    endloop
  endfacet
  facet normal -0.242898 0 0.970052
    outer loop
      vertex 0.716956 -8.8 28.7956
      vertex 1.0668 -10.5 28.8832
      vertex 1.0668 -8.8 28.8832
    endloop
  endfacet
  facet normal -0.242898 0 0.970052
    outer loop
      vertex 1.0668 -10.5 28.8832
      vertex 0.716956 -8.8 28.7956
      vertex 0.716956 -10.5 28.7956
    endloop
  endfacet
  facet normal -0.242898 0 0.970052
    outer loop
      vertex 0.716956 10.5 28.7956
      vertex 1.0668 8.8 28.8832
      vertex 1.0668 10.5 28.8832
    endloop
  endfacet
  facet normal -0.242898 0 0.970052
    outer loop
      vertex 1.0668 8.8 28.8832
      vertex 0.716956 10.5 28.7956
      vertex 0.716956 8.8 28.7956
    endloop
  endfacet
  facet normal 0.903975 -0 0.427586
    outer loop
      vertex -3.39526 -10.5 30.9936
      vertex -3.24106 -8.8 30.6676
      vertex -3.39526 -8.8 30.9936
    endloop
  endfacet
  facet normal 0.903975 0 0.427586
    outer loop
      vertex -3.24106 -8.8 30.6676
      vertex -3.39526 -10.5 30.9936
      vertex -3.24106 -10.5 30.6676
    endloop
  endfacet
  facet normal 0.903975 -0 0.427586
    outer loop
      vertex -3.39526 8.8 30.9936
      vertex -3.24106 10.5 30.6676
      vertex -3.39526 10.5 30.9936
    endloop
  endfacet
  facet normal 0.903975 0 0.427586
    outer loop
      vertex -3.24106 10.5 30.6676
      vertex -3.39526 8.8 30.9936
      vertex -3.24106 8.8 30.6676
    endloop
  endfacet
  facet normal 0.857701 0 -0.514149
    outer loop
      vertex -3.05565 -10.5 34.4417
      vertex -3.24106 -8.8 34.1324
      vertex -3.05565 -8.8 34.4417
    endloop
  endfacet
  facet normal 0.857701 0 -0.514149
    outer loop
      vertex -3.24106 -8.8 34.1324
      vertex -3.05565 -10.5 34.4417
      vertex -3.24106 -10.5 34.1324
    endloop
  endfacet
  facet normal 0.857701 0 -0.514149
    outer loop
      vertex -3.05565 8.8 34.4417
      vertex -3.24106 10.5 34.1324
      vertex -3.05565 10.5 34.4417
    endloop
  endfacet
  facet normal 0.857701 0 -0.514149
    outer loop
      vertex -3.24106 10.5 34.1324
      vertex -3.05565 8.8 34.4417
      vertex -3.24106 8.8 34.1324
    endloop
  endfacet
  facet normal -1 0 0
    outer loop
      vertex 1.7 -10.5 35.6564
      vertex 1.7 -8.8 36.5
      vertex 1.7 -8.8 35.6564
    endloop
  endfacet
  facet normal -1 -0 0
    outer loop
      vertex 1.7 -8.8 36.5
      vertex 1.7 -10.5 35.6564
      vertex 1.7 -10.5 36.5
    endloop
  endfacet
  facet normal -1 0 0
    outer loop
      vertex 1.7 8.8 35.6564
      vertex 1.7 10.5 36.5
      vertex 1.7 10.5 35.6564
    endloop
  endfacet
  facet normal -1 -0 0
    outer loop
      vertex 1.7 10.5 36.5
      vertex 1.7 8.8 35.6564
      vertex 1.7 8.8 36.5
    endloop
  endfacet
  facet normal 1 -0 0
    outer loop
      vertex -1.7 -10.5 36.5
      vertex -1.7 -8.8 35.6564
      vertex -1.7 -8.8 36.5
    endloop
  endfacet
  facet normal 1 0 0
    outer loop
      vertex -1.7 -8.8 35.6564
      vertex -1.7 -10.5 36.5
      vertex -1.7 -10.5 35.6564
    endloop
  endfacet
  facet normal 1 -0 0
    outer loop
      vertex -1.7 8.8 36.5
      vertex -1.7 10.5 35.6564
      vertex -1.7 10.5 36.5
    endloop
  endfacet
  facet normal 1 0 0
    outer loop
      vertex -1.7 10.5 35.6564
      vertex -1.7 8.8 36.5
      vertex -1.7 8.8 35.6564
    endloop
  endfacet
  facet normal -0.710616 0 0.70358
    outer loop
      vertex 1.7 -10.5 36.5
      vertex 2.6901 -8.8 37.5
      vertex 1.7 -8.8 36.5
    endloop
  endfacet
  facet normal -0.710616 0 0.70358
    outer loop
      vertex 2.6901 -8.8 37.5
      vertex 1.7 -10.5 36.5
      vertex 2.6901 -10.5 37.5
    endloop
  endfacet
  facet normal -0.710616 0 0.70358
    outer loop
      vertex 1.7 8.8 36.5
      vertex 2.6901 10.5 37.5
      vertex 1.7 10.5 36.5
    endloop
  endfacet
  facet normal -0.710616 0 0.70358
    outer loop
      vertex 2.6901 10.5 37.5
      vertex 1.7 8.8 36.5
      vertex 2.6901 8.8 37.5
    endloop
  endfacet
  facet normal 0.710616 -0 0.70358
    outer loop
      vertex -2.6901 -10.5 37.5
      vertex -1.7 -8.8 36.5
      vertex -2.6901 -8.8 37.5
    endloop
  endfacet
  facet normal 0.710616 0 0.70358
    outer loop
      vertex -1.7 -8.8 36.5
      vertex -2.6901 -10.5 37.5
      vertex -1.7 -10.5 36.5
    endloop
  endfacet
  facet normal 0.710616 -0 0.70358
    outer loop
      vertex -2.6901 8.8 37.5
      vertex -1.7 10.5 36.5
      vertex -2.6901 10.5 37.5
    endloop
  endfacet
  facet normal 0.710616 0 0.70358
    outer loop
      vertex -1.7 10.5 36.5
      vertex -2.6901 8.8 37.5
      vertex -1.7 8.8 36.5
    endloop
  endfacet
  facet normal 1 0 0
    outer loop
      vertex -12.5 8.8 37.5
      vertex -12.5 8.6 20.9
      vertex -12.5 8.8 19.9
    endloop
  endfacet
  facet normal 1 -0 0
    outer loop
      vertex -12.5 6.47318 26.6876
      vertex -12.5 8.6 20.9
      vertex -12.5 8.8 37.5
    endloop
  endfacet
  facet normal 1 0 0
    outer loop
      vertex -12.5 8.6 20.9
      vertex -12.5 6.56822 26.0469
      vertex -12.5 6.6 25.4
    endloop
  endfacet
  facet normal 1 0 0
    outer loop
      vertex -12.5 8.6 20.9
      vertex -12.5 6.47318 26.6876
      vertex -12.5 6.56822 26.0469
    endloop
  endfacet
  facet normal 1 0 0
    outer loop
      vertex -12.5 8.8 37.5
      vertex -12.5 6.31581 27.3159
      vertex -12.5 6.47318 26.6876
    endloop
  endfacet
  facet normal 1 0 0
    outer loop
      vertex -12.5 8.8 37.5
      vertex -12.5 6.0976 27.9257
      vertex -12.5 6.31581 27.3159
    endloop
  endfacet
  facet normal 1 0 0
    outer loop
      vertex -12.5 8.8 37.5
      vertex -12.5 5.82068 28.5112
      vertex -12.5 6.0976 27.9257
    endloop
  endfacet
  facet normal 1 0 0
    outer loop
      vertex -12.5 8.8 37.5
      vertex -12.5 5.4877 29.0668
      vertex -12.5 5.82068 28.5112
    endloop
  endfacet
  facet normal 1 0 0
    outer loop
      vertex -12.5 8.8 37.5
      vertex -12.5 5.10187 29.587
      vertex -12.5 5.4877 29.0668
    endloop
  endfacet
  facet normal 1 0 0
    outer loop
      vertex -12.5 8.8 37.5
      vertex -12.5 4.6669 30.0669
      vertex -12.5 5.10187 29.587
    endloop
  endfacet
  facet normal 1 0 0
    outer loop
      vertex -12.5 8.8 37.5
      vertex -12.5 4.187 30.5019
      vertex -12.5 4.6669 30.0669
    endloop
  endfacet
  facet normal 1 0 0
    outer loop
      vertex -12.5 8.8 37.5
      vertex -12.5 3.66676 30.8877
      vertex -12.5 4.187 30.5019
    endloop
  endfacet
  facet normal 1 0 0
    outer loop
      vertex -12.5 8.8 37.5
      vertex -12.5 3.11122 31.2207
      vertex -12.5 3.66676 30.8877
    endloop
  endfacet
  facet normal 1 0 0
    outer loop
      vertex -12.5 8.8 37.5
      vertex -12.5 2.52571 31.4976
      vertex -12.5 3.11122 31.2207
    endloop
  endfacet
  facet normal 1 0 0
    outer loop
      vertex -12.5 8.8 37.5
      vertex -12.5 1.91588 31.7158
      vertex -12.5 2.52571 31.4976
    endloop
  endfacet
  facet normal 1 0 0
    outer loop
      vertex -12.5 8.8 37.5
      vertex -12.5 1.2876 31.8732
      vertex -12.5 1.91588 31.7158
    endloop
  endfacet
  facet normal 1 0 0
    outer loop
      vertex -12.5 8.8 37.5
      vertex -12.5 0.646913 31.9682
      vertex -12.5 1.2876 31.8732
    endloop
  endfacet
  facet normal 1 0 0
    outer loop
      vertex -12.5 8.8 37.5
      vertex -12.5 0 32
      vertex -12.5 0.646913 31.9682
    endloop
  endfacet
  facet normal 1 -0 0
    outer loop
      vertex -12.5 -8.8 37.5
      vertex -12.5 0 32
      vertex -12.5 8.8 37.5
    endloop
  endfacet
  facet normal 1 0 0
    outer loop
      vertex -12.5 0 32
      vertex -12.5 -8.8 37.5
      vertex -12.5 -0.646913 31.9682
    endloop
  endfacet
  facet normal 1 0 0
    outer loop
      vertex -12.5 -0.646913 31.9682
      vertex -12.5 -8.8 37.5
      vertex -12.5 -1.2876 31.8732
    endloop
  endfacet
  facet normal 1 0 0
    outer loop
      vertex -12.5 -1.2876 31.8732
      vertex -12.5 -8.8 37.5
      vertex -12.5 -1.91588 31.7158
    endloop
  endfacet
  facet normal 1 0 0
    outer loop
      vertex -12.5 -1.91588 31.7158
      vertex -12.5 -8.8 37.5
      vertex -12.5 -2.52571 31.4976
    endloop
  endfacet
  facet normal 1 0 0
    outer loop
      vertex -12.5 -6.6 25.4
      vertex -12.5 -8.6 20.9
      vertex -12.5 -6.6 20.9
    endloop
  endfacet
  facet normal 1 0 0
    outer loop
      vertex -12.5 -6.56822 26.0469
      vertex -12.5 -8.6 20.9
      vertex -12.5 -6.6 25.4
    endloop
  endfacet
  facet normal 1 0 0
    outer loop
      vertex -12.5 -6.47318 26.6876
      vertex -12.5 -8.6 20.9
      vertex -12.5 -6.56822 26.0469
    endloop
  endfacet
  facet normal 1 0 0
    outer loop
      vertex -12.5 -8.8 37.5
      vertex -12.5 -6.47318 26.6876
      vertex -12.5 -6.31581 27.3159
    endloop
  endfacet
  facet normal 1 0 0
    outer loop
      vertex -12.5 -2.52571 31.4976
      vertex -12.5 -8.8 37.5
      vertex -12.5 -3.11122 31.2207
    endloop
  endfacet
  facet normal 1 0 0
    outer loop
      vertex -12.5 -8.8 37.5
      vertex -12.5 -3.66676 30.8877
      vertex -12.5 -3.11122 31.2207
    endloop
  endfacet
  facet normal 1 0 0
    outer loop
      vertex -12.5 -8.8 37.5
      vertex -12.5 -4.187 30.5019
      vertex -12.5 -3.66676 30.8877
    endloop
  endfacet
  facet normal 1 0 0
    outer loop
      vertex -12.5 -8.8 37.5
      vertex -12.5 -4.6669 30.0669
      vertex -12.5 -4.187 30.5019
    endloop
  endfacet
  facet normal 1 0 0
    outer loop
      vertex -12.5 -8.8 37.5
      vertex -12.5 -5.10187 29.587
      vertex -12.5 -4.6669 30.0669
    endloop
  endfacet
  facet normal 1 0 0
    outer loop
      vertex -12.5 -8.8 37.5
      vertex -12.5 -5.4877 29.0668
      vertex -12.5 -5.10187 29.587
    endloop
  endfacet
  facet normal 1 0 0
    outer loop
      vertex -12.5 -8.8 37.5
      vertex -12.5 -5.82068 28.5112
      vertex -12.5 -5.4877 29.0668
    endloop
  endfacet
  facet normal 1 0 0
    outer loop
      vertex -12.5 -8.8 37.5
      vertex -12.5 -6.0976 27.9257
      vertex -12.5 -5.82068 28.5112
    endloop
  endfacet
  facet normal 1 0 0
    outer loop
      vertex -12.5 -8.8 37.5
      vertex -12.5 -6.31581 27.3159
      vertex -12.5 -6.0976 27.9257
    endloop
  endfacet
  facet normal 1 0 0
    outer loop
      vertex -12.5 -6.47318 26.6876
      vertex -12.5 -8.8 37.5
      vertex -12.5 -8.6 20.9
    endloop
  endfacet
  facet normal 1 0 0
    outer loop
      vertex -12.5 -8.8 19.9
      vertex -12.5 -8.6 20.9
      vertex -12.5 -8.8 37.5
    endloop
  endfacet
  facet normal 1 0 0
    outer loop
      vertex -12.5 -8.6 20.9
      vertex -12.5 -8.8 19.9
      vertex -12.5 -8.6 19.9
    endloop
  endfacet
  facet normal 1 0 0
    outer loop
      vertex -12.5 8.8 19.9
      vertex -12.5 8.6 20.9
      vertex -12.5 8.6 19.9
    endloop
  endfacet
  facet normal 1 0 0
    outer loop
      vertex -12.5 8.6 20.9
      vertex -12.5 6.6 25.4
      vertex -12.5 6.6 20.9
    endloop
  endfacet
  facet normal -1 0 0
    outer loop
      vertex 6.5 -8.6 19.9
      vertex 6.5 -8.8 19.9
      vertex 6.5 -8.6 20.9
    endloop
  endfacet
  facet normal -1 0 0
    outer loop
      vertex 6.5 8.6 20.9
      vertex 6.5 8.8 19.9
      vertex 6.5 8.6 19.9
    endloop
  endfacet
  facet normal -1 0 0
    outer loop
      vertex 6.5 8.8 19.9
      vertex 6.5 8.6 20.9
      vertex 6.5 8.8 37.5
    endloop
  endfacet
  facet normal -1 0 0
    outer loop
      vertex 6.5 -8.6 20.9
      vertex 6.5 8.8 37.5
      vertex 6.5 8.6 20.9
    endloop
  endfacet
  facet normal -1 0 0
    outer loop
      vertex 6.5 -8.6 20.9
      vertex 6.5 -8.8 37.5
      vertex 6.5 8.8 37.5
    endloop
  endfacet
  facet normal -1 0 0
    outer loop
      vertex 6.5 -8.8 37.5
      vertex 6.5 -8.6 20.9
      vertex 6.5 -8.8 19.9
    endloop
  endfacet
  facet normal 0 0.243015 -0.970022
    outer loop
      vertex -13.7 -1.91588 31.7158
      vertex -12.5 -1.2876 31.8732
      vertex -12.5 -1.91588 31.7158
    endloop
  endfacet
  facet normal 0 0.243015 -0.970022
    outer loop
      vertex -12.5 -1.2876 31.8732
      vertex -13.7 -1.91588 31.7158
      vertex -13.7 -1.2876 31.8732
    endloop
  endfacet
  facet normal 0 -0.0490973 -0.998794
    outer loop
      vertex -13.7 0 32
      vertex -12.5 0.646913 31.9682
      vertex -12.5 0 32
    endloop
  endfacet
  facet normal -0 -0.0490973 -0.998794
    outer loop
      vertex -12.5 0.646913 31.9682
      vertex -13.7 0 32
      vertex -13.7 0.646913 31.9682
    endloop
  endfacet
  facet normal 0 0.90399 -0.427554
    outer loop
      vertex -12.5 -6.0976 27.9257
      vertex -13.7 -5.82068 28.5112
      vertex -12.5 -5.82068 28.5112
    endloop
  endfacet
  facet normal 0 0.90399 -0.427554
    outer loop
      vertex -13.7 -5.82068 28.5112
      vertex -12.5 -6.0976 27.9257
      vertex -13.7 -6.0976 27.9257
    endloop
  endfacet
  facet normal 0 -0.336889 -0.941544
    outer loop
      vertex -13.7 1.91588 31.7158
      vertex -12.5 2.52571 31.4976
      vertex -12.5 1.91588 31.7158
    endloop
  endfacet
  facet normal -0 -0.336889 -0.941544
    outer loop
      vertex -12.5 2.52571 31.4976
      vertex -13.7 1.91588 31.7158
      vertex -13.7 2.52571 31.4976
    endloop
  endfacet
  facet normal 0 0.0490973 -0.998794
    outer loop
      vertex -13.7 -0.646913 31.9682
      vertex -12.5 0 32
      vertex -12.5 -0.646913 31.9682
    endloop
  endfacet
  facet normal 0 0.0490973 -0.998794
    outer loop
      vertex -12.5 0 32
      vertex -13.7 -0.646913 31.9682
      vertex -13.7 0 32
    endloop
  endfacet
  facet normal 0 -0.671596 -0.740917
    outer loop
      vertex -13.7 4.187 30.5019
      vertex -12.5 4.6669 30.0669
      vertex -12.5 4.187 30.5019
    endloop
  endfacet
  facet normal -0 -0.671596 -0.740917
    outer loop
      vertex -12.5 4.6669 30.0669
      vertex -13.7 4.187 30.5019
      vertex -13.7 4.6669 30.0669
    endloop
  endfacet
  facet normal 0 -0.427523 -0.904005
    outer loop
      vertex -13.7 2.52571 31.4976
      vertex -12.5 3.11122 31.2207
      vertex -12.5 2.52571 31.4976
    endloop
  endfacet
  facet normal -0 -0.427523 -0.904005
    outer loop
      vertex -12.5 3.11122 31.2207
      vertex -13.7 2.52571 31.4976
      vertex -13.7 3.11122 31.2207
    endloop
  endfacet
  facet normal 0 0.595663 -0.803234
    outer loop
      vertex -13.7 -4.187 30.5019
      vertex -12.5 -3.66676 30.8877
      vertex -12.5 -4.187 30.5019
    endloop
  endfacet
  facet normal 0 0.595663 -0.803234
    outer loop
      vertex -12.5 -3.66676 30.8877
      vertex -13.7 -4.187 30.5019
      vertex -13.7 -3.66676 30.8877
    endloop
  endfacet
  facet normal 0 -0.146675 -0.989185
    outer loop
      vertex -13.7 0.646913 31.9682
      vertex -12.5 1.2876 31.8732
      vertex -12.5 0.646913 31.9682
    endloop
  endfacet
  facet normal -0 -0.146675 -0.989185
    outer loop
      vertex -12.5 1.2876 31.8732
      vertex -13.7 0.646913 31.9682
      vertex -13.7 1.2876 31.8732
    endloop
  endfacet
  facet normal 0 -0.998795 -0.0490674
    outer loop
      vertex -13.7 6.6 25.4
      vertex -12.5 6.56822 26.0469
      vertex -13.7 6.56822 26.0469
    endloop
  endfacet
  facet normal 0 -0.998795 -0.0490674
    outer loop
      vertex -12.5 6.56822 26.0469
      vertex -13.7 6.6 25.4
      vertex -12.5 6.6 25.4
    endloop
  endfacet
  facet normal 0 -0.989176 -0.146732
    outer loop
      vertex -13.7 6.56822 26.0469
      vertex -12.5 6.47318 26.6876
      vertex -13.7 6.47318 26.6876
    endloop
  endfacet
  facet normal 0 -0.989176 -0.146732
    outer loop
      vertex -12.5 6.47318 26.6876
      vertex -13.7 6.56822 26.0469
      vertex -12.5 6.56822 26.0469
    endloop
  endfacet
  facet normal 0 0.427523 -0.904005
    outer loop
      vertex -13.7 -3.11122 31.2207
      vertex -12.5 -2.52571 31.4976
      vertex -12.5 -3.11122 31.2207
    endloop
  endfacet
  facet normal 0 0.427523 -0.904005
    outer loop
      vertex -12.5 -2.52571 31.4976
      vertex -13.7 -3.11122 31.2207
      vertex -13.7 -2.52571 31.4976
    endloop
  endfacet
  facet normal 0 0.74094 -0.671571
    outer loop
      vertex -12.5 -5.10187 29.587
      vertex -13.7 -4.6669 30.0669
      vertex -12.5 -4.6669 30.0669
    endloop
  endfacet
  facet normal 0 0.74094 -0.671571
    outer loop
      vertex -13.7 -4.6669 30.0669
      vertex -12.5 -5.10187 29.587
      vertex -13.7 -5.10187 29.587
    endloop
  endfacet
  facet normal 0 -0.595663 -0.803234
    outer loop
      vertex -13.7 3.66676 30.8877
      vertex -12.5 4.187 30.5019
      vertex -12.5 3.66676 30.8877
    endloop
  endfacet
  facet normal -0 -0.595663 -0.803234
    outer loop
      vertex -12.5 4.187 30.5019
      vertex -13.7 3.66676 30.8877
      vertex -13.7 4.187 30.5019
    endloop
  endfacet
  facet normal 0 0.941534 -0.336917
    outer loop
      vertex -12.5 -6.31581 27.3159
      vertex -13.7 -6.0976 27.9257
      vertex -12.5 -6.0976 27.9257
    endloop
  endfacet
  facet normal 0 0.941534 -0.336917
    outer loop
      vertex -13.7 -6.0976 27.9257
      vertex -12.5 -6.31581 27.3159
      vertex -13.7 -6.31581 27.3159
    endloop
  endfacet
  facet normal 0 0.146675 -0.989185
    outer loop
      vertex -13.7 -1.2876 31.8732
      vertex -12.5 -0.646913 31.9682
      vertex -12.5 -1.2876 31.8732
    endloop
  endfacet
  facet normal 0 0.146675 -0.989185
    outer loop
      vertex -12.5 -0.646913 31.9682
      vertex -13.7 -1.2876 31.8732
      vertex -13.7 -0.646913 31.9682
    endloop
  endfacet
  facet normal 0 0.998795 -0.0490674
    outer loop
      vertex -12.5 -6.6 25.4
      vertex -13.7 -6.56822 26.0469
      vertex -12.5 -6.56822 26.0469
    endloop
  endfacet
  facet normal 0 0.998795 -0.0490674
    outer loop
      vertex -13.7 -6.56822 26.0469
      vertex -12.5 -6.6 25.4
      vertex -13.7 -6.6 25.4
    endloop
  endfacet
  facet normal 0 0.989176 -0.146732
    outer loop
      vertex -12.5 -6.56822 26.0469
      vertex -13.7 -6.47318 26.6876
      vertex -12.5 -6.47318 26.6876
    endloop
  endfacet
  facet normal 0 0.989176 -0.146732
    outer loop
      vertex -13.7 -6.47318 26.6876
      vertex -12.5 -6.56822 26.0469
      vertex -13.7 -6.56822 26.0469
    endloop
  endfacet
  facet normal 0 0.80319 -0.595723
    outer loop
      vertex -12.5 -5.4877 29.0668
      vertex -13.7 -5.10187 29.587
      vertex -12.5 -5.10187 29.587
    endloop
  endfacet
  facet normal 0 0.80319 -0.595723
    outer loop
      vertex -13.7 -5.10187 29.587
      vertex -12.5 -5.4877 29.0668
      vertex -13.7 -5.4877 29.0668
    endloop
  endfacet
  facet normal 0 -0.90399 -0.427554
    outer loop
      vertex -13.7 6.0976 27.9257
      vertex -12.5 5.82068 28.5112
      vertex -13.7 5.82068 28.5112
    endloop
  endfacet
  facet normal 0 -0.90399 -0.427554
    outer loop
      vertex -12.5 5.82068 28.5112
      vertex -13.7 6.0976 27.9257
      vertex -12.5 6.0976 27.9257
    endloop
  endfacet
  facet normal 0 0.336889 -0.941544
    outer loop
      vertex -13.7 -2.52571 31.4976
      vertex -12.5 -1.91588 31.7158
      vertex -12.5 -2.52571 31.4976
    endloop
  endfacet
  facet normal 0 0.336889 -0.941544
    outer loop
      vertex -12.5 -1.91588 31.7158
      vertex -13.7 -2.52571 31.4976
      vertex -13.7 -1.91588 31.7158
    endloop
  endfacet
  facet normal 0 0.857752 -0.514064
    outer loop
      vertex -12.5 -5.82068 28.5112
      vertex -13.7 -5.4877 29.0668
      vertex -12.5 -5.4877 29.0668
    endloop
  endfacet
  facet normal 0 0.857752 -0.514064
    outer loop
      vertex -13.7 -5.4877 29.0668
      vertex -12.5 -5.82068 28.5112
      vertex -13.7 -5.82068 28.5112
    endloop
  endfacet
  facet normal 0 -0.243015 -0.970022
    outer loop
      vertex -13.7 1.2876 31.8732
      vertex -12.5 1.91588 31.7158
      vertex -12.5 1.2876 31.8732
    endloop
  endfacet
  facet normal -0 -0.243015 -0.970022
    outer loop
      vertex -12.5 1.91588 31.7158
      vertex -13.7 1.2876 31.8732
      vertex -13.7 1.91588 31.7158
    endloop
  endfacet
  facet normal 0 0.514128 -0.857714
    outer loop
      vertex -13.7 -3.66676 30.8877
      vertex -12.5 -3.11122 31.2207
      vertex -12.5 -3.66676 30.8877
    endloop
  endfacet
  facet normal 0 0.514128 -0.857714
    outer loop
      vertex -12.5 -3.11122 31.2207
      vertex -13.7 -3.66676 30.8877
      vertex -13.7 -3.11122 31.2207
    endloop
  endfacet
  facet normal 0 -0.941534 -0.336917
    outer loop
      vertex -13.7 6.31581 27.3159
      vertex -12.5 6.0976 27.9257
      vertex -13.7 6.0976 27.9257
    endloop
  endfacet
  facet normal 0 -0.941534 -0.336917
    outer loop
      vertex -12.5 6.0976 27.9257
      vertex -13.7 6.31581 27.3159
      vertex -12.5 6.31581 27.3159
    endloop
  endfacet
  facet normal 0 -0.80319 -0.595723
    outer loop
      vertex -13.7 5.4877 29.0668
      vertex -12.5 5.10187 29.587
      vertex -13.7 5.10187 29.587
    endloop
  endfacet
  facet normal 0 -0.80319 -0.595723
    outer loop
      vertex -12.5 5.10187 29.587
      vertex -13.7 5.4877 29.0668
      vertex -12.5 5.4877 29.0668
    endloop
  endfacet
  facet normal 0 0.671596 -0.740917
    outer loop
      vertex -13.7 -4.6669 30.0669
      vertex -12.5 -4.187 30.5019
      vertex -12.5 -4.6669 30.0669
    endloop
  endfacet
  facet normal 0 0.671596 -0.740917
    outer loop
      vertex -12.5 -4.187 30.5019
      vertex -13.7 -4.6669 30.0669
      vertex -13.7 -4.187 30.5019
    endloop
  endfacet
  facet normal 0 0.970035 -0.242964
    outer loop
      vertex -12.5 -6.47318 26.6876
      vertex -13.7 -6.31581 27.3159
      vertex -12.5 -6.31581 27.3159
    endloop
  endfacet
  facet normal 0 0.970035 -0.242964
    outer loop
      vertex -13.7 -6.31581 27.3159
      vertex -12.5 -6.47318 26.6876
      vertex -13.7 -6.47318 26.6876
    endloop
  endfacet
  facet normal 0 -0.74094 -0.671571
    outer loop
      vertex -13.7 5.10187 29.587
      vertex -12.5 4.6669 30.0669
      vertex -13.7 4.6669 30.0669
    endloop
  endfacet
  facet normal 0 -0.74094 -0.671571
    outer loop
      vertex -12.5 4.6669 30.0669
      vertex -13.7 5.10187 29.587
      vertex -12.5 5.10187 29.587
    endloop
  endfacet
  facet normal 0 -0.857752 -0.514064
    outer loop
      vertex -13.7 5.82068 28.5112
      vertex -12.5 5.4877 29.0668
      vertex -13.7 5.4877 29.0668
    endloop
  endfacet
  facet normal 0 -0.857752 -0.514064
    outer loop
      vertex -12.5 5.4877 29.0668
      vertex -13.7 5.82068 28.5112
      vertex -12.5 5.82068 28.5112
    endloop
  endfacet
  facet normal 0 -0.514128 -0.857714
    outer loop
      vertex -13.7 3.11122 31.2207
      vertex -12.5 3.66676 30.8877
      vertex -12.5 3.11122 31.2207
    endloop
  endfacet
  facet normal -0 -0.514128 -0.857714
    outer loop
      vertex -12.5 3.66676 30.8877
      vertex -13.7 3.11122 31.2207
      vertex -13.7 3.66676 30.8877
    endloop
  endfacet
  facet normal 0 -0.970035 -0.242964
    outer loop
      vertex -13.7 6.47318 26.6876
      vertex -12.5 6.31581 27.3159
      vertex -13.7 6.31581 27.3159
    endloop
  endfacet
  facet normal 0 -0.970035 -0.242964
    outer loop
      vertex -12.5 6.31581 27.3159
      vertex -13.7 6.47318 26.6876
      vertex -12.5 6.47318 26.6876
    endloop
  endfacet
  facet normal 0 1 -0
    outer loop
      vertex -12.5 -6.6 20.9
      vertex -13.7 -6.6 25.4
      vertex -12.5 -6.6 25.4
    endloop
  endfacet
  facet normal 0 1 0
    outer loop
      vertex -13.7 -6.6 25.4
      vertex -12.5 -6.6 20.9
      vertex -13.7 -6.6 20.9
    endloop
  endfacet
  facet normal 0 -1 0
    outer loop
      vertex -13.7 6.6 20.9
      vertex -12.5 6.6 25.4
      vertex -13.7 6.6 25.4
    endloop
  endfacet
  facet normal 0 -1 -0
    outer loop
      vertex -12.5 6.6 25.4
      vertex -13.7 6.6 20.9
      vertex -12.5 6.6 20.9
    endloop
  endfacet
  facet normal 1 -0 0
    outer loop
      vertex -39 -10.5 37.5
      vertex -39 -8.8 19.9
      vertex -39 -8.8 37.5
    endloop
  endfacet
  facet normal 1 0 0
    outer loop
      vertex -39 -8.8 19.9
      vertex -39 -10.5 37.5
      vertex -39 -10.5 19.9
    endloop
  endfacet
  facet normal -0 0 1
    outer loop
      vertex -42.3099 -8.8 37.5
      vertex -39 -10.5 37.5
      vertex -39 -8.8 37.5
    endloop
  endfacet
  facet normal 0 0 1
    outer loop
      vertex -39 -10.5 37.5
      vertex -42.3099 -8.8 37.5
      vertex -42.3099 -10.5 37.5
    endloop
  endfacet
  facet normal -0 0 1
    outer loop
      vertex -51 -8.8 37.5
      vertex -47.6901 -10.5 37.5
      vertex -47.6901 -8.8 37.5
    endloop
  endfacet
  facet normal 0 0 1
    outer loop
      vertex -47.6901 -10.5 37.5
      vertex -51 -8.8 37.5
      vertex -51 -10.5 37.5
    endloop
  endfacet
  facet normal -1 0 0
    outer loop
      vertex -51 -10.5 28.4
      vertex -51 -8.8 37.5
      vertex -51 -8.8 28.4
    endloop
  endfacet
  facet normal -1 -0 0
    outer loop
      vertex -51 -8.8 37.5
      vertex -51 -10.5 28.4
      vertex -51 -10.5 37.5
    endloop
  endfacet
  facet normal 0 -1 0
    outer loop
      vertex -63.65 -10.5 34.4
      vertex -62.05 -10.5 28.4
      vertex -62.05 -10.5 34.4
    endloop
  endfacet
  facet normal 0 -1 -0
    outer loop
      vertex -62.05 -10.5 28.4
      vertex -63.65 -10.5 19.9
      vertex -51 -10.5 28.4
    endloop
  endfacet
  facet normal 0 -1 0
    outer loop
      vertex -63.65 -10.5 19.9
      vertex -62.05 -10.5 28.4
      vertex -63.65 -10.5 34.4
    endloop
  endfacet
  facet normal 0 -1 0
    outer loop
      vertex -47.8408 -10.5 34.7314
      vertex -47.6901 -10.5 37.5
      vertex -51 -10.5 37.5
    endloop
  endfacet
  facet normal 0 -1 0
    outer loop
      vertex -47.6901 -10.5 37.5
      vertex -47.3314 -10.5 35.2408
      vertex -46.7 -10.5 36.5
    endloop
  endfacet
  facet normal 0 -1 -0
    outer loop
      vertex -46.7 -10.5 36.5
      vertex -46.7324 -10.5 35.6411
      vertex -46.7 -10.5 35.6564
    endloop
  endfacet
  facet normal 0 -1 0
    outer loop
      vertex -46.7 -10.5 36.5
      vertex -47.0417 -10.5 35.4557
      vertex -46.7324 -10.5 35.6411
    endloop
  endfacet
  facet normal 0 -1 0
    outer loop
      vertex -46.7 -10.5 36.5
      vertex -47.3314 -10.5 35.2408
      vertex -47.0417 -10.5 35.4557
    endloop
  endfacet
  facet normal 0 -1 0
    outer loop
      vertex -47.6901 -10.5 37.5
      vertex -47.5986 -10.5 34.9986
      vertex -47.3314 -10.5 35.2408
    endloop
  endfacet
  facet normal 0 -1 -0
    outer loop
      vertex -47.6901 -10.5 37.5
      vertex -47.8408 -10.5 34.7314
      vertex -47.5986 -10.5 34.9986
    endloop
  endfacet
  facet normal 0 -1 0
    outer loop
      vertex -51 -10.5 37.5
      vertex -48.0556 -10.5 34.4417
      vertex -47.8408 -10.5 34.7314
    endloop
  endfacet
  facet normal 0 -1 0
    outer loop
      vertex -51 -10.5 37.5
      vertex -48.2411 -10.5 34.1324
      vertex -48.0556 -10.5 34.4417
    endloop
  endfacet
  facet normal 0 -1 0
    outer loop
      vertex -51 -10.5 37.5
      vertex -48.3953 -10.5 33.8064
      vertex -48.2411 -10.5 34.1324
    endloop
  endfacet
  facet normal 0 -1 0
    outer loop
      vertex -51 -10.5 37.5
      vertex -48.5168 -10.5 33.4668
      vertex -48.3953 -10.5 33.8064
    endloop
  endfacet
  facet normal 0 -1 0
    outer loop
      vertex -51 -10.5 37.5
      vertex -48.6044 -10.5 33.117
      vertex -48.5168 -10.5 33.4668
    endloop
  endfacet
  facet normal 0 -1 0
    outer loop
      vertex -51 -10.5 37.5
      vertex -48.6573 -10.5 32.7602
      vertex -48.6044 -10.5 33.117
    endloop
  endfacet
  facet normal 0 -1 0
    outer loop
      vertex -51 -10.5 28.4
      vertex -48.6573 -10.5 32.7602
      vertex -51 -10.5 37.5
    endloop
  endfacet
  facet normal 0 -1 0
    outer loop
      vertex -48.6573 -10.5 32.7602
      vertex -51 -10.5 28.4
      vertex -48.675 -10.5 32.4
    endloop
  endfacet
  facet normal 0 -1 -0
    outer loop
      vertex -48.675 -10.5 32.4
      vertex -51 -10.5 28.4
      vertex -48.6573 -10.5 32.0398
    endloop
  endfacet
  facet normal 0 -1 -0
    outer loop
      vertex -48.6573 -10.5 32.0398
      vertex -51 -10.5 28.4
      vertex -48.6044 -10.5 31.683
    endloop
  endfacet
  facet normal 0 -1 -0
    outer loop
      vertex -48.6044 -10.5 31.683
      vertex -51 -10.5 28.4
      vertex -48.5168 -10.5 31.3332
    endloop
  endfacet
  facet normal 0 -1 0
    outer loop
      vertex -45.717 -10.5 28.7956
      vertex -39 -10.5 19.9
      vertex -45.3602 -10.5 28.7427
    endloop
  endfacet
  facet normal 0 -1 0
    outer loop
      vertex -39 -10.5 19.9
      vertex -45.717 -10.5 28.7956
      vertex -51 -10.5 28.4
    endloop
  endfacet
  facet normal 0 -1 -0
    outer loop
      vertex -46.0668 -10.5 28.8832
      vertex -51 -10.5 28.4
      vertex -45.717 -10.5 28.7956
    endloop
  endfacet
  facet normal 0 -1 -0
    outer loop
      vertex -46.4064 -10.5 29.0047
      vertex -51 -10.5 28.4
      vertex -46.0668 -10.5 28.8832
    endloop
  endfacet
  facet normal 0 -1 -0
    outer loop
      vertex -46.7324 -10.5 29.1589
      vertex -51 -10.5 28.4
      vertex -46.4064 -10.5 29.0047
    endloop
  endfacet
  facet normal 0 -1 -0
    outer loop
      vertex -47.0417 -10.5 29.3443
      vertex -51 -10.5 28.4
      vertex -46.7324 -10.5 29.1589
    endloop
  endfacet
  facet normal 0 -1 -0
    outer loop
      vertex -47.3314 -10.5 29.5592
      vertex -51 -10.5 28.4
      vertex -47.0417 -10.5 29.3443
    endloop
  endfacet
  facet normal 0 -1 -0
    outer loop
      vertex -47.5986 -10.5 29.8014
      vertex -51 -10.5 28.4
      vertex -47.3314 -10.5 29.5592
    endloop
  endfacet
  facet normal 0 -1 -0
    outer loop
      vertex -47.8408 -10.5 30.0686
      vertex -51 -10.5 28.4
      vertex -47.5986 -10.5 29.8014
    endloop
  endfacet
  facet normal 0 -1 -0
    outer loop
      vertex -48.0556 -10.5 30.3583
      vertex -51 -10.5 28.4
      vertex -47.8408 -10.5 30.0686
    endloop
  endfacet
  facet normal 0 -1 -0
    outer loop
      vertex -48.2411 -10.5 30.6676
      vertex -51 -10.5 28.4
      vertex -48.0556 -10.5 30.3583
    endloop
  endfacet
  facet normal 0 -1 -0
    outer loop
      vertex -48.3953 -10.5 30.9936
      vertex -51 -10.5 28.4
      vertex -48.2411 -10.5 30.6676
    endloop
  endfacet
  facet normal 0 -1 -0
    outer loop
      vertex -48.5168 -10.5 31.3332
      vertex -51 -10.5 28.4
      vertex -48.3953 -10.5 30.9936
    endloop
  endfacet
  facet normal 0 -1 0
    outer loop
      vertex -42.6686 -10.5 35.2408
      vertex -42.3099 -10.5 37.5
      vertex -43.3 -10.5 36.5
    endloop
  endfacet
  facet normal 0 -1 0
    outer loop
      vertex -43.2676 -10.5 35.6411
      vertex -43.3 -10.5 36.5
      vertex -43.3 -10.5 35.6564
    endloop
  endfacet
  facet normal 0 -1 0
    outer loop
      vertex -42.9583 -10.5 35.4557
      vertex -43.3 -10.5 36.5
      vertex -43.2676 -10.5 35.6411
    endloop
  endfacet
  facet normal 0 -1 0
    outer loop
      vertex -42.6686 -10.5 35.2408
      vertex -43.3 -10.5 36.5
      vertex -42.9583 -10.5 35.4557
    endloop
  endfacet
  facet normal 0 -1 0
    outer loop
      vertex -42.4014 -10.5 34.9986
      vertex -42.3099 -10.5 37.5
      vertex -42.6686 -10.5 35.2408
    endloop
  endfacet
  facet normal 0 -1 0
    outer loop
      vertex -42.1592 -10.5 34.7314
      vertex -42.3099 -10.5 37.5
      vertex -42.4014 -10.5 34.9986
    endloop
  endfacet
  facet normal 0 -1 0
    outer loop
      vertex -42.3099 -10.5 37.5
      vertex -42.1592 -10.5 34.7314
      vertex -39 -10.5 37.5
    endloop
  endfacet
  facet normal 0 -1 0
    outer loop
      vertex -41.9443 -10.5 34.4417
      vertex -39 -10.5 37.5
      vertex -42.1592 -10.5 34.7314
    endloop
  endfacet
  facet normal 0 -1 0
    outer loop
      vertex -41.7589 -10.5 34.1324
      vertex -39 -10.5 37.5
      vertex -41.9443 -10.5 34.4417
    endloop
  endfacet
  facet normal 0 -1 0
    outer loop
      vertex -41.6047 -10.5 33.8064
      vertex -39 -10.5 37.5
      vertex -41.7589 -10.5 34.1324
    endloop
  endfacet
  facet normal 0 -1 0
    outer loop
      vertex -41.4832 -10.5 33.4668
      vertex -39 -10.5 37.5
      vertex -41.6047 -10.5 33.8064
    endloop
  endfacet
  facet normal 0 -1 0
    outer loop
      vertex -41.3956 -10.5 33.117
      vertex -39 -10.5 37.5
      vertex -41.4832 -10.5 33.4668
    endloop
  endfacet
  facet normal 0 -1 0
    outer loop
      vertex -41.3427 -10.5 32.7602
      vertex -39 -10.5 37.5
      vertex -41.3956 -10.5 33.117
    endloop
  endfacet
  facet normal 0 -1 0
    outer loop
      vertex -41.325 -10.5 32.4
      vertex -39 -10.5 37.5
      vertex -41.3427 -10.5 32.7602
    endloop
  endfacet
  facet normal 0 -1 0
    outer loop
      vertex -41.3427 -10.5 32.0398
      vertex -39 -10.5 37.5
      vertex -41.325 -10.5 32.4
    endloop
  endfacet
  facet normal 0 -1 0
    outer loop
      vertex -41.3956 -10.5 31.683
      vertex -39 -10.5 37.5
      vertex -41.3427 -10.5 32.0398
    endloop
  endfacet
  facet normal 0 -1 0
    outer loop
      vertex -39 -10.5 19.9
      vertex -41.3956 -10.5 31.683
      vertex -41.4832 -10.5 31.3332
    endloop
  endfacet
  facet normal 0 -1 0
    outer loop
      vertex -39 -10.5 19.9
      vertex -41.4832 -10.5 31.3332
      vertex -41.6047 -10.5 30.9936
    endloop
  endfacet
  facet normal 0 -1 0
    outer loop
      vertex -45.3602 -10.5 28.7427
      vertex -39 -10.5 19.9
      vertex -45 -10.5 28.725
    endloop
  endfacet
  facet normal 0 -1 0
    outer loop
      vertex -39 -10.5 19.9
      vertex -51 -10.5 28.4
      vertex -63.65 -10.5 19.9
    endloop
  endfacet
  facet normal 0 -1 0
    outer loop
      vertex -45 -10.5 28.725
      vertex -39 -10.5 19.9
      vertex -44.6398 -10.5 28.7427
    endloop
  endfacet
  facet normal 0 -1 0
    outer loop
      vertex -44.6398 -10.5 28.7427
      vertex -39 -10.5 19.9
      vertex -44.283 -10.5 28.7956
    endloop
  endfacet
  facet normal 0 -1 0
    outer loop
      vertex -44.283 -10.5 28.7956
      vertex -39 -10.5 19.9
      vertex -43.9332 -10.5 28.8832
    endloop
  endfacet
  facet normal 0 -1 0
    outer loop
      vertex -41.3956 -10.5 31.683
      vertex -39 -10.5 19.9
      vertex -39 -10.5 37.5
    endloop
  endfacet
  facet normal 0 -1 0
    outer loop
      vertex -41.7589 -10.5 30.6676
      vertex -39 -10.5 19.9
      vertex -41.6047 -10.5 30.9936
    endloop
  endfacet
  facet normal 0 -1 0
    outer loop
      vertex -41.9443 -10.5 30.3583
      vertex -39 -10.5 19.9
      vertex -41.7589 -10.5 30.6676
    endloop
  endfacet
  facet normal 0 -1 0
    outer loop
      vertex -42.1592 -10.5 30.0686
      vertex -39 -10.5 19.9
      vertex -41.9443 -10.5 30.3583
    endloop
  endfacet
  facet normal 0 -1 0
    outer loop
      vertex -42.4014 -10.5 29.8014
      vertex -39 -10.5 19.9
      vertex -42.1592 -10.5 30.0686
    endloop
  endfacet
  facet normal 0 -1 0
    outer loop
      vertex -42.6686 -10.5 29.5592
      vertex -39 -10.5 19.9
      vertex -42.4014 -10.5 29.8014
    endloop
  endfacet
  facet normal 0 -1 0
    outer loop
      vertex -42.9583 -10.5 29.3443
      vertex -39 -10.5 19.9
      vertex -42.6686 -10.5 29.5592
    endloop
  endfacet
  facet normal 0 -1 0
    outer loop
      vertex -43.2676 -10.5 29.1589
      vertex -39 -10.5 19.9
      vertex -42.9583 -10.5 29.3443
    endloop
  endfacet
  facet normal 0 -1 0
    outer loop
      vertex -43.5936 -10.5 29.0047
      vertex -39 -10.5 19.9
      vertex -43.2676 -10.5 29.1589
    endloop
  endfacet
  facet normal 0 -1 0
    outer loop
      vertex -43.9332 -10.5 28.8832
      vertex -39 -10.5 19.9
      vertex -43.5936 -10.5 29.0047
    endloop
  endfacet
  facet normal 0 1 -0
    outer loop
      vertex -42.1592 -8.8 34.7314
      vertex -42.3099 -8.8 37.5
      vertex -39 -8.8 37.5
    endloop
  endfacet
  facet normal 0 1 0
    outer loop
      vertex -42.3099 -8.8 37.5
      vertex -42.6686 -8.8 35.2408
      vertex -43.3 -8.8 36.5
    endloop
  endfacet
  facet normal 0 1 0
    outer loop
      vertex -43.3 -8.8 36.5
      vertex -43.2676 -8.8 35.6411
      vertex -43.3 -8.8 35.6564
    endloop
  endfacet
  facet normal 0 1 0
    outer loop
      vertex -43.3 -8.8 36.5
      vertex -42.9583 -8.8 35.4557
      vertex -43.2676 -8.8 35.6411
    endloop
  endfacet
  facet normal 0 1 0
    outer loop
      vertex -43.3 -8.8 36.5
      vertex -42.6686 -8.8 35.2408
      vertex -42.9583 -8.8 35.4557
    endloop
  endfacet
  facet normal 0 1 0
    outer loop
      vertex -42.3099 -8.8 37.5
      vertex -42.4014 -8.8 34.9986
      vertex -42.6686 -8.8 35.2408
    endloop
  endfacet
  facet normal 0 1 0
    outer loop
      vertex -42.3099 -8.8 37.5
      vertex -42.1592 -8.8 34.7314
      vertex -42.4014 -8.8 34.9986
    endloop
  endfacet
  facet normal 0 1 0
    outer loop
      vertex -39 -8.8 37.5
      vertex -41.9443 -8.8 34.4417
      vertex -42.1592 -8.8 34.7314
    endloop
  endfacet
  facet normal 0 1 0
    outer loop
      vertex -39 -8.8 37.5
      vertex -41.7589 -8.8 34.1324
      vertex -41.9443 -8.8 34.4417
    endloop
  endfacet
  facet normal 0 1 0
    outer loop
      vertex -39 -8.8 37.5
      vertex -41.6047 -8.8 33.8064
      vertex -41.7589 -8.8 34.1324
    endloop
  endfacet
  facet normal 0 1 0
    outer loop
      vertex -39 -8.8 37.5
      vertex -41.4832 -8.8 33.4668
      vertex -41.6047 -8.8 33.8064
    endloop
  endfacet
  facet normal 0 1 0
    outer loop
      vertex -39 -8.8 37.5
      vertex -41.3956 -8.8 33.117
      vertex -41.4832 -8.8 33.4668
    endloop
  endfacet
  facet normal 0 1 0
    outer loop
      vertex -39 -8.8 37.5
      vertex -41.3427 -8.8 32.7602
      vertex -41.3956 -8.8 33.117
    endloop
  endfacet
  facet normal 0 1 0
    outer loop
      vertex -39 -8.8 37.5
      vertex -41.325 -8.8 32.4
      vertex -41.3427 -8.8 32.7602
    endloop
  endfacet
  facet normal 0 1 0
    outer loop
      vertex -39 -8.8 37.5
      vertex -41.3427 -8.8 32.0398
      vertex -41.325 -8.8 32.4
    endloop
  endfacet
  facet normal 0 1 0
    outer loop
      vertex -39 -8.8 37.5
      vertex -41.3956 -8.8 31.683
      vertex -41.3427 -8.8 32.0398
    endloop
  endfacet
  facet normal 0 1 -0
    outer loop
      vertex -39 -8.8 19.9
      vertex -41.3956 -8.8 31.683
      vertex -39 -8.8 37.5
    endloop
  endfacet
  facet normal 0 1 0
    outer loop
      vertex -41.3956 -8.8 31.683
      vertex -39 -8.8 19.9
      vertex -41.4832 -8.8 31.3332
    endloop
  endfacet
  facet normal 0 1 0
    outer loop
      vertex -39 -8.8 19.9
      vertex -45 -8.8 28.725
      vertex -44.6398 -8.8 28.7427
    endloop
  endfacet
  facet normal 0 1 0
    outer loop
      vertex -41.4832 -8.8 31.3332
      vertex -39 -8.8 19.9
      vertex -41.6047 -8.8 30.9936
    endloop
  endfacet
  facet normal 0 1 0
    outer loop
      vertex -39 -8.8 19.9
      vertex -41.7589 -8.8 30.6676
      vertex -41.6047 -8.8 30.9936
    endloop
  endfacet
  facet normal 0 1 0
    outer loop
      vertex -39 -8.8 19.9
      vertex -41.9443 -8.8 30.3583
      vertex -41.7589 -8.8 30.6676
    endloop
  endfacet
  facet normal 0 1 0
    outer loop
      vertex -39 -8.8 19.9
      vertex -42.1592 -8.8 30.0686
      vertex -41.9443 -8.8 30.3583
    endloop
  endfacet
  facet normal 0 1 0
    outer loop
      vertex -39 -8.8 19.9
      vertex -42.4014 -8.8 29.8014
      vertex -42.1592 -8.8 30.0686
    endloop
  endfacet
  facet normal 0 1 0
    outer loop
      vertex -39 -8.8 19.9
      vertex -42.6686 -8.8 29.5592
      vertex -42.4014 -8.8 29.8014
    endloop
  endfacet
  facet normal 0 1 0
    outer loop
      vertex -39 -8.8 19.9
      vertex -42.9583 -8.8 29.3443
      vertex -42.6686 -8.8 29.5592
    endloop
  endfacet
  facet normal 0 1 0
    outer loop
      vertex -39 -8.8 19.9
      vertex -43.2676 -8.8 29.1589
      vertex -42.9583 -8.8 29.3443
    endloop
  endfacet
  facet normal 0 1 0
    outer loop
      vertex -39 -8.8 19.9
      vertex -43.5936 -8.8 29.0047
      vertex -43.2676 -8.8 29.1589
    endloop
  endfacet
  facet normal 0 1 0
    outer loop
      vertex -39 -8.8 19.9
      vertex -43.9332 -8.8 28.8832
      vertex -43.5936 -8.8 29.0047
    endloop
  endfacet
  facet normal 0 1 0
    outer loop
      vertex -39 -8.8 19.9
      vertex -44.283 -8.8 28.7956
      vertex -43.9332 -8.8 28.8832
    endloop
  endfacet
  facet normal 0 1 0
    outer loop
      vertex -39 -8.8 19.9
      vertex -44.6398 -8.8 28.7427
      vertex -44.283 -8.8 28.7956
    endloop
  endfacet
  facet normal 0 1 0
    outer loop
      vertex -45 -8.8 28.725
      vertex -39 -8.8 19.9
      vertex -51 -8.8 28.4
    endloop
  endfacet
  facet normal 0 1 0
    outer loop
      vertex -62.05 -8.8 19.9
      vertex -51 -8.8 28.4
      vertex -39 -8.8 19.9
    endloop
  endfacet
  facet normal 0 1 0
    outer loop
      vertex -51 -8.8 28.4
      vertex -62.05 -8.8 19.9
      vertex -62.05 -8.8 28.4
    endloop
  endfacet
  facet normal 0 1 -0
    outer loop
      vertex -47.3314 -8.8 35.2408
      vertex -47.6901 -8.8 37.5
      vertex -46.7 -8.8 36.5
    endloop
  endfacet
  facet normal 0 1 0
    outer loop
      vertex -46.7324 -8.8 35.6411
      vertex -46.7 -8.8 36.5
      vertex -46.7 -8.8 35.6564
    endloop
  endfacet
  facet normal 0 1 0
    outer loop
      vertex -47.0417 -8.8 35.4557
      vertex -46.7 -8.8 36.5
      vertex -46.7324 -8.8 35.6411
    endloop
  endfacet
  facet normal 0 1 0
    outer loop
      vertex -47.3314 -8.8 35.2408
      vertex -46.7 -8.8 36.5
      vertex -47.0417 -8.8 35.4557
    endloop
  endfacet
  facet normal 0 1 -0
    outer loop
      vertex -47.5986 -8.8 34.9986
      vertex -47.6901 -8.8 37.5
      vertex -47.3314 -8.8 35.2408
    endloop
  endfacet
  facet normal 0 1 0
    outer loop
      vertex -47.8408 -8.8 34.7314
      vertex -47.6901 -8.8 37.5
      vertex -47.5986 -8.8 34.9986
    endloop
  endfacet
  facet normal 0 1 0
    outer loop
      vertex -47.6901 -8.8 37.5
      vertex -47.8408 -8.8 34.7314
      vertex -51 -8.8 37.5
    endloop
  endfacet
  facet normal 0 1 -0
    outer loop
      vertex -48.0556 -8.8 34.4417
      vertex -51 -8.8 37.5
      vertex -47.8408 -8.8 34.7314
    endloop
  endfacet
  facet normal 0 1 -0
    outer loop
      vertex -48.2411 -8.8 34.1324
      vertex -51 -8.8 37.5
      vertex -48.0556 -8.8 34.4417
    endloop
  endfacet
  facet normal 0 1 -0
    outer loop
      vertex -48.3953 -8.8 33.8064
      vertex -51 -8.8 37.5
      vertex -48.2411 -8.8 34.1324
    endloop
  endfacet
  facet normal 0 1 -0
    outer loop
      vertex -48.5168 -8.8 33.4668
      vertex -51 -8.8 37.5
      vertex -48.3953 -8.8 33.8064
    endloop
  endfacet
  facet normal 0 1 -0
    outer loop
      vertex -48.6044 -8.8 33.117
      vertex -51 -8.8 37.5
      vertex -48.5168 -8.8 33.4668
    endloop
  endfacet
  facet normal 0 1 -0
    outer loop
      vertex -48.6573 -8.8 32.7602
      vertex -51 -8.8 37.5
      vertex -48.6044 -8.8 33.117
    endloop
  endfacet
  facet normal 0 1 0
    outer loop
      vertex -51 -8.8 28.4
      vertex -48.6573 -8.8 32.7602
      vertex -48.675 -8.8 32.4
    endloop
  endfacet
  facet normal 0 1 0
    outer loop
      vertex -51 -8.8 28.4
      vertex -48.675 -8.8 32.4
      vertex -48.6573 -8.8 32.0398
    endloop
  endfacet
  facet normal 0 1 0
    outer loop
      vertex -51 -8.8 28.4
      vertex -48.6573 -8.8 32.0398
      vertex -48.6044 -8.8 31.683
    endloop
  endfacet
  facet normal 0 1 0
    outer loop
      vertex -51 -8.8 28.4
      vertex -48.6044 -8.8 31.683
      vertex -48.5168 -8.8 31.3332
    endloop
  endfacet
  facet normal 0 1 0
    outer loop
      vertex -51 -8.8 28.4
      vertex -48.5168 -8.8 31.3332
      vertex -48.3953 -8.8 30.9936
    endloop
  endfacet
  facet normal 0 1 0
    outer loop
      vertex -48.6573 -8.8 32.7602
      vertex -51 -8.8 28.4
      vertex -51 -8.8 37.5
    endloop
  endfacet
  facet normal 0 1 0
    outer loop
      vertex -48.2411 -8.8 30.6676
      vertex -51 -8.8 28.4
      vertex -48.3953 -8.8 30.9936
    endloop
  endfacet
  facet normal 0 1 0
    outer loop
      vertex -48.0556 -8.8 30.3583
      vertex -51 -8.8 28.4
      vertex -48.2411 -8.8 30.6676
    endloop
  endfacet
  facet normal 0 1 0
    outer loop
      vertex -47.8408 -8.8 30.0686
      vertex -51 -8.8 28.4
      vertex -48.0556 -8.8 30.3583
    endloop
  endfacet
  facet normal 0 1 0
    outer loop
      vertex -47.5986 -8.8 29.8014
      vertex -51 -8.8 28.4
      vertex -47.8408 -8.8 30.0686
    endloop
  endfacet
  facet normal 0 1 0
    outer loop
      vertex -47.3314 -8.8 29.5592
      vertex -51 -8.8 28.4
      vertex -47.5986 -8.8 29.8014
    endloop
  endfacet
  facet normal 0 1 0
    outer loop
      vertex -47.0417 -8.8 29.3443
      vertex -51 -8.8 28.4
      vertex -47.3314 -8.8 29.5592
    endloop
  endfacet
  facet normal 0 1 0
    outer loop
      vertex -46.7324 -8.8 29.1589
      vertex -51 -8.8 28.4
      vertex -47.0417 -8.8 29.3443
    endloop
  endfacet
  facet normal 0 1 0
    outer loop
      vertex -46.4064 -8.8 29.0047
      vertex -51 -8.8 28.4
      vertex -46.7324 -8.8 29.1589
    endloop
  endfacet
  facet normal 0 1 0
    outer loop
      vertex -46.0668 -8.8 28.8832
      vertex -51 -8.8 28.4
      vertex -46.4064 -8.8 29.0047
    endloop
  endfacet
  facet normal 0 1 0
    outer loop
      vertex -45.717 -8.8 28.7956
      vertex -51 -8.8 28.4
      vertex -46.0668 -8.8 28.8832
    endloop
  endfacet
  facet normal 0 1 0
    outer loop
      vertex -45.3602 -8.8 28.7427
      vertex -51 -8.8 28.4
      vertex -45.717 -8.8 28.7956
    endloop
  endfacet
  facet normal 0 1 0
    outer loop
      vertex -51 -8.8 28.4
      vertex -45.3602 -8.8 28.7427
      vertex -45 -8.8 28.725
    endloop
  endfacet
  facet normal 1 -0 0
    outer loop
      vertex -39 8.8 37.5
      vertex -39 10.5 19.9
      vertex -39 10.5 37.5
    endloop
  endfacet
  facet normal 1 0 0
    outer loop
      vertex -39 10.5 19.9
      vertex -39 8.8 37.5
      vertex -39 8.8 19.9
    endloop
  endfacet
  facet normal -0 0 1
    outer loop
      vertex -42.3099 10.5 37.5
      vertex -39 8.8 37.5
      vertex -39 10.5 37.5
    endloop
  endfacet
  facet normal 0 0 1
    outer loop
      vertex -39 8.8 37.5
      vertex -42.3099 10.5 37.5
      vertex -42.3099 8.8 37.5
    endloop
  endfacet
  facet normal -0 0 1
    outer loop
      vertex -51 10.5 37.5
      vertex -47.6901 8.8 37.5
      vertex -47.6901 10.5 37.5
    endloop
  endfacet
  facet normal 0 0 1
    outer loop
      vertex -47.6901 8.8 37.5
      vertex -51 10.5 37.5
      vertex -51 8.8 37.5
    endloop
  endfacet
  facet normal -1 0 0
    outer loop
      vertex -51 8.8 28.4
      vertex -51 10.5 37.5
      vertex -51 10.5 28.4
    endloop
  endfacet
  facet normal -1 -0 0
    outer loop
      vertex -51 10.5 37.5
      vertex -51 8.8 28.4
      vertex -51 8.8 37.5
    endloop
  endfacet
  facet normal 0 -1 0
    outer loop
      vertex -47.8408 8.8 34.7314
      vertex -47.6901 8.8 37.5
      vertex -51 8.8 37.5
    endloop
  endfacet
  facet normal 0 -1 0
    outer loop
      vertex -47.6901 8.8 37.5
      vertex -47.3314 8.8 35.2408
      vertex -46.7 8.8 36.5
    endloop
  endfacet
  facet normal 0 -1 -0
    outer loop
      vertex -46.7 8.8 36.5
      vertex -46.7324 8.8 35.6411
      vertex -46.7 8.8 35.6564
    endloop
  endfacet
  facet normal 0 -1 0
    outer loop
      vertex -46.7 8.8 36.5
      vertex -47.0417 8.8 35.4557
      vertex -46.7324 8.8 35.6411
    endloop
  endfacet
  facet normal 0 -1 0
    outer loop
      vertex -46.7 8.8 36.5
      vertex -47.3314 8.8 35.2408
      vertex -47.0417 8.8 35.4557
    endloop
  endfacet
  facet normal 0 -1 0
    outer loop
      vertex -47.6901 8.8 37.5
      vertex -47.5986 8.8 34.9986
      vertex -47.3314 8.8 35.2408
    endloop
  endfacet
  facet normal 0 -1 -0
    outer loop
      vertex -47.6901 8.8 37.5
      vertex -47.8408 8.8 34.7314
      vertex -47.5986 8.8 34.9986
    endloop
  endfacet
  facet normal 0 -1 0
    outer loop
      vertex -51 8.8 37.5
      vertex -48.0556 8.8 34.4417
      vertex -47.8408 8.8 34.7314
    endloop
  endfacet
  facet normal 0 -1 0
    outer loop
      vertex -51 8.8 37.5
      vertex -48.2411 8.8 34.1324
      vertex -48.0556 8.8 34.4417
    endloop
  endfacet
  facet normal 0 -1 0
    outer loop
      vertex -51 8.8 37.5
      vertex -48.3953 8.8 33.8064
      vertex -48.2411 8.8 34.1324
    endloop
  endfacet
  facet normal 0 -1 0
    outer loop
      vertex -51 8.8 37.5
      vertex -48.5168 8.8 33.4668
      vertex -48.3953 8.8 33.8064
    endloop
  endfacet
  facet normal 0 -1 0
    outer loop
      vertex -51 8.8 37.5
      vertex -48.6044 8.8 33.117
      vertex -48.5168 8.8 33.4668
    endloop
  endfacet
  facet normal 0 -1 0
    outer loop
      vertex -51 8.8 37.5
      vertex -48.6573 8.8 32.7602
      vertex -48.6044 8.8 33.117
    endloop
  endfacet
  facet normal 0 -1 0
    outer loop
      vertex -51 8.8 28.4
      vertex -48.6573 8.8 32.7602
      vertex -51 8.8 37.5
    endloop
  endfacet
  facet normal 0 -1 0
    outer loop
      vertex -48.6573 8.8 32.7602
      vertex -51 8.8 28.4
      vertex -48.675 8.8 32.4
    endloop
  endfacet
  facet normal 0 -1 -0
    outer loop
      vertex -48.675 8.8 32.4
      vertex -51 8.8 28.4
      vertex -48.6573 8.8 32.0398
    endloop
  endfacet
  facet normal 0 -1 -0
    outer loop
      vertex -48.6573 8.8 32.0398
      vertex -51 8.8 28.4
      vertex -48.6044 8.8 31.683
    endloop
  endfacet
  facet normal 0 -1 -0
    outer loop
      vertex -48.6044 8.8 31.683
      vertex -51 8.8 28.4
      vertex -48.5168 8.8 31.3332
    endloop
  endfacet
  facet normal 0 -1 0
    outer loop
      vertex -45.717 8.8 28.7956
      vertex -39 8.8 19.9
      vertex -45.3602 8.8 28.7427
    endloop
  endfacet
  facet normal 0 -1 0
    outer loop
      vertex -39 8.8 19.9
      vertex -45.717 8.8 28.7956
      vertex -51 8.8 28.4
    endloop
  endfacet
  facet normal 0 -1 -0
    outer loop
      vertex -46.0668 8.8 28.8832
      vertex -51 8.8 28.4
      vertex -45.717 8.8 28.7956
    endloop
  endfacet
  facet normal 0 -1 -0
    outer loop
      vertex -46.4064 8.8 29.0047
      vertex -51 8.8 28.4
      vertex -46.0668 8.8 28.8832
    endloop
  endfacet
  facet normal 0 -1 -0
    outer loop
      vertex -46.7324 8.8 29.1589
      vertex -51 8.8 28.4
      vertex -46.4064 8.8 29.0047
    endloop
  endfacet
  facet normal 0 -1 -0
    outer loop
      vertex -47.0417 8.8 29.3443
      vertex -51 8.8 28.4
      vertex -46.7324 8.8 29.1589
    endloop
  endfacet
  facet normal 0 -1 -0
    outer loop
      vertex -47.3314 8.8 29.5592
      vertex -51 8.8 28.4
      vertex -47.0417 8.8 29.3443
    endloop
  endfacet
  facet normal 0 -1 -0
    outer loop
      vertex -47.5986 8.8 29.8014
      vertex -51 8.8 28.4
      vertex -47.3314 8.8 29.5592
    endloop
  endfacet
  facet normal 0 -1 -0
    outer loop
      vertex -47.8408 8.8 30.0686
      vertex -51 8.8 28.4
      vertex -47.5986 8.8 29.8014
    endloop
  endfacet
  facet normal 0 -1 -0
    outer loop
      vertex -48.0556 8.8 30.3583
      vertex -51 8.8 28.4
      vertex -47.8408 8.8 30.0686
    endloop
  endfacet
  facet normal 0 -1 -0
    outer loop
      vertex -48.2411 8.8 30.6676
      vertex -51 8.8 28.4
      vertex -48.0556 8.8 30.3583
    endloop
  endfacet
  facet normal 0 -1 -0
    outer loop
      vertex -48.3953 8.8 30.9936
      vertex -51 8.8 28.4
      vertex -48.2411 8.8 30.6676
    endloop
  endfacet
  facet normal 0 -1 -0
    outer loop
      vertex -48.5168 8.8 31.3332
      vertex -51 8.8 28.4
      vertex -48.3953 8.8 30.9936
    endloop
  endfacet
  facet normal 0 -1 0
    outer loop
      vertex -42.6686 8.8 35.2408
      vertex -42.3099 8.8 37.5
      vertex -43.3 8.8 36.5
    endloop
  endfacet
  facet normal 0 -1 0
    outer loop
      vertex -43.2676 8.8 35.6411
      vertex -43.3 8.8 36.5
      vertex -43.3 8.8 35.6564
    endloop
  endfacet
  facet normal 0 -1 0
    outer loop
      vertex -42.9583 8.8 35.4557
      vertex -43.3 8.8 36.5
      vertex -43.2676 8.8 35.6411
    endloop
  endfacet
  facet normal 0 -1 0
    outer loop
      vertex -42.6686 8.8 35.2408
      vertex -43.3 8.8 36.5
      vertex -42.9583 8.8 35.4557
    endloop
  endfacet
  facet normal 0 -1 0
    outer loop
      vertex -42.4014 8.8 34.9986
      vertex -42.3099 8.8 37.5
      vertex -42.6686 8.8 35.2408
    endloop
  endfacet
  facet normal 0 -1 0
    outer loop
      vertex -42.1592 8.8 34.7314
      vertex -42.3099 8.8 37.5
      vertex -42.4014 8.8 34.9986
    endloop
  endfacet
  facet normal 0 -1 0
    outer loop
      vertex -42.3099 8.8 37.5
      vertex -42.1592 8.8 34.7314
      vertex -39 8.8 37.5
    endloop
  endfacet
  facet normal 0 -1 0
    outer loop
      vertex -41.9443 8.8 34.4417
      vertex -39 8.8 37.5
      vertex -42.1592 8.8 34.7314
    endloop
  endfacet
  facet normal 0 -1 0
    outer loop
      vertex -41.7589 8.8 34.1324
      vertex -39 8.8 37.5
      vertex -41.9443 8.8 34.4417
    endloop
  endfacet
  facet normal 0 -1 0
    outer loop
      vertex -41.6047 8.8 33.8064
      vertex -39 8.8 37.5
      vertex -41.7589 8.8 34.1324
    endloop
  endfacet
  facet normal 0 -1 0
    outer loop
      vertex -41.4832 8.8 33.4668
      vertex -39 8.8 37.5
      vertex -41.6047 8.8 33.8064
    endloop
  endfacet
  facet normal 0 -1 0
    outer loop
      vertex -41.3956 8.8 33.117
      vertex -39 8.8 37.5
      vertex -41.4832 8.8 33.4668
    endloop
  endfacet
  facet normal 0 -1 0
    outer loop
      vertex -41.3427 8.8 32.7602
      vertex -39 8.8 37.5
      vertex -41.3956 8.8 33.117
    endloop
  endfacet
  facet normal 0 -1 0
    outer loop
      vertex -41.325 8.8 32.4
      vertex -39 8.8 37.5
      vertex -41.3427 8.8 32.7602
    endloop
  endfacet
  facet normal 0 -1 0
    outer loop
      vertex -41.3427 8.8 32.0398
      vertex -39 8.8 37.5
      vertex -41.325 8.8 32.4
    endloop
  endfacet
  facet normal 0 -1 0
    outer loop
      vertex -41.3956 8.8 31.683
      vertex -39 8.8 37.5
      vertex -41.3427 8.8 32.0398
    endloop
  endfacet
  facet normal 0 -1 0
    outer loop
      vertex -39 8.8 19.9
      vertex -41.3956 8.8 31.683
      vertex -41.4832 8.8 31.3332
    endloop
  endfacet
  facet normal 0 -1 0
    outer loop
      vertex -39 8.8 19.9
      vertex -41.4832 8.8 31.3332
      vertex -41.6047 8.8 30.9936
    endloop
  endfacet
  facet normal 0 -1 0
    outer loop
      vertex -45.3602 8.8 28.7427
      vertex -39 8.8 19.9
      vertex -45 8.8 28.725
    endloop
  endfacet
  facet normal 0 -1 0
    outer loop
      vertex -39 8.8 19.9
      vertex -51 8.8 28.4
      vertex -62.05 8.8 19.9
    endloop
  endfacet
  facet normal 0 -1 0
    outer loop
      vertex -45 8.8 28.725
      vertex -39 8.8 19.9
      vertex -44.6398 8.8 28.7427
    endloop
  endfacet
  facet normal 0 -1 0
    outer loop
      vertex -44.6398 8.8 28.7427
      vertex -39 8.8 19.9
      vertex -44.283 8.8 28.7956
    endloop
  endfacet
  facet normal 0 -1 0
    outer loop
      vertex -44.283 8.8 28.7956
      vertex -39 8.8 19.9
      vertex -43.9332 8.8 28.8832
    endloop
  endfacet
  facet normal 0 -1 0
    outer loop
      vertex -43.9332 8.8 28.8832
      vertex -39 8.8 19.9
      vertex -43.5936 8.8 29.0047
    endloop
  endfacet
  facet normal 0 -1 0
    outer loop
      vertex -41.3956 8.8 31.683
      vertex -39 8.8 19.9
      vertex -39 8.8 37.5
    endloop
  endfacet
  facet normal 0 -1 0
    outer loop
      vertex -41.7589 8.8 30.6676
      vertex -39 8.8 19.9
      vertex -41.6047 8.8 30.9936
    endloop
  endfacet
  facet normal 0 -1 0
    outer loop
      vertex -41.9443 8.8 30.3583
      vertex -39 8.8 19.9
      vertex -41.7589 8.8 30.6676
    endloop
  endfacet
  facet normal 0 -1 0
    outer loop
      vertex -42.1592 8.8 30.0686
      vertex -39 8.8 19.9
      vertex -41.9443 8.8 30.3583
    endloop
  endfacet
  facet normal 0 -1 0
    outer loop
      vertex -42.4014 8.8 29.8014
      vertex -39 8.8 19.9
      vertex -42.1592 8.8 30.0686
    endloop
  endfacet
  facet normal 0 -1 0
    outer loop
      vertex -42.6686 8.8 29.5592
      vertex -39 8.8 19.9
      vertex -42.4014 8.8 29.8014
    endloop
  endfacet
  facet normal 0 -1 0
    outer loop
      vertex -42.9583 8.8 29.3443
      vertex -39 8.8 19.9
      vertex -42.6686 8.8 29.5592
    endloop
  endfacet
  facet normal 0 -1 0
    outer loop
      vertex -43.2676 8.8 29.1589
      vertex -39 8.8 19.9
      vertex -42.9583 8.8 29.3443
    endloop
  endfacet
  facet normal 0 -1 0
    outer loop
      vertex -43.5936 8.8 29.0047
      vertex -39 8.8 19.9
      vertex -43.2676 8.8 29.1589
    endloop
  endfacet
  facet normal 0 -1 0
    outer loop
      vertex -62.05 8.8 28.4
      vertex -62.05 8.8 19.9
      vertex -51 8.8 28.4
    endloop
  endfacet
  facet normal 0 1 -0
    outer loop
      vertex -42.1592 10.5 34.7314
      vertex -42.3099 10.5 37.5
      vertex -39 10.5 37.5
    endloop
  endfacet
  facet normal 0 1 0
    outer loop
      vertex -42.3099 10.5 37.5
      vertex -42.6686 10.5 35.2408
      vertex -43.3 10.5 36.5
    endloop
  endfacet
  facet normal 0 1 0
    outer loop
      vertex -43.3 10.5 36.5
      vertex -43.2676 10.5 35.6411
      vertex -43.3 10.5 35.6564
    endloop
  endfacet
  facet normal 0 1 0
    outer loop
      vertex -43.3 10.5 36.5
      vertex -42.9583 10.5 35.4557
      vertex -43.2676 10.5 35.6411
    endloop
  endfacet
  facet normal 0 1 0
    outer loop
      vertex -43.3 10.5 36.5
      vertex -42.6686 10.5 35.2408
      vertex -42.9583 10.5 35.4557
    endloop
  endfacet
  facet normal 0 1 0
    outer loop
      vertex -42.3099 10.5 37.5
      vertex -42.4014 10.5 34.9986
      vertex -42.6686 10.5 35.2408
    endloop
  endfacet
  facet normal 0 1 0
    outer loop
      vertex -42.3099 10.5 37.5
      vertex -42.1592 10.5 34.7314
      vertex -42.4014 10.5 34.9986
    endloop
  endfacet
  facet normal 0 1 0
    outer loop
      vertex -39 10.5 37.5
      vertex -41.9443 10.5 34.4417
      vertex -42.1592 10.5 34.7314
    endloop
  endfacet
  facet normal 0 1 0
    outer loop
      vertex -39 10.5 37.5
      vertex -41.7589 10.5 34.1324
      vertex -41.9443 10.5 34.4417
    endloop
  endfacet
  facet normal 0 1 0
    outer loop
      vertex -39 10.5 37.5
      vertex -41.6047 10.5 33.8064
      vertex -41.7589 10.5 34.1324
    endloop
  endfacet
  facet normal 0 1 0
    outer loop
      vertex -39 10.5 37.5
      vertex -41.4832 10.5 33.4668
      vertex -41.6047 10.5 33.8064
    endloop
  endfacet
  facet normal 0 1 0
    outer loop
      vertex -39 10.5 37.5
      vertex -41.3956 10.5 33.117
      vertex -41.4832 10.5 33.4668
    endloop
  endfacet
  facet normal 0 1 0
    outer loop
      vertex -39 10.5 37.5
      vertex -41.3427 10.5 32.7602
      vertex -41.3956 10.5 33.117
    endloop
  endfacet
  facet normal 0 1 0
    outer loop
      vertex -39 10.5 37.5
      vertex -41.325 10.5 32.4
      vertex -41.3427 10.5 32.7602
    endloop
  endfacet
  facet normal 0 1 0
    outer loop
      vertex -39 10.5 37.5
      vertex -41.3427 10.5 32.0398
      vertex -41.325 10.5 32.4
    endloop
  endfacet
  facet normal 0 1 0
    outer loop
      vertex -39 10.5 37.5
      vertex -41.3956 10.5 31.683
      vertex -41.3427 10.5 32.0398
    endloop
  endfacet
  facet normal 0 1 -0
    outer loop
      vertex -39 10.5 19.9
      vertex -41.3956 10.5 31.683
      vertex -39 10.5 37.5
    endloop
  endfacet
  facet normal 0 1 0
    outer loop
      vertex -41.3956 10.5 31.683
      vertex -39 10.5 19.9
      vertex -41.4832 10.5 31.3332
    endloop
  endfacet
  facet normal 0 1 0
    outer loop
      vertex -39 10.5 19.9
      vertex -45 10.5 28.725
      vertex -44.6398 10.5 28.7427
    endloop
  endfacet
  facet normal 0 1 0
    outer loop
      vertex -63.65 10.5 19.9
      vertex -51 10.5 28.4
      vertex -39 10.5 19.9
    endloop
  endfacet
  facet normal 0 1 0
    outer loop
      vertex -45 10.5 28.725
      vertex -39 10.5 19.9
      vertex -51 10.5 28.4
    endloop
  endfacet
  facet normal 0 1 0
    outer loop
      vertex -44.283 10.5 28.7956
      vertex -39 10.5 19.9
      vertex -44.6398 10.5 28.7427
    endloop
  endfacet
  facet normal 0 1 0
    outer loop
      vertex -43.9332 10.5 28.8832
      vertex -39 10.5 19.9
      vertex -44.283 10.5 28.7956
    endloop
  endfacet
  facet normal 0 1 0
    outer loop
      vertex -43.5936 10.5 29.0047
      vertex -39 10.5 19.9
      vertex -43.9332 10.5 28.8832
    endloop
  endfacet
  facet normal 0 1 0
    outer loop
      vertex -43.2676 10.5 29.1589
      vertex -39 10.5 19.9
      vertex -43.5936 10.5 29.0047
    endloop
  endfacet
  facet normal 0 1 0
    outer loop
      vertex -42.9583 10.5 29.3443
      vertex -39 10.5 19.9
      vertex -43.2676 10.5 29.1589
    endloop
  endfacet
  facet normal 0 1 0
    outer loop
      vertex -42.6686 10.5 29.5592
      vertex -39 10.5 19.9
      vertex -42.9583 10.5 29.3443
    endloop
  endfacet
  facet normal 0 1 0
    outer loop
      vertex -42.4014 10.5 29.8014
      vertex -39 10.5 19.9
      vertex -42.6686 10.5 29.5592
    endloop
  endfacet
  facet normal 0 1 0
    outer loop
      vertex -42.1592 10.5 30.0686
      vertex -39 10.5 19.9
      vertex -42.4014 10.5 29.8014
    endloop
  endfacet
  facet normal 0 1 0
    outer loop
      vertex -41.9443 10.5 30.3583
      vertex -39 10.5 19.9
      vertex -42.1592 10.5 30.0686
    endloop
  endfacet
  facet normal 0 1 0
    outer loop
      vertex -41.7589 10.5 30.6676
      vertex -39 10.5 19.9
      vertex -41.9443 10.5 30.3583
    endloop
  endfacet
  facet normal 0 1 0
    outer loop
      vertex -41.6047 10.5 30.9936
      vertex -39 10.5 19.9
      vertex -41.7589 10.5 30.6676
    endloop
  endfacet
  facet normal 0 1 0
    outer loop
      vertex -41.4832 10.5 31.3332
      vertex -39 10.5 19.9
      vertex -41.6047 10.5 30.9936
    endloop
  endfacet
  facet normal 0 1 -0
    outer loop
      vertex -47.3314 10.5 35.2408
      vertex -47.6901 10.5 37.5
      vertex -46.7 10.5 36.5
    endloop
  endfacet
  facet normal 0 1 0
    outer loop
      vertex -46.7324 10.5 35.6411
      vertex -46.7 10.5 36.5
      vertex -46.7 10.5 35.6564
    endloop
  endfacet
  facet normal 0 1 0
    outer loop
      vertex -47.0417 10.5 35.4557
      vertex -46.7 10.5 36.5
      vertex -46.7324 10.5 35.6411
    endloop
  endfacet
  facet normal 0 1 0
    outer loop
      vertex -47.3314 10.5 35.2408
      vertex -46.7 10.5 36.5
      vertex -47.0417 10.5 35.4557
    endloop
  endfacet
  facet normal 0 1 -0
    outer loop
      vertex -47.5986 10.5 34.9986
      vertex -47.6901 10.5 37.5
      vertex -47.3314 10.5 35.2408
    endloop
  endfacet
  facet normal 0 1 0
    outer loop
      vertex -47.8408 10.5 34.7314
      vertex -47.6901 10.5 37.5
      vertex -47.5986 10.5 34.9986
    endloop
  endfacet
  facet normal 0 1 0
    outer loop
      vertex -47.6901 10.5 37.5
      vertex -47.8408 10.5 34.7314
      vertex -51 10.5 37.5
    endloop
  endfacet
  facet normal 0 1 -0
    outer loop
      vertex -48.0556 10.5 34.4417
      vertex -51 10.5 37.5
      vertex -47.8408 10.5 34.7314
    endloop
  endfacet
  facet normal 0 1 -0
    outer loop
      vertex -48.2411 10.5 34.1324
      vertex -51 10.5 37.5
      vertex -48.0556 10.5 34.4417
    endloop
  endfacet
  facet normal 0 1 -0
    outer loop
      vertex -48.3953 10.5 33.8064
      vertex -51 10.5 37.5
      vertex -48.2411 10.5 34.1324
    endloop
  endfacet
  facet normal 0 1 -0
    outer loop
      vertex -48.5168 10.5 33.4668
      vertex -51 10.5 37.5
      vertex -48.3953 10.5 33.8064
    endloop
  endfacet
  facet normal 0 1 -0
    outer loop
      vertex -48.6044 10.5 33.117
      vertex -51 10.5 37.5
      vertex -48.5168 10.5 33.4668
    endloop
  endfacet
  facet normal 0 1 -0
    outer loop
      vertex -48.6573 10.5 32.7602
      vertex -51 10.5 37.5
      vertex -48.6044 10.5 33.117
    endloop
  endfacet
  facet normal 0 1 0
    outer loop
      vertex -51 10.5 28.4
      vertex -48.6573 10.5 32.7602
      vertex -48.675 10.5 32.4
    endloop
  endfacet
  facet normal 0 1 0
    outer loop
      vertex -51 10.5 28.4
      vertex -48.675 10.5 32.4
      vertex -48.6573 10.5 32.0398
    endloop
  endfacet
  facet normal 0 1 0
    outer loop
      vertex -51 10.5 28.4
      vertex -48.6573 10.5 32.0398
      vertex -48.6044 10.5 31.683
    endloop
  endfacet
  facet normal 0 1 0
    outer loop
      vertex -51 10.5 28.4
      vertex -48.6044 10.5 31.683
      vertex -48.5168 10.5 31.3332
    endloop
  endfacet
  facet normal 0 1 0
    outer loop
      vertex -51 10.5 28.4
      vertex -48.5168 10.5 31.3332
      vertex -48.3953 10.5 30.9936
    endloop
  endfacet
  facet normal 0 1 0
    outer loop
      vertex -48.6573 10.5 32.7602
      vertex -51 10.5 28.4
      vertex -51 10.5 37.5
    endloop
  endfacet
  facet normal 0 1 0
    outer loop
      vertex -48.2411 10.5 30.6676
      vertex -51 10.5 28.4
      vertex -48.3953 10.5 30.9936
    endloop
  endfacet
  facet normal 0 1 0
    outer loop
      vertex -48.0556 10.5 30.3583
      vertex -51 10.5 28.4
      vertex -48.2411 10.5 30.6676
    endloop
  endfacet
  facet normal 0 1 0
    outer loop
      vertex -47.8408 10.5 30.0686
      vertex -51 10.5 28.4
      vertex -48.0556 10.5 30.3583
    endloop
  endfacet
  facet normal 0 1 0
    outer loop
      vertex -47.5986 10.5 29.8014
      vertex -51 10.5 28.4
      vertex -47.8408 10.5 30.0686
    endloop
  endfacet
  facet normal 0 1 0
    outer loop
      vertex -47.3314 10.5 29.5592
      vertex -51 10.5 28.4
      vertex -47.5986 10.5 29.8014
    endloop
  endfacet
  facet normal 0 1 0
    outer loop
      vertex -47.0417 10.5 29.3443
      vertex -51 10.5 28.4
      vertex -47.3314 10.5 29.5592
    endloop
  endfacet
  facet normal 0 1 0
    outer loop
      vertex -46.7324 10.5 29.1589
      vertex -51 10.5 28.4
      vertex -47.0417 10.5 29.3443
    endloop
  endfacet
  facet normal 0 1 0
    outer loop
      vertex -46.4064 10.5 29.0047
      vertex -51 10.5 28.4
      vertex -46.7324 10.5 29.1589
    endloop
  endfacet
  facet normal 0 1 0
    outer loop
      vertex -46.0668 10.5 28.8832
      vertex -51 10.5 28.4
      vertex -46.4064 10.5 29.0047
    endloop
  endfacet
  facet normal 0 1 0
    outer loop
      vertex -45.717 10.5 28.7956
      vertex -51 10.5 28.4
      vertex -46.0668 10.5 28.8832
    endloop
  endfacet
  facet normal 0 1 0
    outer loop
      vertex -45.3602 10.5 28.7427
      vertex -51 10.5 28.4
      vertex -45.717 10.5 28.7956
    endloop
  endfacet
  facet normal 0 1 0
    outer loop
      vertex -51 10.5 28.4
      vertex -45.3602 10.5 28.7427
      vertex -45 10.5 28.725
    endloop
  endfacet
  facet normal 0 1 -0
    outer loop
      vertex -62.05 10.5 28.4
      vertex -63.65 10.5 34.4
      vertex -62.05 10.5 34.4
    endloop
  endfacet
  facet normal 0 1 0
    outer loop
      vertex -62.05 10.5 28.4
      vertex -63.65 10.5 19.9
      vertex -63.65 10.5 34.4
    endloop
  endfacet
  facet normal 0 1 0
    outer loop
      vertex -51 10.5 28.4
      vertex -63.65 10.5 19.9
      vertex -62.05 10.5 28.4
    endloop
  endfacet
  facet normal -0.989187 0 -0.146659
    outer loop
      vertex -41.3427 -10.5 32.7602
      vertex -41.3956 -8.8 33.117
      vertex -41.3427 -8.8 32.7602
    endloop
  endfacet
  facet normal -0.989187 -0 -0.146659
    outer loop
      vertex -41.3956 -8.8 33.117
      vertex -41.3427 -10.5 32.7602
      vertex -41.3956 -10.5 33.117
    endloop
  endfacet
  facet normal -0.989187 0 -0.146659
    outer loop
      vertex -41.3427 8.8 32.7602
      vertex -41.3956 10.5 33.117
      vertex -41.3427 10.5 32.7602
    endloop
  endfacet
  facet normal -0.989187 -0 -0.146659
    outer loop
      vertex -41.3956 10.5 33.117
      vertex -41.3427 8.8 32.7602
      vertex -41.3956 8.8 33.117
    endloop
  endfacet
  facet normal -0.998795 0 -0.0490801
    outer loop
      vertex -41.325 -10.5 32.4
      vertex -41.3427 -8.8 32.7602
      vertex -41.325 -8.8 32.4
    endloop
  endfacet
  facet normal -0.998795 -0 -0.0490801
    outer loop
      vertex -41.3427 -8.8 32.7602
      vertex -41.325 -10.5 32.4
      vertex -41.3427 -10.5 32.7602
    endloop
  endfacet
  facet normal -0.998795 0 -0.0490801
    outer loop
      vertex -41.325 8.8 32.4
      vertex -41.3427 10.5 32.7602
      vertex -41.325 10.5 32.4
    endloop
  endfacet
  facet normal -0.998795 -0 -0.0490801
    outer loop
      vertex -41.3427 10.5 32.7602
      vertex -41.325 8.8 32.4
      vertex -41.3427 8.8 32.7602
    endloop
  endfacet
  facet normal -0.970045 0 -0.242927
    outer loop
      vertex -41.3956 -10.5 33.117
      vertex -41.4832 -8.8 33.4668
      vertex -41.3956 -8.8 33.117
    endloop
  endfacet
  facet normal -0.970045 -0 -0.242927
    outer loop
      vertex -41.4832 -8.8 33.4668
      vertex -41.3956 -10.5 33.117
      vertex -41.4832 -10.5 33.4668
    endloop
  endfacet
  facet normal -0.970045 0 -0.242927
    outer loop
      vertex -41.3956 8.8 33.117
      vertex -41.4832 10.5 33.4668
      vertex -41.3956 10.5 33.117
    endloop
  endfacet
  facet normal -0.970045 -0 -0.242927
    outer loop
      vertex -41.4832 10.5 33.4668
      vertex -41.3956 8.8 33.117
      vertex -41.4832 8.8 33.4668
    endloop
  endfacet
  facet normal -0.998795 0 0.0490801
    outer loop
      vertex -41.3427 -10.5 32.0398
      vertex -41.325 -8.8 32.4
      vertex -41.3427 -8.8 32.0398
    endloop
  endfacet
  facet normal -0.998795 0 0.0490801
    outer loop
      vertex -41.325 -8.8 32.4
      vertex -41.3427 -10.5 32.0398
      vertex -41.325 -10.5 32.4
    endloop
  endfacet
  facet normal -0.998795 0 0.0490801
    outer loop
      vertex -41.3427 8.8 32.0398
      vertex -41.325 10.5 32.4
      vertex -41.3427 10.5 32.0398
    endloop
  endfacet
  facet normal -0.998795 0 0.0490801
    outer loop
      vertex -41.325 10.5 32.4
      vertex -41.3427 8.8 32.0398
      vertex -41.325 8.8 32.4
    endloop
  endfacet
  facet normal -0.427006 0 -0.904249
    outer loop
      vertex -43.3 -10.5 35.6564
      vertex -43.2676 -8.8 35.6411
      vertex -43.2676 -10.5 35.6411
    endloop
  endfacet
  facet normal -0.427006 0 -0.904249
    outer loop
      vertex -43.2676 -8.8 35.6411
      vertex -43.3 -10.5 35.6564
      vertex -43.3 -8.8 35.6564
    endloop
  endfacet
  facet normal -0.427006 0 -0.904249
    outer loop
      vertex -43.3 8.8 35.6564
      vertex -43.2676 10.5 35.6411
      vertex -43.2676 8.8 35.6411
    endloop
  endfacet
  facet normal -0.427006 0 -0.904249
    outer loop
      vertex -43.2676 10.5 35.6411
      vertex -43.3 8.8 35.6564
      vertex -43.3 10.5 35.6564
    endloop
  endfacet
  facet normal 0.803282 -0 0.595599
    outer loop
      vertex -48.0556 -10.5 30.3583
      vertex -47.8408 -8.8 30.0686
      vertex -48.0556 -8.8 30.3583
    endloop
  endfacet
  facet normal 0.803282 0 0.595599
    outer loop
      vertex -47.8408 -8.8 30.0686
      vertex -48.0556 -10.5 30.3583
      vertex -47.8408 -10.5 30.0686
    endloop
  endfacet
  facet normal 0.803282 -0 0.595599
    outer loop
      vertex -48.0556 8.8 30.3583
      vertex -47.8408 10.5 30.0686
      vertex -48.0556 10.5 30.3583
    endloop
  endfacet
  facet normal 0.803282 0 0.595599
    outer loop
      vertex -47.8408 10.5 30.0686
      vertex -48.0556 8.8 30.3583
      vertex -47.8408 8.8 30.0686
    endloop
  endfacet
  facet normal -0.941554 0 0.336863
    outer loop
      vertex -41.6047 -10.5 30.9936
      vertex -41.4832 -8.8 31.3332
      vertex -41.6047 -8.8 30.9936
    endloop
  endfacet
  facet normal -0.941554 0 0.336863
    outer loop
      vertex -41.4832 -8.8 31.3332
      vertex -41.6047 -10.5 30.9936
      vertex -41.4832 -10.5 31.3332
    endloop
  endfacet
  facet normal -0.941554 0 0.336863
    outer loop
      vertex -41.6047 8.8 30.9936
      vertex -41.4832 10.5 31.3332
      vertex -41.6047 10.5 30.9936
    endloop
  endfacet
  facet normal -0.941554 0 0.336863
    outer loop
      vertex -41.4832 10.5 31.3332
      vertex -41.6047 8.8 30.9936
      vertex -41.4832 8.8 31.3332
    endloop
  endfacet
  facet normal 0.427586 0 0.903975
    outer loop
      vertex -46.7324 -8.8 29.1589
      vertex -46.4064 -10.5 29.0047
      vertex -46.4064 -8.8 29.0047
    endloop
  endfacet
  facet normal 0.427586 0 0.903975
    outer loop
      vertex -46.4064 -10.5 29.0047
      vertex -46.7324 -8.8 29.1589
      vertex -46.7324 -10.5 29.1589
    endloop
  endfacet
  facet normal 0.427586 0 0.903975
    outer loop
      vertex -46.7324 10.5 29.1589
      vertex -46.4064 8.8 29.0047
      vertex -46.4064 10.5 29.0047
    endloop
  endfacet
  facet normal 0.427586 0 0.903975
    outer loop
      vertex -46.4064 8.8 29.0047
      vertex -46.7324 10.5 29.1589
      vertex -46.7324 8.8 29.1589
    endloop
  endfacet
  facet normal -0.803149 0 -0.595778
    outer loop
      vertex -41.9443 -10.5 34.4417
      vertex -42.1592 -8.8 34.7314
      vertex -41.9443 -8.8 34.4417
    endloop
  endfacet
  facet normal -0.803149 -0 -0.595778
    outer loop
      vertex -42.1592 -8.8 34.7314
      vertex -41.9443 -10.5 34.4417
      vertex -42.1592 -10.5 34.7314
    endloop
  endfacet
  facet normal -0.803149 0 -0.595778
    outer loop
      vertex -41.9443 8.8 34.4417
      vertex -42.1592 10.5 34.7314
      vertex -41.9443 10.5 34.4417
    endloop
  endfacet
  facet normal -0.803149 -0 -0.595778
    outer loop
      vertex -42.1592 10.5 34.7314
      vertex -41.9443 8.8 34.4417
      vertex -42.1592 8.8 34.7314
    endloop
  endfacet
  facet normal -0.514129 0 -0.857713
    outer loop
      vertex -43.2676 -10.5 35.6411
      vertex -42.9583 -8.8 35.4557
      vertex -42.9583 -10.5 35.4557
    endloop
  endfacet
  facet normal -0.514129 0 -0.857713
    outer loop
      vertex -42.9583 -8.8 35.4557
      vertex -43.2676 -10.5 35.6411
      vertex -43.2676 -8.8 35.6411
    endloop
  endfacet
  facet normal -0.514129 0 -0.857713
    outer loop
      vertex -43.2676 8.8 35.6411
      vertex -42.9583 10.5 35.4557
      vertex -42.9583 8.8 35.4557
    endloop
  endfacet
  facet normal -0.514129 0 -0.857713
    outer loop
      vertex -42.9583 10.5 35.4557
      vertex -43.2676 8.8 35.6411
      vertex -43.2676 10.5 35.6411
    endloop
  endfacet
  facet normal 0.903975 0 -0.427586
    outer loop
      vertex -48.2411 -10.5 34.1324
      vertex -48.3953 -8.8 33.8064
      vertex -48.2411 -8.8 34.1324
    endloop
  endfacet
  facet normal 0.903975 0 -0.427586
    outer loop
      vertex -48.3953 -8.8 33.8064
      vertex -48.2411 -10.5 34.1324
      vertex -48.3953 -10.5 33.8064
    endloop
  endfacet
  facet normal 0.903975 0 -0.427586
    outer loop
      vertex -48.2411 8.8 34.1324
      vertex -48.3953 10.5 33.8064
      vertex -48.2411 10.5 34.1324
    endloop
  endfacet
  facet normal 0.903975 0 -0.427586
    outer loop
      vertex -48.3953 10.5 33.8064
      vertex -48.2411 8.8 34.1324
      vertex -48.3953 8.8 33.8064
    endloop
  endfacet
  facet normal 0.514129 0 -0.857713
    outer loop
      vertex -47.0417 -10.5 35.4557
      vertex -46.7324 -8.8 35.6411
      vertex -46.7324 -10.5 35.6411
    endloop
  endfacet
  facet normal 0.514129 0 -0.857713
    outer loop
      vertex -46.7324 -8.8 35.6411
      vertex -47.0417 -10.5 35.4557
      vertex -47.0417 -8.8 35.4557
    endloop
  endfacet
  facet normal 0.514129 0 -0.857713
    outer loop
      vertex -47.0417 8.8 35.4557
      vertex -46.7324 10.5 35.6411
      vertex -46.7324 8.8 35.6411
    endloop
  endfacet
  facet normal 0.514129 0 -0.857713
    outer loop
      vertex -46.7324 10.5 35.6411
      vertex -47.0417 8.8 35.4557
      vertex -47.0417 10.5 35.4557
    endloop
  endfacet
  facet normal 0.941554 -0 0.336863
    outer loop
      vertex -48.5168 -10.5 31.3332
      vertex -48.3953 -8.8 30.9936
      vertex -48.5168 -8.8 31.3332
    endloop
  endfacet
  facet normal 0.941554 0 0.336863
    outer loop
      vertex -48.3953 -8.8 30.9936
      vertex -48.5168 -10.5 31.3332
      vertex -48.3953 -10.5 30.9936
    endloop
  endfacet
  facet normal 0.941554 -0 0.336863
    outer loop
      vertex -48.5168 8.8 31.3332
      vertex -48.3953 10.5 30.9936
      vertex -48.5168 10.5 31.3332
    endloop
  endfacet
  facet normal 0.941554 0 0.336863
    outer loop
      vertex -48.3953 10.5 30.9936
      vertex -48.5168 8.8 31.3332
      vertex -48.3953 8.8 30.9936
    endloop
  endfacet
  facet normal 0.941554 0 -0.336863
    outer loop
      vertex -48.3953 -10.5 33.8064
      vertex -48.5168 -8.8 33.4668
      vertex -48.3953 -8.8 33.8064
    endloop
  endfacet
  facet normal 0.941554 0 -0.336863
    outer loop
      vertex -48.5168 -8.8 33.4668
      vertex -48.3953 -10.5 33.8064
      vertex -48.5168 -10.5 33.4668
    endloop
  endfacet
  facet normal 0.941554 0 -0.336863
    outer loop
      vertex -48.3953 8.8 33.8064
      vertex -48.5168 10.5 33.4668
      vertex -48.3953 10.5 33.8064
    endloop
  endfacet
  facet normal 0.941554 0 -0.336863
    outer loop
      vertex -48.5168 10.5 33.4668
      vertex -48.3953 8.8 33.8064
      vertex -48.5168 8.8 33.4668
    endloop
  endfacet
  facet normal -0.903975 0 0.427586
    outer loop
      vertex -41.7589 -10.5 30.6676
      vertex -41.6047 -8.8 30.9936
      vertex -41.7589 -8.8 30.6676
    endloop
  endfacet
  facet normal -0.903975 0 0.427586
    outer loop
      vertex -41.6047 -8.8 30.9936
      vertex -41.7589 -10.5 30.6676
      vertex -41.6047 -10.5 30.9936
    endloop
  endfacet
  facet normal -0.903975 0 0.427586
    outer loop
      vertex -41.7589 8.8 30.6676
      vertex -41.6047 10.5 30.9936
      vertex -41.7589 10.5 30.6676
    endloop
  endfacet
  facet normal -0.903975 0 0.427586
    outer loop
      vertex -41.6047 10.5 30.9936
      vertex -41.7589 8.8 30.6676
      vertex -41.6047 8.8 30.9936
    endloop
  endfacet
  facet normal 0.595778 0 -0.803149
    outer loop
      vertex -47.3314 -10.5 35.2408
      vertex -47.0417 -8.8 35.4557
      vertex -47.0417 -10.5 35.4557
    endloop
  endfacet
  facet normal 0.595778 0 -0.803149
    outer loop
      vertex -47.0417 -8.8 35.4557
      vertex -47.3314 -10.5 35.2408
      vertex -47.3314 -8.8 35.2408
    endloop
  endfacet
  facet normal 0.595778 0 -0.803149
    outer loop
      vertex -47.3314 8.8 35.2408
      vertex -47.0417 10.5 35.4557
      vertex -47.0417 8.8 35.4557
    endloop
  endfacet
  facet normal 0.595778 0 -0.803149
    outer loop
      vertex -47.0417 10.5 35.4557
      vertex -47.3314 8.8 35.2408
      vertex -47.3314 10.5 35.2408
    endloop
  endfacet
  facet normal -0.989187 0 0.146659
    outer loop
      vertex -41.3956 -10.5 31.683
      vertex -41.3427 -8.8 32.0398
      vertex -41.3956 -8.8 31.683
    endloop
  endfacet
  facet normal -0.989187 0 0.146659
    outer loop
      vertex -41.3427 -8.8 32.0398
      vertex -41.3956 -10.5 31.683
      vertex -41.3427 -10.5 32.0398
    endloop
  endfacet
  facet normal -0.989187 0 0.146659
    outer loop
      vertex -41.3956 8.8 31.683
      vertex -41.3427 10.5 32.0398
      vertex -41.3956 10.5 31.683
    endloop
  endfacet
  facet normal -0.989187 0 0.146659
    outer loop
      vertex -41.3427 10.5 32.0398
      vertex -41.3956 8.8 31.683
      vertex -41.3427 8.8 32.0398
    endloop
  endfacet
  facet normal -0.857713 0 0.514129
    outer loop
      vertex -41.9443 -10.5 30.3583
      vertex -41.7589 -8.8 30.6676
      vertex -41.9443 -8.8 30.3583
    endloop
  endfacet
  facet normal -0.857713 0 0.514129
    outer loop
      vertex -41.7589 -8.8 30.6676
      vertex -41.9443 -10.5 30.3583
      vertex -41.7589 -10.5 30.6676
    endloop
  endfacet
  facet normal -0.857713 0 0.514129
    outer loop
      vertex -41.9443 8.8 30.3583
      vertex -41.7589 10.5 30.6676
      vertex -41.9443 10.5 30.3583
    endloop
  endfacet
  facet normal -0.857713 0 0.514129
    outer loop
      vertex -41.7589 10.5 30.6676
      vertex -41.9443 8.8 30.3583
      vertex -41.7589 8.8 30.6676
    endloop
  endfacet
  facet normal 0.970045 0 -0.242927
    outer loop
      vertex -48.5168 -10.5 33.4668
      vertex -48.6044 -8.8 33.117
      vertex -48.5168 -8.8 33.4668
    endloop
  endfacet
  facet normal 0.970045 0 -0.242927
    outer loop
      vertex -48.6044 -8.8 33.117
      vertex -48.5168 -10.5 33.4668
      vertex -48.6044 -10.5 33.117
    endloop
  endfacet
  facet normal 0.970045 0 -0.242927
    outer loop
      vertex -48.5168 8.8 33.4668
      vertex -48.6044 10.5 33.117
      vertex -48.5168 10.5 33.4668
    endloop
  endfacet
  facet normal 0.970045 0 -0.242927
    outer loop
      vertex -48.6044 10.5 33.117
      vertex -48.5168 8.8 33.4668
      vertex -48.6044 8.8 33.117
    endloop
  endfacet
  facet normal -0.595778 0 0.803149
    outer loop
      vertex -42.9583 -8.8 29.3443
      vertex -42.6686 -10.5 29.5592
      vertex -42.6686 -8.8 29.5592
    endloop
  endfacet
  facet normal -0.595778 0 0.803149
    outer loop
      vertex -42.6686 -10.5 29.5592
      vertex -42.9583 -8.8 29.3443
      vertex -42.9583 -10.5 29.3443
    endloop
  endfacet
  facet normal -0.595778 0 0.803149
    outer loop
      vertex -42.9583 10.5 29.3443
      vertex -42.6686 8.8 29.5592
      vertex -42.6686 10.5 29.5592
    endloop
  endfacet
  facet normal -0.595778 0 0.803149
    outer loop
      vertex -42.6686 8.8 29.5592
      vertex -42.9583 10.5 29.3443
      vertex -42.9583 8.8 29.3443
    endloop
  endfacet
  facet normal -0.146659 0 0.989187
    outer loop
      vertex -44.6398 -8.8 28.7427
      vertex -44.283 -10.5 28.7956
      vertex -44.283 -8.8 28.7956
    endloop
  endfacet
  facet normal -0.146659 0 0.989187
    outer loop
      vertex -44.283 -10.5 28.7956
      vertex -44.6398 -8.8 28.7427
      vertex -44.6398 -10.5 28.7427
    endloop
  endfacet
  facet normal -0.146659 0 0.989187
    outer loop
      vertex -44.6398 10.5 28.7427
      vertex -44.283 8.8 28.7956
      vertex -44.283 10.5 28.7956
    endloop
  endfacet
  facet normal -0.146659 0 0.989187
    outer loop
      vertex -44.283 8.8 28.7956
      vertex -44.6398 10.5 28.7427
      vertex -44.6398 8.8 28.7427
    endloop
  endfacet
  facet normal 0.146659 0 0.989187
    outer loop
      vertex -45.717 -8.8 28.7956
      vertex -45.3602 -10.5 28.7427
      vertex -45.3602 -8.8 28.7427
    endloop
  endfacet
  facet normal 0.146659 0 0.989187
    outer loop
      vertex -45.3602 -10.5 28.7427
      vertex -45.717 -8.8 28.7956
      vertex -45.717 -10.5 28.7956
    endloop
  endfacet
  facet normal 0.146659 0 0.989187
    outer loop
      vertex -45.717 10.5 28.7956
      vertex -45.3602 8.8 28.7427
      vertex -45.3602 10.5 28.7427
    endloop
  endfacet
  facet normal 0.146659 0 0.989187
    outer loop
      vertex -45.3602 8.8 28.7427
      vertex -45.717 10.5 28.7956
      vertex -45.717 8.8 28.7956
    endloop
  endfacet
  facet normal 0.989187 -0 0.146659
    outer loop
      vertex -48.6573 -10.5 32.0398
      vertex -48.6044 -8.8 31.683
      vertex -48.6573 -8.8 32.0398
    endloop
  endfacet
  facet normal 0.989187 0 0.146659
    outer loop
      vertex -48.6044 -8.8 31.683
      vertex -48.6573 -10.5 32.0398
      vertex -48.6044 -10.5 31.683
    endloop
  endfacet
  facet normal 0.989187 -0 0.146659
    outer loop
      vertex -48.6573 8.8 32.0398
      vertex -48.6044 10.5 31.683
      vertex -48.6573 10.5 32.0398
    endloop
  endfacet
  facet normal 0.989187 0 0.146659
    outer loop
      vertex -48.6044 10.5 31.683
      vertex -48.6573 8.8 32.0398
      vertex -48.6044 8.8 31.683
    endloop
  endfacet
  facet normal 0.857591 -0 0.514333
    outer loop
      vertex -48.2411 -10.5 30.6676
      vertex -48.0556 -8.8 30.3583
      vertex -48.2411 -8.8 30.6676
    endloop
  endfacet
  facet normal 0.857591 0 0.514333
    outer loop
      vertex -48.0556 -8.8 30.3583
      vertex -48.2411 -10.5 30.6676
      vertex -48.0556 -10.5 30.3583
    endloop
  endfacet
  facet normal 0.857591 -0 0.514333
    outer loop
      vertex -48.2411 8.8 30.6676
      vertex -48.0556 10.5 30.3583
      vertex -48.2411 10.5 30.6676
    endloop
  endfacet
  facet normal 0.857591 0 0.514333
    outer loop
      vertex -48.0556 10.5 30.3583
      vertex -48.2411 8.8 30.6676
      vertex -48.0556 8.8 30.3583
    endloop
  endfacet
  facet normal -0.336863 0 0.941554
    outer loop
      vertex -43.9332 -8.8 28.8832
      vertex -43.5936 -10.5 29.0047
      vertex -43.5936 -8.8 29.0047
    endloop
  endfacet
  facet normal -0.336863 0 0.941554
    outer loop
      vertex -43.5936 -10.5 29.0047
      vertex -43.9332 -8.8 28.8832
      vertex -43.9332 -10.5 28.8832
    endloop
  endfacet
  facet normal -0.336863 0 0.941554
    outer loop
      vertex -43.9332 10.5 28.8832
      vertex -43.5936 8.8 29.0047
      vertex -43.5936 10.5 29.0047
    endloop
  endfacet
  facet normal -0.336863 0 0.941554
    outer loop
      vertex -43.5936 8.8 29.0047
      vertex -43.9332 10.5 28.8832
      vertex -43.9332 8.8 28.8832
    endloop
  endfacet
  facet normal 0.595778 0 0.803149
    outer loop
      vertex -47.3314 -8.8 29.5592
      vertex -47.0417 -10.5 29.3443
      vertex -47.0417 -8.8 29.3443
    endloop
  endfacet
  facet normal 0.595778 0 0.803149
    outer loop
      vertex -47.0417 -10.5 29.3443
      vertex -47.3314 -8.8 29.5592
      vertex -47.3314 -10.5 29.5592
    endloop
  endfacet
  facet normal 0.595778 0 0.803149
    outer loop
      vertex -47.3314 10.5 29.5592
      vertex -47.0417 8.8 29.3443
      vertex -47.0417 10.5 29.3443
    endloop
  endfacet
  facet normal 0.595778 0 0.803149
    outer loop
      vertex -47.0417 8.8 29.3443
      vertex -47.3314 10.5 29.5592
      vertex -47.3314 8.8 29.5592
    endloop
  endfacet
  facet normal 0.427006 0 -0.904249
    outer loop
      vertex -46.7324 -10.5 35.6411
      vertex -46.7 -8.8 35.6564
      vertex -46.7 -10.5 35.6564
    endloop
  endfacet
  facet normal 0.427006 0 -0.904249
    outer loop
      vertex -46.7 -8.8 35.6564
      vertex -46.7324 -10.5 35.6411
      vertex -46.7324 -8.8 35.6411
    endloop
  endfacet
  facet normal 0.427006 0 -0.904249
    outer loop
      vertex -46.7324 8.8 35.6411
      vertex -46.7 10.5 35.6564
      vertex -46.7 8.8 35.6564
    endloop
  endfacet
  facet normal 0.427006 0 -0.904249
    outer loop
      vertex -46.7 10.5 35.6564
      vertex -46.7324 8.8 35.6411
      vertex -46.7324 10.5 35.6411
    endloop
  endfacet
  facet normal 0.242927 0 0.970045
    outer loop
      vertex -46.0668 -8.8 28.8832
      vertex -45.717 -10.5 28.7956
      vertex -45.717 -8.8 28.7956
    endloop
  endfacet
  facet normal 0.242927 0 0.970045
    outer loop
      vertex -45.717 -10.5 28.7956
      vertex -46.0668 -8.8 28.8832
      vertex -46.0668 -10.5 28.8832
    endloop
  endfacet
  facet normal 0.242927 0 0.970045
    outer loop
      vertex -46.0668 10.5 28.8832
      vertex -45.717 8.8 28.7956
      vertex -45.717 10.5 28.7956
    endloop
  endfacet
  facet normal 0.242927 0 0.970045
    outer loop
      vertex -45.717 8.8 28.7956
      vertex -46.0668 10.5 28.8832
      vertex -46.0668 8.8 28.8832
    endloop
  endfacet
  facet normal 0.336863 0 0.941554
    outer loop
      vertex -46.4064 -8.8 29.0047
      vertex -46.0668 -10.5 28.8832
      vertex -46.0668 -8.8 28.8832
    endloop
  endfacet
  facet normal 0.336863 0 0.941554
    outer loop
      vertex -46.0668 -10.5 28.8832
      vertex -46.4064 -8.8 29.0047
      vertex -46.4064 -10.5 29.0047
    endloop
  endfacet
  facet normal 0.336863 0 0.941554
    outer loop
      vertex -46.4064 10.5 29.0047
      vertex -46.0668 8.8 28.8832
      vertex -46.0668 10.5 28.8832
    endloop
  endfacet
  facet normal 0.336863 0 0.941554
    outer loop
      vertex -46.0668 8.8 28.8832
      vertex -46.4064 10.5 29.0047
      vertex -46.4064 8.8 29.0047
    endloop
  endfacet
  facet normal -0.803149 0 0.595778
    outer loop
      vertex -42.1592 -10.5 30.0686
      vertex -41.9443 -8.8 30.3583
      vertex -42.1592 -8.8 30.0686
    endloop
  endfacet
  facet normal -0.803149 0 0.595778
    outer loop
      vertex -41.9443 -8.8 30.3583
      vertex -42.1592 -10.5 30.0686
      vertex -41.9443 -10.5 30.3583
    endloop
  endfacet
  facet normal -0.803149 0 0.595778
    outer loop
      vertex -42.1592 8.8 30.0686
      vertex -41.9443 10.5 30.3583
      vertex -42.1592 10.5 30.0686
    endloop
  endfacet
  facet normal -0.803149 0 0.595778
    outer loop
      vertex -41.9443 10.5 30.3583
      vertex -42.1592 8.8 30.0686
      vertex -41.9443 8.8 30.3583
    endloop
  endfacet
  facet normal 0.998795 -0 0.0490801
    outer loop
      vertex -48.675 -10.5 32.4
      vertex -48.6573 -8.8 32.0398
      vertex -48.675 -8.8 32.4
    endloop
  endfacet
  facet normal 0.998795 0 0.0490801
    outer loop
      vertex -48.6573 -8.8 32.0398
      vertex -48.675 -10.5 32.4
      vertex -48.6573 -10.5 32.0398
    endloop
  endfacet
  facet normal 0.998795 -0 0.0490801
    outer loop
      vertex -48.675 8.8 32.4
      vertex -48.6573 10.5 32.0398
      vertex -48.675 10.5 32.4
    endloop
  endfacet
  facet normal 0.998795 0 0.0490801
    outer loop
      vertex -48.6573 10.5 32.0398
      vertex -48.675 8.8 32.4
      vertex -48.6573 8.8 32.0398
    endloop
  endfacet
  facet normal -0.595778 0 -0.803149
    outer loop
      vertex -42.9583 -10.5 35.4557
      vertex -42.6686 -8.8 35.2408
      vertex -42.6686 -10.5 35.2408
    endloop
  endfacet
  facet normal -0.595778 0 -0.803149
    outer loop
      vertex -42.6686 -8.8 35.2408
      vertex -42.9583 -10.5 35.4557
      vertex -42.9583 -8.8 35.4557
    endloop
  endfacet
  facet normal -0.595778 0 -0.803149
    outer loop
      vertex -42.9583 8.8 35.4557
      vertex -42.6686 10.5 35.2408
      vertex -42.6686 8.8 35.2408
    endloop
  endfacet
  facet normal -0.595778 0 -0.803149
    outer loop
      vertex -42.6686 10.5 35.2408
      vertex -42.9583 8.8 35.4557
      vertex -42.9583 10.5 35.4557
    endloop
  endfacet
  facet normal -0.427586 0 0.903975
    outer loop
      vertex -43.5936 -8.8 29.0047
      vertex -43.2676 -10.5 29.1589
      vertex -43.2676 -8.8 29.1589
    endloop
  endfacet
  facet normal -0.427586 0 0.903975
    outer loop
      vertex -43.2676 -10.5 29.1589
      vertex -43.5936 -8.8 29.0047
      vertex -43.5936 -10.5 29.0047
    endloop
  endfacet
  facet normal -0.427586 0 0.903975
    outer loop
      vertex -43.5936 10.5 29.0047
      vertex -43.2676 8.8 29.1589
      vertex -43.2676 10.5 29.1589
    endloop
  endfacet
  facet normal -0.427586 0 0.903975
    outer loop
      vertex -43.2676 8.8 29.1589
      vertex -43.5936 10.5 29.0047
      vertex -43.5936 8.8 29.0047
    endloop
  endfacet
  facet normal -0.242927 0 0.970045
    outer loop
      vertex -44.283 -8.8 28.7956
      vertex -43.9332 -10.5 28.8832
      vertex -43.9332 -8.8 28.8832
    endloop
  endfacet
  facet normal -0.242927 0 0.970045
    outer loop
      vertex -43.9332 -10.5 28.8832
      vertex -44.283 -8.8 28.7956
      vertex -44.283 -10.5 28.7956
    endloop
  endfacet
  facet normal -0.242927 0 0.970045
    outer loop
      vertex -44.283 10.5 28.7956
      vertex -43.9332 8.8 28.8832
      vertex -43.9332 10.5 28.8832
    endloop
  endfacet
  facet normal -0.242927 0 0.970045
    outer loop
      vertex -43.9332 8.8 28.8832
      vertex -44.283 10.5 28.7956
      vertex -44.283 8.8 28.7956
    endloop
  endfacet
  facet normal -0.941554 0 -0.336863
    outer loop
      vertex -41.4832 -10.5 33.4668
      vertex -41.6047 -8.8 33.8064
      vertex -41.4832 -8.8 33.4668
    endloop
  endfacet
  facet normal -0.941554 -0 -0.336863
    outer loop
      vertex -41.6047 -8.8 33.8064
      vertex -41.4832 -10.5 33.4668
      vertex -41.6047 -10.5 33.8064
    endloop
  endfacet
  facet normal -0.941554 0 -0.336863
    outer loop
      vertex -41.4832 8.8 33.4668
      vertex -41.6047 10.5 33.8064
      vertex -41.4832 10.5 33.4668
    endloop
  endfacet
  facet normal -0.941554 -0 -0.336863
    outer loop
      vertex -41.6047 10.5 33.8064
      vertex -41.4832 8.8 33.4668
      vertex -41.6047 8.8 33.8064
    endloop
  endfacet
  facet normal 0.671596 0 -0.740918
    outer loop
      vertex -47.5986 -10.5 34.9986
      vertex -47.3314 -8.8 35.2408
      vertex -47.3314 -10.5 35.2408
    endloop
  endfacet
  facet normal 0.671596 0 -0.740918
    outer loop
      vertex -47.3314 -8.8 35.2408
      vertex -47.5986 -10.5 34.9986
      vertex -47.5986 -8.8 34.9986
    endloop
  endfacet
  facet normal 0.671596 0 -0.740918
    outer loop
      vertex -47.5986 8.8 34.9986
      vertex -47.3314 10.5 35.2408
      vertex -47.3314 8.8 35.2408
    endloop
  endfacet
  facet normal 0.671596 0 -0.740918
    outer loop
      vertex -47.3314 10.5 35.2408
      vertex -47.5986 8.8 34.9986
      vertex -47.5986 10.5 34.9986
    endloop
  endfacet
  facet normal -0.903975 0 -0.427586
    outer loop
      vertex -41.6047 -10.5 33.8064
      vertex -41.7589 -8.8 34.1324
      vertex -41.6047 -8.8 33.8064
    endloop
  endfacet
  facet normal -0.903975 -0 -0.427586
    outer loop
      vertex -41.7589 -8.8 34.1324
      vertex -41.6047 -10.5 33.8064
      vertex -41.7589 -10.5 34.1324
    endloop
  endfacet
  facet normal -0.903975 0 -0.427586
    outer loop
      vertex -41.6047 8.8 33.8064
      vertex -41.7589 10.5 34.1324
      vertex -41.6047 10.5 33.8064
    endloop
  endfacet
  facet normal -0.903975 -0 -0.427586
    outer loop
      vertex -41.7589 10.5 34.1324
      vertex -41.6047 8.8 33.8064
      vertex -41.7589 8.8 34.1324
    endloop
  endfacet
  facet normal -0.970045 0 0.242927
    outer loop
      vertex -41.4832 -10.5 31.3332
      vertex -41.3956 -8.8 31.683
      vertex -41.4832 -8.8 31.3332
    endloop
  endfacet
  facet normal -0.970045 0 0.242927
    outer loop
      vertex -41.3956 -8.8 31.683
      vertex -41.4832 -10.5 31.3332
      vertex -41.3956 -10.5 31.683
    endloop
  endfacet
  facet normal -0.970045 0 0.242927
    outer loop
      vertex -41.4832 8.8 31.3332
      vertex -41.3956 10.5 31.683
      vertex -41.4832 10.5 31.3332
    endloop
  endfacet
  facet normal -0.970045 0 0.242927
    outer loop
      vertex -41.3956 10.5 31.683
      vertex -41.4832 8.8 31.3332
      vertex -41.3956 8.8 31.683
    endloop
  endfacet
  facet normal -0.740918 0 0.671596
    outer loop
      vertex -42.4014 -10.5 29.8014
      vertex -42.1592 -8.8 30.0686
      vertex -42.4014 -8.8 29.8014
    endloop
  endfacet
  facet normal -0.740918 0 0.671596
    outer loop
      vertex -42.1592 -8.8 30.0686
      vertex -42.4014 -10.5 29.8014
      vertex -42.1592 -10.5 30.0686
    endloop
  endfacet
  facet normal -0.740918 0 0.671596
    outer loop
      vertex -42.4014 8.8 29.8014
      vertex -42.1592 10.5 30.0686
      vertex -42.4014 10.5 29.8014
    endloop
  endfacet
  facet normal -0.740918 0 0.671596
    outer loop
      vertex -42.1592 10.5 30.0686
      vertex -42.4014 8.8 29.8014
      vertex -42.1592 8.8 30.0686
    endloop
  endfacet
  facet normal -0.857713 0 -0.514129
    outer loop
      vertex -41.7589 -10.5 34.1324
      vertex -41.9443 -8.8 34.4417
      vertex -41.7589 -8.8 34.1324
    endloop
  endfacet
  facet normal -0.857713 -0 -0.514129
    outer loop
      vertex -41.9443 -8.8 34.4417
      vertex -41.7589 -10.5 34.1324
      vertex -41.9443 -10.5 34.4417
    endloop
  endfacet
  facet normal -0.857713 0 -0.514129
    outer loop
      vertex -41.7589 8.8 34.1324
      vertex -41.9443 10.5 34.4417
      vertex -41.7589 10.5 34.1324
    endloop
  endfacet
  facet normal -0.857713 -0 -0.514129
    outer loop
      vertex -41.9443 10.5 34.4417
      vertex -41.7589 8.8 34.1324
      vertex -41.9443 8.8 34.4417
    endloop
  endfacet
  facet normal 0.803282 0 -0.595599
    outer loop
      vertex -47.8408 -10.5 34.7314
      vertex -48.0556 -8.8 34.4417
      vertex -47.8408 -8.8 34.7314
    endloop
  endfacet
  facet normal 0.803282 0 -0.595599
    outer loop
      vertex -48.0556 -8.8 34.4417
      vertex -47.8408 -10.5 34.7314
      vertex -48.0556 -10.5 34.4417
    endloop
  endfacet
  facet normal 0.803282 0 -0.595599
    outer loop
      vertex -47.8408 8.8 34.7314
      vertex -48.0556 10.5 34.4417
      vertex -47.8408 10.5 34.7314
    endloop
  endfacet
  facet normal 0.803282 0 -0.595599
    outer loop
      vertex -48.0556 10.5 34.4417
      vertex -47.8408 8.8 34.7314
      vertex -48.0556 8.8 34.4417
    endloop
  endfacet
  facet normal 0.514129 0 0.857713
    outer loop
      vertex -47.0417 -8.8 29.3443
      vertex -46.7324 -10.5 29.1589
      vertex -46.7324 -8.8 29.1589
    endloop
  endfacet
  facet normal 0.514129 0 0.857713
    outer loop
      vertex -46.7324 -10.5 29.1589
      vertex -47.0417 -8.8 29.3443
      vertex -47.0417 -10.5 29.3443
    endloop
  endfacet
  facet normal 0.514129 0 0.857713
    outer loop
      vertex -47.0417 10.5 29.3443
      vertex -46.7324 8.8 29.1589
      vertex -46.7324 10.5 29.1589
    endloop
  endfacet
  facet normal 0.514129 0 0.857713
    outer loop
      vertex -46.7324 8.8 29.1589
      vertex -47.0417 10.5 29.3443
      vertex -47.0417 8.8 29.3443
    endloop
  endfacet
  facet normal 0.998795 0 -0.0490801
    outer loop
      vertex -48.6573 -10.5 32.7602
      vertex -48.675 -8.8 32.4
      vertex -48.6573 -8.8 32.7602
    endloop
  endfacet
  facet normal 0.998795 0 -0.0490801
    outer loop
      vertex -48.675 -8.8 32.4
      vertex -48.6573 -10.5 32.7602
      vertex -48.675 -10.5 32.4
    endloop
  endfacet
  facet normal 0.998795 0 -0.0490801
    outer loop
      vertex -48.6573 8.8 32.7602
      vertex -48.675 10.5 32.4
      vertex -48.6573 10.5 32.7602
    endloop
  endfacet
  facet normal 0.998795 0 -0.0490801
    outer loop
      vertex -48.675 10.5 32.4
      vertex -48.6573 8.8 32.7602
      vertex -48.675 8.8 32.4
    endloop
  endfacet
  facet normal 0.740918 0 -0.671596
    outer loop
      vertex -47.5986 -10.5 34.9986
      vertex -47.8408 -8.8 34.7314
      vertex -47.5986 -8.8 34.9986
    endloop
  endfacet
  facet normal 0.740918 0 -0.671596
    outer loop
      vertex -47.8408 -8.8 34.7314
      vertex -47.5986 -10.5 34.9986
      vertex -47.8408 -10.5 34.7314
    endloop
  endfacet
  facet normal 0.740918 0 -0.671596
    outer loop
      vertex -47.5986 8.8 34.9986
      vertex -47.8408 10.5 34.7314
      vertex -47.5986 10.5 34.9986
    endloop
  endfacet
  facet normal 0.740918 0 -0.671596
    outer loop
      vertex -47.8408 10.5 34.7314
      vertex -47.5986 8.8 34.9986
      vertex -47.8408 8.8 34.7314
    endloop
  endfacet
  facet normal 0.0490801 0 0.998795
    outer loop
      vertex -45.3602 -8.8 28.7427
      vertex -45 -10.5 28.725
      vertex -45 -8.8 28.725
    endloop
  endfacet
  facet normal 0.0490801 0 0.998795
    outer loop
      vertex -45 -10.5 28.725
      vertex -45.3602 -8.8 28.7427
      vertex -45.3602 -10.5 28.7427
    endloop
  endfacet
  facet normal 0.0490801 0 0.998795
    outer loop
      vertex -45.3602 10.5 28.7427
      vertex -45 8.8 28.725
      vertex -45 10.5 28.725
    endloop
  endfacet
  facet normal 0.0490801 0 0.998795
    outer loop
      vertex -45 8.8 28.725
      vertex -45.3602 10.5 28.7427
      vertex -45.3602 8.8 28.7427
    endloop
  endfacet
  facet normal 0.740918 -0 0.671596
    outer loop
      vertex -47.8408 -10.5 30.0686
      vertex -47.5986 -8.8 29.8014
      vertex -47.8408 -8.8 30.0686
    endloop
  endfacet
  facet normal 0.740918 0 0.671596
    outer loop
      vertex -47.5986 -8.8 29.8014
      vertex -47.8408 -10.5 30.0686
      vertex -47.5986 -10.5 29.8014
    endloop
  endfacet
  facet normal 0.740918 -0 0.671596
    outer loop
      vertex -47.8408 8.8 30.0686
      vertex -47.5986 10.5 29.8014
      vertex -47.8408 10.5 30.0686
    endloop
  endfacet
  facet normal 0.740918 0 0.671596
    outer loop
      vertex -47.5986 10.5 29.8014
      vertex -47.8408 8.8 30.0686
      vertex -47.5986 8.8 29.8014
    endloop
  endfacet
  facet normal 0.970045 -0 0.242927
    outer loop
      vertex -48.6044 -10.5 31.683
      vertex -48.5168 -8.8 31.3332
      vertex -48.6044 -8.8 31.683
    endloop
  endfacet
  facet normal 0.970045 0 0.242927
    outer loop
      vertex -48.5168 -8.8 31.3332
      vertex -48.6044 -10.5 31.683
      vertex -48.5168 -10.5 31.3332
    endloop
  endfacet
  facet normal 0.970045 -0 0.242927
    outer loop
      vertex -48.6044 8.8 31.683
      vertex -48.5168 10.5 31.3332
      vertex -48.6044 10.5 31.683
    endloop
  endfacet
  facet normal 0.970045 0 0.242927
    outer loop
      vertex -48.5168 10.5 31.3332
      vertex -48.6044 8.8 31.683
      vertex -48.5168 8.8 31.3332
    endloop
  endfacet
  facet normal -0.0490801 0 0.998795
    outer loop
      vertex -45 -8.8 28.725
      vertex -44.6398 -10.5 28.7427
      vertex -44.6398 -8.8 28.7427
    endloop
  endfacet
  facet normal -0.0490801 0 0.998795
    outer loop
      vertex -44.6398 -10.5 28.7427
      vertex -45 -8.8 28.725
      vertex -45 -10.5 28.725
    endloop
  endfacet
  facet normal -0.0490801 0 0.998795
    outer loop
      vertex -45 10.5 28.725
      vertex -44.6398 8.8 28.7427
      vertex -44.6398 10.5 28.7427
    endloop
  endfacet
  facet normal -0.0490801 0 0.998795
    outer loop
      vertex -44.6398 8.8 28.7427
      vertex -45 10.5 28.725
      vertex -45 8.8 28.725
    endloop
  endfacet
  facet normal -0.740918 0 -0.671596
    outer loop
      vertex -42.1592 -10.5 34.7314
      vertex -42.4014 -8.8 34.9986
      vertex -42.1592 -8.8 34.7314
    endloop
  endfacet
  facet normal -0.740918 -0 -0.671596
    outer loop
      vertex -42.4014 -8.8 34.9986
      vertex -42.1592 -10.5 34.7314
      vertex -42.4014 -10.5 34.9986
    endloop
  endfacet
  facet normal -0.740918 0 -0.671596
    outer loop
      vertex -42.1592 8.8 34.7314
      vertex -42.4014 10.5 34.9986
      vertex -42.1592 10.5 34.7314
    endloop
  endfacet
  facet normal -0.740918 -0 -0.671596
    outer loop
      vertex -42.4014 10.5 34.9986
      vertex -42.1592 8.8 34.7314
      vertex -42.4014 8.8 34.9986
    endloop
  endfacet
  facet normal -0.671596 0 0.740918
    outer loop
      vertex -42.6686 -8.8 29.5592
      vertex -42.4014 -10.5 29.8014
      vertex -42.4014 -8.8 29.8014
    endloop
  endfacet
  facet normal -0.671596 0 0.740918
    outer loop
      vertex -42.4014 -10.5 29.8014
      vertex -42.6686 -8.8 29.5592
      vertex -42.6686 -10.5 29.5592
    endloop
  endfacet
  facet normal -0.671596 0 0.740918
    outer loop
      vertex -42.6686 10.5 29.5592
      vertex -42.4014 8.8 29.8014
      vertex -42.4014 10.5 29.8014
    endloop
  endfacet
  facet normal -0.671596 0 0.740918
    outer loop
      vertex -42.4014 8.8 29.8014
      vertex -42.6686 10.5 29.5592
      vertex -42.6686 8.8 29.5592
    endloop
  endfacet
  facet normal -0.671596 0 -0.740918
    outer loop
      vertex -42.6686 -10.5 35.2408
      vertex -42.4014 -8.8 34.9986
      vertex -42.4014 -10.5 34.9986
    endloop
  endfacet
  facet normal -0.671596 0 -0.740918
    outer loop
      vertex -42.4014 -8.8 34.9986
      vertex -42.6686 -10.5 35.2408
      vertex -42.6686 -8.8 35.2408
    endloop
  endfacet
  facet normal -0.671596 0 -0.740918
    outer loop
      vertex -42.6686 8.8 35.2408
      vertex -42.4014 10.5 34.9986
      vertex -42.4014 8.8 34.9986
    endloop
  endfacet
  facet normal -0.671596 0 -0.740918
    outer loop
      vertex -42.4014 10.5 34.9986
      vertex -42.6686 8.8 35.2408
      vertex -42.6686 10.5 35.2408
    endloop
  endfacet
  facet normal -0.514129 0 0.857713
    outer loop
      vertex -43.2676 -8.8 29.1589
      vertex -42.9583 -10.5 29.3443
      vertex -42.9583 -8.8 29.3443
    endloop
  endfacet
  facet normal -0.514129 0 0.857713
    outer loop
      vertex -42.9583 -10.5 29.3443
      vertex -43.2676 -8.8 29.1589
      vertex -43.2676 -10.5 29.1589
    endloop
  endfacet
  facet normal -0.514129 0 0.857713
    outer loop
      vertex -43.2676 10.5 29.1589
      vertex -42.9583 8.8 29.3443
      vertex -42.9583 10.5 29.3443
    endloop
  endfacet
  facet normal -0.514129 0 0.857713
    outer loop
      vertex -42.9583 8.8 29.3443
      vertex -43.2676 10.5 29.1589
      vertex -43.2676 8.8 29.1589
    endloop
  endfacet
  facet normal 0.671596 0 0.740918
    outer loop
      vertex -47.5986 -8.8 29.8014
      vertex -47.3314 -10.5 29.5592
      vertex -47.3314 -8.8 29.5592
    endloop
  endfacet
  facet normal 0.671596 0 0.740918
    outer loop
      vertex -47.3314 -10.5 29.5592
      vertex -47.5986 -8.8 29.8014
      vertex -47.5986 -10.5 29.8014
    endloop
  endfacet
  facet normal 0.671596 0 0.740918
    outer loop
      vertex -47.5986 10.5 29.8014
      vertex -47.3314 8.8 29.5592
      vertex -47.3314 10.5 29.5592
    endloop
  endfacet
  facet normal 0.671596 0 0.740918
    outer loop
      vertex -47.3314 8.8 29.5592
      vertex -47.5986 10.5 29.8014
      vertex -47.5986 8.8 29.8014
    endloop
  endfacet
  facet normal 0.989187 0 -0.146659
    outer loop
      vertex -48.6044 -10.5 33.117
      vertex -48.6573 -8.8 32.7602
      vertex -48.6044 -8.8 33.117
    endloop
  endfacet
  facet normal 0.989187 0 -0.146659
    outer loop
      vertex -48.6573 -8.8 32.7602
      vertex -48.6044 -10.5 33.117
      vertex -48.6573 -10.5 32.7602
    endloop
  endfacet
  facet normal 0.989187 0 -0.146659
    outer loop
      vertex -48.6044 8.8 33.117
      vertex -48.6573 10.5 32.7602
      vertex -48.6044 10.5 33.117
    endloop
  endfacet
  facet normal 0.989187 0 -0.146659
    outer loop
      vertex -48.6573 10.5 32.7602
      vertex -48.6044 8.8 33.117
      vertex -48.6573 8.8 32.7602
    endloop
  endfacet
  facet normal 0.903975 -0 0.427586
    outer loop
      vertex -48.3953 -10.5 30.9936
      vertex -48.2411 -8.8 30.6676
      vertex -48.3953 -8.8 30.9936
    endloop
  endfacet
  facet normal 0.903975 0 0.427586
    outer loop
      vertex -48.2411 -8.8 30.6676
      vertex -48.3953 -10.5 30.9936
      vertex -48.2411 -10.5 30.6676
    endloop
  endfacet
  facet normal 0.903975 -0 0.427586
    outer loop
      vertex -48.3953 8.8 30.9936
      vertex -48.2411 10.5 30.6676
      vertex -48.3953 10.5 30.9936
    endloop
  endfacet
  facet normal 0.903975 0 0.427586
    outer loop
      vertex -48.2411 10.5 30.6676
      vertex -48.3953 8.8 30.9936
      vertex -48.2411 8.8 30.6676
    endloop
  endfacet
  facet normal 0.857591 0 -0.514333
    outer loop
      vertex -48.0556 -10.5 34.4417
      vertex -48.2411 -8.8 34.1324
      vertex -48.0556 -8.8 34.4417
    endloop
  endfacet
  facet normal 0.857591 0 -0.514333
    outer loop
      vertex -48.2411 -8.8 34.1324
      vertex -48.0556 -10.5 34.4417
      vertex -48.2411 -10.5 34.1324
    endloop
  endfacet
  facet normal 0.857591 0 -0.514333
    outer loop
      vertex -48.0556 8.8 34.4417
      vertex -48.2411 10.5 34.1324
      vertex -48.0556 10.5 34.4417
    endloop
  endfacet
  facet normal 0.857591 0 -0.514333
    outer loop
      vertex -48.2411 10.5 34.1324
      vertex -48.0556 8.8 34.4417
      vertex -48.2411 8.8 34.1324
    endloop
  endfacet
  facet normal -1 0 0
    outer loop
      vertex -43.3 -10.5 35.6564
      vertex -43.3 -8.8 36.5
      vertex -43.3 -8.8 35.6564
    endloop
  endfacet
  facet normal -1 -0 0
    outer loop
      vertex -43.3 -8.8 36.5
      vertex -43.3 -10.5 35.6564
      vertex -43.3 -10.5 36.5
    endloop
  endfacet
  facet normal -1 0 0
    outer loop
      vertex -43.3 8.8 35.6564
      vertex -43.3 10.5 36.5
      vertex -43.3 10.5 35.6564
    endloop
  endfacet
  facet normal -1 -0 0
    outer loop
      vertex -43.3 10.5 36.5
      vertex -43.3 8.8 35.6564
      vertex -43.3 8.8 36.5
    endloop
  endfacet
  facet normal 1 -0 0
    outer loop
      vertex -46.7 -10.5 36.5
      vertex -46.7 -8.8 35.6564
      vertex -46.7 -8.8 36.5
    endloop
  endfacet
  facet normal 1 0 0
    outer loop
      vertex -46.7 -8.8 35.6564
      vertex -46.7 -10.5 36.5
      vertex -46.7 -10.5 35.6564
    endloop
  endfacet
  facet normal 1 -0 0
    outer loop
      vertex -46.7 8.8 36.5
      vertex -46.7 10.5 35.6564
      vertex -46.7 10.5 36.5
    endloop
  endfacet
  facet normal 1 0 0
    outer loop
      vertex -46.7 10.5 35.6564
      vertex -46.7 8.8 36.5
      vertex -46.7 8.8 35.6564
    endloop
  endfacet
  facet normal -0.710616 0 0.70358
    outer loop
      vertex -43.3 -10.5 36.5
      vertex -42.3099 -8.8 37.5
      vertex -43.3 -8.8 36.5
    endloop
  endfacet
  facet normal -0.710616 0 0.70358
    outer loop
      vertex -42.3099 -8.8 37.5
      vertex -43.3 -10.5 36.5
      vertex -42.3099 -10.5 37.5
    endloop
  endfacet
  facet normal -0.710616 0 0.70358
    outer loop
      vertex -43.3 8.8 36.5
      vertex -42.3099 10.5 37.5
      vertex -43.3 10.5 36.5
    endloop
  endfacet
  facet normal -0.710616 0 0.70358
    outer loop
      vertex -42.3099 10.5 37.5
      vertex -43.3 8.8 36.5
      vertex -42.3099 8.8 37.5
    endloop
  endfacet
  facet normal 0.710616 -0 0.70358
    outer loop
      vertex -47.6901 -10.5 37.5
      vertex -46.7 -8.8 36.5
      vertex -47.6901 -8.8 37.5
    endloop
  endfacet
  facet normal 0.710616 0 0.70358
    outer loop
      vertex -46.7 -8.8 36.5
      vertex -47.6901 -10.5 37.5
      vertex -46.7 -10.5 36.5
    endloop
  endfacet
  facet normal 0.710616 -0 0.70358
    outer loop
      vertex -47.6901 8.8 37.5
      vertex -46.7 10.5 36.5
      vertex -47.6901 10.5 37.5
    endloop
  endfacet
  facet normal 0.710616 0 0.70358
    outer loop
      vertex -46.7 10.5 36.5
      vertex -47.6901 8.8 37.5
      vertex -46.7 8.8 36.5
    endloop
  endfacet
  facet normal -0 0 1
    outer loop
      vertex -62.05 -8.8 28.4
      vertex -51 -10.5 28.4
      vertex -51 -8.8 28.4
    endloop
  endfacet
  facet normal 0 0 1
    outer loop
      vertex -51 -10.5 28.4
      vertex -62.05 -8.8 28.4
      vertex -62.05 -10.5 28.4
    endloop
  endfacet
  facet normal -0 0 1
    outer loop
      vertex -62.05 10.5 28.4
      vertex -51 8.8 28.4
      vertex -51 10.5 28.4
    endloop
  endfacet
  facet normal 0 0 1
    outer loop
      vertex -51 8.8 28.4
      vertex -62.05 10.5 28.4
      vertex -62.05 8.8 28.4
    endloop
  endfacet
  facet normal 1 0 0
    outer loop
      vertex -62.05 10.5 34.4
      vertex -62.05 8.8 28.4
      vertex -62.05 10.5 28.4
    endloop
  endfacet
  facet normal 1 0 0
    outer loop
      vertex -62.05 8.8 28.4
      vertex -62.05 -8.8 28.4
      vertex -62.05 8.8 19.9
    endloop
  endfacet
  facet normal 1 0 0
    outer loop
      vertex -62.05 10.5 34.4
      vertex -62.05 -8.8 28.4
      vertex -62.05 8.8 28.4
    endloop
  endfacet
  facet normal 1 -0 0
    outer loop
      vertex -62.05 -10.5 34.4
      vertex -62.05 -8.8 28.4
      vertex -62.05 10.5 34.4
    endloop
  endfacet
  facet normal 1 0 0
    outer loop
      vertex -62.05 -8.8 28.4
      vertex -62.05 -10.5 34.4
      vertex -62.05 -10.5 28.4
    endloop
  endfacet
  facet normal 1 0 0
    outer loop
      vertex -62.05 8.8 19.9
      vertex -62.05 -8.8 28.4
      vertex -62.05 -8.8 19.9
    endloop
  endfacet
  facet normal -0 0 1
    outer loop
      vertex -69.45 6 34.4
      vertex -63.65 -6 34.4
      vertex -63.65 6 34.4
    endloop
  endfacet
  facet normal 0 0 1
    outer loop
      vertex -63.65 -6 34.4
      vertex -69.45 6 34.4
      vertex -69.45 -6 34.4
    endloop
  endfacet
  facet normal 0 0 1
    outer loop
      vertex -63.65 6 34.4
      vertex -62.05 10.5 34.4
      vertex -63.65 10.5 34.4
    endloop
  endfacet
  facet normal 0 0 1
    outer loop
      vertex -62.05 10.5 34.4
      vertex -63.65 6 34.4
      vertex -62.05 -10.5 34.4
    endloop
  endfacet
  facet normal -0 0 1
    outer loop
      vertex -63.65 -6 34.4
      vertex -62.05 -10.5 34.4
      vertex -63.65 6 34.4
    endloop
  endfacet
  facet normal 0 0 1
    outer loop
      vertex -62.05 -10.5 34.4
      vertex -63.65 -6 34.4
      vertex -63.65 -10.5 34.4
    endloop
  endfacet
  facet normal -0.707717 0 -0.706496
    outer loop
      vertex -63.66 -6 20.4
      vertex -69.45 6 26.2
      vertex -63.66 6 20.4
    endloop
  endfacet
  facet normal -0.707717 -0 -0.706496
    outer loop
      vertex -69.45 6 26.2
      vertex -63.66 -6 20.4
      vertex -69.45 -6 26.2
    endloop
  endfacet
  facet normal -1 0 0
    outer loop
      vertex -69.45 -6 26.2
      vertex -69.45 6 34.4
      vertex -69.45 6 26.2
    endloop
  endfacet
  facet normal -1 -0 0
    outer loop
      vertex -69.45 6 34.4
      vertex -69.45 -6 26.2
      vertex -69.45 -6 34.4
    endloop
  endfacet
  facet normal 0 -1 0
    outer loop
      vertex -69.45 -6 26.2
      vertex -63.65 -6 34.4
      vertex -69.45 -6 34.4
    endloop
  endfacet
  facet normal 0 -1 0
    outer loop
      vertex -63.65 -6 20.4
      vertex -69.45 -6 26.2
      vertex -63.66 -6 20.4
    endloop
  endfacet
  facet normal 0 -1 0
    outer loop
      vertex -69.45 -6 26.2
      vertex -63.65 -6 20.4
      vertex -63.65 -6 34.4
    endloop
  endfacet
  facet normal 0 0 -1
    outer loop
      vertex -63.66 -6 20.4
      vertex -63.65 6 20.4
      vertex -63.65 -6 20.4
    endloop
  endfacet
  facet normal -0 0 -1
    outer loop
      vertex -63.65 6 20.4
      vertex -63.66 -6 20.4
      vertex -63.66 6 20.4
    endloop
  endfacet
  facet normal 0 1 0
    outer loop
      vertex -63.65 6 34.4
      vertex -69.45 6 26.2
      vertex -69.45 6 34.4
    endloop
  endfacet
  facet normal 0 1 -0
    outer loop
      vertex -63.65 6 20.4
      vertex -69.45 6 26.2
      vertex -63.65 6 34.4
    endloop
  endfacet
  facet normal 0 1 0
    outer loop
      vertex -69.45 6 26.2
      vertex -63.65 6 20.4
      vertex -63.66 6 20.4
    endloop
  endfacet
  facet normal 0 -1 0
    outer loop
      vertex 24.05 -6 34.4
      vertex 29.85 -6 26.2
      vertex 29.85 -6 34.4
    endloop
  endfacet
  facet normal 0 -1 0
    outer loop
      vertex 24.05 -6 20.4
      vertex 29.85 -6 26.2
      vertex 24.05 -6 34.4
    endloop
  endfacet
  facet normal 0 -1 0
    outer loop
      vertex 29.85 -6 26.2
      vertex 24.05 -6 20.4
      vertex 24.06 -6 20.4
    endloop
  endfacet
  facet normal 0 1 -0
    outer loop
      vertex 29.85 6 26.2
      vertex 24.05 6 34.4
      vertex 29.85 6 34.4
    endloop
  endfacet
  facet normal 0 1 0
    outer loop
      vertex 24.05 6 20.4
      vertex 29.85 6 26.2
      vertex 24.06 6 20.4
    endloop
  endfacet
  facet normal 0 1 0
    outer loop
      vertex 29.85 6 26.2
      vertex 24.05 6 20.4
      vertex 24.05 6 34.4
    endloop
  endfacet
  facet normal 1 -0 0
    outer loop
      vertex 29.85 -6 34.4
      vertex 29.85 6 26.2
      vertex 29.85 6 34.4
    endloop
  endfacet
  facet normal 1 0 0
    outer loop
      vertex 29.85 6 26.2
      vertex 29.85 -6 34.4
      vertex 29.85 -6 26.2
    endloop
  endfacet
  facet normal 0.707717 0 -0.706496
    outer loop
      vertex 29.85 -6 26.2
      vertex 24.06 6 20.4
      vertex 29.85 6 26.2
    endloop
  endfacet
  facet normal 0.707717 0 -0.706496
    outer loop
      vertex 24.06 6 20.4
      vertex 29.85 -6 26.2
      vertex 24.06 -6 20.4
    endloop
  endfacet
  facet normal 0 0 -1
    outer loop
      vertex 24.05 -6 20.4
      vertex 24.06 6 20.4
      vertex 24.06 -6 20.4
    endloop
  endfacet
  facet normal -0 0 -1
    outer loop
      vertex 24.06 6 20.4
      vertex 24.05 -6 20.4
      vertex 24.05 6 20.4
    endloop
  endfacet
  facet normal 1 -0 0
    outer loop
      vertex -46.04 -13.05 15.4
      vertex -46.04 13.05 13.9
      vertex -46.04 13.05 15.4
    endloop
  endfacet
  facet normal 1 0 0
    outer loop
      vertex -46.04 13.05 13.9
      vertex -46.04 -13.05 15.4
      vertex -46.04 -13.05 13.9
    endloop
  endfacet
  facet normal 0 0 -1
    outer loop
      vertex -62.05 -13.05 13.9
      vertex -47.25 13.05 13.9
      vertex -47.25 -13.05 13.9
    endloop
  endfacet
  facet normal -0 0 -1
    outer loop
      vertex -47.25 13.05 13.9
      vertex -62.05 -13.05 13.9
      vertex -62.05 13.05 13.9
    endloop
  endfacet
  facet normal 0 0 -1
    outer loop
      vertex -46.05 -13.05 13.9
      vertex -46.04 13.05 13.9
      vertex -46.04 -13.05 13.9
    endloop
  endfacet
  facet normal -0 0 -1
    outer loop
      vertex -46.04 13.05 13.9
      vertex -46.05 -13.05 13.9
      vertex -46.05 13.05 13.9
    endloop
  endfacet
  facet normal -0 0 1
    outer loop
      vertex -62.05 13.05 15.4
      vertex -46.04 -13.05 15.4
      vertex -46.04 13.05 15.4
    endloop
  endfacet
  facet normal 0 0 1
    outer loop
      vertex -46.04 -13.05 15.4
      vertex -62.05 13.05 15.4
      vertex -62.05 -13.05 15.4
    endloop
  endfacet
  facet normal 1 -0 0
    outer loop
      vertex -46.05 -13.05 13.9
      vertex -46.05 13.05 11.91
      vertex -46.05 13.05 13.9
    endloop
  endfacet
  facet normal 1 0 0
    outer loop
      vertex -46.05 13.05 11.91
      vertex -46.05 -13.05 13.9
      vertex -46.05 -13.05 11.91
    endloop
  endfacet
  facet normal 0 0 -1
    outer loop
      vertex -47.25 -13.05 11.91
      vertex -46.05 13.05 11.91
      vertex -46.05 -13.05 11.91
    endloop
  endfacet
  facet normal -0 0 -1
    outer loop
      vertex -46.05 13.05 11.91
      vertex -47.25 -13.05 11.91
      vertex -47.25 13.05 11.91
    endloop
  endfacet
  facet normal -1 0 0
    outer loop
      vertex -47.25 -13.05 11.91
      vertex -47.25 13.05 13.9
      vertex -47.25 13.05 11.91
    endloop
  endfacet
  facet normal -1 -0 0
    outer loop
      vertex -47.25 13.05 13.9
      vertex -47.25 -13.05 11.91
      vertex -47.25 -13.05 13.9
    endloop
  endfacet
  facet normal -1 0 0
    outer loop
      vertex -50.65 -14.65 4
      vertex -50.65 -14.05 12
      vertex -50.65 -14.05 4
    endloop
  endfacet
  facet normal -1 -0 0
    outer loop
      vertex -50.65 -14.05 12
      vertex -50.65 -14.65 4
      vertex -50.65 -14.65 12
    endloop
  endfacet
  facet normal -0 0 1
    outer loop
      vertex -59.65 -14.05 4
      vertex -50.65 -14.65 4
      vertex -50.65 -14.05 4
    endloop
  endfacet
  facet normal 0 0 1
    outer loop
      vertex -50.65 -14.65 4
      vertex -59.65 -14.05 4
      vertex -59.65 -14.65 4
    endloop
  endfacet
  facet normal 0 0 -1
    outer loop
      vertex -59.65 -14.65 12
      vertex -50.65 -14.05 12
      vertex -50.65 -14.65 12
    endloop
  endfacet
  facet normal -0 0 -1
    outer loop
      vertex -50.65 -14.05 12
      vertex -59.65 -14.65 12
      vertex -59.65 -14.05 12
    endloop
  endfacet
  facet normal 1 -0 0
    outer loop
      vertex -59.65 -14.65 12
      vertex -59.65 -14.05 4
      vertex -59.65 -14.05 12
    endloop
  endfacet
  facet normal 1 0 0
    outer loop
      vertex -59.65 -14.05 4
      vertex -59.65 -14.65 12
      vertex -59.65 -14.65 4
    endloop
  endfacet
  facet normal 0 -1 0
    outer loop
      vertex -59.65 -14.05 4
      vertex -50.65 -14.05 12
      vertex -59.65 -14.05 12
    endloop
  endfacet
  facet normal 0 -1 -0
    outer loop
      vertex -50.65 -14.05 12
      vertex -59.65 -14.05 4
      vertex -50.65 -14.05 4
    endloop
  endfacet
  facet normal -1 0 0
    outer loop
      vertex -50.65 14.05 4
      vertex -50.65 14.65 12
      vertex -50.65 14.65 4
    endloop
  endfacet
  facet normal -1 -0 0
    outer loop
      vertex -50.65 14.65 12
      vertex -50.65 14.05 4
      vertex -50.65 14.05 12
    endloop
  endfacet
  facet normal -0 0 1
    outer loop
      vertex -59.65 14.65 4
      vertex -50.65 14.05 4
      vertex -50.65 14.65 4
    endloop
  endfacet
  facet normal 0 0 1
    outer loop
      vertex -50.65 14.05 4
      vertex -59.65 14.65 4
      vertex -59.65 14.05 4
    endloop
  endfacet
  facet normal 0 0 -1
    outer loop
      vertex -59.65 14.05 12
      vertex -50.65 14.65 12
      vertex -50.65 14.05 12
    endloop
  endfacet
  facet normal -0 0 -1
    outer loop
      vertex -50.65 14.65 12
      vertex -59.65 14.05 12
      vertex -59.65 14.65 12
    endloop
  endfacet
  facet normal 1 -0 0
    outer loop
      vertex -59.65 14.05 12
      vertex -59.65 14.65 4
      vertex -59.65 14.65 12
    endloop
  endfacet
  facet normal 1 0 0
    outer loop
      vertex -59.65 14.65 4
      vertex -59.65 14.05 12
      vertex -59.65 14.05 4
    endloop
  endfacet
  facet normal 0 1 -0
    outer loop
      vertex -50.65 14.05 4
      vertex -59.65 14.05 12
      vertex -50.65 14.05 12
    endloop
  endfacet
  facet normal 0 1 0
    outer loop
      vertex -59.65 14.05 12
      vertex -50.65 14.05 4
      vertex -59.65 14.05 4
    endloop
  endfacet
  facet normal -1 0 0
    outer loop
      vertex 20.05 -14.65 4
      vertex 20.05 -14.05 12
      vertex 20.05 -14.05 4
    endloop
  endfacet
  facet normal -1 -0 0
    outer loop
      vertex 20.05 -14.05 12
      vertex 20.05 -14.65 4
      vertex 20.05 -14.65 12
    endloop
  endfacet
  facet normal -0 0 1
    outer loop
      vertex 11.05 -14.05 4
      vertex 20.05 -14.65 4
      vertex 20.05 -14.05 4
    endloop
  endfacet
  facet normal 0 0 1
    outer loop
      vertex 20.05 -14.65 4
      vertex 11.05 -14.05 4
      vertex 11.05 -14.65 4
    endloop
  endfacet
  facet normal 0 0 -1
    outer loop
      vertex 11.05 -14.65 12
      vertex 20.05 -14.05 12
      vertex 20.05 -14.65 12
    endloop
  endfacet
  facet normal -0 0 -1
    outer loop
      vertex 20.05 -14.05 12
      vertex 11.05 -14.65 12
      vertex 11.05 -14.05 12
    endloop
  endfacet
  facet normal 1 -0 0
    outer loop
      vertex 11.05 -14.65 12
      vertex 11.05 -14.05 4
      vertex 11.05 -14.05 12
    endloop
  endfacet
  facet normal 1 0 0
    outer loop
      vertex 11.05 -14.05 4
      vertex 11.05 -14.65 12
      vertex 11.05 -14.65 4
    endloop
  endfacet
  facet normal 0 -1 0
    outer loop
      vertex 11.05 -14.05 4
      vertex 20.05 -14.05 12
      vertex 11.05 -14.05 12
    endloop
  endfacet
  facet normal 0 -1 -0
    outer loop
      vertex 20.05 -14.05 12
      vertex 11.05 -14.05 4
      vertex 20.05 -14.05 4
    endloop
  endfacet
  facet normal -1 0 0
    outer loop
      vertex 20.05 14.05 4
      vertex 20.05 14.65 12
      vertex 20.05 14.65 4
    endloop
  endfacet
  facet normal -1 -0 0
    outer loop
      vertex 20.05 14.65 12
      vertex 20.05 14.05 4
      vertex 20.05 14.05 12
    endloop
  endfacet
  facet normal -0 0 1
    outer loop
      vertex 11.05 14.65 4
      vertex 20.05 14.05 4
      vertex 20.05 14.65 4
    endloop
  endfacet
  facet normal 0 0 1
    outer loop
      vertex 20.05 14.05 4
      vertex 11.05 14.65 4
      vertex 11.05 14.05 4
    endloop
  endfacet
  facet normal 0 0 -1
    outer loop
      vertex 11.05 14.05 12
      vertex 20.05 14.65 12
      vertex 20.05 14.05 12
    endloop
  endfacet
  facet normal -0 0 -1
    outer loop
      vertex 20.05 14.65 12
      vertex 11.05 14.05 12
      vertex 11.05 14.65 12
    endloop
  endfacet
  facet normal 1 -0 0
    outer loop
      vertex 11.05 14.05 12
      vertex 11.05 14.65 4
      vertex 11.05 14.65 12
    endloop
  endfacet
  facet normal 1 0 0
    outer loop
      vertex 11.05 14.65 4
      vertex 11.05 14.05 12
      vertex 11.05 14.05 4
    endloop
  endfacet
  facet normal 0 1 -0
    outer loop
      vertex 20.05 14.05 4
      vertex 11.05 14.05 12
      vertex 20.05 14.05 12
    endloop
  endfacet
  facet normal 0 1 0
    outer loop
      vertex 11.05 14.05 12
      vertex 20.05 14.05 4
      vertex 11.05 14.05 4
    endloop
  endfacet
  facet normal -1 0 0
    outer loop
      vertex -8 -14.65 4
      vertex -8 -14.15 17.9
      vertex -8 -14.15 4
    endloop
  endfacet
  facet normal -1 -0 0
    outer loop
      vertex -8 -14.15 17.9
      vertex -8 -14.65 4
      vertex -8 -14.65 17.9
    endloop
  endfacet
  facet normal -0 0 1
    outer loop
      vertex -20 -14.15 4
      vertex -8 -14.65 4
      vertex -8 -14.15 4
    endloop
  endfacet
  facet normal 0 0 1
    outer loop
      vertex -8 -14.65 4
      vertex -20 -14.15 4
      vertex -20 -14.65 4
    endloop
  endfacet
  facet normal 0 0 -1
    outer loop
      vertex -20 -14.65 17.9
      vertex -8 -14.15 17.9
      vertex -8 -14.65 17.9
    endloop
  endfacet
  facet normal -0 0 -1
    outer loop
      vertex -8 -14.15 17.9
      vertex -20 -14.65 17.9
      vertex -20 -14.15 17.9
    endloop
  endfacet
  facet normal 1 -0 0
    outer loop
      vertex -20 -14.65 17.9
      vertex -20 -14.15 4
      vertex -20 -14.15 17.9
    endloop
  endfacet
  facet normal 1 0 0
    outer loop
      vertex -20 -14.15 4
      vertex -20 -14.65 17.9
      vertex -20 -14.65 4
    endloop
  endfacet
  facet normal 0 -1 0
    outer loop
      vertex -20 -14.15 17.9
      vertex -19.4 -14.15 17.3
      vertex -8 -14.15 17.9
    endloop
  endfacet
  facet normal 0 -1 0
    outer loop
      vertex -20 -14.15 17.9
      vertex -19.4 -14.15 4.6
      vertex -19.4 -14.15 17.3
    endloop
  endfacet
  facet normal 0 -1 -0
    outer loop
      vertex -19.4 -14.15 4.6
      vertex -20 -14.15 4
      vertex -8.6 -14.15 4.6
    endloop
  endfacet
  facet normal 0 -1 0
    outer loop
      vertex -20 -14.15 4
      vertex -19.4 -14.15 4.6
      vertex -20 -14.15 17.9
    endloop
  endfacet
  facet normal 0 -1 0
    outer loop
      vertex -8.6 -14.15 17.3
      vertex -8 -14.15 17.9
      vertex -19.4 -14.15 17.3
    endloop
  endfacet
  facet normal 0 -1 0
    outer loop
      vertex -8.6 -14.15 4.6
      vertex -8 -14.15 17.9
      vertex -8.6 -14.15 17.3
    endloop
  endfacet
  facet normal 0 -1 0
    outer loop
      vertex -8.6 -14.15 4.6
      vertex -8 -14.15 4
      vertex -8 -14.15 17.9
    endloop
  endfacet
  facet normal 0 -1 0
    outer loop
      vertex -8 -14.15 4
      vertex -8.6 -14.15 4.6
      vertex -20 -14.15 4
    endloop
  endfacet
  facet normal 1 -0 0
    outer loop
      vertex -8.6 -14.65 17.3
      vertex -8.6 -14.15 4.6
      vertex -8.6 -14.15 17.3
    endloop
  endfacet
  facet normal 1 0 0
    outer loop
      vertex -8.6 -14.15 4.6
      vertex -8.6 -14.65 17.3
      vertex -8.6 -14.65 4.6
    endloop
  endfacet
  facet normal 0 0 -1
    outer loop
      vertex -19.4 -14.65 4.6
      vertex -8.6 -14.15 4.6
      vertex -8.6 -14.65 4.6
    endloop
  endfacet
  facet normal -0 0 -1
    outer loop
      vertex -8.6 -14.15 4.6
      vertex -19.4 -14.65 4.6
      vertex -19.4 -14.15 4.6
    endloop
  endfacet
  facet normal -0 0 1
    outer loop
      vertex -19.4 -14.15 17.3
      vertex -8.6 -14.65 17.3
      vertex -8.6 -14.15 17.3
    endloop
  endfacet
  facet normal 0 0 1
    outer loop
      vertex -8.6 -14.65 17.3
      vertex -19.4 -14.15 17.3
      vertex -19.4 -14.65 17.3
    endloop
  endfacet
  facet normal -1 0 0
    outer loop
      vertex -19.4 -14.65 4.6
      vertex -19.4 -14.15 17.3
      vertex -19.4 -14.15 4.6
    endloop
  endfacet
  facet normal -1 -0 0
    outer loop
      vertex -19.4 -14.15 17.3
      vertex -19.4 -14.65 4.6
      vertex -19.4 -14.65 17.3
    endloop
  endfacet
  facet normal -1 0 0
    outer loop
      vertex -8 14.15 4
      vertex -8 14.65 17.9
      vertex -8 14.65 4
    endloop
  endfacet
  facet normal -1 -0 0
    outer loop
      vertex -8 14.65 17.9
      vertex -8 14.15 4
      vertex -8 14.15 17.9
    endloop
  endfacet
  facet normal -0 0 1
    outer loop
      vertex -20 14.65 4
      vertex -8 14.15 4
      vertex -8 14.65 4
    endloop
  endfacet
  facet normal 0 0 1
    outer loop
      vertex -8 14.15 4
      vertex -20 14.65 4
      vertex -20 14.15 4
    endloop
  endfacet
  facet normal 0 0 -1
    outer loop
      vertex -20 14.15 17.9
      vertex -8 14.65 17.9
      vertex -8 14.15 17.9
    endloop
  endfacet
  facet normal -0 0 -1
    outer loop
      vertex -8 14.65 17.9
      vertex -20 14.15 17.9
      vertex -20 14.65 17.9
    endloop
  endfacet
  facet normal 1 -0 0
    outer loop
      vertex -20 14.15 17.9
      vertex -20 14.65 4
      vertex -20 14.65 17.9
    endloop
  endfacet
  facet normal 1 0 0
    outer loop
      vertex -20 14.65 4
      vertex -20 14.15 17.9
      vertex -20 14.15 4
    endloop
  endfacet
  facet normal 0 1 0
    outer loop
      vertex -8 14.15 17.9
      vertex -8.6 14.15 17.3
      vertex -20 14.15 17.9
    endloop
  endfacet
  facet normal 0 1 0
    outer loop
      vertex -8 14.15 17.9
      vertex -8.6 14.15 4.6
      vertex -8.6 14.15 17.3
    endloop
  endfacet
  facet normal 0 1 0
    outer loop
      vertex -8.6 14.15 4.6
      vertex -8 14.15 4
      vertex -19.4 14.15 4.6
    endloop
  endfacet
  facet normal 0 1 -0
    outer loop
      vertex -8 14.15 4
      vertex -8.6 14.15 4.6
      vertex -8 14.15 17.9
    endloop
  endfacet
  facet normal 0 1 -0
    outer loop
      vertex -19.4 14.15 17.3
      vertex -20 14.15 17.9
      vertex -8.6 14.15 17.3
    endloop
  endfacet
  facet normal 0 1 -0
    outer loop
      vertex -19.4 14.15 4.6
      vertex -20 14.15 17.9
      vertex -19.4 14.15 17.3
    endloop
  endfacet
  facet normal 0 1 0
    outer loop
      vertex -19.4 14.15 4.6
      vertex -20 14.15 4
      vertex -20 14.15 17.9
    endloop
  endfacet
  facet normal 0 1 0
    outer loop
      vertex -20 14.15 4
      vertex -19.4 14.15 4.6
      vertex -8 14.15 4
    endloop
  endfacet
  facet normal 1 -0 0
    outer loop
      vertex -8.6 14.15 17.3
      vertex -8.6 14.65 4.6
      vertex -8.6 14.65 17.3
    endloop
  endfacet
  facet normal 1 0 0
    outer loop
      vertex -8.6 14.65 4.6
      vertex -8.6 14.15 17.3
      vertex -8.6 14.15 4.6
    endloop
  endfacet
  facet normal 0 0 -1
    outer loop
      vertex -19.4 14.15 4.6
      vertex -8.6 14.65 4.6
      vertex -8.6 14.15 4.6
    endloop
  endfacet
  facet normal -0 0 -1
    outer loop
      vertex -8.6 14.65 4.6
      vertex -19.4 14.15 4.6
      vertex -19.4 14.65 4.6
    endloop
  endfacet
  facet normal -0 0 1
    outer loop
      vertex -19.4 14.65 17.3
      vertex -8.6 14.15 17.3
      vertex -8.6 14.65 17.3
    endloop
  endfacet
  facet normal 0 0 1
    outer loop
      vertex -8.6 14.15 17.3
      vertex -19.4 14.65 17.3
      vertex -19.4 14.15 17.3
    endloop
  endfacet
  facet normal -1 0 0
    outer loop
      vertex -19.4 14.15 4.6
      vertex -19.4 14.65 17.3
      vertex -19.4 14.65 4.6
    endloop
  endfacet
  facet normal -1 -0 0
    outer loop
      vertex -19.4 14.65 17.3
      vertex -19.4 14.15 4.6
      vertex -19.4 14.15 17.3
    endloop
  endfacet
  facet normal 0 0.146732 -0.989176
    outer loop
      vertex -63.65 7.51227 9.45196
      vertex -63.05 7.75496 9.48796
      vertex -63.05 7.51227 9.45196
    endloop
  endfacet
  facet normal 0 0.146732 -0.989176
    outer loop
      vertex -63.05 7.75496 9.48796
      vertex -63.65 7.51227 9.45196
      vertex -63.65 7.75496 9.48796
    endloop
  endfacet
  facet normal -0 0.671548 0.740961
    outer loop
      vertex -63.65 6.41402 5.06747
      vertex -63.05 6.23223 5.23223
      vertex -63.05 6.41402 5.06747
    endloop
  endfacet
  facet normal 0 0.671548 0.740961
    outer loop
      vertex -63.05 6.23223 5.23223
      vertex -63.65 6.41402 5.06747
      vertex -63.65 6.23223 5.23223
    endloop
  endfacet
  facet normal 0 -0.857788 0.514004
    outer loop
      vertex -63.65 10.0787 5.61107
      vertex -63.05 10.2048 5.82151
      vertex -63.65 10.2048 5.82151
    endloop
  endfacet
  facet normal 0 -0.857788 0.514004
    outer loop
      vertex -63.05 10.2048 5.82151
      vertex -63.65 10.0787 5.61107
      vertex -63.05 10.0787 5.61107
    endloop
  endfacet
  facet normal 0 -0.671548 -0.740961
    outer loop
      vertex -63.65 9.58598 8.93253
      vertex -63.05 9.76777 8.76777
      vertex -63.05 9.58598 8.93253
    endloop
  endfacet
  facet normal -0 -0.671548 -0.740961
    outer loop
      vertex -63.05 9.76777 8.76777
      vertex -63.65 9.58598 8.93253
      vertex -63.65 9.76777 8.76777
    endloop
  endfacet
  facet normal 0 0.740961 -0.671548
    outer loop
      vertex -63.05 6.06747 8.58598
      vertex -63.65 6.23223 8.76777
      vertex -63.05 6.23223 8.76777
    endloop
  endfacet
  facet normal 0 0.740961 -0.671548
    outer loop
      vertex -63.65 6.23223 8.76777
      vertex -63.05 6.06747 8.58598
      vertex -63.65 6.06747 8.58598
    endloop
  endfacet
  facet normal 0 -0.595693 0.803212
    outer loop
      vertex -63.65 9.58598 5.06747
      vertex -63.05 9.38893 4.92133
      vertex -63.05 9.58598 5.06747
    endloop
  endfacet
  facet normal 0 -0.595693 0.803212
    outer loop
      vertex -63.05 9.38893 4.92133
      vertex -63.65 9.58598 5.06747
      vertex -63.65 9.38893 4.92133
    endloop
  endfacet
  facet normal 0 -0.803153 -0.595772
    outer loop
      vertex -63.65 10.0787 8.38893
      vertex -63.05 9.93253 8.58598
      vertex -63.65 9.93253 8.58598
    endloop
  endfacet
  facet normal 0 -0.803153 -0.595772
    outer loop
      vertex -63.05 9.93253 8.58598
      vertex -63.65 10.0787 8.38893
      vertex -63.05 10.0787 8.38893
    endloop
  endfacet
  facet normal 0 0.970035 0.242967
    outer loop
      vertex -63.05 5.60765 6.27429
      vertex -63.65 5.54804 6.51228
      vertex -63.05 5.54804 6.51228
    endloop
  endfacet
  facet normal 0 0.970035 0.242967
    outer loop
      vertex -63.65 5.54804 6.51228
      vertex -63.05 5.60765 6.27429
      vertex -63.65 5.60765 6.27429
    endloop
  endfacet
  facet normal 0 -0.857788 -0.514004
    outer loop
      vertex -63.65 10.2048 8.17849
      vertex -63.05 10.0787 8.38893
      vertex -63.65 10.0787 8.38893
    endloop
  endfacet
  facet normal 0 -0.857788 -0.514004
    outer loop
      vertex -63.05 10.0787 8.38893
      vertex -63.65 10.2048 8.17849
      vertex -63.05 10.2048 8.17849
    endloop
  endfacet
  facet normal 0 0.989175 0.146738
    outer loop
      vertex -63.05 5.54804 6.51228
      vertex -63.65 5.51204 6.75496
      vertex -63.05 5.51204 6.75496
    endloop
  endfacet
  facet normal 0 0.989175 0.146738
    outer loop
      vertex -63.65 5.51204 6.75496
      vertex -63.05 5.54804 6.51228
      vertex -63.65 5.54804 6.51228
    endloop
  endfacet
  facet normal -0 0.0490756 0.998795
    outer loop
      vertex -63.65 8 4.5
      vertex -63.05 7.75496 4.51204
      vertex -63.05 8 4.5
    endloop
  endfacet
  facet normal 0 0.0490756 0.998795
    outer loop
      vertex -63.05 7.75496 4.51204
      vertex -63.65 8 4.5
      vertex -63.65 7.75496 4.51204
    endloop
  endfacet
  facet normal 0 0.998795 -0.0490756
    outer loop
      vertex -63.05 5.5 7
      vertex -63.65 5.51204 7.24504
      vertex -63.05 5.51204 7.24504
    endloop
  endfacet
  facet normal 0 0.998795 -0.0490756
    outer loop
      vertex -63.65 5.51204 7.24504
      vertex -63.05 5.5 7
      vertex -63.65 5.5 7
    endloop
  endfacet
  facet normal 0 0.941548 -0.336879
    outer loop
      vertex -63.05 5.60765 7.72571
      vertex -63.65 5.6903 7.95671
      vertex -63.05 5.6903 7.95671
    endloop
  endfacet
  facet normal 0 0.941548 -0.336879
    outer loop
      vertex -63.65 5.6903 7.95671
      vertex -63.05 5.60765 7.72571
      vertex -63.65 5.60765 7.72571
    endloop
  endfacet
  facet normal 0 -0.941483 0.337059
    outer loop
      vertex -63.65 10.3097 6.04329
      vertex -63.05 10.3924 6.27429
      vertex -63.65 10.3924 6.27429
    endloop
  endfacet
  facet normal 0 -0.941483 0.337059
    outer loop
      vertex -63.05 10.3924 6.27429
      vertex -63.65 10.3097 6.04329
      vertex -63.05 10.3097 6.04329
    endloop
  endfacet
  facet normal 0 0.0490756 -0.998795
    outer loop
      vertex -63.65 7.75496 9.48796
      vertex -63.05 8 9.5
      vertex -63.05 7.75496 9.48796
    endloop
  endfacet
  facet normal 0 0.0490756 -0.998795
    outer loop
      vertex -63.05 8 9.5
      vertex -63.65 7.75496 9.48796
      vertex -63.65 8 9.5
    endloop
  endfacet
  facet normal 0 -0.671548 0.740961
    outer loop
      vertex -63.65 9.76777 5.23223
      vertex -63.05 9.58598 5.06747
      vertex -63.05 9.76777 5.23223
    endloop
  endfacet
  facet normal 0 -0.671548 0.740961
    outer loop
      vertex -63.05 9.58598 5.06747
      vertex -63.65 9.76777 5.23223
      vertex -63.65 9.58598 5.06747
    endloop
  endfacet
  facet normal -0 0.427575 0.90398
    outer loop
      vertex -63.65 7.04329 4.6903
      vertex -63.05 6.82151 4.7952
      vertex -63.05 7.04329 4.6903
    endloop
  endfacet
  facet normal 0 0.427575 0.90398
    outer loop
      vertex -63.05 6.82151 4.7952
      vertex -63.65 7.04329 4.6903
      vertex -63.65 6.82151 4.7952
    endloop
  endfacet
  facet normal 0 -0.427575 -0.90398
    outer loop
      vertex -63.65 8.95671 9.3097
      vertex -63.05 9.17849 9.2048
      vertex -63.05 8.95671 9.3097
    endloop
  endfacet
  facet normal -0 -0.427575 -0.90398
    outer loop
      vertex -63.05 9.17849 9.2048
      vertex -63.65 8.95671 9.3097
      vertex -63.65 9.17849 9.2048
    endloop
  endfacet
  facet normal 0 0.857734 -0.514094
    outer loop
      vertex -63.05 5.7952 8.17849
      vertex -63.65 5.92133 8.38893
      vertex -63.05 5.92133 8.38893
    endloop
  endfacet
  facet normal 0 0.857734 -0.514094
    outer loop
      vertex -63.65 5.92133 8.38893
      vertex -63.05 5.7952 8.17849
      vertex -63.65 5.7952 8.17849
    endloop
  endfacet
  facet normal 0 -0.0490756 -0.998795
    outer loop
      vertex -63.65 8 9.5
      vertex -63.05 8.24504 9.48796
      vertex -63.05 8 9.5
    endloop
  endfacet
  facet normal -0 -0.0490756 -0.998795
    outer loop
      vertex -63.05 8.24504 9.48796
      vertex -63.65 8 9.5
      vertex -63.65 8.24504 9.48796
    endloop
  endfacet
  facet normal 0 0.242977 -0.970032
    outer loop
      vertex -63.65 7.27429 9.39235
      vertex -63.05 7.51227 9.45196
      vertex -63.05 7.27429 9.39235
    endloop
  endfacet
  facet normal 0 0.242977 -0.970032
    outer loop
      vertex -63.05 7.51227 9.45196
      vertex -63.65 7.27429 9.39235
      vertex -63.65 7.51227 9.45196
    endloop
  endfacet
  facet normal 0 -0.336879 0.941548
    outer loop
      vertex -63.65 8.95671 4.6903
      vertex -63.05 8.72571 4.60765
      vertex -63.05 8.95671 4.6903
    endloop
  endfacet
  facet normal 0 -0.336879 0.941548
    outer loop
      vertex -63.05 8.72571 4.60765
      vertex -63.65 8.95671 4.6903
      vertex -63.65 8.72571 4.60765
    endloop
  endfacet
  facet normal 0 0.90398 -0.427575
    outer loop
      vertex -63.05 5.6903 7.95671
      vertex -63.65 5.7952 8.17849
      vertex -63.05 5.7952 8.17849
    endloop
  endfacet
  facet normal 0 0.90398 -0.427575
    outer loop
      vertex -63.65 5.7952 8.17849
      vertex -63.05 5.6903 7.95671
      vertex -63.65 5.6903 7.95671
    endloop
  endfacet
  facet normal 0 0.671548 -0.740961
    outer loop
      vertex -63.65 6.23223 8.76777
      vertex -63.05 6.41402 8.93253
      vertex -63.05 6.23223 8.76777
    endloop
  endfacet
  facet normal 0 0.671548 -0.740961
    outer loop
      vertex -63.05 6.41402 8.93253
      vertex -63.65 6.23223 8.76777
      vertex -63.65 6.41402 8.93253
    endloop
  endfacet
  facet normal 0 0.857734 0.514094
    outer loop
      vertex -63.05 5.92133 5.61107
      vertex -63.65 5.7952 5.82151
      vertex -63.05 5.7952 5.82151
    endloop
  endfacet
  facet normal 0 0.857734 0.514094
    outer loop
      vertex -63.65 5.7952 5.82151
      vertex -63.05 5.92133 5.61107
      vertex -63.65 5.92133 5.61107
    endloop
  endfacet
  facet normal 0 -0.970044 0.242929
    outer loop
      vertex -63.65 10.3924 6.27429
      vertex -63.05 10.452 6.51228
      vertex -63.65 10.452 6.51228
    endloop
  endfacet
  facet normal 0 -0.970044 0.242929
    outer loop
      vertex -63.05 10.452 6.51228
      vertex -63.65 10.3924 6.27429
      vertex -63.05 10.3924 6.27429
    endloop
  endfacet
  facet normal 0 -0.514094 -0.857734
    outer loop
      vertex -63.65 9.17849 9.2048
      vertex -63.05 9.38893 9.07867
      vertex -63.05 9.17849 9.2048
    endloop
  endfacet
  facet normal -0 -0.514094 -0.857734
    outer loop
      vertex -63.05 9.38893 9.07867
      vertex -63.65 9.17849 9.2048
      vertex -63.65 9.38893 9.07867
    endloop
  endfacet
  facet normal 0 0.740961 0.671548
    outer loop
      vertex -63.05 6.23223 5.23223
      vertex -63.65 6.06747 5.41402
      vertex -63.05 6.06747 5.41402
    endloop
  endfacet
  facet normal 0 0.740961 0.671548
    outer loop
      vertex -63.65 6.06747 5.41402
      vertex -63.05 6.23223 5.23223
      vertex -63.65 6.23223 5.23223
    endloop
  endfacet
  facet normal 0 0.970032 -0.242977
    outer loop
      vertex -63.05 5.54804 7.48773
      vertex -63.65 5.60765 7.72571
      vertex -63.05 5.60765 7.72571
    endloop
  endfacet
  facet normal 0 0.970032 -0.242977
    outer loop
      vertex -63.65 5.60765 7.72571
      vertex -63.05 5.54804 7.48773
      vertex -63.65 5.54804 7.48773
    endloop
  endfacet
  facet normal 0 0.336879 -0.941548
    outer loop
      vertex -63.65 7.04329 9.3097
      vertex -63.05 7.27429 9.39235
      vertex -63.05 7.04329 9.3097
    endloop
  endfacet
  facet normal 0 0.336879 -0.941548
    outer loop
      vertex -63.05 7.27429 9.39235
      vertex -63.65 7.04329 9.3097
      vertex -63.65 7.27429 9.39235
    endloop
  endfacet
  facet normal -0 0.146732 0.989176
    outer loop
      vertex -63.65 7.75496 4.51204
      vertex -63.05 7.51227 4.54804
      vertex -63.05 7.75496 4.51204
    endloop
  endfacet
  facet normal 0 0.146732 0.989176
    outer loop
      vertex -63.05 7.51227 4.54804
      vertex -63.65 7.75496 4.51204
      vertex -63.65 7.51227 4.54804
    endloop
  endfacet
  facet normal 0 0.803212 -0.595693
    outer loop
      vertex -63.05 5.92133 8.38893
      vertex -63.65 6.06747 8.58598
      vertex -63.05 6.06747 8.58598
    endloop
  endfacet
  facet normal 0 0.803212 -0.595693
    outer loop
      vertex -63.65 6.06747 8.58598
      vertex -63.05 5.92133 8.38893
      vertex -63.65 5.92133 8.38893
    endloop
  endfacet
  facet normal 0 -0.989176 -0.146732
    outer loop
      vertex -63.65 10.488 7.24504
      vertex -63.05 10.452 7.48773
      vertex -63.65 10.452 7.48773
    endloop
  endfacet
  facet normal 0 -0.989176 -0.146732
    outer loop
      vertex -63.05 10.452 7.48773
      vertex -63.65 10.488 7.24504
      vertex -63.05 10.488 7.24504
    endloop
  endfacet
  facet normal 0 -0.998803 -0.048913
    outer loop
      vertex -63.65 10.5 7
      vertex -63.05 10.488 7.24504
      vertex -63.65 10.488 7.24504
    endloop
  endfacet
  facet normal 0 -0.998803 -0.048913
    outer loop
      vertex -63.05 10.488 7.24504
      vertex -63.65 10.5 7
      vertex -63.05 10.5 7
    endloop
  endfacet
  facet normal 0 0.941548 0.336879
    outer loop
      vertex -63.05 5.6903 6.04329
      vertex -63.65 5.60765 6.27429
      vertex -63.05 5.60765 6.27429
    endloop
  endfacet
  facet normal 0 0.941548 0.336879
    outer loop
      vertex -63.65 5.60765 6.27429
      vertex -63.05 5.6903 6.04329
      vertex -63.65 5.6903 6.04329
    endloop
  endfacet
  facet normal 0 0.427575 -0.90398
    outer loop
      vertex -63.65 6.82151 9.2048
      vertex -63.05 7.04329 9.3097
      vertex -63.05 6.82151 9.2048
    endloop
  endfacet
  facet normal 0 0.427575 -0.90398
    outer loop
      vertex -63.05 7.04329 9.3097
      vertex -63.65 6.82151 9.2048
      vertex -63.65 7.04329 9.3097
    endloop
  endfacet
  facet normal 0 -0.146732 -0.989176
    outer loop
      vertex -63.65 8.24504 9.48796
      vertex -63.05 8.48773 9.45196
      vertex -63.05 8.24504 9.48796
    endloop
  endfacet
  facet normal -0 -0.146732 -0.989176
    outer loop
      vertex -63.05 8.48773 9.45196
      vertex -63.65 8.24504 9.48796
      vertex -63.65 8.48773 9.45196
    endloop
  endfacet
  facet normal 0 0.989176 -0.146732
    outer loop
      vertex -63.05 5.51204 7.24504
      vertex -63.65 5.54804 7.48773
      vertex -63.05 5.54804 7.48773
    endloop
  endfacet
  facet normal 0 0.989176 -0.146732
    outer loop
      vertex -63.65 5.54804 7.48773
      vertex -63.05 5.51204 7.24504
      vertex -63.65 5.51204 7.24504
    endloop
  endfacet
  facet normal 0 0.514094 -0.857734
    outer loop
      vertex -63.65 6.61107 9.07867
      vertex -63.05 6.82151 9.2048
      vertex -63.05 6.61107 9.07867
    endloop
  endfacet
  facet normal 0 0.514094 -0.857734
    outer loop
      vertex -63.05 6.82151 9.2048
      vertex -63.65 6.61107 9.07867
      vertex -63.65 6.82151 9.2048
    endloop
  endfacet
  facet normal 0 0.595693 -0.803212
    outer loop
      vertex -63.65 6.41402 8.93253
      vertex -63.05 6.61107 9.07867
      vertex -63.05 6.41402 8.93253
    endloop
  endfacet
  facet normal 0 0.595693 -0.803212
    outer loop
      vertex -63.05 6.61107 9.07867
      vertex -63.65 6.41402 8.93253
      vertex -63.65 6.61107 9.07867
    endloop
  endfacet
  facet normal 0 0.803212 0.595693
    outer loop
      vertex -63.05 6.06747 5.41402
      vertex -63.65 5.92133 5.61107
      vertex -63.05 5.92133 5.61107
    endloop
  endfacet
  facet normal 0 0.803212 0.595693
    outer loop
      vertex -63.65 5.92133 5.61107
      vertex -63.05 6.06747 5.41402
      vertex -63.65 6.06747 5.41402
    endloop
  endfacet
  facet normal 0 -0.242977 0.970032
    outer loop
      vertex -63.65 8.72571 4.60765
      vertex -63.05 8.48773 4.54804
      vertex -63.05 8.72571 4.60765
    endloop
  endfacet
  facet normal 0 -0.242977 0.970032
    outer loop
      vertex -63.05 8.48773 4.54804
      vertex -63.65 8.72571 4.60765
      vertex -63.65 8.48773 4.54804
    endloop
  endfacet
  facet normal 0 -0.970042 -0.242938
    outer loop
      vertex -63.65 10.452 7.48773
      vertex -63.05 10.3924 7.72571
      vertex -63.65 10.3924 7.72571
    endloop
  endfacet
  facet normal 0 -0.970042 -0.242938
    outer loop
      vertex -63.05 10.3924 7.72571
      vertex -63.65 10.452 7.48773
      vertex -63.05 10.452 7.48773
    endloop
  endfacet
  facet normal -0 0.336879 0.941548
    outer loop
      vertex -63.65 7.27429 4.60765
      vertex -63.05 7.04329 4.6903
      vertex -63.05 7.27429 4.60765
    endloop
  endfacet
  facet normal 0 0.336879 0.941548
    outer loop
      vertex -63.05 7.04329 4.6903
      vertex -63.65 7.27429 4.60765
      vertex -63.65 7.04329 4.6903
    endloop
  endfacet
  facet normal 0 0.998795 0.0490756
    outer loop
      vertex -63.05 5.51204 6.75496
      vertex -63.65 5.5 7
      vertex -63.05 5.5 7
    endloop
  endfacet
  facet normal 0 0.998795 0.0490756
    outer loop
      vertex -63.65 5.5 7
      vertex -63.05 5.51204 6.75496
      vertex -63.65 5.51204 6.75496
    endloop
  endfacet
  facet normal 0 -0.0490756 0.998795
    outer loop
      vertex -63.65 8.24504 4.51204
      vertex -63.05 8 4.5
      vertex -63.05 8.24504 4.51204
    endloop
  endfacet
  facet normal 0 -0.0490756 0.998795
    outer loop
      vertex -63.05 8 4.5
      vertex -63.65 8.24504 4.51204
      vertex -63.65 8 4.5
    endloop
  endfacet
  facet normal 0 -0.740961 -0.671548
    outer loop
      vertex -63.65 9.93253 8.58598
      vertex -63.05 9.76777 8.76777
      vertex -63.65 9.76777 8.76777
    endloop
  endfacet
  facet normal 0 -0.740961 -0.671548
    outer loop
      vertex -63.05 9.76777 8.76777
      vertex -63.65 9.93253 8.58598
      vertex -63.05 9.93253 8.58598
    endloop
  endfacet
  facet normal -0 0.242977 0.970032
    outer loop
      vertex -63.65 7.51227 4.54804
      vertex -63.05 7.27429 4.60765
      vertex -63.05 7.51227 4.54804
    endloop
  endfacet
  facet normal 0 0.242977 0.970032
    outer loop
      vertex -63.05 7.27429 4.60765
      vertex -63.65 7.51227 4.54804
      vertex -63.65 7.27429 4.60765
    endloop
  endfacet
  facet normal 0 -0.242977 -0.970032
    outer loop
      vertex -63.65 8.48773 9.45196
      vertex -63.05 8.72571 9.39235
      vertex -63.05 8.48773 9.45196
    endloop
  endfacet
  facet normal -0 -0.242977 -0.970032
    outer loop
      vertex -63.05 8.72571 9.39235
      vertex -63.65 8.48773 9.45196
      vertex -63.65 8.72571 9.39235
    endloop
  endfacet
  facet normal 0 -0.989175 0.146738
    outer loop
      vertex -63.65 10.452 6.51228
      vertex -63.05 10.488 6.75496
      vertex -63.65 10.488 6.75496
    endloop
  endfacet
  facet normal 0 -0.989175 0.146738
    outer loop
      vertex -63.05 10.488 6.75496
      vertex -63.65 10.452 6.51228
      vertex -63.05 10.452 6.51228
    endloop
  endfacet
  facet normal 0 -0.146732 0.989176
    outer loop
      vertex -63.65 8.48773 4.54804
      vertex -63.05 8.24504 4.51204
      vertex -63.05 8.48773 4.54804
    endloop
  endfacet
  facet normal 0 -0.146732 0.989176
    outer loop
      vertex -63.05 8.24504 4.51204
      vertex -63.65 8.48773 4.54804
      vertex -63.65 8.24504 4.51204
    endloop
  endfacet
  facet normal 0 -0.595693 -0.803212
    outer loop
      vertex -63.65 9.38893 9.07867
      vertex -63.05 9.58598 8.93253
      vertex -63.05 9.38893 9.07867
    endloop
  endfacet
  facet normal -0 -0.595693 -0.803212
    outer loop
      vertex -63.05 9.58598 8.93253
      vertex -63.65 9.38893 9.07867
      vertex -63.65 9.58598 8.93253
    endloop
  endfacet
  facet normal 0 -0.941483 -0.337059
    outer loop
      vertex -63.65 10.3924 7.72571
      vertex -63.05 10.3097 7.95671
      vertex -63.65 10.3097 7.95671
    endloop
  endfacet
  facet normal 0 -0.941483 -0.337059
    outer loop
      vertex -63.05 10.3097 7.95671
      vertex -63.65 10.3924 7.72571
      vertex -63.05 10.3924 7.72571
    endloop
  endfacet
  facet normal 0 -0.90398 -0.427575
    outer loop
      vertex -63.65 10.3097 7.95671
      vertex -63.05 10.2048 8.17849
      vertex -63.65 10.2048 8.17849
    endloop
  endfacet
  facet normal 0 -0.90398 -0.427575
    outer loop
      vertex -63.05 10.2048 8.17849
      vertex -63.65 10.3097 7.95671
      vertex -63.05 10.3097 7.95671
    endloop
  endfacet
  facet normal -0 0.595693 0.803212
    outer loop
      vertex -63.65 6.61107 4.92133
      vertex -63.05 6.41402 5.06747
      vertex -63.05 6.61107 4.92133
    endloop
  endfacet
  facet normal 0 0.595693 0.803212
    outer loop
      vertex -63.05 6.41402 5.06747
      vertex -63.65 6.61107 4.92133
      vertex -63.65 6.41402 5.06747
    endloop
  endfacet
  facet normal 0 -0.740961 0.671548
    outer loop
      vertex -63.65 9.76777 5.23223
      vertex -63.05 9.93253 5.41402
      vertex -63.65 9.93253 5.41402
    endloop
  endfacet
  facet normal 0 -0.740961 0.671548
    outer loop
      vertex -63.05 9.93253 5.41402
      vertex -63.65 9.76777 5.23223
      vertex -63.05 9.76777 5.23223
    endloop
  endfacet
  facet normal 0 -0.90398 0.427575
    outer loop
      vertex -63.65 10.2048 5.82151
      vertex -63.05 10.3097 6.04329
      vertex -63.65 10.3097 6.04329
    endloop
  endfacet
  facet normal 0 -0.90398 0.427575
    outer loop
      vertex -63.05 10.3097 6.04329
      vertex -63.65 10.2048 5.82151
      vertex -63.05 10.2048 5.82151
    endloop
  endfacet
  facet normal 0 0.90398 0.427575
    outer loop
      vertex -63.05 5.7952 5.82151
      vertex -63.65 5.6903 6.04329
      vertex -63.05 5.6903 6.04329
    endloop
  endfacet
  facet normal 0 0.90398 0.427575
    outer loop
      vertex -63.65 5.6903 6.04329
      vertex -63.05 5.7952 5.82151
      vertex -63.65 5.7952 5.82151
    endloop
  endfacet
  facet normal 0 -0.514094 0.857734
    outer loop
      vertex -63.65 9.38893 4.92133
      vertex -63.05 9.17849 4.7952
      vertex -63.05 9.38893 4.92133
    endloop
  endfacet
  facet normal 0 -0.514094 0.857734
    outer loop
      vertex -63.05 9.17849 4.7952
      vertex -63.65 9.38893 4.92133
      vertex -63.65 9.17849 4.7952
    endloop
  endfacet
  facet normal 0 -0.427575 0.90398
    outer loop
      vertex -63.65 9.17849 4.7952
      vertex -63.05 8.95671 4.6903
      vertex -63.05 9.17849 4.7952
    endloop
  endfacet
  facet normal 0 -0.427575 0.90398
    outer loop
      vertex -63.05 8.95671 4.6903
      vertex -63.65 9.17849 4.7952
      vertex -63.65 8.95671 4.6903
    endloop
  endfacet
  facet normal 0 -0.998803 0.048913
    outer loop
      vertex -63.65 10.488 6.75496
      vertex -63.05 10.5 7
      vertex -63.65 10.5 7
    endloop
  endfacet
  facet normal 0 -0.998803 0.048913
    outer loop
      vertex -63.05 10.5 7
      vertex -63.65 10.488 6.75496
      vertex -63.05 10.488 6.75496
    endloop
  endfacet
  facet normal 0 -0.336879 -0.941548
    outer loop
      vertex -63.65 8.72571 9.39235
      vertex -63.05 8.95671 9.3097
      vertex -63.05 8.72571 9.39235
    endloop
  endfacet
  facet normal -0 -0.336879 -0.941548
    outer loop
      vertex -63.05 8.95671 9.3097
      vertex -63.65 8.72571 9.39235
      vertex -63.65 8.95671 9.3097
    endloop
  endfacet
  facet normal -0 0.514094 0.857734
    outer loop
      vertex -63.65 6.82151 4.7952
      vertex -63.05 6.61107 4.92133
      vertex -63.05 6.82151 4.7952
    endloop
  endfacet
  facet normal 0 0.514094 0.857734
    outer loop
      vertex -63.05 6.61107 4.92133
      vertex -63.65 6.82151 4.7952
      vertex -63.65 6.61107 4.92133
    endloop
  endfacet
  facet normal 0 -0.803153 0.595772
    outer loop
      vertex -63.65 9.93253 5.41402
      vertex -63.05 10.0787 5.61107
      vertex -63.65 10.0787 5.61107
    endloop
  endfacet
  facet normal 0 -0.803153 0.595772
    outer loop
      vertex -63.05 10.0787 5.61107
      vertex -63.65 9.93253 5.41402
      vertex -63.05 9.93253 5.41402
    endloop
  endfacet
  facet normal -1 0 0
    outer loop
      vertex -63.05 10.488 6.75496
      vertex -63.05 10.488 7.24504
      vertex -63.05 10.5 7
    endloop
  endfacet
  facet normal -1 0 0
    outer loop
      vertex -63.05 10.452 6.51228
      vertex -63.05 10.488 7.24504
      vertex -63.05 10.488 6.75496
    endloop
  endfacet
  facet normal -1 0 0
    outer loop
      vertex -63.05 10.452 6.51228
      vertex -63.05 10.452 7.48773
      vertex -63.05 10.488 7.24504
    endloop
  endfacet
  facet normal -1 0 0
    outer loop
      vertex -63.05 10.3924 6.27429
      vertex -63.05 10.452 7.48773
      vertex -63.05 10.452 6.51228
    endloop
  endfacet
  facet normal -1 0 0
    outer loop
      vertex -63.05 10.3924 6.27429
      vertex -63.05 10.3924 7.72571
      vertex -63.05 10.452 7.48773
    endloop
  endfacet
  facet normal -1 0 0
    outer loop
      vertex -63.05 10.3097 6.04329
      vertex -63.05 10.3924 7.72571
      vertex -63.05 10.3924 6.27429
    endloop
  endfacet
  facet normal -1 0 0
    outer loop
      vertex -63.05 10.3097 6.04329
      vertex -63.05 10.3097 7.95671
      vertex -63.05 10.3924 7.72571
    endloop
  endfacet
  facet normal -1 0 0
    outer loop
      vertex -63.05 10.2048 5.82151
      vertex -63.05 10.3097 7.95671
      vertex -63.05 10.3097 6.04329
    endloop
  endfacet
  facet normal -1 0 0
    outer loop
      vertex -63.05 10.2048 5.82151
      vertex -63.05 10.2048 8.17849
      vertex -63.05 10.3097 7.95671
    endloop
  endfacet
  facet normal -1 0 0
    outer loop
      vertex -63.05 10.0787 5.61107
      vertex -63.05 10.2048 8.17849
      vertex -63.05 10.2048 5.82151
    endloop
  endfacet
  facet normal -1 0 0
    outer loop
      vertex -63.05 10.0787 5.61107
      vertex -63.05 10.0787 8.38893
      vertex -63.05 10.2048 8.17849
    endloop
  endfacet
  facet normal -1 0 0
    outer loop
      vertex -63.05 9.93253 5.41402
      vertex -63.05 10.0787 8.38893
      vertex -63.05 10.0787 5.61107
    endloop
  endfacet
  facet normal -1 0 0
    outer loop
      vertex -63.05 9.93253 5.41402
      vertex -63.05 9.93253 8.58598
      vertex -63.05 10.0787 8.38893
    endloop
  endfacet
  facet normal -1 0 0
    outer loop
      vertex -63.05 9.76777 5.23223
      vertex -63.05 9.93253 8.58598
      vertex -63.05 9.93253 5.41402
    endloop
  endfacet
  facet normal -1 0 0
    outer loop
      vertex -63.05 9.76777 5.23223
      vertex -63.05 9.76777 8.76777
      vertex -63.05 9.93253 8.58598
    endloop
  endfacet
  facet normal -1 0 0
    outer loop
      vertex -63.05 9.58598 5.06747
      vertex -63.05 9.76777 8.76777
      vertex -63.05 9.76777 5.23223
    endloop
  endfacet
  facet normal -1 0 0
    outer loop
      vertex -63.05 9.58598 5.06747
      vertex -63.05 9.58598 8.93253
      vertex -63.05 9.76777 8.76777
    endloop
  endfacet
  facet normal -1 0 0
    outer loop
      vertex -63.05 9.38893 4.92133
      vertex -63.05 9.58598 8.93253
      vertex -63.05 9.58598 5.06747
    endloop
  endfacet
  facet normal -1 0 0
    outer loop
      vertex -63.05 9.38893 4.92133
      vertex -63.05 9.38893 9.07867
      vertex -63.05 9.58598 8.93253
    endloop
  endfacet
  facet normal -1 0 0
    outer loop
      vertex -63.05 9.17849 4.7952
      vertex -63.05 9.38893 9.07867
      vertex -63.05 9.38893 4.92133
    endloop
  endfacet
  facet normal -1 0 0
    outer loop
      vertex -63.05 9.17849 4.7952
      vertex -63.05 9.17849 9.2048
      vertex -63.05 9.38893 9.07867
    endloop
  endfacet
  facet normal -1 0 0
    outer loop
      vertex -63.05 8.95671 4.6903
      vertex -63.05 9.17849 9.2048
      vertex -63.05 9.17849 4.7952
    endloop
  endfacet
  facet normal -1 0 0
    outer loop
      vertex -63.05 8.95671 4.6903
      vertex -63.05 8.95671 9.3097
      vertex -63.05 9.17849 9.2048
    endloop
  endfacet
  facet normal -1 0 0
    outer loop
      vertex -63.05 8.72571 4.60765
      vertex -63.05 8.95671 9.3097
      vertex -63.05 8.95671 4.6903
    endloop
  endfacet
  facet normal -1 0 0
    outer loop
      vertex -63.05 8.72571 4.60765
      vertex -63.05 8.72571 9.39235
      vertex -63.05 8.95671 9.3097
    endloop
  endfacet
  facet normal -1 0 0
    outer loop
      vertex -63.05 8.48773 4.54804
      vertex -63.05 8.72571 9.39235
      vertex -63.05 8.72571 4.60765
    endloop
  endfacet
  facet normal -1 0 0
    outer loop
      vertex -63.05 8.48773 4.54804
      vertex -63.05 8.48773 9.45196
      vertex -63.05 8.72571 9.39235
    endloop
  endfacet
  facet normal -1 0 0
    outer loop
      vertex -63.05 8.24504 4.51204
      vertex -63.05 8.48773 9.45196
      vertex -63.05 8.48773 4.54804
    endloop
  endfacet
  facet normal -1 0 0
    outer loop
      vertex -63.05 8.24504 4.51204
      vertex -63.05 8.24504 9.48796
      vertex -63.05 8.48773 9.45196
    endloop
  endfacet
  facet normal -1 0 0
    outer loop
      vertex -63.05 8 4.5
      vertex -63.05 8.24504 9.48796
      vertex -63.05 8.24504 4.51204
    endloop
  endfacet
  facet normal -1 0 0
    outer loop
      vertex -63.05 8 4.5
      vertex -63.05 8 9.5
      vertex -63.05 8.24504 9.48796
    endloop
  endfacet
  facet normal -1 0 0
    outer loop
      vertex -63.05 7.75496 4.51204
      vertex -63.05 8 9.5
      vertex -63.05 8 4.5
    endloop
  endfacet
  facet normal -1 0 0
    outer loop
      vertex -63.05 7.75496 4.51204
      vertex -63.05 7.75496 9.48796
      vertex -63.05 8 9.5
    endloop
  endfacet
  facet normal -1 0 0
    outer loop
      vertex -63.05 7.51227 4.54804
      vertex -63.05 7.75496 9.48796
      vertex -63.05 7.75496 4.51204
    endloop
  endfacet
  facet normal -1 0 0
    outer loop
      vertex -63.05 7.51227 4.54804
      vertex -63.05 7.51227 9.45196
      vertex -63.05 7.75496 9.48796
    endloop
  endfacet
  facet normal -1 0 0
    outer loop
      vertex -63.05 7.27429 4.60765
      vertex -63.05 7.51227 9.45196
      vertex -63.05 7.51227 4.54804
    endloop
  endfacet
  facet normal -1 0 0
    outer loop
      vertex -63.05 7.27429 4.60765
      vertex -63.05 7.27429 9.39235
      vertex -63.05 7.51227 9.45196
    endloop
  endfacet
  facet normal -1 0 0
    outer loop
      vertex -63.05 7.04329 4.6903
      vertex -63.05 7.27429 9.39235
      vertex -63.05 7.27429 4.60765
    endloop
  endfacet
  facet normal -1 0 0
    outer loop
      vertex -63.05 7.04329 4.6903
      vertex -63.05 7.04329 9.3097
      vertex -63.05 7.27429 9.39235
    endloop
  endfacet
  facet normal -1 0 0
    outer loop
      vertex -63.05 6.82151 4.7952
      vertex -63.05 7.04329 9.3097
      vertex -63.05 7.04329 4.6903
    endloop
  endfacet
  facet normal -1 0 0
    outer loop
      vertex -63.05 6.82151 4.7952
      vertex -63.05 6.82151 9.2048
      vertex -63.05 7.04329 9.3097
    endloop
  endfacet
  facet normal -1 0 0
    outer loop
      vertex -63.05 6.61107 4.92133
      vertex -63.05 6.82151 9.2048
      vertex -63.05 6.82151 4.7952
    endloop
  endfacet
  facet normal -1 0 0
    outer loop
      vertex -63.05 6.61107 4.92133
      vertex -63.05 6.61107 9.07867
      vertex -63.05 6.82151 9.2048
    endloop
  endfacet
  facet normal -1 0 0
    outer loop
      vertex -63.05 6.41402 5.06747
      vertex -63.05 6.61107 9.07867
      vertex -63.05 6.61107 4.92133
    endloop
  endfacet
  facet normal -1 0 0
    outer loop
      vertex -63.05 6.41402 5.06747
      vertex -63.05 6.41402 8.93253
      vertex -63.05 6.61107 9.07867
    endloop
  endfacet
  facet normal -1 0 0
    outer loop
      vertex -63.05 6.23223 5.23223
      vertex -63.05 6.41402 8.93253
      vertex -63.05 6.41402 5.06747
    endloop
  endfacet
  facet normal -1 0 0
    outer loop
      vertex -63.05 6.23223 5.23223
      vertex -63.05 6.23223 8.76777
      vertex -63.05 6.41402 8.93253
    endloop
  endfacet
  facet normal -1 0 0
    outer loop
      vertex -63.05 6.06747 5.41402
      vertex -63.05 6.23223 8.76777
      vertex -63.05 6.23223 5.23223
    endloop
  endfacet
  facet normal -1 0 0
    outer loop
      vertex -63.05 6.06747 5.41402
      vertex -63.05 6.06747 8.58598
      vertex -63.05 6.23223 8.76777
    endloop
  endfacet
  facet normal -1 0 0
    outer loop
      vertex -63.05 5.92133 5.61107
      vertex -63.05 6.06747 8.58598
      vertex -63.05 6.06747 5.41402
    endloop
  endfacet
  facet normal -1 0 0
    outer loop
      vertex -63.05 5.92133 5.61107
      vertex -63.05 5.92133 8.38893
      vertex -63.05 6.06747 8.58598
    endloop
  endfacet
  facet normal -1 0 0
    outer loop
      vertex -63.05 5.7952 5.82151
      vertex -63.05 5.92133 8.38893
      vertex -63.05 5.92133 5.61107
    endloop
  endfacet
  facet normal -1 0 0
    outer loop
      vertex -63.05 5.7952 5.82151
      vertex -63.05 5.7952 8.17849
      vertex -63.05 5.92133 8.38893
    endloop
  endfacet
  facet normal -1 0 0
    outer loop
      vertex -63.05 5.6903 6.04329
      vertex -63.05 5.7952 8.17849
      vertex -63.05 5.7952 5.82151
    endloop
  endfacet
  facet normal -1 0 0
    outer loop
      vertex -63.05 5.6903 6.04329
      vertex -63.05 5.6903 7.95671
      vertex -63.05 5.7952 8.17849
    endloop
  endfacet
  facet normal -1 0 0
    outer loop
      vertex -63.05 5.60765 6.27429
      vertex -63.05 5.6903 7.95671
      vertex -63.05 5.6903 6.04329
    endloop
  endfacet
  facet normal -1 0 0
    outer loop
      vertex -63.05 5.60765 6.27429
      vertex -63.05 5.60765 7.72571
      vertex -63.05 5.6903 7.95671
    endloop
  endfacet
  facet normal -1 0 0
    outer loop
      vertex -63.05 5.54804 6.51228
      vertex -63.05 5.60765 7.72571
      vertex -63.05 5.60765 6.27429
    endloop
  endfacet
  facet normal -1 0 0
    outer loop
      vertex -63.05 5.54804 6.51228
      vertex -63.05 5.54804 7.48773
      vertex -63.05 5.60765 7.72571
    endloop
  endfacet
  facet normal -1 0 0
    outer loop
      vertex -63.05 5.51204 6.75496
      vertex -63.05 5.54804 7.48773
      vertex -63.05 5.54804 6.51228
    endloop
  endfacet
  facet normal -1 0 0
    outer loop
      vertex -63.05 5.51204 6.75496
      vertex -63.05 5.51204 7.24504
      vertex -63.05 5.54804 7.48773
    endloop
  endfacet
  facet normal -1 0 -0
    outer loop
      vertex -63.05 5.51204 7.24504
      vertex -63.05 5.51204 6.75496
      vertex -63.05 5.5 7
    endloop
  endfacet
  facet normal 0 -0.514094 0.857734
    outer loop
      vertex -63.65 -6.61107 4.92133
      vertex -63.05 -6.82151 4.7952
      vertex -63.05 -6.61107 4.92133
    endloop
  endfacet
  facet normal 0 -0.514094 0.857734
    outer loop
      vertex -63.05 -6.82151 4.7952
      vertex -63.65 -6.61107 4.92133
      vertex -63.65 -6.82151 4.7952
    endloop
  endfacet
  facet normal 0 0.427575 -0.90398
    outer loop
      vertex -63.65 -9.17849 9.2048
      vertex -63.05 -8.95671 9.3097
      vertex -63.05 -9.17849 9.2048
    endloop
  endfacet
  facet normal 0 0.427575 -0.90398
    outer loop
      vertex -63.05 -8.95671 9.3097
      vertex -63.65 -9.17849 9.2048
      vertex -63.65 -8.95671 9.3097
    endloop
  endfacet
  facet normal 0 -0.514094 -0.857734
    outer loop
      vertex -63.65 -6.82151 9.2048
      vertex -63.05 -6.61107 9.07867
      vertex -63.05 -6.82151 9.2048
    endloop
  endfacet
  facet normal -0 -0.514094 -0.857734
    outer loop
      vertex -63.05 -6.61107 9.07867
      vertex -63.65 -6.82151 9.2048
      vertex -63.65 -6.61107 9.07867
    endloop
  endfacet
  facet normal 0 0.970042 -0.242938
    outer loop
      vertex -63.05 -10.452 7.48773
      vertex -63.65 -10.3924 7.72571
      vertex -63.05 -10.3924 7.72571
    endloop
  endfacet
  facet normal 0 0.970042 -0.242938
    outer loop
      vertex -63.65 -10.3924 7.72571
      vertex -63.05 -10.452 7.48773
      vertex -63.65 -10.452 7.48773
    endloop
  endfacet
  facet normal -0 0.242977 0.970032
    outer loop
      vertex -63.65 -8.48773 4.54804
      vertex -63.05 -8.72571 4.60765
      vertex -63.05 -8.48773 4.54804
    endloop
  endfacet
  facet normal 0 0.242977 0.970032
    outer loop
      vertex -63.05 -8.72571 4.60765
      vertex -63.65 -8.48773 4.54804
      vertex -63.65 -8.72571 4.60765
    endloop
  endfacet
  facet normal 0 -0.941548 0.336879
    outer loop
      vertex -63.65 -5.6903 6.04329
      vertex -63.05 -5.60765 6.27429
      vertex -63.65 -5.60765 6.27429
    endloop
  endfacet
  facet normal 0 -0.941548 0.336879
    outer loop
      vertex -63.05 -5.60765 6.27429
      vertex -63.65 -5.6903 6.04329
      vertex -63.05 -5.6903 6.04329
    endloop
  endfacet
  facet normal 0 -0.595693 -0.803212
    outer loop
      vertex -63.65 -6.61107 9.07867
      vertex -63.05 -6.41402 8.93253
      vertex -63.05 -6.61107 9.07867
    endloop
  endfacet
  facet normal -0 -0.595693 -0.803212
    outer loop
      vertex -63.05 -6.41402 8.93253
      vertex -63.65 -6.61107 9.07867
      vertex -63.65 -6.41402 8.93253
    endloop
  endfacet
  facet normal 0 0.989175 0.146738
    outer loop
      vertex -63.05 -10.452 6.51228
      vertex -63.65 -10.488 6.75496
      vertex -63.05 -10.488 6.75496
    endloop
  endfacet
  facet normal 0 0.989175 0.146738
    outer loop
      vertex -63.65 -10.488 6.75496
      vertex -63.05 -10.452 6.51228
      vertex -63.65 -10.452 6.51228
    endloop
  endfacet
  facet normal 0 0.998803 0.048913
    outer loop
      vertex -63.05 -10.488 6.75496
      vertex -63.65 -10.5 7
      vertex -63.05 -10.5 7
    endloop
  endfacet
  facet normal 0 0.998803 0.048913
    outer loop
      vertex -63.65 -10.5 7
      vertex -63.05 -10.488 6.75496
      vertex -63.65 -10.488 6.75496
    endloop
  endfacet
  facet normal 0 -0.803212 -0.595693
    outer loop
      vertex -63.65 -5.92133 8.38893
      vertex -63.05 -6.06747 8.58598
      vertex -63.65 -6.06747 8.58598
    endloop
  endfacet
  facet normal 0 -0.803212 -0.595693
    outer loop
      vertex -63.05 -6.06747 8.58598
      vertex -63.65 -5.92133 8.38893
      vertex -63.05 -5.92133 8.38893
    endloop
  endfacet
  facet normal 0 0.970044 0.242929
    outer loop
      vertex -63.05 -10.3924 6.27429
      vertex -63.65 -10.452 6.51228
      vertex -63.05 -10.452 6.51228
    endloop
  endfacet
  facet normal 0 0.970044 0.242929
    outer loop
      vertex -63.65 -10.452 6.51228
      vertex -63.05 -10.3924 6.27429
      vertex -63.65 -10.3924 6.27429
    endloop
  endfacet
  facet normal 0 -0.336879 0.941548
    outer loop
      vertex -63.65 -7.04329 4.6903
      vertex -63.05 -7.27429 4.60765
      vertex -63.05 -7.04329 4.6903
    endloop
  endfacet
  facet normal 0 -0.336879 0.941548
    outer loop
      vertex -63.05 -7.27429 4.60765
      vertex -63.65 -7.04329 4.6903
      vertex -63.65 -7.27429 4.60765
    endloop
  endfacet
  facet normal 0 -0.989176 -0.146732
    outer loop
      vertex -63.65 -5.51204 7.24504
      vertex -63.05 -5.54804 7.48773
      vertex -63.65 -5.54804 7.48773
    endloop
  endfacet
  facet normal 0 -0.989176 -0.146732
    outer loop
      vertex -63.05 -5.54804 7.48773
      vertex -63.65 -5.51204 7.24504
      vertex -63.05 -5.51204 7.24504
    endloop
  endfacet
  facet normal 0 -0.0490756 0.998795
    outer loop
      vertex -63.65 -7.75496 4.51204
      vertex -63.05 -8 4.5
      vertex -63.05 -7.75496 4.51204
    endloop
  endfacet
  facet normal 0 -0.0490756 0.998795
    outer loop
      vertex -63.05 -8 4.5
      vertex -63.65 -7.75496 4.51204
      vertex -63.65 -8 4.5
    endloop
  endfacet
  facet normal 0 -0.998795 0.0490756
    outer loop
      vertex -63.65 -5.51204 6.75496
      vertex -63.05 -5.5 7
      vertex -63.65 -5.5 7
    endloop
  endfacet
  facet normal 0 -0.998795 0.0490756
    outer loop
      vertex -63.05 -5.5 7
      vertex -63.65 -5.51204 6.75496
      vertex -63.05 -5.51204 6.75496
    endloop
  endfacet
  facet normal 0 -0.740961 -0.671548
    outer loop
      vertex -63.65 -6.06747 8.58598
      vertex -63.05 -6.23223 8.76777
      vertex -63.65 -6.23223 8.76777
    endloop
  endfacet
  facet normal 0 -0.740961 -0.671548
    outer loop
      vertex -63.05 -6.23223 8.76777
      vertex -63.65 -6.06747 8.58598
      vertex -63.05 -6.06747 8.58598
    endloop
  endfacet
  facet normal 0 0.90398 -0.427575
    outer loop
      vertex -63.05 -10.3097 7.95671
      vertex -63.65 -10.2048 8.17849
      vertex -63.05 -10.2048 8.17849
    endloop
  endfacet
  facet normal 0 0.90398 -0.427575
    outer loop
      vertex -63.65 -10.2048 8.17849
      vertex -63.05 -10.3097 7.95671
      vertex -63.65 -10.3097 7.95671
    endloop
  endfacet
  facet normal 0 -0.427575 -0.90398
    outer loop
      vertex -63.65 -7.04329 9.3097
      vertex -63.05 -6.82151 9.2048
      vertex -63.05 -7.04329 9.3097
    endloop
  endfacet
  facet normal -0 -0.427575 -0.90398
    outer loop
      vertex -63.05 -6.82151 9.2048
      vertex -63.65 -7.04329 9.3097
      vertex -63.65 -6.82151 9.2048
    endloop
  endfacet
  facet normal 0 0.146732 -0.989176
    outer loop
      vertex -63.65 -8.48773 9.45196
      vertex -63.05 -8.24504 9.48796
      vertex -63.05 -8.48773 9.45196
    endloop
  endfacet
  facet normal 0 0.146732 -0.989176
    outer loop
      vertex -63.05 -8.24504 9.48796
      vertex -63.65 -8.48773 9.45196
      vertex -63.65 -8.24504 9.48796
    endloop
  endfacet
  facet normal 0 0.242977 -0.970032
    outer loop
      vertex -63.65 -8.72571 9.39235
      vertex -63.05 -8.48773 9.45196
      vertex -63.05 -8.72571 9.39235
    endloop
  endfacet
  facet normal 0 0.242977 -0.970032
    outer loop
      vertex -63.05 -8.48773 9.45196
      vertex -63.65 -8.72571 9.39235
      vertex -63.65 -8.48773 9.45196
    endloop
  endfacet
  facet normal 0 0.0490756 -0.998795
    outer loop
      vertex -63.65 -8.24504 9.48796
      vertex -63.05 -8 9.5
      vertex -63.05 -8.24504 9.48796
    endloop
  endfacet
  facet normal 0 0.0490756 -0.998795
    outer loop
      vertex -63.05 -8 9.5
      vertex -63.65 -8.24504 9.48796
      vertex -63.65 -8 9.5
    endloop
  endfacet
  facet normal 0 0.941483 0.337059
    outer loop
      vertex -63.05 -10.3097 6.04329
      vertex -63.65 -10.3924 6.27429
      vertex -63.05 -10.3924 6.27429
    endloop
  endfacet
  facet normal 0 0.941483 0.337059
    outer loop
      vertex -63.65 -10.3924 6.27429
      vertex -63.05 -10.3097 6.04329
      vertex -63.65 -10.3097 6.04329
    endloop
  endfacet
  facet normal 0 -0.0490756 -0.998795
    outer loop
      vertex -63.65 -8 9.5
      vertex -63.05 -7.75496 9.48796
      vertex -63.05 -8 9.5
    endloop
  endfacet
  facet normal -0 -0.0490756 -0.998795
    outer loop
      vertex -63.05 -7.75496 9.48796
      vertex -63.65 -8 9.5
      vertex -63.65 -7.75496 9.48796
    endloop
  endfacet
  facet normal 0 0.857788 -0.514004
    outer loop
      vertex -63.05 -10.2048 8.17849
      vertex -63.65 -10.0787 8.38893
      vertex -63.05 -10.0787 8.38893
    endloop
  endfacet
  facet normal 0 0.857788 -0.514004
    outer loop
      vertex -63.65 -10.0787 8.38893
      vertex -63.05 -10.2048 8.17849
      vertex -63.65 -10.2048 8.17849
    endloop
  endfacet
  facet normal 0 0.998803 -0.048913
    outer loop
      vertex -63.05 -10.5 7
      vertex -63.65 -10.488 7.24504
      vertex -63.05 -10.488 7.24504
    endloop
  endfacet
  facet normal 0 0.998803 -0.048913
    outer loop
      vertex -63.65 -10.488 7.24504
      vertex -63.05 -10.5 7
      vertex -63.65 -10.5 7
    endloop
  endfacet
  facet normal 0 0.803153 0.595772
    outer loop
      vertex -63.05 -9.93253 5.41402
      vertex -63.65 -10.0787 5.61107
      vertex -63.05 -10.0787 5.61107
    endloop
  endfacet
  facet normal 0 0.803153 0.595772
    outer loop
      vertex -63.65 -10.0787 5.61107
      vertex -63.05 -9.93253 5.41402
      vertex -63.65 -9.93253 5.41402
    endloop
  endfacet
  facet normal 0 0.941483 -0.337059
    outer loop
      vertex -63.05 -10.3924 7.72571
      vertex -63.65 -10.3097 7.95671
      vertex -63.05 -10.3097 7.95671
    endloop
  endfacet
  facet normal 0 0.941483 -0.337059
    outer loop
      vertex -63.65 -10.3097 7.95671
      vertex -63.05 -10.3924 7.72571
      vertex -63.65 -10.3924 7.72571
    endloop
  endfacet
  facet normal -0 0.671548 0.740961
    outer loop
      vertex -63.65 -9.58598 5.06747
      vertex -63.05 -9.76777 5.23223
      vertex -63.05 -9.58598 5.06747
    endloop
  endfacet
  facet normal 0 0.671548 0.740961
    outer loop
      vertex -63.05 -9.76777 5.23223
      vertex -63.65 -9.58598 5.06747
      vertex -63.65 -9.76777 5.23223
    endloop
  endfacet
  facet normal 0 -0.941548 -0.336879
    outer loop
      vertex -63.65 -5.60765 7.72571
      vertex -63.05 -5.6903 7.95671
      vertex -63.65 -5.6903 7.95671
    endloop
  endfacet
  facet normal 0 -0.941548 -0.336879
    outer loop
      vertex -63.05 -5.6903 7.95671
      vertex -63.65 -5.60765 7.72571
      vertex -63.05 -5.60765 7.72571
    endloop
  endfacet
  facet normal 0 0.336879 -0.941548
    outer loop
      vertex -63.65 -8.95671 9.3097
      vertex -63.05 -8.72571 9.39235
      vertex -63.05 -8.95671 9.3097
    endloop
  endfacet
  facet normal 0 0.336879 -0.941548
    outer loop
      vertex -63.05 -8.72571 9.39235
      vertex -63.65 -8.95671 9.3097
      vertex -63.65 -8.72571 9.39235
    endloop
  endfacet
  facet normal 0 -0.146732 -0.989176
    outer loop
      vertex -63.65 -7.75496 9.48796
      vertex -63.05 -7.51227 9.45196
      vertex -63.05 -7.75496 9.48796
    endloop
  endfacet
  facet normal -0 -0.146732 -0.989176
    outer loop
      vertex -63.05 -7.51227 9.45196
      vertex -63.65 -7.75496 9.48796
      vertex -63.65 -7.51227 9.45196
    endloop
  endfacet
  facet normal 0 0.803153 -0.595772
    outer loop
      vertex -63.05 -10.0787 8.38893
      vertex -63.65 -9.93253 8.58598
      vertex -63.05 -9.93253 8.58598
    endloop
  endfacet
  facet normal 0 0.803153 -0.595772
    outer loop
      vertex -63.65 -9.93253 8.58598
      vertex -63.05 -10.0787 8.38893
      vertex -63.65 -10.0787 8.38893
    endloop
  endfacet
  facet normal 0 0.671548 -0.740961
    outer loop
      vertex -63.65 -9.76777 8.76777
      vertex -63.05 -9.58598 8.93253
      vertex -63.05 -9.76777 8.76777
    endloop
  endfacet
  facet normal 0 0.671548 -0.740961
    outer loop
      vertex -63.05 -9.58598 8.93253
      vertex -63.65 -9.76777 8.76777
      vertex -63.65 -9.58598 8.93253
    endloop
  endfacet
  facet normal 0 -0.970032 -0.242977
    outer loop
      vertex -63.65 -5.54804 7.48773
      vertex -63.05 -5.60765 7.72571
      vertex -63.65 -5.60765 7.72571
    endloop
  endfacet
  facet normal 0 -0.970032 -0.242977
    outer loop
      vertex -63.05 -5.60765 7.72571
      vertex -63.65 -5.54804 7.48773
      vertex -63.05 -5.54804 7.48773
    endloop
  endfacet
  facet normal 0 -0.146732 0.989176
    outer loop
      vertex -63.65 -7.51227 4.54804
      vertex -63.05 -7.75496 4.51204
      vertex -63.05 -7.51227 4.54804
    endloop
  endfacet
  facet normal 0 -0.146732 0.989176
    outer loop
      vertex -63.05 -7.75496 4.51204
      vertex -63.65 -7.51227 4.54804
      vertex -63.65 -7.75496 4.51204
    endloop
  endfacet
  facet normal 0 -0.90398 0.427575
    outer loop
      vertex -63.65 -5.7952 5.82151
      vertex -63.05 -5.6903 6.04329
      vertex -63.65 -5.6903 6.04329
    endloop
  endfacet
  facet normal 0 -0.90398 0.427575
    outer loop
      vertex -63.05 -5.6903 6.04329
      vertex -63.65 -5.7952 5.82151
      vertex -63.05 -5.7952 5.82151
    endloop
  endfacet
  facet normal 0 -0.970035 0.242967
    outer loop
      vertex -63.65 -5.60765 6.27429
      vertex -63.05 -5.54804 6.51228
      vertex -63.65 -5.54804 6.51228
    endloop
  endfacet
  facet normal 0 -0.970035 0.242967
    outer loop
      vertex -63.05 -5.54804 6.51228
      vertex -63.65 -5.60765 6.27429
      vertex -63.05 -5.60765 6.27429
    endloop
  endfacet
  facet normal 0 -0.242977 -0.970032
    outer loop
      vertex -63.65 -7.51227 9.45196
      vertex -63.05 -7.27429 9.39235
      vertex -63.05 -7.51227 9.45196
    endloop
  endfacet
  facet normal -0 -0.242977 -0.970032
    outer loop
      vertex -63.05 -7.27429 9.39235
      vertex -63.65 -7.51227 9.45196
      vertex -63.65 -7.27429 9.39235
    endloop
  endfacet
  facet normal 0 -0.336879 -0.941548
    outer loop
      vertex -63.65 -7.27429 9.39235
      vertex -63.05 -7.04329 9.3097
      vertex -63.05 -7.27429 9.39235
    endloop
  endfacet
  facet normal -0 -0.336879 -0.941548
    outer loop
      vertex -63.05 -7.04329 9.3097
      vertex -63.65 -7.27429 9.39235
      vertex -63.65 -7.04329 9.3097
    endloop
  endfacet
  facet normal 0 -0.803212 0.595693
    outer loop
      vertex -63.65 -6.06747 5.41402
      vertex -63.05 -5.92133 5.61107
      vertex -63.65 -5.92133 5.61107
    endloop
  endfacet
  facet normal 0 -0.803212 0.595693
    outer loop
      vertex -63.05 -5.92133 5.61107
      vertex -63.65 -6.06747 5.41402
      vertex -63.05 -6.06747 5.41402
    endloop
  endfacet
  facet normal 0 0.989176 -0.146732
    outer loop
      vertex -63.05 -10.488 7.24504
      vertex -63.65 -10.452 7.48773
      vertex -63.05 -10.452 7.48773
    endloop
  endfacet
  facet normal 0 0.989176 -0.146732
    outer loop
      vertex -63.65 -10.452 7.48773
      vertex -63.05 -10.488 7.24504
      vertex -63.65 -10.488 7.24504
    endloop
  endfacet
  facet normal 0 0.514094 -0.857734
    outer loop
      vertex -63.65 -9.38893 9.07867
      vertex -63.05 -9.17849 9.2048
      vertex -63.05 -9.38893 9.07867
    endloop
  endfacet
  facet normal 0 0.514094 -0.857734
    outer loop
      vertex -63.05 -9.17849 9.2048
      vertex -63.65 -9.38893 9.07867
      vertex -63.65 -9.17849 9.2048
    endloop
  endfacet
  facet normal -0 0.595693 0.803212
    outer loop
      vertex -63.65 -9.38893 4.92133
      vertex -63.05 -9.58598 5.06747
      vertex -63.05 -9.38893 4.92133
    endloop
  endfacet
  facet normal 0 0.595693 0.803212
    outer loop
      vertex -63.05 -9.58598 5.06747
      vertex -63.65 -9.38893 4.92133
      vertex -63.65 -9.58598 5.06747
    endloop
  endfacet
  facet normal -0 0.0490756 0.998795
    outer loop
      vertex -63.65 -8 4.5
      vertex -63.05 -8.24504 4.51204
      vertex -63.05 -8 4.5
    endloop
  endfacet
  facet normal 0 0.0490756 0.998795
    outer loop
      vertex -63.05 -8.24504 4.51204
      vertex -63.65 -8 4.5
      vertex -63.65 -8.24504 4.51204
    endloop
  endfacet
  facet normal 0 0.595693 -0.803212
    outer loop
      vertex -63.65 -9.58598 8.93253
      vertex -63.05 -9.38893 9.07867
      vertex -63.05 -9.58598 8.93253
    endloop
  endfacet
  facet normal 0 0.595693 -0.803212
    outer loop
      vertex -63.05 -9.38893 9.07867
      vertex -63.65 -9.58598 8.93253
      vertex -63.65 -9.38893 9.07867
    endloop
  endfacet
  facet normal -0 0.146732 0.989176
    outer loop
      vertex -63.65 -8.24504 4.51204
      vertex -63.05 -8.48773 4.54804
      vertex -63.05 -8.24504 4.51204
    endloop
  endfacet
  facet normal 0 0.146732 0.989176
    outer loop
      vertex -63.05 -8.48773 4.54804
      vertex -63.65 -8.24504 4.51204
      vertex -63.65 -8.48773 4.54804
    endloop
  endfacet
  facet normal -1 0 0
    outer loop
      vertex -63.05 -5.51204 6.75496
      vertex -63.05 -5.51204 7.24504
      vertex -63.05 -5.5 7
    endloop
  endfacet
  facet normal -1 0 0
    outer loop
      vertex -63.05 -5.54804 6.51228
      vertex -63.05 -5.51204 7.24504
      vertex -63.05 -5.51204 6.75496
    endloop
  endfacet
  facet normal -1 0 0
    outer loop
      vertex -63.05 -5.54804 6.51228
      vertex -63.05 -5.54804 7.48773
      vertex -63.05 -5.51204 7.24504
    endloop
  endfacet
  facet normal -1 0 0
    outer loop
      vertex -63.05 -5.60765 6.27429
      vertex -63.05 -5.54804 7.48773
      vertex -63.05 -5.54804 6.51228
    endloop
  endfacet
  facet normal -1 0 0
    outer loop
      vertex -63.05 -5.60765 6.27429
      vertex -63.05 -5.60765 7.72571
      vertex -63.05 -5.54804 7.48773
    endloop
  endfacet
  facet normal -1 0 0
    outer loop
      vertex -63.05 -5.6903 6.04329
      vertex -63.05 -5.60765 7.72571
      vertex -63.05 -5.60765 6.27429
    endloop
  endfacet
  facet normal -1 0 0
    outer loop
      vertex -63.05 -5.6903 6.04329
      vertex -63.05 -5.6903 7.95671
      vertex -63.05 -5.60765 7.72571
    endloop
  endfacet
  facet normal -1 0 0
    outer loop
      vertex -63.05 -5.7952 5.82151
      vertex -63.05 -5.6903 7.95671
      vertex -63.05 -5.6903 6.04329
    endloop
  endfacet
  facet normal -1 0 0
    outer loop
      vertex -63.05 -5.7952 5.82151
      vertex -63.05 -5.7952 8.17849
      vertex -63.05 -5.6903 7.95671
    endloop
  endfacet
  facet normal -1 0 0
    outer loop
      vertex -63.05 -5.92133 5.61107
      vertex -63.05 -5.7952 8.17849
      vertex -63.05 -5.7952 5.82151
    endloop
  endfacet
  facet normal -1 0 0
    outer loop
      vertex -63.05 -5.92133 5.61107
      vertex -63.05 -5.92133 8.38893
      vertex -63.05 -5.7952 8.17849
    endloop
  endfacet
  facet normal -1 0 0
    outer loop
      vertex -63.05 -6.06747 5.41402
      vertex -63.05 -5.92133 8.38893
      vertex -63.05 -5.92133 5.61107
    endloop
  endfacet
  facet normal -1 0 0
    outer loop
      vertex -63.05 -6.06747 5.41402
      vertex -63.05 -6.06747 8.58598
      vertex -63.05 -5.92133 8.38893
    endloop
  endfacet
  facet normal -1 0 0
    outer loop
      vertex -63.05 -6.23223 5.23223
      vertex -63.05 -6.06747 8.58598
      vertex -63.05 -6.06747 5.41402
    endloop
  endfacet
  facet normal -1 0 0
    outer loop
      vertex -63.05 -6.23223 5.23223
      vertex -63.05 -6.23223 8.76777
      vertex -63.05 -6.06747 8.58598
    endloop
  endfacet
  facet normal -1 0 0
    outer loop
      vertex -63.05 -6.41402 5.06747
      vertex -63.05 -6.23223 8.76777
      vertex -63.05 -6.23223 5.23223
    endloop
  endfacet
  facet normal -1 0 0
    outer loop
      vertex -63.05 -6.41402 5.06747
      vertex -63.05 -6.41402 8.93253
      vertex -63.05 -6.23223 8.76777
    endloop
  endfacet
  facet normal -1 0 0
    outer loop
      vertex -63.05 -6.61107 4.92133
      vertex -63.05 -6.41402 8.93253
      vertex -63.05 -6.41402 5.06747
    endloop
  endfacet
  facet normal -1 0 0
    outer loop
      vertex -63.05 -6.61107 4.92133
      vertex -63.05 -6.61107 9.07867
      vertex -63.05 -6.41402 8.93253
    endloop
  endfacet
  facet normal -1 0 0
    outer loop
      vertex -63.05 -6.82151 4.7952
      vertex -63.05 -6.61107 9.07867
      vertex -63.05 -6.61107 4.92133
    endloop
  endfacet
  facet normal -1 0 0
    outer loop
      vertex -63.05 -6.82151 4.7952
      vertex -63.05 -6.82151 9.2048
      vertex -63.05 -6.61107 9.07867
    endloop
  endfacet
  facet normal -1 0 0
    outer loop
      vertex -63.05 -7.04329 4.6903
      vertex -63.05 -6.82151 9.2048
      vertex -63.05 -6.82151 4.7952
    endloop
  endfacet
  facet normal -1 0 0
    outer loop
      vertex -63.05 -7.04329 4.6903
      vertex -63.05 -7.04329 9.3097
      vertex -63.05 -6.82151 9.2048
    endloop
  endfacet
  facet normal -1 0 0
    outer loop
      vertex -63.05 -7.27429 4.60765
      vertex -63.05 -7.04329 9.3097
      vertex -63.05 -7.04329 4.6903
    endloop
  endfacet
  facet normal -1 0 0
    outer loop
      vertex -63.05 -7.27429 4.60765
      vertex -63.05 -7.27429 9.39235
      vertex -63.05 -7.04329 9.3097
    endloop
  endfacet
  facet normal -1 0 0
    outer loop
      vertex -63.05 -7.51227 4.54804
      vertex -63.05 -7.27429 9.39235
      vertex -63.05 -7.27429 4.60765
    endloop
  endfacet
  facet normal -1 0 0
    outer loop
      vertex -63.05 -7.51227 4.54804
      vertex -63.05 -7.51227 9.45196
      vertex -63.05 -7.27429 9.39235
    endloop
  endfacet
  facet normal -1 0 0
    outer loop
      vertex -63.05 -7.75496 4.51204
      vertex -63.05 -7.51227 9.45196
      vertex -63.05 -7.51227 4.54804
    endloop
  endfacet
  facet normal -1 0 0
    outer loop
      vertex -63.05 -7.75496 4.51204
      vertex -63.05 -7.75496 9.48796
      vertex -63.05 -7.51227 9.45196
    endloop
  endfacet
  facet normal -1 0 0
    outer loop
      vertex -63.05 -8 4.5
      vertex -63.05 -7.75496 9.48796
      vertex -63.05 -7.75496 4.51204
    endloop
  endfacet
  facet normal -1 0 0
    outer loop
      vertex -63.05 -8 4.5
      vertex -63.05 -8 9.5
      vertex -63.05 -7.75496 9.48796
    endloop
  endfacet
  facet normal -1 0 0
    outer loop
      vertex -63.05 -8.24504 4.51204
      vertex -63.05 -8 9.5
      vertex -63.05 -8 4.5
    endloop
  endfacet
  facet normal -1 0 0
    outer loop
      vertex -63.05 -8.24504 4.51204
      vertex -63.05 -8.24504 9.48796
      vertex -63.05 -8 9.5
    endloop
  endfacet
  facet normal -1 0 0
    outer loop
      vertex -63.05 -8.48773 4.54804
      vertex -63.05 -8.24504 9.48796
      vertex -63.05 -8.24504 4.51204
    endloop
  endfacet
  facet normal -1 0 0
    outer loop
      vertex -63.05 -8.48773 4.54804
      vertex -63.05 -8.48773 9.45196
      vertex -63.05 -8.24504 9.48796
    endloop
  endfacet
  facet normal -1 0 0
    outer loop
      vertex -63.05 -8.72571 4.60765
      vertex -63.05 -8.48773 9.45196
      vertex -63.05 -8.48773 4.54804
    endloop
  endfacet
  facet normal -1 0 0
    outer loop
      vertex -63.05 -8.72571 4.60765
      vertex -63.05 -8.72571 9.39235
      vertex -63.05 -8.48773 9.45196
    endloop
  endfacet
  facet normal -1 0 0
    outer loop
      vertex -63.05 -8.95671 4.6903
      vertex -63.05 -8.72571 9.39235
      vertex -63.05 -8.72571 4.60765
    endloop
  endfacet
  facet normal -1 0 0
    outer loop
      vertex -63.05 -8.95671 4.6903
      vertex -63.05 -8.95671 9.3097
      vertex -63.05 -8.72571 9.39235
    endloop
  endfacet
  facet normal -1 0 0
    outer loop
      vertex -63.05 -9.17849 4.7952
      vertex -63.05 -8.95671 9.3097
      vertex -63.05 -8.95671 4.6903
    endloop
  endfacet
  facet normal -1 0 0
    outer loop
      vertex -63.05 -9.17849 4.7952
      vertex -63.05 -9.17849 9.2048
      vertex -63.05 -8.95671 9.3097
    endloop
  endfacet
  facet normal -1 0 0
    outer loop
      vertex -63.05 -9.38893 4.92133
      vertex -63.05 -9.17849 9.2048
      vertex -63.05 -9.17849 4.7952
    endloop
  endfacet
  facet normal -1 0 0
    outer loop
      vertex -63.05 -9.38893 4.92133
      vertex -63.05 -9.38893 9.07867
      vertex -63.05 -9.17849 9.2048
    endloop
  endfacet
  facet normal -1 0 0
    outer loop
      vertex -63.05 -9.58598 5.06747
      vertex -63.05 -9.38893 9.07867
      vertex -63.05 -9.38893 4.92133
    endloop
  endfacet
  facet normal -1 0 0
    outer loop
      vertex -63.05 -9.58598 5.06747
      vertex -63.05 -9.58598 8.93253
      vertex -63.05 -9.38893 9.07867
    endloop
  endfacet
  facet normal -1 0 0
    outer loop
      vertex -63.05 -9.76777 5.23223
      vertex -63.05 -9.58598 8.93253
      vertex -63.05 -9.58598 5.06747
    endloop
  endfacet
  facet normal -1 0 0
    outer loop
      vertex -63.05 -9.76777 5.23223
      vertex -63.05 -9.76777 8.76777
      vertex -63.05 -9.58598 8.93253
    endloop
  endfacet
  facet normal -1 0 0
    outer loop
      vertex -63.05 -9.93253 5.41402
      vertex -63.05 -9.76777 8.76777
      vertex -63.05 -9.76777 5.23223
    endloop
  endfacet
  facet normal -1 0 0
    outer loop
      vertex -63.05 -9.93253 5.41402
      vertex -63.05 -9.93253 8.58598
      vertex -63.05 -9.76777 8.76777
    endloop
  endfacet
  facet normal -1 0 0
    outer loop
      vertex -63.05 -10.0787 5.61107
      vertex -63.05 -9.93253 8.58598
      vertex -63.05 -9.93253 5.41402
    endloop
  endfacet
  facet normal -1 0 0
    outer loop
      vertex -63.05 -10.0787 5.61107
      vertex -63.05 -10.0787 8.38893
      vertex -63.05 -9.93253 8.58598
    endloop
  endfacet
  facet normal -1 0 0
    outer loop
      vertex -63.05 -10.2048 5.82151
      vertex -63.05 -10.0787 8.38893
      vertex -63.05 -10.0787 5.61107
    endloop
  endfacet
  facet normal -1 0 0
    outer loop
      vertex -63.05 -10.2048 5.82151
      vertex -63.05 -10.2048 8.17849
      vertex -63.05 -10.0787 8.38893
    endloop
  endfacet
  facet normal -1 0 0
    outer loop
      vertex -63.05 -10.3097 6.04329
      vertex -63.05 -10.2048 8.17849
      vertex -63.05 -10.2048 5.82151
    endloop
  endfacet
  facet normal -1 0 0
    outer loop
      vertex -63.05 -10.3097 6.04329
      vertex -63.05 -10.3097 7.95671
      vertex -63.05 -10.2048 8.17849
    endloop
  endfacet
  facet normal -1 0 0
    outer loop
      vertex -63.05 -10.3924 6.27429
      vertex -63.05 -10.3097 7.95671
      vertex -63.05 -10.3097 6.04329
    endloop
  endfacet
  facet normal -1 0 0
    outer loop
      vertex -63.05 -10.3924 6.27429
      vertex -63.05 -10.3924 7.72571
      vertex -63.05 -10.3097 7.95671
    endloop
  endfacet
  facet normal -1 0 0
    outer loop
      vertex -63.05 -10.452 6.51228
      vertex -63.05 -10.3924 7.72571
      vertex -63.05 -10.3924 6.27429
    endloop
  endfacet
  facet normal -1 0 0
    outer loop
      vertex -63.05 -10.452 6.51228
      vertex -63.05 -10.452 7.48773
      vertex -63.05 -10.3924 7.72571
    endloop
  endfacet
  facet normal -1 0 0
    outer loop
      vertex -63.05 -10.488 6.75496
      vertex -63.05 -10.452 7.48773
      vertex -63.05 -10.452 6.51228
    endloop
  endfacet
  facet normal -1 0 0
    outer loop
      vertex -63.05 -10.488 6.75496
      vertex -63.05 -10.488 7.24504
      vertex -63.05 -10.452 7.48773
    endloop
  endfacet
  facet normal -1 0 -0
    outer loop
      vertex -63.05 -10.488 7.24504
      vertex -63.05 -10.488 6.75496
      vertex -63.05 -10.5 7
    endloop
  endfacet
  facet normal 0 0.740961 0.671548
    outer loop
      vertex -63.05 -9.76777 5.23223
      vertex -63.65 -9.93253 5.41402
      vertex -63.05 -9.93253 5.41402
    endloop
  endfacet
  facet normal 0 0.740961 0.671548
    outer loop
      vertex -63.65 -9.93253 5.41402
      vertex -63.05 -9.76777 5.23223
      vertex -63.65 -9.76777 5.23223
    endloop
  endfacet
  facet normal 0 -0.427575 0.90398
    outer loop
      vertex -63.65 -6.82151 4.7952
      vertex -63.05 -7.04329 4.6903
      vertex -63.05 -6.82151 4.7952
    endloop
  endfacet
  facet normal 0 -0.427575 0.90398
    outer loop
      vertex -63.05 -7.04329 4.6903
      vertex -63.65 -6.82151 4.7952
      vertex -63.65 -7.04329 4.6903
    endloop
  endfacet
  facet normal -0 0.514094 0.857734
    outer loop
      vertex -63.65 -9.17849 4.7952
      vertex -63.05 -9.38893 4.92133
      vertex -63.05 -9.17849 4.7952
    endloop
  endfacet
  facet normal 0 0.514094 0.857734
    outer loop
      vertex -63.05 -9.38893 4.92133
      vertex -63.65 -9.17849 4.7952
      vertex -63.65 -9.38893 4.92133
    endloop
  endfacet
  facet normal 0 -0.998795 -0.0490756
    outer loop
      vertex -63.65 -5.5 7
      vertex -63.05 -5.51204 7.24504
      vertex -63.65 -5.51204 7.24504
    endloop
  endfacet
  facet normal 0 -0.998795 -0.0490756
    outer loop
      vertex -63.05 -5.51204 7.24504
      vertex -63.65 -5.5 7
      vertex -63.05 -5.5 7
    endloop
  endfacet
  facet normal 0 -0.989175 0.146738
    outer loop
      vertex -63.65 -5.54804 6.51228
      vertex -63.05 -5.51204 6.75496
      vertex -63.65 -5.51204 6.75496
    endloop
  endfacet
  facet normal 0 -0.989175 0.146738
    outer loop
      vertex -63.05 -5.51204 6.75496
      vertex -63.65 -5.54804 6.51228
      vertex -63.05 -5.54804 6.51228
    endloop
  endfacet
  facet normal 0 0.90398 0.427575
    outer loop
      vertex -63.05 -10.2048 5.82151
      vertex -63.65 -10.3097 6.04329
      vertex -63.05 -10.3097 6.04329
    endloop
  endfacet
  facet normal 0 0.90398 0.427575
    outer loop
      vertex -63.65 -10.3097 6.04329
      vertex -63.05 -10.2048 5.82151
      vertex -63.65 -10.2048 5.82151
    endloop
  endfacet
  facet normal 0 -0.740961 0.671548
    outer loop
      vertex -63.65 -6.23223 5.23223
      vertex -63.05 -6.06747 5.41402
      vertex -63.65 -6.06747 5.41402
    endloop
  endfacet
  facet normal 0 -0.740961 0.671548
    outer loop
      vertex -63.05 -6.06747 5.41402
      vertex -63.65 -6.23223 5.23223
      vertex -63.05 -6.23223 5.23223
    endloop
  endfacet
  facet normal 0 -0.671548 0.740961
    outer loop
      vertex -63.65 -6.23223 5.23223
      vertex -63.05 -6.41402 5.06747
      vertex -63.05 -6.23223 5.23223
    endloop
  endfacet
  facet normal 0 -0.671548 0.740961
    outer loop
      vertex -63.05 -6.41402 5.06747
      vertex -63.65 -6.23223 5.23223
      vertex -63.65 -6.41402 5.06747
    endloop
  endfacet
  facet normal 0 -0.671548 -0.740961
    outer loop
      vertex -63.65 -6.41402 8.93253
      vertex -63.05 -6.23223 8.76777
      vertex -63.05 -6.41402 8.93253
    endloop
  endfacet
  facet normal -0 -0.671548 -0.740961
    outer loop
      vertex -63.05 -6.23223 8.76777
      vertex -63.65 -6.41402 8.93253
      vertex -63.65 -6.23223 8.76777
    endloop
  endfacet
  facet normal -0 0.336879 0.941548
    outer loop
      vertex -63.65 -8.72571 4.60765
      vertex -63.05 -8.95671 4.6903
      vertex -63.05 -8.72571 4.60765
    endloop
  endfacet
  facet normal 0 0.336879 0.941548
    outer loop
      vertex -63.05 -8.95671 4.6903
      vertex -63.65 -8.72571 4.60765
      vertex -63.65 -8.95671 4.6903
    endloop
  endfacet
  facet normal 0 0.740961 -0.671548
    outer loop
      vertex -63.05 -9.93253 8.58598
      vertex -63.65 -9.76777 8.76777
      vertex -63.05 -9.76777 8.76777
    endloop
  endfacet
  facet normal 0 0.740961 -0.671548
    outer loop
      vertex -63.65 -9.76777 8.76777
      vertex -63.05 -9.93253 8.58598
      vertex -63.65 -9.93253 8.58598
    endloop
  endfacet
  facet normal 0 -0.242977 0.970032
    outer loop
      vertex -63.65 -7.27429 4.60765
      vertex -63.05 -7.51227 4.54804
      vertex -63.05 -7.27429 4.60765
    endloop
  endfacet
  facet normal 0 -0.242977 0.970032
    outer loop
      vertex -63.05 -7.51227 4.54804
      vertex -63.65 -7.27429 4.60765
      vertex -63.65 -7.51227 4.54804
    endloop
  endfacet
  facet normal 0 -0.90398 -0.427575
    outer loop
      vertex -63.65 -5.6903 7.95671
      vertex -63.05 -5.7952 8.17849
      vertex -63.65 -5.7952 8.17849
    endloop
  endfacet
  facet normal 0 -0.90398 -0.427575
    outer loop
      vertex -63.05 -5.7952 8.17849
      vertex -63.65 -5.6903 7.95671
      vertex -63.05 -5.6903 7.95671
    endloop
  endfacet
  facet normal 0 -0.857734 -0.514094
    outer loop
      vertex -63.65 -5.7952 8.17849
      vertex -63.05 -5.92133 8.38893
      vertex -63.65 -5.92133 8.38893
    endloop
  endfacet
  facet normal 0 -0.857734 -0.514094
    outer loop
      vertex -63.05 -5.92133 8.38893
      vertex -63.65 -5.7952 8.17849
      vertex -63.05 -5.7952 8.17849
    endloop
  endfacet
  facet normal 0 -0.595693 0.803212
    outer loop
      vertex -63.65 -6.41402 5.06747
      vertex -63.05 -6.61107 4.92133
      vertex -63.05 -6.41402 5.06747
    endloop
  endfacet
  facet normal 0 -0.595693 0.803212
    outer loop
      vertex -63.05 -6.61107 4.92133
      vertex -63.65 -6.41402 5.06747
      vertex -63.65 -6.61107 4.92133
    endloop
  endfacet
  facet normal 0 0.857788 0.514004
    outer loop
      vertex -63.05 -10.0787 5.61107
      vertex -63.65 -10.2048 5.82151
      vertex -63.05 -10.2048 5.82151
    endloop
  endfacet
  facet normal 0 0.857788 0.514004
    outer loop
      vertex -63.65 -10.2048 5.82151
      vertex -63.05 -10.0787 5.61107
      vertex -63.65 -10.0787 5.61107
    endloop
  endfacet
  facet normal -0 0.427575 0.90398
    outer loop
      vertex -63.65 -8.95671 4.6903
      vertex -63.05 -9.17849 4.7952
      vertex -63.05 -8.95671 4.6903
    endloop
  endfacet
  facet normal 0 0.427575 0.90398
    outer loop
      vertex -63.05 -9.17849 4.7952
      vertex -63.65 -8.95671 4.6903
      vertex -63.65 -9.17849 4.7952
    endloop
  endfacet
  facet normal 0 -0.857734 0.514094
    outer loop
      vertex -63.65 -5.92133 5.61107
      vertex -63.05 -5.7952 5.82151
      vertex -63.65 -5.7952 5.82151
    endloop
  endfacet
  facet normal 0 -0.857734 0.514094
    outer loop
      vertex -63.05 -5.7952 5.82151
      vertex -63.65 -5.92133 5.61107
      vertex -63.05 -5.92133 5.61107
    endloop
  endfacet
  facet normal 0 0.146732 -0.989176
    outer loop
      vertex 23.45 7.51227 9.45196
      vertex 24.05 7.75496 9.48796
      vertex 24.05 7.51227 9.45196
    endloop
  endfacet
  facet normal 0 0.146732 -0.989176
    outer loop
      vertex 24.05 7.75496 9.48796
      vertex 23.45 7.51227 9.45196
      vertex 23.45 7.75496 9.48796
    endloop
  endfacet
  facet normal 0 -0.595693 -0.803212
    outer loop
      vertex 23.45 9.38893 9.07867
      vertex 24.05 9.58598 8.93253
      vertex 24.05 9.38893 9.07867
    endloop
  endfacet
  facet normal -0 -0.595693 -0.803212
    outer loop
      vertex 24.05 9.58598 8.93253
      vertex 23.45 9.38893 9.07867
      vertex 23.45 9.58598 8.93253
    endloop
  endfacet
  facet normal 0 -0.242977 0.970032
    outer loop
      vertex 23.45 8.72571 4.60765
      vertex 24.05 8.48773 4.54804
      vertex 24.05 8.72571 4.60765
    endloop
  endfacet
  facet normal 0 -0.242977 0.970032
    outer loop
      vertex 24.05 8.48773 4.54804
      vertex 23.45 8.72571 4.60765
      vertex 23.45 8.48773 4.54804
    endloop
  endfacet
  facet normal 0 -0.998803 0.048913
    outer loop
      vertex 23.45 10.488 6.75496
      vertex 24.05 10.5 7
      vertex 23.45 10.5 7
    endloop
  endfacet
  facet normal 0 -0.998803 0.048913
    outer loop
      vertex 24.05 10.5 7
      vertex 23.45 10.488 6.75496
      vertex 24.05 10.488 6.75496
    endloop
  endfacet
  facet normal 0 -0.941483 0.337059
    outer loop
      vertex 23.45 10.3097 6.04329
      vertex 24.05 10.3924 6.27429
      vertex 23.45 10.3924 6.27429
    endloop
  endfacet
  facet normal 0 -0.941483 0.337059
    outer loop
      vertex 24.05 10.3924 6.27429
      vertex 23.45 10.3097 6.04329
      vertex 24.05 10.3097 6.04329
    endloop
  endfacet
  facet normal 0 0.970035 0.242967
    outer loop
      vertex 24.05 5.60765 6.27429
      vertex 23.45 5.54804 6.51228
      vertex 24.05 5.54804 6.51228
    endloop
  endfacet
  facet normal 0 0.970035 0.242967
    outer loop
      vertex 23.45 5.54804 6.51228
      vertex 24.05 5.60765 6.27429
      vertex 23.45 5.60765 6.27429
    endloop
  endfacet
  facet normal 0 0.90398 0.427575
    outer loop
      vertex 24.05 5.7952 5.82151
      vertex 23.45 5.6903 6.04329
      vertex 24.05 5.6903 6.04329
    endloop
  endfacet
  facet normal 0 0.90398 0.427575
    outer loop
      vertex 23.45 5.6903 6.04329
      vertex 24.05 5.7952 5.82151
      vertex 23.45 5.7952 5.82151
    endloop
  endfacet
  facet normal 0 -0.857788 -0.514004
    outer loop
      vertex 23.45 10.2048 8.17849
      vertex 24.05 10.0787 8.38893
      vertex 23.45 10.0787 8.38893
    endloop
  endfacet
  facet normal 0 -0.857788 -0.514004
    outer loop
      vertex 24.05 10.0787 8.38893
      vertex 23.45 10.2048 8.17849
      vertex 24.05 10.2048 8.17849
    endloop
  endfacet
  facet normal 0 0.989175 0.146738
    outer loop
      vertex 24.05 5.54804 6.51228
      vertex 23.45 5.51204 6.75496
      vertex 24.05 5.51204 6.75496
    endloop
  endfacet
  facet normal 0 0.989175 0.146738
    outer loop
      vertex 23.45 5.51204 6.75496
      vertex 24.05 5.54804 6.51228
      vertex 23.45 5.54804 6.51228
    endloop
  endfacet
  facet normal -0 0.427575 0.90398
    outer loop
      vertex 23.45 7.04329 4.6903
      vertex 24.05 6.82151 4.7952
      vertex 24.05 7.04329 4.6903
    endloop
  endfacet
  facet normal 0 0.427575 0.90398
    outer loop
      vertex 24.05 6.82151 4.7952
      vertex 23.45 7.04329 4.6903
      vertex 23.45 6.82151 4.7952
    endloop
  endfacet
  facet normal -0 0.336879 0.941548
    outer loop
      vertex 23.45 7.27429 4.60765
      vertex 24.05 7.04329 4.6903
      vertex 24.05 7.27429 4.60765
    endloop
  endfacet
  facet normal 0 0.336879 0.941548
    outer loop
      vertex 24.05 7.04329 4.6903
      vertex 23.45 7.27429 4.60765
      vertex 23.45 7.04329 4.6903
    endloop
  endfacet
  facet normal 0 -0.90398 0.427575
    outer loop
      vertex 23.45 10.2048 5.82151
      vertex 24.05 10.3097 6.04329
      vertex 23.45 10.3097 6.04329
    endloop
  endfacet
  facet normal 0 -0.90398 0.427575
    outer loop
      vertex 24.05 10.3097 6.04329
      vertex 23.45 10.2048 5.82151
      vertex 24.05 10.2048 5.82151
    endloop
  endfacet
  facet normal 0 0.941548 -0.336879
    outer loop
      vertex 24.05 5.60765 7.72571
      vertex 23.45 5.6903 7.95671
      vertex 24.05 5.6903 7.95671
    endloop
  endfacet
  facet normal 0 0.941548 -0.336879
    outer loop
      vertex 23.45 5.6903 7.95671
      vertex 24.05 5.60765 7.72571
      vertex 23.45 5.60765 7.72571
    endloop
  endfacet
  facet normal 0 -0.595693 0.803212
    outer loop
      vertex 23.45 9.58598 5.06747
      vertex 24.05 9.38893 4.92133
      vertex 24.05 9.58598 5.06747
    endloop
  endfacet
  facet normal 0 -0.595693 0.803212
    outer loop
      vertex 24.05 9.38893 4.92133
      vertex 23.45 9.58598 5.06747
      vertex 23.45 9.38893 4.92133
    endloop
  endfacet
  facet normal 0 0.857734 0.514094
    outer loop
      vertex 24.05 5.92133 5.61107
      vertex 23.45 5.7952 5.82151
      vertex 24.05 5.7952 5.82151
    endloop
  endfacet
  facet normal 0 0.857734 0.514094
    outer loop
      vertex 23.45 5.7952 5.82151
      vertex 24.05 5.92133 5.61107
      vertex 23.45 5.92133 5.61107
    endloop
  endfacet
  facet normal -0 0.242977 0.970032
    outer loop
      vertex 23.45 7.51227 4.54804
      vertex 24.05 7.27429 4.60765
      vertex 24.05 7.51227 4.54804
    endloop
  endfacet
  facet normal 0 0.242977 0.970032
    outer loop
      vertex 24.05 7.27429 4.60765
      vertex 23.45 7.51227 4.54804
      vertex 23.45 7.27429 4.60765
    endloop
  endfacet
  facet normal 0 0.0490756 -0.998795
    outer loop
      vertex 23.45 7.75496 9.48796
      vertex 24.05 8 9.5
      vertex 24.05 7.75496 9.48796
    endloop
  endfacet
  facet normal 0 0.0490756 -0.998795
    outer loop
      vertex 24.05 8 9.5
      vertex 23.45 7.75496 9.48796
      vertex 23.45 8 9.5
    endloop
  endfacet
  facet normal 0 -0.336879 0.941548
    outer loop
      vertex 23.45 8.95671 4.6903
      vertex 24.05 8.72571 4.60765
      vertex 24.05 8.95671 4.6903
    endloop
  endfacet
  facet normal 0 -0.336879 0.941548
    outer loop
      vertex 24.05 8.72571 4.60765
      vertex 23.45 8.95671 4.6903
      vertex 23.45 8.72571 4.60765
    endloop
  endfacet
  facet normal 0 0.740961 -0.671548
    outer loop
      vertex 24.05 6.06747 8.58598
      vertex 23.45 6.23223 8.76777
      vertex 24.05 6.23223 8.76777
    endloop
  endfacet
  facet normal 0 0.740961 -0.671548
    outer loop
      vertex 23.45 6.23223 8.76777
      vertex 24.05 6.06747 8.58598
      vertex 23.45 6.06747 8.58598
    endloop
  endfacet
  facet normal 0 -0.146732 0.989176
    outer loop
      vertex 23.45 8.48773 4.54804
      vertex 24.05 8.24504 4.51204
      vertex 24.05 8.48773 4.54804
    endloop
  endfacet
  facet normal 0 -0.146732 0.989176
    outer loop
      vertex 24.05 8.24504 4.51204
      vertex 23.45 8.48773 4.54804
      vertex 23.45 8.24504 4.51204
    endloop
  endfacet
  facet normal 0 0.857734 -0.514094
    outer loop
      vertex 24.05 5.7952 8.17849
      vertex 23.45 5.92133 8.38893
      vertex 24.05 5.92133 8.38893
    endloop
  endfacet
  facet normal 0 0.857734 -0.514094
    outer loop
      vertex 23.45 5.92133 8.38893
      vertex 24.05 5.7952 8.17849
      vertex 23.45 5.7952 8.17849
    endloop
  endfacet
  facet normal 0 -0.0490756 -0.998795
    outer loop
      vertex 23.45 8 9.5
      vertex 24.05 8.24504 9.48796
      vertex 24.05 8 9.5
    endloop
  endfacet
  facet normal -0 -0.0490756 -0.998795
    outer loop
      vertex 24.05 8.24504 9.48796
      vertex 23.45 8 9.5
      vertex 23.45 8.24504 9.48796
    endloop
  endfacet
  facet normal 0 -0.803153 -0.595772
    outer loop
      vertex 23.45 10.0787 8.38893
      vertex 24.05 9.93253 8.58598
      vertex 23.45 9.93253 8.58598
    endloop
  endfacet
  facet normal 0 -0.803153 -0.595772
    outer loop
      vertex 24.05 9.93253 8.58598
      vertex 23.45 10.0787 8.38893
      vertex 24.05 10.0787 8.38893
    endloop
  endfacet
  facet normal 0 0.242977 -0.970032
    outer loop
      vertex 23.45 7.27429 9.39235
      vertex 24.05 7.51227 9.45196
      vertex 24.05 7.27429 9.39235
    endloop
  endfacet
  facet normal 0 0.242977 -0.970032
    outer loop
      vertex 24.05 7.51227 9.45196
      vertex 23.45 7.27429 9.39235
      vertex 23.45 7.51227 9.45196
    endloop
  endfacet
  facet normal 0 -0.671548 0.740961
    outer loop
      vertex 23.45 9.76777 5.23223
      vertex 24.05 9.58598 5.06747
      vertex 24.05 9.76777 5.23223
    endloop
  endfacet
  facet normal 0 -0.671548 0.740961
    outer loop
      vertex 24.05 9.58598 5.06747
      vertex 23.45 9.76777 5.23223
      vertex 23.45 9.58598 5.06747
    endloop
  endfacet
  facet normal 0 0.671548 -0.740961
    outer loop
      vertex 23.45 6.23223 8.76777
      vertex 24.05 6.41402 8.93253
      vertex 24.05 6.23223 8.76777
    endloop
  endfacet
  facet normal 0 0.671548 -0.740961
    outer loop
      vertex 24.05 6.41402 8.93253
      vertex 23.45 6.23223 8.76777
      vertex 23.45 6.41402 8.93253
    endloop
  endfacet
  facet normal 0 0.90398 -0.427575
    outer loop
      vertex 24.05 5.6903 7.95671
      vertex 23.45 5.7952 8.17849
      vertex 24.05 5.7952 8.17849
    endloop
  endfacet
  facet normal 0 0.90398 -0.427575
    outer loop
      vertex 23.45 5.7952 8.17849
      vertex 24.05 5.6903 7.95671
      vertex 23.45 5.6903 7.95671
    endloop
  endfacet
  facet normal 0 0.740961 0.671548
    outer loop
      vertex 24.05 6.23223 5.23223
      vertex 23.45 6.06747 5.41402
      vertex 24.05 6.06747 5.41402
    endloop
  endfacet
  facet normal 0 0.740961 0.671548
    outer loop
      vertex 23.45 6.06747 5.41402
      vertex 24.05 6.23223 5.23223
      vertex 23.45 6.23223 5.23223
    endloop
  endfacet
  facet normal -0 0.0490756 0.998795
    outer loop
      vertex 23.45 8 4.5
      vertex 24.05 7.75496 4.51204
      vertex 24.05 8 4.5
    endloop
  endfacet
  facet normal 0 0.0490756 0.998795
    outer loop
      vertex 24.05 7.75496 4.51204
      vertex 23.45 8 4.5
      vertex 23.45 7.75496 4.51204
    endloop
  endfacet
  facet normal 0 -0.427575 -0.90398
    outer loop
      vertex 23.45 8.95671 9.3097
      vertex 24.05 9.17849 9.2048
      vertex 24.05 8.95671 9.3097
    endloop
  endfacet
  facet normal -0 -0.427575 -0.90398
    outer loop
      vertex 24.05 9.17849 9.2048
      vertex 23.45 8.95671 9.3097
      vertex 23.45 9.17849 9.2048
    endloop
  endfacet
  facet normal 0 0.336879 -0.941548
    outer loop
      vertex 23.45 7.04329 9.3097
      vertex 24.05 7.27429 9.39235
      vertex 24.05 7.04329 9.3097
    endloop
  endfacet
  facet normal 0 0.336879 -0.941548
    outer loop
      vertex 24.05 7.27429 9.39235
      vertex 23.45 7.04329 9.3097
      vertex 23.45 7.27429 9.39235
    endloop
  endfacet
  facet normal 0 -0.941483 -0.337059
    outer loop
      vertex 23.45 10.3924 7.72571
      vertex 24.05 10.3097 7.95671
      vertex 23.45 10.3097 7.95671
    endloop
  endfacet
  facet normal 0 -0.941483 -0.337059
    outer loop
      vertex 24.05 10.3097 7.95671
      vertex 23.45 10.3924 7.72571
      vertex 24.05 10.3924 7.72571
    endloop
  endfacet
  facet normal 0 0.803212 -0.595693
    outer loop
      vertex 24.05 5.92133 8.38893
      vertex 23.45 6.06747 8.58598
      vertex 24.05 6.06747 8.58598
    endloop
  endfacet
  facet normal 0 0.803212 -0.595693
    outer loop
      vertex 23.45 6.06747 8.58598
      vertex 24.05 5.92133 8.38893
      vertex 23.45 5.92133 8.38893
    endloop
  endfacet
  facet normal 0 -0.970042 -0.242938
    outer loop
      vertex 23.45 10.452 7.48773
      vertex 24.05 10.3924 7.72571
      vertex 23.45 10.3924 7.72571
    endloop
  endfacet
  facet normal 0 -0.970042 -0.242938
    outer loop
      vertex 24.05 10.3924 7.72571
      vertex 23.45 10.452 7.48773
      vertex 24.05 10.452 7.48773
    endloop
  endfacet
  facet normal 0 -0.989176 -0.146732
    outer loop
      vertex 23.45 10.488 7.24504
      vertex 24.05 10.452 7.48773
      vertex 23.45 10.452 7.48773
    endloop
  endfacet
  facet normal 0 -0.989176 -0.146732
    outer loop
      vertex 24.05 10.452 7.48773
      vertex 23.45 10.488 7.24504
      vertex 24.05 10.488 7.24504
    endloop
  endfacet
  facet normal 0 -0.998803 -0.048913
    outer loop
      vertex 23.45 10.5 7
      vertex 24.05 10.488 7.24504
      vertex 23.45 10.488 7.24504
    endloop
  endfacet
  facet normal 0 -0.998803 -0.048913
    outer loop
      vertex 24.05 10.488 7.24504
      vertex 23.45 10.5 7
      vertex 24.05 10.5 7
    endloop
  endfacet
  facet normal 0 0.941548 0.336879
    outer loop
      vertex 24.05 5.6903 6.04329
      vertex 23.45 5.60765 6.27429
      vertex 24.05 5.60765 6.27429
    endloop
  endfacet
  facet normal 0 0.941548 0.336879
    outer loop
      vertex 23.45 5.60765 6.27429
      vertex 24.05 5.6903 6.04329
      vertex 23.45 5.6903 6.04329
    endloop
  endfacet
  facet normal 0 0.427575 -0.90398
    outer loop
      vertex 23.45 6.82151 9.2048
      vertex 24.05 7.04329 9.3097
      vertex 24.05 6.82151 9.2048
    endloop
  endfacet
  facet normal 0 0.427575 -0.90398
    outer loop
      vertex 24.05 7.04329 9.3097
      vertex 23.45 6.82151 9.2048
      vertex 23.45 7.04329 9.3097
    endloop
  endfacet
  facet normal 0 -0.146732 -0.989176
    outer loop
      vertex 23.45 8.24504 9.48796
      vertex 24.05 8.48773 9.45196
      vertex 24.05 8.24504 9.48796
    endloop
  endfacet
  facet normal -0 -0.146732 -0.989176
    outer loop
      vertex 24.05 8.48773 9.45196
      vertex 23.45 8.24504 9.48796
      vertex 23.45 8.48773 9.45196
    endloop
  endfacet
  facet normal 0 0.998795 -0.0490756
    outer loop
      vertex 24.05 5.5 7
      vertex 23.45 5.51204 7.24504
      vertex 24.05 5.51204 7.24504
    endloop
  endfacet
  facet normal 0 0.998795 -0.0490756
    outer loop
      vertex 23.45 5.51204 7.24504
      vertex 24.05 5.5 7
      vertex 23.45 5.5 7
    endloop
  endfacet
  facet normal 0 -0.671548 -0.740961
    outer loop
      vertex 23.45 9.58598 8.93253
      vertex 24.05 9.76777 8.76777
      vertex 24.05 9.58598 8.93253
    endloop
  endfacet
  facet normal -0 -0.671548 -0.740961
    outer loop
      vertex 24.05 9.76777 8.76777
      vertex 23.45 9.58598 8.93253
      vertex 23.45 9.76777 8.76777
    endloop
  endfacet
  facet normal -0 0.514094 0.857734
    outer loop
      vertex 23.45 6.82151 4.7952
      vertex 24.05 6.61107 4.92133
      vertex 24.05 6.82151 4.7952
    endloop
  endfacet
  facet normal 0 0.514094 0.857734
    outer loop
      vertex 24.05 6.61107 4.92133
      vertex 23.45 6.82151 4.7952
      vertex 23.45 6.61107 4.92133
    endloop
  endfacet
  facet normal 0 0.514094 -0.857734
    outer loop
      vertex 23.45 6.61107 9.07867
      vertex 24.05 6.82151 9.2048
      vertex 24.05 6.61107 9.07867
    endloop
  endfacet
  facet normal 0 0.514094 -0.857734
    outer loop
      vertex 24.05 6.82151 9.2048
      vertex 23.45 6.61107 9.07867
      vertex 23.45 6.82151 9.2048
    endloop
  endfacet
  facet normal 0 0.989176 -0.146732
    outer loop
      vertex 24.05 5.51204 7.24504
      vertex 23.45 5.54804 7.48773
      vertex 24.05 5.54804 7.48773
    endloop
  endfacet
  facet normal 0 0.989176 -0.146732
    outer loop
      vertex 23.45 5.54804 7.48773
      vertex 24.05 5.51204 7.24504
      vertex 23.45 5.51204 7.24504
    endloop
  endfacet
  facet normal 0 0.998795 0.0490756
    outer loop
      vertex 24.05 5.51204 6.75496
      vertex 23.45 5.5 7
      vertex 24.05 5.5 7
    endloop
  endfacet
  facet normal 0 0.998795 0.0490756
    outer loop
      vertex 23.45 5.5 7
      vertex 24.05 5.51204 6.75496
      vertex 23.45 5.51204 6.75496
    endloop
  endfacet
  facet normal -0 0.595693 0.803212
    outer loop
      vertex 23.45 6.61107 4.92133
      vertex 24.05 6.41402 5.06747
      vertex 24.05 6.61107 4.92133
    endloop
  endfacet
  facet normal 0 0.595693 0.803212
    outer loop
      vertex 24.05 6.41402 5.06747
      vertex 23.45 6.61107 4.92133
      vertex 23.45 6.41402 5.06747
    endloop
  endfacet
  facet normal 0 -0.857788 0.514004
    outer loop
      vertex 23.45 10.0787 5.61107
      vertex 24.05 10.2048 5.82151
      vertex 23.45 10.2048 5.82151
    endloop
  endfacet
  facet normal 0 -0.857788 0.514004
    outer loop
      vertex 24.05 10.2048 5.82151
      vertex 23.45 10.0787 5.61107
      vertex 24.05 10.0787 5.61107
    endloop
  endfacet
  facet normal 0 0.595693 -0.803212
    outer loop
      vertex 23.45 6.41402 8.93253
      vertex 24.05 6.61107 9.07867
      vertex 24.05 6.41402 8.93253
    endloop
  endfacet
  facet normal 0 0.595693 -0.803212
    outer loop
      vertex 24.05 6.61107 9.07867
      vertex 23.45 6.41402 8.93253
      vertex 23.45 6.61107 9.07867
    endloop
  endfacet
  facet normal 0 -0.970044 0.242929
    outer loop
      vertex 23.45 10.3924 6.27429
      vertex 24.05 10.452 6.51228
      vertex 23.45 10.452 6.51228
    endloop
  endfacet
  facet normal 0 -0.970044 0.242929
    outer loop
      vertex 24.05 10.452 6.51228
      vertex 23.45 10.3924 6.27429
      vertex 24.05 10.3924 6.27429
    endloop
  endfacet
  facet normal 0 0.803212 0.595693
    outer loop
      vertex 24.05 6.06747 5.41402
      vertex 23.45 5.92133 5.61107
      vertex 24.05 5.92133 5.61107
    endloop
  endfacet
  facet normal 0 0.803212 0.595693
    outer loop
      vertex 23.45 5.92133 5.61107
      vertex 24.05 6.06747 5.41402
      vertex 23.45 6.06747 5.41402
    endloop
  endfacet
  facet normal 0 -0.740961 0.671548
    outer loop
      vertex 23.45 9.76777 5.23223
      vertex 24.05 9.93253 5.41402
      vertex 23.45 9.93253 5.41402
    endloop
  endfacet
  facet normal 0 -0.740961 0.671548
    outer loop
      vertex 24.05 9.93253 5.41402
      vertex 23.45 9.76777 5.23223
      vertex 24.05 9.76777 5.23223
    endloop
  endfacet
  facet normal 0 -0.0490756 0.998795
    outer loop
      vertex 23.45 8.24504 4.51204
      vertex 24.05 8 4.5
      vertex 24.05 8.24504 4.51204
    endloop
  endfacet
  facet normal 0 -0.0490756 0.998795
    outer loop
      vertex 24.05 8 4.5
      vertex 23.45 8.24504 4.51204
      vertex 23.45 8 4.5
    endloop
  endfacet
  facet normal 0 -0.989175 0.146738
    outer loop
      vertex 23.45 10.452 6.51228
      vertex 24.05 10.488 6.75496
      vertex 23.45 10.488 6.75496
    endloop
  endfacet
  facet normal 0 -0.989175 0.146738
    outer loop
      vertex 24.05 10.488 6.75496
      vertex 23.45 10.452 6.51228
      vertex 24.05 10.452 6.51228
    endloop
  endfacet
  facet normal 0 -0.427575 0.90398
    outer loop
      vertex 23.45 9.17849 4.7952
      vertex 24.05 8.95671 4.6903
      vertex 24.05 9.17849 4.7952
    endloop
  endfacet
  facet normal 0 -0.427575 0.90398
    outer loop
      vertex 24.05 8.95671 4.6903
      vertex 23.45 9.17849 4.7952
      vertex 23.45 8.95671 4.6903
    endloop
  endfacet
  facet normal 0 -0.90398 -0.427575
    outer loop
      vertex 23.45 10.3097 7.95671
      vertex 24.05 10.2048 8.17849
      vertex 23.45 10.2048 8.17849
    endloop
  endfacet
  facet normal 0 -0.90398 -0.427575
    outer loop
      vertex 24.05 10.2048 8.17849
      vertex 23.45 10.3097 7.95671
      vertex 24.05 10.3097 7.95671
    endloop
  endfacet
  facet normal 0 -0.514094 0.857734
    outer loop
      vertex 23.45 9.38893 4.92133
      vertex 24.05 9.17849 4.7952
      vertex 24.05 9.38893 4.92133
    endloop
  endfacet
  facet normal 0 -0.514094 0.857734
    outer loop
      vertex 24.05 9.17849 4.7952
      vertex 23.45 9.38893 4.92133
      vertex 23.45 9.17849 4.7952
    endloop
  endfacet
  facet normal 0 -0.514094 -0.857734
    outer loop
      vertex 23.45 9.17849 9.2048
      vertex 24.05 9.38893 9.07867
      vertex 24.05 9.17849 9.2048
    endloop
  endfacet
  facet normal -0 -0.514094 -0.857734
    outer loop
      vertex 24.05 9.38893 9.07867
      vertex 23.45 9.17849 9.2048
      vertex 23.45 9.38893 9.07867
    endloop
  endfacet
  facet normal -0 0.146732 0.989176
    outer loop
      vertex 23.45 7.75496 4.51204
      vertex 24.05 7.51227 4.54804
      vertex 24.05 7.75496 4.51204
    endloop
  endfacet
  facet normal 0 0.146732 0.989176
    outer loop
      vertex 24.05 7.51227 4.54804
      vertex 23.45 7.75496 4.51204
      vertex 23.45 7.51227 4.54804
    endloop
  endfacet
  facet normal 0 0.970032 -0.242977
    outer loop
      vertex 24.05 5.54804 7.48773
      vertex 23.45 5.60765 7.72571
      vertex 24.05 5.60765 7.72571
    endloop
  endfacet
  facet normal 0 0.970032 -0.242977
    outer loop
      vertex 23.45 5.60765 7.72571
      vertex 24.05 5.54804 7.48773
      vertex 23.45 5.54804 7.48773
    endloop
  endfacet
  facet normal 0 -0.803153 0.595772
    outer loop
      vertex 23.45 9.93253 5.41402
      vertex 24.05 10.0787 5.61107
      vertex 23.45 10.0787 5.61107
    endloop
  endfacet
  facet normal 0 -0.803153 0.595772
    outer loop
      vertex 24.05 10.0787 5.61107
      vertex 23.45 9.93253 5.41402
      vertex 24.05 9.93253 5.41402
    endloop
  endfacet
  facet normal 0 -0.336879 -0.941548
    outer loop
      vertex 23.45 8.72571 9.39235
      vertex 24.05 8.95671 9.3097
      vertex 24.05 8.72571 9.39235
    endloop
  endfacet
  facet normal -0 -0.336879 -0.941548
    outer loop
      vertex 24.05 8.95671 9.3097
      vertex 23.45 8.72571 9.39235
      vertex 23.45 8.95671 9.3097
    endloop
  endfacet
  facet normal 0 -0.242977 -0.970032
    outer loop
      vertex 23.45 8.48773 9.45196
      vertex 24.05 8.72571 9.39235
      vertex 24.05 8.48773 9.45196
    endloop
  endfacet
  facet normal -0 -0.242977 -0.970032
    outer loop
      vertex 24.05 8.72571 9.39235
      vertex 23.45 8.48773 9.45196
      vertex 23.45 8.72571 9.39235
    endloop
  endfacet
  facet normal 0 -0.740961 -0.671548
    outer loop
      vertex 23.45 9.93253 8.58598
      vertex 24.05 9.76777 8.76777
      vertex 23.45 9.76777 8.76777
    endloop
  endfacet
  facet normal 0 -0.740961 -0.671548
    outer loop
      vertex 24.05 9.76777 8.76777
      vertex 23.45 9.93253 8.58598
      vertex 24.05 9.93253 8.58598
    endloop
  endfacet
  facet normal -0 0.671548 0.740961
    outer loop
      vertex 23.45 6.41402 5.06747
      vertex 24.05 6.23223 5.23223
      vertex 24.05 6.41402 5.06747
    endloop
  endfacet
  facet normal 0 0.671548 0.740961
    outer loop
      vertex 24.05 6.23223 5.23223
      vertex 23.45 6.41402 5.06747
      vertex 23.45 6.23223 5.23223
    endloop
  endfacet
  facet normal 1 0 0
    outer loop
      vertex 23.45 10.488 7.24504
      vertex 23.45 10.488 6.75496
      vertex 23.45 10.5 7
    endloop
  endfacet
  facet normal 1 0 0
    outer loop
      vertex 23.45 10.452 7.48773
      vertex 23.45 10.488 6.75496
      vertex 23.45 10.488 7.24504
    endloop
  endfacet
  facet normal 1 0 0
    outer loop
      vertex 23.45 10.452 7.48773
      vertex 23.45 10.452 6.51228
      vertex 23.45 10.488 6.75496
    endloop
  endfacet
  facet normal 1 0 0
    outer loop
      vertex 23.45 10.3924 7.72571
      vertex 23.45 10.452 6.51228
      vertex 23.45 10.452 7.48773
    endloop
  endfacet
  facet normal 1 0 0
    outer loop
      vertex 23.45 10.3924 7.72571
      vertex 23.45 10.3924 6.27429
      vertex 23.45 10.452 6.51228
    endloop
  endfacet
  facet normal 1 0 0
    outer loop
      vertex 23.45 10.3097 7.95671
      vertex 23.45 10.3924 6.27429
      vertex 23.45 10.3924 7.72571
    endloop
  endfacet
  facet normal 1 0 0
    outer loop
      vertex 23.45 10.3097 7.95671
      vertex 23.45 10.3097 6.04329
      vertex 23.45 10.3924 6.27429
    endloop
  endfacet
  facet normal 1 0 0
    outer loop
      vertex 23.45 10.2048 8.17849
      vertex 23.45 10.3097 6.04329
      vertex 23.45 10.3097 7.95671
    endloop
  endfacet
  facet normal 1 0 0
    outer loop
      vertex 23.45 10.2048 8.17849
      vertex 23.45 10.2048 5.82151
      vertex 23.45 10.3097 6.04329
    endloop
  endfacet
  facet normal 1 0 0
    outer loop
      vertex 23.45 10.0787 8.38893
      vertex 23.45 10.2048 5.82151
      vertex 23.45 10.2048 8.17849
    endloop
  endfacet
  facet normal 1 0 0
    outer loop
      vertex 23.45 10.0787 8.38893
      vertex 23.45 10.0787 5.61107
      vertex 23.45 10.2048 5.82151
    endloop
  endfacet
  facet normal 1 0 0
    outer loop
      vertex 23.45 9.93253 8.58598
      vertex 23.45 10.0787 5.61107
      vertex 23.45 10.0787 8.38893
    endloop
  endfacet
  facet normal 1 0 0
    outer loop
      vertex 23.45 9.93253 8.58598
      vertex 23.45 9.93253 5.41402
      vertex 23.45 10.0787 5.61107
    endloop
  endfacet
  facet normal 1 0 0
    outer loop
      vertex 23.45 9.76777 8.76777
      vertex 23.45 9.93253 5.41402
      vertex 23.45 9.93253 8.58598
    endloop
  endfacet
  facet normal 1 0 0
    outer loop
      vertex 23.45 9.76777 8.76777
      vertex 23.45 9.76777 5.23223
      vertex 23.45 9.93253 5.41402
    endloop
  endfacet
  facet normal 1 0 0
    outer loop
      vertex 23.45 9.58598 8.93253
      vertex 23.45 9.76777 5.23223
      vertex 23.45 9.76777 8.76777
    endloop
  endfacet
  facet normal 1 0 0
    outer loop
      vertex 23.45 9.58598 8.93253
      vertex 23.45 9.58598 5.06747
      vertex 23.45 9.76777 5.23223
    endloop
  endfacet
  facet normal 1 0 0
    outer loop
      vertex 23.45 9.38893 9.07867
      vertex 23.45 9.58598 5.06747
      vertex 23.45 9.58598 8.93253
    endloop
  endfacet
  facet normal 1 0 0
    outer loop
      vertex 23.45 9.38893 9.07867
      vertex 23.45 9.38893 4.92133
      vertex 23.45 9.58598 5.06747
    endloop
  endfacet
  facet normal 1 0 0
    outer loop
      vertex 23.45 9.17849 9.2048
      vertex 23.45 9.38893 4.92133
      vertex 23.45 9.38893 9.07867
    endloop
  endfacet
  facet normal 1 0 0
    outer loop
      vertex 23.45 9.17849 9.2048
      vertex 23.45 9.17849 4.7952
      vertex 23.45 9.38893 4.92133
    endloop
  endfacet
  facet normal 1 0 0
    outer loop
      vertex 23.45 8.95671 9.3097
      vertex 23.45 9.17849 4.7952
      vertex 23.45 9.17849 9.2048
    endloop
  endfacet
  facet normal 1 0 0
    outer loop
      vertex 23.45 8.95671 9.3097
      vertex 23.45 8.95671 4.6903
      vertex 23.45 9.17849 4.7952
    endloop
  endfacet
  facet normal 1 0 0
    outer loop
      vertex 23.45 8.72571 9.39235
      vertex 23.45 8.95671 4.6903
      vertex 23.45 8.95671 9.3097
    endloop
  endfacet
  facet normal 1 0 0
    outer loop
      vertex 23.45 8.72571 9.39235
      vertex 23.45 8.72571 4.60765
      vertex 23.45 8.95671 4.6903
    endloop
  endfacet
  facet normal 1 0 0
    outer loop
      vertex 23.45 8.48773 9.45196
      vertex 23.45 8.72571 4.60765
      vertex 23.45 8.72571 9.39235
    endloop
  endfacet
  facet normal 1 0 0
    outer loop
      vertex 23.45 8.48773 9.45196
      vertex 23.45 8.48773 4.54804
      vertex 23.45 8.72571 4.60765
    endloop
  endfacet
  facet normal 1 0 0
    outer loop
      vertex 23.45 8.24504 9.48796
      vertex 23.45 8.48773 4.54804
      vertex 23.45 8.48773 9.45196
    endloop
  endfacet
  facet normal 1 0 0
    outer loop
      vertex 23.45 8.24504 9.48796
      vertex 23.45 8.24504 4.51204
      vertex 23.45 8.48773 4.54804
    endloop
  endfacet
  facet normal 1 0 0
    outer loop
      vertex 23.45 8 9.5
      vertex 23.45 8.24504 4.51204
      vertex 23.45 8.24504 9.48796
    endloop
  endfacet
  facet normal 1 0 0
    outer loop
      vertex 23.45 8 9.5
      vertex 23.45 8 4.5
      vertex 23.45 8.24504 4.51204
    endloop
  endfacet
  facet normal 1 -0 0
    outer loop
      vertex 23.45 7.75496 9.48796
      vertex 23.45 8 4.5
      vertex 23.45 8 9.5
    endloop
  endfacet
  facet normal 1 0 0
    outer loop
      vertex 23.45 7.75496 9.48796
      vertex 23.45 7.75496 4.51204
      vertex 23.45 8 4.5
    endloop
  endfacet
  facet normal 1 -0 0
    outer loop
      vertex 23.45 7.51227 9.45196
      vertex 23.45 7.75496 4.51204
      vertex 23.45 7.75496 9.48796
    endloop
  endfacet
  facet normal 1 0 0
    outer loop
      vertex 23.45 7.51227 9.45196
      vertex 23.45 7.51227 4.54804
      vertex 23.45 7.75496 4.51204
    endloop
  endfacet
  facet normal 1 -0 0
    outer loop
      vertex 23.45 7.27429 9.39235
      vertex 23.45 7.51227 4.54804
      vertex 23.45 7.51227 9.45196
    endloop
  endfacet
  facet normal 1 0 0
    outer loop
      vertex 23.45 7.27429 9.39235
      vertex 23.45 7.27429 4.60765
      vertex 23.45 7.51227 4.54804
    endloop
  endfacet
  facet normal 1 -0 0
    outer loop
      vertex 23.45 7.04329 9.3097
      vertex 23.45 7.27429 4.60765
      vertex 23.45 7.27429 9.39235
    endloop
  endfacet
  facet normal 1 0 0
    outer loop
      vertex 23.45 7.04329 9.3097
      vertex 23.45 7.04329 4.6903
      vertex 23.45 7.27429 4.60765
    endloop
  endfacet
  facet normal 1 -0 0
    outer loop
      vertex 23.45 6.82151 9.2048
      vertex 23.45 7.04329 4.6903
      vertex 23.45 7.04329 9.3097
    endloop
  endfacet
  facet normal 1 0 0
    outer loop
      vertex 23.45 6.82151 9.2048
      vertex 23.45 6.82151 4.7952
      vertex 23.45 7.04329 4.6903
    endloop
  endfacet
  facet normal 1 -0 0
    outer loop
      vertex 23.45 6.61107 9.07867
      vertex 23.45 6.82151 4.7952
      vertex 23.45 6.82151 9.2048
    endloop
  endfacet
  facet normal 1 0 0
    outer loop
      vertex 23.45 6.61107 9.07867
      vertex 23.45 6.61107 4.92133
      vertex 23.45 6.82151 4.7952
    endloop
  endfacet
  facet normal 1 -0 0
    outer loop
      vertex 23.45 6.41402 8.93253
      vertex 23.45 6.61107 4.92133
      vertex 23.45 6.61107 9.07867
    endloop
  endfacet
  facet normal 1 0 0
    outer loop
      vertex 23.45 6.41402 8.93253
      vertex 23.45 6.41402 5.06747
      vertex 23.45 6.61107 4.92133
    endloop
  endfacet
  facet normal 1 -0 0
    outer loop
      vertex 23.45 6.23223 8.76777
      vertex 23.45 6.41402 5.06747
      vertex 23.45 6.41402 8.93253
    endloop
  endfacet
  facet normal 1 0 0
    outer loop
      vertex 23.45 6.23223 8.76777
      vertex 23.45 6.23223 5.23223
      vertex 23.45 6.41402 5.06747
    endloop
  endfacet
  facet normal 1 -0 0
    outer loop
      vertex 23.45 6.06747 8.58598
      vertex 23.45 6.23223 5.23223
      vertex 23.45 6.23223 8.76777
    endloop
  endfacet
  facet normal 1 0 0
    outer loop
      vertex 23.45 6.06747 8.58598
      vertex 23.45 6.06747 5.41402
      vertex 23.45 6.23223 5.23223
    endloop
  endfacet
  facet normal 1 -0 0
    outer loop
      vertex 23.45 5.92133 8.38893
      vertex 23.45 6.06747 5.41402
      vertex 23.45 6.06747 8.58598
    endloop
  endfacet
  facet normal 1 0 0
    outer loop
      vertex 23.45 5.92133 8.38893
      vertex 23.45 5.92133 5.61107
      vertex 23.45 6.06747 5.41402
    endloop
  endfacet
  facet normal 1 -0 0
    outer loop
      vertex 23.45 5.7952 8.17849
      vertex 23.45 5.92133 5.61107
      vertex 23.45 5.92133 8.38893
    endloop
  endfacet
  facet normal 1 0 0
    outer loop
      vertex 23.45 5.7952 8.17849
      vertex 23.45 5.7952 5.82151
      vertex 23.45 5.92133 5.61107
    endloop
  endfacet
  facet normal 1 -0 0
    outer loop
      vertex 23.45 5.6903 7.95671
      vertex 23.45 5.7952 5.82151
      vertex 23.45 5.7952 8.17849
    endloop
  endfacet
  facet normal 1 0 0
    outer loop
      vertex 23.45 5.6903 7.95671
      vertex 23.45 5.6903 6.04329
      vertex 23.45 5.7952 5.82151
    endloop
  endfacet
  facet normal 1 -0 0
    outer loop
      vertex 23.45 5.60765 7.72571
      vertex 23.45 5.6903 6.04329
      vertex 23.45 5.6903 7.95671
    endloop
  endfacet
  facet normal 1 0 0
    outer loop
      vertex 23.45 5.60765 7.72571
      vertex 23.45 5.60765 6.27429
      vertex 23.45 5.6903 6.04329
    endloop
  endfacet
  facet normal 1 -0 0
    outer loop
      vertex 23.45 5.54804 7.48773
      vertex 23.45 5.60765 6.27429
      vertex 23.45 5.60765 7.72571
    endloop
  endfacet
  facet normal 1 0 0
    outer loop
      vertex 23.45 5.54804 7.48773
      vertex 23.45 5.54804 6.51228
      vertex 23.45 5.60765 6.27429
    endloop
  endfacet
  facet normal 1 -0 0
    outer loop
      vertex 23.45 5.51204 7.24504
      vertex 23.45 5.54804 6.51228
      vertex 23.45 5.54804 7.48773
    endloop
  endfacet
  facet normal 1 0 0
    outer loop
      vertex 23.45 5.51204 7.24504
      vertex 23.45 5.51204 6.75496
      vertex 23.45 5.54804 6.51228
    endloop
  endfacet
  facet normal 1 0 -0
    outer loop
      vertex 23.45 5.51204 6.75496
      vertex 23.45 5.51204 7.24504
      vertex 23.45 5.5 7
    endloop
  endfacet
  facet normal 0 0.242977 -0.970032
    outer loop
      vertex 23.45 -8.72571 9.39235
      vertex 24.05 -8.48773 9.45196
      vertex 24.05 -8.72571 9.39235
    endloop
  endfacet
  facet normal 0 0.242977 -0.970032
    outer loop
      vertex 24.05 -8.48773 9.45196
      vertex 23.45 -8.72571 9.39235
      vertex 23.45 -8.48773 9.45196
    endloop
  endfacet
  facet normal 0 0.595693 -0.803212
    outer loop
      vertex 23.45 -9.58598 8.93253
      vertex 24.05 -9.38893 9.07867
      vertex 24.05 -9.58598 8.93253
    endloop
  endfacet
  facet normal 0 0.595693 -0.803212
    outer loop
      vertex 24.05 -9.38893 9.07867
      vertex 23.45 -9.58598 8.93253
      vertex 23.45 -9.38893 9.07867
    endloop
  endfacet
  facet normal 0 0.0490756 -0.998795
    outer loop
      vertex 23.45 -8.24504 9.48796
      vertex 24.05 -8 9.5
      vertex 24.05 -8.24504 9.48796
    endloop
  endfacet
  facet normal 0 0.0490756 -0.998795
    outer loop
      vertex 24.05 -8 9.5
      vertex 23.45 -8.24504 9.48796
      vertex 23.45 -8 9.5
    endloop
  endfacet
  facet normal 0 -0.970035 0.242967
    outer loop
      vertex 23.45 -5.60765 6.27429
      vertex 24.05 -5.54804 6.51228
      vertex 23.45 -5.54804 6.51228
    endloop
  endfacet
  facet normal 0 -0.970035 0.242967
    outer loop
      vertex 24.05 -5.54804 6.51228
      vertex 23.45 -5.60765 6.27429
      vertex 24.05 -5.60765 6.27429
    endloop
  endfacet
  facet normal 0 -0.0490756 0.998795
    outer loop
      vertex 23.45 -7.75496 4.51204
      vertex 24.05 -8 4.5
      vertex 24.05 -7.75496 4.51204
    endloop
  endfacet
  facet normal 0 -0.0490756 0.998795
    outer loop
      vertex 24.05 -8 4.5
      vertex 23.45 -7.75496 4.51204
      vertex 23.45 -8 4.5
    endloop
  endfacet
  facet normal 0 0.941483 0.337059
    outer loop
      vertex 24.05 -10.3097 6.04329
      vertex 23.45 -10.3924 6.27429
      vertex 24.05 -10.3924 6.27429
    endloop
  endfacet
  facet normal 0 0.941483 0.337059
    outer loop
      vertex 23.45 -10.3924 6.27429
      vertex 24.05 -10.3097 6.04329
      vertex 23.45 -10.3097 6.04329
    endloop
  endfacet
  facet normal 0 -0.336879 -0.941548
    outer loop
      vertex 23.45 -7.27429 9.39235
      vertex 24.05 -7.04329 9.3097
      vertex 24.05 -7.27429 9.39235
    endloop
  endfacet
  facet normal -0 -0.336879 -0.941548
    outer loop
      vertex 24.05 -7.04329 9.3097
      vertex 23.45 -7.27429 9.39235
      vertex 23.45 -7.04329 9.3097
    endloop
  endfacet
  facet normal 0 -0.998795 -0.0490756
    outer loop
      vertex 23.45 -5.5 7
      vertex 24.05 -5.51204 7.24504
      vertex 23.45 -5.51204 7.24504
    endloop
  endfacet
  facet normal 0 -0.998795 -0.0490756
    outer loop
      vertex 24.05 -5.51204 7.24504
      vertex 23.45 -5.5 7
      vertex 24.05 -5.5 7
    endloop
  endfacet
  facet normal 0 0.740961 0.671548
    outer loop
      vertex 24.05 -9.76777 5.23223
      vertex 23.45 -9.93253 5.41402
      vertex 24.05 -9.93253 5.41402
    endloop
  endfacet
  facet normal 0 0.740961 0.671548
    outer loop
      vertex 23.45 -9.93253 5.41402
      vertex 24.05 -9.76777 5.23223
      vertex 23.45 -9.76777 5.23223
    endloop
  endfacet
  facet normal -0 0.0490756 0.998795
    outer loop
      vertex 23.45 -8 4.5
      vertex 24.05 -8.24504 4.51204
      vertex 24.05 -8 4.5
    endloop
  endfacet
  facet normal 0 0.0490756 0.998795
    outer loop
      vertex 24.05 -8.24504 4.51204
      vertex 23.45 -8 4.5
      vertex 23.45 -8.24504 4.51204
    endloop
  endfacet
  facet normal 0 -0.989176 -0.146732
    outer loop
      vertex 23.45 -5.51204 7.24504
      vertex 24.05 -5.54804 7.48773
      vertex 23.45 -5.54804 7.48773
    endloop
  endfacet
  facet normal 0 -0.989176 -0.146732
    outer loop
      vertex 24.05 -5.54804 7.48773
      vertex 23.45 -5.51204 7.24504
      vertex 24.05 -5.51204 7.24504
    endloop
  endfacet
  facet normal 0 0.671548 -0.740961
    outer loop
      vertex 23.45 -9.76777 8.76777
      vertex 24.05 -9.58598 8.93253
      vertex 24.05 -9.76777 8.76777
    endloop
  endfacet
  facet normal 0 0.671548 -0.740961
    outer loop
      vertex 24.05 -9.58598 8.93253
      vertex 23.45 -9.76777 8.76777
      vertex 23.45 -9.58598 8.93253
    endloop
  endfacet
  facet normal 0 0.857788 -0.514004
    outer loop
      vertex 24.05 -10.2048 8.17849
      vertex 23.45 -10.0787 8.38893
      vertex 24.05 -10.0787 8.38893
    endloop
  endfacet
  facet normal 0 0.857788 -0.514004
    outer loop
      vertex 23.45 -10.0787 8.38893
      vertex 24.05 -10.2048 8.17849
      vertex 23.45 -10.2048 8.17849
    endloop
  endfacet
  facet normal 1 0 0
    outer loop
      vertex 23.45 -5.51204 7.24504
      vertex 23.45 -5.51204 6.75496
      vertex 23.45 -5.5 7
    endloop
  endfacet
  facet normal 1 0 0
    outer loop
      vertex 23.45 -5.54804 7.48773
      vertex 23.45 -5.51204 6.75496
      vertex 23.45 -5.51204 7.24504
    endloop
  endfacet
  facet normal 1 0 0
    outer loop
      vertex 23.45 -5.54804 7.48773
      vertex 23.45 -5.54804 6.51228
      vertex 23.45 -5.51204 6.75496
    endloop
  endfacet
  facet normal 1 0 0
    outer loop
      vertex 23.45 -5.60765 7.72571
      vertex 23.45 -5.54804 6.51228
      vertex 23.45 -5.54804 7.48773
    endloop
  endfacet
  facet normal 1 0 0
    outer loop
      vertex 23.45 -5.60765 7.72571
      vertex 23.45 -5.60765 6.27429
      vertex 23.45 -5.54804 6.51228
    endloop
  endfacet
  facet normal 1 0 0
    outer loop
      vertex 23.45 -5.6903 7.95671
      vertex 23.45 -5.60765 6.27429
      vertex 23.45 -5.60765 7.72571
    endloop
  endfacet
  facet normal 1 0 0
    outer loop
      vertex 23.45 -5.6903 7.95671
      vertex 23.45 -5.6903 6.04329
      vertex 23.45 -5.60765 6.27429
    endloop
  endfacet
  facet normal 1 0 0
    outer loop
      vertex 23.45 -5.7952 8.17849
      vertex 23.45 -5.6903 6.04329
      vertex 23.45 -5.6903 7.95671
    endloop
  endfacet
  facet normal 1 0 0
    outer loop
      vertex 23.45 -5.7952 8.17849
      vertex 23.45 -5.7952 5.82151
      vertex 23.45 -5.6903 6.04329
    endloop
  endfacet
  facet normal 1 0 0
    outer loop
      vertex 23.45 -5.92133 8.38893
      vertex 23.45 -5.7952 5.82151
      vertex 23.45 -5.7952 8.17849
    endloop
  endfacet
  facet normal 1 0 0
    outer loop
      vertex 23.45 -5.92133 8.38893
      vertex 23.45 -5.92133 5.61107
      vertex 23.45 -5.7952 5.82151
    endloop
  endfacet
  facet normal 1 0 0
    outer loop
      vertex 23.45 -6.06747 8.58598
      vertex 23.45 -5.92133 5.61107
      vertex 23.45 -5.92133 8.38893
    endloop
  endfacet
  facet normal 1 0 0
    outer loop
      vertex 23.45 -6.06747 8.58598
      vertex 23.45 -6.06747 5.41402
      vertex 23.45 -5.92133 5.61107
    endloop
  endfacet
  facet normal 1 0 0
    outer loop
      vertex 23.45 -6.23223 8.76777
      vertex 23.45 -6.06747 5.41402
      vertex 23.45 -6.06747 8.58598
    endloop
  endfacet
  facet normal 1 0 0
    outer loop
      vertex 23.45 -6.23223 8.76777
      vertex 23.45 -6.23223 5.23223
      vertex 23.45 -6.06747 5.41402
    endloop
  endfacet
  facet normal 1 0 0
    outer loop
      vertex 23.45 -6.41402 8.93253
      vertex 23.45 -6.23223 5.23223
      vertex 23.45 -6.23223 8.76777
    endloop
  endfacet
  facet normal 1 0 0
    outer loop
      vertex 23.45 -6.41402 8.93253
      vertex 23.45 -6.41402 5.06747
      vertex 23.45 -6.23223 5.23223
    endloop
  endfacet
  facet normal 1 0 0
    outer loop
      vertex 23.45 -6.61107 9.07867
      vertex 23.45 -6.41402 5.06747
      vertex 23.45 -6.41402 8.93253
    endloop
  endfacet
  facet normal 1 0 0
    outer loop
      vertex 23.45 -6.61107 9.07867
      vertex 23.45 -6.61107 4.92133
      vertex 23.45 -6.41402 5.06747
    endloop
  endfacet
  facet normal 1 0 0
    outer loop
      vertex 23.45 -6.82151 9.2048
      vertex 23.45 -6.61107 4.92133
      vertex 23.45 -6.61107 9.07867
    endloop
  endfacet
  facet normal 1 0 0
    outer loop
      vertex 23.45 -6.82151 9.2048
      vertex 23.45 -6.82151 4.7952
      vertex 23.45 -6.61107 4.92133
    endloop
  endfacet
  facet normal 1 0 0
    outer loop
      vertex 23.45 -7.04329 9.3097
      vertex 23.45 -6.82151 4.7952
      vertex 23.45 -6.82151 9.2048
    endloop
  endfacet
  facet normal 1 0 0
    outer loop
      vertex 23.45 -7.04329 9.3097
      vertex 23.45 -7.04329 4.6903
      vertex 23.45 -6.82151 4.7952
    endloop
  endfacet
  facet normal 1 0 0
    outer loop
      vertex 23.45 -7.27429 9.39235
      vertex 23.45 -7.04329 4.6903
      vertex 23.45 -7.04329 9.3097
    endloop
  endfacet
  facet normal 1 0 0
    outer loop
      vertex 23.45 -7.27429 9.39235
      vertex 23.45 -7.27429 4.60765
      vertex 23.45 -7.04329 4.6903
    endloop
  endfacet
  facet normal 1 0 0
    outer loop
      vertex 23.45 -7.51227 9.45196
      vertex 23.45 -7.27429 4.60765
      vertex 23.45 -7.27429 9.39235
    endloop
  endfacet
  facet normal 1 0 0
    outer loop
      vertex 23.45 -7.51227 9.45196
      vertex 23.45 -7.51227 4.54804
      vertex 23.45 -7.27429 4.60765
    endloop
  endfacet
  facet normal 1 0 0
    outer loop
      vertex 23.45 -7.75496 9.48796
      vertex 23.45 -7.51227 4.54804
      vertex 23.45 -7.51227 9.45196
    endloop
  endfacet
  facet normal 1 0 0
    outer loop
      vertex 23.45 -7.75496 9.48796
      vertex 23.45 -7.75496 4.51204
      vertex 23.45 -7.51227 4.54804
    endloop
  endfacet
  facet normal 1 0 0
    outer loop
      vertex 23.45 -8 9.5
      vertex 23.45 -7.75496 4.51204
      vertex 23.45 -7.75496 9.48796
    endloop
  endfacet
  facet normal 1 0 0
    outer loop
      vertex 23.45 -8 9.5
      vertex 23.45 -8 4.5
      vertex 23.45 -7.75496 4.51204
    endloop
  endfacet
  facet normal 1 -0 0
    outer loop
      vertex 23.45 -8.24504 9.48796
      vertex 23.45 -8 4.5
      vertex 23.45 -8 9.5
    endloop
  endfacet
  facet normal 1 0 0
    outer loop
      vertex 23.45 -8.24504 9.48796
      vertex 23.45 -8.24504 4.51204
      vertex 23.45 -8 4.5
    endloop
  endfacet
  facet normal 1 -0 0
    outer loop
      vertex 23.45 -8.48773 9.45196
      vertex 23.45 -8.24504 4.51204
      vertex 23.45 -8.24504 9.48796
    endloop
  endfacet
  facet normal 1 0 0
    outer loop
      vertex 23.45 -8.48773 9.45196
      vertex 23.45 -8.48773 4.54804
      vertex 23.45 -8.24504 4.51204
    endloop
  endfacet
  facet normal 1 -0 0
    outer loop
      vertex 23.45 -8.72571 9.39235
      vertex 23.45 -8.48773 4.54804
      vertex 23.45 -8.48773 9.45196
    endloop
  endfacet
  facet normal 1 0 0
    outer loop
      vertex 23.45 -8.72571 9.39235
      vertex 23.45 -8.72571 4.60765
      vertex 23.45 -8.48773 4.54804
    endloop
  endfacet
  facet normal 1 -0 0
    outer loop
      vertex 23.45 -8.95671 9.3097
      vertex 23.45 -8.72571 4.60765
      vertex 23.45 -8.72571 9.39235
    endloop
  endfacet
  facet normal 1 0 0
    outer loop
      vertex 23.45 -8.95671 9.3097
      vertex 23.45 -8.95671 4.6903
      vertex 23.45 -8.72571 4.60765
    endloop
  endfacet
  facet normal 1 -0 0
    outer loop
      vertex 23.45 -9.17849 9.2048
      vertex 23.45 -8.95671 4.6903
      vertex 23.45 -8.95671 9.3097
    endloop
  endfacet
  facet normal 1 0 0
    outer loop
      vertex 23.45 -9.17849 9.2048
      vertex 23.45 -9.17849 4.7952
      vertex 23.45 -8.95671 4.6903
    endloop
  endfacet
  facet normal 1 -0 0
    outer loop
      vertex 23.45 -9.38893 9.07867
      vertex 23.45 -9.17849 4.7952
      vertex 23.45 -9.17849 9.2048
    endloop
  endfacet
  facet normal 1 0 0
    outer loop
      vertex 23.45 -9.38893 9.07867
      vertex 23.45 -9.38893 4.92133
      vertex 23.45 -9.17849 4.7952
    endloop
  endfacet
  facet normal 1 -0 0
    outer loop
      vertex 23.45 -9.58598 8.93253
      vertex 23.45 -9.38893 4.92133
      vertex 23.45 -9.38893 9.07867
    endloop
  endfacet
  facet normal 1 0 0
    outer loop
      vertex 23.45 -9.58598 8.93253
      vertex 23.45 -9.58598 5.06747
      vertex 23.45 -9.38893 4.92133
    endloop
  endfacet
  facet normal 1 -0 0
    outer loop
      vertex 23.45 -9.76777 8.76777
      vertex 23.45 -9.58598 5.06747
      vertex 23.45 -9.58598 8.93253
    endloop
  endfacet
  facet normal 1 0 0
    outer loop
      vertex 23.45 -9.76777 8.76777
      vertex 23.45 -9.76777 5.23223
      vertex 23.45 -9.58598 5.06747
    endloop
  endfacet
  facet normal 1 -0 0
    outer loop
      vertex 23.45 -9.93253 8.58598
      vertex 23.45 -9.76777 5.23223
      vertex 23.45 -9.76777 8.76777
    endloop
  endfacet
  facet normal 1 0 0
    outer loop
      vertex 23.45 -9.93253 8.58598
      vertex 23.45 -9.93253 5.41402
      vertex 23.45 -9.76777 5.23223
    endloop
  endfacet
  facet normal 1 -0 0
    outer loop
      vertex 23.45 -10.0787 8.38893
      vertex 23.45 -9.93253 5.41402
      vertex 23.45 -9.93253 8.58598
    endloop
  endfacet
  facet normal 1 0 0
    outer loop
      vertex 23.45 -10.0787 8.38893
      vertex 23.45 -10.0787 5.61107
      vertex 23.45 -9.93253 5.41402
    endloop
  endfacet
  facet normal 1 -0 0
    outer loop
      vertex 23.45 -10.2048 8.17849
      vertex 23.45 -10.0787 5.61107
      vertex 23.45 -10.0787 8.38893
    endloop
  endfacet
  facet normal 1 0 0
    outer loop
      vertex 23.45 -10.2048 8.17849
      vertex 23.45 -10.2048 5.82151
      vertex 23.45 -10.0787 5.61107
    endloop
  endfacet
  facet normal 1 -0 0
    outer loop
      vertex 23.45 -10.3097 7.95671
      vertex 23.45 -10.2048 5.82151
      vertex 23.45 -10.2048 8.17849
    endloop
  endfacet
  facet normal 1 0 0
    outer loop
      vertex 23.45 -10.3097 7.95671
      vertex 23.45 -10.3097 6.04329
      vertex 23.45 -10.2048 5.82151
    endloop
  endfacet
  facet normal 1 -0 0
    outer loop
      vertex 23.45 -10.3924 7.72571
      vertex 23.45 -10.3097 6.04329
      vertex 23.45 -10.3097 7.95671
    endloop
  endfacet
  facet normal 1 0 0
    outer loop
      vertex 23.45 -10.3924 7.72571
      vertex 23.45 -10.3924 6.27429
      vertex 23.45 -10.3097 6.04329
    endloop
  endfacet
  facet normal 1 -0 0
    outer loop
      vertex 23.45 -10.452 7.48773
      vertex 23.45 -10.3924 6.27429
      vertex 23.45 -10.3924 7.72571
    endloop
  endfacet
  facet normal 1 0 0
    outer loop
      vertex 23.45 -10.452 7.48773
      vertex 23.45 -10.452 6.51228
      vertex 23.45 -10.3924 6.27429
    endloop
  endfacet
  facet normal 1 -0 0
    outer loop
      vertex 23.45 -10.488 7.24504
      vertex 23.45 -10.452 6.51228
      vertex 23.45 -10.452 7.48773
    endloop
  endfacet
  facet normal 1 0 0
    outer loop
      vertex 23.45 -10.488 7.24504
      vertex 23.45 -10.488 6.75496
      vertex 23.45 -10.452 6.51228
    endloop
  endfacet
  facet normal 1 0 -0
    outer loop
      vertex 23.45 -10.488 6.75496
      vertex 23.45 -10.488 7.24504
      vertex 23.45 -10.5 7
    endloop
  endfacet
  facet normal 0 0.998803 0.048913
    outer loop
      vertex 24.05 -10.488 6.75496
      vertex 23.45 -10.5 7
      vertex 24.05 -10.5 7
    endloop
  endfacet
  facet normal 0 0.998803 0.048913
    outer loop
      vertex 23.45 -10.5 7
      vertex 24.05 -10.488 6.75496
      vertex 23.45 -10.488 6.75496
    endloop
  endfacet
  facet normal 0 0.803153 0.595772
    outer loop
      vertex 24.05 -9.93253 5.41402
      vertex 23.45 -10.0787 5.61107
      vertex 24.05 -10.0787 5.61107
    endloop
  endfacet
  facet normal 0 0.803153 0.595772
    outer loop
      vertex 23.45 -10.0787 5.61107
      vertex 24.05 -9.93253 5.41402
      vertex 23.45 -9.93253 5.41402
    endloop
  endfacet
  facet normal 0 0.941483 -0.337059
    outer loop
      vertex 24.05 -10.3924 7.72571
      vertex 23.45 -10.3097 7.95671
      vertex 24.05 -10.3097 7.95671
    endloop
  endfacet
  facet normal 0 0.941483 -0.337059
    outer loop
      vertex 23.45 -10.3097 7.95671
      vertex 24.05 -10.3924 7.72571
      vertex 23.45 -10.3924 7.72571
    endloop
  endfacet
  facet normal 0 0.803153 -0.595772
    outer loop
      vertex 24.05 -10.0787 8.38893
      vertex 23.45 -9.93253 8.58598
      vertex 24.05 -9.93253 8.58598
    endloop
  endfacet
  facet normal 0 0.803153 -0.595772
    outer loop
      vertex 23.45 -9.93253 8.58598
      vertex 24.05 -10.0787 8.38893
      vertex 23.45 -10.0787 8.38893
    endloop
  endfacet
  facet normal 0 0.740961 -0.671548
    outer loop
      vertex 24.05 -9.93253 8.58598
      vertex 23.45 -9.76777 8.76777
      vertex 24.05 -9.76777 8.76777
    endloop
  endfacet
  facet normal 0 0.740961 -0.671548
    outer loop
      vertex 23.45 -9.76777 8.76777
      vertex 24.05 -9.93253 8.58598
      vertex 23.45 -9.93253 8.58598
    endloop
  endfacet
  facet normal 0 -0.595693 -0.803212
    outer loop
      vertex 23.45 -6.61107 9.07867
      vertex 24.05 -6.41402 8.93253
      vertex 24.05 -6.61107 9.07867
    endloop
  endfacet
  facet normal -0 -0.595693 -0.803212
    outer loop
      vertex 24.05 -6.41402 8.93253
      vertex 23.45 -6.61107 9.07867
      vertex 23.45 -6.41402 8.93253
    endloop
  endfacet
  facet normal 0 0.989176 -0.146732
    outer loop
      vertex 24.05 -10.488 7.24504
      vertex 23.45 -10.452 7.48773
      vertex 24.05 -10.452 7.48773
    endloop
  endfacet
  facet normal 0 0.989176 -0.146732
    outer loop
      vertex 23.45 -10.452 7.48773
      vertex 24.05 -10.488 7.24504
      vertex 23.45 -10.488 7.24504
    endloop
  endfacet
  facet normal 0 -0.941548 -0.336879
    outer loop
      vertex 23.45 -5.60765 7.72571
      vertex 24.05 -5.6903 7.95671
      vertex 23.45 -5.6903 7.95671
    endloop
  endfacet
  facet normal 0 -0.941548 -0.336879
    outer loop
      vertex 24.05 -5.6903 7.95671
      vertex 23.45 -5.60765 7.72571
      vertex 24.05 -5.60765 7.72571
    endloop
  endfacet
  facet normal 0 0.90398 0.427575
    outer loop
      vertex 24.05 -10.2048 5.82151
      vertex 23.45 -10.3097 6.04329
      vertex 24.05 -10.3097 6.04329
    endloop
  endfacet
  facet normal 0 0.90398 0.427575
    outer loop
      vertex 23.45 -10.3097 6.04329
      vertex 24.05 -10.2048 5.82151
      vertex 23.45 -10.2048 5.82151
    endloop
  endfacet
  facet normal 0 0.989175 0.146738
    outer loop
      vertex 24.05 -10.452 6.51228
      vertex 23.45 -10.488 6.75496
      vertex 24.05 -10.488 6.75496
    endloop
  endfacet
  facet normal 0 0.989175 0.146738
    outer loop
      vertex 23.45 -10.488 6.75496
      vertex 24.05 -10.452 6.51228
      vertex 23.45 -10.452 6.51228
    endloop
  endfacet
  facet normal 0 -0.941548 0.336879
    outer loop
      vertex 23.45 -5.6903 6.04329
      vertex 24.05 -5.60765 6.27429
      vertex 23.45 -5.60765 6.27429
    endloop
  endfacet
  facet normal 0 -0.941548 0.336879
    outer loop
      vertex 24.05 -5.60765 6.27429
      vertex 23.45 -5.6903 6.04329
      vertex 24.05 -5.6903 6.04329
    endloop
  endfacet
  facet normal -0 0.427575 0.90398
    outer loop
      vertex 23.45 -8.95671 4.6903
      vertex 24.05 -9.17849 4.7952
      vertex 24.05 -8.95671 4.6903
    endloop
  endfacet
  facet normal 0 0.427575 0.90398
    outer loop
      vertex 24.05 -9.17849 4.7952
      vertex 23.45 -8.95671 4.6903
      vertex 23.45 -9.17849 4.7952
    endloop
  endfacet
  facet normal 0 0.146732 -0.989176
    outer loop
      vertex 23.45 -8.48773 9.45196
      vertex 24.05 -8.24504 9.48796
      vertex 24.05 -8.48773 9.45196
    endloop
  endfacet
  facet normal 0 0.146732 -0.989176
    outer loop
      vertex 24.05 -8.24504 9.48796
      vertex 23.45 -8.48773 9.45196
      vertex 23.45 -8.24504 9.48796
    endloop
  endfacet
  facet normal -0 0.514094 0.857734
    outer loop
      vertex 23.45 -9.17849 4.7952
      vertex 24.05 -9.38893 4.92133
      vertex 24.05 -9.17849 4.7952
    endloop
  endfacet
  facet normal 0 0.514094 0.857734
    outer loop
      vertex 24.05 -9.38893 4.92133
      vertex 23.45 -9.17849 4.7952
      vertex 23.45 -9.38893 4.92133
    endloop
  endfacet
  facet normal 0 -0.970032 -0.242977
    outer loop
      vertex 23.45 -5.54804 7.48773
      vertex 24.05 -5.60765 7.72571
      vertex 23.45 -5.60765 7.72571
    endloop
  endfacet
  facet normal 0 -0.970032 -0.242977
    outer loop
      vertex 24.05 -5.60765 7.72571
      vertex 23.45 -5.54804 7.48773
      vertex 24.05 -5.54804 7.48773
    endloop
  endfacet
  facet normal 0 0.336879 -0.941548
    outer loop
      vertex 23.45 -8.95671 9.3097
      vertex 24.05 -8.72571 9.39235
      vertex 24.05 -8.95671 9.3097
    endloop
  endfacet
  facet normal 0 0.336879 -0.941548
    outer loop
      vertex 24.05 -8.72571 9.39235
      vertex 23.45 -8.95671 9.3097
      vertex 23.45 -8.72571 9.39235
    endloop
  endfacet
  facet normal -0 0.242977 0.970032
    outer loop
      vertex 23.45 -8.48773 4.54804
      vertex 24.05 -8.72571 4.60765
      vertex 24.05 -8.48773 4.54804
    endloop
  endfacet
  facet normal 0 0.242977 0.970032
    outer loop
      vertex 24.05 -8.72571 4.60765
      vertex 23.45 -8.48773 4.54804
      vertex 23.45 -8.72571 4.60765
    endloop
  endfacet
  facet normal 0 -0.242977 -0.970032
    outer loop
      vertex 23.45 -7.51227 9.45196
      vertex 24.05 -7.27429 9.39235
      vertex 24.05 -7.51227 9.45196
    endloop
  endfacet
  facet normal -0 -0.242977 -0.970032
    outer loop
      vertex 24.05 -7.27429 9.39235
      vertex 23.45 -7.51227 9.45196
      vertex 23.45 -7.27429 9.39235
    endloop
  endfacet
  facet normal 0 0.427575 -0.90398
    outer loop
      vertex 23.45 -9.17849 9.2048
      vertex 24.05 -8.95671 9.3097
      vertex 24.05 -9.17849 9.2048
    endloop
  endfacet
  facet normal 0 0.427575 -0.90398
    outer loop
      vertex 24.05 -8.95671 9.3097
      vertex 23.45 -9.17849 9.2048
      vertex 23.45 -8.95671 9.3097
    endloop
  endfacet
  facet normal 0 -0.336879 0.941548
    outer loop
      vertex 23.45 -7.04329 4.6903
      vertex 24.05 -7.27429 4.60765
      vertex 24.05 -7.04329 4.6903
    endloop
  endfacet
  facet normal 0 -0.336879 0.941548
    outer loop
      vertex 24.05 -7.27429 4.60765
      vertex 23.45 -7.04329 4.6903
      vertex 23.45 -7.27429 4.60765
    endloop
  endfacet
  facet normal 0 -0.803212 0.595693
    outer loop
      vertex 23.45 -6.06747 5.41402
      vertex 24.05 -5.92133 5.61107
      vertex 23.45 -5.92133 5.61107
    endloop
  endfacet
  facet normal 0 -0.803212 0.595693
    outer loop
      vertex 24.05 -5.92133 5.61107
      vertex 23.45 -6.06747 5.41402
      vertex 24.05 -6.06747 5.41402
    endloop
  endfacet
  facet normal 0 -0.857734 0.514094
    outer loop
      vertex 23.45 -5.92133 5.61107
      vertex 24.05 -5.7952 5.82151
      vertex 23.45 -5.7952 5.82151
    endloop
  endfacet
  facet normal 0 -0.857734 0.514094
    outer loop
      vertex 24.05 -5.7952 5.82151
      vertex 23.45 -5.92133 5.61107
      vertex 24.05 -5.92133 5.61107
    endloop
  endfacet
  facet normal 0 0.970042 -0.242938
    outer loop
      vertex 24.05 -10.452 7.48773
      vertex 23.45 -10.3924 7.72571
      vertex 24.05 -10.3924 7.72571
    endloop
  endfacet
  facet normal 0 0.970042 -0.242938
    outer loop
      vertex 23.45 -10.3924 7.72571
      vertex 24.05 -10.452 7.48773
      vertex 23.45 -10.452 7.48773
    endloop
  endfacet
  facet normal 0 -0.514094 -0.857734
    outer loop
      vertex 23.45 -6.82151 9.2048
      vertex 24.05 -6.61107 9.07867
      vertex 24.05 -6.82151 9.2048
    endloop
  endfacet
  facet normal -0 -0.514094 -0.857734
    outer loop
      vertex 24.05 -6.61107 9.07867
      vertex 23.45 -6.82151 9.2048
      vertex 23.45 -6.61107 9.07867
    endloop
  endfacet
  facet normal 0 0.90398 -0.427575
    outer loop
      vertex 24.05 -10.3097 7.95671
      vertex 23.45 -10.2048 8.17849
      vertex 24.05 -10.2048 8.17849
    endloop
  endfacet
  facet normal 0 0.90398 -0.427575
    outer loop
      vertex 23.45 -10.2048 8.17849
      vertex 24.05 -10.3097 7.95671
      vertex 23.45 -10.3097 7.95671
    endloop
  endfacet
  facet normal 0 0.514094 -0.857734
    outer loop
      vertex 23.45 -9.38893 9.07867
      vertex 24.05 -9.17849 9.2048
      vertex 24.05 -9.38893 9.07867
    endloop
  endfacet
  facet normal 0 0.514094 -0.857734
    outer loop
      vertex 24.05 -9.17849 9.2048
      vertex 23.45 -9.38893 9.07867
      vertex 23.45 -9.17849 9.2048
    endloop
  endfacet
  facet normal -0 0.146732 0.989176
    outer loop
      vertex 23.45 -8.24504 4.51204
      vertex 24.05 -8.48773 4.54804
      vertex 24.05 -8.24504 4.51204
    endloop
  endfacet
  facet normal 0 0.146732 0.989176
    outer loop
      vertex 24.05 -8.48773 4.54804
      vertex 23.45 -8.24504 4.51204
      vertex 23.45 -8.48773 4.54804
    endloop
  endfacet
  facet normal 0 0.998803 -0.048913
    outer loop
      vertex 24.05 -10.5 7
      vertex 23.45 -10.488 7.24504
      vertex 24.05 -10.488 7.24504
    endloop
  endfacet
  facet normal 0 0.998803 -0.048913
    outer loop
      vertex 23.45 -10.488 7.24504
      vertex 24.05 -10.5 7
      vertex 23.45 -10.5 7
    endloop
  endfacet
  facet normal 0 -0.595693 0.803212
    outer loop
      vertex 23.45 -6.41402 5.06747
      vertex 24.05 -6.61107 4.92133
      vertex 24.05 -6.41402 5.06747
    endloop
  endfacet
  facet normal 0 -0.595693 0.803212
    outer loop
      vertex 24.05 -6.61107 4.92133
      vertex 23.45 -6.41402 5.06747
      vertex 23.45 -6.61107 4.92133
    endloop
  endfacet
  facet normal -0 0.671548 0.740961
    outer loop
      vertex 23.45 -9.58598 5.06747
      vertex 24.05 -9.76777 5.23223
      vertex 24.05 -9.58598 5.06747
    endloop
  endfacet
  facet normal 0 0.671548 0.740961
    outer loop
      vertex 24.05 -9.76777 5.23223
      vertex 23.45 -9.58598 5.06747
      vertex 23.45 -9.76777 5.23223
    endloop
  endfacet
  facet normal 0 -0.146732 0.989176
    outer loop
      vertex 23.45 -7.51227 4.54804
      vertex 24.05 -7.75496 4.51204
      vertex 24.05 -7.51227 4.54804
    endloop
  endfacet
  facet normal 0 -0.146732 0.989176
    outer loop
      vertex 24.05 -7.75496 4.51204
      vertex 23.45 -7.51227 4.54804
      vertex 23.45 -7.75496 4.51204
    endloop
  endfacet
  facet normal 0 -0.671548 0.740961
    outer loop
      vertex 23.45 -6.23223 5.23223
      vertex 24.05 -6.41402 5.06747
      vertex 24.05 -6.23223 5.23223
    endloop
  endfacet
  facet normal 0 -0.671548 0.740961
    outer loop
      vertex 24.05 -6.41402 5.06747
      vertex 23.45 -6.23223 5.23223
      vertex 23.45 -6.41402 5.06747
    endloop
  endfacet
  facet normal 0 -0.0490756 -0.998795
    outer loop
      vertex 23.45 -8 9.5
      vertex 24.05 -7.75496 9.48796
      vertex 24.05 -8 9.5
    endloop
  endfacet
  facet normal -0 -0.0490756 -0.998795
    outer loop
      vertex 24.05 -7.75496 9.48796
      vertex 23.45 -8 9.5
      vertex 23.45 -7.75496 9.48796
    endloop
  endfacet
  facet normal 0 -0.146732 -0.989176
    outer loop
      vertex 23.45 -7.75496 9.48796
      vertex 24.05 -7.51227 9.45196
      vertex 24.05 -7.75496 9.48796
    endloop
  endfacet
  facet normal -0 -0.146732 -0.989176
    outer loop
      vertex 24.05 -7.51227 9.45196
      vertex 23.45 -7.75496 9.48796
      vertex 23.45 -7.51227 9.45196
    endloop
  endfacet
  facet normal 0 0.970044 0.242929
    outer loop
      vertex 24.05 -10.3924 6.27429
      vertex 23.45 -10.452 6.51228
      vertex 24.05 -10.452 6.51228
    endloop
  endfacet
  facet normal 0 0.970044 0.242929
    outer loop
      vertex 23.45 -10.452 6.51228
      vertex 24.05 -10.3924 6.27429
      vertex 23.45 -10.3924 6.27429
    endloop
  endfacet
  facet normal 0 -0.427575 0.90398
    outer loop
      vertex 23.45 -6.82151 4.7952
      vertex 24.05 -7.04329 4.6903
      vertex 24.05 -6.82151 4.7952
    endloop
  endfacet
  facet normal 0 -0.427575 0.90398
    outer loop
      vertex 24.05 -7.04329 4.6903
      vertex 23.45 -6.82151 4.7952
      vertex 23.45 -7.04329 4.6903
    endloop
  endfacet
  facet normal 0 -0.90398 0.427575
    outer loop
      vertex 23.45 -5.7952 5.82151
      vertex 24.05 -5.6903 6.04329
      vertex 23.45 -5.6903 6.04329
    endloop
  endfacet
  facet normal 0 -0.90398 0.427575
    outer loop
      vertex 24.05 -5.6903 6.04329
      vertex 23.45 -5.7952 5.82151
      vertex 24.05 -5.7952 5.82151
    endloop
  endfacet
  facet normal 0 -0.90398 -0.427575
    outer loop
      vertex 23.45 -5.6903 7.95671
      vertex 24.05 -5.7952 8.17849
      vertex 23.45 -5.7952 8.17849
    endloop
  endfacet
  facet normal 0 -0.90398 -0.427575
    outer loop
      vertex 24.05 -5.7952 8.17849
      vertex 23.45 -5.6903 7.95671
      vertex 24.05 -5.6903 7.95671
    endloop
  endfacet
  facet normal 0 -0.740961 0.671548
    outer loop
      vertex 23.45 -6.23223 5.23223
      vertex 24.05 -6.06747 5.41402
      vertex 23.45 -6.06747 5.41402
    endloop
  endfacet
  facet normal 0 -0.740961 0.671548
    outer loop
      vertex 24.05 -6.06747 5.41402
      vertex 23.45 -6.23223 5.23223
      vertex 24.05 -6.23223 5.23223
    endloop
  endfacet
  facet normal 0 -0.989175 0.146738
    outer loop
      vertex 23.45 -5.54804 6.51228
      vertex 24.05 -5.51204 6.75496
      vertex 23.45 -5.51204 6.75496
    endloop
  endfacet
  facet normal 0 -0.989175 0.146738
    outer loop
      vertex 24.05 -5.51204 6.75496
      vertex 23.45 -5.54804 6.51228
      vertex 24.05 -5.54804 6.51228
    endloop
  endfacet
  facet normal 0 -0.242977 0.970032
    outer loop
      vertex 23.45 -7.27429 4.60765
      vertex 24.05 -7.51227 4.54804
      vertex 24.05 -7.27429 4.60765
    endloop
  endfacet
  facet normal 0 -0.242977 0.970032
    outer loop
      vertex 24.05 -7.51227 4.54804
      vertex 23.45 -7.27429 4.60765
      vertex 23.45 -7.51227 4.54804
    endloop
  endfacet
  facet normal 0 -0.671548 -0.740961
    outer loop
      vertex 23.45 -6.41402 8.93253
      vertex 24.05 -6.23223 8.76777
      vertex 24.05 -6.41402 8.93253
    endloop
  endfacet
  facet normal -0 -0.671548 -0.740961
    outer loop
      vertex 24.05 -6.23223 8.76777
      vertex 23.45 -6.41402 8.93253
      vertex 23.45 -6.23223 8.76777
    endloop
  endfacet
  facet normal 0 -0.803212 -0.595693
    outer loop
      vertex 23.45 -5.92133 8.38893
      vertex 24.05 -6.06747 8.58598
      vertex 23.45 -6.06747 8.58598
    endloop
  endfacet
  facet normal 0 -0.803212 -0.595693
    outer loop
      vertex 24.05 -6.06747 8.58598
      vertex 23.45 -5.92133 8.38893
      vertex 24.05 -5.92133 8.38893
    endloop
  endfacet
  facet normal 0 -0.857734 -0.514094
    outer loop
      vertex 23.45 -5.7952 8.17849
      vertex 24.05 -5.92133 8.38893
      vertex 23.45 -5.92133 8.38893
    endloop
  endfacet
  facet normal 0 -0.857734 -0.514094
    outer loop
      vertex 24.05 -5.92133 8.38893
      vertex 23.45 -5.7952 8.17849
      vertex 24.05 -5.7952 8.17849
    endloop
  endfacet
  facet normal 0 -0.427575 -0.90398
    outer loop
      vertex 23.45 -7.04329 9.3097
      vertex 24.05 -6.82151 9.2048
      vertex 24.05 -7.04329 9.3097
    endloop
  endfacet
  facet normal -0 -0.427575 -0.90398
    outer loop
      vertex 24.05 -6.82151 9.2048
      vertex 23.45 -7.04329 9.3097
      vertex 23.45 -6.82151 9.2048
    endloop
  endfacet
  facet normal -0 0.595693 0.803212
    outer loop
      vertex 23.45 -9.38893 4.92133
      vertex 24.05 -9.58598 5.06747
      vertex 24.05 -9.38893 4.92133
    endloop
  endfacet
  facet normal 0 0.595693 0.803212
    outer loop
      vertex 24.05 -9.58598 5.06747
      vertex 23.45 -9.38893 4.92133
      vertex 23.45 -9.58598 5.06747
    endloop
  endfacet
  facet normal -0 0.336879 0.941548
    outer loop
      vertex 23.45 -8.72571 4.60765
      vertex 24.05 -8.95671 4.6903
      vertex 24.05 -8.72571 4.60765
    endloop
  endfacet
  facet normal 0 0.336879 0.941548
    outer loop
      vertex 24.05 -8.95671 4.6903
      vertex 23.45 -8.72571 4.60765
      vertex 23.45 -8.95671 4.6903
    endloop
  endfacet
  facet normal 0 -0.740961 -0.671548
    outer loop
      vertex 23.45 -6.06747 8.58598
      vertex 24.05 -6.23223 8.76777
      vertex 23.45 -6.23223 8.76777
    endloop
  endfacet
  facet normal 0 -0.740961 -0.671548
    outer loop
      vertex 24.05 -6.23223 8.76777
      vertex 23.45 -6.06747 8.58598
      vertex 24.05 -6.06747 8.58598
    endloop
  endfacet
  facet normal 0 -0.514094 0.857734
    outer loop
      vertex 23.45 -6.61107 4.92133
      vertex 24.05 -6.82151 4.7952
      vertex 24.05 -6.61107 4.92133
    endloop
  endfacet
  facet normal 0 -0.514094 0.857734
    outer loop
      vertex 24.05 -6.82151 4.7952
      vertex 23.45 -6.61107 4.92133
      vertex 23.45 -6.82151 4.7952
    endloop
  endfacet
  facet normal 0 0.857788 0.514004
    outer loop
      vertex 24.05 -10.0787 5.61107
      vertex 23.45 -10.2048 5.82151
      vertex 24.05 -10.2048 5.82151
    endloop
  endfacet
  facet normal 0 0.857788 0.514004
    outer loop
      vertex 23.45 -10.2048 5.82151
      vertex 24.05 -10.0787 5.61107
      vertex 23.45 -10.0787 5.61107
    endloop
  endfacet
  facet normal 0 -0.998795 0.0490756
    outer loop
      vertex 23.45 -5.51204 6.75496
      vertex 24.05 -5.5 7
      vertex 23.45 -5.5 7
    endloop
  endfacet
  facet normal 0 -0.998795 0.0490756
    outer loop
      vertex 24.05 -5.5 7
      vertex 23.45 -5.51204 6.75496
      vertex 24.05 -5.51204 6.75496
    endloop
  endfacet
  facet normal -1 0 0
    outer loop
      vertex 17.64 -8.6 17.9
      vertex 17.64 8.6 19.9
      vertex 17.64 8.6 17.9
    endloop
  endfacet
  facet normal -1 -0 0
    outer loop
      vertex 17.64 8.6 19.9
      vertex 17.64 -8.6 17.9
      vertex 17.64 -8.6 19.9
    endloop
  endfacet
  facet normal 0 0 -1
    outer loop
      vertex -13.7 -8.6 20.9
      vertex -12.5 -6.6 20.9
      vertex -12.5 -8.6 20.9
    endloop
  endfacet
  facet normal -0 0 -1
    outer loop
      vertex -12.5 -6.6 20.9
      vertex -13.7 -8.6 20.9
      vertex -13.7 -6.6 20.9
    endloop
  endfacet
  facet normal 0 0 -1
    outer loop
      vertex -13.7 6.6 20.9
      vertex -12.5 8.6 20.9
      vertex -12.5 6.6 20.9
    endloop
  endfacet
  facet normal -0 0 -1
    outer loop
      vertex -12.5 8.6 20.9
      vertex -13.7 6.6 20.9
      vertex -13.7 8.6 20.9
    endloop
  endfacet
  facet normal 0 0 -1
    outer loop
      vertex 6.5 -8.6 20.9
      vertex 7.7 8.6 20.9
      vertex 7.7 -8.6 20.9
    endloop
  endfacet
  facet normal -0 0 -1
    outer loop
      vertex 7.7 8.6 20.9
      vertex 6.5 -8.6 20.9
      vertex 6.5 8.6 20.9
    endloop
  endfacet
  facet normal 1 -0 0
    outer loop
      vertex -31 -8.6 19.9
      vertex -31 8.6 17.9
      vertex -31 8.6 19.9
    endloop
  endfacet
  facet normal 1 0 0
    outer loop
      vertex -31 8.6 17.9
      vertex -31 -8.6 19.9
      vertex -31 -8.6 17.9
    endloop
  endfacet
  facet normal 0 1 -0
    outer loop
      vertex 17.64 -8.6 17.9
      vertex 7.7 -8.6 19.9
      vertex 17.64 -8.6 19.9
    endloop
  endfacet
  facet normal 0 1 0
    outer loop
      vertex 7.7 -8.6 19.9
      vertex 17.64 -8.6 17.9
      vertex 6.5 -8.6 19.9
    endloop
  endfacet
  facet normal 0 1 0
    outer loop
      vertex 6.5 -8.6 19.9
      vertex 17.64 -8.6 17.9
      vertex -12.5 -8.6 19.9
    endloop
  endfacet
  facet normal 0 1 0
    outer loop
      vertex -31 -8.6 17.9
      vertex -12.5 -8.6 19.9
      vertex 17.64 -8.6 17.9
    endloop
  endfacet
  facet normal 0 1 0
    outer loop
      vertex -12.5 -8.6 19.9
      vertex -31 -8.6 17.9
      vertex -13.7 -8.6 19.9
    endloop
  endfacet
  facet normal 0 1 0
    outer loop
      vertex -13.7 -8.6 19.9
      vertex -31 -8.6 17.9
      vertex -31 -8.6 19.9
    endloop
  endfacet
  facet normal 0 1 -0
    outer loop
      vertex 7.7 -8.6 19.9
      vertex 6.5 -8.6 20.9
      vertex 7.7 -8.6 20.9
    endloop
  endfacet
  facet normal 0 1 0
    outer loop
      vertex 6.5 -8.6 20.9
      vertex 7.7 -8.6 19.9
      vertex 6.5 -8.6 19.9
    endloop
  endfacet
  facet normal 0 1 -0
    outer loop
      vertex -12.5 -8.6 19.9
      vertex -13.7 -8.6 20.9
      vertex -12.5 -8.6 20.9
    endloop
  endfacet
  facet normal 0 1 0
    outer loop
      vertex -13.7 -8.6 20.9
      vertex -12.5 -8.6 19.9
      vertex -13.7 -8.6 19.9
    endloop
  endfacet
  facet normal 0 -1 0
    outer loop
      vertex -31 8.6 17.9
      vertex -13.7 8.6 19.9
      vertex -31 8.6 19.9
    endloop
  endfacet
  facet normal 0 -1 -0
    outer loop
      vertex -13.7 8.6 19.9
      vertex -31 8.6 17.9
      vertex -12.5 8.6 19.9
    endloop
  endfacet
  facet normal 0 -1 0
    outer loop
      vertex 17.64 8.6 17.9
      vertex -12.5 8.6 19.9
      vertex -31 8.6 17.9
    endloop
  endfacet
  facet normal 0 -1 0
    outer loop
      vertex -12.5 8.6 19.9
      vertex 17.64 8.6 17.9
      vertex 6.5 8.6 19.9
    endloop
  endfacet
  facet normal 0 -1 0
    outer loop
      vertex 6.5 8.6 19.9
      vertex 17.64 8.6 17.9
      vertex 7.7 8.6 19.9
    endloop
  endfacet
  facet normal 0 -1 0
    outer loop
      vertex 7.7 8.6 19.9
      vertex 17.64 8.6 17.9
      vertex 17.64 8.6 19.9
    endloop
  endfacet
  facet normal 0 -1 0
    outer loop
      vertex -13.7 8.6 19.9
      vertex -12.5 8.6 20.9
      vertex -13.7 8.6 20.9
    endloop
  endfacet
  facet normal 0 -1 -0
    outer loop
      vertex -12.5 8.6 20.9
      vertex -13.7 8.6 19.9
      vertex -12.5 8.6 19.9
    endloop
  endfacet
  facet normal 0 -1 0
    outer loop
      vertex 6.5 8.6 19.9
      vertex 7.7 8.6 20.9
      vertex 6.5 8.6 20.9
    endloop
  endfacet
  facet normal 0 -1 -0
    outer loop
      vertex 7.7 8.6 20.9
      vertex 6.5 8.6 19.9
      vertex 7.7 8.6 19.9
    endloop
  endfacet
  facet normal -1 0 0
    outer loop
      vertex -45.56 -13.05 17.9
      vertex -45.56 13.05 17.91
      vertex -45.56 13.05 17.9
    endloop
  endfacet
  facet normal -1 -0 0
    outer loop
      vertex -45.56 13.05 17.91
      vertex -45.56 -13.05 17.9
      vertex -45.56 -13.05 17.91
    endloop
  endfacet
  facet normal -0 0 1
    outer loop
      vertex -62.06 13.05 15.41
      vertex -62.05 -13.05 15.41
      vertex -62.05 13.05 15.41
    endloop
  endfacet
  facet normal 0 0 1
    outer loop
      vertex -62.05 -13.05 15.41
      vertex -62.06 13.05 15.41
      vertex -62.06 -13.05 15.41
    endloop
  endfacet
  facet normal 0 0 -1
    outer loop
      vertex -62.06 -13.05 17.91
      vertex -45.56 13.05 17.91
      vertex -45.56 -13.05 17.91
    endloop
  endfacet
  facet normal -0 0 -1
    outer loop
      vertex -45.56 13.05 17.91
      vertex -62.06 -13.05 17.91
      vertex -62.06 13.05 17.91
    endloop
  endfacet
  facet normal 1 -0 0
    outer loop
      vertex -62.06 -13.05 17.91
      vertex -62.06 13.05 15.41
      vertex -62.06 13.05 17.91
    endloop
  endfacet
  facet normal 1 0 0
    outer loop
      vertex -62.06 13.05 15.41
      vertex -62.06 -13.05 17.91
      vertex -62.06 -13.05 15.41
    endloop
  endfacet
  facet normal 0.242996 -0.970027 0
    outer loop
      vertex 20.4871 1.19617 3.8147e-07
      vertex 20.6061 1.22598 12
      vertex 20.4871 1.19617 12
    endloop
  endfacet
  facet normal 0.242996 -0.970027 0
    outer loop
      vertex 20.6061 1.22598 12
      vertex 20.4871 1.19617 3.8147e-07
      vertex 20.6061 1.22598 3.8147e-07
    endloop
  endfacet
  facet normal -0.989176 0.146737 0
    outer loop
      vertex 22.076 -0.243862 3.8147e-07
      vertex 22.094 -0.122521 12
      vertex 22.094 -0.122521 3.8147e-07
    endloop
  endfacet
  facet normal -0.989176 0.146737 0
    outer loop
      vertex 22.094 -0.122521 12
      vertex 22.076 -0.243862 3.8147e-07
      vertex 22.076 -0.243862 12
    endloop
  endfacet
  facet normal -0.998803 0.0489126 0
    outer loop
      vertex 22.094 -0.122521 3.8147e-07
      vertex 22.1 0 12
      vertex 22.1 0 3.8147e-07
    endloop
  endfacet
  facet normal -0.998803 0.0489126 0
    outer loop
      vertex 22.1 0 12
      vertex 22.094 -0.122521 3.8147e-07
      vertex 22.094 -0.122521 12
    endloop
  endfacet
  facet normal -0.970043 0.242933 0
    outer loop
      vertex 22.0462 -0.362855 3.8147e-07
      vertex 22.076 -0.243862 12
      vertex 22.076 -0.243862 3.8147e-07
    endloop
  endfacet
  facet normal -0.970043 0.242933 0
    outer loop
      vertex 22.076 -0.243862 12
      vertex 22.0462 -0.362855 3.8147e-07
      vertex 22.0462 -0.362855 12
    endloop
  endfacet
  facet normal -0.857602 0.514315 0
    outer loop
      vertex 21.8893 -0.694463 3.8147e-07
      vertex 21.9524 -0.589246 12
      vertex 21.9524 -0.589246 3.8147e-07
    endloop
  endfacet
  facet normal -0.857602 0.514315 0
    outer loop
      vertex 21.9524 -0.589246 12
      vertex 21.8893 -0.694463 3.8147e-07
      vertex 21.8893 -0.694463 12
    endloop
  endfacet
  facet normal 0.970043 -0.242933 0
    outer loop
      vertex 19.624 0.243862 12
      vertex 19.6538 0.362855 3.8147e-07
      vertex 19.6538 0.362855 12
    endloop
  endfacet
  facet normal 0.970043 -0.242933 0
    outer loop
      vertex 19.6538 0.362855 3.8147e-07
      vertex 19.624 0.243862 12
      vertex 19.624 0.243862 3.8147e-07
    endloop
  endfacet
  facet normal -0.989176 -0.146737 0
    outer loop
      vertex 22.094 0.122521 3.8147e-07
      vertex 22.076 0.243862 12
      vertex 22.076 0.243862 3.8147e-07
    endloop
  endfacet
  facet normal -0.989176 -0.146737 0
    outer loop
      vertex 22.076 0.243862 12
      vertex 22.094 0.122521 3.8147e-07
      vertex 22.094 0.122521 12
    endloop
  endfacet
  facet normal -0.671528 0.740979 0
    outer loop
      vertex 21.7339 -0.883883 3.8147e-07
      vertex 21.643 -0.966263 12
      vertex 21.7339 -0.883883 12
    endloop
  endfacet
  facet normal -0.671528 0.740979 0
    outer loop
      vertex 21.643 -0.966263 12
      vertex 21.7339 -0.883883 3.8147e-07
      vertex 21.643 -0.966263 3.8147e-07
    endloop
  endfacet
  facet normal -0.998803 -0.0489126 0
    outer loop
      vertex 22.1 0 3.8147e-07
      vertex 22.094 0.122521 12
      vertex 22.094 0.122521 3.8147e-07
    endloop
  endfacet
  facet normal -0.998803 -0.0489126 0
    outer loop
      vertex 22.094 0.122521 12
      vertex 22.1 0 3.8147e-07
      vertex 22.1 0 12
    endloop
  endfacet
  facet normal -0.740869 0.67165 0
    outer loop
      vertex 21.7339 -0.883883 3.8147e-07
      vertex 21.8163 -0.792991 12
      vertex 21.8163 -0.792991 3.8147e-07
    endloop
  endfacet
  facet normal -0.740869 0.67165 0
    outer loop
      vertex 21.8163 -0.792991 12
      vertex 21.7339 -0.883883 3.8147e-07
      vertex 21.7339 -0.883883 12
    endloop
  endfacet
  facet normal 0.671528 0.740979 -0
    outer loop
      vertex 20.057 -0.966263 3.8147e-07
      vertex 19.9661 -0.883883 12
      vertex 20.057 -0.966263 12
    endloop
  endfacet
  facet normal 0.671528 0.740979 0
    outer loop
      vertex 19.9661 -0.883883 12
      vertex 20.057 -0.966263 3.8147e-07
      vertex 19.9661 -0.883883 3.8147e-07
    endloop
  endfacet
  facet normal -0.513777 0.857924 0
    outer loop
      vertex 21.5445 -1.03934 3.8147e-07
      vertex 21.4392 -1.1024 12
      vertex 21.5445 -1.03934 12
    endloop
  endfacet
  facet normal -0.513777 0.857924 0
    outer loop
      vertex 21.4392 -1.1024 12
      vertex 21.5445 -1.03934 3.8147e-07
      vertex 21.4392 -1.1024 3.8147e-07
    endloop
  endfacet
  facet normal 0.0490836 0.998795 -0
    outer loop
      vertex 20.85 -1.25 3.8147e-07
      vertex 20.7275 -1.24398 12
      vertex 20.85 -1.25 12
    endloop
  endfacet
  facet normal 0.0490836 0.998795 0
    outer loop
      vertex 20.7275 -1.24398 12
      vertex 20.85 -1.25 3.8147e-07
      vertex 20.7275 -1.24398 3.8147e-07
    endloop
  endfacet
  facet normal 0 0 -1
    outer loop
      vertex 22.094 -0.122521 12
      vertex 22.094 0.122521 12
      vertex 22.1 0 12
    endloop
  endfacet
  facet normal 0 0 -1
    outer loop
      vertex 22.076 -0.243862 12
      vertex 22.094 0.122521 12
      vertex 22.094 -0.122521 12
    endloop
  endfacet
  facet normal 0 0 -1
    outer loop
      vertex 22.076 -0.243862 12
      vertex 22.076 0.243862 12
      vertex 22.094 0.122521 12
    endloop
  endfacet
  facet normal 0 0 -1
    outer loop
      vertex 22.0462 -0.362855 12
      vertex 22.076 0.243862 12
      vertex 22.076 -0.243862 12
    endloop
  endfacet
  facet normal 0 0 -1
    outer loop
      vertex 22.0462 -0.362855 12
      vertex 22.0462 0.362855 12
      vertex 22.076 0.243862 12
    endloop
  endfacet
  facet normal 0 0 -1
    outer loop
      vertex 22.0048 -0.478354 12
      vertex 22.0462 0.362855 12
      vertex 22.0462 -0.362855 12
    endloop
  endfacet
  facet normal 0 0 -1
    outer loop
      vertex 22.0048 -0.478354 12
      vertex 22.0048 0.478354 12
      vertex 22.0462 0.362855 12
    endloop
  endfacet
  facet normal 0 0 -1
    outer loop
      vertex 21.9524 -0.589246 12
      vertex 22.0048 0.478354 12
      vertex 22.0048 -0.478354 12
    endloop
  endfacet
  facet normal 0 0 -1
    outer loop
      vertex 21.9524 -0.589246 12
      vertex 21.9524 0.589246 12
      vertex 22.0048 0.478354 12
    endloop
  endfacet
  facet normal 0 0 -1
    outer loop
      vertex 21.8893 -0.694463 12
      vertex 21.9524 0.589246 12
      vertex 21.9524 -0.589246 12
    endloop
  endfacet
  facet normal 0 0 -1
    outer loop
      vertex 21.8893 -0.694463 12
      vertex 21.8893 0.694463 12
      vertex 21.9524 0.589246 12
    endloop
  endfacet
  facet normal 0 0 -1
    outer loop
      vertex 21.8163 -0.792991 12
      vertex 21.8893 0.694463 12
      vertex 21.8893 -0.694463 12
    endloop
  endfacet
  facet normal 0 0 -1
    outer loop
      vertex 21.8163 -0.792991 12
      vertex 21.8163 0.792991 12
      vertex 21.8893 0.694463 12
    endloop
  endfacet
  facet normal 0 0 -1
    outer loop
      vertex 21.7339 -0.883883 12
      vertex 21.8163 0.792991 12
      vertex 21.8163 -0.792991 12
    endloop
  endfacet
  facet normal 0 0 -1
    outer loop
      vertex 21.7339 -0.883883 12
      vertex 21.7339 0.883883 12
      vertex 21.8163 0.792991 12
    endloop
  endfacet
  facet normal 0 0 -1
    outer loop
      vertex 21.643 -0.966263 12
      vertex 21.7339 0.883883 12
      vertex 21.7339 -0.883883 12
    endloop
  endfacet
  facet normal 0 0 -1
    outer loop
      vertex 21.643 -0.966263 12
      vertex 21.643 0.966263 12
      vertex 21.7339 0.883883 12
    endloop
  endfacet
  facet normal 0 0 -1
    outer loop
      vertex 21.5445 -1.03934 12
      vertex 21.643 0.966263 12
      vertex 21.643 -0.966263 12
    endloop
  endfacet
  facet normal 0 0 -1
    outer loop
      vertex 21.5445 -1.03934 12
      vertex 21.5445 1.03934 12
      vertex 21.643 0.966263 12
    endloop
  endfacet
  facet normal 0 0 -1
    outer loop
      vertex 21.4392 -1.1024 12
      vertex 21.5445 1.03934 12
      vertex 21.5445 -1.03934 12
    endloop
  endfacet
  facet normal 0 0 -1
    outer loop
      vertex 21.4392 -1.1024 12
      vertex 21.4392 1.1024 12
      vertex 21.5445 1.03934 12
    endloop
  endfacet
  facet normal 0 0 -1
    outer loop
      vertex 21.3284 -1.15485 12
      vertex 21.4392 1.1024 12
      vertex 21.4392 -1.1024 12
    endloop
  endfacet
  facet normal 0 0 -1
    outer loop
      vertex 21.3284 -1.15485 12
      vertex 21.3284 1.15485 12
      vertex 21.4392 1.1024 12
    endloop
  endfacet
  facet normal 0 0 -1
    outer loop
      vertex 21.2129 -1.19617 12
      vertex 21.3284 1.15485 12
      vertex 21.3284 -1.15485 12
    endloop
  endfacet
  facet normal 0 0 -1
    outer loop
      vertex 21.2129 -1.19617 12
      vertex 21.2129 1.19617 12
      vertex 21.3284 1.15485 12
    endloop
  endfacet
  facet normal 0 0 -1
    outer loop
      vertex 21.0939 -1.22598 12
      vertex 21.2129 1.19617 12
      vertex 21.2129 -1.19617 12
    endloop
  endfacet
  facet normal 0 0 -1
    outer loop
      vertex 21.0939 -1.22598 12
      vertex 21.0939 1.22598 12
      vertex 21.2129 1.19617 12
    endloop
  endfacet
  facet normal 0 0 -1
    outer loop
      vertex 20.9725 -1.24398 12
      vertex 21.0939 1.22598 12
      vertex 21.0939 -1.22598 12
    endloop
  endfacet
  facet normal 0 0 -1
    outer loop
      vertex 20.9725 -1.24398 12
      vertex 20.9725 1.24398 12
      vertex 21.0939 1.22598 12
    endloop
  endfacet
  facet normal 0 0 -1
    outer loop
      vertex 20.85 -1.25 12
      vertex 20.9725 1.24398 12
      vertex 20.9725 -1.24398 12
    endloop
  endfacet
  facet normal 0 0 -1
    outer loop
      vertex 20.85 -1.25 12
      vertex 20.85 1.25 12
      vertex 20.9725 1.24398 12
    endloop
  endfacet
  facet normal 0 0 -1
    outer loop
      vertex 20.7275 -1.24398 12
      vertex 20.85 1.25 12
      vertex 20.85 -1.25 12
    endloop
  endfacet
  facet normal 0 0 -1
    outer loop
      vertex 20.7275 -1.24398 12
      vertex 20.7275 1.24398 12
      vertex 20.85 1.25 12
    endloop
  endfacet
  facet normal 0 0 -1
    outer loop
      vertex 20.6061 -1.22598 12
      vertex 20.7275 1.24398 12
      vertex 20.7275 -1.24398 12
    endloop
  endfacet
  facet normal 0 0 -1
    outer loop
      vertex 20.6061 -1.22598 12
      vertex 20.6061 1.22598 12
      vertex 20.7275 1.24398 12
    endloop
  endfacet
  facet normal 0 0 -1
    outer loop
      vertex 20.4871 -1.19617 12
      vertex 20.6061 1.22598 12
      vertex 20.6061 -1.22598 12
    endloop
  endfacet
  facet normal 0 0 -1
    outer loop
      vertex 20.4871 -1.19617 12
      vertex 20.4871 1.19617 12
      vertex 20.6061 1.22598 12
    endloop
  endfacet
  facet normal 0 0 -1
    outer loop
      vertex 20.3716 -1.15485 12
      vertex 20.4871 1.19617 12
      vertex 20.4871 -1.19617 12
    endloop
  endfacet
  facet normal 0 0 -1
    outer loop
      vertex 20.3716 -1.15485 12
      vertex 20.3716 1.15485 12
      vertex 20.4871 1.19617 12
    endloop
  endfacet
  facet normal 0 0 -1
    outer loop
      vertex 20.2608 -1.1024 12
      vertex 20.3716 1.15485 12
      vertex 20.3716 -1.15485 12
    endloop
  endfacet
  facet normal 0 0 -1
    outer loop
      vertex 20.2608 -1.1024 12
      vertex 20.2608 1.1024 12
      vertex 20.3716 1.15485 12
    endloop
  endfacet
  facet normal 0 0 -1
    outer loop
      vertex 20.1555 -1.03934 12
      vertex 20.2608 1.1024 12
      vertex 20.2608 -1.1024 12
    endloop
  endfacet
  facet normal 0 0 -1
    outer loop
      vertex 20.1555 -1.03934 12
      vertex 20.1555 1.03934 12
      vertex 20.2608 1.1024 12
    endloop
  endfacet
  facet normal 0 0 -1
    outer loop
      vertex 20.057 -0.966263 12
      vertex 20.1555 1.03934 12
      vertex 20.1555 -1.03934 12
    endloop
  endfacet
  facet normal 0 0 -1
    outer loop
      vertex 20.057 -0.966263 12
      vertex 20.057 0.966263 12
      vertex 20.1555 1.03934 12
    endloop
  endfacet
  facet normal 0 0 -1
    outer loop
      vertex 19.9661 -0.883883 12
      vertex 20.057 0.966263 12
      vertex 20.057 -0.966263 12
    endloop
  endfacet
  facet normal 0 0 -1
    outer loop
      vertex 19.9661 -0.883883 12
      vertex 19.9661 0.883883 12
      vertex 20.057 0.966263 12
    endloop
  endfacet
  facet normal 0 0 -1
    outer loop
      vertex 19.8837 -0.792991 12
      vertex 19.9661 0.883883 12
      vertex 19.9661 -0.883883 12
    endloop
  endfacet
  facet normal 0 0 -1
    outer loop
      vertex 19.8837 -0.792991 12
      vertex 19.8837 0.792991 12
      vertex 19.9661 0.883883 12
    endloop
  endfacet
  facet normal 0 0 -1
    outer loop
      vertex 19.8107 -0.694463 12
      vertex 19.8837 0.792991 12
      vertex 19.8837 -0.792991 12
    endloop
  endfacet
  facet normal 0 0 -1
    outer loop
      vertex 19.8107 -0.694463 12
      vertex 19.8107 0.694463 12
      vertex 19.8837 0.792991 12
    endloop
  endfacet
  facet normal 0 0 -1
    outer loop
      vertex 19.7476 -0.589246 12
      vertex 19.8107 0.694463 12
      vertex 19.8107 -0.694463 12
    endloop
  endfacet
  facet normal 0 0 -1
    outer loop
      vertex 19.7476 -0.589246 12
      vertex 19.7476 0.589246 12
      vertex 19.8107 0.694463 12
    endloop
  endfacet
  facet normal 0 0 -1
    outer loop
      vertex 19.6952 -0.478354 12
      vertex 19.7476 0.589246 12
      vertex 19.7476 -0.589246 12
    endloop
  endfacet
  facet normal 0 0 -1
    outer loop
      vertex 19.6952 -0.478354 12
      vertex 19.6952 0.478354 12
      vertex 19.7476 0.589246 12
    endloop
  endfacet
  facet normal 0 0 -1
    outer loop
      vertex 19.6538 -0.362855 12
      vertex 19.6952 0.478354 12
      vertex 19.6952 -0.478354 12
    endloop
  endfacet
  facet normal 0 0 -1
    outer loop
      vertex 19.6538 -0.362855 12
      vertex 19.6538 0.362855 12
      vertex 19.6952 0.478354 12
    endloop
  endfacet
  facet normal 0 0 -1
    outer loop
      vertex 19.624 -0.243862 12
      vertex 19.6538 0.362855 12
      vertex 19.6538 -0.362855 12
    endloop
  endfacet
  facet normal 0 0 -1
    outer loop
      vertex 19.624 -0.243862 12
      vertex 19.624 0.243862 12
      vertex 19.6538 0.362855 12
    endloop
  endfacet
  facet normal 0 0 -1
    outer loop
      vertex 19.606 -0.122521 12
      vertex 19.624 0.243862 12
      vertex 19.624 -0.243862 12
    endloop
  endfacet
  facet normal 0 0 -1
    outer loop
      vertex 19.606 -0.122521 12
      vertex 19.606 0.122521 12
      vertex 19.624 0.243862 12
    endloop
  endfacet
  facet normal 0 -0 -1
    outer loop
      vertex 19.606 0.122521 12
      vertex 19.606 -0.122521 12
      vertex 19.6 0 12
    endloop
  endfacet
  facet normal 0.941353 0.337423 0
    outer loop
      vertex 19.6952 -0.478354 12
      vertex 19.6538 -0.362855 3.8147e-07
      vertex 19.6538 -0.362855 12
    endloop
  endfacet
  facet normal 0.941353 0.337423 0
    outer loop
      vertex 19.6538 -0.362855 3.8147e-07
      vertex 19.6952 -0.478354 12
      vertex 19.6952 -0.478354 3.8147e-07
    endloop
  endfacet
  facet normal 0.970043 0.242933 0
    outer loop
      vertex 19.6538 -0.362855 12
      vertex 19.624 -0.243862 3.8147e-07
      vertex 19.624 -0.243862 12
    endloop
  endfacet
  facet normal 0.970043 0.242933 0
    outer loop
      vertex 19.624 -0.243862 3.8147e-07
      vertex 19.6538 -0.362855 12
      vertex 19.6538 -0.362855 3.8147e-07
    endloop
  endfacet
  facet normal 0.0490836 -0.998795 0
    outer loop
      vertex 20.7275 1.24398 3.8147e-07
      vertex 20.85 1.25 12
      vertex 20.7275 1.24398 12
    endloop
  endfacet
  facet normal 0.0490836 -0.998795 0
    outer loop
      vertex 20.85 1.25 12
      vertex 20.7275 1.24398 3.8147e-07
      vertex 20.85 1.25 3.8147e-07
    endloop
  endfacet
  facet normal -0.595828 0.803112 0
    outer loop
      vertex 21.643 -0.966263 3.8147e-07
      vertex 21.5445 -1.03934 12
      vertex 21.643 -0.966263 12
    endloop
  endfacet
  facet normal -0.595828 0.803112 0
    outer loop
      vertex 21.5445 -1.03934 12
      vertex 21.643 -0.966263 3.8147e-07
      vertex 21.5445 -1.03934 3.8147e-07
    endloop
  endfacet
  facet normal 0.998803 -0.0489126 0
    outer loop
      vertex 19.6 0 12
      vertex 19.606 0.122521 3.8147e-07
      vertex 19.606 0.122521 12
    endloop
  endfacet
  facet normal 0.998803 -0.0489126 0
    outer loop
      vertex 19.606 0.122521 3.8147e-07
      vertex 19.6 0 12
      vertex 19.6 0 3.8147e-07
    endloop
  endfacet
  facet normal -0.513777 -0.857924 0
    outer loop
      vertex 21.4392 1.1024 3.8147e-07
      vertex 21.5445 1.03934 12
      vertex 21.4392 1.1024 12
    endloop
  endfacet
  facet normal -0.513777 -0.857924 -0
    outer loop
      vertex 21.5445 1.03934 12
      vertex 21.4392 1.1024 3.8147e-07
      vertex 21.5445 1.03934 3.8147e-07
    endloop
  endfacet
  facet normal -0.904141 0.427235 0
    outer loop
      vertex 21.9524 -0.589246 3.8147e-07
      vertex 22.0048 -0.478354 12
      vertex 22.0048 -0.478354 3.8147e-07
    endloop
  endfacet
  facet normal -0.904141 0.427235 0
    outer loop
      vertex 22.0048 -0.478354 12
      vertex 21.9524 -0.589246 3.8147e-07
      vertex 21.9524 -0.589246 12
    endloop
  endfacet
  facet normal -0.0490836 0.998795 0
    outer loop
      vertex 20.9725 -1.24398 3.8147e-07
      vertex 20.85 -1.25 12
      vertex 20.9725 -1.24398 12
    endloop
  endfacet
  facet normal -0.0490836 0.998795 0
    outer loop
      vertex 20.85 -1.25 12
      vertex 20.9725 -1.24398 3.8147e-07
      vertex 20.85 -1.25 3.8147e-07
    endloop
  endfacet
  facet normal 0.242996 0.970027 -0
    outer loop
      vertex 20.6061 -1.22598 3.8147e-07
      vertex 20.4871 -1.19617 12
      vertex 20.6061 -1.22598 12
    endloop
  endfacet
  facet normal 0.242996 0.970027 0
    outer loop
      vertex 20.4871 -1.19617 12
      vertex 20.6061 -1.22598 3.8147e-07
      vertex 20.4871 -1.19617 3.8147e-07
    endloop
  endfacet
  facet normal 0.595828 0.803112 -0
    outer loop
      vertex 20.1555 -1.03934 3.8147e-07
      vertex 20.057 -0.966263 12
      vertex 20.1555 -1.03934 12
    endloop
  endfacet
  facet normal 0.595828 0.803112 0
    outer loop
      vertex 20.057 -0.966263 12
      vertex 20.1555 -1.03934 3.8147e-07
      vertex 20.057 -0.966263 3.8147e-07
    endloop
  endfacet
  facet normal -0.857602 -0.514315 0
    outer loop
      vertex 21.9524 0.589246 3.8147e-07
      vertex 21.8893 0.694463 12
      vertex 21.8893 0.694463 3.8147e-07
    endloop
  endfacet
  facet normal -0.857602 -0.514315 0
    outer loop
      vertex 21.8893 0.694463 12
      vertex 21.9524 0.589246 3.8147e-07
      vertex 21.9524 0.589246 12
    endloop
  endfacet
  facet normal 0.941353 -0.337423 0
    outer loop
      vertex 19.6538 0.362855 12
      vertex 19.6952 0.478354 3.8147e-07
      vertex 19.6952 0.478354 12
    endloop
  endfacet
  facet normal 0.941353 -0.337423 0
    outer loop
      vertex 19.6952 0.478354 3.8147e-07
      vertex 19.6538 0.362855 12
      vertex 19.6538 0.362855 3.8147e-07
    endloop
  endfacet
  facet normal -0.242996 0.970027 0
    outer loop
      vertex 21.2129 -1.19617 3.8147e-07
      vertex 21.0939 -1.22598 12
      vertex 21.2129 -1.19617 12
    endloop
  endfacet
  facet normal -0.242996 0.970027 0
    outer loop
      vertex 21.0939 -1.22598 12
      vertex 21.2129 -1.19617 3.8147e-07
      vertex 21.0939 -1.22598 3.8147e-07
    endloop
  endfacet
  facet normal 0.146667 -0.989186 0
    outer loop
      vertex 20.6061 1.22598 3.8147e-07
      vertex 20.7275 1.24398 12
      vertex 20.6061 1.22598 12
    endloop
  endfacet
  facet normal 0.146667 -0.989186 0
    outer loop
      vertex 20.7275 1.24398 12
      vertex 20.6061 1.22598 3.8147e-07
      vertex 20.7275 1.24398 3.8147e-07
    endloop
  endfacet
  facet normal 0.740869 0.67165 0
    outer loop
      vertex 19.9661 -0.883883 12
      vertex 19.8837 -0.792991 3.8147e-07
      vertex 19.8837 -0.792991 12
    endloop
  endfacet
  facet normal 0.740869 0.67165 0
    outer loop
      vertex 19.8837 -0.792991 3.8147e-07
      vertex 19.9661 -0.883883 12
      vertex 19.9661 -0.883883 3.8147e-07
    endloop
  endfacet
  facet normal -0.427858 -0.903846 0
    outer loop
      vertex 21.3284 1.15485 3.8147e-07
      vertex 21.4392 1.1024 12
      vertex 21.3284 1.15485 12
    endloop
  endfacet
  facet normal -0.427858 -0.903846 -0
    outer loop
      vertex 21.4392 1.1024 12
      vertex 21.3284 1.15485 3.8147e-07
      vertex 21.4392 1.1024 3.8147e-07
    endloop
  endfacet
  facet normal -0.803494 -0.595313 0
    outer loop
      vertex 21.8893 0.694463 3.8147e-07
      vertex 21.8163 0.792991 12
      vertex 21.8163 0.792991 3.8147e-07
    endloop
  endfacet
  facet normal -0.803494 -0.595313 0
    outer loop
      vertex 21.8163 0.792991 12
      vertex 21.8893 0.694463 3.8147e-07
      vertex 21.8893 0.694463 12
    endloop
  endfacet
  facet normal -0.740869 -0.67165 0
    outer loop
      vertex 21.8163 0.792991 3.8147e-07
      vertex 21.7339 0.883883 12
      vertex 21.7339 0.883883 3.8147e-07
    endloop
  endfacet
  facet normal -0.740869 -0.67165 0
    outer loop
      vertex 21.7339 0.883883 12
      vertex 21.8163 0.792991 3.8147e-07
      vertex 21.8163 0.792991 12
    endloop
  endfacet
  facet normal -0.146667 0.989186 0
    outer loop
      vertex 21.0939 -1.22598 3.8147e-07
      vertex 20.9725 -1.24398 12
      vertex 21.0939 -1.22598 12
    endloop
  endfacet
  facet normal -0.146667 0.989186 0
    outer loop
      vertex 20.9725 -1.24398 12
      vertex 21.0939 -1.22598 3.8147e-07
      vertex 20.9725 -1.24398 3.8147e-07
    endloop
  endfacet
  facet normal -0.0490836 -0.998795 0
    outer loop
      vertex 20.85 1.25 3.8147e-07
      vertex 20.9725 1.24398 12
      vertex 20.85 1.25 12
    endloop
  endfacet
  facet normal -0.0490836 -0.998795 -0
    outer loop
      vertex 20.9725 1.24398 12
      vertex 20.85 1.25 3.8147e-07
      vertex 20.9725 1.24398 3.8147e-07
    endloop
  endfacet
  facet normal -0.146667 -0.989186 0
    outer loop
      vertex 20.9725 1.24398 3.8147e-07
      vertex 21.0939 1.22598 12
      vertex 20.9725 1.24398 12
    endloop
  endfacet
  facet normal -0.146667 -0.989186 -0
    outer loop
      vertex 21.0939 1.22598 12
      vertex 20.9725 1.24398 3.8147e-07
      vertex 21.0939 1.22598 3.8147e-07
    endloop
  endfacet
  facet normal 0.427858 0.903846 -0
    outer loop
      vertex 20.3716 -1.15485 3.8147e-07
      vertex 20.2608 -1.1024 12
      vertex 20.3716 -1.15485 12
    endloop
  endfacet
  facet normal 0.427858 0.903846 0
    outer loop
      vertex 20.2608 -1.1024 12
      vertex 20.3716 -1.15485 3.8147e-07
      vertex 20.2608 -1.1024 3.8147e-07
    endloop
  endfacet
  facet normal 0.595828 -0.803112 0
    outer loop
      vertex 20.057 0.966263 3.8147e-07
      vertex 20.1555 1.03934 12
      vertex 20.057 0.966263 12
    endloop
  endfacet
  facet normal 0.595828 -0.803112 0
    outer loop
      vertex 20.1555 1.03934 12
      vertex 20.057 0.966263 3.8147e-07
      vertex 20.1555 1.03934 3.8147e-07
    endloop
  endfacet
  facet normal 0.336842 0.941561 -0
    outer loop
      vertex 20.4871 -1.19617 3.8147e-07
      vertex 20.3716 -1.15485 12
      vertex 20.4871 -1.19617 12
    endloop
  endfacet
  facet normal 0.336842 0.941561 0
    outer loop
      vertex 20.3716 -1.15485 12
      vertex 20.4871 -1.19617 3.8147e-07
      vertex 20.3716 -1.15485 3.8147e-07
    endloop
  endfacet
  facet normal -0.427858 0.903846 0
    outer loop
      vertex 21.4392 -1.1024 3.8147e-07
      vertex 21.3284 -1.15485 12
      vertex 21.4392 -1.1024 12
    endloop
  endfacet
  facet normal -0.427858 0.903846 0
    outer loop
      vertex 21.3284 -1.15485 12
      vertex 21.4392 -1.1024 3.8147e-07
      vertex 21.3284 -1.15485 3.8147e-07
    endloop
  endfacet
  facet normal 0.803494 0.595313 0
    outer loop
      vertex 19.8837 -0.792991 12
      vertex 19.8107 -0.694463 3.8147e-07
      vertex 19.8107 -0.694463 12
    endloop
  endfacet
  facet normal 0.803494 0.595313 0
    outer loop
      vertex 19.8107 -0.694463 3.8147e-07
      vertex 19.8837 -0.792991 12
      vertex 19.8837 -0.792991 3.8147e-07
    endloop
  endfacet
  facet normal 0.998803 0.0489126 0
    outer loop
      vertex 19.606 -0.122521 12
      vertex 19.6 0 3.8147e-07
      vertex 19.6 0 12
    endloop
  endfacet
  facet normal 0.998803 0.0489126 0
    outer loop
      vertex 19.6 0 3.8147e-07
      vertex 19.606 -0.122521 12
      vertex 19.606 -0.122521 3.8147e-07
    endloop
  endfacet
  facet normal 0.513777 -0.857924 0
    outer loop
      vertex 20.1555 1.03934 3.8147e-07
      vertex 20.2608 1.1024 12
      vertex 20.1555 1.03934 12
    endloop
  endfacet
  facet normal 0.513777 -0.857924 0
    outer loop
      vertex 20.2608 1.1024 12
      vertex 20.1555 1.03934 3.8147e-07
      vertex 20.2608 1.1024 3.8147e-07
    endloop
  endfacet
  facet normal -0.941353 0.337423 0
    outer loop
      vertex 22.0048 -0.478354 3.8147e-07
      vertex 22.0462 -0.362855 12
      vertex 22.0462 -0.362855 3.8147e-07
    endloop
  endfacet
  facet normal -0.941353 0.337423 0
    outer loop
      vertex 22.0462 -0.362855 12
      vertex 22.0048 -0.478354 3.8147e-07
      vertex 22.0048 -0.478354 12
    endloop
  endfacet
  facet normal 0.803494 -0.595313 0
    outer loop
      vertex 19.8107 0.694463 12
      vertex 19.8837 0.792991 3.8147e-07
      vertex 19.8837 0.792991 12
    endloop
  endfacet
  facet normal 0.803494 -0.595313 0
    outer loop
      vertex 19.8837 0.792991 3.8147e-07
      vertex 19.8107 0.694463 12
      vertex 19.8107 0.694463 3.8147e-07
    endloop
  endfacet
  facet normal 0.513777 0.857924 -0
    outer loop
      vertex 20.2608 -1.1024 3.8147e-07
      vertex 20.1555 -1.03934 12
      vertex 20.2608 -1.1024 12
    endloop
  endfacet
  facet normal 0.513777 0.857924 0
    outer loop
      vertex 20.1555 -1.03934 12
      vertex 20.2608 -1.1024 3.8147e-07
      vertex 20.1555 -1.03934 3.8147e-07
    endloop
  endfacet
  facet normal -0.595828 -0.803112 0
    outer loop
      vertex 21.5445 1.03934 3.8147e-07
      vertex 21.643 0.966263 12
      vertex 21.5445 1.03934 12
    endloop
  endfacet
  facet normal -0.595828 -0.803112 -0
    outer loop
      vertex 21.643 0.966263 12
      vertex 21.5445 1.03934 3.8147e-07
      vertex 21.643 0.966263 3.8147e-07
    endloop
  endfacet
  facet normal -0.336842 0.941561 0
    outer loop
      vertex 21.3284 -1.15485 3.8147e-07
      vertex 21.2129 -1.19617 12
      vertex 21.3284 -1.15485 12
    endloop
  endfacet
  facet normal -0.336842 0.941561 0
    outer loop
      vertex 21.2129 -1.19617 12
      vertex 21.3284 -1.15485 3.8147e-07
      vertex 21.2129 -1.19617 3.8147e-07
    endloop
  endfacet
  facet normal 0.427858 -0.903846 0
    outer loop
      vertex 20.2608 1.1024 3.8147e-07
      vertex 20.3716 1.15485 12
      vertex 20.2608 1.1024 12
    endloop
  endfacet
  facet normal 0.427858 -0.903846 0
    outer loop
      vertex 20.3716 1.15485 12
      vertex 20.2608 1.1024 3.8147e-07
      vertex 20.3716 1.15485 3.8147e-07
    endloop
  endfacet
  facet normal -0.970043 -0.242933 0
    outer loop
      vertex 22.076 0.243862 3.8147e-07
      vertex 22.0462 0.362855 12
      vertex 22.0462 0.362855 3.8147e-07
    endloop
  endfacet
  facet normal -0.970043 -0.242933 0
    outer loop
      vertex 22.0462 0.362855 12
      vertex 22.076 0.243862 3.8147e-07
      vertex 22.076 0.243862 12
    endloop
  endfacet
  facet normal 0.146667 0.989186 -0
    outer loop
      vertex 20.7275 -1.24398 3.8147e-07
      vertex 20.6061 -1.22598 12
      vertex 20.7275 -1.24398 12
    endloop
  endfacet
  facet normal 0.146667 0.989186 0
    outer loop
      vertex 20.6061 -1.22598 12
      vertex 20.7275 -1.24398 3.8147e-07
      vertex 20.6061 -1.22598 3.8147e-07
    endloop
  endfacet
  facet normal 0.989176 -0.146737 0
    outer loop
      vertex 19.606 0.122521 12
      vertex 19.624 0.243862 3.8147e-07
      vertex 19.624 0.243862 12
    endloop
  endfacet
  facet normal 0.989176 -0.146737 0
    outer loop
      vertex 19.624 0.243862 3.8147e-07
      vertex 19.606 0.122521 12
      vertex 19.606 0.122521 3.8147e-07
    endloop
  endfacet
  facet normal -0.336842 -0.941561 0
    outer loop
      vertex 21.2129 1.19617 3.8147e-07
      vertex 21.3284 1.15485 12
      vertex 21.2129 1.19617 12
    endloop
  endfacet
  facet normal -0.336842 -0.941561 -0
    outer loop
      vertex 21.3284 1.15485 12
      vertex 21.2129 1.19617 3.8147e-07
      vertex 21.3284 1.15485 3.8147e-07
    endloop
  endfacet
  facet normal -0.242996 -0.970027 0
    outer loop
      vertex 21.0939 1.22598 3.8147e-07
      vertex 21.2129 1.19617 12
      vertex 21.0939 1.22598 12
    endloop
  endfacet
  facet normal -0.242996 -0.970027 -0
    outer loop
      vertex 21.2129 1.19617 12
      vertex 21.0939 1.22598 3.8147e-07
      vertex 21.2129 1.19617 3.8147e-07
    endloop
  endfacet
  facet normal -0.803494 0.595313 0
    outer loop
      vertex 21.8163 -0.792991 3.8147e-07
      vertex 21.8893 -0.694463 12
      vertex 21.8893 -0.694463 3.8147e-07
    endloop
  endfacet
  facet normal -0.803494 0.595313 0
    outer loop
      vertex 21.8893 -0.694463 12
      vertex 21.8163 -0.792991 3.8147e-07
      vertex 21.8163 -0.792991 12
    endloop
  endfacet
  facet normal 0.740869 -0.67165 0
    outer loop
      vertex 19.8837 0.792991 12
      vertex 19.9661 0.883883 3.8147e-07
      vertex 19.9661 0.883883 12
    endloop
  endfacet
  facet normal 0.740869 -0.67165 0
    outer loop
      vertex 19.9661 0.883883 3.8147e-07
      vertex 19.8837 0.792991 12
      vertex 19.8837 0.792991 3.8147e-07
    endloop
  endfacet
  facet normal 0.857602 -0.514315 0
    outer loop
      vertex 19.7476 0.589246 12
      vertex 19.8107 0.694463 3.8147e-07
      vertex 19.8107 0.694463 12
    endloop
  endfacet
  facet normal 0.857602 -0.514315 0
    outer loop
      vertex 19.8107 0.694463 3.8147e-07
      vertex 19.7476 0.589246 12
      vertex 19.7476 0.589246 3.8147e-07
    endloop
  endfacet
  facet normal 0.671528 -0.740979 0
    outer loop
      vertex 19.9661 0.883883 3.8147e-07
      vertex 20.057 0.966263 12
      vertex 19.9661 0.883883 12
    endloop
  endfacet
  facet normal 0.671528 -0.740979 0
    outer loop
      vertex 20.057 0.966263 12
      vertex 19.9661 0.883883 3.8147e-07
      vertex 20.057 0.966263 3.8147e-07
    endloop
  endfacet
  facet normal -0.904141 -0.427235 0
    outer loop
      vertex 22.0048 0.478354 3.8147e-07
      vertex 21.9524 0.589246 12
      vertex 21.9524 0.589246 3.8147e-07
    endloop
  endfacet
  facet normal -0.904141 -0.427235 0
    outer loop
      vertex 21.9524 0.589246 12
      vertex 22.0048 0.478354 3.8147e-07
      vertex 22.0048 0.478354 12
    endloop
  endfacet
  facet normal 0.336842 -0.941561 0
    outer loop
      vertex 20.3716 1.15485 3.8147e-07
      vertex 20.4871 1.19617 12
      vertex 20.3716 1.15485 12
    endloop
  endfacet
  facet normal 0.336842 -0.941561 0
    outer loop
      vertex 20.4871 1.19617 12
      vertex 20.3716 1.15485 3.8147e-07
      vertex 20.4871 1.19617 3.8147e-07
    endloop
  endfacet
  facet normal 0.857602 0.514315 0
    outer loop
      vertex 19.8107 -0.694463 12
      vertex 19.7476 -0.589246 3.8147e-07
      vertex 19.7476 -0.589246 12
    endloop
  endfacet
  facet normal 0.857602 0.514315 0
    outer loop
      vertex 19.7476 -0.589246 3.8147e-07
      vertex 19.8107 -0.694463 12
      vertex 19.8107 -0.694463 3.8147e-07
    endloop
  endfacet
  facet normal 0.989176 0.146737 0
    outer loop
      vertex 19.624 -0.243862 12
      vertex 19.606 -0.122521 3.8147e-07
      vertex 19.606 -0.122521 12
    endloop
  endfacet
  facet normal 0.989176 0.146737 0
    outer loop
      vertex 19.606 -0.122521 3.8147e-07
      vertex 19.624 -0.243862 12
      vertex 19.624 -0.243862 3.8147e-07
    endloop
  endfacet
  facet normal -0.941353 -0.337423 0
    outer loop
      vertex 22.0462 0.362855 3.8147e-07
      vertex 22.0048 0.478354 12
      vertex 22.0048 0.478354 3.8147e-07
    endloop
  endfacet
  facet normal -0.941353 -0.337423 0
    outer loop
      vertex 22.0048 0.478354 12
      vertex 22.0462 0.362855 3.8147e-07
      vertex 22.0462 0.362855 12
    endloop
  endfacet
  facet normal 0.904141 -0.427235 0
    outer loop
      vertex 19.6952 0.478354 12
      vertex 19.7476 0.589246 3.8147e-07
      vertex 19.7476 0.589246 12
    endloop
  endfacet
  facet normal 0.904141 -0.427235 0
    outer loop
      vertex 19.7476 0.589246 3.8147e-07
      vertex 19.6952 0.478354 12
      vertex 19.6952 0.478354 3.8147e-07
    endloop
  endfacet
  facet normal 0.904141 0.427235 0
    outer loop
      vertex 19.7476 -0.589246 12
      vertex 19.6952 -0.478354 3.8147e-07
      vertex 19.6952 -0.478354 12
    endloop
  endfacet
  facet normal 0.904141 0.427235 0
    outer loop
      vertex 19.6952 -0.478354 3.8147e-07
      vertex 19.7476 -0.589246 12
      vertex 19.7476 -0.589246 3.8147e-07
    endloop
  endfacet
  facet normal -0.671528 -0.740979 0
    outer loop
      vertex 21.643 0.966263 3.8147e-07
      vertex 21.7339 0.883883 12
      vertex 21.643 0.966263 12
    endloop
  endfacet
  facet normal -0.671528 -0.740979 -0
    outer loop
      vertex 21.7339 0.883883 12
      vertex 21.643 0.966263 3.8147e-07
      vertex 21.7339 0.883883 3.8147e-07
    endloop
  endfacet
  facet normal -0 0 1
    outer loop
      vertex -63.65 8 1.2
      vertex -62.05 -8 1.2
      vertex -62.05 8 1.2
    endloop
  endfacet
  facet normal 0 0 1
    outer loop
      vertex -62.05 -8 1.2
      vertex -63.65 8 1.2
      vertex -63.65 -8 1.2
    endloop
  endfacet
  facet normal 0 0 -1
    outer loop
      vertex -63.65 -8 2.4
      vertex -62.05 8 2.4
      vertex -62.05 -8 2.4
    endloop
  endfacet
  facet normal -0 0 -1
    outer loop
      vertex -62.05 8 2.4
      vertex -63.65 -8 2.4
      vertex -63.65 8 2.4
    endloop
  endfacet
  facet normal 0 1 -0
    outer loop
      vertex -62.05 -8 1.2
      vertex -63.65 -8 2.4
      vertex -62.05 -8 2.4
    endloop
  endfacet
  facet normal 0 1 0
    outer loop
      vertex -63.65 -8 2.4
      vertex -62.05 -8 1.2
      vertex -63.65 -8 1.2
    endloop
  endfacet
  facet normal 0 -1 0
    outer loop
      vertex -63.65 8 1.2
      vertex -62.05 8 2.4
      vertex -63.65 8 2.4
    endloop
  endfacet
  facet normal 0 -1 -0
    outer loop
      vertex -62.05 8 2.4
      vertex -63.65 8 1.2
      vertex -62.05 8 1.2
    endloop
  endfacet
  facet normal -1 0 0
    outer loop
      vertex -64.45 -3.15 26.95
      vertex -64.45 3.15 33.55
      vertex -64.45 3.15 26.95
    endloop
  endfacet
  facet normal -1 -0 0
    outer loop
      vertex -64.45 3.15 33.55
      vertex -64.45 -3.15 26.95
      vertex -64.45 -3.15 33.55
    endloop
  endfacet
  facet normal -0 0 1
    outer loop
      vertex -68.65 3.15 26.95
      vertex -64.45 -3.15 26.95
      vertex -64.45 3.15 26.95
    endloop
  endfacet
  facet normal 0 0 1
    outer loop
      vertex -64.45 -3.15 26.95
      vertex -68.65 3.15 26.95
      vertex -68.65 -3.15 26.95
    endloop
  endfacet
  facet normal 0 0 -1
    outer loop
      vertex -68.65 -3.15 33.55
      vertex -64.45 3.15 33.55
      vertex -64.45 -3.15 33.55
    endloop
  endfacet
  facet normal -0 0 -1
    outer loop
      vertex -64.45 3.15 33.55
      vertex -68.65 -3.15 33.55
      vertex -68.65 3.15 33.55
    endloop
  endfacet
  facet normal 1 -0 0
    outer loop
      vertex -68.65 -3.15 33.55
      vertex -68.65 3.15 26.95
      vertex -68.65 3.15 33.55
    endloop
  endfacet
  facet normal 1 0 0
    outer loop
      vertex -68.65 3.15 26.95
      vertex -68.65 -3.15 33.55
      vertex -68.65 -3.15 26.95
    endloop
  endfacet
  facet normal 0 1 -0
    outer loop
      vertex -64.45 -3.15 26.95
      vertex -68.65 -3.15 33.55
      vertex -64.45 -3.15 33.55
    endloop
  endfacet
  facet normal 0 1 0
    outer loop
      vertex -68.65 -3.15 33.55
      vertex -64.45 -3.15 26.95
      vertex -68.65 -3.15 26.95
    endloop
  endfacet
  facet normal 0 -1 0
    outer loop
      vertex -68.65 3.15 26.95
      vertex -64.45 3.15 33.55
      vertex -68.65 3.15 33.55
    endloop
  endfacet
  facet normal 0 -1 -0
    outer loop
      vertex -64.45 3.15 33.55
      vertex -68.65 3.15 26.95
      vertex -64.45 3.15 26.95
    endloop
  endfacet
  facet normal -1 0 0
    outer loop
      vertex 29.05 -3.15 26.95
      vertex 29.05 3.15 33.55
      vertex 29.05 3.15 26.95
    endloop
  endfacet
  facet normal -1 -0 0
    outer loop
      vertex 29.05 3.15 33.55
      vertex 29.05 -3.15 26.95
      vertex 29.05 -3.15 33.55
    endloop
  endfacet
  facet normal -0 0 1
    outer loop
      vertex 24.85 3.15 26.95
      vertex 29.05 -3.15 26.95
      vertex 29.05 3.15 26.95
    endloop
  endfacet
  facet normal 0 0 1
    outer loop
      vertex 29.05 -3.15 26.95
      vertex 24.85 3.15 26.95
      vertex 24.85 -3.15 26.95
    endloop
  endfacet
  facet normal 0 0 -1
    outer loop
      vertex 24.85 -3.15 33.55
      vertex 29.05 3.15 33.55
      vertex 29.05 -3.15 33.55
    endloop
  endfacet
  facet normal -0 0 -1
    outer loop
      vertex 29.05 3.15 33.55
      vertex 24.85 -3.15 33.55
      vertex 24.85 3.15 33.55
    endloop
  endfacet
  facet normal 1 -0 0
    outer loop
      vertex 24.85 -3.15 33.55
      vertex 24.85 3.15 26.95
      vertex 24.85 3.15 33.55
    endloop
  endfacet
  facet normal 1 0 0
    outer loop
      vertex 24.85 3.15 26.95
      vertex 24.85 -3.15 33.55
      vertex 24.85 -3.15 26.95
    endloop
  endfacet
  facet normal 0 1 -0
    outer loop
      vertex 29.05 -3.15 26.95
      vertex 24.85 -3.15 33.55
      vertex 29.05 -3.15 33.55
    endloop
  endfacet
  facet normal 0 1 0
    outer loop
      vertex 24.85 -3.15 33.55
      vertex 29.05 -3.15 26.95
      vertex 24.85 -3.15 26.95
    endloop
  endfacet
  facet normal 0 -1 0
    outer loop
      vertex 24.85 3.15 26.95
      vertex 29.05 3.15 33.55
      vertex 24.85 3.15 33.55
    endloop
  endfacet
  facet normal 0 -1 -0
    outer loop
      vertex 29.05 3.15 33.55
      vertex 24.85 3.15 26.95
      vertex 29.05 3.15 26.95
    endloop
  endfacet
endsolid OpenSCAD_Model
