solid OpenSCAD_Model
  facet normal 1 -0 0
    outer loop
      vertex 6 6.39054 2
      vertex 6 9 -7.62939e-07
      vertex 6 9 2
    endloop
  endfacet
  facet normal 1 -0 0
    outer loop
      vertex 6 6 1.59099
      vertex 6 9 -7.62939e-07
      vertex 6 6.39054 2
    endloop
  endfacet
  facet normal 1 -0 0
    outer loop
      vertex 6 5.50869 1.12462
      vertex 6 9 -7.62939e-07
      vertex 6 6 1.59099
    endloop
  endfacet
  facet normal 1 -0 0
    outer loop
      vertex 6 4.92407 0.569688
      vertex 6 9 -7.62939e-07
      vertex 6 5.50869 1.12462
    endloop
  endfacet
  facet normal 1 0 0
    outer loop
      vertex 6 4.48501 -7.62939e-07
      vertex 6 4.92407 0.569688
      vertex 6 4.48501 0.2
    endloop
  endfacet
  facet normal 1 0 0
    outer loop
      vertex 6 4.92407 0.569688
      vertex 6 4.48501 -7.62939e-07
      vertex 6 9 -7.62939e-07
    endloop
  endfacet
  facet normal 1 0 0
    outer loop
      vertex 6 -4.92407 0.569688
      vertex 6 -4.48501 -7.62939e-07
      vertex 6 -4.48501 0.2
    endloop
  endfacet
  facet normal 1 0 0
    outer loop
      vertex 6 -9 -7.62939e-07
      vertex 6 -4.92407 0.569688
      vertex 6 -5.50869 1.12462
    endloop
  endfacet
  facet normal 1 0 0
    outer loop
      vertex 6 -9 -7.62939e-07
      vertex 6 -5.50869 1.12462
      vertex 6 -6 1.59099
    endloop
  endfacet
  facet normal 1 0 0
    outer loop
      vertex 6 -9 -7.62939e-07
      vertex 6 -6 1.59099
      vertex 6 -6.39054 2
    endloop
  endfacet
  facet normal 1 0 0
    outer loop
      vertex 6 -9 -7.62939e-07
      vertex 6 -6.39054 2
      vertex 6 -9 2
    endloop
  endfacet
  facet normal 1 0 0
    outer loop
      vertex 6 -4.92407 0.569688
      vertex 6 -9 -7.62939e-07
      vertex 6 -4.48501 -7.62939e-07
    endloop
  endfacet
  facet normal 0 0 1
    outer loop
      vertex 6 9 2
      vertex 5.70314 6.6596 2
      vertex 6 6.39054 2
    endloop
  endfacet
  facet normal 0 0 1
    outer loop
      vertex 6 9 2
      vertex 5.5668 6.78317 2
      vertex 5.70314 6.6596 2
    endloop
  endfacet
  facet normal 0 0 1
    outer loop
      vertex 6 9 2
      vertex 5.41901 6.89278 2
      vertex 5.5668 6.78317 2
    endloop
  endfacet
  facet normal 0 0 1
    outer loop
      vertex 6 9 2
      vertex 4.87513 7.29614 2
      vertex 5.41901 6.89278 2
    endloop
  endfacet
  facet normal 0 0 1
    outer loop
      vertex 6 9 2
      vertex 4.7173 7.39074 2
      vertex 4.87513 7.29614 2
    endloop
  endfacet
  facet normal 0 0 1
    outer loop
      vertex 6 9 2
      vertex 4.13651 7.73886 2
      vertex 4.7173 7.39074 2
    endloop
  endfacet
  facet normal 0 0 1
    outer loop
      vertex 6 9 2
      vertex 3.52438 8.02837 2
      vertex 4.13651 7.73886 2
    endloop
  endfacet
  facet normal 0 0 1
    outer loop
      vertex 6 9 2
      vertex 3.35805 8.10704 2
      vertex 3.52438 8.02837 2
    endloop
  endfacet
  facet normal 0 0 1
    outer loop
      vertex 6 9 2
      vertex 3.1848 8.16903 2
      vertex 3.35805 8.10704 2
    endloop
  endfacet
  facet normal 0 0 1
    outer loop
      vertex 6 9 2
      vertex 2.54725 8.39715 2
      vertex 3.1848 8.16903 2
    endloop
  endfacet
  facet normal 0 0 1
    outer loop
      vertex 6 9 2
      vertex 1.89041 8.56168 2
      vertex 2.54725 8.39715 2
    endloop
  endfacet
  facet normal 0 0 1
    outer loop
      vertex 6 9 2
      vertex 1.71192 8.60639 2
      vertex 1.89041 8.56168 2
    endloop
  endfacet
  facet normal 0 0 1
    outer loop
      vertex 6 9 2
      vertex 1.5299 8.63339 2
      vertex 1.71192 8.60639 2
    endloop
  endfacet
  facet normal 0 0 1
    outer loop
      vertex 6 9 2
      vertex 0.8601 8.73275 2
      vertex 1.5299 8.63339 2
    endloop
  endfacet
  facet normal 0 0 1
    outer loop
      vertex 6 9 2
      vertex 0.183782 8.76597 2
      vertex 0.8601 8.73275 2
    endloop
  endfacet
  facet normal 0 0 1
    outer loop
      vertex 6 9 2
      vertex 0 8.775 2
      vertex 0.183782 8.76597 2
    endloop
  endfacet
  facet normal 0 0 1
    outer loop
      vertex -6 9 2
      vertex -1.5299 8.63339 2
      vertex -0.8601 8.73275 2
    endloop
  endfacet
  facet normal 0 0 1
    outer loop
      vertex -6 9 2
      vertex -3.1848 8.16903 2
      vertex -2.54725 8.39715 2
    endloop
  endfacet
  facet normal 0 0 1
    outer loop
      vertex -6 9 2
      vertex -3.52438 8.02837 2
      vertex -3.35805 8.10704 2
    endloop
  endfacet
  facet normal -0 0 1
    outer loop
      vertex -6 9 2
      vertex 0 8.775 2
      vertex 6 9 2
    endloop
  endfacet
  facet normal 0 0 1
    outer loop
      vertex -6 9 2
      vertex -0.183782 8.76597 2
      vertex 0 8.775 2
    endloop
  endfacet
  facet normal 0 0 1
    outer loop
      vertex -6 9 2
      vertex -0.8601 8.73275 2
      vertex -0.183782 8.76597 2
    endloop
  endfacet
  facet normal 0 0 1
    outer loop
      vertex -1.5299 8.63339 2
      vertex -6 9 2
      vertex -1.71192 8.60639 2
    endloop
  endfacet
  facet normal 0 0 1
    outer loop
      vertex -6 9 2
      vertex -1.89041 8.56168 2
      vertex -1.71192 8.60639 2
    endloop
  endfacet
  facet normal 0 0 1
    outer loop
      vertex -6 9 2
      vertex -2.54725 8.39715 2
      vertex -1.89041 8.56168 2
    endloop
  endfacet
  facet normal 0 0 1
    outer loop
      vertex -3.1848 8.16903 2
      vertex -6 9 2
      vertex -3.35805 8.10704 2
    endloop
  endfacet
  facet normal 0 0 1
    outer loop
      vertex -3.52438 8.02837 2
      vertex -6 9 2
      vertex -4.13651 7.73886 2
    endloop
  endfacet
  facet normal 0 0 1
    outer loop
      vertex -6 9 2
      vertex -4.7173 7.39074 2
      vertex -4.13651 7.73886 2
    endloop
  endfacet
  facet normal 0 0 1
    outer loop
      vertex -6 9 2
      vertex -4.87513 7.29614 2
      vertex -4.7173 7.39074 2
    endloop
  endfacet
  facet normal 0 0 1
    outer loop
      vertex -6 9 2
      vertex -5.41901 6.89278 2
      vertex -4.87513 7.29614 2
    endloop
  endfacet
  facet normal 0 0 1
    outer loop
      vertex -6 9 2
      vertex -5.5668 6.78317 2
      vertex -5.41901 6.89278 2
    endloop
  endfacet
  facet normal 0 0 1
    outer loop
      vertex -6 9 2
      vertex -5.70314 6.6596 2
      vertex -5.5668 6.78317 2
    endloop
  endfacet
  facet normal 0 0 1
    outer loop
      vertex -5.70314 6.6596 2
      vertex -6 9 2
      vertex -6 6.39054 2
    endloop
  endfacet
  facet normal -0 0 1
    outer loop
      vertex 5.70314 -6.6596 2
      vertex 6 -9 2
      vertex 6 -6.39054 2
    endloop
  endfacet
  facet normal -0 0 1
    outer loop
      vertex 5.5668 -6.78317 2
      vertex 6 -9 2
      vertex 5.70314 -6.6596 2
    endloop
  endfacet
  facet normal -0 0 1
    outer loop
      vertex 5.41901 -6.89278 2
      vertex 6 -9 2
      vertex 5.5668 -6.78317 2
    endloop
  endfacet
  facet normal -0 0 1
    outer loop
      vertex 4.87513 -7.29614 2
      vertex 6 -9 2
      vertex 5.41901 -6.89278 2
    endloop
  endfacet
  facet normal -0 0 1
    outer loop
      vertex 4.7173 -7.39074 2
      vertex 6 -9 2
      vertex 4.87513 -7.29614 2
    endloop
  endfacet
  facet normal -0 0 1
    outer loop
      vertex 4.13651 -7.73886 2
      vertex 6 -9 2
      vertex 4.7173 -7.39074 2
    endloop
  endfacet
  facet normal -0 0 1
    outer loop
      vertex 3.52438 -8.02837 2
      vertex 6 -9 2
      vertex 4.13651 -7.73886 2
    endloop
  endfacet
  facet normal -0 0 1
    outer loop
      vertex 3.35805 -8.10704 2
      vertex 6 -9 2
      vertex 3.52438 -8.02837 2
    endloop
  endfacet
  facet normal -0 0 1
    outer loop
      vertex 3.1848 -8.16903 2
      vertex 6 -9 2
      vertex 3.35805 -8.10704 2
    endloop
  endfacet
  facet normal -0 0 1
    outer loop
      vertex 2.54725 -8.39715 2
      vertex 6 -9 2
      vertex 3.1848 -8.16903 2
    endloop
  endfacet
  facet normal -0 0 1
    outer loop
      vertex 1.89041 -8.56168 2
      vertex 6 -9 2
      vertex 2.54725 -8.39715 2
    endloop
  endfacet
  facet normal -0 0 1
    outer loop
      vertex 1.71192 -8.60639 2
      vertex 6 -9 2
      vertex 1.89041 -8.56168 2
    endloop
  endfacet
  facet normal -0 0 1
    outer loop
      vertex 1.5299 -8.63339 2
      vertex 6 -9 2
      vertex 1.71192 -8.60639 2
    endloop
  endfacet
  facet normal -0 0 1
    outer loop
      vertex 0.8601 -8.73275 2
      vertex 6 -9 2
      vertex 1.5299 -8.63339 2
    endloop
  endfacet
  facet normal -0 0 1
    outer loop
      vertex 0.183782 -8.76597 2
      vertex 6 -9 2
      vertex 0.8601 -8.73275 2
    endloop
  endfacet
  facet normal -0 0 1
    outer loop
      vertex 0 -8.775 2
      vertex 6 -9 2
      vertex 0.183782 -8.76597 2
    endloop
  endfacet
  facet normal 0 0 1
    outer loop
      vertex -6 -9 2
      vertex -1.5299 -8.63339 2
      vertex -1.71192 -8.60639 2
    endloop
  endfacet
  facet normal 0 0 1
    outer loop
      vertex -6 -9 2
      vertex -3.1848 -8.16903 2
      vertex -3.35805 -8.10704 2
    endloop
  endfacet
  facet normal 0 0 1
    outer loop
      vertex -6 -9 2
      vertex -3.52438 -8.02837 2
      vertex -4.13651 -7.73886 2
    endloop
  endfacet
  facet normal 0 0 1
    outer loop
      vertex 0 -8.775 2
      vertex -6 -9 2
      vertex 6 -9 2
    endloop
  endfacet
  facet normal 0 0 1
    outer loop
      vertex -0.183782 -8.76597 2
      vertex -6 -9 2
      vertex 0 -8.775 2
    endloop
  endfacet
  facet normal 0 0 1
    outer loop
      vertex -0.8601 -8.73275 2
      vertex -6 -9 2
      vertex -0.183782 -8.76597 2
    endloop
  endfacet
  facet normal 0 0 1
    outer loop
      vertex -1.5299 -8.63339 2
      vertex -6 -9 2
      vertex -0.8601 -8.73275 2
    endloop
  endfacet
  facet normal 0 0 1
    outer loop
      vertex -1.89041 -8.56168 2
      vertex -6 -9 2
      vertex -1.71192 -8.60639 2
    endloop
  endfacet
  facet normal 0 0 1
    outer loop
      vertex -2.54725 -8.39715 2
      vertex -6 -9 2
      vertex -1.89041 -8.56168 2
    endloop
  endfacet
  facet normal 0 0 1
    outer loop
      vertex -3.1848 -8.16903 2
      vertex -6 -9 2
      vertex -2.54725 -8.39715 2
    endloop
  endfacet
  facet normal 0 0 1
    outer loop
      vertex -3.52438 -8.02837 2
      vertex -6 -9 2
      vertex -3.35805 -8.10704 2
    endloop
  endfacet
  facet normal 0 0 1
    outer loop
      vertex -4.7173 -7.39074 2
      vertex -6 -9 2
      vertex -4.13651 -7.73886 2
    endloop
  endfacet
  facet normal 0 0 1
    outer loop
      vertex -4.87513 -7.29614 2
      vertex -6 -9 2
      vertex -4.7173 -7.39074 2
    endloop
  endfacet
  facet normal 0 0 1
    outer loop
      vertex -5.41901 -6.89278 2
      vertex -6 -9 2
      vertex -4.87513 -7.29614 2
    endloop
  endfacet
  facet normal 0 0 1
    outer loop
      vertex -5.5668 -6.78317 2
      vertex -6 -9 2
      vertex -5.41901 -6.89278 2
    endloop
  endfacet
  facet normal 0 0 1
    outer loop
      vertex -5.70314 -6.6596 2
      vertex -6 -9 2
      vertex -5.5668 -6.78317 2
    endloop
  endfacet
  facet normal 0 0 1
    outer loop
      vertex -6 -9 2
      vertex -5.70314 -6.6596 2
      vertex -6 -6.39054 2
    endloop
  endfacet
  facet normal 0 0 -1
    outer loop
      vertex -6.61441 -3.53547 -7.62939e-07
      vertex -6 -4.48501 -7.62939e-07
      vertex -6.23602 -4.16678 -7.62939e-07
    endloop
  endfacet
  facet normal 0 0 -1
    outer loop
      vertex -6 -4.48501 -7.62939e-07
      vertex -6.61441 -3.53547 -7.62939e-07
      vertex -6 4.48501 -7.62939e-07
    endloop
  endfacet
  facet normal 0 0 -1
    outer loop
      vertex -6.61441 3.53547 -7.62939e-07
      vertex -6 4.48501 -7.62939e-07
      vertex -6.61441 -3.53547 -7.62939e-07
    endloop
  endfacet
  facet normal 0 0 -1
    outer loop
      vertex -6 4.48501 -7.62939e-07
      vertex -6.61441 3.53547 -7.62939e-07
      vertex -6.23602 4.16678 -7.62939e-07
    endloop
  endfacet
  facet normal 0 0 -1
    outer loop
      vertex -6.9291 -2.87012 -7.62939e-07
      vertex -6.61441 3.53547 -7.62939e-07
      vertex -6.61441 -3.53547 -7.62939e-07
    endloop
  endfacet
  facet normal 0 0 -1
    outer loop
      vertex -6.9291 -2.87012 -7.62939e-07
      vertex -6.9291 2.87012 -7.62939e-07
      vertex -6.61441 3.53547 -7.62939e-07
    endloop
  endfacet
  facet normal 0 0 -1
    outer loop
      vertex -7.17705 -2.17713 -7.62939e-07
      vertex -6.9291 2.87012 -7.62939e-07
      vertex -6.9291 -2.87012 -7.62939e-07
    endloop
  endfacet
  facet normal 0 0 -1
    outer loop
      vertex -7.17705 -2.17713 -7.62939e-07
      vertex -7.17705 2.17713 -7.62939e-07
      vertex -6.9291 2.87012 -7.62939e-07
    endloop
  endfacet
  facet normal 0 0 -1
    outer loop
      vertex -7.35589 -1.46318 -7.62939e-07
      vertex -7.17705 2.17713 -7.62939e-07
      vertex -7.17705 -2.17713 -7.62939e-07
    endloop
  endfacet
  facet normal 0 0 -1
    outer loop
      vertex -7.35589 -1.46318 -7.62939e-07
      vertex -7.35589 1.46318 -7.62939e-07
      vertex -7.17705 2.17713 -7.62939e-07
    endloop
  endfacet
  facet normal 0 0 -1
    outer loop
      vertex -7.46389 -0.735128 -7.62939e-07
      vertex -7.35589 1.46318 -7.62939e-07
      vertex -7.35589 -1.46318 -7.62939e-07
    endloop
  endfacet
  facet normal 0 0 -1
    outer loop
      vertex -7.46389 -0.735128 -7.62939e-07
      vertex -7.46389 0.735128 -7.62939e-07
      vertex -7.35589 1.46318 -7.62939e-07
    endloop
  endfacet
  facet normal 0 -0 -1
    outer loop
      vertex -7.46389 0.735128 -7.62939e-07
      vertex -7.46389 -0.735128 -7.62939e-07
      vertex -7.5 0 -7.62939e-07
    endloop
  endfacet
  facet normal 0 0 -1
    outer loop
      vertex -6 -4.48501 -7.62939e-07
      vertex 6 -4.48501 -7.62939e-07
      vertex 6 -9 -7.62939e-07
    endloop
  endfacet
  facet normal 0 0 -1
    outer loop
      vertex 6 -4.48501 -7.62939e-07
      vertex -6 -4.48501 -7.62939e-07
      vertex 6 4.48501 -7.62939e-07
    endloop
  endfacet
  facet normal 0 0 -1
    outer loop
      vertex -6 -4.48501 -7.62939e-07
      vertex 6 -9 -7.62939e-07
      vertex -6 -9 -7.62939e-07
    endloop
  endfacet
  facet normal 0 0 -1
    outer loop
      vertex -6 4.48501 -7.62939e-07
      vertex 6 4.48501 -7.62939e-07
      vertex -6 -4.48501 -7.62939e-07
    endloop
  endfacet
  facet normal 0 0 -1
    outer loop
      vertex 6 4.48501 -7.62939e-07
      vertex -6 4.48501 -7.62939e-07
      vertex 6 9 -7.62939e-07
    endloop
  endfacet
  facet normal -0 0 -1
    outer loop
      vertex 6 9 -7.62939e-07
      vertex -6 4.48501 -7.62939e-07
      vertex -6 9 -7.62939e-07
    endloop
  endfacet
  facet normal 0 0 -1
    outer loop
      vertex 7.46389 -0.735128 -7.62939e-07
      vertex 7.46389 0.735128 -7.62939e-07
      vertex 7.5 0 -7.62939e-07
    endloop
  endfacet
  facet normal 0 0 -1
    outer loop
      vertex 7.35589 -1.46318 -7.62939e-07
      vertex 7.46389 0.735128 -7.62939e-07
      vertex 7.46389 -0.735128 -7.62939e-07
    endloop
  endfacet
  facet normal 0 0 -1
    outer loop
      vertex 7.35589 -1.46318 -7.62939e-07
      vertex 7.35589 1.46318 -7.62939e-07
      vertex 7.46389 0.735128 -7.62939e-07
    endloop
  endfacet
  facet normal 0 0 -1
    outer loop
      vertex 7.17705 -2.17713 -7.62939e-07
      vertex 7.35589 1.46318 -7.62939e-07
      vertex 7.35589 -1.46318 -7.62939e-07
    endloop
  endfacet
  facet normal 0 0 -1
    outer loop
      vertex 7.17705 -2.17713 -7.62939e-07
      vertex 7.17705 2.17713 -7.62939e-07
      vertex 7.35589 1.46318 -7.62939e-07
    endloop
  endfacet
  facet normal 0 0 -1
    outer loop
      vertex 6.9291 -2.87012 -7.62939e-07
      vertex 7.17705 2.17713 -7.62939e-07
      vertex 7.17705 -2.17713 -7.62939e-07
    endloop
  endfacet
  facet normal 0 0 -1
    outer loop
      vertex 6.9291 -2.87012 -7.62939e-07
      vertex 6.9291 2.87012 -7.62939e-07
      vertex 7.17705 2.17713 -7.62939e-07
    endloop
  endfacet
  facet normal 0 0 -1
    outer loop
      vertex 6.61441 -3.53547 -7.62939e-07
      vertex 6.9291 2.87012 -7.62939e-07
      vertex 6.9291 -2.87012 -7.62939e-07
    endloop
  endfacet
  facet normal 0 0 -1
    outer loop
      vertex 6.61441 -3.53547 -7.62939e-07
      vertex 6.61441 3.53547 -7.62939e-07
      vertex 6.9291 2.87012 -7.62939e-07
    endloop
  endfacet
  facet normal 0 0 -1
    outer loop
      vertex 6 -4.48501 -7.62939e-07
      vertex 6.61441 -3.53547 -7.62939e-07
      vertex 6.23602 -4.16678 -7.62939e-07
    endloop
  endfacet
  facet normal -0 0 -1
    outer loop
      vertex 6.61441 -3.53547 -7.62939e-07
      vertex 6 -4.48501 -7.62939e-07
      vertex 6.61441 3.53547 -7.62939e-07
    endloop
  endfacet
  facet normal 0 0 -1
    outer loop
      vertex 6 4.48501 -7.62939e-07
      vertex 6.61441 3.53547 -7.62939e-07
      vertex 6 -4.48501 -7.62939e-07
    endloop
  endfacet
  facet normal 0 0 -1
    outer loop
      vertex 6.61441 3.53547 -7.62939e-07
      vertex 6 4.48501 -7.62939e-07
      vertex 6.23602 4.16678 -7.62939e-07
    endloop
  endfacet
  facet normal -1 0 0
    outer loop
      vertex -6 9 -7.62939e-07
      vertex -6 6.39054 2
      vertex -6 9 2
    endloop
  endfacet
  facet normal -1 0 0
    outer loop
      vertex -6 9 -7.62939e-07
      vertex -6 6 1.59099
      vertex -6 6.39054 2
    endloop
  endfacet
  facet normal -1 0 0
    outer loop
      vertex -6 9 -7.62939e-07
      vertex -6 5.50869 1.12462
      vertex -6 6 1.59099
    endloop
  endfacet
  facet normal -1 0 0
    outer loop
      vertex -6 9 -7.62939e-07
      vertex -6 4.92407 0.569688
      vertex -6 5.50869 1.12462
    endloop
  endfacet
  facet normal -1 0 0
    outer loop
      vertex -6 4.48501 -7.62939e-07
      vertex -6 4.92407 0.569688
      vertex -6 9 -7.62939e-07
    endloop
  endfacet
  facet normal -1 0 0
    outer loop
      vertex -6 4.92407 0.569688
      vertex -6 4.48501 -7.62939e-07
      vertex -6 4.48501 0.2
    endloop
  endfacet
  facet normal -1 0 0
    outer loop
      vertex -6 -4.48501 -7.62939e-07
      vertex -6 -4.92407 0.569688
      vertex -6 -4.48501 0.2
    endloop
  endfacet
  facet normal -1 0 0
    outer loop
      vertex -6 -9 -7.62939e-07
      vertex -6 -4.92407 0.569688
      vertex -6 -4.48501 -7.62939e-07
    endloop
  endfacet
  facet normal -1 -0 0
    outer loop
      vertex -6 -4.92407 0.569688
      vertex -6 -9 -7.62939e-07
      vertex -6 -5.50869 1.12462
    endloop
  endfacet
  facet normal -1 -0 0
    outer loop
      vertex -6 -5.50869 1.12462
      vertex -6 -9 -7.62939e-07
      vertex -6 -6 1.59099
    endloop
  endfacet
  facet normal -1 -0 0
    outer loop
      vertex -6 -6 1.59099
      vertex -6 -9 -7.62939e-07
      vertex -6 -6.39054 2
    endloop
  endfacet
  facet normal -1 -0 0
    outer loop
      vertex -6 -6.39054 2
      vertex -6 -9 -7.62939e-07
      vertex -6 -9 2
    endloop
  endfacet
  facet normal 0 1 -0
    outer loop
      vertex 6 9 -7.62939e-07
      vertex -6 9 2
      vertex 6 9 2
    endloop
  endfacet
  facet normal 0 1 0
    outer loop
      vertex -6 9 2
      vertex 6 9 -7.62939e-07
      vertex -6 9 -7.62939e-07
    endloop
  endfacet
  facet normal 0 -1 0
    outer loop
      vertex -6 -9 -7.62939e-07
      vertex 6 -9 2
      vertex -6 -9 2
    endloop
  endfacet
  facet normal 0 -1 -0
    outer loop
      vertex 6 -9 2
      vertex -6 -9 -7.62939e-07
      vertex 6 -9 -7.62939e-07
    endloop
  endfacet
  facet normal 0.740949 0.671562 0
    outer loop
      vertex 5.79758 4.75795 6.6
      vertex 5.3033 5.3033 2.6
      vertex 5.3033 5.3033 6.6
    endloop
  endfacet
  facet normal 0.740949 0.671562 0
    outer loop
      vertex 5.3033 5.3033 2.6
      vertex 5.79758 4.75795 6.6
      vertex 5.79758 4.75795 2.6
    endloop
  endfacet
  facet normal 0.989176 0.146735 0
    outer loop
      vertex 7.46389 0.735128 0.2
      vertex 7.35589 1.46318 -7.62939e-07
      vertex 7.35589 1.46318 0.2
    endloop
  endfacet
  facet normal 0.989176 0.146735 0
    outer loop
      vertex 7.35589 1.46318 -7.62939e-07
      vertex 7.46389 0.735128 0.2
      vertex 7.46389 0.735128 -7.62939e-07
    endloop
  endfacet
  facet normal 0.989176 0.146735 0
    outer loop
      vertex 7.46389 0.735128 6.6
      vertex 7.35589 1.46318 2.6
      vertex 7.35589 1.46318 6.6
    endloop
  endfacet
  facet normal 0.989176 0.146735 0
    outer loop
      vertex 7.35589 1.46318 2.6
      vertex 7.46389 0.735128 6.6
      vertex 7.46389 0.735128 2.6
    endloop
  endfacet
  facet normal 0.998796 0.0490615 0
    outer loop
      vertex 7.5 0 0.2
      vertex 7.46389 0.735128 -7.62939e-07
      vertex 7.46389 0.735128 0.2
    endloop
  endfacet
  facet normal 0.998796 0.0490615 0
    outer loop
      vertex 7.46389 0.735128 -7.62939e-07
      vertex 7.5 0 0.2
      vertex 7.5 0 -7.62939e-07
    endloop
  endfacet
  facet normal 0.998796 0.0490615 0
    outer loop
      vertex 7.5 0 6.6
      vertex 7.46389 0.735128 2.6
      vertex 7.46389 0.735128 6.6
    endloop
  endfacet
  facet normal 0.998796 0.0490615 0
    outer loop
      vertex 7.46389 0.735128 2.6
      vertex 7.5 0 6.6
      vertex 7.5 0 2.6
    endloop
  endfacet
  facet normal 0.97003 0.242986 0
    outer loop
      vertex 7.35589 1.46318 0.2
      vertex 7.17705 2.17713 -7.62939e-07
      vertex 7.17705 2.17713 0.2
    endloop
  endfacet
  facet normal 0.97003 0.242986 0
    outer loop
      vertex 7.17705 2.17713 -7.62939e-07
      vertex 7.35589 1.46318 0.2
      vertex 7.35589 1.46318 -7.62939e-07
    endloop
  endfacet
  facet normal 0.97003 0.242986 0
    outer loop
      vertex 7.35589 1.46318 6.6
      vertex 7.17705 2.17713 2.6
      vertex 7.17705 2.17713 6.6
    endloop
  endfacet
  facet normal 0.97003 0.242986 0
    outer loop
      vertex 7.17705 2.17713 2.6
      vertex 7.35589 1.46318 6.6
      vertex 7.35589 1.46318 2.6
    endloop
  endfacet
  facet normal 0.336883 -0.941547 0
    outer loop
      vertex 2.17713 -7.17705 2.6
      vertex 2.87012 -6.9291 6.6
      vertex 2.17713 -7.17705 6.6
    endloop
  endfacet
  facet normal 0.336883 -0.941547 0
    outer loop
      vertex 2.87012 -6.9291 6.6
      vertex 2.17713 -7.17705 2.6
      vertex 2.87012 -6.9291 2.6
    endloop
  endfacet
  facet normal 0.85773 0.5141 0
    outer loop
      vertex 6.61441 3.53547 0.2
      vertex 6.23602 4.16678 -7.62939e-07
      vertex 6.23602 4.16678 0.2
    endloop
  endfacet
  facet normal 0.85773 0.5141 0
    outer loop
      vertex 6.23602 4.16678 -7.62939e-07
      vertex 6.61441 3.53547 0.2
      vertex 6.61441 3.53547 -7.62939e-07
    endloop
  endfacet
  facet normal 0.85773 0.5141 0
    outer loop
      vertex 6.61441 3.53547 6.6
      vertex 6.23602 4.16678 2.6
      vertex 6.23602 4.16678 6.6
    endloop
  endfacet
  facet normal 0.85773 0.5141 0
    outer loop
      vertex 6.23602 4.16678 2.6
      vertex 6.61441 3.53547 6.6
      vertex 6.61441 3.53547 2.6
    endloop
  endfacet
  facet normal 0.941547 0.336883 0
    outer loop
      vertex 7.17705 2.17713 0.2
      vertex 6.9291 2.87012 -7.62939e-07
      vertex 6.9291 2.87012 0.2
    endloop
  endfacet
  facet normal 0.941547 0.336883 0
    outer loop
      vertex 6.9291 2.87012 -7.62939e-07
      vertex 7.17705 2.17713 0.2
      vertex 7.17705 2.17713 -7.62939e-07
    endloop
  endfacet
  facet normal 0.941547 0.336883 0
    outer loop
      vertex 7.17705 2.17713 6.6
      vertex 6.9291 2.87012 2.6
      vertex 6.9291 2.87012 6.6
    endloop
  endfacet
  facet normal 0.941547 0.336883 0
    outer loop
      vertex 6.9291 2.87012 2.6
      vertex 7.17705 2.17713 6.6
      vertex 7.17705 2.17713 2.6
    endloop
  endfacet
  facet normal 0.242986 0.97003 -0
    outer loop
      vertex 2.17713 7.17705 2.6
      vertex 1.46318 7.35589 6.6
      vertex 2.17713 7.17705 6.6
    endloop
  endfacet
  facet normal 0.242986 0.97003 0
    outer loop
      vertex 1.46318 7.35589 6.6
      vertex 2.17713 7.17705 2.6
      vertex 1.46318 7.35589 2.6
    endloop
  endfacet
  facet normal -0.740949 0.671562 0
    outer loop
      vertex -5.79758 4.75795 2.6
      vertex -5.3033 5.3033 6.6
      vertex -5.3033 5.3033 2.6
    endloop
  endfacet
  facet normal -0.740949 0.671562 0
    outer loop
      vertex -5.3033 5.3033 6.6
      vertex -5.79758 4.75795 2.6
      vertex -5.79758 4.75795 6.6
    endloop
  endfacet
  facet normal 0.0490615 -0.998796 0
    outer loop
      vertex 0 -7.5 2.6
      vertex 0.735128 -7.46389 6.6
      vertex 0 -7.5 6.6
    endloop
  endfacet
  facet normal 0.0490615 -0.998796 0
    outer loop
      vertex 0.735128 -7.46389 6.6
      vertex 0 -7.5 2.6
      vertex 0.735128 -7.46389 2.6
    endloop
  endfacet
  facet normal 0.427558 0.903988 -0
    outer loop
      vertex 3.53547 6.61441 2.6
      vertex 2.87012 6.9291 6.6
      vertex 3.53547 6.61441 6.6
    endloop
  endfacet
  facet normal 0.427558 0.903988 0
    outer loop
      vertex 2.87012 6.9291 6.6
      vertex 3.53547 6.61441 2.6
      vertex 2.87012 6.9291 2.6
    endloop
  endfacet
  facet normal 0.671562 0.740949 -0
    outer loop
      vertex 5.3033 5.3033 2.6
      vertex 4.75795 5.79758 6.6
      vertex 5.3033 5.3033 6.6
    endloop
  endfacet
  facet normal 0.671562 0.740949 0
    outer loop
      vertex 4.75795 5.79758 6.6
      vertex 5.3033 5.3033 2.6
      vertex 4.75795 5.79758 2.6
    endloop
  endfacet
  facet normal -0.595698 -0.803209 0
    outer loop
      vertex -4.75795 -5.79758 2.6
      vertex -4.16678 -6.23602 6.6
      vertex -4.75795 -5.79758 6.6
    endloop
  endfacet
  facet normal -0.595698 -0.803209 -0
    outer loop
      vertex -4.16678 -6.23602 6.6
      vertex -4.75795 -5.79758 2.6
      vertex -4.16678 -6.23602 2.6
    endloop
  endfacet
  facet normal 0.242986 -0.97003 0
    outer loop
      vertex 1.46318 -7.35589 2.6
      vertex 2.17713 -7.17705 6.6
      vertex 1.46318 -7.35589 6.6
    endloop
  endfacet
  facet normal 0.242986 -0.97003 0
    outer loop
      vertex 2.17713 -7.17705 6.6
      vertex 1.46318 -7.35589 2.6
      vertex 2.17713 -7.17705 2.6
    endloop
  endfacet
  facet normal 0.989176 -0.146735 0
    outer loop
      vertex 7.35589 -1.46318 6.6
      vertex 7.46389 -0.735128 2.6
      vertex 7.46389 -0.735128 6.6
    endloop
  endfacet
  facet normal 0.989176 -0.146735 0
    outer loop
      vertex 7.46389 -0.735128 2.6
      vertex 7.35589 -1.46318 6.6
      vertex 7.35589 -1.46318 2.6
    endloop
  endfacet
  facet normal 0.989176 -0.146735 0
    outer loop
      vertex 7.35589 -1.46318 0.2
      vertex 7.46389 -0.735128 -7.62939e-07
      vertex 7.46389 -0.735128 0.2
    endloop
  endfacet
  facet normal 0.989176 -0.146735 0
    outer loop
      vertex 7.46389 -0.735128 -7.62939e-07
      vertex 7.35589 -1.46318 0.2
      vertex 7.35589 -1.46318 -7.62939e-07
    endloop
  endfacet
  facet normal 0.5141 -0.85773 0
    outer loop
      vertex 3.53547 -6.61441 2.6
      vertex 4.16678 -6.23602 6.6
      vertex 3.53547 -6.61441 6.6
    endloop
  endfacet
  facet normal 0.5141 -0.85773 0
    outer loop
      vertex 4.16678 -6.23602 6.6
      vertex 3.53547 -6.61441 2.6
      vertex 4.16678 -6.23602 2.6
    endloop
  endfacet
  facet normal -0.242986 -0.97003 0
    outer loop
      vertex -2.17713 -7.17705 2.6
      vertex -1.46318 -7.35589 6.6
      vertex -2.17713 -7.17705 6.6
    endloop
  endfacet
  facet normal -0.242986 -0.97003 -0
    outer loop
      vertex -1.46318 -7.35589 6.6
      vertex -2.17713 -7.17705 2.6
      vertex -1.46318 -7.35589 2.6
    endloop
  endfacet
  facet normal -0.595698 0.803209 0
    outer loop
      vertex -4.16678 6.23602 2.6
      vertex -4.75795 5.79758 6.6
      vertex -4.16678 6.23602 6.6
    endloop
  endfacet
  facet normal -0.595698 0.803209 0
    outer loop
      vertex -4.75795 5.79758 6.6
      vertex -4.16678 6.23602 2.6
      vertex -4.75795 5.79758 2.6
    endloop
  endfacet
  facet normal -0.998796 -0.0490615 0
    outer loop
      vertex -7.46389 -0.735128 -7.62939e-07
      vertex -7.5 0 0.2
      vertex -7.5 0 -7.62939e-07
    endloop
  endfacet
  facet normal -0.998796 -0.0490615 0
    outer loop
      vertex -7.5 0 0.2
      vertex -7.46389 -0.735128 -7.62939e-07
      vertex -7.46389 -0.735128 0.2
    endloop
  endfacet
  facet normal -0.998796 -0.0490615 0
    outer loop
      vertex -7.46389 -0.735128 2.6
      vertex -7.5 0 6.6
      vertex -7.5 0 2.6
    endloop
  endfacet
  facet normal -0.998796 -0.0490615 0
    outer loop
      vertex -7.5 0 6.6
      vertex -7.46389 -0.735128 2.6
      vertex -7.46389 -0.735128 6.6
    endloop
  endfacet
  facet normal -0.97003 -0.242986 0
    outer loop
      vertex -7.17705 -2.17713 -7.62939e-07
      vertex -7.35589 -1.46318 0.2
      vertex -7.35589 -1.46318 -7.62939e-07
    endloop
  endfacet
  facet normal -0.97003 -0.242986 0
    outer loop
      vertex -7.35589 -1.46318 0.2
      vertex -7.17705 -2.17713 -7.62939e-07
      vertex -7.17705 -2.17713 0.2
    endloop
  endfacet
  facet normal -0.97003 -0.242986 0
    outer loop
      vertex -7.17705 -2.17713 2.6
      vertex -7.35589 -1.46318 6.6
      vertex -7.35589 -1.46318 2.6
    endloop
  endfacet
  facet normal -0.97003 -0.242986 0
    outer loop
      vertex -7.35589 -1.46318 6.6
      vertex -7.17705 -2.17713 2.6
      vertex -7.17705 -2.17713 6.6
    endloop
  endfacet
  facet normal 0.97003 -0.242986 0
    outer loop
      vertex 7.17705 -2.17713 6.6
      vertex 7.35589 -1.46318 2.6
      vertex 7.35589 -1.46318 6.6
    endloop
  endfacet
  facet normal 0.97003 -0.242986 0
    outer loop
      vertex 7.35589 -1.46318 2.6
      vertex 7.17705 -2.17713 6.6
      vertex 7.17705 -2.17713 2.6
    endloop
  endfacet
  facet normal 0.97003 -0.242986 0
    outer loop
      vertex 7.17705 -2.17713 0.2
      vertex 7.35589 -1.46318 -7.62939e-07
      vertex 7.35589 -1.46318 0.2
    endloop
  endfacet
  facet normal 0.97003 -0.242986 0
    outer loop
      vertex 7.35589 -1.46318 -7.62939e-07
      vertex 7.17705 -2.17713 0.2
      vertex 7.17705 -2.17713 -7.62939e-07
    endloop
  endfacet
  facet normal -0.5141 0.85773 0
    outer loop
      vertex -3.53547 6.61441 2.6
      vertex -4.16678 6.23602 6.6
      vertex -3.53547 6.61441 6.6
    endloop
  endfacet
  facet normal -0.5141 0.85773 0
    outer loop
      vertex -4.16678 6.23602 6.6
      vertex -3.53547 6.61441 2.6
      vertex -4.16678 6.23602 2.6
    endloop
  endfacet
  facet normal 0.595698 0.803209 -0
    outer loop
      vertex 4.75795 5.79758 2.6
      vertex 4.16678 6.23602 6.6
      vertex 4.75795 5.79758 6.6
    endloop
  endfacet
  facet normal 0.595698 0.803209 0
    outer loop
      vertex 4.16678 6.23602 6.6
      vertex 4.75795 5.79758 2.6
      vertex 4.16678 6.23602 2.6
    endloop
  endfacet
  facet normal -0.903988 -0.427558 0
    outer loop
      vertex -6.61441 -3.53547 -7.62939e-07
      vertex -6.9291 -2.87012 0.2
      vertex -6.9291 -2.87012 -7.62939e-07
    endloop
  endfacet
  facet normal -0.903988 -0.427558 0
    outer loop
      vertex -6.9291 -2.87012 0.2
      vertex -6.61441 -3.53547 -7.62939e-07
      vertex -6.61441 -3.53547 0.2
    endloop
  endfacet
  facet normal -0.903988 -0.427558 0
    outer loop
      vertex -6.61441 -3.53547 2.6
      vertex -6.9291 -2.87012 6.6
      vertex -6.9291 -2.87012 2.6
    endloop
  endfacet
  facet normal -0.903988 -0.427558 0
    outer loop
      vertex -6.9291 -2.87012 6.6
      vertex -6.61441 -3.53547 2.6
      vertex -6.61441 -3.53547 6.6
    endloop
  endfacet
  facet normal 0.941547 -0.336883 0
    outer loop
      vertex 6.9291 -2.87012 6.6
      vertex 7.17705 -2.17713 2.6
      vertex 7.17705 -2.17713 6.6
    endloop
  endfacet
  facet normal 0.941547 -0.336883 0
    outer loop
      vertex 7.17705 -2.17713 2.6
      vertex 6.9291 -2.87012 6.6
      vertex 6.9291 -2.87012 2.6
    endloop
  endfacet
  facet normal 0.941547 -0.336883 0
    outer loop
      vertex 6.9291 -2.87012 0.2
      vertex 7.17705 -2.17713 -7.62939e-07
      vertex 7.17705 -2.17713 0.2
    endloop
  endfacet
  facet normal 0.941547 -0.336883 0
    outer loop
      vertex 7.17705 -2.17713 -7.62939e-07
      vertex 6.9291 -2.87012 0.2
      vertex 6.9291 -2.87012 -7.62939e-07
    endloop
  endfacet
  facet normal 0.146735 0.989176 -0
    outer loop
      vertex 1.46318 7.35589 2.6
      vertex 0.735128 7.46389 6.6
      vertex 1.46318 7.35589 6.6
    endloop
  endfacet
  facet normal 0.146735 0.989176 0
    outer loop
      vertex 0.735128 7.46389 6.6
      vertex 1.46318 7.35589 2.6
      vertex 0.735128 7.46389 2.6
    endloop
  endfacet
  facet normal -0.427558 0.903988 0
    outer loop
      vertex -2.87012 6.9291 2.6
      vertex -3.53547 6.61441 6.6
      vertex -2.87012 6.9291 6.6
    endloop
  endfacet
  facet normal -0.427558 0.903988 0
    outer loop
      vertex -3.53547 6.61441 6.6
      vertex -2.87012 6.9291 2.6
      vertex -3.53547 6.61441 2.6
    endloop
  endfacet
  facet normal 0.5141 0.85773 -0
    outer loop
      vertex 4.16678 6.23602 2.6
      vertex 3.53547 6.61441 6.6
      vertex 4.16678 6.23602 6.6
    endloop
  endfacet
  facet normal 0.5141 0.85773 0
    outer loop
      vertex 3.53547 6.61441 6.6
      vertex 4.16678 6.23602 2.6
      vertex 3.53547 6.61441 2.6
    endloop
  endfacet
  facet normal 0.427558 -0.903988 0
    outer loop
      vertex 2.87012 -6.9291 2.6
      vertex 3.53547 -6.61441 6.6
      vertex 2.87012 -6.9291 6.6
    endloop
  endfacet
  facet normal 0.427558 -0.903988 0
    outer loop
      vertex 3.53547 -6.61441 6.6
      vertex 2.87012 -6.9291 2.6
      vertex 3.53547 -6.61441 2.6
    endloop
  endfacet
  facet normal -0.941547 -0.336883 0
    outer loop
      vertex -6.9291 -2.87012 -7.62939e-07
      vertex -7.17705 -2.17713 0.2
      vertex -7.17705 -2.17713 -7.62939e-07
    endloop
  endfacet
  facet normal -0.941547 -0.336883 0
    outer loop
      vertex -7.17705 -2.17713 0.2
      vertex -6.9291 -2.87012 -7.62939e-07
      vertex -6.9291 -2.87012 0.2
    endloop
  endfacet
  facet normal -0.941547 -0.336883 0
    outer loop
      vertex -6.9291 -2.87012 2.6
      vertex -7.17705 -2.17713 6.6
      vertex -7.17705 -2.17713 2.6
    endloop
  endfacet
  facet normal -0.941547 -0.336883 0
    outer loop
      vertex -7.17705 -2.17713 6.6
      vertex -6.9291 -2.87012 2.6
      vertex -6.9291 -2.87012 6.6
    endloop
  endfacet
  facet normal 0.85773 -0.5141 0
    outer loop
      vertex 6.23602 -4.16678 0.2
      vertex 6.61441 -3.53547 -7.62939e-07
      vertex 6.61441 -3.53547 0.2
    endloop
  endfacet
  facet normal 0.85773 -0.5141 0
    outer loop
      vertex 6.61441 -3.53547 -7.62939e-07
      vertex 6.23602 -4.16678 0.2
      vertex 6.23602 -4.16678 -7.62939e-07
    endloop
  endfacet
  facet normal 0.85773 -0.5141 0
    outer loop
      vertex 6.23602 -4.16678 6.6
      vertex 6.61441 -3.53547 2.6
      vertex 6.61441 -3.53547 6.6
    endloop
  endfacet
  facet normal 0.85773 -0.5141 0
    outer loop
      vertex 6.61441 -3.53547 2.6
      vertex 6.23602 -4.16678 6.6
      vertex 6.23602 -4.16678 2.6
    endloop
  endfacet
  facet normal 0.903988 -0.427558 0
    outer loop
      vertex 6.61441 -3.53547 0.2
      vertex 6.9291 -2.87012 -7.62939e-07
      vertex 6.9291 -2.87012 0.2
    endloop
  endfacet
  facet normal 0.903988 -0.427558 0
    outer loop
      vertex 6.9291 -2.87012 -7.62939e-07
      vertex 6.61441 -3.53547 0.2
      vertex 6.61441 -3.53547 -7.62939e-07
    endloop
  endfacet
  facet normal 0.903988 -0.427558 0
    outer loop
      vertex 6.61441 -3.53547 6.6
      vertex 6.9291 -2.87012 2.6
      vertex 6.9291 -2.87012 6.6
    endloop
  endfacet
  facet normal 0.903988 -0.427558 0
    outer loop
      vertex 6.9291 -2.87012 2.6
      vertex 6.61441 -3.53547 6.6
      vertex 6.61441 -3.53547 2.6
    endloop
  endfacet
  facet normal 0.998796 -0.0490615 0
    outer loop
      vertex 7.46389 -0.735128 6.6
      vertex 7.5 0 2.6
      vertex 7.5 0 6.6
    endloop
  endfacet
  facet normal 0.998796 -0.0490615 0
    outer loop
      vertex 7.5 0 2.6
      vertex 7.46389 -0.735128 6.6
      vertex 7.46389 -0.735128 2.6
    endloop
  endfacet
  facet normal 0.998796 -0.0490615 0
    outer loop
      vertex 7.46389 -0.735128 0.2
      vertex 7.5 0 -7.62939e-07
      vertex 7.5 0 0.2
    endloop
  endfacet
  facet normal 0.998796 -0.0490615 0
    outer loop
      vertex 7.5 0 -7.62939e-07
      vertex 7.46389 -0.735128 0.2
      vertex 7.46389 -0.735128 -7.62939e-07
    endloop
  endfacet
  facet normal -0.146735 0.989176 0
    outer loop
      vertex -0.735128 7.46389 2.6
      vertex -1.46318 7.35589 6.6
      vertex -0.735128 7.46389 6.6
    endloop
  endfacet
  facet normal -0.146735 0.989176 0
    outer loop
      vertex -1.46318 7.35589 6.6
      vertex -0.735128 7.46389 2.6
      vertex -1.46318 7.35589 2.6
    endloop
  endfacet
  facet normal 0.146735 -0.989176 0
    outer loop
      vertex 0.735128 -7.46389 2.6
      vertex 1.46318 -7.35589 6.6
      vertex 0.735128 -7.46389 6.6
    endloop
  endfacet
  facet normal 0.146735 -0.989176 0
    outer loop
      vertex 1.46318 -7.35589 6.6
      vertex 0.735128 -7.46389 2.6
      vertex 1.46318 -7.35589 2.6
    endloop
  endfacet
  facet normal 0.740949 -0.671562 0
    outer loop
      vertex 5.3033 -5.3033 6.6
      vertex 5.79758 -4.75795 2.6
      vertex 5.79758 -4.75795 6.6
    endloop
  endfacet
  facet normal 0.740949 -0.671562 0
    outer loop
      vertex 5.79758 -4.75795 2.6
      vertex 5.3033 -5.3033 6.6
      vertex 5.3033 -5.3033 2.6
    endloop
  endfacet
  facet normal 0.803209 -0.595698 0
    outer loop
      vertex 5.79758 -4.75795 6.6
      vertex 6.23602 -4.16678 2.6
      vertex 6.23602 -4.16678 6.6
    endloop
  endfacet
  facet normal 0.803209 -0.595698 0
    outer loop
      vertex 6.23602 -4.16678 2.6
      vertex 5.79758 -4.75795 6.6
      vertex 5.79758 -4.75795 2.6
    endloop
  endfacet
  facet normal 0.803202 -0.595707 0
    outer loop
      vertex 6 -4.48501 0.2
      vertex 6.23602 -4.16678 -7.62939e-07
      vertex 6.23602 -4.16678 0.2
    endloop
  endfacet
  facet normal 0.803202 -0.595707 0
    outer loop
      vertex 6.23602 -4.16678 -7.62939e-07
      vertex 6 -4.48501 0.2
      vertex 6 -4.48501 -7.62939e-07
    endloop
  endfacet
  facet normal -0.242986 0.97003 0
    outer loop
      vertex -1.46318 7.35589 2.6
      vertex -2.17713 7.17705 6.6
      vertex -1.46318 7.35589 6.6
    endloop
  endfacet
  facet normal -0.242986 0.97003 0
    outer loop
      vertex -2.17713 7.17705 6.6
      vertex -1.46318 7.35589 2.6
      vertex -2.17713 7.17705 2.6
    endloop
  endfacet
  facet normal 0.803209 0.595698 0
    outer loop
      vertex 6.23602 4.16678 6.6
      vertex 5.79758 4.75795 2.6
      vertex 5.79758 4.75795 6.6
    endloop
  endfacet
  facet normal 0.803209 0.595698 0
    outer loop
      vertex 5.79758 4.75795 2.6
      vertex 6.23602 4.16678 6.6
      vertex 6.23602 4.16678 2.6
    endloop
  endfacet
  facet normal 0.803202 0.595707 0
    outer loop
      vertex 6.23602 4.16678 0.2
      vertex 6 4.48501 -7.62939e-07
      vertex 6 4.48501 0.2
    endloop
  endfacet
  facet normal 0.803202 0.595707 0
    outer loop
      vertex 6 4.48501 -7.62939e-07
      vertex 6.23602 4.16678 0.2
      vertex 6.23602 4.16678 -7.62939e-07
    endloop
  endfacet
  facet normal 0.0490615 0.998796 -0
    outer loop
      vertex 0.735128 7.46389 2.6
      vertex 0 7.5 6.6
      vertex 0.735128 7.46389 6.6
    endloop
  endfacet
  facet normal 0.0490615 0.998796 0
    outer loop
      vertex 0 7.5 6.6
      vertex 0.735128 7.46389 2.6
      vertex 0 7.5 2.6
    endloop
  endfacet
  facet normal 0.903988 0.427558 0
    outer loop
      vertex 6.9291 2.87012 6.6
      vertex 6.61441 3.53547 2.6
      vertex 6.61441 3.53547 6.6
    endloop
  endfacet
  facet normal 0.903988 0.427558 0
    outer loop
      vertex 6.61441 3.53547 2.6
      vertex 6.9291 2.87012 6.6
      vertex 6.9291 2.87012 2.6
    endloop
  endfacet
  facet normal 0.903988 0.427558 0
    outer loop
      vertex 6.9291 2.87012 0.2
      vertex 6.61441 3.53547 -7.62939e-07
      vertex 6.61441 3.53547 0.2
    endloop
  endfacet
  facet normal 0.903988 0.427558 0
    outer loop
      vertex 6.61441 3.53547 -7.62939e-07
      vertex 6.9291 2.87012 0.2
      vertex 6.9291 2.87012 -7.62939e-07
    endloop
  endfacet
  facet normal -0.85773 0.5141 0
    outer loop
      vertex -6.61441 3.53547 2.6
      vertex -6.23602 4.16678 6.6
      vertex -6.23602 4.16678 2.6
    endloop
  endfacet
  facet normal -0.85773 0.5141 0
    outer loop
      vertex -6.23602 4.16678 6.6
      vertex -6.61441 3.53547 2.6
      vertex -6.61441 3.53547 6.6
    endloop
  endfacet
  facet normal -0.85773 0.5141 0
    outer loop
      vertex -6.61441 3.53547 -7.62939e-07
      vertex -6.23602 4.16678 0.2
      vertex -6.23602 4.16678 -7.62939e-07
    endloop
  endfacet
  facet normal -0.85773 0.5141 0
    outer loop
      vertex -6.23602 4.16678 0.2
      vertex -6.61441 3.53547 -7.62939e-07
      vertex -6.61441 3.53547 0.2
    endloop
  endfacet
  facet normal -0.671562 0.740949 0
    outer loop
      vertex -4.75795 5.79758 2.6
      vertex -5.3033 5.3033 6.6
      vertex -4.75795 5.79758 6.6
    endloop
  endfacet
  facet normal -0.671562 0.740949 0
    outer loop
      vertex -5.3033 5.3033 6.6
      vertex -4.75795 5.79758 2.6
      vertex -5.3033 5.3033 2.6
    endloop
  endfacet
  facet normal -0.85773 -0.5141 0
    outer loop
      vertex -6.23602 -4.16678 -7.62939e-07
      vertex -6.61441 -3.53547 0.2
      vertex -6.61441 -3.53547 -7.62939e-07
    endloop
  endfacet
  facet normal -0.85773 -0.5141 0
    outer loop
      vertex -6.61441 -3.53547 0.2
      vertex -6.23602 -4.16678 -7.62939e-07
      vertex -6.23602 -4.16678 0.2
    endloop
  endfacet
  facet normal -0.85773 -0.5141 0
    outer loop
      vertex -6.23602 -4.16678 2.6
      vertex -6.61441 -3.53547 6.6
      vertex -6.61441 -3.53547 2.6
    endloop
  endfacet
  facet normal -0.85773 -0.5141 0
    outer loop
      vertex -6.61441 -3.53547 6.6
      vertex -6.23602 -4.16678 2.6
      vertex -6.23602 -4.16678 6.6
    endloop
  endfacet
  facet normal -0.427558 -0.903988 0
    outer loop
      vertex -3.53547 -6.61441 2.6
      vertex -2.87012 -6.9291 6.6
      vertex -3.53547 -6.61441 6.6
    endloop
  endfacet
  facet normal -0.427558 -0.903988 -0
    outer loop
      vertex -2.87012 -6.9291 6.6
      vertex -3.53547 -6.61441 2.6
      vertex -2.87012 -6.9291 2.6
    endloop
  endfacet
  facet normal -0.740949 -0.671562 0
    outer loop
      vertex -5.3033 -5.3033 2.6
      vertex -5.79758 -4.75795 6.6
      vertex -5.79758 -4.75795 2.6
    endloop
  endfacet
  facet normal -0.740949 -0.671562 0
    outer loop
      vertex -5.79758 -4.75795 6.6
      vertex -5.3033 -5.3033 2.6
      vertex -5.3033 -5.3033 6.6
    endloop
  endfacet
  facet normal -0.336883 0.941547 0
    outer loop
      vertex -2.17713 7.17705 2.6
      vertex -2.87012 6.9291 6.6
      vertex -2.17713 7.17705 6.6
    endloop
  endfacet
  facet normal -0.336883 0.941547 0
    outer loop
      vertex -2.87012 6.9291 6.6
      vertex -2.17713 7.17705 2.6
      vertex -2.87012 6.9291 2.6
    endloop
  endfacet
  facet normal -0.5141 -0.85773 0
    outer loop
      vertex -4.16678 -6.23602 2.6
      vertex -3.53547 -6.61441 6.6
      vertex -4.16678 -6.23602 6.6
    endloop
  endfacet
  facet normal -0.5141 -0.85773 -0
    outer loop
      vertex -3.53547 -6.61441 6.6
      vertex -4.16678 -6.23602 2.6
      vertex -3.53547 -6.61441 2.6
    endloop
  endfacet
  facet normal 0.595698 -0.803209 0
    outer loop
      vertex 4.16678 -6.23602 2.6
      vertex 4.75795 -5.79758 6.6
      vertex 4.16678 -6.23602 6.6
    endloop
  endfacet
  facet normal 0.595698 -0.803209 0
    outer loop
      vertex 4.75795 -5.79758 6.6
      vertex 4.16678 -6.23602 2.6
      vertex 4.75795 -5.79758 2.6
    endloop
  endfacet
  facet normal -0.0490615 0.998796 0
    outer loop
      vertex 0 7.5 2.6
      vertex -0.735128 7.46389 6.6
      vertex 0 7.5 6.6
    endloop
  endfacet
  facet normal -0.0490615 0.998796 0
    outer loop
      vertex -0.735128 7.46389 6.6
      vertex 0 7.5 2.6
      vertex -0.735128 7.46389 2.6
    endloop
  endfacet
  facet normal -0.97003 0.242986 0
    outer loop
      vertex -7.35589 1.46318 2.6
      vertex -7.17705 2.17713 6.6
      vertex -7.17705 2.17713 2.6
    endloop
  endfacet
  facet normal -0.97003 0.242986 0
    outer loop
      vertex -7.17705 2.17713 6.6
      vertex -7.35589 1.46318 2.6
      vertex -7.35589 1.46318 6.6
    endloop
  endfacet
  facet normal -0.97003 0.242986 0
    outer loop
      vertex -7.35589 1.46318 -7.62939e-07
      vertex -7.17705 2.17713 0.2
      vertex -7.17705 2.17713 -7.62939e-07
    endloop
  endfacet
  facet normal -0.97003 0.242986 0
    outer loop
      vertex -7.17705 2.17713 0.2
      vertex -7.35589 1.46318 -7.62939e-07
      vertex -7.35589 1.46318 0.2
    endloop
  endfacet
  facet normal -0.941547 0.336883 0
    outer loop
      vertex -7.17705 2.17713 2.6
      vertex -6.9291 2.87012 6.6
      vertex -6.9291 2.87012 2.6
    endloop
  endfacet
  facet normal -0.941547 0.336883 0
    outer loop
      vertex -6.9291 2.87012 6.6
      vertex -7.17705 2.17713 2.6
      vertex -7.17705 2.17713 6.6
    endloop
  endfacet
  facet normal -0.941547 0.336883 0
    outer loop
      vertex -7.17705 2.17713 -7.62939e-07
      vertex -6.9291 2.87012 0.2
      vertex -6.9291 2.87012 -7.62939e-07
    endloop
  endfacet
  facet normal -0.941547 0.336883 0
    outer loop
      vertex -6.9291 2.87012 0.2
      vertex -7.17705 2.17713 -7.62939e-07
      vertex -7.17705 2.17713 0.2
    endloop
  endfacet
  facet normal 0.336883 0.941547 -0
    outer loop
      vertex 2.87012 6.9291 2.6
      vertex 2.17713 7.17705 6.6
      vertex 2.87012 6.9291 6.6
    endloop
  endfacet
  facet normal 0.336883 0.941547 0
    outer loop
      vertex 2.17713 7.17705 6.6
      vertex 2.87012 6.9291 2.6
      vertex 2.17713 7.17705 2.6
    endloop
  endfacet
  facet normal -0.803202 -0.595707 0
    outer loop
      vertex -6 -4.48501 -7.62939e-07
      vertex -6.23602 -4.16678 0.2
      vertex -6.23602 -4.16678 -7.62939e-07
    endloop
  endfacet
  facet normal -0.803202 -0.595707 0
    outer loop
      vertex -6.23602 -4.16678 0.2
      vertex -6 -4.48501 -7.62939e-07
      vertex -6 -4.48501 0.2
    endloop
  endfacet
  facet normal -0.803209 -0.595698 0
    outer loop
      vertex -5.79758 -4.75795 2.6
      vertex -6.23602 -4.16678 6.6
      vertex -6.23602 -4.16678 2.6
    endloop
  endfacet
  facet normal -0.803209 -0.595698 0
    outer loop
      vertex -6.23602 -4.16678 6.6
      vertex -5.79758 -4.75795 2.6
      vertex -5.79758 -4.75795 6.6
    endloop
  endfacet
  facet normal -0.989176 -0.146735 0
    outer loop
      vertex -7.35589 -1.46318 2.6
      vertex -7.46389 -0.735128 6.6
      vertex -7.46389 -0.735128 2.6
    endloop
  endfacet
  facet normal -0.989176 -0.146735 0
    outer loop
      vertex -7.46389 -0.735128 6.6
      vertex -7.35589 -1.46318 2.6
      vertex -7.35589 -1.46318 6.6
    endloop
  endfacet
  facet normal -0.989176 -0.146735 0
    outer loop
      vertex -7.35589 -1.46318 -7.62939e-07
      vertex -7.46389 -0.735128 0.2
      vertex -7.46389 -0.735128 -7.62939e-07
    endloop
  endfacet
  facet normal -0.989176 -0.146735 0
    outer loop
      vertex -7.46389 -0.735128 0.2
      vertex -7.35589 -1.46318 -7.62939e-07
      vertex -7.35589 -1.46318 0.2
    endloop
  endfacet
  facet normal -0.903988 0.427558 0
    outer loop
      vertex -6.9291 2.87012 2.6
      vertex -6.61441 3.53547 6.6
      vertex -6.61441 3.53547 2.6
    endloop
  endfacet
  facet normal -0.903988 0.427558 0
    outer loop
      vertex -6.61441 3.53547 6.6
      vertex -6.9291 2.87012 2.6
      vertex -6.9291 2.87012 6.6
    endloop
  endfacet
  facet normal -0.903988 0.427558 0
    outer loop
      vertex -6.9291 2.87012 -7.62939e-07
      vertex -6.61441 3.53547 0.2
      vertex -6.61441 3.53547 -7.62939e-07
    endloop
  endfacet
  facet normal -0.903988 0.427558 0
    outer loop
      vertex -6.61441 3.53547 0.2
      vertex -6.9291 2.87012 -7.62939e-07
      vertex -6.9291 2.87012 0.2
    endloop
  endfacet
  facet normal -0.671562 -0.740949 0
    outer loop
      vertex -5.3033 -5.3033 2.6
      vertex -4.75795 -5.79758 6.6
      vertex -5.3033 -5.3033 6.6
    endloop
  endfacet
  facet normal -0.671562 -0.740949 -0
    outer loop
      vertex -4.75795 -5.79758 6.6
      vertex -5.3033 -5.3033 2.6
      vertex -4.75795 -5.79758 2.6
    endloop
  endfacet
  facet normal -0.803209 0.595698 0
    outer loop
      vertex -6.23602 4.16678 2.6
      vertex -5.79758 4.75795 6.6
      vertex -5.79758 4.75795 2.6
    endloop
  endfacet
  facet normal -0.803209 0.595698 0
    outer loop
      vertex -5.79758 4.75795 6.6
      vertex -6.23602 4.16678 2.6
      vertex -6.23602 4.16678 6.6
    endloop
  endfacet
  facet normal -0.803202 0.595707 0
    outer loop
      vertex -6.23602 4.16678 -7.62939e-07
      vertex -6 4.48501 0.2
      vertex -6 4.48501 -7.62939e-07
    endloop
  endfacet
  facet normal -0.803202 0.595707 0
    outer loop
      vertex -6 4.48501 0.2
      vertex -6.23602 4.16678 -7.62939e-07
      vertex -6.23602 4.16678 0.2
    endloop
  endfacet
  facet normal -0.0490615 -0.998796 0
    outer loop
      vertex -0.735128 -7.46389 2.6
      vertex 0 -7.5 6.6
      vertex -0.735128 -7.46389 6.6
    endloop
  endfacet
  facet normal -0.0490615 -0.998796 -0
    outer loop
      vertex 0 -7.5 6.6
      vertex -0.735128 -7.46389 2.6
      vertex 0 -7.5 2.6
    endloop
  endfacet
  facet normal -0.146735 -0.989176 0
    outer loop
      vertex -1.46318 -7.35589 2.6
      vertex -0.735128 -7.46389 6.6
      vertex -1.46318 -7.35589 6.6
    endloop
  endfacet
  facet normal -0.146735 -0.989176 -0
    outer loop
      vertex -0.735128 -7.46389 6.6
      vertex -1.46318 -7.35589 2.6
      vertex -0.735128 -7.46389 2.6
    endloop
  endfacet
  facet normal -0.989176 0.146735 0
    outer loop
      vertex -7.46389 0.735128 2.6
      vertex -7.35589 1.46318 6.6
      vertex -7.35589 1.46318 2.6
    endloop
  endfacet
  facet normal -0.989176 0.146735 0
    outer loop
      vertex -7.35589 1.46318 6.6
      vertex -7.46389 0.735128 2.6
      vertex -7.46389 0.735128 6.6
    endloop
  endfacet
  facet normal -0.989176 0.146735 0
    outer loop
      vertex -7.46389 0.735128 -7.62939e-07
      vertex -7.35589 1.46318 0.2
      vertex -7.35589 1.46318 -7.62939e-07
    endloop
  endfacet
  facet normal -0.989176 0.146735 0
    outer loop
      vertex -7.35589 1.46318 0.2
      vertex -7.46389 0.735128 -7.62939e-07
      vertex -7.46389 0.735128 0.2
    endloop
  endfacet
  facet normal -0.998796 0.0490615 0
    outer loop
      vertex -7.5 0 -7.62939e-07
      vertex -7.46389 0.735128 0.2
      vertex -7.46389 0.735128 -7.62939e-07
    endloop
  endfacet
  facet normal -0.998796 0.0490615 0
    outer loop
      vertex -7.46389 0.735128 0.2
      vertex -7.5 0 -7.62939e-07
      vertex -7.5 0 0.2
    endloop
  endfacet
  facet normal -0.998796 0.0490615 0
    outer loop
      vertex -7.5 0 2.6
      vertex -7.46389 0.735128 6.6
      vertex -7.46389 0.735128 2.6
    endloop
  endfacet
  facet normal -0.998796 0.0490615 0
    outer loop
      vertex -7.46389 0.735128 6.6
      vertex -7.5 0 2.6
      vertex -7.5 0 6.6
    endloop
  endfacet
  facet normal -0.336883 -0.941547 0
    outer loop
      vertex -2.87012 -6.9291 2.6
      vertex -2.17713 -7.17705 6.6
      vertex -2.87012 -6.9291 6.6
    endloop
  endfacet
  facet normal -0.336883 -0.941547 -0
    outer loop
      vertex -2.17713 -7.17705 6.6
      vertex -2.87012 -6.9291 2.6
      vertex -2.17713 -7.17705 2.6
    endloop
  endfacet
  facet normal 0.671562 -0.740949 0
    outer loop
      vertex 4.75795 -5.79758 2.6
      vertex 5.3033 -5.3033 6.6
      vertex 4.75795 -5.79758 6.6
    endloop
  endfacet
  facet normal 0.671562 -0.740949 0
    outer loop
      vertex 5.3033 -5.3033 6.6
      vertex 4.75795 -5.79758 2.6
      vertex 5.3033 -5.3033 2.6
    endloop
  endfacet
  facet normal 0 0 1
    outer loop
      vertex 7.46389 0.735128 6.6
      vertex 7.49097 0 6.6
      vertex 7.5 0 6.6
    endloop
  endfacet
  facet normal 0 0 1
    outer loop
      vertex 7.46389 0.735128 6.6
      vertex 7.45489 0.734242 6.6
      vertex 7.49097 0 6.6
    endloop
  endfacet
  facet normal 0 0 1
    outer loop
      vertex 7.35589 1.46318 6.6
      vertex 7.45489 0.734242 6.6
      vertex 7.46389 0.735128 6.6
    endloop
  endfacet
  facet normal 0 0 1
    outer loop
      vertex 7.35589 1.46318 6.6
      vertex 7.34703 1.46141 6.6
      vertex 7.45489 0.734242 6.6
    endloop
  endfacet
  facet normal 0 0 1
    outer loop
      vertex 7.17705 2.17713 6.6
      vertex 7.34703 1.46141 6.6
      vertex 7.35589 1.46318 6.6
    endloop
  endfacet
  facet normal 0 0 1
    outer loop
      vertex 7.17705 2.17713 6.6
      vertex 7.16841 2.17451 6.6
      vertex 7.34703 1.46141 6.6
    endloop
  endfacet
  facet normal 0 0 1
    outer loop
      vertex 6.9291 2.87012 6.6
      vertex 7.16841 2.17451 6.6
      vertex 7.17705 2.17713 6.6
    endloop
  endfacet
  facet normal 0 0 1
    outer loop
      vertex 6.9291 2.87012 6.6
      vertex 6.92075 2.86667 6.6
      vertex 7.16841 2.17451 6.6
    endloop
  endfacet
  facet normal 0 0 1
    outer loop
      vertex 6.61441 3.53547 6.6
      vertex 6.92075 2.86667 6.6
      vertex 6.9291 2.87012 6.6
    endloop
  endfacet
  facet normal 0 0 1
    outer loop
      vertex 6.61441 3.53547 6.6
      vertex 6.60644 3.53122 6.6
      vertex 6.92075 2.86667 6.6
    endloop
  endfacet
  facet normal 0 0 1
    outer loop
      vertex 6.23602 4.16678 6.6
      vertex 6.60644 3.53122 6.6
      vertex 6.61441 3.53547 6.6
    endloop
  endfacet
  facet normal 0 0 1
    outer loop
      vertex 6.23602 4.16678 6.6
      vertex 6.22851 4.16176 6.6
      vertex 6.60644 3.53122 6.6
    endloop
  endfacet
  facet normal 0 0 1
    outer loop
      vertex 5.79758 4.75795 6.6
      vertex 6.22851 4.16176 6.6
      vertex 6.23602 4.16678 6.6
    endloop
  endfacet
  facet normal 0 0 1
    outer loop
      vertex 5.79758 4.75795 6.6
      vertex 5.79059 4.75222 6.6
      vertex 6.22851 4.16176 6.6
    endloop
  endfacet
  facet normal 0 0 1
    outer loop
      vertex 5.3033 5.3033 6.6
      vertex 5.79059 4.75222 6.6
      vertex 5.79758 4.75795 6.6
    endloop
  endfacet
  facet normal 0 0 1
    outer loop
      vertex 5.3033 5.3033 6.6
      vertex 5.29691 5.29691 6.6
      vertex 5.79059 4.75222 6.6
    endloop
  endfacet
  facet normal 0 0 1
    outer loop
      vertex 4.75795 5.79758 6.6
      vertex 5.29691 5.29691 6.6
      vertex 5.3033 5.3033 6.6
    endloop
  endfacet
  facet normal 0 0 1
    outer loop
      vertex 4.75795 5.79758 6.6
      vertex 4.75222 5.79059 6.6
      vertex 5.29691 5.29691 6.6
    endloop
  endfacet
  facet normal 0 0 1
    outer loop
      vertex 4.16678 6.23602 6.6
      vertex 4.75222 5.79059 6.6
      vertex 4.75795 5.79758 6.6
    endloop
  endfacet
  facet normal 0 0 1
    outer loop
      vertex 4.16678 6.23602 6.6
      vertex 4.16176 6.22851 6.6
      vertex 4.75222 5.79059 6.6
    endloop
  endfacet
  facet normal 0 0 1
    outer loop
      vertex 3.53547 6.61441 6.6
      vertex 4.16176 6.22851 6.6
      vertex 4.16678 6.23602 6.6
    endloop
  endfacet
  facet normal 0 0 1
    outer loop
      vertex 3.53547 6.61441 6.6
      vertex 3.53122 6.60644 6.6
      vertex 4.16176 6.22851 6.6
    endloop
  endfacet
  facet normal 0 0 1
    outer loop
      vertex 2.87012 6.9291 6.6
      vertex 3.53122 6.60644 6.6
      vertex 3.53547 6.61441 6.6
    endloop
  endfacet
  facet normal 0 0 1
    outer loop
      vertex 2.87012 6.9291 6.6
      vertex 2.86667 6.92075 6.6
      vertex 3.53122 6.60644 6.6
    endloop
  endfacet
  facet normal 0 0 1
    outer loop
      vertex 2.17713 7.17705 6.6
      vertex 2.86667 6.92075 6.6
      vertex 2.87012 6.9291 6.6
    endloop
  endfacet
  facet normal 0 0 1
    outer loop
      vertex 2.17713 7.17705 6.6
      vertex 2.17451 7.16841 6.6
      vertex 2.86667 6.92075 6.6
    endloop
  endfacet
  facet normal 0 0 1
    outer loop
      vertex 1.46318 7.35589 6.6
      vertex 2.17451 7.16841 6.6
      vertex 2.17713 7.17705 6.6
    endloop
  endfacet
  facet normal 0 0 1
    outer loop
      vertex 1.46318 7.35589 6.6
      vertex 1.46141 7.34703 6.6
      vertex 2.17451 7.16841 6.6
    endloop
  endfacet
  facet normal 0 0 1
    outer loop
      vertex 0.735128 7.46389 6.6
      vertex 1.46141 7.34703 6.6
      vertex 1.46318 7.35589 6.6
    endloop
  endfacet
  facet normal 0 0 1
    outer loop
      vertex 0.735128 7.46389 6.6
      vertex 0.734242 7.45489 6.6
      vertex 1.46141 7.34703 6.6
    endloop
  endfacet
  facet normal 0 0 1
    outer loop
      vertex 0 7.5 6.6
      vertex 0.734242 7.45489 6.6
      vertex 0.735128 7.46389 6.6
    endloop
  endfacet
  facet normal 0 0 1
    outer loop
      vertex 0 7.5 6.6
      vertex 0 7.49097 6.6
      vertex 0.734242 7.45489 6.6
    endloop
  endfacet
  facet normal 0 0 1
    outer loop
      vertex 0 7.5 6.6
      vertex -0.734242 7.45489 6.6
      vertex 0 7.49097 6.6
    endloop
  endfacet
  facet normal -0 0 1
    outer loop
      vertex -0.735128 7.46389 6.6
      vertex -0.734242 7.45489 6.6
      vertex 0 7.5 6.6
    endloop
  endfacet
  facet normal 0 0 1
    outer loop
      vertex -0.735128 7.46389 6.6
      vertex -1.46141 7.34703 6.6
      vertex -0.734242 7.45489 6.6
    endloop
  endfacet
  facet normal -0 0 1
    outer loop
      vertex -1.46318 7.35589 6.6
      vertex -1.46141 7.34703 6.6
      vertex -0.735128 7.46389 6.6
    endloop
  endfacet
  facet normal 0 0 1
    outer loop
      vertex -1.46318 7.35589 6.6
      vertex -2.17451 7.16841 6.6
      vertex -1.46141 7.34703 6.6
    endloop
  endfacet
  facet normal -0 0 1
    outer loop
      vertex -2.17713 7.17705 6.6
      vertex -2.17451 7.16841 6.6
      vertex -1.46318 7.35589 6.6
    endloop
  endfacet
  facet normal 0 0 1
    outer loop
      vertex -2.17713 7.17705 6.6
      vertex -2.86667 6.92075 6.6
      vertex -2.17451 7.16841 6.6
    endloop
  endfacet
  facet normal -0 0 1
    outer loop
      vertex -2.87012 6.9291 6.6
      vertex -2.86667 6.92075 6.6
      vertex -2.17713 7.17705 6.6
    endloop
  endfacet
  facet normal 0 0 1
    outer loop
      vertex -2.87012 6.9291 6.6
      vertex -3.53122 6.60644 6.6
      vertex -2.86667 6.92075 6.6
    endloop
  endfacet
  facet normal -0 0 1
    outer loop
      vertex -3.53547 6.61441 6.6
      vertex -3.53122 6.60644 6.6
      vertex -2.87012 6.9291 6.6
    endloop
  endfacet
  facet normal 0 0 1
    outer loop
      vertex -3.53547 6.61441 6.6
      vertex -4.16176 6.22851 6.6
      vertex -3.53122 6.60644 6.6
    endloop
  endfacet
  facet normal -0 0 1
    outer loop
      vertex -4.16678 6.23602 6.6
      vertex -4.16176 6.22851 6.6
      vertex -3.53547 6.61441 6.6
    endloop
  endfacet
  facet normal 0 0 1
    outer loop
      vertex -4.16678 6.23602 6.6
      vertex -4.75222 5.79059 6.6
      vertex -4.16176 6.22851 6.6
    endloop
  endfacet
  facet normal -0 0 1
    outer loop
      vertex -4.75795 5.79758 6.6
      vertex -4.75222 5.79059 6.6
      vertex -4.16678 6.23602 6.6
    endloop
  endfacet
  facet normal 0 0 1
    outer loop
      vertex -4.75795 5.79758 6.6
      vertex -5.29691 5.29691 6.6
      vertex -4.75222 5.79059 6.6
    endloop
  endfacet
  facet normal -0 0 1
    outer loop
      vertex -5.3033 5.3033 6.6
      vertex -5.29691 5.29691 6.6
      vertex -4.75795 5.79758 6.6
    endloop
  endfacet
  facet normal 0 0 1
    outer loop
      vertex -5.3033 5.3033 6.6
      vertex -5.79059 4.75222 6.6
      vertex -5.29691 5.29691 6.6
    endloop
  endfacet
  facet normal -0 0 1
    outer loop
      vertex -5.79758 4.75795 6.6
      vertex -5.79059 4.75222 6.6
      vertex -5.3033 5.3033 6.6
    endloop
  endfacet
  facet normal 0 0 1
    outer loop
      vertex -5.79758 4.75795 6.6
      vertex -6.22851 4.16176 6.6
      vertex -5.79059 4.75222 6.6
    endloop
  endfacet
  facet normal -0 0 1
    outer loop
      vertex -6.23602 4.16678 6.6
      vertex -6.22851 4.16176 6.6
      vertex -5.79758 4.75795 6.6
    endloop
  endfacet
  facet normal 0 0 1
    outer loop
      vertex -6.23602 4.16678 6.6
      vertex -6.60644 3.53122 6.6
      vertex -6.22851 4.16176 6.6
    endloop
  endfacet
  facet normal -0 0 1
    outer loop
      vertex -6.61441 3.53547 6.6
      vertex -6.60644 3.53122 6.6
      vertex -6.23602 4.16678 6.6
    endloop
  endfacet
  facet normal 0 0 1
    outer loop
      vertex -6.61441 3.53547 6.6
      vertex -6.92075 2.86667 6.6
      vertex -6.60644 3.53122 6.6
    endloop
  endfacet
  facet normal -0 0 1
    outer loop
      vertex -6.9291 2.87012 6.6
      vertex -6.92075 2.86667 6.6
      vertex -6.61441 3.53547 6.6
    endloop
  endfacet
  facet normal 0 0 1
    outer loop
      vertex -6.9291 2.87012 6.6
      vertex -7.16841 2.17451 6.6
      vertex -6.92075 2.86667 6.6
    endloop
  endfacet
  facet normal -0 0 1
    outer loop
      vertex -7.17705 2.17713 6.6
      vertex -7.16841 2.17451 6.6
      vertex -6.9291 2.87012 6.6
    endloop
  endfacet
  facet normal 0 0 1
    outer loop
      vertex -7.17705 2.17713 6.6
      vertex -7.34703 1.46141 6.6
      vertex -7.16841 2.17451 6.6
    endloop
  endfacet
  facet normal -0 0 1
    outer loop
      vertex -7.35589 1.46318 6.6
      vertex -7.34703 1.46141 6.6
      vertex -7.17705 2.17713 6.6
    endloop
  endfacet
  facet normal 0 0 1
    outer loop
      vertex -7.35589 1.46318 6.6
      vertex -7.45489 0.734242 6.6
      vertex -7.34703 1.46141 6.6
    endloop
  endfacet
  facet normal -0 0 1
    outer loop
      vertex -7.46389 0.735128 6.6
      vertex -7.45489 0.734242 6.6
      vertex -7.35589 1.46318 6.6
    endloop
  endfacet
  facet normal 0 0 1
    outer loop
      vertex -7.46389 0.735128 6.6
      vertex -7.49097 0 6.6
      vertex -7.45489 0.734242 6.6
    endloop
  endfacet
  facet normal 0 -0 1
    outer loop
      vertex -7.49097 0 6.6
      vertex -7.46389 0.735128 6.6
      vertex -7.5 0 6.6
    endloop
  endfacet
  facet normal -0 0 1
    outer loop
      vertex 7.49097 0 6.6
      vertex 7.46389 -0.735128 6.6
      vertex 7.5 0 6.6
    endloop
  endfacet
  facet normal -0 0 1
    outer loop
      vertex 7.45489 -0.734242 6.6
      vertex 7.46389 -0.735128 6.6
      vertex 7.49097 0 6.6
    endloop
  endfacet
  facet normal 0 0 1
    outer loop
      vertex 7.45489 -0.734242 6.6
      vertex 7.35589 -1.46318 6.6
      vertex 7.46389 -0.735128 6.6
    endloop
  endfacet
  facet normal -0 0 1
    outer loop
      vertex 7.34703 -1.46141 6.6
      vertex 7.35589 -1.46318 6.6
      vertex 7.45489 -0.734242 6.6
    endloop
  endfacet
  facet normal 0 0 1
    outer loop
      vertex 7.34703 -1.46141 6.6
      vertex 7.17705 -2.17713 6.6
      vertex 7.35589 -1.46318 6.6
    endloop
  endfacet
  facet normal -0 0 1
    outer loop
      vertex 7.16841 -2.17451 6.6
      vertex 7.17705 -2.17713 6.6
      vertex 7.34703 -1.46141 6.6
    endloop
  endfacet
  facet normal 0 0 1
    outer loop
      vertex 7.16841 -2.17451 6.6
      vertex 6.9291 -2.87012 6.6
      vertex 7.17705 -2.17713 6.6
    endloop
  endfacet
  facet normal -0 0 1
    outer loop
      vertex 6.92075 -2.86667 6.6
      vertex 6.9291 -2.87012 6.6
      vertex 7.16841 -2.17451 6.6
    endloop
  endfacet
  facet normal 0 0 1
    outer loop
      vertex 6.92075 -2.86667 6.6
      vertex 6.61441 -3.53547 6.6
      vertex 6.9291 -2.87012 6.6
    endloop
  endfacet
  facet normal -0 0 1
    outer loop
      vertex 6.60644 -3.53122 6.6
      vertex 6.61441 -3.53547 6.6
      vertex 6.92075 -2.86667 6.6
    endloop
  endfacet
  facet normal 0 0 1
    outer loop
      vertex 6.60644 -3.53122 6.6
      vertex 6.23602 -4.16678 6.6
      vertex 6.61441 -3.53547 6.6
    endloop
  endfacet
  facet normal -0 0 1
    outer loop
      vertex 6.22851 -4.16176 6.6
      vertex 6.23602 -4.16678 6.6
      vertex 6.60644 -3.53122 6.6
    endloop
  endfacet
  facet normal 0 0 1
    outer loop
      vertex 6.22851 -4.16176 6.6
      vertex 5.79758 -4.75795 6.6
      vertex 6.23602 -4.16678 6.6
    endloop
  endfacet
  facet normal -0 0 1
    outer loop
      vertex 5.79059 -4.75222 6.6
      vertex 5.79758 -4.75795 6.6
      vertex 6.22851 -4.16176 6.6
    endloop
  endfacet
  facet normal 0 0 1
    outer loop
      vertex 5.79059 -4.75222 6.6
      vertex 5.3033 -5.3033 6.6
      vertex 5.79758 -4.75795 6.6
    endloop
  endfacet
  facet normal -0 0 1
    outer loop
      vertex 5.29691 -5.29691 6.6
      vertex 5.3033 -5.3033 6.6
      vertex 5.79059 -4.75222 6.6
    endloop
  endfacet
  facet normal 0 0 1
    outer loop
      vertex 5.29691 -5.29691 6.6
      vertex 4.75795 -5.79758 6.6
      vertex 5.3033 -5.3033 6.6
    endloop
  endfacet
  facet normal -0 0 1
    outer loop
      vertex 4.75222 -5.79059 6.6
      vertex 4.75795 -5.79758 6.6
      vertex 5.29691 -5.29691 6.6
    endloop
  endfacet
  facet normal 0 0 1
    outer loop
      vertex 4.75222 -5.79059 6.6
      vertex 4.16678 -6.23602 6.6
      vertex 4.75795 -5.79758 6.6
    endloop
  endfacet
  facet normal -0 0 1
    outer loop
      vertex 4.16176 -6.22851 6.6
      vertex 4.16678 -6.23602 6.6
      vertex 4.75222 -5.79059 6.6
    endloop
  endfacet
  facet normal 0 0 1
    outer loop
      vertex 4.16176 -6.22851 6.6
      vertex 3.53547 -6.61441 6.6
      vertex 4.16678 -6.23602 6.6
    endloop
  endfacet
  facet normal -0 0 1
    outer loop
      vertex 3.53122 -6.60644 6.6
      vertex 3.53547 -6.61441 6.6
      vertex 4.16176 -6.22851 6.6
    endloop
  endfacet
  facet normal 0 0 1
    outer loop
      vertex 3.53122 -6.60644 6.6
      vertex 2.87012 -6.9291 6.6
      vertex 3.53547 -6.61441 6.6
    endloop
  endfacet
  facet normal -0 0 1
    outer loop
      vertex 2.86667 -6.92075 6.6
      vertex 2.87012 -6.9291 6.6
      vertex 3.53122 -6.60644 6.6
    endloop
  endfacet
  facet normal 0 0 1
    outer loop
      vertex 2.86667 -6.92075 6.6
      vertex 2.17713 -7.17705 6.6
      vertex 2.87012 -6.9291 6.6
    endloop
  endfacet
  facet normal -0 0 1
    outer loop
      vertex 2.17451 -7.16841 6.6
      vertex 2.17713 -7.17705 6.6
      vertex 2.86667 -6.92075 6.6
    endloop
  endfacet
  facet normal 0 0 1
    outer loop
      vertex 2.17451 -7.16841 6.6
      vertex 1.46318 -7.35589 6.6
      vertex 2.17713 -7.17705 6.6
    endloop
  endfacet
  facet normal -0 0 1
    outer loop
      vertex 1.46141 -7.34703 6.6
      vertex 1.46318 -7.35589 6.6
      vertex 2.17451 -7.16841 6.6
    endloop
  endfacet
  facet normal 0 0 1
    outer loop
      vertex 1.46141 -7.34703 6.6
      vertex 0.735128 -7.46389 6.6
      vertex 1.46318 -7.35589 6.6
    endloop
  endfacet
  facet normal -0 0 1
    outer loop
      vertex 0.734242 -7.45489 6.6
      vertex 0.735128 -7.46389 6.6
      vertex 1.46141 -7.34703 6.6
    endloop
  endfacet
  facet normal 0 0 1
    outer loop
      vertex 0 -7.49097 6.6
      vertex 0.735128 -7.46389 6.6
      vertex 0.734242 -7.45489 6.6
    endloop
  endfacet
  facet normal -0 0 1
    outer loop
      vertex 0 -7.49097 6.6
      vertex 0 -7.5 6.6
      vertex 0.735128 -7.46389 6.6
    endloop
  endfacet
  facet normal 0 0 1
    outer loop
      vertex -0.734242 -7.45489 6.6
      vertex 0 -7.5 6.6
      vertex 0 -7.49097 6.6
    endloop
  endfacet
  facet normal 0 0 1
    outer loop
      vertex -0.734242 -7.45489 6.6
      vertex -0.735128 -7.46389 6.6
      vertex 0 -7.5 6.6
    endloop
  endfacet
  facet normal 0 0 1
    outer loop
      vertex -1.46141 -7.34703 6.6
      vertex -0.735128 -7.46389 6.6
      vertex -0.734242 -7.45489 6.6
    endloop
  endfacet
  facet normal 0 0 1
    outer loop
      vertex -1.46141 -7.34703 6.6
      vertex -1.46318 -7.35589 6.6
      vertex -0.735128 -7.46389 6.6
    endloop
  endfacet
  facet normal 0 0 1
    outer loop
      vertex -2.17451 -7.16841 6.6
      vertex -1.46318 -7.35589 6.6
      vertex -1.46141 -7.34703 6.6
    endloop
  endfacet
  facet normal 0 0 1
    outer loop
      vertex -2.17451 -7.16841 6.6
      vertex -2.17713 -7.17705 6.6
      vertex -1.46318 -7.35589 6.6
    endloop
  endfacet
  facet normal 0 0 1
    outer loop
      vertex -2.86667 -6.92075 6.6
      vertex -2.17713 -7.17705 6.6
      vertex -2.17451 -7.16841 6.6
    endloop
  endfacet
  facet normal 0 0 1
    outer loop
      vertex -2.86667 -6.92075 6.6
      vertex -2.87012 -6.9291 6.6
      vertex -2.17713 -7.17705 6.6
    endloop
  endfacet
  facet normal 0 0 1
    outer loop
      vertex -3.53122 -6.60644 6.6
      vertex -2.87012 -6.9291 6.6
      vertex -2.86667 -6.92075 6.6
    endloop
  endfacet
  facet normal 0 0 1
    outer loop
      vertex -3.53122 -6.60644 6.6
      vertex -3.53547 -6.61441 6.6
      vertex -2.87012 -6.9291 6.6
    endloop
  endfacet
  facet normal 0 0 1
    outer loop
      vertex -4.16176 -6.22851 6.6
      vertex -3.53547 -6.61441 6.6
      vertex -3.53122 -6.60644 6.6
    endloop
  endfacet
  facet normal 0 0 1
    outer loop
      vertex -4.16176 -6.22851 6.6
      vertex -4.16678 -6.23602 6.6
      vertex -3.53547 -6.61441 6.6
    endloop
  endfacet
  facet normal 0 0 1
    outer loop
      vertex -4.75222 -5.79059 6.6
      vertex -4.16678 -6.23602 6.6
      vertex -4.16176 -6.22851 6.6
    endloop
  endfacet
  facet normal 0 0 1
    outer loop
      vertex -4.75222 -5.79059 6.6
      vertex -4.75795 -5.79758 6.6
      vertex -4.16678 -6.23602 6.6
    endloop
  endfacet
  facet normal 0 0 1
    outer loop
      vertex -5.29691 -5.29691 6.6
      vertex -4.75795 -5.79758 6.6
      vertex -4.75222 -5.79059 6.6
    endloop
  endfacet
  facet normal 0 0 1
    outer loop
      vertex -5.29691 -5.29691 6.6
      vertex -5.3033 -5.3033 6.6
      vertex -4.75795 -5.79758 6.6
    endloop
  endfacet
  facet normal 0 0 1
    outer loop
      vertex -5.79059 -4.75222 6.6
      vertex -5.3033 -5.3033 6.6
      vertex -5.29691 -5.29691 6.6
    endloop
  endfacet
  facet normal 0 0 1
    outer loop
      vertex -5.79059 -4.75222 6.6
      vertex -5.79758 -4.75795 6.6
      vertex -5.3033 -5.3033 6.6
    endloop
  endfacet
  facet normal 0 0 1
    outer loop
      vertex -6.22851 -4.16176 6.6
      vertex -5.79758 -4.75795 6.6
      vertex -5.79059 -4.75222 6.6
    endloop
  endfacet
  facet normal 0 0 1
    outer loop
      vertex -6.22851 -4.16176 6.6
      vertex -6.23602 -4.16678 6.6
      vertex -5.79758 -4.75795 6.6
    endloop
  endfacet
  facet normal 0 0 1
    outer loop
      vertex -6.60644 -3.53122 6.6
      vertex -6.23602 -4.16678 6.6
      vertex -6.22851 -4.16176 6.6
    endloop
  endfacet
  facet normal 0 0 1
    outer loop
      vertex -6.60644 -3.53122 6.6
      vertex -6.61441 -3.53547 6.6
      vertex -6.23602 -4.16678 6.6
    endloop
  endfacet
  facet normal 0 0 1
    outer loop
      vertex -6.92075 -2.86667 6.6
      vertex -6.61441 -3.53547 6.6
      vertex -6.60644 -3.53122 6.6
    endloop
  endfacet
  facet normal 0 0 1
    outer loop
      vertex -6.92075 -2.86667 6.6
      vertex -6.9291 -2.87012 6.6
      vertex -6.61441 -3.53547 6.6
    endloop
  endfacet
  facet normal 0 0 1
    outer loop
      vertex -7.16841 -2.17451 6.6
      vertex -6.9291 -2.87012 6.6
      vertex -6.92075 -2.86667 6.6
    endloop
  endfacet
  facet normal 0 0 1
    outer loop
      vertex -7.16841 -2.17451 6.6
      vertex -7.17705 -2.17713 6.6
      vertex -6.9291 -2.87012 6.6
    endloop
  endfacet
  facet normal 0 0 1
    outer loop
      vertex -7.34703 -1.46141 6.6
      vertex -7.17705 -2.17713 6.6
      vertex -7.16841 -2.17451 6.6
    endloop
  endfacet
  facet normal 0 0 1
    outer loop
      vertex -7.34703 -1.46141 6.6
      vertex -7.35589 -1.46318 6.6
      vertex -7.17705 -2.17713 6.6
    endloop
  endfacet
  facet normal 0 0 1
    outer loop
      vertex -7.45489 -0.734242 6.6
      vertex -7.35589 -1.46318 6.6
      vertex -7.34703 -1.46141 6.6
    endloop
  endfacet
  facet normal 0 0 1
    outer loop
      vertex -7.45489 -0.734242 6.6
      vertex -7.46389 -0.735128 6.6
      vertex -7.35589 -1.46318 6.6
    endloop
  endfacet
  facet normal 0 0 1
    outer loop
      vertex -7.49097 0 6.6
      vertex -7.46389 -0.735128 6.6
      vertex -7.45489 -0.734242 6.6
    endloop
  endfacet
  facet normal 0 0 1
    outer loop
      vertex -7.46389 -0.735128 6.6
      vertex -7.49097 0 6.6
      vertex -7.5 0 6.6
    endloop
  endfacet
  facet normal 0.81537 0.0400515 -0.577554
    outer loop
      vertex 7.5 0 0.2
      vertex 7.46389 0.735128 0.2
      vertex 9.2 0 2.6
    endloop
  endfacet
  facet normal 0.349042 0.737971 -0.577554
    outer loop
      vertex 3.52438 8.02837 2
      vertex 3.35805 8.10704 2
      vertex 3.52069 8.49969 2.6
    endloop
  endfacet
  facet normal 0.604879 -0.548226 -0.577555
    outer loop
      vertex 7.1117 -5.83642 2.6
      vertex 6 -5.50869 1.12462
      vertex 6 -4.92407 0.569688
    endloop
  endfacet
  facet normal 0.0400626 0.815369 -0.577553
    outer loop
      vertex 0.183782 8.76597 2
      vertex 0 8.775 2
      vertex 0 9.2 2.6
    endloop
  endfacet
  facet normal -0.486304 -0.655696 -0.577556
    outer loop
      vertex -5.41901 -6.89278 2
      vertex -5.83642 -7.1117 2.6
      vertex -5.5668 -6.78317 2
    endloop
  endfacet
  facet normal 0.548225 0.604879 -0.577556
    outer loop
      vertex 5.70314 6.6596 2
      vertex 5.5668 6.78317 2
      vertex 5.83642 7.1117 2.6
    endloop
  endfacet
  facet normal -0.548225 0.604879 -0.577556
    outer loop
      vertex -5.70314 6.6596 2
      vertex -5.83642 7.1117 2.6
      vertex -5.5668 6.78317 2
    endloop
  endfacet
  facet normal -0.655693 0.486304 -0.577559
    outer loop
      vertex -6.23602 4.16678 0.2
      vertex -6 4.92407 0.569688
      vertex -6 4.48501 0.2
    endloop
  endfacet
  facet normal -0.655697 0.486304 -0.577555
    outer loop
      vertex -6 4.92407 0.569688
      vertex -6.23602 4.16678 0.2
      vertex -7.1117 5.83642 2.6
    endloop
  endfacet
  facet normal -0.275021 -0.768632 -0.577554
    outer loop
      vertex -3.1848 -8.16903 2
      vertex -2.67062 -8.80385 2.6
      vertex -3.52069 -8.49969 2.6
    endloop
  endfacet
  facet normal -0.275022 -0.768632 -0.577553
    outer loop
      vertex -2.67062 -8.80385 2.6
      vertex -3.1848 -8.16903 2
      vertex -2.54725 -8.39715 2
    endloop
  endfacet
  facet normal -0.81537 0.0400561 -0.577553
    outer loop
      vertex -7.46389 0.735128 0.2
      vertex -9.2 0 2.6
      vertex -9.1557 0.901757 2.6
    endloop
  endfacet
  facet normal -0.119784 0.80752 -0.57755
    outer loop
      vertex -1.71192 8.60639 2
      vertex -1.79483 9.02322 2.6
      vertex -1.5299 8.63339 2
    endloop
  endfacet
  facet normal -0.486299 -0.655702 -0.577554
    outer loop
      vertex -5.41901 -6.89278 2
      vertex -5.11125 -7.64952 2.6
      vertex -5.83642 -7.1117 2.6
    endloop
  endfacet
  facet normal -0.486292 -0.655703 -0.577559
    outer loop
      vertex -5.11125 -7.64952 2.6
      vertex -5.41901 -6.89278 2
      vertex -4.87513 -7.29614 2
    endloop
  endfacet
  facet normal 0.0400502 0.815372 -0.57755
    outer loop
      vertex 0.183782 8.76597 2
      vertex 0.901757 9.1557 2.6
      vertex 0.8601 8.73275 2
    endloop
  endfacet
  facet normal 0.0400561 0.815369 -0.577555
    outer loop
      vertex 0.901757 9.1557 2.6
      vertex 0.183782 8.76597 2
      vertex 0 9.2 2.6
    endloop
  endfacet
  facet normal -0.0400626 0.815369 -0.577553
    outer loop
      vertex 0 8.775 2
      vertex -0.183782 8.76597 2
      vertex 0 9.2 2.6
    endloop
  endfacet
  facet normal 0.655702 -0.486299 -0.577554
    outer loop
      vertex 7.1117 -5.83642 2.6
      vertex 6.23602 -4.16678 0.2
      vertex 7.64952 -5.11125 2.6
    endloop
  endfacet
  facet normal -0.655693 -0.486304 -0.577559
    outer loop
      vertex -6 -4.92407 0.569688
      vertex -6.23602 -4.16678 0.2
      vertex -6 -4.48501 0.2
    endloop
  endfacet
  facet normal -0.655697 -0.486304 -0.577555
    outer loop
      vertex -6.23602 -4.16678 0.2
      vertex -6 -4.92407 0.569688
      vertex -7.1117 -5.83642 2.6
    endloop
  endfacet
  facet normal 0.655702 0.486299 -0.577554
    outer loop
      vertex 7.64952 5.11125 2.6
      vertex 6.23602 4.16678 0.2
      vertex 7.1117 5.83642 2.6
    endloop
  endfacet
  facet normal 0.275022 -0.768632 -0.577553
    outer loop
      vertex 3.1848 -8.16903 2
      vertex 2.67062 -8.80385 2.6
      vertex 2.54725 -8.39715 2
    endloop
  endfacet
  facet normal 0.275021 -0.768632 -0.577554
    outer loop
      vertex 2.67062 -8.80385 2.6
      vertex 3.1848 -8.16903 2
      vertex 3.52069 -8.49969 2.6
    endloop
  endfacet
  facet normal -0.275021 -0.768631 -0.577554
    outer loop
      vertex -3.1848 -8.16903 2
      vertex -3.52069 -8.49969 2.6
      vertex -3.35805 -8.10704 2
    endloop
  endfacet
  facet normal 0.81537 -0.0400561 -0.577553
    outer loop
      vertex 9.1557 -0.901757 2.6
      vertex 7.46389 -0.735128 0.2
      vertex 9.2 0 2.6
    endloop
  endfacet
  facet normal 0.349042 -0.737971 -0.577554
    outer loop
      vertex 3.52069 -8.49969 2.6
      vertex 3.35805 -8.10704 2
      vertex 3.52438 -8.02837 2
    endloop
  endfacet
  facet normal -0.0400502 -0.815372 -0.57755
    outer loop
      vertex -0.183782 -8.76597 2
      vertex -0.901757 -9.1557 2.6
      vertex -0.8601 -8.73275 2
    endloop
  endfacet
  facet normal -0.0400561 -0.815369 -0.577555
    outer loop
      vertex -0.901757 -9.1557 2.6
      vertex -0.183782 -8.76597 2
      vertex 0 -9.2 2.6
    endloop
  endfacet
  facet normal -0.70021 -0.419687 -0.577554
    outer loop
      vertex -6.23602 -4.16678 0.2
      vertex -7.64952 -5.11125 2.6
      vertex -6.61441 -3.53547 0.2
    endloop
  endfacet
  facet normal 0.807517 0.119788 -0.577552
    outer loop
      vertex 9.1557 0.901757 2.6
      vertex 7.46389 0.735128 0.2
      vertex 9.02322 1.79483 2.6
    endloop
  endfacet
  facet normal 0.655693 -0.486304 -0.577559
    outer loop
      vertex 6.23602 -4.16678 0.2
      vertex 6 -4.92407 0.569688
      vertex 6 -4.48501 0.2
    endloop
  endfacet
  facet normal 0.655697 -0.486304 -0.577555
    outer loop
      vertex 6 -4.92407 0.569688
      vertex 6.23602 -4.16678 0.2
      vertex 7.1117 -5.83642 2.6
    endloop
  endfacet
  facet normal 0.604879 0.548226 -0.577555
    outer loop
      vertex 7.1117 5.83642 2.6
      vertex 6 4.92407 0.569688
      vertex 6 5.50869 1.12462
    endloop
  endfacet
  facet normal -0.349042 -0.737971 -0.577554
    outer loop
      vertex -3.52069 -8.49969 2.6
      vertex -3.52438 -8.02837 2
      vertex -3.35805 -8.10704 2
    endloop
  endfacet
  facet normal 0.70021 0.419687 -0.577554
    outer loop
      vertex 6.61441 3.53547 0.2
      vertex 6.23602 4.16678 0.2
      vertex 7.64952 5.11125 2.6
    endloop
  endfacet
  facet normal 0.737973 0.349039 -0.577553
    outer loop
      vertex 6.9291 2.87012 0.2
      vertex 6.61441 3.53547 0.2
      vertex 8.49969 3.52069 2.6
    endloop
  endfacet
  facet normal 0.700207 -0.41969 -0.577555
    outer loop
      vertex 7.64952 -5.11125 2.6
      vertex 6.61441 -3.53547 0.2
      vertex 8.11368 -4.33685 2.6
    endloop
  endfacet
  facet normal -0.807517 -0.119788 -0.577552
    outer loop
      vertex -7.35589 -1.46318 0.2
      vertex -9.02322 -1.79483 2.6
      vertex -7.46389 -0.735128 0.2
    endloop
  endfacet
  facet normal 0.11979 -0.807519 -0.57755
    outer loop
      vertex 1.5299 -8.63339 2
      vertex 0.901757 -9.1557 2.6
      vertex 0.8601 -8.73275 2
    endloop
  endfacet
  facet normal 0.119789 -0.807518 -0.577551
    outer loop
      vertex 0.901757 -9.1557 2.6
      vertex 1.5299 -8.63339 2
      vertex 1.79483 -9.02322 2.6
    endloop
  endfacet
  facet normal 0.548231 -0.604875 -0.577554
    outer loop
      vertex 6 -6.39054 2
      vertex 5.83642 -7.1117 2.6
      vertex 5.70314 -6.6596 2
    endloop
  endfacet
  facet normal 0.548235 -0.604874 -0.577551
    outer loop
      vertex 5.83642 -7.1117 2.6
      vertex 6 -6.39054 2
      vertex 6.50538 -6.50538 2.6
    endloop
  endfacet
  facet normal 0.548239 -0.604868 -0.577554
    outer loop
      vertex 6.50538 -6.50538 2.6
      vertex 6 -6.39054 2
      vertex 6 -6 1.59099
    endloop
  endfacet
  facet normal 0.419696 -0.700205 -0.577554
    outer loop
      vertex 4.7173 -7.39074 2
      vertex 4.33685 -8.11368 2.6
      vertex 4.13651 -7.73886 2
    endloop
  endfacet
  facet normal 0.419689 -0.700205 -0.577559
    outer loop
      vertex 4.33685 -8.11368 2.6
      vertex 4.7173 -7.39074 2
      vertex 5.11125 -7.64952 2.6
    endloop
  endfacet
  facet normal 0.275021 0.768632 -0.577554
    outer loop
      vertex 3.1848 8.16903 2
      vertex 2.67062 8.80385 2.6
      vertex 3.52069 8.49969 2.6
    endloop
  endfacet
  facet normal 0.275022 0.768632 -0.577553
    outer loop
      vertex 2.67062 8.80385 2.6
      vertex 3.1848 8.16903 2
      vertex 2.54725 8.39715 2
    endloop
  endfacet
  facet normal 0.275021 -0.768631 -0.577554
    outer loop
      vertex 3.52069 -8.49969 2.6
      vertex 3.1848 -8.16903 2
      vertex 3.35805 -8.10704 2
    endloop
  endfacet
  facet normal -0.807517 -0.119788 -0.577552
    outer loop
      vertex -9.02322 -1.79483 2.6
      vertex -9.1557 -0.901757 2.6
      vertex -7.46389 -0.735128 0.2
    endloop
  endfacet
  facet normal -0.807517 0.119788 -0.577552
    outer loop
      vertex -7.46389 0.735128 0.2
      vertex -9.1557 0.901757 2.6
      vertex -9.02322 1.79483 2.6
    endloop
  endfacet
  facet normal 0.604873 -0.548235 -0.577553
    outer loop
      vertex 7.1117 -5.83642 2.6
      vertex 6 -6 1.59099
      vertex 6 -5.50869 1.12462
    endloop
  endfacet
  facet normal 0.604873 -0.548234 -0.577553
    outer loop
      vertex 6 -6 1.59099
      vertex 7.1117 -5.83642 2.6
      vertex 6.50538 -6.50538 2.6
    endloop
  endfacet
  facet normal 0.81537 -0.0400515 -0.577554
    outer loop
      vertex 9.2 0 2.6
      vertex 7.46389 -0.735128 0.2
      vertex 7.5 0 0.2
    endloop
  endfacet
  facet normal -0.655702 0.486299 -0.577554
    outer loop
      vertex -6.23602 4.16678 0.2
      vertex -7.64952 5.11125 2.6
      vertex -7.1117 5.83642 2.6
    endloop
  endfacet
  facet normal 0.737973 -0.349039 -0.577553
    outer loop
      vertex 8.49969 -3.52069 2.6
      vertex 6.61441 -3.53547 0.2
      vertex 6.9291 -2.87012 0.2
    endloop
  endfacet
  facet normal 0.81537 0.0400561 -0.577553
    outer loop
      vertex 9.2 0 2.6
      vertex 7.46389 0.735128 0.2
      vertex 9.1557 0.901757 2.6
    endloop
  endfacet
  facet normal 0.807517 -0.119788 -0.577552
    outer loop
      vertex 9.02322 -1.79483 2.6
      vertex 7.46389 -0.735128 0.2
      vertex 9.1557 -0.901757 2.6
    endloop
  endfacet
  facet normal 0.119789 0.807518 -0.577551
    outer loop
      vertex 1.5299 8.63339 2
      vertex 0.901757 9.1557 2.6
      vertex 1.79483 9.02322 2.6
    endloop
  endfacet
  facet normal 0.11979 0.807519 -0.57755
    outer loop
      vertex 0.901757 9.1557 2.6
      vertex 1.5299 8.63339 2
      vertex 0.8601 8.73275 2
    endloop
  endfacet
  facet normal 0.349032 0.737975 -0.577555
    outer loop
      vertex 4.13651 7.73886 2
      vertex 3.52069 8.49969 2.6
      vertex 4.33685 8.11368 2.6
    endloop
  endfacet
  facet normal 0.349029 0.737975 -0.577557
    outer loop
      vertex 3.52069 8.49969 2.6
      vertex 4.13651 7.73886 2
      vertex 3.52438 8.02837 2
    endloop
  endfacet
  facet normal 0.791888 -0.198354 -0.577554
    outer loop
      vertex 8.80385 -2.67062 2.6
      vertex 7.17705 -2.17713 0.2
      vertex 9.02322 -1.79483 2.6
    endloop
  endfacet
  facet normal -0.81537 -0.0400515 -0.577554
    outer loop
      vertex -7.46389 -0.735128 0.2
      vertex -9.2 0 2.6
      vertex -7.5 0 0.2
    endloop
  endfacet
  facet normal -0.198361 -0.79189 -0.577549
    outer loop
      vertex -1.79483 -9.02322 2.6
      vertex -1.89041 -8.56168 2
      vertex -1.71192 -8.60639 2
    endloop
  endfacet
  facet normal -0.275022 0.768632 -0.577553
    outer loop
      vertex -3.1848 8.16903 2
      vertex -2.67062 8.80385 2.6
      vertex -2.54725 8.39715 2
    endloop
  endfacet
  facet normal -0.275021 0.768632 -0.577554
    outer loop
      vertex -2.67062 8.80385 2.6
      vertex -3.1848 8.16903 2
      vertex -3.52069 8.49969 2.6
    endloop
  endfacet
  facet normal -0.768635 0.275015 -0.577553
    outer loop
      vertex -7.17705 2.17713 0.2
      vertex -8.49969 3.52069 2.6
      vertex -6.9291 2.87012 0.2
    endloop
  endfacet
  facet normal 0.0400561 -0.815369 -0.577555
    outer loop
      vertex 0.183782 -8.76597 2
      vertex 0.901757 -9.1557 2.6
      vertex 0 -9.2 2.6
    endloop
  endfacet
  facet normal 0.0400502 -0.815372 -0.57755
    outer loop
      vertex 0.901757 -9.1557 2.6
      vertex 0.183782 -8.76597 2
      vertex 0.8601 -8.73275 2
    endloop
  endfacet
  facet normal -0.604873 0.548234 -0.577553
    outer loop
      vertex -6 6 1.59099
      vertex -7.1117 5.83642 2.6
      vertex -6.50538 6.50538 2.6
    endloop
  endfacet
  facet normal -0.604873 0.548235 -0.577553
    outer loop
      vertex -7.1117 5.83642 2.6
      vertex -6 6 1.59099
      vertex -6 5.50869 1.12462
    endloop
  endfacet
  facet normal -0.548231 0.604875 -0.577554
    outer loop
      vertex -6 6.39054 2
      vertex -5.83642 7.1117 2.6
      vertex -5.70314 6.6596 2
    endloop
  endfacet
  facet normal -0.548235 0.604874 -0.577551
    outer loop
      vertex -5.83642 7.1117 2.6
      vertex -6 6.39054 2
      vertex -6.50538 6.50538 2.6
    endloop
  endfacet
  facet normal -0.548239 0.604868 -0.577554
    outer loop
      vertex -6.50538 6.50538 2.6
      vertex -6 6.39054 2
      vertex -6 6 1.59099
    endloop
  endfacet
  facet normal 0.419689 0.700205 -0.577559
    outer loop
      vertex 4.7173 7.39074 2
      vertex 4.33685 8.11368 2.6
      vertex 5.11125 7.64952 2.6
    endloop
  endfacet
  facet normal 0.419696 0.700205 -0.577554
    outer loop
      vertex 4.33685 8.11368 2.6
      vertex 4.7173 7.39074 2
      vertex 4.13651 7.73886 2
    endloop
  endfacet
  facet normal -0.604873 -0.548235 -0.577553
    outer loop
      vertex -6 -6 1.59099
      vertex -7.1117 -5.83642 2.6
      vertex -6 -5.50869 1.12462
    endloop
  endfacet
  facet normal -0.604873 -0.548234 -0.577553
    outer loop
      vertex -7.1117 -5.83642 2.6
      vertex -6 -6 1.59099
      vertex -6.50538 -6.50538 2.6
    endloop
  endfacet
  facet normal 0.349029 -0.737975 -0.577557
    outer loop
      vertex 4.13651 -7.73886 2
      vertex 3.52069 -8.49969 2.6
      vertex 3.52438 -8.02837 2
    endloop
  endfacet
  facet normal 0.349032 -0.737975 -0.577555
    outer loop
      vertex 3.52069 -8.49969 2.6
      vertex 4.13651 -7.73886 2
      vertex 4.33685 -8.11368 2.6
    endloop
  endfacet
  facet normal 0.119784 0.80752 -0.57755
    outer loop
      vertex 1.71192 8.60639 2
      vertex 1.5299 8.63339 2
      vertex 1.79483 9.02322 2.6
    endloop
  endfacet
  facet normal -0.119789 -0.807518 -0.577551
    outer loop
      vertex -1.5299 -8.63339 2
      vertex -0.901757 -9.1557 2.6
      vertex -1.79483 -9.02322 2.6
    endloop
  endfacet
  facet normal -0.11979 -0.807519 -0.57755
    outer loop
      vertex -0.901757 -9.1557 2.6
      vertex -1.5299 -8.63339 2
      vertex -0.8601 -8.73275 2
    endloop
  endfacet
  facet normal -0.768632 0.275021 -0.577554
    outer loop
      vertex -7.17705 2.17713 0.2
      vertex -8.80385 2.67062 2.6
      vertex -8.49969 3.52069 2.6
    endloop
  endfacet
  facet normal 0.655697 0.486304 -0.577555
    outer loop
      vertex 6.23602 4.16678 0.2
      vertex 6 4.92407 0.569688
      vertex 7.1117 5.83642 2.6
    endloop
  endfacet
  facet normal 0.655693 0.486304 -0.577559
    outer loop
      vertex 6 4.92407 0.569688
      vertex 6.23602 4.16678 0.2
      vertex 6 4.48501 0.2
    endloop
  endfacet
  facet normal -0.791888 -0.198363 -0.577552
    outer loop
      vertex -7.17705 -2.17713 0.2
      vertex -9.02322 -1.79483 2.6
      vertex -7.35589 -1.46318 0.2
    endloop
  endfacet
  facet normal -0.0400626 -0.815369 -0.577553
    outer loop
      vertex 0 -9.2 2.6
      vertex -0.183782 -8.76597 2
      vertex 0 -8.775 2
    endloop
  endfacet
  facet normal 0.275021 0.768631 -0.577554
    outer loop
      vertex 3.35805 8.10704 2
      vertex 3.1848 8.16903 2
      vertex 3.52069 8.49969 2.6
    endloop
  endfacet
  facet normal 0.737975 -0.349032 -0.577555
    outer loop
      vertex 8.11368 -4.33685 2.6
      vertex 6.61441 -3.53547 0.2
      vertex 8.49969 -3.52069 2.6
    endloop
  endfacet
  facet normal 0.807517 -0.119788 -0.577552
    outer loop
      vertex 9.02322 -1.79483 2.6
      vertex 7.35589 -1.46318 0.2
      vertex 7.46389 -0.735128 0.2
    endloop
  endfacet
  facet normal 0.419688 -0.700205 -0.577559
    outer loop
      vertex 5.11125 -7.64952 2.6
      vertex 4.7173 -7.39074 2
      vertex 4.87513 -7.29614 2
    endloop
  endfacet
  facet normal 0.486304 -0.655696 -0.577556
    outer loop
      vertex 5.83642 -7.1117 2.6
      vertex 5.41901 -6.89278 2
      vertex 5.5668 -6.78317 2
    endloop
  endfacet
  facet normal -0.791888 -0.198354 -0.577554
    outer loop
      vertex -8.80385 -2.67062 2.6
      vertex -9.02322 -1.79483 2.6
      vertex -7.17705 -2.17713 0.2
    endloop
  endfacet
  facet normal -0.604879 0.548226 -0.577555
    outer loop
      vertex -6 4.92407 0.569688
      vertex -7.1117 5.83642 2.6
      vertex -6 5.50869 1.12462
    endloop
  endfacet
  facet normal 0.768632 -0.275021 -0.577554
    outer loop
      vertex 8.49969 -3.52069 2.6
      vertex 7.17705 -2.17713 0.2
      vertex 8.80385 -2.67062 2.6
    endloop
  endfacet
  facet normal 0.768635 0.275015 -0.577553
    outer loop
      vertex 7.17705 2.17713 0.2
      vertex 6.9291 2.87012 0.2
      vertex 8.49969 3.52069 2.6
    endloop
  endfacet
  facet normal -0.768632 -0.275021 -0.577554
    outer loop
      vertex -8.49969 -3.52069 2.6
      vertex -8.80385 -2.67062 2.6
      vertex -7.17705 -2.17713 0.2
    endloop
  endfacet
  facet normal 0.198361 0.79189 -0.577549
    outer loop
      vertex 1.89041 8.56168 2
      vertex 1.71192 8.60639 2
      vertex 1.79483 9.02322 2.6
    endloop
  endfacet
  facet normal 0.419688 0.700205 -0.577559
    outer loop
      vertex 4.87513 7.29614 2
      vertex 4.7173 7.39074 2
      vertex 5.11125 7.64952 2.6
    endloop
  endfacet
  facet normal -0.548235 -0.604874 -0.577551
    outer loop
      vertex -6.50538 -6.50538 2.6
      vertex -6 -6.39054 2
      vertex -5.83642 -7.1117 2.6
    endloop
  endfacet
  facet normal -0.548239 -0.604868 -0.577554
    outer loop
      vertex -6 -6.39054 2
      vertex -6.50538 -6.50538 2.6
      vertex -6 -6 1.59099
    endloop
  endfacet
  facet normal -0.548231 -0.604875 -0.577554
    outer loop
      vertex -5.83642 -7.1117 2.6
      vertex -6 -6.39054 2
      vertex -5.70314 -6.6596 2
    endloop
  endfacet
  facet normal 0.486292 -0.655703 -0.577559
    outer loop
      vertex 5.41901 -6.89278 2
      vertex 5.11125 -7.64952 2.6
      vertex 4.87513 -7.29614 2
    endloop
  endfacet
  facet normal 0.486299 -0.655702 -0.577554
    outer loop
      vertex 5.11125 -7.64952 2.6
      vertex 5.41901 -6.89278 2
      vertex 5.83642 -7.1117 2.6
    endloop
  endfacet
  facet normal -0.419688 0.700205 -0.577559
    outer loop
      vertex -4.87513 7.29614 2
      vertex -5.11125 7.64952 2.6
      vertex -4.7173 7.39074 2
    endloop
  endfacet
  facet normal 0.198358 -0.79189 -0.57755
    outer loop
      vertex 2.54725 -8.39715 2
      vertex 1.79483 -9.02322 2.6
      vertex 1.89041 -8.56168 2
    endloop
  endfacet
  facet normal 0.198354 -0.791889 -0.577553
    outer loop
      vertex 1.79483 -9.02322 2.6
      vertex 2.54725 -8.39715 2
      vertex 2.67062 -8.80385 2.6
    endloop
  endfacet
  facet normal 0.70021 -0.419687 -0.577554
    outer loop
      vertex 7.64952 -5.11125 2.6
      vertex 6.23602 -4.16678 0.2
      vertex 6.61441 -3.53547 0.2
    endloop
  endfacet
  facet normal -0.807517 0.119788 -0.577552
    outer loop
      vertex -7.46389 0.735128 0.2
      vertex -9.02322 1.79483 2.6
      vertex -7.35589 1.46318 0.2
    endloop
  endfacet
  facet normal -0.655702 -0.486299 -0.577554
    outer loop
      vertex -7.1117 -5.83642 2.6
      vertex -7.64952 -5.11125 2.6
      vertex -6.23602 -4.16678 0.2
    endloop
  endfacet
  facet normal 0.486304 0.655696 -0.577556
    outer loop
      vertex 5.5668 6.78317 2
      vertex 5.41901 6.89278 2
      vertex 5.83642 7.1117 2.6
    endloop
  endfacet
  facet normal -0.486304 0.655696 -0.577556
    outer loop
      vertex -5.5668 6.78317 2
      vertex -5.83642 7.1117 2.6
      vertex -5.41901 6.89278 2
    endloop
  endfacet
  facet normal 0.0400626 -0.815369 -0.577553
    outer loop
      vertex 0.183782 -8.76597 2
      vertex 0 -9.2 2.6
      vertex 0 -8.775 2
    endloop
  endfacet
  facet normal 0.768632 0.275021 -0.577554
    outer loop
      vertex 8.80385 2.67062 2.6
      vertex 7.17705 2.17713 0.2
      vertex 8.49969 3.52069 2.6
    endloop
  endfacet
  facet normal -0.81537 0.0400515 -0.577554
    outer loop
      vertex -7.5 0 0.2
      vertex -9.2 0 2.6
      vertex -7.46389 0.735128 0.2
    endloop
  endfacet
  facet normal 0.198354 0.791889 -0.577553
    outer loop
      vertex 2.54725 8.39715 2
      vertex 1.79483 9.02322 2.6
      vertex 2.67062 8.80385 2.6
    endloop
  endfacet
  facet normal 0.198358 0.79189 -0.57755
    outer loop
      vertex 1.79483 9.02322 2.6
      vertex 2.54725 8.39715 2
      vertex 1.89041 8.56168 2
    endloop
  endfacet
  facet normal -0.737973 0.349039 -0.577553
    outer loop
      vertex -6.9291 2.87012 0.2
      vertex -8.49969 3.52069 2.6
      vertex -6.61441 3.53547 0.2
    endloop
  endfacet
  facet normal -0.198361 0.79189 -0.577549
    outer loop
      vertex -1.71192 8.60639 2
      vertex -1.89041 8.56168 2
      vertex -1.79483 9.02322 2.6
    endloop
  endfacet
  facet normal -0.349029 0.737975 -0.577557
    outer loop
      vertex -4.13651 7.73886 2
      vertex -3.52069 8.49969 2.6
      vertex -3.52438 8.02837 2
    endloop
  endfacet
  facet normal -0.349032 0.737975 -0.577555
    outer loop
      vertex -3.52069 8.49969 2.6
      vertex -4.13651 7.73886 2
      vertex -4.33685 8.11368 2.6
    endloop
  endfacet
  facet normal -0.198354 -0.791889 -0.577553
    outer loop
      vertex -2.54725 -8.39715 2
      vertex -1.79483 -9.02322 2.6
      vertex -2.67062 -8.80385 2.6
    endloop
  endfacet
  facet normal -0.198358 -0.79189 -0.57755
    outer loop
      vertex -1.79483 -9.02322 2.6
      vertex -2.54725 -8.39715 2
      vertex -1.89041 -8.56168 2
    endloop
  endfacet
  facet normal 0.548225 -0.604879 -0.577556
    outer loop
      vertex 5.83642 -7.1117 2.6
      vertex 5.5668 -6.78317 2
      vertex 5.70314 -6.6596 2
    endloop
  endfacet
  facet normal -0.700207 0.41969 -0.577555
    outer loop
      vertex -6.61441 3.53547 0.2
      vertex -8.11368 4.33685 2.6
      vertex -7.64952 5.11125 2.6
    endloop
  endfacet
  facet normal -0.81537 -0.0400561 -0.577553
    outer loop
      vertex -9.1557 -0.901757 2.6
      vertex -9.2 0 2.6
      vertex -7.46389 -0.735128 0.2
    endloop
  endfacet
  facet normal -0.768635 -0.275015 -0.577553
    outer loop
      vertex -6.9291 -2.87012 0.2
      vertex -8.49969 -3.52069 2.6
      vertex -7.17705 -2.17713 0.2
    endloop
  endfacet
  facet normal 0.768635 -0.275015 -0.577553
    outer loop
      vertex 8.49969 -3.52069 2.6
      vertex 6.9291 -2.87012 0.2
      vertex 7.17705 -2.17713 0.2
    endloop
  endfacet
  facet normal 0.791888 -0.198363 -0.577552
    outer loop
      vertex 9.02322 -1.79483 2.6
      vertex 7.17705 -2.17713 0.2
      vertex 7.35589 -1.46318 0.2
    endloop
  endfacet
  facet normal -0.548225 -0.604879 -0.577556
    outer loop
      vertex -5.5668 -6.78317 2
      vertex -5.83642 -7.1117 2.6
      vertex -5.70314 -6.6596 2
    endloop
  endfacet
  facet normal 0.791888 0.198354 -0.577554
    outer loop
      vertex 9.02322 1.79483 2.6
      vertex 7.17705 2.17713 0.2
      vertex 8.80385 2.67062 2.6
    endloop
  endfacet
  facet normal 0.604873 0.548234 -0.577553
    outer loop
      vertex 7.1117 5.83642 2.6
      vertex 6 6 1.59099
      vertex 6.50538 6.50538 2.6
    endloop
  endfacet
  facet normal 0.604873 0.548235 -0.577553
    outer loop
      vertex 6 6 1.59099
      vertex 7.1117 5.83642 2.6
      vertex 6 5.50869 1.12462
    endloop
  endfacet
  facet normal 0.548235 0.604874 -0.577551
    outer loop
      vertex 6.50538 6.50538 2.6
      vertex 6 6.39054 2
      vertex 5.83642 7.1117 2.6
    endloop
  endfacet
  facet normal 0.548239 0.604868 -0.577554
    outer loop
      vertex 6 6.39054 2
      vertex 6.50538 6.50538 2.6
      vertex 6 6 1.59099
    endloop
  endfacet
  facet normal 0.548231 0.604875 -0.577554
    outer loop
      vertex 5.83642 7.1117 2.6
      vertex 6 6.39054 2
      vertex 5.70314 6.6596 2
    endloop
  endfacet
  facet normal -0.275021 0.768631 -0.577554
    outer loop
      vertex -3.35805 8.10704 2
      vertex -3.52069 8.49969 2.6
      vertex -3.1848 8.16903 2
    endloop
  endfacet
  facet normal -0.70021 0.419687 -0.577554
    outer loop
      vertex -6.61441 3.53547 0.2
      vertex -7.64952 5.11125 2.6
      vertex -6.23602 4.16678 0.2
    endloop
  endfacet
  facet normal -0.737975 0.349032 -0.577555
    outer loop
      vertex -6.61441 3.53547 0.2
      vertex -8.49969 3.52069 2.6
      vertex -8.11368 4.33685 2.6
    endloop
  endfacet
  facet normal -0.349032 -0.737975 -0.577555
    outer loop
      vertex -4.13651 -7.73886 2
      vertex -3.52069 -8.49969 2.6
      vertex -4.33685 -8.11368 2.6
    endloop
  endfacet
  facet normal -0.349029 -0.737975 -0.577557
    outer loop
      vertex -3.52069 -8.49969 2.6
      vertex -4.13651 -7.73886 2
      vertex -3.52438 -8.02837 2
    endloop
  endfacet
  facet normal -0.419688 -0.700205 -0.577559
    outer loop
      vertex -4.7173 -7.39074 2
      vertex -5.11125 -7.64952 2.6
      vertex -4.87513 -7.29614 2
    endloop
  endfacet
  facet normal -0.198358 0.79189 -0.57755
    outer loop
      vertex -2.54725 8.39715 2
      vertex -1.79483 9.02322 2.6
      vertex -1.89041 8.56168 2
    endloop
  endfacet
  facet normal -0.198354 0.791889 -0.577553
    outer loop
      vertex -1.79483 9.02322 2.6
      vertex -2.54725 8.39715 2
      vertex -2.67062 8.80385 2.6
    endloop
  endfacet
  facet normal -0.419696 0.700205 -0.577554
    outer loop
      vertex -4.7173 7.39074 2
      vertex -4.33685 8.11368 2.6
      vertex -4.13651 7.73886 2
    endloop
  endfacet
  facet normal -0.419689 0.700205 -0.577559
    outer loop
      vertex -4.33685 8.11368 2.6
      vertex -4.7173 7.39074 2
      vertex -5.11125 7.64952 2.6
    endloop
  endfacet
  facet normal -0.349042 0.737971 -0.577554
    outer loop
      vertex -3.35805 8.10704 2
      vertex -3.52438 8.02837 2
      vertex -3.52069 8.49969 2.6
    endloop
  endfacet
  facet normal 0.486299 0.655702 -0.577554
    outer loop
      vertex 5.41901 6.89278 2
      vertex 5.11125 7.64952 2.6
      vertex 5.83642 7.1117 2.6
    endloop
  endfacet
  facet normal 0.486292 0.655703 -0.577559
    outer loop
      vertex 5.11125 7.64952 2.6
      vertex 5.41901 6.89278 2
      vertex 4.87513 7.29614 2
    endloop
  endfacet
  facet normal -0.486292 0.655703 -0.577559
    outer loop
      vertex -5.41901 6.89278 2
      vertex -5.11125 7.64952 2.6
      vertex -4.87513 7.29614 2
    endloop
  endfacet
  facet normal -0.486299 0.655702 -0.577554
    outer loop
      vertex -5.11125 7.64952 2.6
      vertex -5.41901 6.89278 2
      vertex -5.83642 7.1117 2.6
    endloop
  endfacet
  facet normal 0 0 1
    outer loop
      vertex 7.5 0 2.6
      vertex 9.2 0 2.6
      vertex 9.1557 0.901757 2.6
    endloop
  endfacet
  facet normal 0 0 1
    outer loop
      vertex 7.46389 0.735128 2.6
      vertex 9.1557 0.901757 2.6
      vertex 9.02322 1.79483 2.6
    endloop
  endfacet
  facet normal 0 0 1
    outer loop
      vertex 9.2 0 2.6
      vertex 7.5 0 2.6
      vertex 9.1557 -0.901757 2.6
    endloop
  endfacet
  facet normal 0 0 1
    outer loop
      vertex 7.35589 1.46318 2.6
      vertex 9.02322 1.79483 2.6
      vertex 8.80385 2.67062 2.6
    endloop
  endfacet
  facet normal -0 0 1
    outer loop
      vertex 7.46389 -0.735128 2.6
      vertex 9.1557 -0.901757 2.6
      vertex 7.5 0 2.6
    endloop
  endfacet
  facet normal 0 0 1
    outer loop
      vertex 7.17705 2.17713 2.6
      vertex 8.80385 2.67062 2.6
      vertex 8.49969 3.52069 2.6
    endloop
  endfacet
  facet normal 0 0 1
    outer loop
      vertex 9.1557 -0.901757 2.6
      vertex 7.46389 -0.735128 2.6
      vertex 9.02322 -1.79483 2.6
    endloop
  endfacet
  facet normal 0 0 1
    outer loop
      vertex 6.9291 2.87012 2.6
      vertex 8.49969 3.52069 2.6
      vertex 8.11368 4.33685 2.6
    endloop
  endfacet
  facet normal -0 0 1
    outer loop
      vertex 7.35589 -1.46318 2.6
      vertex 9.02322 -1.79483 2.6
      vertex 7.46389 -0.735128 2.6
    endloop
  endfacet
  facet normal 0 0 1
    outer loop
      vertex 6.61441 3.53547 2.6
      vertex 8.11368 4.33685 2.6
      vertex 7.64952 5.11125 2.6
    endloop
  endfacet
  facet normal 0 0 1
    outer loop
      vertex 9.02322 -1.79483 2.6
      vertex 7.35589 -1.46318 2.6
      vertex 8.80385 -2.67062 2.6
    endloop
  endfacet
  facet normal -0 0 1
    outer loop
      vertex 7.17705 -2.17713 2.6
      vertex 8.80385 -2.67062 2.6
      vertex 7.35589 -1.46318 2.6
    endloop
  endfacet
  facet normal 0 0 1
    outer loop
      vertex 9.1557 0.901757 2.6
      vertex 7.46389 0.735128 2.6
      vertex 7.5 0 2.6
    endloop
  endfacet
  facet normal 0 0 1
    outer loop
      vertex 9.02322 1.79483 2.6
      vertex 7.35589 1.46318 2.6
      vertex 7.46389 0.735128 2.6
    endloop
  endfacet
  facet normal 0 0 1
    outer loop
      vertex 8.80385 2.67062 2.6
      vertex 7.17705 2.17713 2.6
      vertex 7.35589 1.46318 2.6
    endloop
  endfacet
  facet normal 0 0 1
    outer loop
      vertex 6.23602 4.16678 2.6
      vertex 7.64952 5.11125 2.6
      vertex 7.1117 5.83642 2.6
    endloop
  endfacet
  facet normal 0 0 1
    outer loop
      vertex 8.49969 3.52069 2.6
      vertex 6.9291 2.87012 2.6
      vertex 7.17705 2.17713 2.6
    endloop
  endfacet
  facet normal 0 0 1
    outer loop
      vertex 8.11368 4.33685 2.6
      vertex 6.61441 3.53547 2.6
      vertex 6.9291 2.87012 2.6
    endloop
  endfacet
  facet normal 0 0 1
    outer loop
      vertex 5.79758 4.75795 2.6
      vertex 7.1117 5.83642 2.6
      vertex 6.50538 6.50538 2.6
    endloop
  endfacet
  facet normal 0 0 1
    outer loop
      vertex 7.64952 5.11125 2.6
      vertex 6.23602 4.16678 2.6
      vertex 6.61441 3.53547 2.6
    endloop
  endfacet
  facet normal 0 0 1
    outer loop
      vertex 5.3033 5.3033 2.6
      vertex 6.50538 6.50538 2.6
      vertex 5.83642 7.1117 2.6
    endloop
  endfacet
  facet normal 0 0 1
    outer loop
      vertex 7.1117 5.83642 2.6
      vertex 5.79758 4.75795 2.6
      vertex 6.23602 4.16678 2.6
    endloop
  endfacet
  facet normal 0 0 1
    outer loop
      vertex 6.50538 6.50538 2.6
      vertex 5.3033 5.3033 2.6
      vertex 5.79758 4.75795 2.6
    endloop
  endfacet
  facet normal 0 0 1
    outer loop
      vertex 4.75795 5.79758 2.6
      vertex 5.83642 7.1117 2.6
      vertex 5.11125 7.64952 2.6
    endloop
  endfacet
  facet normal 0 0 1
    outer loop
      vertex 5.83642 7.1117 2.6
      vertex 4.75795 5.79758 2.6
      vertex 5.3033 5.3033 2.6
    endloop
  endfacet
  facet normal 0 0 1
    outer loop
      vertex 4.16678 6.23602 2.6
      vertex 5.11125 7.64952 2.6
      vertex 4.33685 8.11368 2.6
    endloop
  endfacet
  facet normal 0 0 1
    outer loop
      vertex 5.11125 7.64952 2.6
      vertex 4.16678 6.23602 2.6
      vertex 4.75795 5.79758 2.6
    endloop
  endfacet
  facet normal 0 0 1
    outer loop
      vertex 4.33685 8.11368 2.6
      vertex 3.53547 6.61441 2.6
      vertex 4.16678 6.23602 2.6
    endloop
  endfacet
  facet normal 0 0 1
    outer loop
      vertex 3.52069 8.49969 2.6
      vertex 3.53547 6.61441 2.6
      vertex 4.33685 8.11368 2.6
    endloop
  endfacet
  facet normal 0 0 1
    outer loop
      vertex 3.52069 8.49969 2.6
      vertex 2.87012 6.9291 2.6
      vertex 3.53547 6.61441 2.6
    endloop
  endfacet
  facet normal 0 0 1
    outer loop
      vertex 2.67062 8.80385 2.6
      vertex 2.87012 6.9291 2.6
      vertex 3.52069 8.49969 2.6
    endloop
  endfacet
  facet normal 0 0 1
    outer loop
      vertex 2.67062 8.80385 2.6
      vertex 2.17713 7.17705 2.6
      vertex 2.87012 6.9291 2.6
    endloop
  endfacet
  facet normal 0 0 1
    outer loop
      vertex 1.79483 9.02322 2.6
      vertex 2.17713 7.17705 2.6
      vertex 2.67062 8.80385 2.6
    endloop
  endfacet
  facet normal 0 0 1
    outer loop
      vertex 1.79483 9.02322 2.6
      vertex 1.46318 7.35589 2.6
      vertex 2.17713 7.17705 2.6
    endloop
  endfacet
  facet normal 0 0 1
    outer loop
      vertex 0.901757 9.1557 2.6
      vertex 1.46318 7.35589 2.6
      vertex 1.79483 9.02322 2.6
    endloop
  endfacet
  facet normal 0 0 1
    outer loop
      vertex 0.901757 9.1557 2.6
      vertex 0.735128 7.46389 2.6
      vertex 1.46318 7.35589 2.6
    endloop
  endfacet
  facet normal 0 0 1
    outer loop
      vertex 0 9.2 2.6
      vertex 0.735128 7.46389 2.6
      vertex 0.901757 9.1557 2.6
    endloop
  endfacet
  facet normal 0 0 1
    outer loop
      vertex 0 9.2 2.6
      vertex 0 7.5 2.6
      vertex 0.735128 7.46389 2.6
    endloop
  endfacet
  facet normal 0 0 1
    outer loop
      vertex 0 9.2 2.6
      vertex -0.735128 7.46389 2.6
      vertex 0 7.5 2.6
    endloop
  endfacet
  facet normal -0 0 1
    outer loop
      vertex -0.901757 9.1557 2.6
      vertex -0.735128 7.46389 2.6
      vertex 0 9.2 2.6
    endloop
  endfacet
  facet normal 0 0 1
    outer loop
      vertex -0.901757 9.1557 2.6
      vertex -1.46318 7.35589 2.6
      vertex -0.735128 7.46389 2.6
    endloop
  endfacet
  facet normal -0 0 1
    outer loop
      vertex -1.79483 9.02322 2.6
      vertex -1.46318 7.35589 2.6
      vertex -0.901757 9.1557 2.6
    endloop
  endfacet
  facet normal 0 0 1
    outer loop
      vertex -1.79483 9.02322 2.6
      vertex -2.17713 7.17705 2.6
      vertex -1.46318 7.35589 2.6
    endloop
  endfacet
  facet normal -0 0 1
    outer loop
      vertex -2.67062 8.80385 2.6
      vertex -2.17713 7.17705 2.6
      vertex -1.79483 9.02322 2.6
    endloop
  endfacet
  facet normal 0 0 1
    outer loop
      vertex -2.67062 8.80385 2.6
      vertex -2.87012 6.9291 2.6
      vertex -2.17713 7.17705 2.6
    endloop
  endfacet
  facet normal -0 0 1
    outer loop
      vertex -3.52069 8.49969 2.6
      vertex -2.87012 6.9291 2.6
      vertex -2.67062 8.80385 2.6
    endloop
  endfacet
  facet normal 0 0 1
    outer loop
      vertex -3.52069 8.49969 2.6
      vertex -3.53547 6.61441 2.6
      vertex -2.87012 6.9291 2.6
    endloop
  endfacet
  facet normal -0 0 1
    outer loop
      vertex -4.33685 8.11368 2.6
      vertex -3.53547 6.61441 2.6
      vertex -3.52069 8.49969 2.6
    endloop
  endfacet
  facet normal 0 0 1
    outer loop
      vertex -3.53547 6.61441 2.6
      vertex -4.33685 8.11368 2.6
      vertex -4.16678 6.23602 2.6
    endloop
  endfacet
  facet normal -0 0 1
    outer loop
      vertex -5.11125 7.64952 2.6
      vertex -4.16678 6.23602 2.6
      vertex -4.33685 8.11368 2.6
    endloop
  endfacet
  facet normal 0 0 1
    outer loop
      vertex -4.16678 6.23602 2.6
      vertex -5.11125 7.64952 2.6
      vertex -4.75795 5.79758 2.6
    endloop
  endfacet
  facet normal -0 0 1
    outer loop
      vertex -5.83642 7.1117 2.6
      vertex -4.75795 5.79758 2.6
      vertex -5.11125 7.64952 2.6
    endloop
  endfacet
  facet normal 0 0 1
    outer loop
      vertex -4.75795 5.79758 2.6
      vertex -5.83642 7.1117 2.6
      vertex -5.3033 5.3033 2.6
    endloop
  endfacet
  facet normal -0 0 1
    outer loop
      vertex -6.50538 6.50538 2.6
      vertex -5.3033 5.3033 2.6
      vertex -5.83642 7.1117 2.6
    endloop
  endfacet
  facet normal 0 0 1
    outer loop
      vertex -5.3033 5.3033 2.6
      vertex -6.50538 6.50538 2.6
      vertex -5.79758 4.75795 2.6
    endloop
  endfacet
  facet normal -0 0 1
    outer loop
      vertex -7.1117 5.83642 2.6
      vertex -5.79758 4.75795 2.6
      vertex -6.50538 6.50538 2.6
    endloop
  endfacet
  facet normal 0 0 1
    outer loop
      vertex -5.79758 4.75795 2.6
      vertex -7.1117 5.83642 2.6
      vertex -6.23602 4.16678 2.6
    endloop
  endfacet
  facet normal -0 0 1
    outer loop
      vertex -7.64952 5.11125 2.6
      vertex -6.23602 4.16678 2.6
      vertex -7.1117 5.83642 2.6
    endloop
  endfacet
  facet normal 0 0 1
    outer loop
      vertex -6.23602 4.16678 2.6
      vertex -7.64952 5.11125 2.6
      vertex -6.61441 3.53547 2.6
    endloop
  endfacet
  facet normal -0 0 1
    outer loop
      vertex -8.11368 4.33685 2.6
      vertex -6.61441 3.53547 2.6
      vertex -7.64952 5.11125 2.6
    endloop
  endfacet
  facet normal 0 0 1
    outer loop
      vertex -6.61441 3.53547 2.6
      vertex -8.11368 4.33685 2.6
      vertex -6.9291 2.87012 2.6
    endloop
  endfacet
  facet normal -0 0 1
    outer loop
      vertex -8.49969 3.52069 2.6
      vertex -6.9291 2.87012 2.6
      vertex -8.11368 4.33685 2.6
    endloop
  endfacet
  facet normal -0 0 1
    outer loop
      vertex -8.80385 2.67062 2.6
      vertex -7.17705 2.17713 2.6
      vertex -8.49969 3.52069 2.6
    endloop
  endfacet
  facet normal 0 0 1
    outer loop
      vertex -6.9291 2.87012 2.6
      vertex -8.49969 3.52069 2.6
      vertex -7.17705 2.17713 2.6
    endloop
  endfacet
  facet normal 0 0 1
    outer loop
      vertex 8.80385 -2.67062 2.6
      vertex 7.17705 -2.17713 2.6
      vertex 8.49969 -3.52069 2.6
    endloop
  endfacet
  facet normal -0 0 1
    outer loop
      vertex 6.9291 -2.87012 2.6
      vertex 8.49969 -3.52069 2.6
      vertex 7.17705 -2.17713 2.6
    endloop
  endfacet
  facet normal 0 0 1
    outer loop
      vertex 8.49969 -3.52069 2.6
      vertex 6.9291 -2.87012 2.6
      vertex 8.11368 -4.33685 2.6
    endloop
  endfacet
  facet normal -0 0 1
    outer loop
      vertex 6.61441 -3.53547 2.6
      vertex 8.11368 -4.33685 2.6
      vertex 6.9291 -2.87012 2.6
    endloop
  endfacet
  facet normal 0 0 1
    outer loop
      vertex 8.11368 -4.33685 2.6
      vertex 6.61441 -3.53547 2.6
      vertex 7.64952 -5.11125 2.6
    endloop
  endfacet
  facet normal -0 0 1
    outer loop
      vertex 6.23602 -4.16678 2.6
      vertex 7.64952 -5.11125 2.6
      vertex 6.61441 -3.53547 2.6
    endloop
  endfacet
  facet normal 0 0 1
    outer loop
      vertex 7.64952 -5.11125 2.6
      vertex 6.23602 -4.16678 2.6
      vertex 7.1117 -5.83642 2.6
    endloop
  endfacet
  facet normal -0 0 1
    outer loop
      vertex 5.79758 -4.75795 2.6
      vertex 7.1117 -5.83642 2.6
      vertex 6.23602 -4.16678 2.6
    endloop
  endfacet
  facet normal 0 0 1
    outer loop
      vertex 7.1117 -5.83642 2.6
      vertex 5.79758 -4.75795 2.6
      vertex 6.50538 -6.50538 2.6
    endloop
  endfacet
  facet normal -0 0 1
    outer loop
      vertex 5.3033 -5.3033 2.6
      vertex 6.50538 -6.50538 2.6
      vertex 5.79758 -4.75795 2.6
    endloop
  endfacet
  facet normal 0 0 1
    outer loop
      vertex 6.50538 -6.50538 2.6
      vertex 5.3033 -5.3033 2.6
      vertex 5.83642 -7.1117 2.6
    endloop
  endfacet
  facet normal -0 0 1
    outer loop
      vertex 4.75795 -5.79758 2.6
      vertex 5.83642 -7.1117 2.6
      vertex 5.3033 -5.3033 2.6
    endloop
  endfacet
  facet normal 0 0 1
    outer loop
      vertex 5.83642 -7.1117 2.6
      vertex 4.75795 -5.79758 2.6
      vertex 5.11125 -7.64952 2.6
    endloop
  endfacet
  facet normal -0 0 1
    outer loop
      vertex 4.16678 -6.23602 2.6
      vertex 5.11125 -7.64952 2.6
      vertex 4.75795 -5.79758 2.6
    endloop
  endfacet
  facet normal 0 0 1
    outer loop
      vertex 5.11125 -7.64952 2.6
      vertex 4.16678 -6.23602 2.6
      vertex 4.33685 -8.11368 2.6
    endloop
  endfacet
  facet normal -0 0 1
    outer loop
      vertex 3.53547 -6.61441 2.6
      vertex 4.33685 -8.11368 2.6
      vertex 4.16678 -6.23602 2.6
    endloop
  endfacet
  facet normal 0 0 1
    outer loop
      vertex 3.53547 -6.61441 2.6
      vertex 3.52069 -8.49969 2.6
      vertex 4.33685 -8.11368 2.6
    endloop
  endfacet
  facet normal -0 0 1
    outer loop
      vertex 2.87012 -6.9291 2.6
      vertex 3.52069 -8.49969 2.6
      vertex 3.53547 -6.61441 2.6
    endloop
  endfacet
  facet normal 0 0 1
    outer loop
      vertex 2.87012 -6.9291 2.6
      vertex 2.67062 -8.80385 2.6
      vertex 3.52069 -8.49969 2.6
    endloop
  endfacet
  facet normal -0 0 1
    outer loop
      vertex 2.17713 -7.17705 2.6
      vertex 2.67062 -8.80385 2.6
      vertex 2.87012 -6.9291 2.6
    endloop
  endfacet
  facet normal 0 0 1
    outer loop
      vertex 2.17713 -7.17705 2.6
      vertex 1.79483 -9.02322 2.6
      vertex 2.67062 -8.80385 2.6
    endloop
  endfacet
  facet normal -0 0 1
    outer loop
      vertex 1.46318 -7.35589 2.6
      vertex 1.79483 -9.02322 2.6
      vertex 2.17713 -7.17705 2.6
    endloop
  endfacet
  facet normal 0 0 1
    outer loop
      vertex 1.46318 -7.35589 2.6
      vertex 0.901757 -9.1557 2.6
      vertex 1.79483 -9.02322 2.6
    endloop
  endfacet
  facet normal -0 0 1
    outer loop
      vertex 0.735128 -7.46389 2.6
      vertex 0.901757 -9.1557 2.6
      vertex 1.46318 -7.35589 2.6
    endloop
  endfacet
  facet normal -0 0 1
    outer loop
      vertex 0 -7.5 2.6
      vertex 0.901757 -9.1557 2.6
      vertex 0.735128 -7.46389 2.6
    endloop
  endfacet
  facet normal 0 0 1
    outer loop
      vertex 0 -7.5 2.6
      vertex 0 -9.2 2.6
      vertex 0.901757 -9.1557 2.6
    endloop
  endfacet
  facet normal 0 0 1
    outer loop
      vertex -0.735128 -7.46389 2.6
      vertex 0 -9.2 2.6
      vertex 0 -7.5 2.6
    endloop
  endfacet
  facet normal 0 0 1
    outer loop
      vertex -0.735128 -7.46389 2.6
      vertex -0.901757 -9.1557 2.6
      vertex 0 -9.2 2.6
    endloop
  endfacet
  facet normal 0 0 1
    outer loop
      vertex -1.46318 -7.35589 2.6
      vertex -0.901757 -9.1557 2.6
      vertex -0.735128 -7.46389 2.6
    endloop
  endfacet
  facet normal 0 0 1
    outer loop
      vertex -1.46318 -7.35589 2.6
      vertex -1.79483 -9.02322 2.6
      vertex -0.901757 -9.1557 2.6
    endloop
  endfacet
  facet normal 0 0 1
    outer loop
      vertex -2.17713 -7.17705 2.6
      vertex -1.79483 -9.02322 2.6
      vertex -1.46318 -7.35589 2.6
    endloop
  endfacet
  facet normal 0 0 1
    outer loop
      vertex -2.17713 -7.17705 2.6
      vertex -2.67062 -8.80385 2.6
      vertex -1.79483 -9.02322 2.6
    endloop
  endfacet
  facet normal 0 0 1
    outer loop
      vertex -2.87012 -6.9291 2.6
      vertex -2.67062 -8.80385 2.6
      vertex -2.17713 -7.17705 2.6
    endloop
  endfacet
  facet normal 0 0 1
    outer loop
      vertex -2.87012 -6.9291 2.6
      vertex -3.52069 -8.49969 2.6
      vertex -2.67062 -8.80385 2.6
    endloop
  endfacet
  facet normal 0 0 1
    outer loop
      vertex -3.53547 -6.61441 2.6
      vertex -3.52069 -8.49969 2.6
      vertex -2.87012 -6.9291 2.6
    endloop
  endfacet
  facet normal 0 0 1
    outer loop
      vertex -4.33685 -8.11368 2.6
      vertex -3.53547 -6.61441 2.6
      vertex -4.16678 -6.23602 2.6
    endloop
  endfacet
  facet normal 0 0 1
    outer loop
      vertex -3.53547 -6.61441 2.6
      vertex -4.33685 -8.11368 2.6
      vertex -3.52069 -8.49969 2.6
    endloop
  endfacet
  facet normal 0 0 1
    outer loop
      vertex -5.11125 -7.64952 2.6
      vertex -4.16678 -6.23602 2.6
      vertex -4.75795 -5.79758 2.6
    endloop
  endfacet
  facet normal 0 0 1
    outer loop
      vertex -4.16678 -6.23602 2.6
      vertex -5.11125 -7.64952 2.6
      vertex -4.33685 -8.11368 2.6
    endloop
  endfacet
  facet normal 0 0 1
    outer loop
      vertex -5.83642 -7.1117 2.6
      vertex -4.75795 -5.79758 2.6
      vertex -5.3033 -5.3033 2.6
    endloop
  endfacet
  facet normal 0 0 1
    outer loop
      vertex -6.50538 -6.50538 2.6
      vertex -5.3033 -5.3033 2.6
      vertex -5.79758 -4.75795 2.6
    endloop
  endfacet
  facet normal 0 0 1
    outer loop
      vertex -4.75795 -5.79758 2.6
      vertex -5.83642 -7.1117 2.6
      vertex -5.11125 -7.64952 2.6
    endloop
  endfacet
  facet normal 0 0 1
    outer loop
      vertex -7.1117 -5.83642 2.6
      vertex -5.79758 -4.75795 2.6
      vertex -6.23602 -4.16678 2.6
    endloop
  endfacet
  facet normal 0 0 1
    outer loop
      vertex -5.3033 -5.3033 2.6
      vertex -6.50538 -6.50538 2.6
      vertex -5.83642 -7.1117 2.6
    endloop
  endfacet
  facet normal 0 0 1
    outer loop
      vertex -7.64952 -5.11125 2.6
      vertex -6.23602 -4.16678 2.6
      vertex -6.61441 -3.53547 2.6
    endloop
  endfacet
  facet normal 0 0 1
    outer loop
      vertex -8.11368 -4.33685 2.6
      vertex -6.61441 -3.53547 2.6
      vertex -6.9291 -2.87012 2.6
    endloop
  endfacet
  facet normal 0 0 1
    outer loop
      vertex -5.79758 -4.75795 2.6
      vertex -7.1117 -5.83642 2.6
      vertex -6.50538 -6.50538 2.6
    endloop
  endfacet
  facet normal 0 0 1
    outer loop
      vertex -8.49969 -3.52069 2.6
      vertex -6.9291 -2.87012 2.6
      vertex -7.17705 -2.17713 2.6
    endloop
  endfacet
  facet normal 0 0 1
    outer loop
      vertex -8.80385 -2.67062 2.6
      vertex -7.17705 -2.17713 2.6
      vertex -7.35589 -1.46318 2.6
    endloop
  endfacet
  facet normal 0 0 1
    outer loop
      vertex -9.02322 -1.79483 2.6
      vertex -7.35589 -1.46318 2.6
      vertex -7.46389 -0.735128 2.6
    endloop
  endfacet
  facet normal 0 0 1
    outer loop
      vertex -6.23602 -4.16678 2.6
      vertex -7.64952 -5.11125 2.6
      vertex -7.1117 -5.83642 2.6
    endloop
  endfacet
  facet normal 0 0 1
    outer loop
      vertex -9.1557 -0.901757 2.6
      vertex -7.46389 -0.735128 2.6
      vertex -7.5 0 2.6
    endloop
  endfacet
  facet normal 0 0 1
    outer loop
      vertex -7.17705 2.17713 2.6
      vertex -8.80385 2.67062 2.6
      vertex -7.35589 1.46318 2.6
    endloop
  endfacet
  facet normal -0 0 1
    outer loop
      vertex -9.02322 1.79483 2.6
      vertex -7.35589 1.46318 2.6
      vertex -8.80385 2.67062 2.6
    endloop
  endfacet
  facet normal 0 0 1
    outer loop
      vertex -6.61441 -3.53547 2.6
      vertex -8.11368 -4.33685 2.6
      vertex -7.64952 -5.11125 2.6
    endloop
  endfacet
  facet normal 0 0 1
    outer loop
      vertex -7.35589 1.46318 2.6
      vertex -9.02322 1.79483 2.6
      vertex -7.46389 0.735128 2.6
    endloop
  endfacet
  facet normal 0 0 1
    outer loop
      vertex -6.9291 -2.87012 2.6
      vertex -8.49969 -3.52069 2.6
      vertex -8.11368 -4.33685 2.6
    endloop
  endfacet
  facet normal -0 0 1
    outer loop
      vertex -9.1557 0.901757 2.6
      vertex -7.46389 0.735128 2.6
      vertex -9.02322 1.79483 2.6
    endloop
  endfacet
  facet normal 0 0 1
    outer loop
      vertex -7.17705 -2.17713 2.6
      vertex -8.80385 -2.67062 2.6
      vertex -8.49969 -3.52069 2.6
    endloop
  endfacet
  facet normal 0 0 1
    outer loop
      vertex -7.46389 0.735128 2.6
      vertex -9.1557 0.901757 2.6
      vertex -7.5 0 2.6
    endloop
  endfacet
  facet normal 0 0 1
    outer loop
      vertex -7.35589 -1.46318 2.6
      vertex -9.02322 -1.79483 2.6
      vertex -8.80385 -2.67062 2.6
    endloop
  endfacet
  facet normal 0 0 1
    outer loop
      vertex -9.2 0 2.6
      vertex -7.5 0 2.6
      vertex -9.1557 0.901757 2.6
    endloop
  endfacet
  facet normal 0 0 1
    outer loop
      vertex -7.46389 -0.735128 2.6
      vertex -9.1557 -0.901757 2.6
      vertex -9.02322 -1.79483 2.6
    endloop
  endfacet
  facet normal 0 0 1
    outer loop
      vertex -7.5 0 2.6
      vertex -9.2 0 2.6
      vertex -9.1557 -0.901757 2.6
    endloop
  endfacet
  facet normal -0.791888 0.198363 -0.577552
    outer loop
      vertex -7.35589 1.46318 0.2
      vertex -9.02322 1.79483 2.6
      vertex -7.17705 2.17713 0.2
    endloop
  endfacet
  facet normal -0.791888 0.198354 -0.577554
    outer loop
      vertex -7.17705 2.17713 0.2
      vertex -9.02322 1.79483 2.6
      vertex -8.80385 2.67062 2.6
    endloop
  endfacet
  facet normal -0.419689 -0.700205 -0.577559
    outer loop
      vertex -4.7173 -7.39074 2
      vertex -4.33685 -8.11368 2.6
      vertex -5.11125 -7.64952 2.6
    endloop
  endfacet
  facet normal -0.419696 -0.700205 -0.577554
    outer loop
      vertex -4.33685 -8.11368 2.6
      vertex -4.7173 -7.39074 2
      vertex -4.13651 -7.73886 2
    endloop
  endfacet
  facet normal -0.11979 0.807519 -0.57755
    outer loop
      vertex -1.5299 8.63339 2
      vertex -0.901757 9.1557 2.6
      vertex -0.8601 8.73275 2
    endloop
  endfacet
  facet normal -0.119789 0.807518 -0.577551
    outer loop
      vertex -0.901757 9.1557 2.6
      vertex -1.5299 8.63339 2
      vertex -1.79483 9.02322 2.6
    endloop
  endfacet
  facet normal -0.0400561 0.815369 -0.577555
    outer loop
      vertex -0.183782 8.76597 2
      vertex -0.901757 9.1557 2.6
      vertex 0 9.2 2.6
    endloop
  endfacet
  facet normal -0.0400502 0.815372 -0.57755
    outer loop
      vertex -0.901757 9.1557 2.6
      vertex -0.183782 8.76597 2
      vertex -0.8601 8.73275 2
    endloop
  endfacet
  facet normal 0.119784 -0.80752 -0.57755
    outer loop
      vertex 1.79483 -9.02322 2.6
      vertex 1.5299 -8.63339 2
      vertex 1.71192 -8.60639 2
    endloop
  endfacet
  facet normal -0.737973 -0.349039 -0.577553
    outer loop
      vertex -6.61441 -3.53547 0.2
      vertex -8.49969 -3.52069 2.6
      vertex -6.9291 -2.87012 0.2
    endloop
  endfacet
  facet normal 0.700207 0.41969 -0.577555
    outer loop
      vertex 8.11368 4.33685 2.6
      vertex 6.61441 3.53547 0.2
      vertex 7.64952 5.11125 2.6
    endloop
  endfacet
  facet normal 0.737975 0.349032 -0.577555
    outer loop
      vertex 8.49969 3.52069 2.6
      vertex 6.61441 3.53547 0.2
      vertex 8.11368 4.33685 2.6
    endloop
  endfacet
  facet normal -0.737975 -0.349032 -0.577555
    outer loop
      vertex -8.11368 -4.33685 2.6
      vertex -8.49969 -3.52069 2.6
      vertex -6.61441 -3.53547 0.2
    endloop
  endfacet
  facet normal -0.700207 -0.41969 -0.577555
    outer loop
      vertex -7.64952 -5.11125 2.6
      vertex -8.11368 -4.33685 2.6
      vertex -6.61441 -3.53547 0.2
    endloop
  endfacet
  facet normal 0.198361 -0.79189 -0.577549
    outer loop
      vertex 1.79483 -9.02322 2.6
      vertex 1.71192 -8.60639 2
      vertex 1.89041 -8.56168 2
    endloop
  endfacet
  facet normal 0.791888 0.198363 -0.577552
    outer loop
      vertex 7.35589 1.46318 0.2
      vertex 7.17705 2.17713 0.2
      vertex 9.02322 1.79483 2.6
    endloop
  endfacet
  facet normal 0.807517 0.119788 -0.577552
    outer loop
      vertex 7.46389 0.735128 0.2
      vertex 7.35589 1.46318 0.2
      vertex 9.02322 1.79483 2.6
    endloop
  endfacet
  facet normal -0.604879 -0.548226 -0.577555
    outer loop
      vertex -6 -5.50869 1.12462
      vertex -7.1117 -5.83642 2.6
      vertex -6 -4.92407 0.569688
    endloop
  endfacet
  facet normal -0.119784 -0.80752 -0.57755
    outer loop
      vertex -1.5299 -8.63339 2
      vertex -1.79483 -9.02322 2.6
      vertex -1.71192 -8.60639 2
    endloop
  endfacet
  facet normal -0.0265854 -0.00130629 0.999646
    outer loop
      vertex -0.366235 -0.0360708 8.62256
      vertex -1.10048 0 8.60308
      vertex -1.09518 -0.107865 8.60308
    endloop
  endfacet
  facet normal -0.0816207 -0.00400759 0.996655
    outer loop
      vertex -1.81358 -0.178621 8.56431
      vertex -2.52667 0 8.50663
      vertex -2.51451 -0.247657 8.50663
    endloop
  endfacet
  facet normal 0.312484 0.0153519 0.949799
    outer loop
      vertex 6.02406 0 7.80629
      vertex 5.53037 0.544694 7.95991
      vertex 5.55713 0 7.95991
    endloop
  endfacet
  facet normal 0.545872 -0.0268193 0.837439
    outer loop
      vertex 6.77992 0 7.4658
      vertex 6.74727 -0.664548 7.4658
      vertex 7.02758 -0.692156 7.2822
    endloop
  endfacet
  facet normal -0.0520858 -0.0130464 0.998557
    outer loop
      vertex -1.07933 -0.214692 8.60308
      vertex -1.78733 -0.355523 8.56431
      vertex -1.05309 -0.319451 8.60308
    endloop
  endfacet
  facet normal 0.141463 0.0209837 0.989721
    outer loop
      vertex 3.78168 0.752223 8.3369
      vertex 3.19122 0.314307 8.43058
      vertex 3.8372 0.377932 8.3369
    endloop
  endfacet
  facet normal 0.172428 -0.0431936 0.984075
    outer loop
      vertex 4.3819 -0.871614 8.22649
      vertex 3.78168 -0.752223 8.3369
      vertex 4.27536 -1.29692 8.22649
    endloop
  endfacet
  facet normal 0.0747307 0.0824542 0.993789
    outer loop
      vertex 2.26745 2.26745 8.43058
      vertex 1.6029 1.95315 8.50663
      vertex 1.78663 1.78663 8.50663
    endloop
  endfacet
  facet normal 0.00646811 0.0258197 0.999646
    outer loop
      vertex 0.319451 1.05309 8.60308
      vertex 0.0717945 0.360936 8.62256
      vertex 0.106827 0.35216 8.62256
    endloop
  endfacet
  facet normal 0.75468 -0.559715 0.342312
    outer loop
      vertex 6.22851 -4.16176 6.69936
      vertex 5.73483 -4.70645 6.89713
      vertex 5.79059 -4.75222 6.69936
    endloop
  endfacet
  facet normal 0.25314 -0.0634082 0.965349
    outer loop
      vertex 5.45035 -1.08414 7.95991
      vertex 4.81981 -1.46207 8.10043
      vertex 5.31784 -1.61315 7.95991
    endloop
  endfacet
  facet normal -0.545881 -0.0268147 0.837434
    outer loop
      vertex -6.77992 0 7.4658
      vertex -7.06158 0 7.2822
      vertex -7.02758 -0.692156 7.2822
    endloop
  endfacet
  facet normal -0.12928 -0.0611438 0.989721
    outer loop
      vertex -2.96257 -1.22714 8.43058
      vertex -3.56227 -1.47554 8.3369
      vertex -3.40049 -1.8176 8.3369
    endloop
  endfacet
  facet normal -0.111146 -0.00545731 0.993789
    outer loop
      vertex -2.52667 0 8.50663
      vertex -3.19122 -0.314307 8.43058
      vertex -2.51451 -0.247657 8.50663
    endloop
  endfacet
  facet normal -0.804467 -0.0395184 0.592681
    outer loop
      vertex -7.27523 0 7.09203
      vertex -7.41882 0 6.89713
      vertex -7.2402 -0.713098 7.09203
    endloop
  endfacet
  facet normal -0.929406 0.137868 0.34234
    outer loop
      vertex -7.34703 1.46141 6.69936
      vertex -7.3831 0.727171 6.89713
      vertex -7.27627 1.44734 6.89713
    endloop
  endfacet
  facet normal 0.728105 0.344372 0.592681
    outer loop
      vertex 6.8541 2.83906 6.89713
      vertex 6.41618 3.42952 7.09203
      vertex 6.72144 2.78411 7.09203
    endloop
  endfacet
  facet normal -0.989178 -0.146724 0
    outer loop
      vertex -7.34703 -1.46141 6.6
      vertex -7.45489 -0.734242 6.69936
      vertex -7.45489 -0.734242 6.6
    endloop
  endfacet
  facet normal -0.989178 -0.146724 0
    outer loop
      vertex -7.45489 -0.734242 6.69936
      vertex -7.34703 -1.46141 6.6
      vertex -7.34703 -1.46141 6.69936
    endloop
  endfacet
  facet normal 0.929406 0.137868 0.34234
    outer loop
      vertex 7.34703 1.46141 6.69936
      vertex 7.27627 1.44734 6.89713
      vertex 7.3831 0.727171 6.89713
    endloop
  endfacet
  facet normal -0.1054 -0.294575 0.949798
    outer loop
      vertex -1.61315 -5.31784 7.95991
      vertex -2.30531 -5.5655 7.80629
      vertex -1.74869 -5.76466 7.80629
    endloop
  endfacet
  facet normal 0.803204 0.595704 0
    outer loop
      vertex 6.22851 4.16176 6.69936
      vertex 5.79059 4.75222 6.6
      vertex 5.79059 4.75222 6.69936
    endloop
  endfacet
  facet normal 0.803204 0.595704 0
    outer loop
      vertex 5.79059 4.75222 6.6
      vertex 6.22851 4.16176 6.69936
      vertex 6.22851 4.16176 6.6
    endloop
  endfacet
  facet normal -0.0738734 0.0349372 0.996655
    outer loop
      vertex -2.22833 1.19107 8.50663
      vertex -2.33434 0.966916 8.50663
      vertex -1.60717 0.85905 8.56431
    endloop
  endfacet
  facet normal 0.479799 0.64693 0.592684
    outer loop
      vertex 4.70645 5.73483 6.89713
      vertex 4.0419 6.04914 7.09203
      vertex 4.61536 5.62383 7.09203
    endloop
  endfacet
  facet normal 0.0893798 0.0662887 0.993789
    outer loop
      vertex 2.47878 2.03429 8.43058
      vertex 2.10085 1.40374 8.50663
      vertex 2.66624 1.78153 8.43058
    endloop
  endfacet
  facet normal 0.404955 0.367036 0.837434
    outer loop
      vertex 5.45868 4.47982 7.2822
      vertex 4.99329 4.99329 7.2822
      vertex 5.24095 4.30114 7.4658
    endloop
  endfacet
  facet normal 0.132794 -0.530164 0.837432
    outer loop
      vertex 1.96811 -6.48798 7.4658
      vertex 1.3227 -6.64964 7.4658
      vertex 2.04987 -6.75751 7.2822
    endloop
  endfacet
  facet normal 0.404955 -0.367036 0.837434
    outer loop
      vertex 5.24095 -4.30114 7.4658
      vertex 4.99329 -4.99329 7.2822
      vertex 5.45868 -4.47982 7.2822
    endloop
  endfacet
  facet normal 0.0634082 -0.25314 0.965349
    outer loop
      vertex 1.46207 -4.81981 8.10043
      vertex 1.08414 -5.45035 7.95991
      vertex 1.61315 -5.31784 7.95991
    endloop
  endfacet
  facet normal 0.134651 0.0481758 0.989721
    outer loop
      vertex 3.68974 1.11927 8.3369
      vertex 2.96257 1.22714 8.43058
      vertex 3.06858 0.930844 8.43058
    endloop
  endfacet
  facet normal -0.626426 0.224135 0.746562
    outer loop
      vertex -6.72144 2.78411 7.09203
      vertex -6.96196 2.11189 7.09203
      vertex -6.75751 2.04987 7.2822
    endloop
  endfacet
  facet normal -0.91142 0.228296 0.342338
    outer loop
      vertex -7.16841 2.17451 6.69936
      vertex -7.34703 1.46141 6.69936
      vertex -7.27627 1.44734 6.89713
    endloop
  endfacet
  facet normal -0.367036 -0.404955 0.837434
    outer loop
      vertex -4.30114 -5.24095 7.4658
      vertex -4.99329 -4.99329 7.2822
      vertex -4.47982 -5.45868 7.2822
    endloop
  endfacet
  facet normal 0.0382915 -0.258138 0.965349
    outer loop
      vertex 1.08414 -5.45035 7.95991
      vertex 0.493682 -5.01244 8.10043
      vertex 0.544694 -5.53037 7.95991
    endloop
  endfacet
  facet normal 0.545881 0.0268147 0.837434
    outer loop
      vertex 7.02758 0.692156 7.2822
      vertex 6.77992 0 7.4658
      vertex 7.06158 0 7.2822
    endloop
  endfacet
  facet normal -0.0265854 0.00130629 0.999646
    outer loop
      vertex -1.09518 0.107865 8.60308
      vertex -1.10048 0 8.60308
      vertex -0.366235 0.0360708 8.62256
    endloop
  endfacet
  facet normal 0.0229577 0.0485396 0.998557
    outer loop
      vertex 0.697383 1.68363 8.56431
      vertex 0.421134 1.01671 8.60308
      vertex 0.518762 0.970535 8.60308
    endloop
  endfacet
  facet normal -0.280974 0.468788 0.837431
    outer loop
      vertex -3.19603 5.97935 7.4658
      vertex -3.9232 5.87149 7.2822
      vertex -3.76672 5.6373 7.4658
    endloop
  endfacet
  facet normal 0.155456 0.209605 0.965349
    outer loop
      vertex 3.08738 4.62059 7.95991
      vertex 2.79824 4.18786 8.10043
      vertex 3.19524 3.89342 8.10043
    endloop
  endfacet
  facet normal 0.344372 0.728105 0.592681
    outer loop
      vertex 2.83906 6.8541 6.89713
      vertex 2.78411 6.72144 7.09203
      vertex 3.42952 6.41618 7.09203
    endloop
  endfacet
  facet normal 0.570648 -0.342039 0.746572
    outer loop
      vertex 6.22776 -3.32881 7.2822
      vertex 5.87149 -3.9232 7.2822
      vertex 6.04914 -4.0419 7.09203
    endloop
  endfacet
  facet normal 0.396317 0.534381 0.746572
    outer loop
      vertex 4.0419 6.04914 7.09203
      vertex 3.9232 5.87149 7.2822
      vertex 4.47982 5.45868 7.2822
    endloop
  endfacet
  facet normal 0.75468 0.559715 0.342312
    outer loop
      vertex 5.79059 4.75222 6.69936
      vertex 5.73483 4.70645 6.89713
      vertex 6.22851 4.16176 6.69936
    endloop
  endfacet
  facet normal -0.118185 0.796717 0.592684
    outer loop
      vertex -0.727171 7.3831 6.89713
      vertex -1.44734 7.27627 6.89713
      vertex -0.713098 7.2402 7.09203
    endloop
  endfacet
  facet normal -0.00788132 0.0531132 0.998557
    outer loop
      vertex -0.178621 1.81358 8.56431
      vertex -0.355523 1.78733 8.56431
      vertex -0.214692 1.07933 8.60308
    endloop
  endfacet
  facet normal -0.175247 -0.193359 0.96535
    outer loop
      vertex -3.56148 -3.56148 8.10043
      vertex -3.92949 -3.92949 7.95991
      vertex -3.52541 -4.29572 7.95991
    endloop
  endfacet
  facet normal 0.105963 0.0960419 0.989721
    outer loop
      vertex 2.98055 2.44607 8.3369
      vertex 2.26745 2.26745 8.43058
      vertex 2.47878 2.03429 8.43058
    endloop
  endfacet
  facet normal -0.12928 0.0611438 0.989721
    outer loop
      vertex -3.40049 1.8176 8.3369
      vertex -3.56227 1.47554 8.3369
      vertex -2.96257 1.22714 8.43058
    endloop
  endfacet
  facet normal -0.104773 0.0374912 0.993789
    outer loop
      vertex -2.33434 0.966916 8.50663
      vertex -2.96257 1.22714 8.43058
      vertex -2.41788 0.733455 8.50663
    endloop
  endfacet
  facet normal -0.450763 -0.0221399 0.892369
    outer loop
      vertex -6.43296 0 7.64106
      vertex -6.77992 0 7.4658
      vertex -6.40199 -0.63054 7.64106
    endloop
  endfacet
  facet normal -0.911418 0.228297 0.342341
    outer loop
      vertex -7.16841 2.17451 6.69936
      vertex -7.27627 1.44734 6.89713
      vertex -7.09937 2.15357 6.89713
    endloop
  endfacet
  facet normal -0.260648 0.0128053 0.965349
    outer loop
      vertex -5.53037 0.544694 7.95991
      vertex -5.55713 0 7.95991
      vertex -5.01244 0.493682 8.10043
    endloop
  endfacet
  facet normal -0.929406 -0.137868 0.34234
    outer loop
      vertex -7.27627 -1.44734 6.89713
      vertex -7.3831 -0.727171 6.89713
      vertex -7.34703 -1.46141 6.69936
    endloop
  endfacet
  facet normal -0.664515 -0.0326422 0.746562
    outer loop
      vertex -7.06158 0 7.2822
      vertex -7.27523 0 7.09203
      vertex -7.02758 -0.692156 7.2822
    endloop
  endfacet
  facet normal -0.479799 -0.64693 0.592684
    outer loop
      vertex -4.61536 -5.62383 7.09203
      vertex -4.70645 -5.73483 6.89713
      vertex -4.0419 -6.04914 7.09203
    endloop
  endfacet
  facet normal -0.25186 -0.27788 0.927011
    outer loop
      vertex -3.82162 -4.65666 7.80629
      vertex -4.54879 -4.54879 7.64106
      vertex -4.08103 -4.97275 7.64106
    endloop
  endfacet
  facet normal -0.011993 -0.0808342 0.996655
    outer loop
      vertex -0.178621 -1.81358 8.56431
      vertex -0.492929 -2.47812 8.50663
      vertex -0.247657 -2.51451 8.50663
    endloop
  endfacet
  facet normal -0.0801954 -0.540621 0.837435
    outer loop
      vertex -1.3227 -6.64964 7.4658
      vertex -1.37765 -6.92589 7.2822
      vertex -0.664548 -6.74727 7.4658
    endloop
  endfacet
  facet normal -0.192807 -0.321685 0.927008
    outer loop
      vertex -3.34679 -5.00882 7.80629
      vertex -3.57396 -5.34881 7.64106
      vertex -2.83972 -5.31274 7.80629
    endloop
  endfacet
  facet normal 0.155456 -0.209605 0.965349
    outer loop
      vertex 3.19524 -3.89342 8.10043
      vertex 2.79824 -4.18786 8.10043
      vertex 3.08738 -4.62059 7.95991
    endloop
  endfacet
  facet normal 0.438986 -0.325568 0.837434
    outer loop
      vertex 5.87149 -3.9232 7.2822
      vertex 5.24095 -4.30114 7.4658
      vertex 5.45868 -4.47982 7.2822
    endloop
  endfacet
  facet normal 0.658117 0.0976228 0.74656
    outer loop
      vertex 7.13544 1.41933 7.09203
      vertex 7.02758 0.692156 7.2822
      vertex 7.2402 0.713098 7.09203
    endloop
  endfacet
  facet normal 0.989178 -0.146724 0
    outer loop
      vertex 7.34703 -1.46141 6.69936
      vertex 7.45489 -0.734242 6.6
      vertex 7.45489 -0.734242 6.69936
    endloop
  endfacet
  facet normal 0.989178 -0.146724 0
    outer loop
      vertex 7.45489 -0.734242 6.6
      vertex 7.34703 -1.46141 6.69936
      vertex 7.34703 -1.46141 6.6
    endloop
  endfacet
  facet normal 0.119375 -0.131709 0.984074
    outer loop
      vertex 3.15917 -3.15917 8.22649
      vertex 2.72644 -2.72644 8.3369
      vertex 2.83431 -3.45361 8.22649
    endloop
  endfacet
  facet normal -0.160839 -0.268354 0.949798
    outer loop
      vertex -2.61961 -4.90095 7.95991
      vertex -3.08738 -4.62059 7.95991
      vertex -2.83972 -5.31274 7.80629
    endloop
  endfacet
  facet normal 0.804465 0.0395168 0.592684
    outer loop
      vertex 7.3831 0.727171 6.89713
      vertex 7.2402 0.713098 7.09203
      vertex 7.41882 0 6.89713
    endloop
  endfacet
  facet normal 0.437793 -0.109666 0.892362
    outer loop
      vertex 6.30936 -1.25501 7.64106
      vertex 6.15596 -1.86739 7.64106
      vertex 6.64964 -1.3227 7.4658
    endloop
  endfacet
  facet normal 0.119373 -0.131709 0.984075
    outer loop
      vertex 2.72644 -2.72644 8.3369
      vertex 2.44607 -2.98055 8.3369
      vertex 2.83431 -3.45361 8.22649
    endloop
  endfacet
  facet normal 0.203911 -0.0729576 0.976267
    outer loop
      vertex 4.27536 -1.29692 8.22649
      vertex 4.12766 -1.70973 8.22649
      vertex 4.81981 -1.46207 8.10043
    endloop
  endfacet
  facet normal -0.186375 0.251294 0.949798
    outer loop
      vertex -3.08738 4.62059 7.95991
      vertex -3.82162 4.65666 7.80629
      vertex -3.52541 4.29572 7.95991
    endloop
  endfacet
  facet normal 0.0382915 0.258138 0.965349
    outer loop
      vertex 0.544694 5.53037 7.95991
      vertex 0.493682 5.01244 8.10043
      vertex 1.08414 5.45035 7.95991
    endloop
  endfacet
  facet normal 0.134159 0.223839 0.965348
    outer loop
      vertex 2.61961 4.90095 7.95991
      vertex 2.37428 4.44197 8.10043
      vertex 3.08738 4.62059 7.95991
    endloop
  endfacet
  facet normal 0.596796 0.540906 0.592668
    outer loop
      vertex 5.2459 5.2459 6.89713
      vertex 5.14437 5.14437 7.09203
      vertex 5.73483 4.70645 6.89713
    endloop
  endfacet
  facet normal 0.216308 0.0106248 0.976267
    outer loop
      vertex 5.03669 0 8.10043
      vertex 4.44623 0.437915 8.22649
      vertex 4.46774 0 8.22649
    endloop
  endfacet
  facet normal 0.231823 0.210108 0.949796
    outer loop
      vertex 4.25965 4.25965 7.80629
      vertex 3.92949 3.92949 7.95991
      vertex 4.29572 3.52541 7.95991
    endloop
  endfacet
  facet normal 0.25186 0.277883 0.92701
    outer loop
      vertex 4.54879 4.54879 7.64106
      vertex 3.82162 4.65666 7.80629
      vertex 4.25965 4.25965 7.80629
    endloop
  endfacet
  facet normal 0.251296 0.186375 0.949797
    outer loop
      vertex 4.65666 3.82162 7.80629
      vertex 4.62059 3.08738 7.95991
      vertex 5.00882 3.34679 7.80629
    endloop
  endfacet
  facet normal 0.540615 0.0801978 0.837439
    outer loop
      vertex 6.92589 1.37765 7.2822
      vertex 6.74727 0.664548 7.4658
      vertex 7.02758 0.692156 7.2822
    endloop
  endfacet
  facet normal 0.758352 0.27134 0.592686
    outer loop
      vertex 7.09937 2.15357 6.89713
      vertex 6.8541 2.83906 6.89713
      vertex 6.96196 2.11189 7.09203
    endloop
  endfacet
  facet normal 0.57067 0.34204 0.746555
    outer loop
      vertex 6.41618 3.42952 7.09203
      vertex 6.04914 4.0419 7.09203
      vertex 6.22776 3.32881 7.2822
    endloop
  endfacet
  facet normal -0.0536303 0.00263316 0.998557
    outer loop
      vertex -1.81358 0.178621 8.56431
      vertex -1.82235 0 8.56431
      vertex -1.10048 0 8.60308
    endloop
  endfacet
  facet normal -0.0531132 0.00788132 0.998557
    outer loop
      vertex -1.78733 0.355523 8.56431
      vertex -1.81358 0.178621 8.56431
      vertex -1.07933 0.214692 8.60308
    endloop
  endfacet
  facet normal 0.155456 -0.209605 0.965349
    outer loop
      vertex 3.19524 -3.89342 8.10043
      vertex 3.08738 -4.62059 7.95991
      vertex 3.52541 -4.29572 7.95991
    endloop
  endfacet
  facet normal -0.540621 -0.0801954 0.837435
    outer loop
      vertex -6.74727 -0.664548 7.4658
      vertex -6.92589 -1.37765 7.2822
      vertex -6.64964 -1.3227 7.4658
    endloop
  endfacet
  facet normal -0.363794 0.0911297 0.927011
    outer loop
      vertex -6.15596 1.86739 7.64106
      vertex -6.30936 1.25501 7.64106
      vertex -5.90831 1.17523 7.80629
    endloop
  endfacet
  facet normal -0.353112 0.126344 0.927011
    outer loop
      vertex -5.5655 2.30531 7.80629
      vertex -6.15596 1.86739 7.64106
      vertex -5.76466 1.74869 7.80629
    endloop
  endfacet
  facet normal -0.559715 0.75468 0.342312
    outer loop
      vertex -4.16176 6.22851 6.69936
      vertex -4.75222 5.79059 6.69936
      vertex -4.70645 5.73483 6.89713
    endloop
  endfacet
  facet normal -0.450772 -0.0221469 0.892364
    outer loop
      vertex -6.40199 -0.63054 7.64106
      vertex -6.77992 0 7.4658
      vertex -6.74727 -0.664548 7.4658
    endloop
  endfacet
  facet normal -0.450772 0.0221469 0.892364
    outer loop
      vertex -6.74727 0.664548 7.4658
      vertex -6.77992 0 7.4658
      vertex -6.40199 0.63054 7.64106
    endloop
  endfacet
  facet normal -0.664517 0.0326435 0.74656
    outer loop
      vertex -7.2402 0.713098 7.09203
      vertex -7.27523 0 7.09203
      vertex -7.02758 0.692156 7.2822
    endloop
  endfacet
  facet normal -0.62642 0.224136 0.746566
    outer loop
      vertex -6.72144 2.78411 7.09203
      vertex -6.75751 2.04987 7.2822
      vertex -6.52405 2.70235 7.2822
    endloop
  endfacet
  facet normal -0.658117 0.0976228 0.74656
    outer loop
      vertex -7.13544 1.41933 7.09203
      vertex -7.2402 0.713098 7.09203
      vertex -7.02758 0.692156 7.2822
    endloop
  endfacet
  facet normal -0.903989 0.427556 0
    outer loop
      vertex -6.92075 2.86667 6.6
      vertex -6.60644 3.53122 6.69936
      vertex -6.60644 3.53122 6.6
    endloop
  endfacet
  facet normal -0.903989 0.427556 0
    outer loop
      vertex -6.60644 3.53122 6.69936
      vertex -6.92075 2.86667 6.6
      vertex -6.92075 2.86667 6.69936
    endloop
  endfacet
  facet normal -0.941544 -0.336891 0
    outer loop
      vertex -6.92075 -2.86667 6.6
      vertex -7.16841 -2.17451 6.69936
      vertex -7.16841 -2.17451 6.6
    endloop
  endfacet
  facet normal -0.941544 -0.336891 0
    outer loop
      vertex -7.16841 -2.17451 6.69936
      vertex -6.92075 -2.86667 6.6
      vertex -6.92075 -2.86667 6.69936
    endloop
  endfacet
  facet normal -0.67156 -0.74095 0
    outer loop
      vertex -5.29691 -5.29691 6.6
      vertex -4.75222 -5.79059 6.69936
      vertex -5.29691 -5.29691 6.69936
    endloop
  endfacet
  facet normal -0.67156 -0.74095 -0
    outer loop
      vertex -4.75222 -5.79059 6.69936
      vertex -5.29691 -5.29691 6.6
      vertex -4.75222 -5.79059 6.6
    endloop
  endfacet
  facet normal -0.626426 -0.224135 0.746562
    outer loop
      vertex -6.75751 -2.04987 7.2822
      vertex -6.96196 -2.11189 7.09203
      vertex -6.72144 -2.78411 7.09203
    endloop
  endfacet
  facet normal -0.530158 -0.132796 0.837436
    outer loop
      vertex -6.64964 -1.3227 7.4658
      vertex -6.92589 -1.37765 7.2822
      vertex -6.75751 -2.04987 7.2822
    endloop
  endfacet
  facet normal -0.805912 -0.483041 0.342311
    outer loop
      vertex -6.16853 -4.12168 6.89713
      vertex -6.54282 -3.49721 6.89713
      vertex -6.22851 -4.16176 6.69936
    endloop
  endfacet
  facet normal -0.126344 -0.353112 0.927011
    outer loop
      vertex -1.74869 -5.76466 7.80629
      vertex -2.30531 -5.5655 7.80629
      vertex -1.86739 -6.15596 7.64106
    endloop
  endfacet
  facet normal 0.160465 -0.145439 0.976268
    outer loop
      vertex 3.45361 -2.83431 8.22649
      vertex 3.15917 -3.15917 8.22649
      vertex 3.56148 -3.56148 8.10043
    endloop
  endfacet
  facet normal 0.0531131 0.00788044 0.998557
    outer loop
      vertex 1.81358 0.178621 8.56431
      vertex 1.07933 0.214692 8.60308
      vertex 1.09518 0.107865 8.60308
    endloop
  endfacet
  facet normal -0.138724 -0.0347483 0.989721
    outer loop
      vertex -3.06858 -0.930844 8.43058
      vertex -3.78168 -0.752223 8.3369
      vertex -3.68974 -1.11927 8.3369
    endloop
  endfacet
  facet normal 0.334394 -0.303077 0.892371
    outer loop
      vertex 5.24095 -4.30114 7.4658
      vertex 4.54879 -4.54879 7.64106
      vertex 4.79413 -4.79413 7.4658
    endloop
  endfacet
  facet normal -0.133768 -0.282825 0.949798
    outer loop
      vertex -2.61961 -4.90095 7.95991
      vertex -2.83972 -5.31274 7.80629
      vertex -2.30531 -5.5655 7.80629
    endloop
  endfacet
  facet normal -0.0550276 -0.370976 0.927011
    outer loop
      vertex -1.17523 -5.90831 7.80629
      vertex -1.25501 -6.30936 7.64106
      vertex -0.590461 -5.99505 7.80629
    endloop
  endfacet
  facet normal -0.152041 -0.424926 0.892368
    outer loop
      vertex -2.46179 -5.94328 7.64106
      vertex -2.59456 -6.26383 7.4658
      vertex -1.86739 -6.15596 7.64106
    endloop
  endfacet
  facet normal 0.494051 0.233674 0.837443
    outer loop
      vertex 6.22776 3.32881 7.2822
      vertex 5.97935 3.19603 7.4658
      vertex 6.26383 2.59456 7.4658
    endloop
  endfacet
  facet normal 0.911418 -0.228297 0.342341
    outer loop
      vertex 7.27627 -1.44734 6.89713
      vertex 7.09937 -2.15357 6.89713
      vertex 7.16841 -2.17451 6.69936
    endloop
  endfacet
  facet normal 0.938438 0.0460978 0.342359
    outer loop
      vertex 7.49097 0 6.69936
      vertex 7.3831 0.727171 6.89713
      vertex 7.41882 0 6.89713
    endloop
  endfacet
  facet normal 0.545872 0.0268193 0.837439
    outer loop
      vertex 7.02758 0.692156 7.2822
      vertex 6.74727 0.664548 7.4658
      vertex 6.77992 0 7.4658
    endloop
  endfacet
  facet normal 0.929406 -0.137868 0.34234
    outer loop
      vertex 7.3831 -0.727171 6.89713
      vertex 7.27627 -1.44734 6.89713
      vertex 7.34703 -1.46141 6.69936
    endloop
  endfacet
  facet normal 0.494065 -0.233672 0.837435
    outer loop
      vertex 6.26383 -2.59456 7.4658
      vertex 6.22776 -3.32881 7.2822
      vertex 6.52405 -2.70235 7.2822
    endloop
  endfacet
  facet normal 0.282825 -0.133768 0.949798
    outer loop
      vertex 5.5655 -2.30531 7.80629
      vertex 4.90095 -2.61961 7.95991
      vertex 5.31274 -2.83972 7.80629
    endloop
  endfacet
  facet normal 0.424923 -0.152042 0.89237
    outer loop
      vertex 6.48798 -1.96811 7.4658
      vertex 6.15596 -1.86739 7.64106
      vertex 6.26383 -2.59456 7.4658
    endloop
  endfacet
  facet normal 0.479799 -0.646926 0.592688
    outer loop
      vertex 4.70645 -5.73483 6.89713
      vertex 4.0419 -6.04914 7.09203
      vertex 4.12168 -6.16853 6.89713
    endloop
  endfacet
  facet normal 0.173949 -0.129011 0.976267
    outer loop
      vertex 4.18786 -2.79824 8.10043
      vertex 3.45361 -2.83431 8.22649
      vertex 3.89342 -3.19524 8.10043
    endloop
  endfacet
  facet normal 0.186375 -0.251294 0.949798
    outer loop
      vertex 3.52541 -4.29572 7.95991
      vertex 3.08738 -4.62059 7.95991
      vertex 3.82162 -4.65666 7.80629
    endloop
  endfacet
  facet normal 0.0536303 0.00263316 0.998557
    outer loop
      vertex 1.81358 0.178621 8.56431
      vertex 1.10048 0 8.60308
      vertex 1.82235 0 8.56431
    endloop
  endfacet
  facet normal 0.0431913 0.17243 0.984074
    outer loop
      vertex 1.29692 4.27536 8.22649
      vertex 0.752223 3.78168 8.3369
      vertex 1.11927 3.68974 8.3369
    endloop
  endfacet
  facet normal 0.450772 0.0221469 0.892364
    outer loop
      vertex 6.74727 0.664548 7.4658
      vertex 6.40199 0.63054 7.64106
      vertex 6.77992 0 7.4658
    endloop
  endfacet
  facet normal 0.362492 -0.26884 0.89237
    outer loop
      vertex 5.34881 -3.57396 7.64106
      vertex 5.24095 -4.30114 7.4658
      vertex 5.6373 -3.76672 7.4658
    endloop
  endfacet
  facet normal 0.142773 -0.105891 0.984075
    outer loop
      vertex 3.20596 -2.14215 8.3369
      vertex 2.98055 -2.44607 8.3369
      vertex 3.45361 -2.83431 8.22649
    endloop
  endfacet
  facet normal 0.185755 -0.111339 0.976268
    outer loop
      vertex 3.9402 -2.10608 8.22649
      vertex 3.71479 -2.48215 8.22649
      vertex 4.18786 -2.79824 8.10043
    endloop
  endfacet
  facet normal 0.138725 0.034752 0.989721
    outer loop
      vertex 3.78168 0.752223 8.3369
      vertex 3.06858 0.930844 8.43058
      vertex 3.14505 0.625588 8.43058
    endloop
  endfacet
  facet normal 0.142838 -0.00701678 0.989721
    outer loop
      vertex 3.20666 0 8.43058
      vertex 3.19122 -0.314307 8.43058
      vertex 3.8372 -0.377932 8.3369
    endloop
  endfacet
  facet normal 0.119375 0.131709 0.984074
    outer loop
      vertex 2.83431 3.45361 8.22649
      vertex 2.72644 2.72644 8.3369
      vertex 3.15917 3.15917 8.22649
    endloop
  endfacet
  facet normal 0.282825 0.133768 0.949798
    outer loop
      vertex 5.31274 2.83972 7.80629
      vertex 4.90095 2.61961 7.95991
      vertex 5.5655 2.30531 7.80629
    endloop
  endfacet
  facet normal -0.0153519 0.312484 0.949799
    outer loop
      vertex 0 6.02406 7.80629
      vertex -0.544694 5.53037 7.95991
      vertex 0 5.55713 7.95991
    endloop
  endfacet
  facet normal -0.100596 0.0475753 0.993789
    outer loop
      vertex -2.22833 1.19107 8.50663
      vertex -2.96257 1.22714 8.43058
      vertex -2.33434 0.966916 8.50663
    endloop
  endfacet
  facet normal -0.75468 0.559715 0.342312
    outer loop
      vertex -5.79059 4.75222 6.69936
      vertex -6.22851 4.16176 6.69936
      vertex -5.73483 4.70645 6.89713
    endloop
  endfacet
  facet normal 0.34204 0.57067 0.746555
    outer loop
      vertex 3.42952 6.41618 7.09203
      vertex 3.32881 6.22776 7.2822
      vertex 4.0419 6.04914 7.09203
    endloop
  endfacet
  facet normal 0.0801978 0.540615 0.837439
    outer loop
      vertex 0.692156 7.02758 7.2822
      vertex 0.664548 6.74727 7.4658
      vertex 1.37765 6.92589 7.2822
    endloop
  endfacet
  facet normal -0.0326422 0.664515 0.746562
    outer loop
      vertex 0 7.27523 7.09203
      vertex -0.692156 7.02758 7.2822
      vertex 0 7.06158 7.2822
    endloop
  endfacet
  facet normal -0.370976 0.0550276 0.927011
    outer loop
      vertex -5.90831 1.17523 7.80629
      vertex -6.30936 1.25501 7.64106
      vertex -5.99505 0.590461 7.80629
    endloop
  endfacet
  facet normal 0.195705 0.781303 0.592676
    outer loop
      vertex 1.44734 7.27627 6.89713
      vertex 1.41933 7.13544 7.09203
      vertex 2.15357 7.09937 6.89713
    endloop
  endfacet
  facet normal 0.483041 0.805912 0.342311
    outer loop
      vertex 4.16176 6.22851 6.69936
      vertex 3.49721 6.54282 6.89713
      vertex 4.12168 6.16853 6.89713
    endloop
  endfacet
  facet normal 0.126346 0.353113 0.92701
    outer loop
      vertex 2.46179 5.94328 7.64106
      vertex 1.86739 6.15596 7.64106
      vertex 2.30531 5.5655 7.80629
    endloop
  endfacet
  facet normal 0.884656 0.316537 0.342327
    outer loop
      vertex 6.92075 2.86667 6.69936
      vertex 6.8541 2.83906 6.89713
      vertex 7.16841 2.17451 6.69936
    endloop
  endfacet
  facet normal 0.370975 -0.0550281 0.927011
    outer loop
      vertex 6.40199 -0.63054 7.64106
      vertex 5.99505 -0.590461 7.80629
      vertex 6.30936 -1.25501 7.64106
    endloop
  endfacet
  facet normal 0.282825 0.133768 0.949798
    outer loop
      vertex 5.5655 2.30531 7.80629
      vertex 4.90095 2.61961 7.95991
      vertex 5.13412 2.12662 7.95991
    endloop
  endfacet
  facet normal 0.438986 0.325568 0.837434
    outer loop
      vertex 5.45868 4.47982 7.2822
      vertex 5.24095 4.30114 7.4658
      vertex 5.87149 3.9232 7.2822
    endloop
  endfacet
  facet normal 0.0801954 0.540621 0.837435
    outer loop
      vertex 1.37765 6.92589 7.2822
      vertex 0.664548 6.74727 7.4658
      vertex 1.3227 6.64964 7.4658
    endloop
  endfacet
  facet normal 0.301235 0.223413 0.927008
    outer loop
      vertex 5.34881 3.57396 7.64106
      vertex 4.65666 3.82162 7.80629
      vertex 5.00882 3.34679 7.80629
    endloop
  endfacet
  facet normal 0.626426 0.224135 0.746562
    outer loop
      vertex 6.96196 2.11189 7.09203
      vertex 6.72144 2.78411 7.09203
      vertex 6.75751 2.04987 7.2822
    endloop
  endfacet
  facet normal 0.492972 0.446797 0.746559
    outer loop
      vertex 5.62383 4.61536 7.09203
      vertex 5.14437 5.14437 7.09203
      vertex 5.45868 4.47982 7.2822
    endloop
  endfacet
  facet normal 0.884653 0.316531 0.34234
    outer loop
      vertex 7.16841 2.17451 6.69936
      vertex 6.8541 2.83906 6.89713
      vertex 7.09937 2.15357 6.89713
    endloop
  endfacet
  facet normal 0.251294 0.186375 0.949798
    outer loop
      vertex 4.65666 3.82162 7.80629
      vertex 4.29572 3.52541 7.95991
      vertex 4.62059 3.08738 7.95991
    endloop
  endfacet
  facet normal 0.446792 0.492951 0.746576
    outer loop
      vertex 5.14437 5.14437 7.09203
      vertex 4.47982 5.45868 7.2822
      vertex 4.99329 4.99329 7.2822
    endloop
  endfacet
  facet normal 0.696186 0.630988 0.342315
    outer loop
      vertex 5.79059 4.75222 6.69936
      vertex 5.2459 5.2459 6.89713
      vertex 5.73483 4.70645 6.89713
    endloop
  endfacet
  facet normal 0.74095 0.67156 0
    outer loop
      vertex 5.79059 4.75222 6.69936
      vertex 5.29691 5.29691 6.6
      vertex 5.29691 5.29691 6.69936
    endloop
  endfacet
  facet normal 0.74095 0.67156 0
    outer loop
      vertex 5.29691 5.29691 6.6
      vertex 5.79059 4.75222 6.69936
      vertex 5.79059 4.75222 6.6
    endloop
  endfacet
  facet normal 0.857729 0.514102 0
    outer loop
      vertex 6.60644 3.53122 6.69936
      vertex 6.22851 4.16176 6.6
      vertex 6.22851 4.16176 6.69936
    endloop
  endfacet
  facet normal 0.857729 0.514102 0
    outer loop
      vertex 6.22851 4.16176 6.6
      vertex 6.60644 3.53122 6.69936
      vertex 6.60644 3.53122 6.6
    endloop
  endfacet
  facet normal 0.00263316 -0.0536303 0.998557
    outer loop
      vertex 0 -1.10048 8.60308
      vertex 0 -1.82235 8.56431
      vertex 0.178621 -1.81358 8.56431
    endloop
  endfacet
  facet normal -0.107944 -0.0270348 0.993789
    outer loop
      vertex -2.47812 -0.492929 8.50663
      vertex -3.14505 -0.625588 8.43058
      vertex -2.41788 -0.733455 8.50663
    endloop
  endfacet
  facet normal -0.312484 -0.0153519 0.949799
    outer loop
      vertex -5.55713 0 7.95991
      vertex -6.02406 0 7.80629
      vertex -5.53037 -0.544694 7.95991
    endloop
  endfacet
  facet normal -0.177542 -0.00872072 0.984075
    outer loop
      vertex -3.8372 -0.377932 8.3369
      vertex -4.46774 0 8.22649
      vertex -4.44623 -0.437915 8.22649
    endloop
  endfacet
  facet normal -0.75468 -0.559715 0.342312
    outer loop
      vertex -5.73483 -4.70645 6.89713
      vertex -6.22851 -4.16176 6.69936
      vertex -5.79059 -4.75222 6.69936
    endloop
  endfacet
  facet normal -0.312485 -0.0153527 0.949799
    outer loop
      vertex -5.53037 -0.544694 7.95991
      vertex -6.02406 0 7.80629
      vertex -5.99505 -0.590461 7.80629
    endloop
  endfacet
  facet normal -0.214225 0.0317757 0.976267
    outer loop
      vertex -4.3819 0.871614 8.22649
      vertex -5.01244 0.493682 8.10043
      vertex -4.44623 0.437915 8.22649
    endloop
  endfacet
  facet normal -0.160467 -0.145439 0.976267
    outer loop
      vertex -3.45361 -2.83431 8.22649
      vertex -3.89342 -3.19524 8.10043
      vertex -3.56148 -3.56148 8.10043
    endloop
  endfacet
  facet normal 0.0106248 0.216308 0.976267
    outer loop
      vertex 0 5.03669 8.10043
      vertex 0 4.46774 8.22649
      vertex 0.437915 4.44623 8.22649
    endloop
  endfacet
  facet normal -0.404955 0.367036 0.837434
    outer loop
      vertex -4.99329 4.99329 7.2822
      vertex -5.45868 4.47982 7.2822
      vertex -5.24095 4.30114 7.4658
    endloop
  endfacet
  facet normal -0.107945 0.0270415 0.993789
    outer loop
      vertex -3.06858 0.930844 8.43058
      vertex -3.14505 0.625588 8.43058
      vertex -2.41788 0.733455 8.50663
    endloop
  endfacet
  facet normal -0.312485 0.0153527 0.949799
    outer loop
      vertex -5.99505 0.590461 7.80629
      vertex -6.02406 0 7.80629
      vertex -5.53037 0.544694 7.95991
    endloop
  endfacet
  facet normal -0.645377 -0.161661 0.746561
    outer loop
      vertex -6.75751 -2.04987 7.2822
      vertex -7.13544 -1.41933 7.09203
      vertex -6.96196 -2.11189 7.09203
    endloop
  endfacet
  facet normal -0.970032 -0.242977 0
    outer loop
      vertex -7.16841 -2.17451 6.6
      vertex -7.34703 -1.46141 6.69936
      vertex -7.34703 -1.46141 6.6
    endloop
  endfacet
  facet normal -0.970032 -0.242977 0
    outer loop
      vertex -7.34703 -1.46141 6.69936
      vertex -7.16841 -2.17451 6.6
      vertex -7.16841 -2.17451 6.69936
    endloop
  endfacet
  facet normal -0.540615 -0.0801978 0.837439
    outer loop
      vertex -6.74727 -0.664548 7.4658
      vertex -7.02758 -0.692156 7.2822
      vertex -6.92589 -1.37765 7.2822
    endloop
  endfacet
  facet normal -0.658106 -0.097627 0.746569
    outer loop
      vertex -7.02758 -0.692156 7.2822
      vertex -7.13544 -1.41933 7.09203
      vertex -6.92589 -1.37765 7.2822
    endloop
  endfacet
  facet normal -0.938456 -0.0461149 0.342306
    outer loop
      vertex -7.3831 -0.727171 6.89713
      vertex -7.49097 0 6.69936
      vertex -7.45489 -0.734242 6.69936
    endloop
  endfacet
  facet normal -0.804465 -0.0395168 0.592684
    outer loop
      vertex -7.2402 -0.713098 7.09203
      vertex -7.41882 0 6.89713
      vertex -7.3831 -0.727171 6.89713
    endloop
  endfacet
  facet normal -0.645377 0.161661 0.746561
    outer loop
      vertex -6.96196 2.11189 7.09203
      vertex -7.13544 1.41933 7.09203
      vertex -6.75751 2.04987 7.2822
    endloop
  endfacet
  facet normal -0.64537 0.161655 0.746569
    outer loop
      vertex -6.75751 2.04987 7.2822
      vertex -7.13544 1.41933 7.09203
      vertex -6.92589 1.37765 7.2822
    endloop
  endfacet
  facet normal -0.540621 0.0801954 0.837435
    outer loop
      vertex -6.64964 1.3227 7.4658
      vertex -6.92589 1.37765 7.2822
      vertex -6.74727 0.664548 7.4658
    endloop
  endfacet
  facet normal -0.374582 0.0184036 0.927011
    outer loop
      vertex -5.99505 0.590461 7.80629
      vertex -6.40199 0.63054 7.64106
      vertex -6.02406 0 7.80629
    endloop
  endfacet
  facet normal -0.728105 0.344372 0.592681
    outer loop
      vertex -6.41618 3.42952 7.09203
      vertex -6.8541 2.83906 6.89713
      vertex -6.72144 2.78411 7.09203
    endloop
  endfacet
  facet normal 0.74095 -0.67156 0
    outer loop
      vertex 5.29691 -5.29691 6.69936
      vertex 5.79059 -4.75222 6.6
      vertex 5.79059 -4.75222 6.69936
    endloop
  endfacet
  facet normal 0.74095 -0.67156 0
    outer loop
      vertex 5.79059 -4.75222 6.6
      vertex 5.29691 -5.29691 6.69936
      vertex 5.29691 -5.29691 6.6
    endloop
  endfacet
  facet normal -0.998795 0.0490799 0
    outer loop
      vertex -7.49097 0 6.6
      vertex -7.45489 0.734242 6.69936
      vertex -7.45489 0.734242 6.6
    endloop
  endfacet
  facet normal -0.998795 0.0490799 0
    outer loop
      vertex -7.45489 0.734242 6.69936
      vertex -7.49097 0 6.6
      vertex -7.49097 0 6.69936
    endloop
  endfacet
  facet normal -0.758356 -0.271339 0.592681
    outer loop
      vertex -6.72144 -2.78411 7.09203
      vertex -6.96196 -2.11189 7.09203
      vertex -6.8541 -2.83906 6.89713
    endloop
  endfacet
  facet normal -0.111577 -0.235907 0.965349
    outer loop
      vertex -1.92746 -4.6533 8.10043
      vertex -2.61961 -4.90095 7.95991
      vertex -2.12662 -5.13412 7.95991
    endloop
  endfacet
  facet normal -0.540893 -0.596792 0.592683
    outer loop
      vertex -4.61536 -5.62383 7.09203
      vertex -5.14437 -5.14437 7.09203
      vertex -4.70645 -5.73483 6.89713
    endloop
  endfacet
  facet normal -0.258138 -0.0382915 0.965349
    outer loop
      vertex -5.01244 -0.493682 8.10043
      vertex -5.53037 -0.544694 7.95991
      vertex -5.45035 -1.08414 7.95991
    endloop
  endfacet
  facet normal -0.0634092 -0.25314 0.965349
    outer loop
      vertex -0.98261 -4.93991 8.10043
      vertex -1.46207 -4.81981 8.10043
      vertex -1.08414 -5.45035 7.95991
    endloop
  endfacet
  facet normal 0.0276047 -0.0460555 0.998557
    outer loop
      vertex 0.611393 -0.915014 8.60308
      vertex 0.518762 -0.970535 8.60308
      vertex 0.85905 -1.60717 8.56431
    endloop
  endfacet
  facet normal -0.0460554 -0.027605 0.998557
    outer loop
      vertex -0.915014 -0.611393 8.60308
      vertex -1.60717 -0.85905 8.56431
      vertex -1.51523 -1.01244 8.56431
    endloop
  endfacet
  facet normal 0.0735196 -0.122663 0.989722
    outer loop
      vertex 1.78153 -2.66624 8.43058
      vertex 1.51161 -2.82802 8.43058
      vertex 1.8176 -3.40049 8.3369
    endloop
  endfacet
  facet normal -0.119373 -0.131709 0.984075
    outer loop
      vertex -2.72644 -2.72644 8.3369
      vertex -2.83431 -3.45361 8.22649
      vertex -2.44607 -2.98055 8.3369
    endloop
  endfacet
  facet normal -0.173948 0.129009 0.976268
    outer loop
      vertex -3.45361 2.83431 8.22649
      vertex -4.18786 2.79824 8.10043
      vertex -3.71479 2.48215 8.22649
    endloop
  endfacet
  facet normal -0.104776 -0.0374874 0.993789
    outer loop
      vertex -2.41788 -0.733455 8.50663
      vertex -3.06858 -0.930844 8.43058
      vertex -2.96257 -1.22714 8.43058
    endloop
  endfacet
  facet normal -0.155456 0.209605 0.965349
    outer loop
      vertex -3.08738 4.62059 7.95991
      vertex -3.19524 3.89342 8.10043
      vertex -2.79824 4.18786 8.10043
    endloop
  endfacet
  facet normal -0.25314 0.0634092 0.965349
    outer loop
      vertex -4.81981 1.46207 8.10043
      vertex -5.45035 1.08414 7.95991
      vertex -4.93991 0.98261 8.10043
    endloop
  endfacet
  facet normal 0.492972 -0.446797 0.746559
    outer loop
      vertex 5.45868 -4.47982 7.2822
      vertex 5.14437 -5.14437 7.09203
      vertex 5.62383 -4.61536 7.09203
    endloop
  endfacet
  facet normal 0.242977 -0.970032 0
    outer loop
      vertex 1.46141 -7.34703 6.6
      vertex 2.17451 -7.16841 6.69936
      vertex 1.46141 -7.34703 6.69936
    endloop
  endfacet
  facet normal 0.242977 -0.970032 0
    outer loop
      vertex 2.17451 -7.16841 6.69936
      vertex 1.46141 -7.34703 6.6
      vertex 2.17451 -7.16841 6.6
    endloop
  endfacet
  facet normal 0.483041 -0.805912 0.342311
    outer loop
      vertex 4.12168 -6.16853 6.89713
      vertex 3.49721 -6.54282 6.89713
      vertex 4.16176 -6.22851 6.69936
    endloop
  endfacet
  facet normal 0.0326422 -0.664515 0.746562
    outer loop
      vertex 0 -7.06158 7.2822
      vertex 0 -7.27523 7.09203
      vertex 0.692156 -7.02758 7.2822
    endloop
  endfacet
  facet normal -0.0326422 -0.664515 0.746562
    outer loop
      vertex 0 -7.06158 7.2822
      vertex -0.692156 -7.02758 7.2822
      vertex 0 -7.27523 7.09203
    endloop
  endfacet
  facet normal -0.271339 -0.758356 0.592681
    outer loop
      vertex -2.78411 -6.72144 7.09203
      vertex -2.83906 -6.8541 6.89713
      vertex -2.11189 -6.96196 7.09203
    endloop
  endfacet
  facet normal 0.1054 -0.294575 0.949798
    outer loop
      vertex 2.30531 -5.5655 7.80629
      vertex 1.61315 -5.31784 7.95991
      vertex 1.74869 -5.76466 7.80629
    endloop
  endfacet
  facet normal 0.596792 -0.540893 0.592683
    outer loop
      vertex 5.62383 -4.61536 7.09203
      vertex 5.14437 -5.14437 7.09203
      vertex 5.73483 -4.70645 6.89713
    endloop
  endfacet
  facet normal 0.545881 -0.0268147 0.837434
    outer loop
      vertex 7.06158 0 7.2822
      vertex 6.77992 0 7.4658
      vertex 7.02758 -0.692156 7.2822
    endloop
  endfacet
  facet normal 0.796723 -0.118183 0.592677
    outer loop
      vertex 7.2402 -0.713098 7.09203
      vertex 7.13544 -1.41933 7.09203
      vertex 7.27627 -1.44734 6.89713
    endloop
  endfacet
  facet normal 0.796723 0.118183 0.592677
    outer loop
      vertex 7.27627 1.44734 6.89713
      vertex 7.13544 1.41933 7.09203
      vertex 7.2402 0.713098 7.09203
    endloop
  endfacet
  facet normal 0.303487 -0.0760196 0.949798
    outer loop
      vertex 5.45035 -1.08414 7.95991
      vertex 5.31784 -1.61315 7.95991
      vertex 5.76466 -1.74869 7.80629
    endloop
  endfacet
  facet normal 0.540621 -0.0801954 0.837435
    outer loop
      vertex 6.74727 -0.664548 7.4658
      vertex 6.64964 -1.3227 7.4658
      vertex 6.92589 -1.37765 7.2822
    endloop
  endfacet
  facet normal 0.514593 -0.184126 0.837432
    outer loop
      vertex 6.48798 -1.96811 7.4658
      vertex 6.26383 -2.59456 7.4658
      vertex 6.75751 -2.04987 7.2822
    endloop
  endfacet
  facet normal 0.804467 0.0395184 0.592681
    outer loop
      vertex 7.41882 0 6.89713
      vertex 7.2402 0.713098 7.09203
      vertex 7.27523 0 7.09203
    endloop
  endfacet
  facet normal 0.437782 -0.109654 0.892369
    outer loop
      vertex 6.64964 -1.3227 7.4658
      vertex 6.15596 -1.86739 7.64106
      vertex 6.48798 -1.96811 7.4658
    endloop
  endfacet
  facet normal 0.468788 -0.280974 0.837431
    outer loop
      vertex 5.97935 -3.19603 7.4658
      vertex 5.6373 -3.76672 7.4658
      vertex 5.87149 -3.9232 7.2822
    endloop
  endfacet
  facet normal -0.0460978 -0.938438 0.342359
    outer loop
      vertex 0 -7.41882 6.89713
      vertex -0.727171 -7.3831 6.89713
      vertex 0 -7.49097 6.69936
    endloop
  endfacet
  facet normal 0.223404 -0.301233 0.927011
    outer loop
      vertex 3.82162 -4.65666 7.80629
      vertex 3.57396 -5.34881 7.64106
      vertex 4.08103 -4.97275 7.64106
    endloop
  endfacet
  facet normal 0.596796 -0.540906 0.592668
    outer loop
      vertex 5.73483 -4.70645 6.89713
      vertex 5.14437 -5.14437 7.09203
      vertex 5.2459 -5.2459 6.89713
    endloop
  endfacet
  facet normal 0.758356 -0.271339 0.592681
    outer loop
      vertex 6.96196 -2.11189 7.09203
      vertex 6.72144 -2.78411 7.09203
      vertex 6.8541 -2.83906 6.89713
    endloop
  endfacet
  facet normal 0.534381 -0.396317 0.746572
    outer loop
      vertex 5.87149 -3.9232 7.2822
      vertex 5.45868 -4.47982 7.2822
      vertex 6.04914 -4.0419 7.09203
    endloop
  endfacet
  facet normal 0.282825 -0.133768 0.949798
    outer loop
      vertex 5.13412 -2.12662 7.95991
      vertex 4.90095 -2.61961 7.95991
      vertex 5.5655 -2.30531 7.80629
    endloop
  endfacet
  facet normal 0.251296 -0.186375 0.949797
    outer loop
      vertex 5.00882 -3.34679 7.80629
      vertex 4.62059 -3.08738 7.95991
      vertex 4.65666 -3.82162 7.80629
    endloop
  endfacet
  facet normal 0.334395 -0.303083 0.892368
    outer loop
      vertex 4.97275 -4.08103 7.64106
      vertex 4.54879 -4.54879 7.64106
      vertex 5.24095 -4.30114 7.4658
    endloop
  endfacet
  facet normal 0.160691 -0.0760015 0.984074
    outer loop
      vertex 4.12766 -1.70973 8.22649
      vertex 3.40049 -1.8176 8.3369
      vertex 3.9402 -2.10608 8.22649
    endloop
  endfacet
  facet normal 0.0893798 -0.0662887 0.993789
    outer loop
      vertex 2.66624 -1.78153 8.43058
      vertex 2.10085 -1.40374 8.50663
      vertex 2.47878 -2.03429 8.43058
    endloop
  endfacet
  facet normal 0.0263294 0.00390651 0.999646
    outer loop
      vertex 1.07933 0.214692 8.60308
      vertex 0.360936 0.0717945 8.62256
      vertex 1.09518 0.107865 8.60308
    endloop
  endfacet
  facet normal 0.0180879 -0.0505563 0.998557
    outer loop
      vertex 0.421134 -1.01671 8.60308
      vertex 0.319451 -1.05309 8.60308
      vertex 0.529 -1.74388 8.56431
    endloop
  endfacet
  facet normal 0.294575 -0.1054 0.949798
    outer loop
      vertex 5.76466 -1.74869 7.80629
      vertex 5.31784 -1.61315 7.95991
      vertex 5.5655 -2.30531 7.80629
    endloop
  endfacet
  facet normal 0.446431 -0.0662208 0.892364
    outer loop
      vertex 6.40199 -0.63054 7.64106
      vertex 6.30936 -1.25501 7.64106
      vertex 6.74727 -0.664548 7.4658
    endloop
  endfacet
  facet normal 0.25186 -0.277883 0.92701
    outer loop
      vertex 4.25965 -4.25965 7.80629
      vertex 3.82162 -4.65666 7.80629
      vertex 4.54879 -4.54879 7.64106
    endloop
  endfacet
  facet normal 0.122663 -0.0735221 0.989721
    outer loop
      vertex 3.40049 -1.8176 8.3369
      vertex 2.66624 -1.78153 8.43058
      vertex 3.20596 -2.14215 8.3369
    endloop
  endfacet
  facet normal 0.353112 -0.126344 0.927011
    outer loop
      vertex 5.76466 -1.74869 7.80629
      vertex 5.5655 -2.30531 7.80629
      vertex 6.15596 -1.86739 7.64106
    endloop
  endfacet
  facet normal 0.223834 -0.13416 0.965349
    outer loop
      vertex 4.44197 -2.37428 8.10043
      vertex 4.18786 -2.79824 8.10043
      vertex 4.62059 -3.08738 7.95991
    endloop
  endfacet
  facet normal 0.245706 0.0879138 0.96535
    outer loop
      vertex 5.13412 2.12662 7.95991
      vertex 4.81981 1.46207 8.10043
      vertex 5.31784 1.61315 7.95991
    endloop
  endfacet
  facet normal 0.309475 0.0459068 0.949799
    outer loop
      vertex 5.99505 0.590461 7.80629
      vertex 5.45035 1.08414 7.95991
      vertex 5.53037 0.544694 7.95991
    endloop
  endfacet
  facet normal 0.0263294 -0.00390651 0.999646
    outer loop
      vertex 1.09518 -0.107865 8.60308
      vertex 0.360936 -0.0717945 8.62256
      vertex 1.07933 -0.214692 8.60308
    endloop
  endfacet
  facet normal 0.210081 -0.0526232 0.976267
    outer loop
      vertex 4.93991 -0.98261 8.10043
      vertex 4.3819 -0.871614 8.22649
      vertex 4.81981 -1.46207 8.10043
    endloop
  endfacet
  facet normal 0.195776 -0.0925952 0.976267
    outer loop
      vertex 4.12766 -1.70973 8.22649
      vertex 3.9402 -2.10608 8.22649
      vertex 4.6533 -1.92746 8.10043
    endloop
  endfacet
  facet normal 0.175832 -0.0260818 0.984075
    outer loop
      vertex 3.8372 -0.377932 8.3369
      vertex 3.78168 -0.752223 8.3369
      vertex 4.3819 -0.871614 8.22649
    endloop
  endfacet
  facet normal 0.362498 0.26884 0.892368
    outer loop
      vertex 5.24095 4.30114 7.4658
      vertex 4.97275 4.08103 7.64106
      vertex 5.34881 3.57396 7.64106
    endloop
  endfacet
  facet normal 0.26884 0.362492 0.89237
    outer loop
      vertex 3.76672 5.6373 7.4658
      vertex 3.57396 5.34881 7.64106
      vertex 4.30114 5.24095 7.4658
    endloop
  endfacet
  facet normal 0.105964 0.0960388 0.989721
    outer loop
      vertex 2.72644 2.72644 8.3369
      vertex 2.26745 2.26745 8.43058
      vertex 2.98055 2.44607 8.3369
    endloop
  endfacet
  facet normal -0.122663 0.0735221 0.989721
    outer loop
      vertex -3.20596 2.14215 8.3369
      vertex -3.40049 1.8176 8.3369
      vertex -2.66624 1.78153 8.43058
    endloop
  endfacet
  facet normal -0.129277 0.0611459 0.989722
    outer loop
      vertex -2.82802 1.51161 8.43058
      vertex -3.40049 1.8176 8.3369
      vertex -2.96257 1.22714 8.43058
    endloop
  endfacet
  facet normal 0.0824516 0.074732 0.993789
    outer loop
      vertex 2.26745 2.26745 8.43058
      vertex 1.95315 1.6029 8.50663
      vertex 2.47878 2.03429 8.43058
    endloop
  endfacet
  facet normal 0.224135 0.626426 0.746562
    outer loop
      vertex 2.11189 6.96196 7.09203
      vertex 2.04987 6.75751 7.2822
      vertex 2.78411 6.72144 7.09203
    endloop
  endfacet
  facet normal -0.0490799 0.998795 0
    outer loop
      vertex 0 7.49097 6.6
      vertex -0.734242 7.45489 6.69936
      vertex 0 7.49097 6.69936
    endloop
  endfacet
  facet normal -0.0490799 0.998795 0
    outer loop
      vertex -0.734242 7.45489 6.69936
      vertex 0 7.49097 6.6
      vertex -0.734242 7.45489 6.6
    endloop
  endfacet
  facet normal 0.0431936 0.172428 0.984075
    outer loop
      vertex 0.871614 4.3819 8.22649
      vertex 0.752223 3.78168 8.3369
      vertex 1.29692 4.27536 8.22649
    endloop
  endfacet
  facet normal -0.132794 0.530164 0.837432
    outer loop
      vertex -1.3227 6.64964 7.4658
      vertex -2.04987 6.75751 7.2822
      vertex -1.96811 6.48798 7.4658
    endloop
  endfacet
  facet normal 0.28446 0.601433 0.746566
    outer loop
      vertex 2.78411 6.72144 7.09203
      vertex 2.70235 6.52405 7.2822
      vertex 3.42952 6.41618 7.09203
    endloop
  endfacet
  facet normal -0.0119947 0.0808335 0.996655
    outer loop
      vertex -0.178621 1.81358 8.56431
      vertex -0.492929 2.47812 8.50663
      vertex -0.355523 1.78733 8.56431
    endloop
  endfacet
  facet normal 0.316537 0.884656 0.342327
    outer loop
      vertex 2.86667 6.92075 6.69936
      vertex 2.17451 7.16841 6.69936
      vertex 2.83906 6.8541 6.89713
    endloop
  endfacet
  facet normal 0.427556 0.903989 -0
    outer loop
      vertex 3.53122 6.60644 6.6
      vertex 2.86667 6.92075 6.69936
      vertex 3.53122 6.60644 6.69936
    endloop
  endfacet
  facet normal 0.427556 0.903989 0
    outer loop
      vertex 2.86667 6.92075 6.69936
      vertex 3.53122 6.60644 6.6
      vertex 2.86667 6.92075 6.6
    endloop
  endfacet
  facet normal 0.540621 0.0801954 0.837435
    outer loop
      vertex 6.92589 1.37765 7.2822
      vertex 6.64964 1.3227 7.4658
      vertex 6.74727 0.664548 7.4658
    endloop
  endfacet
  facet normal 0.374582 0.0184036 0.927011
    outer loop
      vertex 6.40199 0.63054 7.64106
      vertex 5.99505 0.590461 7.80629
      vertex 6.02406 0 7.80629
    endloop
  endfacet
  facet normal 0.303484 0.0760217 0.949799
    outer loop
      vertex 5.76466 1.74869 7.80629
      vertex 5.45035 1.08414 7.95991
      vertex 5.90831 1.17523 7.80629
    endloop
  endfacet
  facet normal 0.370975 0.0550281 0.927011
    outer loop
      vertex 6.30936 1.25501 7.64106
      vertex 5.99505 0.590461 7.80629
      vertex 6.40199 0.63054 7.64106
    endloop
  endfacet
  facet normal 0.468768 0.280974 0.837443
    outer loop
      vertex 6.22776 3.32881 7.2822
      vertex 5.87149 3.9232 7.2822
      vertex 5.97935 3.19603 7.4658
    endloop
  endfacet
  facet normal 0.339031 0.160346 0.92701
    outer loop
      vertex 5.67337 3.03248 7.64106
      vertex 5.5655 2.30531 7.80629
      vertex 5.94328 2.46179 7.64106
    endloop
  endfacet
  facet normal 0.192962 0.407976 0.892368
    outer loop
      vertex 2.59456 6.26383 7.4658
      vertex 2.46179 5.94328 7.64106
      vertex 3.19603 5.97935 7.4658
    endloop
  endfacet
  facet normal 0.192807 0.321685 0.927008
    outer loop
      vertex 3.57396 5.34881 7.64106
      vertex 2.83972 5.31274 7.80629
      vertex 3.34679 5.00882 7.80629
    endloop
  endfacet
  facet normal 0.28446 0.601446 0.746555
    outer loop
      vertex 3.42952 6.41618 7.09203
      vertex 2.70235 6.52405 7.2822
      vertex 3.32881 6.22776 7.2822
    endloop
  endfacet
  facet normal 0.233672 0.494065 0.837435
    outer loop
      vertex 2.70235 6.52405 7.2822
      vertex 2.59456 6.26383 7.4658
      vertex 3.32881 6.22776 7.2822
    endloop
  endfacet
  facet normal 0.690841 0.414067 0.592695
    outer loop
      vertex 6.54282 3.49721 6.89713
      vertex 6.04914 4.0419 7.09203
      vertex 6.41618 3.42952 7.09203
    endloop
  endfacet
  facet normal 0.903989 0.427556 0
    outer loop
      vertex 6.92075 2.86667 6.69936
      vertex 6.60644 3.53122 6.6
      vertex 6.60644 3.53122 6.69936
    endloop
  endfacet
  facet normal 0.903989 0.427556 0
    outer loop
      vertex 6.60644 3.53122 6.6
      vertex 6.92075 2.86667 6.69936
      vertex 6.92075 2.86667 6.6
    endloop
  endfacet
  facet normal 0.781294 0.195707 0.592687
    outer loop
      vertex 7.09937 2.15357 6.89713
      vertex 6.96196 2.11189 7.09203
      vertex 7.13544 1.41933 7.09203
    endloop
  endfacet
  facet normal 0.645377 0.161661 0.746561
    outer loop
      vertex 6.96196 2.11189 7.09203
      vertex 6.75751 2.04987 7.2822
      vertex 7.13544 1.41933 7.09203
    endloop
  endfacet
  facet normal 0.160843 0.268355 0.949797
    outer loop
      vertex 3.34679 5.00882 7.80629
      vertex 2.83972 5.31274 7.80629
      vertex 3.08738 4.62059 7.95991
    endloop
  endfacet
  facet normal 0.367036 0.404955 0.837434
    outer loop
      vertex 4.47982 5.45868 7.2822
      vertex 4.30114 5.24095 7.4658
      vertex 4.99329 4.99329 7.2822
    endloop
  endfacet
  facet normal 0.404964 0.367038 0.837429
    outer loop
      vertex 4.99329 4.99329 7.2822
      vertex 4.79413 4.79413 7.4658
      vertex 5.24095 4.30114 7.4658
    endloop
  endfacet
  facet normal 0.367038 0.404964 0.837429
    outer loop
      vertex 4.99329 4.99329 7.2822
      vertex 4.30114 5.24095 7.4658
      vertex 4.79413 4.79413 7.4658
    endloop
  endfacet
  facet normal 0.601446 0.28446 0.746555
    outer loop
      vertex 6.41618 3.42952 7.09203
      vertex 6.22776 3.32881 7.2822
      vertex 6.52405 2.70235 7.2822
    endloop
  endfacet
  facet normal 0.690844 0.414073 0.592687
    outer loop
      vertex 6.16853 4.12168 6.89713
      vertex 6.04914 4.0419 7.09203
      vertex 6.54282 3.49721 6.89713
    endloop
  endfacet
  facet normal 0.570648 0.342039 0.746572
    outer loop
      vertex 6.04914 4.0419 7.09203
      vertex 5.87149 3.9232 7.2822
      vertex 6.22776 3.32881 7.2822
    endloop
  endfacet
  facet normal 0.534381 0.396317 0.746572
    outer loop
      vertex 6.04914 4.0419 7.09203
      vertex 5.45868 4.47982 7.2822
      vertex 5.87149 3.9232 7.2822
    endloop
  endfacet
  facet normal 0.540906 0.596796 0.592668
    outer loop
      vertex 5.2459 5.2459 6.89713
      vertex 4.70645 5.73483 6.89713
      vertex 5.14437 5.14437 7.09203
    endloop
  endfacet
  facet normal 0.696186 0.630989 0.342313
    outer loop
      vertex 5.29691 5.29691 6.69936
      vertex 5.2459 5.2459 6.89713
      vertex 5.79059 4.75222 6.69936
    endloop
  endfacet
  facet normal 0.805909 0.483042 0.342318
    outer loop
      vertex 6.60644 3.53122 6.69936
      vertex 6.22851 4.16176 6.69936
      vertex 6.54282 3.49721 6.89713
    endloop
  endfacet
  facet normal -0.07927 -0.0198533 0.996655
    outer loop
      vertex -1.74388 -0.529 8.56431
      vertex -2.47812 -0.492929 8.50663
      vertex -2.41788 -0.733455 8.50663
    endloop
  endfacet
  facet normal -0.141464 -0.0209822 0.989721
    outer loop
      vertex -3.19122 -0.314307 8.43058
      vertex -3.78168 -0.752223 8.3369
      vertex -3.14505 -0.625588 8.43058
    endloop
  endfacet
  facet normal -0.00701678 -0.142838 0.989721
    outer loop
      vertex -0.314307 -3.19122 8.43058
      vertex -0.377932 -3.8372 8.3369
      vertex 0 -3.20666 8.43058
    endloop
  endfacet
  facet normal -0.0163265 -0.110074 0.993789
    outer loop
      vertex -0.492929 -2.47812 8.50663
      vertex -0.625588 -3.14505 8.43058
      vertex -0.314307 -3.19122 8.43058
    endloop
  endfacet
  facet normal -0.450763 0.0221399 0.892369
    outer loop
      vertex -6.40199 0.63054 7.64106
      vertex -6.77992 0 7.4658
      vertex -6.43296 0 7.64106
    endloop
  endfacet
  facet normal -0.216308 0.0106252 0.976267
    outer loop
      vertex -5.01244 0.493682 8.10043
      vertex -5.03669 0 8.10043
      vertex -4.44623 0.437915 8.22649
    endloop
  endfacet
  facet normal -0.303083 -0.334395 0.892368
    outer loop
      vertex -4.08103 -4.97275 7.64106
      vertex -4.54879 -4.54879 7.64106
      vertex -4.30114 -5.24095 7.4658
    endloop
  endfacet
  facet normal -0.245706 -0.0879138 0.96535
    outer loop
      vertex -4.81981 -1.46207 8.10043
      vertex -5.31784 -1.61315 7.95991
      vertex -5.13412 -2.12662 7.95991
    endloop
  endfacet
  facet normal -0.152468 0.0913866 0.984074
    outer loop
      vertex -3.71479 2.48215 8.22649
      vertex -3.9402 2.10608 8.22649
      vertex -3.20596 2.14215 8.3369
    endloop
  endfacet
  facet normal -0.0816207 -0.00400744 0.996655
    outer loop
      vertex -1.82235 0 8.56431
      vertex -2.52667 0 8.50663
      vertex -1.81358 -0.178621 8.56431
    endloop
  endfacet
  facet normal -0.00896658 -0.0250618 0.999646
    outer loop
      vertex -0.14083 -0.339994 8.62256
      vertex -0.421134 -1.01671 8.60308
      vertex -0.319451 -1.05309 8.60308
    endloop
  endfacet
  facet normal 0.0526251 0.210078 0.976267
    outer loop
      vertex 1.46207 4.81981 8.10043
      vertex 0.871614 4.3819 8.22649
      vertex 1.29692 4.27536 8.22649
    endloop
  endfacet
  facet normal -0.0228306 -0.0136842 0.999646
    outer loop
      vertex -0.324553 -0.173477 8.62256
      vertex -0.970535 -0.518762 8.60308
      vertex -0.915014 -0.611393 8.60308
    endloop
  endfacet
  facet normal -0.192807 0.321685 0.927008
    outer loop
      vertex -2.83972 5.31274 7.80629
      vertex -3.57396 5.34881 7.64106
      vertex -3.34679 5.00882 7.80629
    endloop
  endfacet
  facet normal -0.468788 0.280974 0.837431
    outer loop
      vertex -5.87149 3.9232 7.2822
      vertex -5.97935 3.19603 7.4658
      vertex -5.6373 3.76672 7.4658
    endloop
  endfacet
  facet normal -0.514589 0.184122 0.837435
    outer loop
      vertex -6.52405 2.70235 7.2822
      vertex -6.75751 2.04987 7.2822
      vertex -6.26383 2.59456 7.4658
    endloop
  endfacet
  facet normal -0.344372 0.728105 0.592681
    outer loop
      vertex -2.83906 6.8541 6.89713
      vertex -3.42952 6.41618 7.09203
      vertex -2.78411 6.72144 7.09203
    endloop
  endfacet
  facet normal 0.0395184 0.804467 0.592681
    outer loop
      vertex 0 7.41882 6.89713
      vertex 0 7.27523 7.09203
      vertex 0.713098 7.2402 7.09203
    endloop
  endfacet
  facet normal -0.64693 0.479799 0.592684
    outer loop
      vertex -5.73483 4.70645 6.89713
      vertex -6.04914 4.0419 7.09203
      vertex -5.62383 4.61536 7.09203
    endloop
  endfacet
  facet normal -0.0729576 0.203911 0.976267
    outer loop
      vertex -1.46207 4.81981 8.10043
      vertex -1.70973 4.12766 8.22649
      vertex -1.29692 4.27536 8.22649
    endloop
  endfacet
  facet normal -0.367036 0.404955 0.837434
    outer loop
      vertex -4.47982 5.45868 7.2822
      vertex -4.99329 4.99329 7.2822
      vertex -4.30114 5.24095 7.4658
    endloop
  endfacet
  facet normal -0.540615 0.0801978 0.837439
    outer loop
      vertex -6.92589 1.37765 7.2822
      vertex -7.02758 0.692156 7.2822
      vertex -6.74727 0.664548 7.4658
    endloop
  endfacet
  facet normal -0.545872 -0.0268193 0.837439
    outer loop
      vertex -6.77992 0 7.4658
      vertex -7.02758 -0.692156 7.2822
      vertex -6.74727 -0.664548 7.4658
    endloop
  endfacet
  facet normal -0.658117 -0.0976228 0.74656
    outer loop
      vertex -7.02758 -0.692156 7.2822
      vertex -7.2402 -0.713098 7.09203
      vertex -7.13544 -1.41933 7.09203
    endloop
  endfacet
  facet normal -0.664517 -0.0326435 0.74656
    outer loop
      vertex -7.02758 -0.692156 7.2822
      vertex -7.27523 0 7.09203
      vertex -7.2402 -0.713098 7.09203
    endloop
  endfacet
  facet normal -0.64537 -0.161655 0.746569
    outer loop
      vertex -6.92589 -1.37765 7.2822
      vertex -7.13544 -1.41933 7.09203
      vertex -6.75751 -2.04987 7.2822
    endloop
  endfacet
  facet normal -0.309475 -0.0459068 0.949799
    outer loop
      vertex -5.53037 -0.544694 7.95991
      vertex -5.99505 -0.590461 7.80629
      vertex -5.45035 -1.08414 7.95991
    endloop
  endfacet
  facet normal -0.989178 0.146724 0
    outer loop
      vertex -7.45489 0.734242 6.6
      vertex -7.34703 1.46141 6.69936
      vertex -7.34703 1.46141 6.6
    endloop
  endfacet
  facet normal -0.989178 0.146724 0
    outer loop
      vertex -7.34703 1.46141 6.69936
      vertex -7.45489 0.734242 6.6
      vertex -7.45489 0.734242 6.69936
    endloop
  endfacet
  facet normal -0.938438 -0.0460978 0.342359
    outer loop
      vertex -7.41882 0 6.89713
      vertex -7.49097 0 6.69936
      vertex -7.3831 -0.727171 6.89713
    endloop
  endfacet
  facet normal -0.664515 0.0326422 0.746562
    outer loop
      vertex -7.02758 0.692156 7.2822
      vertex -7.27523 0 7.09203
      vertex -7.06158 0 7.2822
    endloop
  endfacet
  facet normal -0.530158 0.132796 0.837436
    outer loop
      vertex -6.75751 2.04987 7.2822
      vertex -6.92589 1.37765 7.2822
      vertex -6.64964 1.3227 7.4658
    endloop
  endfacet
  facet normal -0.545872 0.0268193 0.837439
    outer loop
      vertex -6.74727 0.664548 7.4658
      vertex -7.02758 0.692156 7.2822
      vertex -6.77992 0 7.4658
    endloop
  endfacet
  facet normal -0.545881 0.0268147 0.837434
    outer loop
      vertex -7.02758 0.692156 7.2822
      vertex -7.06158 0 7.2822
      vertex -6.77992 0 7.4658
    endloop
  endfacet
  facet normal -0.303487 0.0760196 0.949798
    outer loop
      vertex -5.31784 1.61315 7.95991
      vertex -5.76466 1.74869 7.80629
      vertex -5.45035 1.08414 7.95991
    endloop
  endfacet
  facet normal -0.534381 0.396317 0.746572
    outer loop
      vertex -5.45868 4.47982 7.2822
      vertex -6.04914 4.0419 7.09203
      vertex -5.87149 3.9232 7.2822
    endloop
  endfacet
  facet normal -0.884656 0.316537 0.342327
    outer loop
      vertex -6.92075 2.86667 6.69936
      vertex -7.16841 2.17451 6.69936
      vertex -6.8541 2.83906 6.89713
    endloop
  endfacet
  facet normal -0.494065 0.233672 0.837435
    outer loop
      vertex -6.22776 3.32881 7.2822
      vertex -6.52405 2.70235 7.2822
      vertex -6.26383 2.59456 7.4658
    endloop
  endfacet
  facet normal -0.758356 0.271339 0.592681
    outer loop
      vertex -6.8541 2.83906 6.89713
      vertex -6.96196 2.11189 7.09203
      vertex -6.72144 2.78411 7.09203
    endloop
  endfacet
  facet normal -0.132796 -0.530158 0.837436
    outer loop
      vertex -1.3227 -6.64964 7.4658
      vertex -2.04987 -6.75751 7.2822
      vertex -1.37765 -6.92589 7.2822
    endloop
  endfacet
  facet normal -0.758352 -0.27134 0.592686
    outer loop
      vertex -6.96196 -2.11189 7.09203
      vertex -7.09937 -2.15357 6.89713
      vertex -6.8541 -2.83906 6.89713
    endloop
  endfacet
  facet normal -0.781294 -0.195707 0.592687
    outer loop
      vertex -6.96196 -2.11189 7.09203
      vertex -7.13544 -1.41933 7.09203
      vertex -7.09937 -2.15357 6.89713
    endloop
  endfacet
  facet normal -0.74095 -0.67156 0
    outer loop
      vertex -5.29691 -5.29691 6.6
      vertex -5.79059 -4.75222 6.69936
      vertex -5.79059 -4.75222 6.6
    endloop
  endfacet
  facet normal -0.74095 -0.67156 0
    outer loop
      vertex -5.79059 -4.75222 6.69936
      vertex -5.29691 -5.29691 6.6
      vertex -5.29691 -5.29691 6.69936
    endloop
  endfacet
  facet normal -0.805909 -0.483042 0.342318
    outer loop
      vertex -6.54282 -3.49721 6.89713
      vertex -6.60644 -3.53122 6.69936
      vertex -6.22851 -4.16176 6.69936
    endloop
  endfacet
  facet normal -0.559715 -0.75468 0.342312
    outer loop
      vertex -4.70645 -5.73483 6.89713
      vertex -4.75222 -5.79059 6.69936
      vertex -4.16176 -6.22851 6.69936
    endloop
  endfacet
  facet normal -0.596796 -0.540906 0.592668
    outer loop
      vertex -5.14437 -5.14437 7.09203
      vertex -5.73483 -4.70645 6.89713
      vertex -5.2459 -5.2459 6.89713
    endloop
  endfacet
  facet normal -0.294575 -0.1054 0.949798
    outer loop
      vertex -5.31784 -1.61315 7.95991
      vertex -5.76466 -1.74869 7.80629
      vertex -5.5655 -2.30531 7.80629
    endloop
  endfacet
  facet normal -0.26884 -0.362498 0.892368
    outer loop
      vertex -4.08103 -4.97275 7.64106
      vertex -4.30114 -5.24095 7.4658
      vertex -3.57396 -5.34881 7.64106
    endloop
  endfacet
  facet normal 0.0360589 -0.0397848 0.998557
    outer loop
      vertex 0.778155 -0.778155 8.60308
      vertex 0.698135 -0.850681 8.60308
      vertex 1.15609 -1.4087 8.56431
    endloop
  endfacet
  facet normal -0.0270415 -0.107945 0.993789
    outer loop
      vertex -0.733455 -2.41788 8.50663
      vertex -0.930844 -3.06858 8.43058
      vertex -0.625588 -3.14505 8.43058
    endloop
  endfacet
  facet normal -0.105399 -0.294576 0.949798
    outer loop
      vertex -2.12662 -5.13412 7.95991
      vertex -2.30531 -5.5655 7.80629
      vertex -1.61315 -5.31784 7.95991
    endloop
  endfacet
  facet normal -0.209605 -0.155456 0.965349
    outer loop
      vertex -3.89342 -3.19524 8.10043
      vertex -4.62059 -3.08738 7.95991
      vertex -4.29572 -3.52541 7.95991
    endloop
  endfacet
  facet normal 0.0240619 0.0113805 0.999646
    outer loop
      vertex 0.970535 0.518762 8.60308
      vertex 0.324553 0.173477 8.62256
      vertex 0.339994 0.14083 8.62256
    endloop
  endfacet
  facet normal 0.107944 -0.0270348 0.993789
    outer loop
      vertex 2.47812 -0.492929 8.50663
      vertex 2.41788 -0.733455 8.50663
      vertex 3.14505 -0.625588 8.43058
    endloop
  endfacet
  facet normal -0.0851915 -0.114867 0.989721
    outer loop
      vertex -2.03429 -2.47878 8.43058
      vertex -2.44607 -2.98055 8.3369
      vertex -1.78153 -2.66624 8.43058
    endloop
  endfacet
  facet normal 0.0911297 -0.363794 0.927011
    outer loop
      vertex 1.86739 -6.15596 7.64106
      vertex 1.17523 -5.90831 7.80629
      vertex 1.25501 -6.30936 7.64106
    endloop
  endfacet
  facet normal -0.0221469 -0.450772 0.892364
    outer loop
      vertex -0.63054 -6.40199 7.64106
      vertex -0.664548 -6.74727 7.4658
      vertex 0 -6.77992 7.4658
    endloop
  endfacet
  facet normal -0.0911297 -0.363794 0.927011
    outer loop
      vertex -1.17523 -5.90831 7.80629
      vertex -1.86739 -6.15596 7.64106
      vertex -1.25501 -6.30936 7.64106
    endloop
  endfacet
  facet normal -0.134651 -0.0481758 0.989721
    outer loop
      vertex -3.06858 -0.930844 8.43058
      vertex -3.68974 -1.11927 8.3369
      vertex -2.96257 -1.22714 8.43058
    endloop
  endfacet
  facet normal -0.0954493 -0.0572087 0.993789
    outer loop
      vertex -2.22833 -1.19107 8.50663
      vertex -2.82802 -1.51161 8.43058
      vertex -2.66624 -1.78153 8.43058
    endloop
  endfacet
  facet normal -0.111146 0.00545731 0.993789
    outer loop
      vertex -2.51451 0.247657 8.50663
      vertex -3.19122 0.314307 8.43058
      vertex -2.52667 0 8.50663
    endloop
  endfacet
  facet normal -0.216308 -0.0106252 0.976267
    outer loop
      vertex -4.44623 -0.437915 8.22649
      vertex -5.03669 0 8.10043
      vertex -5.01244 -0.493682 8.10043
    endloop
  endfacet
  facet normal -0.195707 -0.781294 0.592687
    outer loop
      vertex -2.11189 -6.96196 7.09203
      vertex -2.15357 -7.09937 6.89713
      vertex -1.41933 -7.13544 7.09203
    endloop
  endfacet
  facet normal 0.595704 -0.803204 0
    outer loop
      vertex 4.16176 -6.22851 6.6
      vertex 4.75222 -5.79059 6.69936
      vertex 4.16176 -6.22851 6.69936
    endloop
  endfacet
  facet normal 0.595704 -0.803204 0
    outer loop
      vertex 4.75222 -5.79059 6.69936
      vertex 4.16176 -6.22851 6.6
      vertex 4.75222 -5.79059 6.6
    endloop
  endfacet
  facet normal 0.097627 -0.658106 0.746569
    outer loop
      vertex 1.37765 -6.92589 7.2822
      vertex 0.692156 -7.02758 7.2822
      vertex 1.41933 -7.13544 7.09203
    endloop
  endfacet
  facet normal 0.27134 -0.758352 0.592686
    outer loop
      vertex 2.83906 -6.8541 6.89713
      vertex 2.11189 -6.96196 7.09203
      vertex 2.15357 -7.09937 6.89713
    endloop
  endfacet
  facet normal 0.303077 -0.334394 0.892371
    outer loop
      vertex 4.54879 -4.54879 7.64106
      vertex 4.30114 -5.24095 7.4658
      vertex 4.79413 -4.79413 7.4658
    endloop
  endfacet
  facet normal 0.28446 -0.601446 0.746555
    outer loop
      vertex 3.32881 -6.22776 7.2822
      vertex 2.70235 -6.52405 7.2822
      vertex 3.42952 -6.41618 7.09203
    endloop
  endfacet
  facet normal 0.0760196 -0.303487 0.949798
    outer loop
      vertex 1.61315 -5.31784 7.95991
      vertex 1.08414 -5.45035 7.95991
      vertex 1.74869 -5.76466 7.80629
    endloop
  endfacet
  facet normal -0.0382932 -0.258136 0.965349
    outer loop
      vertex -0.98261 -4.93991 8.10043
      vertex -1.08414 -5.45035 7.95991
      vertex -0.493682 -5.01244 8.10043
    endloop
  endfacet
  facet normal 0.316531 -0.884653 0.34234
    outer loop
      vertex 2.83906 -6.8541 6.89713
      vertex 2.15357 -7.09937 6.89713
      vertex 2.17451 -7.16841 6.69936
    endloop
  endfacet
  facet normal 0.401724 -0.84937 0.342328
    outer loop
      vertex 3.53122 -6.60644 6.69936
      vertex 2.83906 -6.8541 6.89713
      vertex 2.86667 -6.92075 6.69936
    endloop
  endfacet
  facet normal 0.0268193 -0.545872 0.837439
    outer loop
      vertex 0.664548 -6.74727 7.4658
      vertex 0 -6.77992 7.4658
      vertex 0.692156 -7.02758 7.2822
    endloop
  endfacet
  facet normal 0.137868 -0.929406 0.34234
    outer loop
      vertex 1.44734 -7.27627 6.89713
      vertex 0.727171 -7.3831 6.89713
      vertex 1.46141 -7.34703 6.69936
    endloop
  endfacet
  facet normal -0.316531 -0.884653 0.34234
    outer loop
      vertex -2.15357 -7.09937 6.89713
      vertex -2.83906 -6.8541 6.89713
      vertex -2.17451 -7.16841 6.69936
    endloop
  endfacet
  facet normal -0.0326435 -0.664517 0.74656
    outer loop
      vertex -0.692156 -7.02758 7.2822
      vertex -0.713098 -7.2402 7.09203
      vertex 0 -7.27523 7.09203
    endloop
  endfacet
  facet normal -0.251296 -0.186375 0.949797
    outer loop
      vertex -4.62059 -3.08738 7.95991
      vertex -5.00882 -3.34679 7.80629
      vertex -4.65666 -3.82162 7.80629
    endloop
  endfacet
  facet normal -0.186375 -0.251294 0.949798
    outer loop
      vertex -3.52541 -4.29572 7.95991
      vertex -3.82162 -4.65666 7.80629
      vertex -3.08738 -4.62059 7.95991
    endloop
  endfacet
  facet normal 0.998795 -0.0490799 0
    outer loop
      vertex 7.45489 -0.734242 6.69936
      vertex 7.49097 0 6.6
      vertex 7.49097 0 6.69936
    endloop
  endfacet
  facet normal 0.998795 -0.0490799 0
    outer loop
      vertex 7.49097 0 6.6
      vertex 7.45489 -0.734242 6.69936
      vertex 7.45489 -0.734242 6.6
    endloop
  endfacet
  facet normal 0.630989 -0.696186 0.342313
    outer loop
      vertex 5.2459 -5.2459 6.89713
      vertex 4.75222 -5.79059 6.69936
      vertex 5.29691 -5.29691 6.69936
    endloop
  endfacet
  facet normal 0.796717 0.118185 0.592684
    outer loop
      vertex 7.27627 1.44734 6.89713
      vertex 7.2402 0.713098 7.09203
      vertex 7.3831 0.727171 6.89713
    endloop
  endfacet
  facet normal 0.92942 0.13786 0.342306
    outer loop
      vertex 7.45489 0.734242 6.69936
      vertex 7.34703 1.46141 6.69936
      vertex 7.3831 0.727171 6.89713
    endloop
  endfacet
  facet normal 0.374589 -0.0183986 0.927008
    outer loop
      vertex 6.43296 0 7.64106
      vertex 6.02406 0 7.80629
      vertex 6.40199 -0.63054 7.64106
    endloop
  endfacet
  facet normal 0.530158 0.132796 0.837436
    outer loop
      vertex 6.75751 2.04987 7.2822
      vertex 6.64964 1.3227 7.4658
      vertex 6.92589 1.37765 7.2822
    endloop
  endfacet
  facet normal 0.450772 -0.0221469 0.892364
    outer loop
      vertex 6.77992 0 7.4658
      vertex 6.40199 -0.63054 7.64106
      vertex 6.74727 -0.664548 7.4658
    endloop
  endfacet
  facet normal 0.658117 -0.0976228 0.74656
    outer loop
      vertex 7.2402 -0.713098 7.09203
      vertex 7.02758 -0.692156 7.2822
      vertex 7.13544 -1.41933 7.09203
    endloop
  endfacet
  facet normal 0.938438 -0.0460978 0.342359
    outer loop
      vertex 7.41882 0 6.89713
      vertex 7.3831 -0.727171 6.89713
      vertex 7.49097 0 6.69936
    endloop
  endfacet
  facet normal 0.804465 -0.0395168 0.592684
    outer loop
      vertex 7.41882 0 6.89713
      vertex 7.2402 -0.713098 7.09203
      vertex 7.3831 -0.727171 6.89713
    endloop
  endfacet
  facet normal 0.658106 -0.097627 0.746569
    outer loop
      vertex 7.02758 -0.692156 7.2822
      vertex 6.92589 -1.37765 7.2822
      vertex 7.13544 -1.41933 7.09203
    endloop
  endfacet
  facet normal 0.64537 -0.161655 0.746569
    outer loop
      vertex 6.92589 -1.37765 7.2822
      vertex 6.75751 -2.04987 7.2822
      vertex 7.13544 -1.41933 7.09203
    endloop
  endfacet
  facet normal 0.781303 -0.195705 0.592676
    outer loop
      vertex 7.13544 -1.41933 7.09203
      vertex 7.09937 -2.15357 6.89713
      vertex 7.27627 -1.44734 6.89713
    endloop
  endfacet
  facet normal 0.387099 -0.232012 0.89237
    outer loop
      vertex 5.97935 -3.19603 7.4658
      vertex 5.34881 -3.57396 7.64106
      vertex 5.6373 -3.76672 7.4658
    endloop
  endfacet
  facet normal 0.424926 -0.152041 0.892368
    outer loop
      vertex 6.15596 -1.86739 7.64106
      vertex 5.94328 -2.46179 7.64106
      vertex 6.26383 -2.59456 7.4658
    endloop
  endfacet
  facet normal 0.696186 -0.630988 0.342315
    outer loop
      vertex 5.73483 -4.70645 6.89713
      vertex 5.2459 -5.2459 6.89713
      vertex 5.79059 -4.75222 6.69936
    endloop
  endfacet
  facet normal 0.514589 -0.184122 0.837435
    outer loop
      vertex 6.75751 -2.04987 7.2822
      vertex 6.26383 -2.59456 7.4658
      vertex 6.52405 -2.70235 7.2822
    endloop
  endfacet
  facet normal 0.690841 -0.414067 0.592695
    outer loop
      vertex 6.41618 -3.42952 7.09203
      vertex 6.04914 -4.0419 7.09203
      vertex 6.54282 -3.49721 6.89713
    endloop
  endfacet
  facet normal 0.64693 -0.479799 0.592684
    outer loop
      vertex 6.04914 -4.0419 7.09203
      vertex 5.62383 -4.61536 7.09203
      vertex 5.73483 -4.70645 6.89713
    endloop
  endfacet
  facet normal 0.67156 -0.74095 0
    outer loop
      vertex 4.75222 -5.79059 6.6
      vertex 5.29691 -5.29691 6.69936
      vertex 4.75222 -5.79059 6.69936
    endloop
  endfacet
  facet normal 0.67156 -0.74095 0
    outer loop
      vertex 5.29691 -5.29691 6.69936
      vertex 4.75222 -5.79059 6.6
      vertex 5.29691 -5.29691 6.6
    endloop
  endfacet
  facet normal 0.321685 -0.192807 0.927008
    outer loop
      vertex 5.31274 -2.83972 7.80629
      vertex 5.00882 -3.34679 7.80629
      vertex 5.34881 -3.57396 7.64106
    endloop
  endfacet
  facet normal 0.160467 -0.145439 0.976267
    outer loop
      vertex 3.89342 -3.19524 8.10043
      vertex 3.45361 -2.83431 8.22649
      vertex 3.56148 -3.56148 8.10043
    endloop
  endfacet
  facet normal 0.40799 -0.19296 0.892362
    outer loop
      vertex 5.94328 -2.46179 7.64106
      vertex 5.67337 -3.03248 7.64106
      vertex 5.97935 -3.19603 7.4658
    endloop
  endfacet
  facet normal 0.251294 -0.186375 0.949798
    outer loop
      vertex 4.62059 -3.08738 7.95991
      vertex 4.29572 -3.52541 7.95991
      vertex 4.65666 -3.82162 7.80629
    endloop
  endfacet
  facet normal 0.173948 -0.129009 0.976268
    outer loop
      vertex 3.71479 -2.48215 8.22649
      vertex 3.45361 -2.83431 8.22649
      vertex 4.18786 -2.79824 8.10043
    endloop
  endfacet
  facet normal 0.301233 -0.223404 0.927011
    outer loop
      vertex 5.34881 -3.57396 7.64106
      vertex 4.65666 -3.82162 7.80629
      vertex 4.97275 -4.08103 7.64106
    endloop
  endfacet
  facet normal 0.0263294 0.00390552 0.999646
    outer loop
      vertex 1.09518 0.107865 8.60308
      vertex 0.360936 0.0717945 8.62256
      vertex 0.366235 0.0360708 8.62256
    endloop
  endfacet
  facet normal 0.0536298 0.00263512 0.998557
    outer loop
      vertex 1.81358 0.178621 8.56431
      vertex 1.09518 0.107865 8.60308
      vertex 1.10048 0 8.60308
    endloop
  endfacet
  facet normal 0.195776 -0.0925949 0.976267
    outer loop
      vertex 4.6533 -1.92746 8.10043
      vertex 3.9402 -2.10608 8.22649
      vertex 4.44197 -2.37428 8.10043
    endloop
  endfacet
  facet normal 0.245706 -0.0879138 0.96535
    outer loop
      vertex 5.31784 -1.61315 7.95991
      vertex 4.81981 -1.46207 8.10043
      vertex 5.13412 -2.12662 7.95991
    endloop
  endfacet
  facet normal 0.294576 -0.105399 0.949798
    outer loop
      vertex 5.31784 -1.61315 7.95991
      vertex 5.13412 -2.12662 7.95991
      vertex 5.5655 -2.30531 7.80629
    endloop
  endfacet
  facet normal 0.235907 -0.111577 0.965349
    outer loop
      vertex 5.13412 -2.12662 7.95991
      vertex 4.6533 -1.92746 8.10043
      vertex 4.90095 -2.61961 7.95991
    endloop
  endfacet
  facet normal 0.25314 0.0634092 0.965349
    outer loop
      vertex 5.45035 1.08414 7.95991
      vertex 4.81981 1.46207 8.10043
      vertex 4.93991 0.98261 8.10043
    endloop
  endfacet
  facet normal 0.258136 0.0382932 0.965349
    outer loop
      vertex 5.45035 1.08414 7.95991
      vertex 4.93991 0.98261 8.10043
      vertex 5.01244 0.493682 8.10043
    endloop
  endfacet
  facet normal 0.235907 0.111577 0.965349
    outer loop
      vertex 4.90095 2.61961 7.95991
      vertex 4.6533 1.92746 8.10043
      vertex 5.13412 2.12662 7.95991
    endloop
  endfacet
  facet normal 0.353113 0.126346 0.92701
    outer loop
      vertex 5.94328 2.46179 7.64106
      vertex 5.5655 2.30531 7.80629
      vertex 6.15596 1.86739 7.64106
    endloop
  endfacet
  facet normal 0.0760015 0.160691 0.984074
    outer loop
      vertex 2.10608 3.9402 8.22649
      vertex 1.70973 4.12766 8.22649
      vertex 1.8176 3.40049 8.3369
    endloop
  endfacet
  facet normal 0.129277 0.0611459 0.989722
    outer loop
      vertex 3.40049 1.8176 8.3369
      vertex 2.82802 1.51161 8.43058
      vertex 2.96257 1.22714 8.43058
    endloop
  endfacet
  facet normal 0.260647 -0.0128031 0.965349
    outer loop
      vertex 5.03669 0 8.10043
      vertex 5.01244 -0.493682 8.10043
      vertex 5.55713 0 7.95991
    endloop
  endfacet
  facet normal 0.141463 -0.0209837 0.989721
    outer loop
      vertex 3.8372 -0.377932 8.3369
      vertex 3.19122 -0.314307 8.43058
      vertex 3.78168 -0.752223 8.3369
    endloop
  endfacet
  facet normal 0.193359 -0.17525 0.965349
    outer loop
      vertex 3.89342 -3.19524 8.10043
      vertex 3.56148 -3.56148 8.10043
      vertex 4.29572 -3.52541 7.95991
    endloop
  endfacet
  facet normal 0.134651 -0.0481758 0.989721
    outer loop
      vertex 3.06858 -0.930844 8.43058
      vertex 2.96257 -1.22714 8.43058
      vertex 3.68974 -1.11927 8.3369
    endloop
  endfacet
  facet normal 0.142837 -0.00701843 0.989721
    outer loop
      vertex 3.85577 0 8.3369
      vertex 3.20666 0 8.43058
      vertex 3.8372 -0.377932 8.3369
    endloop
  endfacet
  facet normal 0.110074 0.0163265 0.993789
    outer loop
      vertex 3.14505 0.625588 8.43058
      vertex 2.47812 0.492929 8.50663
      vertex 3.19122 0.314307 8.43058
    endloop
  endfacet
  facet normal 0.104776 -0.0374874 0.993789
    outer loop
      vertex 3.06858 -0.930844 8.43058
      vertex 2.41788 -0.733455 8.50663
      vertex 2.96257 -1.22714 8.43058
    endloop
  endfacet
  facet normal 0.134651 -0.0481767 0.989721
    outer loop
      vertex 3.68974 -1.11927 8.3369
      vertex 2.96257 -1.22714 8.43058
      vertex 3.56227 -1.47554 8.3369
    endloop
  endfacet
  facet normal 0.374589 0.0183986 0.927008
    outer loop
      vertex 6.40199 0.63054 7.64106
      vertex 6.02406 0 7.80629
      vertex 6.43296 0 7.64106
    endloop
  endfacet
  facet normal 0.258138 -0.0382915 0.965349
    outer loop
      vertex 5.53037 -0.544694 7.95991
      vertex 5.01244 -0.493682 8.10043
      vertex 5.45035 -1.08414 7.95991
    endloop
  endfacet
  facet normal 0.192808 0.321672 0.927012
    outer loop
      vertex 3.03248 5.67337 7.64106
      vertex 2.83972 5.31274 7.80629
      vertex 3.57396 5.34881 7.64106
    endloop
  endfacet
  facet normal 0.145439 0.160467 0.976267
    outer loop
      vertex 3.19524 3.89342 8.10043
      vertex 2.83431 3.45361 8.22649
      vertex 3.56148 3.56148 8.10043
    endloop
  endfacet
  facet normal 0.160348 0.339023 0.927013
    outer loop
      vertex 3.03248 5.67337 7.64106
      vertex 2.30531 5.5655 7.80629
      vertex 2.83972 5.31274 7.80629
    endloop
  endfacet
  facet normal 0.160465 0.145439 0.976268
    outer loop
      vertex 3.56148 3.56148 8.10043
      vertex 3.15917 3.15917 8.22649
      vertex 3.45361 2.83431 8.22649
    endloop
  endfacet
  facet normal 0.104776 0.0374874 0.993789
    outer loop
      vertex 2.96257 1.22714 8.43058
      vertex 2.41788 0.733455 8.50663
      vertex 3.06858 0.930844 8.43058
    endloop
  endfacet
  facet normal 0.172428 0.0431936 0.984075
    outer loop
      vertex 4.27536 1.29692 8.22649
      vertex 3.78168 0.752223 8.3369
      vertex 4.3819 0.871614 8.22649
    endloop
  endfacet
  facet normal 0.0893823 0.0662872 0.993789
    outer loop
      vertex 2.47878 2.03429 8.43058
      vertex 1.95315 1.6029 8.50663
      vertex 2.10085 1.40374 8.50663
    endloop
  endfacet
  facet normal 0.0520858 0.0130457 0.998557
    outer loop
      vertex 1.74388 0.529 8.56431
      vertex 1.05309 0.319451 8.60308
      vertex 1.78733 0.355523 8.56431
    endloop
  endfacet
  facet normal 0.0879116 0.24571 0.965349
    outer loop
      vertex 2.12662 5.13412 7.95991
      vertex 1.46207 4.81981 8.10043
      vertex 1.92746 4.6533 8.10043
    endloop
  endfacet
  facet normal 0.0475803 0.100596 0.993789
    outer loop
      vertex 1.22714 2.96257 8.43058
      vertex 1.19107 2.22833 8.50663
      vertex 1.51161 2.82802 8.43058
    endloop
  endfacet
  facet normal 0.0490799 0.998795 -0
    outer loop
      vertex 0.734242 7.45489 6.6
      vertex 0 7.49097 6.69936
      vertex 0.734242 7.45489 6.69936
    endloop
  endfacet
  facet normal 0.0490799 0.998795 0
    outer loop
      vertex 0 7.49097 6.69936
      vertex 0.734242 7.45489 6.6
      vertex 0 7.49097 6.6
    endloop
  endfacet
  facet normal 0.118185 0.796717 0.592684
    outer loop
      vertex 0.727171 7.3831 6.89713
      vertex 0.713098 7.2402 7.09203
      vertex 1.44734 7.27627 6.89713
    endloop
  endfacet
  facet normal -0.0268147 0.545881 0.837434
    outer loop
      vertex 0 7.06158 7.2822
      vertex -0.692156 7.02758 7.2822
      vertex 0 6.77992 7.4658
    endloop
  endfacet
  facet normal -0.401722 0.849376 0.342316
    outer loop
      vertex -2.83906 6.8541 6.89713
      vertex -3.53122 6.60644 6.69936
      vertex -3.49721 6.54282 6.89713
    endloop
  endfacet
  facet normal -0.396317 0.534381 0.746572
    outer loop
      vertex -4.0419 6.04914 7.09203
      vertex -4.47982 5.45868 7.2822
      vertex -3.9232 5.87149 7.2822
    endloop
  endfacet
  facet normal -0.280974 0.468768 0.837443
    outer loop
      vertex -3.32881 6.22776 7.2822
      vertex -3.9232 5.87149 7.2822
      vertex -3.19603 5.97935 7.4658
    endloop
  endfacet
  facet normal -0.242977 0.970032 0
    outer loop
      vertex -1.46141 7.34703 6.6
      vertex -2.17451 7.16841 6.69936
      vertex -1.46141 7.34703 6.69936
    endloop
  endfacet
  facet normal -0.242977 0.970032 0
    outer loop
      vertex -2.17451 7.16841 6.69936
      vertex -1.46141 7.34703 6.6
      vertex -2.17451 7.16841 6.6
    endloop
  endfacet
  facet normal -0.316531 0.884653 0.34234
    outer loop
      vertex -2.17451 7.16841 6.69936
      vertex -2.83906 6.8541 6.89713
      vertex -2.15357 7.09937 6.89713
    endloop
  endfacet
  facet normal 0.0268193 0.545872 0.837439
    outer loop
      vertex 0.692156 7.02758 7.2822
      vertex 0 6.77992 7.4658
      vertex 0.664548 6.74727 7.4658
    endloop
  endfacet
  facet normal -0.0459068 0.309475 0.949799
    outer loop
      vertex -0.590461 5.99505 7.80629
      vertex -1.08414 5.45035 7.95991
      vertex -0.544694 5.53037 7.95991
    endloop
  endfacet
  facet normal -0.271339 0.758356 0.592681
    outer loop
      vertex -2.11189 6.96196 7.09203
      vertex -2.83906 6.8541 6.89713
      vertex -2.78411 6.72144 7.09203
    endloop
  endfacet
  facet normal -0.334394 0.303077 0.892371
    outer loop
      vertex -4.79413 4.79413 7.4658
      vertex -5.24095 4.30114 7.4658
      vertex -4.54879 4.54879 7.64106
    endloop
  endfacet
  facet normal 0.111577 0.235907 0.965349
    outer loop
      vertex 2.12662 5.13412 7.95991
      vertex 1.92746 4.6533 8.10043
      vertex 2.61961 4.90095 7.95991
    endloop
  endfacet
  facet normal 0.0550281 0.370975 0.927011
    outer loop
      vertex 0.63054 6.40199 7.64106
      vertex 0.590461 5.99505 7.80629
      vertex 1.25501 6.30936 7.64106
    endloop
  endfacet
  facet normal 0.195707 0.781294 0.592687
    outer loop
      vertex 2.15357 7.09937 6.89713
      vertex 1.41933 7.13544 7.09203
      vertex 2.11189 6.96196 7.09203
    endloop
  endfacet
  facet normal 0.27134 0.758352 0.592686
    outer loop
      vertex 2.15357 7.09937 6.89713
      vertex 2.11189 6.96196 7.09203
      vertex 2.83906 6.8541 6.89713
    endloop
  endfacet
  facet normal 0.228296 0.91142 0.342338
    outer loop
      vertex 1.46141 7.34703 6.69936
      vertex 1.44734 7.27627 6.89713
      vertex 2.17451 7.16841 6.69936
    endloop
  endfacet
  facet normal 0.401722 0.849376 0.342316
    outer loop
      vertex 3.53122 6.60644 6.69936
      vertex 2.83906 6.8541 6.89713
      vertex 3.49721 6.54282 6.89713
    endloop
  endfacet
  facet normal 0.483042 0.805909 0.342318
    outer loop
      vertex 3.53122 6.60644 6.69936
      vertex 3.49721 6.54282 6.89713
      vertex 4.16176 6.22851 6.69936
    endloop
  endfacet
  facet normal 0.303484 -0.0760217 0.949799
    outer loop
      vertex 5.90831 -1.17523 7.80629
      vertex 5.45035 -1.08414 7.95991
      vertex 5.76466 -1.74869 7.80629
    endloop
  endfacet
  facet normal 0.374582 -0.0184036 0.927011
    outer loop
      vertex 6.02406 0 7.80629
      vertex 5.99505 -0.590461 7.80629
      vertex 6.40199 -0.63054 7.64106
    endloop
  endfacet
  facet normal 0.514593 0.184126 0.837432
    outer loop
      vertex 6.75751 2.04987 7.2822
      vertex 6.26383 2.59456 7.4658
      vertex 6.48798 1.96811 7.4658
    endloop
  endfacet
  facet normal 0.424923 0.152042 0.89237
    outer loop
      vertex 6.26383 2.59456 7.4658
      vertex 6.15596 1.86739 7.64106
      vertex 6.48798 1.96811 7.4658
    endloop
  endfacet
  facet normal 0.437793 0.109666 0.892362
    outer loop
      vertex 6.64964 1.3227 7.4658
      vertex 6.15596 1.86739 7.64106
      vertex 6.30936 1.25501 7.64106
    endloop
  endfacet
  facet normal 0.370976 0.0550276 0.927011
    outer loop
      vertex 6.30936 1.25501 7.64106
      vertex 5.90831 1.17523 7.80629
      vertex 5.99505 0.590461 7.80629
    endloop
  endfacet
  facet normal 0.494065 0.233672 0.837435
    outer loop
      vertex 6.52405 2.70235 7.2822
      vertex 6.22776 3.32881 7.2822
      vertex 6.26383 2.59456 7.4658
    endloop
  endfacet
  facet normal 0.514589 0.184122 0.837435
    outer loop
      vertex 6.52405 2.70235 7.2822
      vertex 6.26383 2.59456 7.4658
      vertex 6.75751 2.04987 7.2822
    endloop
  endfacet
  facet normal 0.646926 0.479799 0.592688
    outer loop
      vertex 6.16853 4.12168 6.89713
      vertex 5.73483 4.70645 6.89713
      vertex 6.04914 4.0419 7.09203
    endloop
  endfacet
  facet normal 0.534388 0.396332 0.746559
    outer loop
      vertex 5.62383 4.61536 7.09203
      vertex 5.45868 4.47982 7.2822
      vertex 6.04914 4.0419 7.09203
    endloop
  endfacet
  facet normal 0.514102 0.857729 -0
    outer loop
      vertex 4.16176 6.22851 6.6
      vertex 3.53122 6.60644 6.69936
      vertex 4.16176 6.22851 6.69936
    endloop
  endfacet
  facet normal 0.514102 0.857729 0
    outer loop
      vertex 3.53122 6.60644 6.69936
      vertex 4.16176 6.22851 6.6
      vertex 3.53122 6.60644 6.6
    endloop
  endfacet
  facet normal 0.271339 0.758356 0.592681
    outer loop
      vertex 2.83906 6.8541 6.89713
      vertex 2.11189 6.96196 7.09203
      vertex 2.78411 6.72144 7.09203
    endloop
  endfacet
  facet normal 0.325573 0.438988 0.837431
    outer loop
      vertex 3.9232 5.87149 7.2822
      vertex 3.76672 5.6373 7.4658
      vertex 4.30114 5.24095 7.4658
    endloop
  endfacet
  facet normal 0.133768 0.282825 0.949798
    outer loop
      vertex 2.83972 5.31274 7.80629
      vertex 2.30531 5.5655 7.80629
      vertex 2.61961 4.90095 7.95991
    endloop
  endfacet
  facet normal 0.0662239 0.446435 0.892362
    outer loop
      vertex 1.3227 6.64964 7.4658
      vertex 0.664548 6.74727 7.4658
      vertex 1.25501 6.30936 7.64106
    endloop
  endfacet
  facet normal 0.160346 0.339031 0.92701
    outer loop
      vertex 2.46179 5.94328 7.64106
      vertex 2.30531 5.5655 7.80629
      vertex 3.03248 5.67337 7.64106
    endloop
  endfacet
  facet normal 0.210108 0.231823 0.949796
    outer loop
      vertex 4.25965 4.25965 7.80629
      vertex 3.52541 4.29572 7.95991
      vertex 3.92949 3.92949 7.95991
    endloop
  endfacet
  facet normal 0.989178 0.146724 0
    outer loop
      vertex 7.45489 0.734242 6.69936
      vertex 7.34703 1.46141 6.6
      vertex 7.34703 1.46141 6.69936
    endloop
  endfacet
  facet normal 0.989178 0.146724 0
    outer loop
      vertex 7.34703 1.46141 6.6
      vertex 7.45489 0.734242 6.69936
      vertex 7.45489 0.734242 6.6
    endloop
  endfacet
  facet normal 0.938456 0.0461149 0.342306
    outer loop
      vertex 7.45489 0.734242 6.69936
      vertex 7.3831 0.727171 6.89713
      vertex 7.49097 0 6.69936
    endloop
  endfacet
  facet normal 0.84937 0.401724 0.342328
    outer loop
      vertex 6.92075 2.86667 6.69936
      vertex 6.60644 3.53122 6.69936
      vertex 6.8541 2.83906 6.89713
    endloop
  endfacet
  facet normal 0.849376 0.401722 0.342316
    outer loop
      vertex 6.60644 3.53122 6.69936
      vertex 6.54282 3.49721 6.89713
      vertex 6.8541 2.83906 6.89713
    endloop
  endfacet
  facet normal 0.325568 0.438986 0.837434
    outer loop
      vertex 4.47982 5.45868 7.2822
      vertex 3.9232 5.87149 7.2822
      vertex 4.30114 5.24095 7.4658
    endloop
  endfacet
  facet normal 0.342039 0.570648 0.746572
    outer loop
      vertex 4.0419 6.04914 7.09203
      vertex 3.32881 6.22776 7.2822
      vertex 3.9232 5.87149 7.2822
    endloop
  endfacet
  facet normal 0.387107 0.23203 0.892362
    outer loop
      vertex 5.97935 3.19603 7.4658
      vertex 5.34881 3.57396 7.64106
      vertex 5.67337 3.03248 7.64106
    endloop
  endfacet
  facet normal 0.353112 0.126344 0.927011
    outer loop
      vertex 6.15596 1.86739 7.64106
      vertex 5.5655 2.30531 7.80629
      vertex 5.76466 1.74869 7.80629
    endloop
  endfacet
  facet normal 0.387099 0.232012 0.89237
    outer loop
      vertex 5.6373 3.76672 7.4658
      vertex 5.34881 3.57396 7.64106
      vertex 5.97935 3.19603 7.4658
    endloop
  endfacet
  facet normal 0.468788 0.280974 0.837431
    outer loop
      vertex 5.87149 3.9232 7.2822
      vertex 5.6373 3.76672 7.4658
      vertex 5.97935 3.19603 7.4658
    endloop
  endfacet
  facet normal 0.27788 0.25186 0.927011
    outer loop
      vertex 4.97275 4.08103 7.64106
      vertex 4.54879 4.54879 7.64106
      vertex 4.65666 3.82162 7.80629
    endloop
  endfacet
  facet normal 0.492951 0.446792 0.746576
    outer loop
      vertex 5.14437 5.14437 7.09203
      vertex 4.99329 4.99329 7.2822
      vertex 5.45868 4.47982 7.2822
    endloop
  endfacet
  facet normal 0.630988 0.696186 0.342315
    outer loop
      vertex 4.75222 5.79059 6.69936
      vertex 4.70645 5.73483 6.89713
      vertex 5.2459 5.2459 6.89713
    endloop
  endfacet
  facet normal 0.559715 0.75468 0.342312
    outer loop
      vertex 4.75222 5.79059 6.69936
      vertex 4.16176 6.22851 6.69936
      vertex 4.70645 5.73483 6.89713
    endloop
  endfacet
  facet normal 0.75468 0.559715 0.342312
    outer loop
      vertex 6.22851 4.16176 6.69936
      vertex 5.73483 4.70645 6.89713
      vertex 6.16853 4.12168 6.89713
    endloop
  endfacet
  facet normal 0.805912 0.483041 0.342311
    outer loop
      vertex 6.22851 4.16176 6.69936
      vertex 6.16853 4.12168 6.89713
      vertex 6.54282 3.49721 6.89713
    endloop
  endfacet
  facet normal -0.17243 -0.0431913 0.984074
    outer loop
      vertex -3.78168 -0.752223 8.3369
      vertex -4.27536 -1.29692 8.22649
      vertex -3.68974 -1.11927 8.3369
    endloop
  endfacet
  facet normal -0.155456 -0.209605 0.965349
    outer loop
      vertex -3.19524 -3.89342 8.10043
      vertex -3.52541 -4.29572 7.95991
      vertex -3.08738 -4.62059 7.95991
    endloop
  endfacet
  facet normal -0.104773 -0.0374912 0.993789
    outer loop
      vertex -2.41788 -0.733455 8.50663
      vertex -2.96257 -1.22714 8.43058
      vertex -2.33434 -0.966916 8.50663
    endloop
  endfacet
  facet normal -0.0808342 -0.011993 0.996655
    outer loop
      vertex -1.81358 -0.178621 8.56431
      vertex -2.51451 -0.247657 8.50663
      vertex -2.47812 -0.492929 8.50663
    endloop
  endfacet
  facet normal -0.131709 -0.119373 0.984075
    outer loop
      vertex -2.98055 -2.44607 8.3369
      vertex -3.45361 -2.83431 8.22649
      vertex -2.72644 -2.72644 8.3369
    endloop
  endfacet
  facet normal -0.0163314 -0.110075 0.993789
    outer loop
      vertex -0.247657 -2.51451 8.50663
      vertex -0.492929 -2.47812 8.50663
      vertex -0.314307 -3.19122 8.43058
    endloop
  endfacet
  facet normal 0.0769415 -0.0275308 0.996655
    outer loop
      vertex 1.74388 -0.529 8.56431
      vertex 1.68363 -0.697383 8.56431
      vertex 2.33434 -0.966916 8.50663
    endloop
  endfacet
  facet normal -0.111338 -0.185757 0.976267
    outer loop
      vertex -2.10608 -3.9402 8.22649
      vertex -2.79824 -4.18786 8.10043
      vertex -2.37428 -4.44197 8.10043
    endloop
  endfacet
  facet normal -0.370975 0.0550281 0.927011
    outer loop
      vertex -6.30936 1.25501 7.64106
      vertex -6.40199 0.63054 7.64106
      vertex -5.99505 0.590461 7.80629
    endloop
  endfacet
  facet normal -0.446431 0.0662208 0.892364
    outer loop
      vertex -6.30936 1.25501 7.64106
      vertex -6.74727 0.664548 7.4658
      vertex -6.40199 0.63054 7.64106
    endloop
  endfacet
  facet normal -0.374582 -0.0184036 0.927011
    outer loop
      vertex -6.02406 0 7.80629
      vertex -6.40199 -0.63054 7.64106
      vertex -5.99505 -0.590461 7.80629
    endloop
  endfacet
  facet normal -0.260648 -0.0128053 0.965349
    outer loop
      vertex -5.01244 -0.493682 8.10043
      vertex -5.55713 0 7.95991
      vertex -5.53037 -0.544694 7.95991
    endloop
  endfacet
  facet normal -0.75468 -0.559715 0.342312
    outer loop
      vertex -6.16853 -4.12168 6.89713
      vertex -6.22851 -4.16176 6.69936
      vertex -5.73483 -4.70645 6.89713
    endloop
  endfacet
  facet normal -0.309474 -0.0459049 0.949799
    outer loop
      vertex -5.45035 -1.08414 7.95991
      vertex -5.99505 -0.590461 7.80629
      vertex -5.90831 -1.17523 7.80629
    endloop
  endfacet
  facet normal -0.0808335 0.0119947 0.996655
    outer loop
      vertex -1.78733 0.355523 8.56431
      vertex -2.47812 0.492929 8.50663
      vertex -1.81358 0.178621 8.56431
    endloop
  endfacet
  facet normal -0.141463 -0.0209837 0.989721
    outer loop
      vertex -3.19122 -0.314307 8.43058
      vertex -3.8372 -0.377932 8.3369
      vertex -3.78168 -0.752223 8.3369
    endloop
  endfacet
  facet normal -0.175832 0.0260818 0.984075
    outer loop
      vertex -3.78168 0.752223 8.3369
      vertex -4.3819 0.871614 8.22649
      vertex -3.8372 0.377932 8.3369
    endloop
  endfacet
  facet normal -0.07927 0.0198533 0.996655
    outer loop
      vertex -2.41788 0.733455 8.50663
      vertex -2.47812 0.492929 8.50663
      vertex -1.74388 0.529 8.56431
    endloop
  endfacet
  facet normal 0.0213793 0.0158562 0.999646
    outer loop
      vertex 0.850681 0.698135 8.60308
      vertex 0.284473 0.233461 8.62256
      vertex 0.915014 0.611393 8.60308
    endloop
  endfacet
  facet normal 0.0954493 0.0572087 0.993789
    outer loop
      vertex 2.66624 1.78153 8.43058
      vertex 2.22833 1.19107 8.50663
      vertex 2.82802 1.51161 8.43058
    endloop
  endfacet
  facet normal -0.235909 0.111577 0.965348
    outer loop
      vertex -4.44197 2.37428 8.10043
      vertex -4.90095 2.61961 7.95991
      vertex -4.6533 1.92746 8.10043
    endloop
  endfacet
  facet normal -0.0263294 0.00390552 0.999646
    outer loop
      vertex -0.360936 0.0717945 8.62256
      vertex -1.09518 0.107865 8.60308
      vertex -0.366235 0.0360708 8.62256
    endloop
  endfacet
  facet normal -0.00896689 -0.0250617 0.999646
    outer loop
      vertex -0.14083 -0.339994 8.62256
      vertex -0.319451 -1.05309 8.60308
      vertex -0.106827 -0.35216 8.62256
    endloop
  endfacet
  facet normal -0.0548787 0.0605505 0.996655
    outer loop
      vertex -1.6029 1.95315 8.50663
      vertex -1.78663 1.78663 8.50663
      vertex -1.15609 1.4087 8.56431
    endloop
  endfacet
  facet normal 0.0260818 0.175832 0.984075
    outer loop
      vertex 0.871614 4.3819 8.22649
      vertex 0.377932 3.8372 8.3369
      vertex 0.752223 3.78168 8.3369
    endloop
  endfacet
  facet normal -0.40799 0.19296 0.892362
    outer loop
      vertex -5.67337 3.03248 7.64106
      vertex -5.97935 3.19603 7.4658
      vertex -5.94328 2.46179 7.64106
    endloop
  endfacet
  facet normal -0.268355 0.160843 0.949797
    outer loop
      vertex -5.00882 3.34679 7.80629
      vertex -5.31274 2.83972 7.80629
      vertex -4.62059 3.08738 7.95991
    endloop
  endfacet
  facet normal -0.387107 0.23203 0.892362
    outer loop
      vertex -5.34881 3.57396 7.64106
      vertex -5.97935 3.19603 7.4658
      vertex -5.67337 3.03248 7.64106
    endloop
  endfacet
  facet normal -0.185757 0.111338 0.976267
    outer loop
      vertex -4.18786 2.79824 8.10043
      vertex -4.44197 2.37428 8.10043
      vertex -3.9402 2.10608 8.22649
    endloop
  endfacet
  facet normal -0.137868 0.929406 0.34234
    outer loop
      vertex -0.727171 7.3831 6.89713
      vertex -1.46141 7.34703 6.69936
      vertex -1.44734 7.27627 6.89713
    endloop
  endfacet
  facet normal -0.427556 0.903989 0
    outer loop
      vertex -2.86667 6.92075 6.6
      vertex -3.53122 6.60644 6.69936
      vertex -2.86667 6.92075 6.69936
    endloop
  endfacet
  facet normal -0.427556 0.903989 0
    outer loop
      vertex -3.53122 6.60644 6.69936
      vertex -2.86667 6.92075 6.6
      vertex -3.53122 6.60644 6.6
    endloop
  endfacet
  facet normal -0.334395 0.303083 0.892368
    outer loop
      vertex -4.54879 4.54879 7.64106
      vertex -5.24095 4.30114 7.4658
      vertex -4.97275 4.08103 7.64106
    endloop
  endfacet
  facet normal -0.362492 0.26884 0.89237
    outer loop
      vertex -5.24095 4.30114 7.4658
      vertex -5.6373 3.76672 7.4658
      vertex -5.34881 3.57396 7.64106
    endloop
  endfacet
  facet normal -0.494051 0.233674 0.837443
    outer loop
      vertex -6.22776 3.32881 7.2822
      vertex -6.26383 2.59456 7.4658
      vertex -5.97935 3.19603 7.4658
    endloop
  endfacet
  facet normal -0.468768 0.280974 0.837443
    outer loop
      vertex -5.87149 3.9232 7.2822
      vertex -6.22776 3.32881 7.2822
      vertex -5.97935 3.19603 7.4658
    endloop
  endfacet
  facet normal -0.998795 -0.0490799 0
    outer loop
      vertex -7.45489 -0.734242 6.6
      vertex -7.49097 0 6.69936
      vertex -7.49097 0 6.6
    endloop
  endfacet
  facet normal -0.998795 -0.0490799 0
    outer loop
      vertex -7.49097 0 6.69936
      vertex -7.45489 -0.734242 6.6
      vertex -7.45489 -0.734242 6.69936
    endloop
  endfacet
  facet normal -0.938438 0.0460978 0.342359
    outer loop
      vertex -7.3831 0.727171 6.89713
      vertex -7.49097 0 6.69936
      vertex -7.41882 0 6.89713
    endloop
  endfacet
  facet normal -0.796723 0.118183 0.592677
    outer loop
      vertex -7.13544 1.41933 7.09203
      vertex -7.27627 1.44734 6.89713
      vertex -7.2402 0.713098 7.09203
    endloop
  endfacet
  facet normal -0.658106 0.097627 0.746569
    outer loop
      vertex -6.92589 1.37765 7.2822
      vertex -7.13544 1.41933 7.09203
      vertex -7.02758 0.692156 7.2822
    endloop
  endfacet
  facet normal -0.796717 0.118185 0.592684
    outer loop
      vertex -7.27627 1.44734 6.89713
      vertex -7.3831 0.727171 6.89713
      vertex -7.2402 0.713098 7.09203
    endloop
  endfacet
  facet normal -0.446435 0.0662239 0.892362
    outer loop
      vertex -6.64964 1.3227 7.4658
      vertex -6.74727 0.664548 7.4658
      vertex -6.30936 1.25501 7.64106
    endloop
  endfacet
  facet normal -0.437793 0.109666 0.892362
    outer loop
      vertex -6.15596 1.86739 7.64106
      vertex -6.64964 1.3227 7.4658
      vertex -6.30936 1.25501 7.64106
    endloop
  endfacet
  facet normal -0.424923 0.152042 0.89237
    outer loop
      vertex -6.26383 2.59456 7.4658
      vertex -6.48798 1.96811 7.4658
      vertex -6.15596 1.86739 7.64106
    endloop
  endfacet
  facet normal -0.514593 0.184126 0.837432
    outer loop
      vertex -6.26383 2.59456 7.4658
      vertex -6.75751 2.04987 7.2822
      vertex -6.48798 1.96811 7.4658
    endloop
  endfacet
  facet normal -0.84937 0.401724 0.342328
    outer loop
      vertex -6.60644 3.53122 6.69936
      vertex -6.92075 2.86667 6.69936
      vertex -6.8541 2.83906 6.89713
    endloop
  endfacet
  facet normal -0.728098 0.344363 0.592695
    outer loop
      vertex -6.54282 3.49721 6.89713
      vertex -6.8541 2.83906 6.89713
      vertex -6.41618 3.42952 7.09203
    endloop
  endfacet
  facet normal -0.438986 0.325568 0.837434
    outer loop
      vertex -5.45868 4.47982 7.2822
      vertex -5.87149 3.9232 7.2822
      vertex -5.24095 4.30114 7.4658
    endloop
  endfacet
  facet normal -0.479799 0.64693 0.592684
    outer loop
      vertex -4.0419 6.04914 7.09203
      vertex -4.70645 5.73483 6.89713
      vertex -4.61536 5.62383 7.09203
    endloop
  endfacet
  facet normal -0.781303 0.195705 0.592676
    outer loop
      vertex -7.09937 2.15357 6.89713
      vertex -7.27627 1.44734 6.89713
      vertex -7.13544 1.41933 7.09203
    endloop
  endfacet
  facet normal -0.781294 0.195707 0.592687
    outer loop
      vertex -7.09937 2.15357 6.89713
      vertex -7.13544 1.41933 7.09203
      vertex -6.96196 2.11189 7.09203
    endloop
  endfacet
  facet normal -0.941544 0.336891 0
    outer loop
      vertex -7.16841 2.17451 6.6
      vertex -6.92075 2.86667 6.69936
      vertex -6.92075 2.86667 6.6
    endloop
  endfacet
  facet normal -0.941544 0.336891 0
    outer loop
      vertex -6.92075 2.86667 6.69936
      vertex -7.16841 2.17451 6.6
      vertex -7.16841 2.17451 6.69936
    endloop
  endfacet
  facet normal -0.970032 0.242977 0
    outer loop
      vertex -7.34703 1.46141 6.6
      vertex -7.16841 2.17451 6.69936
      vertex -7.16841 2.17451 6.6
    endloop
  endfacet
  facet normal -0.970032 0.242977 0
    outer loop
      vertex -7.16841 2.17451 6.69936
      vertex -7.34703 1.46141 6.6
      vertex -7.34703 1.46141 6.69936
    endloop
  endfacet
  facet normal -0.427556 -0.903989 0
    outer loop
      vertex -3.53122 -6.60644 6.6
      vertex -2.86667 -6.92075 6.69936
      vertex -3.53122 -6.60644 6.69936
    endloop
  endfacet
  facet normal -0.427556 -0.903989 -0
    outer loop
      vertex -2.86667 -6.92075 6.69936
      vertex -3.53122 -6.60644 6.6
      vertex -2.86667 -6.92075 6.6
    endloop
  endfacet
  facet normal -0.514102 -0.857729 0
    outer loop
      vertex -4.16176 -6.22851 6.6
      vertex -3.53122 -6.60644 6.69936
      vertex -4.16176 -6.22851 6.69936
    endloop
  endfacet
  facet normal -0.514102 -0.857729 -0
    outer loop
      vertex -3.53122 -6.60644 6.69936
      vertex -4.16176 -6.22851 6.6
      vertex -3.53122 -6.60644 6.6
    endloop
  endfacet
  facet normal -0.728105 -0.344372 0.592681
    outer loop
      vertex -6.72144 -2.78411 7.09203
      vertex -6.8541 -2.83906 6.89713
      vertex -6.41618 -3.42952 7.09203
    endloop
  endfacet
  facet normal -0.796717 -0.118185 0.592684
    outer loop
      vertex -7.2402 -0.713098 7.09203
      vertex -7.3831 -0.727171 6.89713
      vertex -7.27627 -1.44734 6.89713
    endloop
  endfacet
  facet normal -0.911418 -0.228297 0.342341
    outer loop
      vertex -7.09937 -2.15357 6.89713
      vertex -7.27627 -1.44734 6.89713
      vertex -7.16841 -2.17451 6.69936
    endloop
  endfacet
  facet normal -0.903989 -0.427556 0
    outer loop
      vertex -6.60644 -3.53122 6.6
      vertex -6.92075 -2.86667 6.69936
      vertex -6.92075 -2.86667 6.6
    endloop
  endfacet
  facet normal -0.903989 -0.427556 0
    outer loop
      vertex -6.92075 -2.86667 6.69936
      vertex -6.60644 -3.53122 6.6
      vertex -6.60644 -3.53122 6.69936
    endloop
  endfacet
  facet normal -0.84937 -0.401724 0.342328
    outer loop
      vertex -6.8541 -2.83906 6.89713
      vertex -6.92075 -2.86667 6.69936
      vertex -6.60644 -3.53122 6.69936
    endloop
  endfacet
  facet normal -0.446797 -0.492972 0.746559
    outer loop
      vertex -4.47982 -5.45868 7.2822
      vertex -5.14437 -5.14437 7.09203
      vertex -4.61536 -5.62383 7.09203
    endloop
  endfacet
  facet normal -0.483042 -0.805909 0.342318
    outer loop
      vertex -3.49721 -6.54282 6.89713
      vertex -4.16176 -6.22851 6.69936
      vertex -3.53122 -6.60644 6.69936
    endloop
  endfacet
  facet normal -0.404964 -0.367038 0.837429
    outer loop
      vertex -4.79413 -4.79413 7.4658
      vertex -5.24095 -4.30114 7.4658
      vertex -4.99329 -4.99329 7.2822
    endloop
  endfacet
  facet normal -0.540906 -0.596796 0.592668
    outer loop
      vertex -5.14437 -5.14437 7.09203
      vertex -5.2459 -5.2459 6.89713
      vertex -4.70645 -5.73483 6.89713
    endloop
  endfacet
  facet normal -0.325568 -0.438986 0.837434
    outer loop
      vertex -4.30114 -5.24095 7.4658
      vertex -4.47982 -5.45868 7.2822
      vertex -3.9232 -5.87149 7.2822
    endloop
  endfacet
  facet normal -0.26884 -0.362492 0.89237
    outer loop
      vertex -3.57396 -5.34881 7.64106
      vertex -4.30114 -5.24095 7.4658
      vertex -3.76672 -5.6373 7.4658
    endloop
  endfacet
  facet normal -0.129009 -0.173948 0.976268
    outer loop
      vertex -2.48215 -3.71479 8.22649
      vertex -2.83431 -3.45361 8.22649
      vertex -2.79824 -4.18786 8.10043
    endloop
  endfacet
  facet normal -0.152468 -0.0913867 0.984074
    outer loop
      vertex -3.40049 -1.8176 8.3369
      vertex -3.9402 -2.10608 8.22649
      vertex -3.20596 -2.14215 8.3369
    endloop
  endfacet
  facet normal -0.134651 -0.0481767 0.989721
    outer loop
      vertex -2.96257 -1.22714 8.43058
      vertex -3.68974 -1.11927 8.3369
      vertex -3.56227 -1.47554 8.3369
    endloop
  endfacet
  facet normal -0.25314 -0.0634082 0.965349
    outer loop
      vertex -4.81981 -1.46207 8.10043
      vertex -5.45035 -1.08414 7.95991
      vertex -5.31784 -1.61315 7.95991
    endloop
  endfacet
  facet normal 0.10589 -0.142776 0.984074
    outer loop
      vertex 2.83431 -3.45361 8.22649
      vertex 2.14215 -3.20596 8.3369
      vertex 2.48215 -3.71479 8.22649
    endloop
  endfacet
  facet normal 0.105891 -0.142773 0.984075
    outer loop
      vertex 2.44607 -2.98055 8.3369
      vertex 2.14215 -3.20596 8.3369
      vertex 2.83431 -3.45361 8.22649
    endloop
  endfacet
  facet normal -0.133768 -0.282825 0.949798
    outer loop
      vertex -2.12662 -5.13412 7.95991
      vertex -2.61961 -4.90095 7.95991
      vertex -2.30531 -5.5655 7.80629
    endloop
  endfacet
  facet normal -0.0475803 -0.100596 0.993789
    outer loop
      vertex -1.19107 -2.22833 8.50663
      vertex -1.51161 -2.82802 8.43058
      vertex -1.22714 -2.96257 8.43058
    endloop
  endfacet
  facet normal -0.223413 -0.301235 0.927008
    outer loop
      vertex -3.34679 -5.00882 7.80629
      vertex -3.82162 -4.65666 7.80629
      vertex -3.57396 -5.34881 7.64106
    endloop
  endfacet
  facet normal 0.0221399 -0.450763 0.892369
    outer loop
      vertex 0 -6.43296 7.64106
      vertex 0 -6.77992 7.4658
      vertex 0.63054 -6.40199 7.64106
    endloop
  endfacet
  facet normal -0.129277 -0.0611459 0.989722
    outer loop
      vertex -2.96257 -1.22714 8.43058
      vertex -3.40049 -1.8176 8.3369
      vertex -2.82802 -1.51161 8.43058
    endloop
  endfacet
  facet normal 0.0163265 -0.110074 0.993789
    outer loop
      vertex 0.492929 -2.47812 8.50663
      vertex 0.314307 -3.19122 8.43058
      vertex 0.625588 -3.14505 8.43058
    endloop
  endfacet
  facet normal 0.0178753 -0.0197223 0.999646
    outer loop
      vertex 0.778155 -0.778155 8.60308
      vertex 0.260221 -0.260221 8.62256
      vertex 0.698135 -0.850681 8.60308
    endloop
  endfacet
  facet normal -0.0700925 -0.0420125 0.996655
    outer loop
      vertex -1.60717 -0.85905 8.56431
      vertex -2.10085 -1.40374 8.50663
      vertex -1.51523 -1.01244 8.56431
    endloop
  endfacet
  facet normal 0.122663 0.0735221 0.989721
    outer loop
      vertex 3.20596 2.14215 8.3369
      vertex 2.66624 1.78153 8.43058
      vertex 3.40049 1.8176 8.3369
    endloop
  endfacet
  facet normal 0.0816207 -0.00400759 0.996655
    outer loop
      vertex 2.52667 0 8.50663
      vertex 1.81358 -0.178621 8.56431
      vertex 2.51451 -0.247657 8.50663
    endloop
  endfacet
  facet normal -0.00390552 -0.0263294 0.999646
    outer loop
      vertex -0.0717945 -0.360936 8.62256
      vertex -0.107865 -1.09518 8.60308
      vertex -0.0360708 -0.366235 8.62256
    endloop
  endfacet
  facet normal 0.145439 -0.160467 0.976267
    outer loop
      vertex 3.56148 -3.56148 8.10043
      vertex 2.83431 -3.45361 8.22649
      vertex 3.19524 -3.89342 8.10043
    endloop
  endfacet
  facet normal -0.0760196 -0.303487 0.949798
    outer loop
      vertex -1.61315 -5.31784 7.95991
      vertex -1.74869 -5.76466 7.80629
      vertex -1.08414 -5.45035 7.95991
    endloop
  endfacet
  facet normal -0.0153527 -0.312485 0.949799
    outer loop
      vertex -0.544694 -5.53037 7.95991
      vertex -0.590461 -5.99505 7.80629
      vertex 0 -6.02406 7.80629
    endloop
  endfacet
  facet normal -0.161655 -0.64537 0.746569
    outer loop
      vertex -1.37765 -6.92589 7.2822
      vertex -2.04987 -6.75751 7.2822
      vertex -1.41933 -7.13544 7.09203
    endloop
  endfacet
  facet normal -0.0976228 -0.658117 0.74656
    outer loop
      vertex -0.692156 -7.02758 7.2822
      vertex -1.41933 -7.13544 7.09203
      vertex -0.713098 -7.2402 7.09203
    endloop
  endfacet
  facet normal 0.0209822 -0.141464 0.989721
    outer loop
      vertex 0.625588 -3.14505 8.43058
      vertex 0.314307 -3.19122 8.43058
      vertex 0.752223 -3.78168 8.3369
    endloop
  endfacet
  facet normal 0.0128031 -0.260647 0.965349
    outer loop
      vertex 0 -5.03669 8.10043
      vertex 0 -5.55713 7.95991
      vertex 0.493682 -5.01244 8.10043
    endloop
  endfacet
  facet normal -0.0611459 -0.129277 0.989722
    outer loop
      vertex -1.51161 -2.82802 8.43058
      vertex -1.8176 -3.40049 8.3369
      vertex -1.22714 -2.96257 8.43058
    endloop
  endfacet
  facet normal -0.0808335 -0.0119947 0.996655
    outer loop
      vertex -1.81358 -0.178621 8.56431
      vertex -2.47812 -0.492929 8.50663
      vertex -1.78733 -0.355523 8.56431
    endloop
  endfacet
  facet normal -0.260647 0.0128031 0.965349
    outer loop
      vertex -5.01244 0.493682 8.10043
      vertex -5.55713 0 7.95991
      vertex -5.03669 0 8.10043
    endloop
  endfacet
  facet normal -0.260647 -0.0128031 0.965349
    outer loop
      vertex -5.03669 0 8.10043
      vertex -5.55713 0 7.95991
      vertex -5.01244 -0.493682 8.10043
    endloop
  endfacet
  facet normal -0.401722 -0.849376 0.342316
    outer loop
      vertex -3.49721 -6.54282 6.89713
      vertex -3.53122 -6.60644 6.69936
      vertex -2.83906 -6.8541 6.89713
    endloop
  endfacet
  facet normal -0.414067 -0.690841 0.592695
    outer loop
      vertex -3.42952 -6.41618 7.09203
      vertex -4.0419 -6.04914 7.09203
      vertex -3.49721 -6.54282 6.89713
    endloop
  endfacet
  facet normal -0.316537 -0.884656 0.342327
    outer loop
      vertex -2.83906 -6.8541 6.89713
      vertex -2.86667 -6.92075 6.69936
      vertex -2.17451 -7.16841 6.69936
    endloop
  endfacet
  facet normal -0.401724 -0.84937 0.342328
    outer loop
      vertex -2.83906 -6.8541 6.89713
      vertex -3.53122 -6.60644 6.69936
      vertex -2.86667 -6.92075 6.69936
    endloop
  endfacet
  facet normal 0.316537 -0.884656 0.342327
    outer loop
      vertex 2.83906 -6.8541 6.89713
      vertex 2.17451 -7.16841 6.69936
      vertex 2.86667 -6.92075 6.69936
    endloop
  endfacet
  facet normal 0.118185 -0.796717 0.592684
    outer loop
      vertex 1.44734 -7.27627 6.89713
      vertex 0.713098 -7.2402 7.09203
      vertex 0.727171 -7.3831 6.89713
    endloop
  endfacet
  facet normal 0.0490799 -0.998795 0
    outer loop
      vertex 0 -7.49097 6.6
      vertex 0.734242 -7.45489 6.69936
      vertex 0 -7.49097 6.69936
    endloop
  endfacet
  facet normal 0.0490799 -0.998795 0
    outer loop
      vertex 0.734242 -7.45489 6.69936
      vertex 0 -7.49097 6.6
      vertex 0.734242 -7.45489 6.6
    endloop
  endfacet
  facet normal 0.25186 -0.27788 0.927011
    outer loop
      vertex 4.54879 -4.54879 7.64106
      vertex 3.82162 -4.65666 7.80629
      vertex 4.08103 -4.97275 7.64106
    endloop
  endfacet
  facet normal 0.26884 -0.362498 0.892368
    outer loop
      vertex 4.08103 -4.97275 7.64106
      vertex 3.57396 -5.34881 7.64106
      vertex 4.30114 -5.24095 7.4658
    endloop
  endfacet
  facet normal 0.133768 -0.282825 0.949798
    outer loop
      vertex 2.61961 -4.90095 7.95991
      vertex 2.12662 -5.13412 7.95991
      vertex 2.30531 -5.5655 7.80629
    endloop
  endfacet
  facet normal 0.303083 -0.334395 0.892368
    outer loop
      vertex 4.54879 -4.54879 7.64106
      vertex 4.08103 -4.97275 7.64106
      vertex 4.30114 -5.24095 7.4658
    endloop
  endfacet
  facet normal 0.00545989 -0.111145 0.993789
    outer loop
      vertex 0 -2.52667 8.50663
      vertex 0 -3.20666 8.43058
      vertex 0.314307 -3.19122 8.43058
    endloop
  endfacet
  facet normal 0.129011 -0.173949 0.976267
    outer loop
      vertex 2.83431 -3.45361 8.22649
      vertex 2.79824 -4.18786 8.10043
      vertex 3.19524 -3.89342 8.10043
    endloop
  endfacet
  facet normal 0.134159 -0.223839 0.965348
    outer loop
      vertex 3.08738 -4.62059 7.95991
      vertex 2.37428 -4.44197 8.10043
      vertex 2.61961 -4.90095 7.95991
    endloop
  endfacet
  facet normal 0.0851926 -0.114865 0.989721
    outer loop
      vertex 2.44607 -2.98055 8.3369
      vertex 1.78153 -2.66624 8.43058
      vertex 2.14215 -3.20596 8.3369
    endloop
  endfacet
  facet normal 0.28446 -0.601433 0.746566
    outer loop
      vertex 3.42952 -6.41618 7.09203
      vertex 2.70235 -6.52405 7.2822
      vertex 2.78411 -6.72144 7.09203
    endloop
  endfacet
  facet normal 0.192808 -0.321672 0.927012
    outer loop
      vertex 3.57396 -5.34881 7.64106
      vertex 2.83972 -5.31274 7.80629
      vertex 3.03248 -5.67337 7.64106
    endloop
  endfacet
  facet normal 0.344372 -0.728105 0.592681
    outer loop
      vertex 3.42952 -6.41618 7.09203
      vertex 2.78411 -6.72144 7.09203
      vertex 2.83906 -6.8541 6.89713
    endloop
  endfacet
  facet normal 0.0183986 -0.374589 0.927008
    outer loop
      vertex 0 -6.02406 7.80629
      vertex 0 -6.43296 7.64106
      vertex 0.63054 -6.40199 7.64106
    endloop
  endfacet
  facet normal -0.0184036 -0.374582 0.927011
    outer loop
      vertex -0.590461 -5.99505 7.80629
      vertex -0.63054 -6.40199 7.64106
      vertex 0 -6.02406 7.80629
    endloop
  endfacet
  facet normal 0.184122 -0.514589 0.837435
    outer loop
      vertex 2.59456 -6.26383 7.4658
      vertex 2.04987 -6.75751 7.2822
      vertex 2.70235 -6.52405 7.2822
    endloop
  endfacet
  facet normal 0.184126 -0.514593 0.837432
    outer loop
      vertex 2.59456 -6.26383 7.4658
      vertex 1.96811 -6.48798 7.4658
      vertex 2.04987 -6.75751 7.2822
    endloop
  endfacet
  facet normal -0.146724 -0.989178 0
    outer loop
      vertex -1.46141 -7.34703 6.6
      vertex -0.734242 -7.45489 6.69936
      vertex -1.46141 -7.34703 6.69936
    endloop
  endfacet
  facet normal -0.146724 -0.989178 -0
    outer loop
      vertex -0.734242 -7.45489 6.69936
      vertex -1.46141 -7.34703 6.6
      vertex -0.734242 -7.45489 6.6
    endloop
  endfacet
  facet normal -0.0461149 -0.938456 0.342306
    outer loop
      vertex -0.727171 -7.3831 6.89713
      vertex -0.734242 -7.45489 6.69936
      vertex 0 -7.49097 6.69936
    endloop
  endfacet
  facet normal -0.19296 -0.40799 0.892362
    outer loop
      vertex -3.03248 -5.67337 7.64106
      vertex -3.19603 -5.97935 7.4658
      vertex -2.46179 -5.94328 7.64106
    endloop
  endfacet
  facet normal -0.280974 -0.468768 0.837443
    outer loop
      vertex -3.19603 -5.97935 7.4658
      vertex -3.9232 -5.87149 7.2822
      vertex -3.32881 -6.22776 7.2822
    endloop
  endfacet
  facet normal -0.0395184 -0.804467 0.592681
    outer loop
      vertex 0 -7.27523 7.09203
      vertex -0.713098 -7.2402 7.09203
      vertex 0 -7.41882 6.89713
    endloop
  endfacet
  facet normal -0.27134 -0.758352 0.592686
    outer loop
      vertex -2.11189 -6.96196 7.09203
      vertex -2.83906 -6.8541 6.89713
      vertex -2.15357 -7.09937 6.89713
    endloop
  endfacet
  facet normal 0.91142 0.228296 0.342338
    outer loop
      vertex 7.34703 1.46141 6.69936
      vertex 7.16841 2.17451 6.69936
      vertex 7.27627 1.44734 6.89713
    endloop
  endfacet
  facet normal 0.13786 -0.92942 0.342306
    outer loop
      vertex 1.46141 -7.34703 6.69936
      vertex 0.727171 -7.3831 6.89713
      vertex 0.734242 -7.45489 6.69936
    endloop
  endfacet
  facet normal 0.658106 0.097627 0.746569
    outer loop
      vertex 7.13544 1.41933 7.09203
      vertex 6.92589 1.37765 7.2822
      vertex 7.02758 0.692156 7.2822
    endloop
  endfacet
  facet normal 0.64537 0.161655 0.746569
    outer loop
      vertex 7.13544 1.41933 7.09203
      vertex 6.75751 2.04987 7.2822
      vertex 6.92589 1.37765 7.2822
    endloop
  endfacet
  facet normal 0.446435 0.0662239 0.892362
    outer loop
      vertex 6.64964 1.3227 7.4658
      vertex 6.30936 1.25501 7.64106
      vertex 6.74727 0.664548 7.4658
    endloop
  endfacet
  facet normal 0.446431 0.0662208 0.892364
    outer loop
      vertex 6.74727 0.664548 7.4658
      vertex 6.30936 1.25501 7.64106
      vertex 6.40199 0.63054 7.64106
    endloop
  endfacet
  facet normal 0.664517 0.0326435 0.74656
    outer loop
      vertex 7.2402 0.713098 7.09203
      vertex 7.02758 0.692156 7.2822
      vertex 7.27523 0 7.09203
    endloop
  endfacet
  facet normal 0.664515 0.0326422 0.746562
    outer loop
      vertex 7.27523 0 7.09203
      vertex 7.02758 0.692156 7.2822
      vertex 7.06158 0 7.2822
    endloop
  endfacet
  facet normal 0.446435 -0.0662239 0.892362
    outer loop
      vertex 6.74727 -0.664548 7.4658
      vertex 6.30936 -1.25501 7.64106
      vertex 6.64964 -1.3227 7.4658
    endloop
  endfacet
  facet normal 0.309475 -0.0459068 0.949799
    outer loop
      vertex 5.53037 -0.544694 7.95991
      vertex 5.45035 -1.08414 7.95991
      vertex 5.99505 -0.590461 7.80629
    endloop
  endfacet
  facet normal 0.84937 -0.401724 0.342328
    outer loop
      vertex 6.8541 -2.83906 6.89713
      vertex 6.60644 -3.53122 6.69936
      vertex 6.92075 -2.86667 6.69936
    endloop
  endfacet
  facet normal 0.353113 -0.126346 0.92701
    outer loop
      vertex 6.15596 -1.86739 7.64106
      vertex 5.5655 -2.30531 7.80629
      vertex 5.94328 -2.46179 7.64106
    endloop
  endfacet
  facet normal 0.407976 -0.192962 0.892368
    outer loop
      vertex 6.26383 -2.59456 7.4658
      vertex 5.94328 -2.46179 7.64106
      vertex 5.97935 -3.19603 7.4658
    endloop
  endfacet
  facet normal 0.339031 -0.160346 0.92701
    outer loop
      vertex 5.94328 -2.46179 7.64106
      vertex 5.5655 -2.30531 7.80629
      vertex 5.67337 -3.03248 7.64106
    endloop
  endfacet
  facet normal 0.339023 -0.160348 0.927013
    outer loop
      vertex 5.5655 -2.30531 7.80629
      vertex 5.31274 -2.83972 7.80629
      vertex 5.67337 -3.03248 7.64106
    endloop
  endfacet
  facet normal 0.884656 -0.316537 0.342327
    outer loop
      vertex 7.16841 -2.17451 6.69936
      vertex 6.8541 -2.83906 6.89713
      vertex 6.92075 -2.86667 6.69936
    endloop
  endfacet
  facet normal 0.803204 -0.595704 0
    outer loop
      vertex 5.79059 -4.75222 6.69936
      vertex 6.22851 -4.16176 6.6
      vertex 6.22851 -4.16176 6.69936
    endloop
  endfacet
  facet normal 0.803204 -0.595704 0
    outer loop
      vertex 6.22851 -4.16176 6.6
      vertex 5.79059 -4.75222 6.69936
      vertex 5.79059 -4.75222 6.6
    endloop
  endfacet
  facet normal 0.483042 -0.805909 0.342318
    outer loop
      vertex 4.16176 -6.22851 6.69936
      vertex 3.49721 -6.54282 6.89713
      vertex 3.53122 -6.60644 6.69936
    endloop
  endfacet
  facet normal 0.626426 -0.224135 0.746562
    outer loop
      vertex 6.75751 -2.04987 7.2822
      vertex 6.72144 -2.78411 7.09203
      vertex 6.96196 -2.11189 7.09203
    endloop
  endfacet
  facet normal 0.62642 -0.224136 0.746566
    outer loop
      vertex 6.75751 -2.04987 7.2822
      vertex 6.52405 -2.70235 7.2822
      vertex 6.72144 -2.78411 7.09203
    endloop
  endfacet
  facet normal 0.805912 -0.483041 0.342311
    outer loop
      vertex 6.54282 -3.49721 6.89713
      vertex 6.16853 -4.12168 6.89713
      vertex 6.22851 -4.16176 6.69936
    endloop
  endfacet
  facet normal 0.690844 -0.414073 0.592687
    outer loop
      vertex 6.54282 -3.49721 6.89713
      vertex 6.04914 -4.0419 7.09203
      vertex 6.16853 -4.12168 6.89713
    endloop
  endfacet
  facet normal 0.857729 -0.514102 0
    outer loop
      vertex 6.22851 -4.16176 6.69936
      vertex 6.60644 -3.53122 6.6
      vertex 6.60644 -3.53122 6.69936
    endloop
  endfacet
  facet normal 0.857729 -0.514102 0
    outer loop
      vertex 6.60644 -3.53122 6.6
      vertex 6.22851 -4.16176 6.69936
      vertex 6.22851 -4.16176 6.6
    endloop
  endfacet
  facet normal 0.884653 -0.316531 0.34234
    outer loop
      vertex 7.09937 -2.15357 6.89713
      vertex 6.8541 -2.83906 6.89713
      vertex 7.16841 -2.17451 6.69936
    endloop
  endfacet
  facet normal 0.534388 -0.396332 0.746559
    outer loop
      vertex 6.04914 -4.0419 7.09203
      vertex 5.45868 -4.47982 7.2822
      vertex 5.62383 -4.61536 7.09203
    endloop
  endfacet
  facet normal 0.396317 -0.534381 0.746572
    outer loop
      vertex 4.47982 -5.45868 7.2822
      vertex 3.9232 -5.87149 7.2822
      vertex 4.0419 -6.04914 7.09203
    endloop
  endfacet
  facet normal 0.362498 -0.26884 0.892368
    outer loop
      vertex 5.34881 -3.57396 7.64106
      vertex 4.97275 -4.08103 7.64106
      vertex 5.24095 -4.30114 7.4658
    endloop
  endfacet
  facet normal 0.438988 -0.325573 0.837431
    outer loop
      vertex 5.6373 -3.76672 7.4658
      vertex 5.24095 -4.30114 7.4658
      vertex 5.87149 -3.9232 7.2822
    endloop
  endfacet
  facet normal 0.231817 -0.210108 0.949798
    outer loop
      vertex 4.29572 -3.52541 7.95991
      vertex 4.25965 -4.25965 7.80629
      vertex 4.65666 -3.82162 7.80629
    endloop
  endfacet
  facet normal 0.268355 -0.160843 0.949797
    outer loop
      vertex 5.31274 -2.83972 7.80629
      vertex 4.62059 -3.08738 7.95991
      vertex 5.00882 -3.34679 7.80629
    endloop
  endfacet
  facet normal 0.185757 -0.111338 0.976267
    outer loop
      vertex 4.44197 -2.37428 8.10043
      vertex 3.9402 -2.10608 8.22649
      vertex 4.18786 -2.79824 8.10043
    endloop
  endfacet
  facet normal 0.235909 -0.111577 0.965348
    outer loop
      vertex 4.6533 -1.92746 8.10043
      vertex 4.44197 -2.37428 8.10043
      vertex 4.90095 -2.61961 7.95991
    endloop
  endfacet
  facet normal -0.0136842 -0.0228306 0.999646
    outer loop
      vertex -0.173477 -0.324553 8.62256
      vertex -0.611393 -0.915014 8.60308
      vertex -0.518762 -0.970535 8.60308
    endloop
  endfacet
  facet normal -0.114865 0.0851926 0.989721
    outer loop
      vertex -2.98055 2.44607 8.3369
      vertex -3.20596 2.14215 8.3369
      vertex -2.66624 1.78153 8.43058
    endloop
  endfacet
  facet normal -0.0229568 0.0485398 0.998557
    outer loop
      vertex -0.697383 1.68363 8.56431
      vertex -0.85905 1.60717 8.56431
      vertex -0.518762 0.970535 8.60308
    endloop
  endfacet
  facet normal 0.25314 -0.0634092 0.965349
    outer loop
      vertex 4.93991 -0.98261 8.10043
      vertex 4.81981 -1.46207 8.10043
      vertex 5.45035 -1.08414 7.95991
    endloop
  endfacet
  facet normal 0.214227 -0.0317795 0.976267
    outer loop
      vertex 5.01244 -0.493682 8.10043
      vertex 4.3819 -0.871614 8.22649
      vertex 4.93991 -0.98261 8.10043
    endloop
  endfacet
  facet normal 0.309474 0.0459049 0.949799
    outer loop
      vertex 5.90831 1.17523 7.80629
      vertex 5.45035 1.08414 7.95991
      vertex 5.99505 0.590461 7.80629
    endloop
  endfacet
  facet normal 0.312485 0.0153527 0.949799
    outer loop
      vertex 5.99505 0.590461 7.80629
      vertex 5.53037 0.544694 7.95991
      vertex 6.02406 0 7.80629
    endloop
  endfacet
  facet normal 0.25314 0.0634082 0.965349
    outer loop
      vertex 5.31784 1.61315 7.95991
      vertex 4.81981 1.46207 8.10043
      vertex 5.45035 1.08414 7.95991
    endloop
  endfacet
  facet normal 0.40799 0.19296 0.892362
    outer loop
      vertex 5.97935 3.19603 7.4658
      vertex 5.67337 3.03248 7.64106
      vertex 5.94328 2.46179 7.64106
    endloop
  endfacet
  facet normal 0.24571 0.0879116 0.965349
    outer loop
      vertex 5.13412 2.12662 7.95991
      vertex 4.6533 1.92746 8.10043
      vertex 4.81981 1.46207 8.10043
    endloop
  endfacet
  facet normal 0.303487 0.0760196 0.949798
    outer loop
      vertex 5.76466 1.74869 7.80629
      vertex 5.31784 1.61315 7.95991
      vertex 5.45035 1.08414 7.95991
    endloop
  endfacet
  facet normal 0.167367 0.0598824 0.984074
    outer loop
      vertex 4.27536 1.29692 8.22649
      vertex 3.56227 1.47554 8.3369
      vertex 3.68974 1.11927 8.3369
    endloop
  endfacet
  facet normal 0.074732 0.0824516 0.993789
    outer loop
      vertex 2.03429 2.47878 8.43058
      vertex 1.6029 1.95315 8.50663
      vertex 2.26745 2.26745 8.43058
    endloop
  endfacet
  facet normal 0.214225 0.0317757 0.976267
    outer loop
      vertex 5.01244 0.493682 8.10043
      vertex 4.3819 0.871614 8.22649
      vertex 4.44623 0.437915 8.22649
    endloop
  endfacet
  facet normal 0.260647 0.0128031 0.965349
    outer loop
      vertex 5.55713 0 7.95991
      vertex 5.01244 0.493682 8.10043
      vertex 5.03669 0 8.10043
    endloop
  endfacet
  facet normal 0.258136 -0.0382932 0.965349
    outer loop
      vertex 5.01244 -0.493682 8.10043
      vertex 4.93991 -0.98261 8.10043
      vertex 5.45035 -1.08414 7.95991
    endloop
  endfacet
  facet normal 0.260648 -0.0128053 0.965349
    outer loop
      vertex 5.55713 0 7.95991
      vertex 5.01244 -0.493682 8.10043
      vertex 5.53037 -0.544694 7.95991
    endloop
  endfacet
  facet normal 0.177544 -0.00872377 0.984074
    outer loop
      vertex 3.85577 0 8.3369
      vertex 3.8372 -0.377932 8.3369
      vertex 4.46774 0 8.22649
    endloop
  endfacet
  facet normal 0.210078 -0.0526251 0.976267
    outer loop
      vertex 4.3819 -0.871614 8.22649
      vertex 4.27536 -1.29692 8.22649
      vertex 4.81981 -1.46207 8.10043
    endloop
  endfacet
  facet normal 0.0808342 0.011993 0.996655
    outer loop
      vertex 2.47812 0.492929 8.50663
      vertex 1.81358 0.178621 8.56431
      vertex 2.51451 0.247657 8.50663
    endloop
  endfacet
  facet normal 0.07927 0.0198533 0.996655
    outer loop
      vertex 2.41788 0.733455 8.50663
      vertex 1.74388 0.529 8.56431
      vertex 2.47812 0.492929 8.50663
    endloop
  endfacet
  facet normal 0.214225 -0.0317757 0.976267
    outer loop
      vertex 4.44623 -0.437915 8.22649
      vertex 4.3819 -0.871614 8.22649
      vertex 5.01244 -0.493682 8.10043
    endloop
  endfacet
  facet normal 0.175832 0.0260818 0.984075
    outer loop
      vertex 4.3819 0.871614 8.22649
      vertex 3.78168 0.752223 8.3369
      vertex 3.8372 0.377932 8.3369
    endloop
  endfacet
  facet normal 0.0954493 -0.0572087 0.993789
    outer loop
      vertex 2.82802 -1.51161 8.43058
      vertex 2.22833 -1.19107 8.50663
      vertex 2.66624 -1.78153 8.43058
    endloop
  endfacet
  facet normal 0.122663 -0.0735196 0.989722
    outer loop
      vertex 2.82802 -1.51161 8.43058
      vertex 2.66624 -1.78153 8.43058
      vertex 3.40049 -1.8176 8.3369
    endloop
  endfacet
  facet normal 0.12928 -0.0611438 0.989721
    outer loop
      vertex 3.56227 -1.47554 8.3369
      vertex 2.96257 -1.22714 8.43058
      vertex 3.40049 -1.8176 8.3369
    endloop
  endfacet
  facet normal 0.160691 -0.0760002 0.984074
    outer loop
      vertex 3.56227 -1.47554 8.3369
      vertex 3.40049 -1.8176 8.3369
      vertex 4.12766 -1.70973 8.22649
    endloop
  endfacet
  facet normal 0.141464 -0.0209822 0.989721
    outer loop
      vertex 3.19122 -0.314307 8.43058
      vertex 3.14505 -0.625588 8.43058
      vertex 3.78168 -0.752223 8.3369
    endloop
  endfacet
  facet normal 0.111146 -0.00545731 0.993789
    outer loop
      vertex 2.52667 0 8.50663
      vertex 2.51451 -0.247657 8.50663
      vertex 3.19122 -0.314307 8.43058
    endloop
  endfacet
  facet normal 0.363795 -0.0911295 0.927011
    outer loop
      vertex 5.90831 -1.17523 7.80629
      vertex 5.76466 -1.74869 7.80629
      vertex 6.15596 -1.86739 7.64106
    endloop
  endfacet
  facet normal 0.363794 -0.0911297 0.927011
    outer loop
      vertex 6.30936 -1.25501 7.64106
      vertex 5.90831 -1.17523 7.80629
      vertex 6.15596 -1.86739 7.64106
    endloop
  endfacet
  facet normal 0.210108 0.231817 0.949798
    outer loop
      vertex 3.82162 4.65666 7.80629
      vertex 3.52541 4.29572 7.95991
      vertex 4.25965 4.25965 7.80629
    endloop
  endfacet
  facet normal 0.303077 0.334394 0.892371
    outer loop
      vertex 4.79413 4.79413 7.4658
      vertex 4.30114 5.24095 7.4658
      vertex 4.54879 4.54879 7.64106
    endloop
  endfacet
  facet normal 0.0128053 0.260648 0.965349
    outer loop
      vertex 0.544694 5.53037 7.95991
      vertex 0 5.55713 7.95991
      vertex 0.493682 5.01244 8.10043
    endloop
  endfacet
  facet normal 0.111339 0.185755 0.976268
    outer loop
      vertex 2.79824 4.18786 8.10043
      vertex 2.10608 3.9402 8.22649
      vertex 2.48215 3.71479 8.22649
    endloop
  endfacet
  facet normal 0.303083 0.334395 0.892368
    outer loop
      vertex 4.30114 5.24095 7.4658
      vertex 4.08103 4.97275 7.64106
      vertex 4.54879 4.54879 7.64106
    endloop
  endfacet
  facet normal 0.301233 0.223404 0.927011
    outer loop
      vertex 4.97275 4.08103 7.64106
      vertex 4.65666 3.82162 7.80629
      vertex 5.34881 3.57396 7.64106
    endloop
  endfacet
  facet normal 0.050556 0.0180897 0.998557
    outer loop
      vertex 1.68363 0.697383 8.56431
      vertex 1.01671 0.421134 8.60308
      vertex 1.74388 0.529 8.56431
    endloop
  endfacet
  facet normal 0.12928 0.0611438 0.989721
    outer loop
      vertex 3.40049 1.8176 8.3369
      vertex 2.96257 1.22714 8.43058
      vertex 3.56227 1.47554 8.3369
    endloop
  endfacet
  facet normal 0.0611438 0.12928 0.989721
    outer loop
      vertex 1.47554 3.56227 8.3369
      vertex 1.22714 2.96257 8.43058
      vertex 1.8176 3.40049 8.3369
    endloop
  endfacet
  facet normal 0.0824542 0.0747307 0.993789
    outer loop
      vertex 2.26745 2.26745 8.43058
      vertex 1.78663 1.78663 8.50663
      vertex 1.95315 1.6029 8.50663
    endloop
  endfacet
  facet normal 0.0481767 0.134651 0.989721
    outer loop
      vertex 1.47554 3.56227 8.3369
      vertex 1.11927 3.68974 8.3369
      vertex 1.22714 2.96257 8.43058
    endloop
  endfacet
  facet normal 0.119373 0.131709 0.984075
    outer loop
      vertex 2.83431 3.45361 8.22649
      vertex 2.44607 2.98055 8.3369
      vertex 2.72644 2.72644 8.3369
    endloop
  endfacet
  facet normal -0.13786 0.92942 0.342306
    outer loop
      vertex -0.734242 7.45489 6.69936
      vertex -1.46141 7.34703 6.69936
      vertex -0.727171 7.3831 6.89713
    endloop
  endfacet
  facet normal -0.0461149 0.938456 0.342306
    outer loop
      vertex 0 7.49097 6.69936
      vertex -0.734242 7.45489 6.69936
      vertex -0.727171 7.3831 6.89713
    endloop
  endfacet
  facet normal -0.857729 0.514102 0
    outer loop
      vertex -6.60644 3.53122 6.6
      vertex -6.22851 4.16176 6.69936
      vertex -6.22851 4.16176 6.6
    endloop
  endfacet
  facet normal -0.857729 0.514102 0
    outer loop
      vertex -6.22851 4.16176 6.69936
      vertex -6.60644 3.53122 6.6
      vertex -6.60644 3.53122 6.69936
    endloop
  endfacet
  facet normal -0.67156 0.74095 0
    outer loop
      vertex -4.75222 5.79059 6.6
      vertex -5.29691 5.29691 6.69936
      vertex -4.75222 5.79059 6.69936
    endloop
  endfacet
  facet normal -0.67156 0.74095 0
    outer loop
      vertex -5.29691 5.29691 6.69936
      vertex -4.75222 5.79059 6.6
      vertex -5.29691 5.29691 6.6
    endloop
  endfacet
  facet normal -0.414067 0.690841 0.592695
    outer loop
      vertex -3.49721 6.54282 6.89713
      vertex -4.0419 6.04914 7.09203
      vertex -3.42952 6.41618 7.09203
    endloop
  endfacet
  facet normal 0.0395168 0.804465 0.592684
    outer loop
      vertex 0.727171 7.3831 6.89713
      vertex 0 7.41882 6.89713
      vertex 0.713098 7.2402 7.09203
    endloop
  endfacet
  facet normal 0.0326435 0.664517 0.74656
    outer loop
      vertex 0.713098 7.2402 7.09203
      vertex 0 7.27523 7.09203
      vertex 0.692156 7.02758 7.2822
    endloop
  endfacet
  facet normal 0.0461149 0.938456 0.342306
    outer loop
      vertex 0.734242 7.45489 6.69936
      vertex 0 7.49097 6.69936
      vertex 0.727171 7.3831 6.89713
    endloop
  endfacet
  facet normal 0.13786 0.92942 0.342306
    outer loop
      vertex 0.734242 7.45489 6.69936
      vertex 0.727171 7.3831 6.89713
      vertex 1.46141 7.34703 6.69936
    endloop
  endfacet
  facet normal 0.137868 0.929406 0.34234
    outer loop
      vertex 1.46141 7.34703 6.69936
      vertex 0.727171 7.3831 6.89713
      vertex 1.44734 7.27627 6.89713
    endloop
  endfacet
  facet normal -0.160843 0.268355 0.949797
    outer loop
      vertex -2.83972 5.31274 7.80629
      vertex -3.34679 5.00882 7.80629
      vertex -3.08738 4.62059 7.95991
    endloop
  endfacet
  facet normal -0.630988 0.696186 0.342315
    outer loop
      vertex -4.75222 5.79059 6.69936
      vertex -5.2459 5.2459 6.89713
      vertex -4.70645 5.73483 6.89713
    endloop
  endfacet
  facet normal -0.195707 0.781294 0.592687
    outer loop
      vertex -1.41933 7.13544 7.09203
      vertex -2.15357 7.09937 6.89713
      vertex -2.11189 6.96196 7.09203
    endloop
  endfacet
  facet normal -0.228297 0.911418 0.342341
    outer loop
      vertex -1.44734 7.27627 6.89713
      vertex -2.17451 7.16841 6.69936
      vertex -2.15357 7.09937 6.89713
    endloop
  endfacet
  facet normal -0.224135 0.626426 0.746562
    outer loop
      vertex -2.11189 6.96196 7.09203
      vertex -2.78411 6.72144 7.09203
      vertex -2.04987 6.75751 7.2822
    endloop
  endfacet
  facet normal -0.344363 0.728098 0.592695
    outer loop
      vertex -2.83906 6.8541 6.89713
      vertex -3.49721 6.54282 6.89713
      vertex -3.42952 6.41618 7.09203
    endloop
  endfacet
  facet normal -0.342039 0.570648 0.746572
    outer loop
      vertex -3.32881 6.22776 7.2822
      vertex -4.0419 6.04914 7.09203
      vertex -3.9232 5.87149 7.2822
    endloop
  endfacet
  facet normal 0.0326422 0.664515 0.746562
    outer loop
      vertex 0 7.27523 7.09203
      vertex 0 7.06158 7.2822
      vertex 0.692156 7.02758 7.2822
    endloop
  endfacet
  facet normal -0.34204 0.57067 0.746555
    outer loop
      vertex -3.42952 6.41618 7.09203
      vertex -4.0419 6.04914 7.09203
      vertex -3.32881 6.22776 7.2822
    endloop
  endfacet
  facet normal -0.233672 0.494065 0.837435
    outer loop
      vertex -2.70235 6.52405 7.2822
      vertex -3.32881 6.22776 7.2822
      vertex -2.59456 6.26383 7.4658
    endloop
  endfacet
  facet normal 0.0221469 0.450772 0.892364
    outer loop
      vertex 0.664548 6.74727 7.4658
      vertex 0 6.77992 7.4658
      vertex 0.63054 6.40199 7.64106
    endloop
  endfacet
  facet normal -0.0184036 0.374582 0.927011
    outer loop
      vertex 0 6.02406 7.80629
      vertex -0.63054 6.40199 7.64106
      vertex -0.590461 5.99505 7.80629
    endloop
  endfacet
  facet normal -0.233674 0.494051 0.837443
    outer loop
      vertex -2.59456 6.26383 7.4658
      vertex -3.32881 6.22776 7.2822
      vertex -3.19603 5.97935 7.4658
    endloop
  endfacet
  facet normal -0.133768 0.282825 0.949798
    outer loop
      vertex -2.30531 5.5655 7.80629
      vertex -2.83972 5.31274 7.80629
      vertex -2.61961 4.90095 7.95991
    endloop
  endfacet
  facet normal -0.132796 0.530158 0.837436
    outer loop
      vertex -1.37765 6.92589 7.2822
      vertex -2.04987 6.75751 7.2822
      vertex -1.3227 6.64964 7.4658
    endloop
  endfacet
  facet normal -0.0153527 0.312485 0.949799
    outer loop
      vertex 0 6.02406 7.80629
      vertex -0.590461 5.99505 7.80629
      vertex -0.544694 5.53037 7.95991
    endloop
  endfacet
  facet normal -0.0526232 0.210081 0.976267
    outer loop
      vertex -0.98261 4.93991 8.10043
      vertex -1.46207 4.81981 8.10043
      vertex -0.871614 4.3819 8.22649
    endloop
  endfacet
  facet normal 0.146724 0.989178 -0
    outer loop
      vertex 1.46141 7.34703 6.6
      vertex 0.734242 7.45489 6.69936
      vertex 1.46141 7.34703 6.69936
    endloop
  endfacet
  facet normal 0.146724 0.989178 0
    outer loop
      vertex 0.734242 7.45489 6.69936
      vertex 1.46141 7.34703 6.6
      vertex 0.734242 7.45489 6.6
    endloop
  endfacet
  facet normal 0.336891 0.941544 -0
    outer loop
      vertex 2.86667 6.92075 6.6
      vertex 2.17451 7.16841 6.69936
      vertex 2.86667 6.92075 6.69936
    endloop
  endfacet
  facet normal 0.336891 0.941544 0
    outer loop
      vertex 2.17451 7.16841 6.69936
      vertex 2.86667 6.92075 6.6
      vertex 2.17451 7.16841 6.6
    endloop
  endfacet
  facet normal 0.67156 0.74095 -0
    outer loop
      vertex 5.29691 5.29691 6.6
      vertex 4.75222 5.79059 6.69936
      vertex 5.29691 5.29691 6.69936
    endloop
  endfacet
  facet normal 0.67156 0.74095 0
    outer loop
      vertex 4.75222 5.79059 6.69936
      vertex 5.29691 5.29691 6.6
      vertex 4.75222 5.79059 6.6
    endloop
  endfacet
  facet normal 0.595704 0.803204 -0
    outer loop
      vertex 4.75222 5.79059 6.6
      vertex 4.16176 6.22851 6.69936
      vertex 4.75222 5.79059 6.69936
    endloop
  endfacet
  facet normal 0.595704 0.803204 0
    outer loop
      vertex 4.16176 6.22851 6.69936
      vertex 4.75222 5.79059 6.6
      vertex 4.16176 6.22851 6.6
    endloop
  endfacet
  facet normal 0.450763 -0.0221399 0.892369
    outer loop
      vertex 6.43296 0 7.64106
      vertex 6.40199 -0.63054 7.64106
      vertex 6.77992 0 7.4658
    endloop
  endfacet
  facet normal 0.450763 0.0221399 0.892369
    outer loop
      vertex 6.77992 0 7.4658
      vertex 6.40199 0.63054 7.64106
      vertex 6.43296 0 7.64106
    endloop
  endfacet
  facet normal 0.437782 0.109654 0.892369
    outer loop
      vertex 6.48798 1.96811 7.4658
      vertex 6.15596 1.86739 7.64106
      vertex 6.64964 1.3227 7.4658
    endloop
  endfacet
  facet normal 0.530164 0.132794 0.837432
    outer loop
      vertex 6.75751 2.04987 7.2822
      vertex 6.48798 1.96811 7.4658
      vertex 6.64964 1.3227 7.4658
    endloop
  endfacet
  facet normal 0.64693 0.479799 0.592684
    outer loop
      vertex 5.73483 4.70645 6.89713
      vertex 5.62383 4.61536 7.09203
      vertex 6.04914 4.0419 7.09203
    endloop
  endfacet
  facet normal 0.596792 0.540893 0.592683
    outer loop
      vertex 5.73483 4.70645 6.89713
      vertex 5.14437 5.14437 7.09203
      vertex 5.62383 4.61536 7.09203
    endloop
  endfacet
  facet normal 0.161655 0.64537 0.746569
    outer loop
      vertex 1.41933 7.13544 7.09203
      vertex 1.37765 6.92589 7.2822
      vertex 2.04987 6.75751 7.2822
    endloop
  endfacet
  facet normal 0.161661 0.645377 0.746561
    outer loop
      vertex 2.11189 6.96196 7.09203
      vertex 1.41933 7.13544 7.09203
      vertex 2.04987 6.75751 7.2822
    endloop
  endfacet
  facet normal 0.0153519 0.312484 0.949799
    outer loop
      vertex 0 6.02406 7.80629
      vertex 0 5.55713 7.95991
      vertex 0.544694 5.53037 7.95991
    endloop
  endfacet
  facet normal 0.0662208 0.446431 0.892364
    outer loop
      vertex 0.664548 6.74727 7.4658
      vertex 0.63054 6.40199 7.64106
      vertex 1.25501 6.30936 7.64106
    endloop
  endfacet
  facet normal -0.0106252 0.216308 0.976267
    outer loop
      vertex 0 5.03669 8.10043
      vertex -0.493682 5.01244 8.10043
      vertex -0.437915 4.44623 8.22649
    endloop
  endfacet
  facet normal 0.0634082 0.25314 0.965349
    outer loop
      vertex 1.61315 5.31784 7.95991
      vertex 1.08414 5.45035 7.95991
      vertex 1.46207 4.81981 8.10043
    endloop
  endfacet
  facet normal 0.133768 0.282825 0.949798
    outer loop
      vertex 2.30531 5.5655 7.80629
      vertex 2.12662 5.13412 7.95991
      vertex 2.61961 4.90095 7.95991
    endloop
  endfacet
  facet normal 0.0760002 0.160691 0.984074
    outer loop
      vertex 1.70973 4.12766 8.22649
      vertex 1.47554 3.56227 8.3369
      vertex 1.8176 3.40049 8.3369
    endloop
  endfacet
  facet normal 0.109654 0.437782 0.892369
    outer loop
      vertex 1.96811 6.48798 7.4658
      vertex 1.3227 6.64964 7.4658
      vertex 1.86739 6.15596 7.64106
    endloop
  endfacet
  facet normal 0.152041 0.424926 0.892368
    outer loop
      vertex 2.59456 6.26383 7.4658
      vertex 1.86739 6.15596 7.64106
      vertex 2.46179 5.94328 7.64106
    endloop
  endfacet
  facet normal 0.19296 0.40799 0.892362
    outer loop
      vertex 3.19603 5.97935 7.4658
      vertex 2.46179 5.94328 7.64106
      vertex 3.03248 5.67337 7.64106
    endloop
  endfacet
  facet normal 0.23203 0.387107 0.892362
    outer loop
      vertex 3.19603 5.97935 7.4658
      vertex 3.03248 5.67337 7.64106
      vertex 3.57396 5.34881 7.64106
    endloop
  endfacet
  facet normal 0.758356 0.271339 0.592681
    outer loop
      vertex 6.8541 2.83906 6.89713
      vertex 6.72144 2.78411 7.09203
      vertex 6.96196 2.11189 7.09203
    endloop
  endfacet
  facet normal 0.728098 0.344363 0.592695
    outer loop
      vertex 6.54282 3.49721 6.89713
      vertex 6.41618 3.42952 7.09203
      vertex 6.8541 2.83906 6.89713
    endloop
  endfacet
  facet normal 0.781303 0.195705 0.592676
    outer loop
      vertex 7.27627 1.44734 6.89713
      vertex 7.09937 2.15357 6.89713
      vertex 7.13544 1.41933 7.09203
    endloop
  endfacet
  facet normal 0.911418 0.228297 0.342341
    outer loop
      vertex 7.16841 2.17451 6.69936
      vertex 7.09937 2.15357 6.89713
      vertex 7.27627 1.44734 6.89713
    endloop
  endfacet
  facet normal 0.277883 0.25186 0.92701
    outer loop
      vertex 4.54879 4.54879 7.64106
      vertex 4.25965 4.25965 7.80629
      vertex 4.65666 3.82162 7.80629
    endloop
  endfacet
  facet normal 0.26884 0.362498 0.892368
    outer loop
      vertex 4.30114 5.24095 7.4658
      vertex 3.57396 5.34881 7.64106
      vertex 4.08103 4.97275 7.64106
    endloop
  endfacet
  facet normal 0.321672 0.192808 0.927012
    outer loop
      vertex 5.34881 3.57396 7.64106
      vertex 5.31274 2.83972 7.80629
      vertex 5.67337 3.03248 7.64106
    endloop
  endfacet
  facet normal 0.321685 0.192807 0.927008
    outer loop
      vertex 5.34881 3.57396 7.64106
      vertex 5.00882 3.34679 7.80629
      vertex 5.31274 2.83972 7.80629
    endloop
  endfacet
  facet normal 0.362492 0.26884 0.89237
    outer loop
      vertex 5.6373 3.76672 7.4658
      vertex 5.24095 4.30114 7.4658
      vertex 5.34881 3.57396 7.64106
    endloop
  endfacet
  facet normal 0.438988 0.325573 0.837431
    outer loop
      vertex 5.87149 3.9232 7.2822
      vertex 5.24095 4.30114 7.4658
      vertex 5.6373 3.76672 7.4658
    endloop
  endfacet
  facet normal 0.414073 0.690844 0.592687
    outer loop
      vertex 4.12168 6.16853 6.89713
      vertex 3.49721 6.54282 6.89713
      vertex 4.0419 6.04914 7.09203
    endloop
  endfacet
  facet normal 0.540893 0.596792 0.592683
    outer loop
      vertex 4.70645 5.73483 6.89713
      vertex 4.61536 5.62383 7.09203
      vertex 5.14437 5.14437 7.09203
    endloop
  endfacet
  facet normal -0.100596 -0.0475803 0.993789
    outer loop
      vertex -2.22833 -1.19107 8.50663
      vertex -2.96257 -1.22714 8.43058
      vertex -2.82802 -1.51161 8.43058
    endloop
  endfacet
  facet normal -0.0738734 -0.0349372 0.996655
    outer loop
      vertex -1.60717 -0.85905 8.56431
      vertex -2.33434 -0.966916 8.50663
      vertex -2.22833 -1.19107 8.50663
    endloop
  endfacet
  facet normal -0.0729563 -0.20391 0.976267
    outer loop
      vertex -1.70973 -4.12766 8.22649
      vertex -1.92746 -4.6533 8.10043
      vertex -1.46207 -4.81981 8.10043
    endloop
  endfacet
  facet normal -0.0548787 -0.0605505 0.996655
    outer loop
      vertex -1.15609 -1.4087 8.56431
      vertex -1.78663 -1.78663 8.50663
      vertex -1.6029 -1.95315 8.50663
    endloop
  endfacet
  facet normal -0.105963 -0.0960419 0.989721
    outer loop
      vertex -2.47878 -2.03429 8.43058
      vertex -2.98055 -2.44607 8.3369
      vertex -2.26745 -2.26745 8.43058
    endloop
  endfacet
  facet normal -0.0893823 -0.0662872 0.993789
    outer loop
      vertex -2.10085 -1.40374 8.50663
      vertex -2.47878 -2.03429 8.43058
      vertex -1.95315 -1.6029 8.50663
    endloop
  endfacet
  facet normal -0.00400744 -0.0816207 0.996655
    outer loop
      vertex 0 -1.82235 8.56431
      vertex -0.178621 -1.81358 8.56431
      vertex 0 -2.52667 8.50663
    endloop
  endfacet
  facet normal 0.111339 -0.185755 0.976268
    outer loop
      vertex 2.48215 -3.71479 8.22649
      vertex 2.10608 -3.9402 8.22649
      vertex 2.79824 -4.18786 8.10043
    endloop
  endfacet
  facet normal -0.374589 0.0183986 0.927008
    outer loop
      vertex -6.40199 0.63054 7.64106
      vertex -6.43296 0 7.64106
      vertex -6.02406 0 7.80629
    endloop
  endfacet
  facet normal -0.374589 -0.0183986 0.927008
    outer loop
      vertex -6.02406 0 7.80629
      vertex -6.43296 0 7.64106
      vertex -6.40199 -0.63054 7.64106
    endloop
  endfacet
  facet normal -0.514593 -0.184126 0.837432
    outer loop
      vertex -6.48798 -1.96811 7.4658
      vertex -6.75751 -2.04987 7.2822
      vertex -6.26383 -2.59456 7.4658
    endloop
  endfacet
  facet normal -0.303484 -0.0760217 0.949799
    outer loop
      vertex -5.45035 -1.08414 7.95991
      vertex -5.90831 -1.17523 7.80629
      vertex -5.76466 -1.74869 7.80629
    endloop
  endfacet
  facet normal -0.370975 -0.0550281 0.927011
    outer loop
      vertex -5.99505 -0.590461 7.80629
      vertex -6.40199 -0.63054 7.64106
      vertex -6.30936 -1.25501 7.64106
    endloop
  endfacet
  facet normal -0.446431 -0.0662208 0.892364
    outer loop
      vertex -6.40199 -0.63054 7.64106
      vertex -6.74727 -0.664548 7.4658
      vertex -6.30936 -1.25501 7.64106
    endloop
  endfacet
  facet normal -0.534388 -0.396332 0.746559
    outer loop
      vertex -5.45868 -4.47982 7.2822
      vertex -6.04914 -4.0419 7.09203
      vertex -5.62383 -4.61536 7.09203
    endloop
  endfacet
  facet normal -0.494065 -0.233672 0.837435
    outer loop
      vertex -6.26383 -2.59456 7.4658
      vertex -6.52405 -2.70235 7.2822
      vertex -6.22776 -3.32881 7.2822
    endloop
  endfacet
  facet normal -0.134159 -0.223839 0.965348
    outer loop
      vertex -2.37428 -4.44197 8.10043
      vertex -3.08738 -4.62059 7.95991
      vertex -2.61961 -4.90095 7.95991
    endloop
  endfacet
  facet normal -0.339031 -0.160346 0.92701
    outer loop
      vertex -5.5655 -2.30531 7.80629
      vertex -5.94328 -2.46179 7.64106
      vertex -5.67337 -3.03248 7.64106
    endloop
  endfacet
  facet normal -0.134651 0.0481767 0.989721
    outer loop
      vertex -3.56227 1.47554 8.3369
      vertex -3.68974 1.11927 8.3369
      vertex -2.96257 1.22714 8.43058
    endloop
  endfacet
  facet normal -0.0213793 -0.0158562 0.999646
    outer loop
      vertex -0.284473 -0.233461 8.62256
      vertex -0.915014 -0.611393 8.60308
      vertex -0.850681 -0.698135 8.60308
    endloop
  endfacet
  facet normal -0.110075 0.0163314 0.993789
    outer loop
      vertex -2.47812 0.492929 8.50663
      vertex -3.19122 0.314307 8.43058
      vertex -2.51451 0.247657 8.50663
    endloop
  endfacet
  facet normal -0.294576 0.105399 0.949798
    outer loop
      vertex -5.13412 2.12662 7.95991
      vertex -5.5655 2.30531 7.80629
      vertex -5.31784 1.61315 7.95991
    endloop
  endfacet
  facet normal -0.216308 0.0106248 0.976267
    outer loop
      vertex -4.44623 0.437915 8.22649
      vertex -5.03669 0 8.10043
      vertex -4.46774 0 8.22649
    endloop
  endfacet
  facet normal -0.141463 0.0209837 0.989721
    outer loop
      vertex -3.78168 0.752223 8.3369
      vertex -3.8372 0.377932 8.3369
      vertex -3.19122 0.314307 8.43058
    endloop
  endfacet
  facet normal 0.0163314 0.110075 0.993789
    outer loop
      vertex 0.314307 3.19122 8.43058
      vertex 0.247657 2.51451 8.50663
      vertex 0.492929 2.47812 8.50663
    endloop
  endfacet
  facet normal -0.231817 0.210108 0.949798
    outer loop
      vertex -4.25965 4.25965 7.80629
      vertex -4.65666 3.82162 7.80629
      vertex -4.29572 3.52541 7.95991
    endloop
  endfacet
  facet normal 0.00788132 0.0531132 0.998557
    outer loop
      vertex 0.355523 1.78733 8.56431
      vertex 0.178621 1.81358 8.56431
      vertex 0.214692 1.07933 8.60308
    endloop
  endfacet
  facet normal 0.00263316 0.0536303 0.998557
    outer loop
      vertex 0 1.82235 8.56431
      vertex 0 1.10048 8.60308
      vertex 0.178621 1.81358 8.56431
    endloop
  endfacet
  facet normal -0.0925949 0.195776 0.976267
    outer loop
      vertex -1.92746 4.6533 8.10043
      vertex -2.37428 4.44197 8.10043
      vertex -2.10608 3.9402 8.22649
    endloop
  endfacet
  facet normal -0.0954448 0.0572121 0.993789
    outer loop
      vertex -2.10085 1.40374 8.50663
      vertex -2.66624 1.78153 8.43058
      vertex -2.22833 1.19107 8.50663
    endloop
  endfacet
  facet normal -0.0808342 0.011993 0.996655
    outer loop
      vertex -2.47812 0.492929 8.50663
      vertex -2.51451 0.247657 8.50663
      vertex -1.81358 0.178621 8.56431
    endloop
  endfacet
  facet normal -0.0816207 0.00400759 0.996655
    outer loop
      vertex -2.51451 0.247657 8.50663
      vertex -2.52667 0 8.50663
      vertex -1.81358 0.178621 8.56431
    endloop
  endfacet
  facet normal -0.050556 0.0180897 0.998557
    outer loop
      vertex -1.68363 0.697383 8.56431
      vertex -1.74388 0.529 8.56431
      vertex -1.01671 0.421134 8.60308
    endloop
  endfacet
  facet normal -0.0397849 0.0360589 0.998557
    outer loop
      vertex -1.2886 1.2886 8.56431
      vertex -1.4087 1.15609 8.56431
      vertex -0.778155 0.778155 8.60308
    endloop
  endfacet
  facet normal -0.0460555 0.0276047 0.998557
    outer loop
      vertex -0.915014 0.611393 8.60308
      vertex -1.60717 0.85905 8.56431
      vertex -0.970535 0.518762 8.60308
    endloop
  endfacet
  facet normal 0.00130602 -0.0265854 0.999646
    outer loop
      vertex 0 -0.368007 8.62256
      vertex 0 -1.10048 8.60308
      vertex 0.0360708 -0.366235 8.62256
    endloop
  endfacet
  facet normal -0.19296 0.40799 0.892362
    outer loop
      vertex -2.46179 5.94328 7.64106
      vertex -3.19603 5.97935 7.4658
      vertex -3.03248 5.67337 7.64106
    endloop
  endfacet
  facet normal -0.160348 0.339023 0.927013
    outer loop
      vertex -2.30531 5.5655 7.80629
      vertex -3.03248 5.67337 7.64106
      vertex -2.83972 5.31274 7.80629
    endloop
  endfacet
  facet normal -0.312484 0.0153519 0.949799
    outer loop
      vertex -5.53037 0.544694 7.95991
      vertex -6.02406 0 7.80629
      vertex -5.55713 0 7.95991
    endloop
  endfacet
  facet normal -0.363795 0.0911295 0.927011
    outer loop
      vertex -5.76466 1.74869 7.80629
      vertex -6.15596 1.86739 7.64106
      vertex -5.90831 1.17523 7.80629
    endloop
  endfacet
  facet normal -0.235907 0.111577 0.965349
    outer loop
      vertex -4.90095 2.61961 7.95991
      vertex -5.13412 2.12662 7.95991
      vertex -4.6533 1.92746 8.10043
    endloop
  endfacet
  facet normal -0.339023 0.160348 0.927013
    outer loop
      vertex -5.31274 2.83972 7.80629
      vertex -5.67337 3.03248 7.64106
      vertex -5.5655 2.30531 7.80629
    endloop
  endfacet
  facet normal -0.160467 0.145439 0.976267
    outer loop
      vertex -3.56148 3.56148 8.10043
      vertex -3.89342 3.19524 8.10043
      vertex -3.45361 2.83431 8.22649
    endloop
  endfacet
  facet normal -0.185755 0.111339 0.976268
    outer loop
      vertex -3.71479 2.48215 8.22649
      vertex -4.18786 2.79824 8.10043
      vertex -3.9402 2.10608 8.22649
    endloop
  endfacet
  facet normal -0.223834 0.13416 0.965349
    outer loop
      vertex -4.18786 2.79824 8.10043
      vertex -4.62059 3.08738 7.95991
      vertex -4.44197 2.37428 8.10043
    endloop
  endfacet
  facet normal -0.404964 0.367038 0.837429
    outer loop
      vertex -4.99329 4.99329 7.2822
      vertex -5.24095 4.30114 7.4658
      vertex -4.79413 4.79413 7.4658
    endloop
  endfacet
  facet normal -0.938456 0.0461149 0.342306
    outer loop
      vertex -7.45489 0.734242 6.69936
      vertex -7.49097 0 6.69936
      vertex -7.3831 0.727171 6.89713
    endloop
  endfacet
  facet normal -0.804465 0.0395168 0.592684
    outer loop
      vertex -7.3831 0.727171 6.89713
      vertex -7.41882 0 6.89713
      vertex -7.2402 0.713098 7.09203
    endloop
  endfacet
  facet normal -0.804467 0.0395184 0.592681
    outer loop
      vertex -7.2402 0.713098 7.09203
      vertex -7.41882 0 6.89713
      vertex -7.27523 0 7.09203
    endloop
  endfacet
  facet normal -0.92942 0.13786 0.342306
    outer loop
      vertex -7.34703 1.46141 6.69936
      vertex -7.45489 0.734242 6.69936
      vertex -7.3831 0.727171 6.89713
    endloop
  endfacet
  facet normal -0.407976 0.192962 0.892368
    outer loop
      vertex -5.97935 3.19603 7.4658
      vertex -6.26383 2.59456 7.4658
      vertex -5.94328 2.46179 7.64106
    endloop
  endfacet
  facet normal -0.424926 0.152041 0.892368
    outer loop
      vertex -5.94328 2.46179 7.64106
      vertex -6.26383 2.59456 7.4658
      vertex -6.15596 1.86739 7.64106
    endloop
  endfacet
  facet normal -0.530164 0.132794 0.837432
    outer loop
      vertex -6.48798 1.96811 7.4658
      vertex -6.75751 2.04987 7.2822
      vertex -6.64964 1.3227 7.4658
    endloop
  endfacet
  facet normal -0.437782 0.109654 0.892369
    outer loop
      vertex -6.48798 1.96811 7.4658
      vertex -6.64964 1.3227 7.4658
      vertex -6.15596 1.86739 7.64106
    endloop
  endfacet
  facet normal -0.849376 0.401722 0.342316
    outer loop
      vertex -6.60644 3.53122 6.69936
      vertex -6.8541 2.83906 6.89713
      vertex -6.54282 3.49721 6.89713
    endloop
  endfacet
  facet normal -0.601433 0.28446 0.746566
    outer loop
      vertex -6.41618 3.42952 7.09203
      vertex -6.72144 2.78411 7.09203
      vertex -6.52405 2.70235 7.2822
    endloop
  endfacet
  facet normal -0.805909 0.483042 0.342318
    outer loop
      vertex -6.22851 4.16176 6.69936
      vertex -6.60644 3.53122 6.69936
      vertex -6.54282 3.49721 6.89713
    endloop
  endfacet
  facet normal -0.690844 0.414073 0.592687
    outer loop
      vertex -6.16853 4.12168 6.89713
      vertex -6.54282 3.49721 6.89713
      vertex -6.04914 4.0419 7.09203
    endloop
  endfacet
  facet normal -0.540906 0.596796 0.592668
    outer loop
      vertex -4.70645 5.73483 6.89713
      vertex -5.2459 5.2459 6.89713
      vertex -5.14437 5.14437 7.09203
    endloop
  endfacet
  facet normal -0.690841 0.414067 0.592695
    outer loop
      vertex -6.04914 4.0419 7.09203
      vertex -6.54282 3.49721 6.89713
      vertex -6.41618 3.42952 7.09203
    endloop
  endfacet
  facet normal -0.884653 0.316531 0.34234
    outer loop
      vertex -6.8541 2.83906 6.89713
      vertex -7.16841 2.17451 6.69936
      vertex -7.09937 2.15357 6.89713
    endloop
  endfacet
  facet normal -0.758352 0.27134 0.592686
    outer loop
      vertex -6.8541 2.83906 6.89713
      vertex -7.09937 2.15357 6.89713
      vertex -6.96196 2.11189 7.09203
    endloop
  endfacet
  facet normal -0.13786 -0.92942 0.342306
    outer loop
      vertex -0.727171 -7.3831 6.89713
      vertex -1.46141 -7.34703 6.69936
      vertex -0.734242 -7.45489 6.69936
    endloop
  endfacet
  facet normal -0.803204 -0.595704 0
    outer loop
      vertex -5.79059 -4.75222 6.6
      vertex -6.22851 -4.16176 6.69936
      vertex -6.22851 -4.16176 6.6
    endloop
  endfacet
  facet normal -0.803204 -0.595704 0
    outer loop
      vertex -6.22851 -4.16176 6.69936
      vertex -5.79059 -4.75222 6.6
      vertex -5.79059 -4.75222 6.69936
    endloop
  endfacet
  facet normal -0.483041 -0.805912 0.342311
    outer loop
      vertex -4.12168 -6.16853 6.89713
      vertex -4.16176 -6.22851 6.69936
      vertex -3.49721 -6.54282 6.89713
    endloop
  endfacet
  facet normal -0.595704 -0.803204 0
    outer loop
      vertex -4.75222 -5.79059 6.6
      vertex -4.16176 -6.22851 6.69936
      vertex -4.75222 -5.79059 6.69936
    endloop
  endfacet
  facet normal -0.595704 -0.803204 -0
    outer loop
      vertex -4.16176 -6.22851 6.69936
      vertex -4.75222 -5.79059 6.6
      vertex -4.16176 -6.22851 6.6
    endloop
  endfacet
  facet normal -0.796723 -0.118183 0.592677
    outer loop
      vertex -7.2402 -0.713098 7.09203
      vertex -7.27627 -1.44734 6.89713
      vertex -7.13544 -1.41933 7.09203
    endloop
  endfacet
  facet normal -0.92942 -0.13786 0.342306
    outer loop
      vertex -7.3831 -0.727171 6.89713
      vertex -7.45489 -0.734242 6.69936
      vertex -7.34703 -1.46141 6.69936
    endloop
  endfacet
  facet normal -0.849376 -0.401722 0.342316
    outer loop
      vertex -6.54282 -3.49721 6.89713
      vertex -6.8541 -2.83906 6.89713
      vertex -6.60644 -3.53122 6.69936
    endloop
  endfacet
  facet normal -0.64693 -0.479799 0.592684
    outer loop
      vertex -5.62383 -4.61536 7.09203
      vertex -6.04914 -4.0419 7.09203
      vertex -5.73483 -4.70645 6.89713
    endloop
  endfacet
  facet normal -0.728098 -0.344363 0.592695
    outer loop
      vertex -6.41618 -3.42952 7.09203
      vertex -6.8541 -2.83906 6.89713
      vertex -6.54282 -3.49721 6.89713
    endloop
  endfacet
  facet normal -0.884656 -0.316537 0.342327
    outer loop
      vertex -6.8541 -2.83906 6.89713
      vertex -7.16841 -2.17451 6.69936
      vertex -6.92075 -2.86667 6.69936
    endloop
  endfacet
  facet normal -0.184122 -0.514589 0.837435
    outer loop
      vertex -2.59456 -6.26383 7.4658
      vertex -2.70235 -6.52405 7.2822
      vertex -2.04987 -6.75751 7.2822
    endloop
  endfacet
  facet normal -0.342039 -0.570648 0.746572
    outer loop
      vertex -3.9232 -5.87149 7.2822
      vertex -4.0419 -6.04914 7.09203
      vertex -3.32881 -6.22776 7.2822
    endloop
  endfacet
  facet normal -0.396317 -0.534381 0.746572
    outer loop
      vertex -3.9232 -5.87149 7.2822
      vertex -4.47982 -5.45868 7.2822
      vertex -4.0419 -6.04914 7.09203
    endloop
  endfacet
  facet normal -0.396332 -0.534388 0.746559
    outer loop
      vertex -4.47982 -5.45868 7.2822
      vertex -4.61536 -5.62383 7.09203
      vertex -4.0419 -6.04914 7.09203
    endloop
  endfacet
  facet normal -0.696186 -0.630988 0.342315
    outer loop
      vertex -5.73483 -4.70645 6.89713
      vertex -5.79059 -4.75222 6.69936
      vertex -5.2459 -5.2459 6.89713
    endloop
  endfacet
  facet normal -0.696186 -0.630989 0.342313
    outer loop
      vertex -5.2459 -5.2459 6.89713
      vertex -5.79059 -4.75222 6.69936
      vertex -5.29691 -5.29691 6.69936
    endloop
  endfacet
  facet normal -0.280974 -0.468788 0.837431
    outer loop
      vertex -3.76672 -5.6373 7.4658
      vertex -3.9232 -5.87149 7.2822
      vertex -3.19603 -5.97935 7.4658
    endloop
  endfacet
  facet normal -0.126346 -0.353113 0.92701
    outer loop
      vertex -2.30531 -5.5655 7.80629
      vertex -2.46179 -5.94328 7.64106
      vertex -1.86739 -6.15596 7.64106
    endloop
  endfacet
  facet normal -0.231817 -0.210108 0.949798
    outer loop
      vertex -4.29572 -3.52541 7.95991
      vertex -4.65666 -3.82162 7.80629
      vertex -4.25965 -4.25965 7.80629
    endloop
  endfacet
  facet normal -0.209605 -0.155456 0.965349
    outer loop
      vertex -4.18786 -2.79824 8.10043
      vertex -4.62059 -3.08738 7.95991
      vertex -3.89342 -3.19524 8.10043
    endloop
  endfacet
  facet normal -0.232012 -0.387099 0.89237
    outer loop
      vertex -3.57396 -5.34881 7.64106
      vertex -3.76672 -5.6373 7.4658
      vertex -3.19603 -5.97935 7.4658
    endloop
  endfacet
  facet normal -0.223404 -0.301233 0.927011
    outer loop
      vertex -3.82162 -4.65666 7.80629
      vertex -4.08103 -4.97275 7.64106
      vertex -3.57396 -5.34881 7.64106
    endloop
  endfacet
  facet normal -0.0913867 -0.152468 0.984074
    outer loop
      vertex -1.8176 -3.40049 8.3369
      vertex -2.14215 -3.20596 8.3369
      vertex -2.10608 -3.9402 8.22649
    endloop
  endfacet
  facet normal -0.155456 -0.209605 0.965349
    outer loop
      vertex -2.79824 -4.18786 8.10043
      vertex -3.19524 -3.89342 8.10043
      vertex -3.08738 -4.62059 7.95991
    endloop
  endfacet
  facet normal -0.160346 -0.339031 0.92701
    outer loop
      vertex -2.30531 -5.5655 7.80629
      vertex -3.03248 -5.67337 7.64106
      vertex -2.46179 -5.94328 7.64106
    endloop
  endfacet
  facet normal -0.160348 -0.339023 0.927013
    outer loop
      vertex -2.83972 -5.31274 7.80629
      vertex -3.03248 -5.67337 7.64106
      vertex -2.30531 -5.5655 7.80629
    endloop
  endfacet
  facet normal -0.00400759 -0.0816207 0.996655
    outer loop
      vertex -0.178621 -1.81358 8.56431
      vertex -0.247657 -2.51451 8.50663
      vertex 0 -2.52667 8.50663
    endloop
  endfacet
  facet normal -0.0505563 -0.0180879 0.998557
    outer loop
      vertex -1.05309 -0.319451 8.60308
      vertex -1.74388 -0.529 8.56431
      vertex -1.01671 -0.421134 8.60308
    endloop
  endfacet
  facet normal -0.0954448 -0.0572121 0.993789
    outer loop
      vertex -2.22833 -1.19107 8.50663
      vertex -2.66624 -1.78153 8.43058
      vertex -2.10085 -1.40374 8.50663
    endloop
  endfacet
  facet normal 0.0163314 -0.110075 0.993789
    outer loop
      vertex 0.492929 -2.47812 8.50663
      vertex 0.247657 -2.51451 8.50663
      vertex 0.314307 -3.19122 8.43058
    endloop
  endfacet
  facet normal -0.0178753 -0.0197223 0.999646
    outer loop
      vertex -0.260221 -0.260221 8.62256
      vertex -0.778155 -0.778155 8.60308
      vertex -0.698135 -0.850681 8.60308
    endloop
  endfacet
  facet normal -0.0275319 -0.0769407 0.996655
    outer loop
      vertex -0.529 -1.74388 8.56431
      vertex -0.966916 -2.33434 8.50663
      vertex -0.733455 -2.41788 8.50663
    endloop
  endfacet
  facet normal -0.0240619 -0.0113805 0.999646
    outer loop
      vertex -0.339994 -0.14083 8.62256
      vertex -0.970535 -0.518762 8.60308
      vertex -0.324553 -0.173477 8.62256
    endloop
  endfacet
  facet normal 0.0158556 0.0213796 0.999646
    outer loop
      vertex 0.611393 0.915014 8.60308
      vertex 0.204453 0.305986 8.62256
      vertex 0.233461 0.284473 8.62256
    endloop
  endfacet
  facet normal 0.0420125 -0.0700925 0.996655
    outer loop
      vertex 1.01244 -1.51523 8.56431
      vertex 0.85905 -1.60717 8.56431
      vertex 1.40374 -2.10085 8.50663
    endloop
  endfacet
  facet normal 0.0213796 -0.0158556 0.999646
    outer loop
      vertex 0.305986 -0.204453 8.62256
      vertex 0.284473 -0.233461 8.62256
      vertex 0.915014 -0.611393 8.60308
    endloop
  endfacet
  facet normal 0.131709 -0.119373 0.984075
    outer loop
      vertex 2.98055 -2.44607 8.3369
      vertex 2.72644 -2.72644 8.3369
      vertex 3.45361 -2.83431 8.22649
    endloop
  endfacet
  facet normal 0.131709 -0.119375 0.984074
    outer loop
      vertex 3.45361 -2.83431 8.22649
      vertex 2.72644 -2.72644 8.3369
      vertex 3.15917 -3.15917 8.22649
    endloop
  endfacet
  facet normal 0.114865 -0.0851926 0.989721
    outer loop
      vertex 3.20596 -2.14215 8.3369
      vertex 2.66624 -1.78153 8.43058
      vertex 2.98055 -2.44607 8.3369
    endloop
  endfacet
  facet normal 0.142776 -0.10589 0.984074
    outer loop
      vertex 3.71479 -2.48215 8.22649
      vertex 3.20596 -2.14215 8.3369
      vertex 3.45361 -2.83431 8.22649
    endloop
  endfacet
  facet normal -0.0911295 -0.363795 0.927011
    outer loop
      vertex -1.74869 -5.76466 7.80629
      vertex -1.86739 -6.15596 7.64106
      vertex -1.17523 -5.90831 7.80629
    endloop
  endfacet
  facet normal -0.0459049 -0.309474 0.949799
    outer loop
      vertex -1.08414 -5.45035 7.95991
      vertex -1.17523 -5.90831 7.80629
      vertex -0.590461 -5.99505 7.80629
    endloop
  endfacet
  facet normal 0.160346 -0.339031 0.92701
    outer loop
      vertex 3.03248 -5.67337 7.64106
      vertex 2.30531 -5.5655 7.80629
      vertex 2.46179 -5.94328 7.64106
    endloop
  endfacet
  facet normal -0.0760217 -0.303484 0.949799
    outer loop
      vertex -1.08414 -5.45035 7.95991
      vertex -1.74869 -5.76466 7.80629
      vertex -1.17523 -5.90831 7.80629
    endloop
  endfacet
  facet normal 0.0459049 -0.309474 0.949799
    outer loop
      vertex 1.08414 -5.45035 7.95991
      vertex 0.590461 -5.99505 7.80629
      vertex 1.17523 -5.90831 7.80629
    endloop
  endfacet
  facet normal 0.192807 -0.321685 0.927008
    outer loop
      vertex 3.34679 -5.00882 7.80629
      vertex 2.83972 -5.31274 7.80629
      vertex 3.57396 -5.34881 7.64106
    endloop
  endfacet
  facet normal 0.0268147 -0.545881 0.837434
    outer loop
      vertex 0 -6.77992 7.4658
      vertex 0 -7.06158 7.2822
      vertex 0.692156 -7.02758 7.2822
    endloop
  endfacet
  facet normal 0.0221469 -0.450772 0.892364
    outer loop
      vertex 0.63054 -6.40199 7.64106
      vertex 0 -6.77992 7.4658
      vertex 0.664548 -6.74727 7.4658
    endloop
  endfacet
  facet normal -0.0459068 -0.309475 0.949799
    outer loop
      vertex -0.544694 -5.53037 7.95991
      vertex -1.08414 -5.45035 7.95991
      vertex -0.590461 -5.99505 7.80629
    endloop
  endfacet
  facet normal -0.0153519 -0.312484 0.949799
    outer loop
      vertex 0 -5.55713 7.95991
      vertex -0.544694 -5.53037 7.95991
      vertex 0 -6.02406 7.80629
    endloop
  endfacet
  facet normal -0.0879116 -0.24571 0.965349
    outer loop
      vertex -1.92746 -4.6533 8.10043
      vertex -2.12662 -5.13412 7.95991
      vertex -1.46207 -4.81981 8.10043
    endloop
  endfacet
  facet normal -0.0879138 -0.245706 0.96535
    outer loop
      vertex -1.46207 -4.81981 8.10043
      vertex -2.12662 -5.13412 7.95991
      vertex -1.61315 -5.31784 7.95991
    endloop
  endfacet
  facet normal 0.427556 -0.903989 0
    outer loop
      vertex 2.86667 -6.92075 6.6
      vertex 3.53122 -6.60644 6.69936
      vertex 2.86667 -6.92075 6.69936
    endloop
  endfacet
  facet normal 0.427556 -0.903989 0
    outer loop
      vertex 3.53122 -6.60644 6.69936
      vertex 2.86667 -6.92075 6.6
      vertex 3.53122 -6.60644 6.6
    endloop
  endfacet
  facet normal 0.401722 -0.849376 0.342316
    outer loop
      vertex 3.49721 -6.54282 6.89713
      vertex 2.83906 -6.8541 6.89713
      vertex 3.53122 -6.60644 6.69936
    endloop
  endfacet
  facet normal 0.0461149 -0.938456 0.342306
    outer loop
      vertex 0.727171 -7.3831 6.89713
      vertex 0 -7.49097 6.69936
      vertex 0.734242 -7.45489 6.69936
    endloop
  endfacet
  facet normal 0.228296 -0.91142 0.342338
    outer loop
      vertex 2.17451 -7.16841 6.69936
      vertex 1.44734 -7.27627 6.89713
      vertex 1.46141 -7.34703 6.69936
    endloop
  endfacet
  facet normal 0.228297 -0.911418 0.342341
    outer loop
      vertex 2.15357 -7.09937 6.89713
      vertex 1.44734 -7.27627 6.89713
      vertex 2.17451 -7.16841 6.69936
    endloop
  endfacet
  facet normal 0.540906 -0.596796 0.592668
    outer loop
      vertex 5.14437 -5.14437 7.09203
      vertex 4.70645 -5.73483 6.89713
      vertex 5.2459 -5.2459 6.89713
    endloop
  endfacet
  facet normal 0.446797 -0.492972 0.746559
    outer loop
      vertex 5.14437 -5.14437 7.09203
      vertex 4.47982 -5.45868 7.2822
      vertex 4.61536 -5.62383 7.09203
    endloop
  endfacet
  facet normal 0.0382932 -0.258136 0.965349
    outer loop
      vertex 0.98261 -4.93991 8.10043
      vertex 0.493682 -5.01244 8.10043
      vertex 1.08414 -5.45035 7.95991
    endloop
  endfacet
  facet normal 0.223413 -0.301235 0.927008
    outer loop
      vertex 3.82162 -4.65666 7.80629
      vertex 3.34679 -5.00882 7.80629
      vertex 3.57396 -5.34881 7.64106
    endloop
  endfacet
  facet normal 0.160839 -0.268354 0.949798
    outer loop
      vertex 3.08738 -4.62059 7.95991
      vertex 2.61961 -4.90095 7.95991
      vertex 2.83972 -5.31274 7.80629
    endloop
  endfacet
  facet normal 0.145439 -0.160465 0.976268
    outer loop
      vertex 3.15917 -3.15917 8.22649
      vertex 2.83431 -3.45361 8.22649
      vertex 3.56148 -3.56148 8.10043
    endloop
  endfacet
  facet normal 0.034752 -0.138725 0.989721
    outer loop
      vertex 0.930844 -3.06858 8.43058
      vertex 0.625588 -3.14505 8.43058
      vertex 0.752223 -3.78168 8.3369
    endloop
  endfacet
  facet normal 0.0431913 -0.17243 0.984074
    outer loop
      vertex 1.11927 -3.68974 8.3369
      vertex 0.752223 -3.78168 8.3369
      vertex 1.29692 -4.27536 8.22649
    endloop
  endfacet
  facet normal 0.0349382 -0.0738733 0.996655
    outer loop
      vertex 0.85905 -1.60717 8.56431
      vertex 0.697383 -1.68363 8.56431
      vertex 0.966916 -2.33434 8.50663
    endloop
  endfacet
  facet normal 0.0913867 -0.152468 0.984074
    outer loop
      vertex 2.14215 -3.20596 8.3369
      vertex 1.8176 -3.40049 8.3369
      vertex 2.10608 -3.9402 8.22649
    endloop
  endfacet
  facet normal 0.129009 -0.173948 0.976268
    outer loop
      vertex 2.83431 -3.45361 8.22649
      vertex 2.48215 -3.71479 8.22649
      vertex 2.79824 -4.18786 8.10043
    endloop
  endfacet
  facet normal 0.17525 -0.193359 0.965349
    outer loop
      vertex 3.56148 -3.56148 8.10043
      vertex 3.19524 -3.89342 8.10043
      vertex 3.52541 -4.29572 7.95991
    endloop
  endfacet
  facet normal 0.224136 -0.62642 0.746566
    outer loop
      vertex 2.70235 -6.52405 7.2822
      vertex 2.04987 -6.75751 7.2822
      vertex 2.78411 -6.72144 7.09203
    endloop
  endfacet
  facet normal 0.161655 -0.64537 0.746569
    outer loop
      vertex 2.04987 -6.75751 7.2822
      vertex 1.37765 -6.92589 7.2822
      vertex 1.41933 -7.13544 7.09203
    endloop
  endfacet
  facet normal 0.514102 -0.857729 0
    outer loop
      vertex 3.53122 -6.60644 6.6
      vertex 4.16176 -6.22851 6.69936
      vertex 3.53122 -6.60644 6.69936
    endloop
  endfacet
  facet normal 0.514102 -0.857729 0
    outer loop
      vertex 4.16176 -6.22851 6.69936
      vertex 3.53122 -6.60644 6.6
      vertex 4.16176 -6.22851 6.6
    endloop
  endfacet
  facet normal -0.0268147 -0.545881 0.837434
    outer loop
      vertex 0 -6.77992 7.4658
      vertex -0.692156 -7.02758 7.2822
      vertex 0 -7.06158 7.2822
    endloop
  endfacet
  facet normal -0.0268193 -0.545872 0.837439
    outer loop
      vertex -0.664548 -6.74727 7.4658
      vertex -0.692156 -7.02758 7.2822
      vertex 0 -6.77992 7.4658
    endloop
  endfacet
  facet normal 0.271339 -0.758356 0.592681
    outer loop
      vertex 2.78411 -6.72144 7.09203
      vertex 2.11189 -6.96196 7.09203
      vertex 2.83906 -6.8541 6.89713
    endloop
  endfacet
  facet normal 0.132796 -0.530158 0.837436
    outer loop
      vertex 2.04987 -6.75751 7.2822
      vertex 1.3227 -6.64964 7.4658
      vertex 1.37765 -6.92589 7.2822
    endloop
  endfacet
  facet normal -0.118185 -0.796717 0.592684
    outer loop
      vertex -0.713098 -7.2402 7.09203
      vertex -1.44734 -7.27627 6.89713
      vertex -0.727171 -7.3831 6.89713
    endloop
  endfacet
  facet normal -0.242977 -0.970032 0
    outer loop
      vertex -2.17451 -7.16841 6.6
      vertex -1.46141 -7.34703 6.69936
      vertex -2.17451 -7.16841 6.69936
    endloop
  endfacet
  facet normal -0.242977 -0.970032 -0
    outer loop
      vertex -1.46141 -7.34703 6.69936
      vertex -2.17451 -7.16841 6.6
      vertex -1.46141 -7.34703 6.6
    endloop
  endfacet
  facet normal -0.28446 -0.601433 0.746566
    outer loop
      vertex -2.70235 -6.52405 7.2822
      vertex -3.42952 -6.41618 7.09203
      vertex -2.78411 -6.72144 7.09203
    endloop
  endfacet
  facet normal -0.224136 -0.62642 0.746566
    outer loop
      vertex -2.70235 -6.52405 7.2822
      vertex -2.78411 -6.72144 7.09203
      vertex -2.04987 -6.75751 7.2822
    endloop
  endfacet
  facet normal -0.109666 -0.437793 0.892362
    outer loop
      vertex -1.25501 -6.30936 7.64106
      vertex -1.86739 -6.15596 7.64106
      vertex -1.3227 -6.64964 7.4658
    endloop
  endfacet
  facet normal -0.0662239 -0.446435 0.892362
    outer loop
      vertex -1.25501 -6.30936 7.64106
      vertex -1.3227 -6.64964 7.4658
      vertex -0.664548 -6.74727 7.4658
    endloop
  endfacet
  facet normal 0.970032 0.242977 0
    outer loop
      vertex 7.34703 1.46141 6.69936
      vertex 7.16841 2.17451 6.6
      vertex 7.16841 2.17451 6.69936
    endloop
  endfacet
  facet normal 0.970032 0.242977 0
    outer loop
      vertex 7.16841 2.17451 6.6
      vertex 7.34703 1.46141 6.69936
      vertex 7.34703 1.46141 6.6
    endloop
  endfacet
  facet normal 0.336891 -0.941544 0
    outer loop
      vertex 2.17451 -7.16841 6.6
      vertex 2.86667 -6.92075 6.69936
      vertex 2.17451 -7.16841 6.69936
    endloop
  endfacet
  facet normal 0.336891 -0.941544 0
    outer loop
      vertex 2.86667 -6.92075 6.69936
      vertex 2.17451 -7.16841 6.6
      vertex 2.86667 -6.92075 6.6
    endloop
  endfacet
  facet normal 0.146724 -0.989178 0
    outer loop
      vertex 0.734242 -7.45489 6.6
      vertex 1.46141 -7.34703 6.69936
      vertex 0.734242 -7.45489 6.69936
    endloop
  endfacet
  facet normal 0.146724 -0.989178 0
    outer loop
      vertex 1.46141 -7.34703 6.69936
      vertex 0.734242 -7.45489 6.6
      vertex 1.46141 -7.34703 6.6
    endloop
  endfacet
  facet normal 0.0395184 -0.804467 0.592681
    outer loop
      vertex 0 -7.27523 7.09203
      vertex 0 -7.41882 6.89713
      vertex 0.713098 -7.2402 7.09203
    endloop
  endfacet
  facet normal 0.804467 -0.0395184 0.592681
    outer loop
      vertex 7.27523 0 7.09203
      vertex 7.2402 -0.713098 7.09203
      vertex 7.41882 0 6.89713
    endloop
  endfacet
  facet normal 0.540615 -0.0801978 0.837439
    outer loop
      vertex 7.02758 -0.692156 7.2822
      vertex 6.74727 -0.664548 7.4658
      vertex 6.92589 -1.37765 7.2822
    endloop
  endfacet
  facet normal 0.796717 -0.118185 0.592684
    outer loop
      vertex 7.3831 -0.727171 6.89713
      vertex 7.2402 -0.713098 7.09203
      vertex 7.27627 -1.44734 6.89713
    endloop
  endfacet
  facet normal 0.696186 -0.630989 0.342313
    outer loop
      vertex 5.79059 -4.75222 6.69936
      vertex 5.2459 -5.2459 6.89713
      vertex 5.29691 -5.29691 6.69936
    endloop
  endfacet
  facet normal 0.970032 -0.242977 0
    outer loop
      vertex 7.16841 -2.17451 6.69936
      vertex 7.34703 -1.46141 6.6
      vertex 7.34703 -1.46141 6.69936
    endloop
  endfacet
  facet normal 0.970032 -0.242977 0
    outer loop
      vertex 7.34703 -1.46141 6.6
      vertex 7.16841 -2.17451 6.69936
      vertex 7.16841 -2.17451 6.6
    endloop
  endfacet
  facet normal 0.728098 -0.344363 0.592695
    outer loop
      vertex 6.8541 -2.83906 6.89713
      vertex 6.41618 -3.42952 7.09203
      vertex 6.54282 -3.49721 6.89713
    endloop
  endfacet
  facet normal 0.645377 -0.161661 0.746561
    outer loop
      vertex 7.13544 -1.41933 7.09203
      vertex 6.75751 -2.04987 7.2822
      vertex 6.96196 -2.11189 7.09203
    endloop
  endfacet
  facet normal 0.494051 -0.233674 0.837443
    outer loop
      vertex 6.26383 -2.59456 7.4658
      vertex 5.97935 -3.19603 7.4658
      vertex 6.22776 -3.32881 7.2822
    endloop
  endfacet
  facet normal 0.468768 -0.280974 0.837443
    outer loop
      vertex 5.97935 -3.19603 7.4658
      vertex 5.87149 -3.9232 7.2822
      vertex 6.22776 -3.32881 7.2822
    endloop
  endfacet
  facet normal 0.646926 -0.479799 0.592688
    outer loop
      vertex 6.04914 -4.0419 7.09203
      vertex 5.73483 -4.70645 6.89713
      vertex 6.16853 -4.12168 6.89713
    endloop
  endfacet
  facet normal 0.75468 -0.559715 0.342312
    outer loop
      vertex 6.16853 -4.12168 6.89713
      vertex 5.73483 -4.70645 6.89713
      vertex 6.22851 -4.16176 6.69936
    endloop
  endfacet
  facet normal 0.849376 -0.401722 0.342316
    outer loop
      vertex 6.8541 -2.83906 6.89713
      vertex 6.54282 -3.49721 6.89713
      vertex 6.60644 -3.53122 6.69936
    endloop
  endfacet
  facet normal 0.805909 -0.483042 0.342318
    outer loop
      vertex 6.54282 -3.49721 6.89713
      vertex 6.22851 -4.16176 6.69936
      vertex 6.60644 -3.53122 6.69936
    endloop
  endfacet
  facet normal 0.758352 -0.27134 0.592686
    outer loop
      vertex 6.96196 -2.11189 7.09203
      vertex 6.8541 -2.83906 6.89713
      vertex 7.09937 -2.15357 6.89713
    endloop
  endfacet
  facet normal 0.781294 -0.195707 0.592687
    outer loop
      vertex 7.13544 -1.41933 7.09203
      vertex 6.96196 -2.11189 7.09203
      vertex 7.09937 -2.15357 6.89713
    endloop
  endfacet
  facet normal 0.387107 -0.23203 0.892362
    outer loop
      vertex 5.67337 -3.03248 7.64106
      vertex 5.34881 -3.57396 7.64106
      vertex 5.97935 -3.19603 7.4658
    endloop
  endfacet
  facet normal 0.321672 -0.192808 0.927012
    outer loop
      vertex 5.67337 -3.03248 7.64106
      vertex 5.31274 -2.83972 7.80629
      vertex 5.34881 -3.57396 7.64106
    endloop
  endfacet
  facet normal 0.223839 -0.134159 0.965348
    outer loop
      vertex 4.90095 -2.61961 7.95991
      vertex 4.44197 -2.37428 8.10043
      vertex 4.62059 -3.08738 7.95991
    endloop
  endfacet
  facet normal 0.268354 -0.160839 0.949798
    outer loop
      vertex 4.90095 -2.61961 7.95991
      vertex 4.62059 -3.08738 7.95991
      vertex 5.31274 -2.83972 7.80629
    endloop
  endfacet
  facet normal 0.210108 -0.231823 0.949796
    outer loop
      vertex 3.92949 -3.92949 7.95991
      vertex 3.52541 -4.29572 7.95991
      vertex 4.25965 -4.25965 7.80629
    endloop
  endfacet
  facet normal 0.301235 -0.223413 0.927008
    outer loop
      vertex 5.00882 -3.34679 7.80629
      vertex 4.65666 -3.82162 7.80629
      vertex 5.34881 -3.57396 7.64106
    endloop
  endfacet
  facet normal 0.00896658 0.0250618 0.999646
    outer loop
      vertex 0.319451 1.05309 8.60308
      vertex 0.14083 0.339994 8.62256
      vertex 0.421134 1.01671 8.60308
    endloop
  endfacet
  facet normal -0.0258197 -0.00646811 0.999646
    outer loop
      vertex -0.360936 -0.0717945 8.62256
      vertex -1.05309 -0.319451 8.60308
      vertex -0.35216 -0.106827 8.62256
    endloop
  endfacet
  facet normal 0.24571 -0.0879116 0.965349
    outer loop
      vertex 4.81981 -1.46207 8.10043
      vertex 4.6533 -1.92746 8.10043
      vertex 5.13412 -2.12662 7.95991
    endloop
  endfacet
  facet normal 0.20391 -0.0729563 0.976267
    outer loop
      vertex 4.81981 -1.46207 8.10043
      vertex 4.12766 -1.70973 8.22649
      vertex 4.6533 -1.92746 8.10043
    endloop
  endfacet
  facet normal 0.258138 0.0382915 0.965349
    outer loop
      vertex 5.45035 1.08414 7.95991
      vertex 5.01244 0.493682 8.10043
      vertex 5.53037 0.544694 7.95991
    endloop
  endfacet
  facet normal 0.260648 0.0128053 0.965349
    outer loop
      vertex 5.53037 0.544694 7.95991
      vertex 5.01244 0.493682 8.10043
      vertex 5.55713 0 7.95991
    endloop
  endfacet
  facet normal 0.363794 0.0911297 0.927011
    outer loop
      vertex 6.15596 1.86739 7.64106
      vertex 5.90831 1.17523 7.80629
      vertex 6.30936 1.25501 7.64106
    endloop
  endfacet
  facet normal 0.363795 0.0911295 0.927011
    outer loop
      vertex 6.15596 1.86739 7.64106
      vertex 5.76466 1.74869 7.80629
      vertex 5.90831 1.17523 7.80629
    endloop
  endfacet
  facet normal 0.209605 0.155456 0.965349
    outer loop
      vertex 4.29572 3.52541 7.95991
      vertex 3.89342 3.19524 8.10043
      vertex 4.62059 3.08738 7.95991
    endloop
  endfacet
  facet normal 0.223834 0.13416 0.965349
    outer loop
      vertex 4.62059 3.08738 7.95991
      vertex 4.18786 2.79824 8.10043
      vertex 4.44197 2.37428 8.10043
    endloop
  endfacet
  facet normal 0.193359 0.175247 0.96535
    outer loop
      vertex 3.92949 3.92949 7.95991
      vertex 3.56148 3.56148 8.10043
      vertex 4.29572 3.52541 7.95991
    endloop
  endfacet
  facet normal 0.175247 0.193359 0.96535
    outer loop
      vertex 3.92949 3.92949 7.95991
      vertex 3.52541 4.29572 7.95991
      vertex 3.56148 3.56148 8.10043
    endloop
  endfacet
  facet normal 0.20391 0.0729563 0.976267
    outer loop
      vertex 4.6533 1.92746 8.10043
      vertex 4.12766 1.70973 8.22649
      vertex 4.81981 1.46207 8.10043
    endloop
  endfacet
  facet normal 0.210078 0.0526251 0.976267
    outer loop
      vertex 4.81981 1.46207 8.10043
      vertex 4.27536 1.29692 8.22649
      vertex 4.3819 0.871614 8.22649
    endloop
  endfacet
  facet normal 0.0960388 0.105964 0.989721
    outer loop
      vertex 2.44607 2.98055 8.3369
      vertex 2.26745 2.26745 8.43058
      vertex 2.72644 2.72644 8.3369
    endloop
  endfacet
  facet normal 0.0851926 0.114865 0.989721
    outer loop
      vertex 2.14215 3.20596 8.3369
      vertex 1.78153 2.66624 8.43058
      vertex 2.44607 2.98055 8.3369
    endloop
  endfacet
  facet normal 0.312485 -0.0153527 0.949799
    outer loop
      vertex 6.02406 0 7.80629
      vertex 5.53037 -0.544694 7.95991
      vertex 5.99505 -0.590461 7.80629
    endloop
  endfacet
  facet normal 0.312484 -0.0153519 0.949799
    outer loop
      vertex 5.55713 0 7.95991
      vertex 5.53037 -0.544694 7.95991
      vertex 6.02406 0 7.80629
    endloop
  endfacet
  facet normal 0.138724 -0.0347483 0.989721
    outer loop
      vertex 3.78168 -0.752223 8.3369
      vertex 3.06858 -0.930844 8.43058
      vertex 3.68974 -1.11927 8.3369
    endloop
  endfacet
  facet normal 0.167367 -0.0598826 0.984074
    outer loop
      vertex 4.27536 -1.29692 8.22649
      vertex 3.56227 -1.47554 8.3369
      vertex 4.12766 -1.70973 8.22649
    endloop
  endfacet
  facet normal 0.216308 -0.0106252 0.976267
    outer loop
      vertex 5.03669 0 8.10043
      vertex 4.44623 -0.437915 8.22649
      vertex 5.01244 -0.493682 8.10043
    endloop
  endfacet
  facet normal 0.216308 -0.0106248 0.976267
    outer loop
      vertex 4.46774 0 8.22649
      vertex 4.44623 -0.437915 8.22649
      vertex 5.03669 0 8.10043
    endloop
  endfacet
  facet normal 0.110075 0.0163314 0.993789
    outer loop
      vertex 3.19122 0.314307 8.43058
      vertex 2.47812 0.492929 8.50663
      vertex 2.51451 0.247657 8.50663
    endloop
  endfacet
  facet normal 0.0531132 0.00788132 0.998557
    outer loop
      vertex 1.78733 0.355523 8.56431
      vertex 1.07933 0.214692 8.60308
      vertex 1.81358 0.178621 8.56431
    endloop
  endfacet
  facet normal 0.0816207 0.00400744 0.996655
    outer loop
      vertex 2.52667 0 8.50663
      vertex 1.81358 0.178621 8.56431
      vertex 1.82235 0 8.56431
    endloop
  endfacet
  facet normal 0.110074 -0.0163265 0.993789
    outer loop
      vertex 3.19122 -0.314307 8.43058
      vertex 2.47812 -0.492929 8.50663
      vertex 3.14505 -0.625588 8.43058
    endloop
  endfacet
  facet normal 0.214227 0.0317795 0.976267
    outer loop
      vertex 4.93991 0.98261 8.10043
      vertex 4.3819 0.871614 8.22649
      vertex 5.01244 0.493682 8.10043
    endloop
  endfacet
  facet normal 0.177542 0.00872072 0.984075
    outer loop
      vertex 4.44623 0.437915 8.22649
      vertex 3.8372 0.377932 8.3369
      vertex 4.46774 0 8.22649
    endloop
  endfacet
  facet normal 0.141464 0.0209822 0.989721
    outer loop
      vertex 3.78168 0.752223 8.3369
      vertex 3.14505 0.625588 8.43058
      vertex 3.19122 0.314307 8.43058
    endloop
  endfacet
  facet normal 0.216308 0.0106252 0.976267
    outer loop
      vertex 5.01244 0.493682 8.10043
      vertex 4.44623 0.437915 8.22649
      vertex 5.03669 0 8.10043
    endloop
  endfacet
  facet normal 0.175832 -0.026081 0.984075
    outer loop
      vertex 4.44623 -0.437915 8.22649
      vertex 3.8372 -0.377932 8.3369
      vertex 4.3819 -0.871614 8.22649
    endloop
  endfacet
  facet normal 0.177542 -0.00872072 0.984075
    outer loop
      vertex 4.46774 0 8.22649
      vertex 3.8372 -0.377932 8.3369
      vertex 4.44623 -0.437915 8.22649
    endloop
  endfacet
  facet normal 0.138725 -0.034752 0.989721
    outer loop
      vertex 3.14505 -0.625588 8.43058
      vertex 3.06858 -0.930844 8.43058
      vertex 3.78168 -0.752223 8.3369
    endloop
  endfacet
  facet normal 0.107945 -0.0270415 0.993789
    outer loop
      vertex 3.14505 -0.625588 8.43058
      vertex 2.41788 -0.733455 8.50663
      vertex 3.06858 -0.930844 8.43058
    endloop
  endfacet
  facet normal 0.309474 -0.0459049 0.949799
    outer loop
      vertex 5.99505 -0.590461 7.80629
      vertex 5.45035 -1.08414 7.95991
      vertex 5.90831 -1.17523 7.80629
    endloop
  endfacet
  facet normal 0.370976 -0.0550276 0.927011
    outer loop
      vertex 5.99505 -0.590461 7.80629
      vertex 5.90831 -1.17523 7.80629
      vertex 6.30936 -1.25501 7.64106
    endloop
  endfacet
  facet normal 0.160839 0.268354 0.949798
    outer loop
      vertex 2.83972 5.31274 7.80629
      vertex 2.61961 4.90095 7.95991
      vertex 3.08738 4.62059 7.95991
    endloop
  endfacet
  facet normal 0.186375 0.251294 0.949798
    outer loop
      vertex 3.82162 4.65666 7.80629
      vertex 3.08738 4.62059 7.95991
      vertex 3.52541 4.29572 7.95991
    endloop
  endfacet
  facet normal 0.155456 0.209605 0.965349
    outer loop
      vertex 3.52541 4.29572 7.95991
      vertex 3.08738 4.62059 7.95991
      vertex 3.19524 3.89342 8.10043
    endloop
  endfacet
  facet normal 0.193359 0.17525 0.965349
    outer loop
      vertex 4.29572 3.52541 7.95991
      vertex 3.56148 3.56148 8.10043
      vertex 3.89342 3.19524 8.10043
    endloop
  endfacet
  facet normal 0.13416 0.223834 0.965349
    outer loop
      vertex 3.08738 4.62059 7.95991
      vertex 2.37428 4.44197 8.10043
      vertex 2.79824 4.18786 8.10043
    endloop
  endfacet
  facet normal 0.111338 0.185757 0.976267
    outer loop
      vertex 2.37428 4.44197 8.10043
      vertex 2.10608 3.9402 8.22649
      vertex 2.79824 4.18786 8.10043
    endloop
  endfacet
  facet normal 0.0598826 0.167367 0.984074
    outer loop
      vertex 1.70973 4.12766 8.22649
      vertex 1.29692 4.27536 8.22649
      vertex 1.47554 3.56227 8.3369
    endloop
  endfacet
  facet normal 0.126344 0.353112 0.927011
    outer loop
      vertex 1.86739 6.15596 7.64106
      vertex 1.74869 5.76466 7.80629
      vertex 2.30531 5.5655 7.80629
    endloop
  endfacet
  facet normal 0.0913866 0.152468 0.984074
    outer loop
      vertex 2.48215 3.71479 8.22649
      vertex 2.10608 3.9402 8.22649
      vertex 2.14215 3.20596 8.3369
    endloop
  endfacet
  facet normal 0.0925952 0.195776 0.976267
    outer loop
      vertex 1.92746 4.6533 8.10043
      vertex 1.70973 4.12766 8.22649
      vertex 2.10608 3.9402 8.22649
    endloop
  endfacet
  facet normal 0.231817 0.210108 0.949798
    outer loop
      vertex 4.65666 3.82162 7.80629
      vertex 4.25965 4.25965 7.80629
      vertex 4.29572 3.52541 7.95991
    endloop
  endfacet
  facet normal 0.185757 0.111338 0.976267
    outer loop
      vertex 4.18786 2.79824 8.10043
      vertex 3.9402 2.10608 8.22649
      vertex 4.44197 2.37428 8.10043
    endloop
  endfacet
  facet normal 0.0769415 0.0275308 0.996655
    outer loop
      vertex 2.33434 0.966916 8.50663
      vertex 1.68363 0.697383 8.56431
      vertex 1.74388 0.529 8.56431
    endloop
  endfacet
  facet normal 0.0605505 0.0548787 0.996655
    outer loop
      vertex 1.78663 1.78663 8.50663
      vertex 1.4087 1.15609 8.56431
      vertex 1.95315 1.6029 8.50663
    endloop
  endfacet
  facet normal 0.160691 0.0760015 0.984074
    outer loop
      vertex 3.9402 2.10608 8.22649
      vertex 3.40049 1.8176 8.3369
      vertex 4.12766 1.70973 8.22649
    endloop
  endfacet
  facet normal 0.100596 0.0475803 0.993789
    outer loop
      vertex 2.82802 1.51161 8.43058
      vertex 2.22833 1.19107 8.50663
      vertex 2.96257 1.22714 8.43058
    endloop
  endfacet
  facet normal 0.0360589 0.0397848 0.998557
    outer loop
      vertex 1.15609 1.4087 8.56431
      vertex 0.698135 0.850681 8.60308
      vertex 0.778155 0.778155 8.60308
    endloop
  endfacet
  facet normal 0.0656387 0.0486786 0.996655
    outer loop
      vertex 1.95315 1.6029 8.50663
      vertex 1.4087 1.15609 8.56431
      vertex 2.10085 1.40374 8.50663
    endloop
  endfacet
  facet normal 0.0662887 0.0893798 0.993789
    outer loop
      vertex 1.78153 2.66624 8.43058
      vertex 1.40374 2.10085 8.50663
      vertex 2.03429 2.47878 8.43058
    endloop
  endfacet
  facet normal 0.0486776 0.0656391 0.996655
    outer loop
      vertex 1.40374 2.10085 8.50663
      vertex 1.01244 1.51523 8.56431
      vertex 1.15609 1.4087 8.56431
    endloop
  endfacet
  facet normal -0.13416 0.223834 0.965349
    outer loop
      vertex -2.37428 4.44197 8.10043
      vertex -3.08738 4.62059 7.95991
      vertex -2.79824 4.18786 8.10043
    endloop
  endfacet
  facet normal 0.0572087 0.0954493 0.993789
    outer loop
      vertex 1.51161 2.82802 8.43058
      vertex 1.19107 2.22833 8.50663
      vertex 1.78153 2.66624 8.43058
    endloop
  endfacet
  facet normal -0.27134 0.758352 0.592686
    outer loop
      vertex -2.15357 7.09937 6.89713
      vertex -2.83906 6.8541 6.89713
      vertex -2.11189 6.96196 7.09203
    endloop
  endfacet
  facet normal -0.228296 0.91142 0.342338
    outer loop
      vertex -1.46141 7.34703 6.69936
      vertex -2.17451 7.16841 6.69936
      vertex -1.44734 7.27627 6.89713
    endloop
  endfacet
  facet normal -0.118183 0.796723 0.592677
    outer loop
      vertex -0.713098 7.2402 7.09203
      vertex -1.44734 7.27627 6.89713
      vertex -1.41933 7.13544 7.09203
    endloop
  endfacet
  facet normal 0.0460978 0.938438 0.342359
    outer loop
      vertex 0 7.49097 6.69936
      vertex 0 7.41882 6.89713
      vertex 0.727171 7.3831 6.89713
    endloop
  endfacet
  facet normal -0.0460978 0.938438 0.342359
    outer loop
      vertex 0 7.49097 6.69936
      vertex -0.727171 7.3831 6.89713
      vertex 0 7.41882 6.89713
    endloop
  endfacet
  facet normal 0.228297 0.911418 0.342341
    outer loop
      vertex 2.17451 7.16841 6.69936
      vertex 1.44734 7.27627 6.89713
      vertex 2.15357 7.09937 6.89713
    endloop
  endfacet
  facet normal 0.316531 0.884653 0.34234
    outer loop
      vertex 2.17451 7.16841 6.69936
      vertex 2.15357 7.09937 6.89713
      vertex 2.83906 6.8541 6.89713
    endloop
  endfacet
  facet normal -0.479799 0.646926 0.592688
    outer loop
      vertex -4.12168 6.16853 6.89713
      vertex -4.70645 5.73483 6.89713
      vertex -4.0419 6.04914 7.09203
    endloop
  endfacet
  facet normal -0.396332 0.534388 0.746559
    outer loop
      vertex -4.0419 6.04914 7.09203
      vertex -4.61536 5.62383 7.09203
      vertex -4.47982 5.45868 7.2822
    endloop
  endfacet
  facet normal -0.630989 0.696186 0.342313
    outer loop
      vertex -4.75222 5.79059 6.69936
      vertex -5.29691 5.29691 6.69936
      vertex -5.2459 5.2459 6.89713
    endloop
  endfacet
  facet normal -0.595704 0.803204 0
    outer loop
      vertex -4.16176 6.22851 6.6
      vertex -4.75222 5.79059 6.69936
      vertex -4.16176 6.22851 6.69936
    endloop
  endfacet
  facet normal -0.595704 0.803204 0
    outer loop
      vertex -4.75222 5.79059 6.69936
      vertex -4.16176 6.22851 6.6
      vertex -4.75222 5.79059 6.6
    endloop
  endfacet
  facet normal -0.596796 0.540906 0.592668
    outer loop
      vertex -5.2459 5.2459 6.89713
      vertex -5.73483 4.70645 6.89713
      vertex -5.14437 5.14437 7.09203
    endloop
  endfacet
  facet normal -0.540893 0.596792 0.592683
    outer loop
      vertex -4.70645 5.73483 6.89713
      vertex -5.14437 5.14437 7.09203
      vertex -4.61536 5.62383 7.09203
    endloop
  endfacet
  facet normal -0.146724 0.989178 0
    outer loop
      vertex -0.734242 7.45489 6.6
      vertex -1.46141 7.34703 6.69936
      vertex -0.734242 7.45489 6.69936
    endloop
  endfacet
  facet normal -0.146724 0.989178 0
    outer loop
      vertex -1.46141 7.34703 6.69936
      vertex -0.734242 7.45489 6.6
      vertex -1.46141 7.34703 6.6
    endloop
  endfacet
  facet normal -0.414073 0.690844 0.592687
    outer loop
      vertex -3.49721 6.54282 6.89713
      vertex -4.12168 6.16853 6.89713
      vertex -4.0419 6.04914 7.09203
    endloop
  endfacet
  facet normal -0.483042 0.805909 0.342318
    outer loop
      vertex -3.53122 6.60644 6.69936
      vertex -4.16176 6.22851 6.69936
      vertex -3.49721 6.54282 6.89713
    endloop
  endfacet
  facet normal -0.0395184 0.804467 0.592681
    outer loop
      vertex 0 7.41882 6.89713
      vertex -0.713098 7.2402 7.09203
      vertex 0 7.27523 7.09203
    endloop
  endfacet
  facet normal -0.0395168 0.804465 0.592684
    outer loop
      vertex 0 7.41882 6.89713
      vertex -0.727171 7.3831 6.89713
      vertex -0.713098 7.2402 7.09203
    endloop
  endfacet
  facet normal -0.316537 0.884656 0.342327
    outer loop
      vertex -2.17451 7.16841 6.69936
      vertex -2.86667 6.92075 6.69936
      vertex -2.83906 6.8541 6.89713
    endloop
  endfacet
  facet normal -0.401724 0.84937 0.342328
    outer loop
      vertex -2.86667 6.92075 6.69936
      vertex -3.53122 6.60644 6.69936
      vertex -2.83906 6.8541 6.89713
    endloop
  endfacet
  facet normal 0.097627 0.658106 0.746569
    outer loop
      vertex 1.41933 7.13544 7.09203
      vertex 0.692156 7.02758 7.2822
      vertex 1.37765 6.92589 7.2822
    endloop
  endfacet
  facet normal -0.0221399 0.450763 0.892369
    outer loop
      vertex 0 6.77992 7.4658
      vertex -0.63054 6.40199 7.64106
      vertex 0 6.43296 7.64106
    endloop
  endfacet
  facet normal -0.126346 0.353113 0.92701
    outer loop
      vertex -1.86739 6.15596 7.64106
      vertex -2.46179 5.94328 7.64106
      vertex -2.30531 5.5655 7.80629
    endloop
  endfacet
  facet normal -0.109654 0.437782 0.892369
    outer loop
      vertex -1.3227 6.64964 7.4658
      vertex -1.96811 6.48798 7.4658
      vertex -1.86739 6.15596 7.64106
    endloop
  endfacet
  facet normal 0.0459049 0.309474 0.949799
    outer loop
      vertex 1.17523 5.90831 7.80629
      vertex 0.590461 5.99505 7.80629
      vertex 1.08414 5.45035 7.95991
    endloop
  endfacet
  facet normal -0.0382932 0.258136 0.965349
    outer loop
      vertex -0.493682 5.01244 8.10043
      vertex -1.08414 5.45035 7.95991
      vertex -0.98261 4.93991 8.10043
    endloop
  endfacet
  facet normal -0.134159 0.223839 0.965348
    outer loop
      vertex -2.61961 4.90095 7.95991
      vertex -3.08738 4.62059 7.95991
      vertex -2.37428 4.44197 8.10043
    endloop
  endfacet
  facet normal -0.0879138 0.245706 0.96535
    outer loop
      vertex -1.61315 5.31784 7.95991
      vertex -2.12662 5.13412 7.95991
      vertex -1.46207 4.81981 8.10043
    endloop
  endfacet
  facet normal -0.152042 0.424923 0.89237
    outer loop
      vertex -1.96811 6.48798 7.4658
      vertex -2.59456 6.26383 7.4658
      vertex -1.86739 6.15596 7.64106
    endloop
  endfacet
  facet normal -0.184126 0.514593 0.837432
    outer loop
      vertex -2.04987 6.75751 7.2822
      vertex -2.59456 6.26383 7.4658
      vertex -1.96811 6.48798 7.4658
    endloop
  endfacet
  facet normal -0.232012 0.387099 0.89237
    outer loop
      vertex -3.19603 5.97935 7.4658
      vertex -3.76672 5.6373 7.4658
      vertex -3.57396 5.34881 7.64106
    endloop
  endfacet
  facet normal -0.192808 0.321672 0.927012
    outer loop
      vertex -3.03248 5.67337 7.64106
      vertex -3.57396 5.34881 7.64106
      vertex -2.83972 5.31274 7.80629
    endloop
  endfacet
  facet normal -0.00872072 0.177542 0.984075
    outer loop
      vertex 0 4.46774 8.22649
      vertex -0.437915 4.44623 8.22649
      vertex -0.377932 3.8372 8.3369
    endloop
  endfacet
  facet normal -0.0106248 0.216308 0.976267
    outer loop
      vertex 0 5.03669 8.10043
      vertex -0.437915 4.44623 8.22649
      vertex 0 4.46774 8.22649
    endloop
  endfacet
  facet normal -0.0128031 0.260647 0.965349
    outer loop
      vertex 0 5.55713 7.95991
      vertex -0.493682 5.01244 8.10043
      vertex 0 5.03669 8.10043
    endloop
  endfacet
  facet normal 0.026081 0.175832 0.984075
    outer loop
      vertex 0.437915 4.44623 8.22649
      vertex 0.377932 3.8372 8.3369
      vertex 0.871614 4.3819 8.22649
    endloop
  endfacet
  facet normal -0.0128053 0.260648 0.965349
    outer loop
      vertex 0 5.55713 7.95991
      vertex -0.544694 5.53037 7.95991
      vertex -0.493682 5.01244 8.10043
    endloop
  endfacet
  facet normal -0.0382915 0.258138 0.965349
    outer loop
      vertex -0.544694 5.53037 7.95991
      vertex -1.08414 5.45035 7.95991
      vertex -0.493682 5.01244 8.10043
    endloop
  endfacet
  facet normal 0.401724 0.84937 0.342328
    outer loop
      vertex 2.86667 6.92075 6.69936
      vertex 2.83906 6.8541 6.89713
      vertex 3.53122 6.60644 6.69936
    endloop
  endfacet
  facet normal 0.630989 0.696186 0.342313
    outer loop
      vertex 5.29691 5.29691 6.69936
      vertex 4.75222 5.79059 6.69936
      vertex 5.2459 5.2459 6.89713
    endloop
  endfacet
  facet normal 0.414067 0.690841 0.592695
    outer loop
      vertex 3.49721 6.54282 6.89713
      vertex 3.42952 6.41618 7.09203
      vertex 4.0419 6.04914 7.09203
    endloop
  endfacet
  facet normal 0.344363 0.728098 0.592695
    outer loop
      vertex 3.49721 6.54282 6.89713
      vertex 2.83906 6.8541 6.89713
      vertex 3.42952 6.41618 7.09203
    endloop
  endfacet
  facet normal 0.0268147 0.545881 0.837434
    outer loop
      vertex 0 7.06158 7.2822
      vertex 0 6.77992 7.4658
      vertex 0.692156 7.02758 7.2822
    endloop
  endfacet
  facet normal 0.0184036 0.374582 0.927011
    outer loop
      vertex 0.63054 6.40199 7.64106
      vertex 0 6.02406 7.80629
      vertex 0.590461 5.99505 7.80629
    endloop
  endfacet
  facet normal 0.0550276 0.370976 0.927011
    outer loop
      vertex 1.25501 6.30936 7.64106
      vertex 0.590461 5.99505 7.80629
      vertex 1.17523 5.90831 7.80629
    endloop
  endfacet
  facet normal -0.0183986 0.374589 0.927008
    outer loop
      vertex 0 6.43296 7.64106
      vertex -0.63054 6.40199 7.64106
      vertex 0 6.02406 7.80629
    endloop
  endfacet
  facet normal 0.0911297 0.363794 0.927011
    outer loop
      vertex 1.25501 6.30936 7.64106
      vertex 1.17523 5.90831 7.80629
      vertex 1.86739 6.15596 7.64106
    endloop
  endfacet
  facet normal 0.109666 0.437793 0.892362
    outer loop
      vertex 1.3227 6.64964 7.4658
      vertex 1.25501 6.30936 7.64106
      vertex 1.86739 6.15596 7.64106
    endloop
  endfacet
  facet normal 0.0911295 0.363795 0.927011
    outer loop
      vertex 1.86739 6.15596 7.64106
      vertex 1.17523 5.90831 7.80629
      vertex 1.74869 5.76466 7.80629
    endloop
  endfacet
  facet normal 0.0760217 0.303484 0.949799
    outer loop
      vertex 1.17523 5.90831 7.80629
      vertex 1.08414 5.45035 7.95991
      vertex 1.74869 5.76466 7.80629
    endloop
  endfacet
  facet normal 0.184126 0.514593 0.837432
    outer loop
      vertex 2.04987 6.75751 7.2822
      vertex 1.96811 6.48798 7.4658
      vertex 2.59456 6.26383 7.4658
    endloop
  endfacet
  facet normal 0.152042 0.424923 0.89237
    outer loop
      vertex 1.96811 6.48798 7.4658
      vertex 1.86739 6.15596 7.64106
      vertex 2.59456 6.26383 7.4658
    endloop
  endfacet
  facet normal 0.280974 0.468788 0.837431
    outer loop
      vertex 3.9232 5.87149 7.2822
      vertex 3.19603 5.97935 7.4658
      vertex 3.76672 5.6373 7.4658
    endloop
  endfacet
  facet normal 0.232012 0.387099 0.89237
    outer loop
      vertex 3.76672 5.6373 7.4658
      vertex 3.19603 5.97935 7.4658
      vertex 3.57396 5.34881 7.64106
    endloop
  endfacet
  facet normal 0.233674 0.494051 0.837443
    outer loop
      vertex 3.32881 6.22776 7.2822
      vertex 2.59456 6.26383 7.4658
      vertex 3.19603 5.97935 7.4658
    endloop
  endfacet
  facet normal 0.280974 0.468768 0.837443
    outer loop
      vertex 3.32881 6.22776 7.2822
      vertex 3.19603 5.97935 7.4658
      vertex 3.9232 5.87149 7.2822
    endloop
  endfacet
  facet normal 0.941544 0.336891 0
    outer loop
      vertex 7.16841 2.17451 6.69936
      vertex 6.92075 2.86667 6.6
      vertex 6.92075 2.86667 6.69936
    endloop
  endfacet
  facet normal 0.941544 0.336891 0
    outer loop
      vertex 6.92075 2.86667 6.6
      vertex 7.16841 2.17451 6.69936
      vertex 7.16841 2.17451 6.6
    endloop
  endfacet
  facet normal 0.601433 0.28446 0.746566
    outer loop
      vertex 6.72144 2.78411 7.09203
      vertex 6.41618 3.42952 7.09203
      vertex 6.52405 2.70235 7.2822
    endloop
  endfacet
  facet normal 0.62642 0.224136 0.746566
    outer loop
      vertex 6.72144 2.78411 7.09203
      vertex 6.52405 2.70235 7.2822
      vertex 6.75751 2.04987 7.2822
    endloop
  endfacet
  facet normal 0.25186 0.27788 0.927011
    outer loop
      vertex 4.08103 4.97275 7.64106
      vertex 3.82162 4.65666 7.80629
      vertex 4.54879 4.54879 7.64106
    endloop
  endfacet
  facet normal 0.223404 0.301233 0.927011
    outer loop
      vertex 4.08103 4.97275 7.64106
      vertex 3.57396 5.34881 7.64106
      vertex 3.82162 4.65666 7.80629
    endloop
  endfacet
  facet normal 0.334395 0.303083 0.892368
    outer loop
      vertex 5.24095 4.30114 7.4658
      vertex 4.54879 4.54879 7.64106
      vertex 4.97275 4.08103 7.64106
    endloop
  endfacet
  facet normal 0.334394 0.303077 0.892371
    outer loop
      vertex 4.79413 4.79413 7.4658
      vertex 4.54879 4.54879 7.64106
      vertex 5.24095 4.30114 7.4658
    endloop
  endfacet
  facet normal 0.339023 0.160348 0.927013
    outer loop
      vertex 5.67337 3.03248 7.64106
      vertex 5.31274 2.83972 7.80629
      vertex 5.5655 2.30531 7.80629
    endloop
  endfacet
  facet normal 0.160467 0.145439 0.976267
    outer loop
      vertex 3.56148 3.56148 8.10043
      vertex 3.45361 2.83431 8.22649
      vertex 3.89342 3.19524 8.10043
    endloop
  endfacet
  facet normal 0.294576 0.105399 0.949798
    outer loop
      vertex 5.5655 2.30531 7.80629
      vertex 5.13412 2.12662 7.95991
      vertex 5.31784 1.61315 7.95991
    endloop
  endfacet
  facet normal 0.294575 0.1054 0.949798
    outer loop
      vertex 5.5655 2.30531 7.80629
      vertex 5.31784 1.61315 7.95991
      vertex 5.76466 1.74869 7.80629
    endloop
  endfacet
  facet normal 0.479799 0.646926 0.592688
    outer loop
      vertex 4.12168 6.16853 6.89713
      vertex 4.0419 6.04914 7.09203
      vertex 4.70645 5.73483 6.89713
    endloop
  endfacet
  facet normal 0.559715 0.75468 0.342312
    outer loop
      vertex 4.16176 6.22851 6.69936
      vertex 4.12168 6.16853 6.89713
      vertex 4.70645 5.73483 6.89713
    endloop
  endfacet
  facet normal 0.396332 0.534388 0.746559
    outer loop
      vertex 4.61536 5.62383 7.09203
      vertex 4.0419 6.04914 7.09203
      vertex 4.47982 5.45868 7.2822
    endloop
  endfacet
  facet normal 0.446797 0.492972 0.746559
    outer loop
      vertex 4.61536 5.62383 7.09203
      vertex 4.47982 5.45868 7.2822
      vertex 5.14437 5.14437 7.09203
    endloop
  endfacet
  facet normal -0.107945 -0.0270415 0.993789
    outer loop
      vertex -2.41788 -0.733455 8.50663
      vertex -3.14505 -0.625588 8.43058
      vertex -3.06858 -0.930844 8.43058
    endloop
  endfacet
  facet normal -0.138725 -0.034752 0.989721
    outer loop
      vertex -3.14505 -0.625588 8.43058
      vertex -3.78168 -0.752223 8.3369
      vertex -3.06858 -0.930844 8.43058
    endloop
  endfacet
  facet normal -0.0729576 -0.203911 0.976267
    outer loop
      vertex -1.29692 -4.27536 8.22649
      vertex -1.70973 -4.12766 8.22649
      vertex -1.46207 -4.81981 8.10043
    endloop
  endfacet
  facet normal 0.00390651 -0.0263294 0.999646
    outer loop
      vertex 0.214692 -1.07933 8.60308
      vertex 0.0717945 -0.360936 8.62256
      vertex 0.107865 -1.09518 8.60308
    endloop
  endfacet
  facet normal -0.105964 -0.0960388 0.989721
    outer loop
      vertex -2.26745 -2.26745 8.43058
      vertex -2.98055 -2.44607 8.3369
      vertex -2.72644 -2.72644 8.3369
    endloop
  endfacet
  facet normal -0.105891 -0.142773 0.984075
    outer loop
      vertex -2.44607 -2.98055 8.3369
      vertex -2.83431 -3.45361 8.22649
      vertex -2.14215 -3.20596 8.3369
    endloop
  endfacet
  facet normal -0.0526251 -0.210078 0.976267
    outer loop
      vertex -1.29692 -4.27536 8.22649
      vertex -1.46207 -4.81981 8.10043
      vertex -0.871614 -4.3819 8.22649
    endloop
  endfacet
  facet normal -0.0760002 -0.160691 0.984074
    outer loop
      vertex -1.47554 -3.56227 8.3369
      vertex -1.8176 -3.40049 8.3369
      vertex -1.70973 -4.12766 8.22649
    endloop
  endfacet
  facet normal -0.0960388 -0.105964 0.989721
    outer loop
      vertex -2.26745 -2.26745 8.43058
      vertex -2.72644 -2.72644 8.3369
      vertex -2.44607 -2.98055 8.3369
    endloop
  endfacet
  facet normal -0.0960419 -0.105963 0.989721
    outer loop
      vertex -2.26745 -2.26745 8.43058
      vertex -2.44607 -2.98055 8.3369
      vertex -2.03429 -2.47878 8.43058
    endloop
  endfacet
  facet normal -0.122663 -0.0735196 0.989722
    outer loop
      vertex -2.82802 -1.51161 8.43058
      vertex -3.40049 -1.8176 8.3369
      vertex -2.66624 -1.78153 8.43058
    endloop
  endfacet
  facet normal -0.122663 -0.0735221 0.989721
    outer loop
      vertex -2.66624 -1.78153 8.43058
      vertex -3.40049 -1.8176 8.3369
      vertex -3.20596 -2.14215 8.3369
    endloop
  endfacet
  facet normal 0.0198533 -0.07927 0.996655
    outer loop
      vertex 0.529 -1.74388 8.56431
      vertex 0.492929 -2.47812 8.50663
      vertex 0.733455 -2.41788 8.50663
    endloop
  endfacet
  facet normal 0.026081 -0.175832 0.984075
    outer loop
      vertex 0.871614 -4.3819 8.22649
      vertex 0.377932 -3.8372 8.3369
      vertex 0.437915 -4.44623 8.22649
    endloop
  endfacet
  facet normal 0.00872072 -0.177542 0.984075
    outer loop
      vertex 0.377932 -3.8372 8.3369
      vertex 0 -4.46774 8.22649
      vertex 0.437915 -4.44623 8.22649
    endloop
  endfacet
  facet normal 0.0925949 -0.195776 0.976267
    outer loop
      vertex 2.10608 -3.9402 8.22649
      vertex 1.92746 -4.6533 8.10043
      vertex 2.37428 -4.44197 8.10043
    endloop
  endfacet
  facet normal 0.0816207 -0.00400744 0.996655
    outer loop
      vertex 1.82235 0 8.56431
      vertex 1.81358 -0.178621 8.56431
      vertex 2.52667 0 8.50663
    endloop
  endfacet
  facet normal 0.0851915 -0.114867 0.989721
    outer loop
      vertex 2.03429 -2.47878 8.43058
      vertex 1.78153 -2.66624 8.43058
      vertex 2.44607 -2.98055 8.3369
    endloop
  endfacet
  facet normal -0.514589 -0.184122 0.837435
    outer loop
      vertex -6.26383 -2.59456 7.4658
      vertex -6.75751 -2.04987 7.2822
      vertex -6.52405 -2.70235 7.2822
    endloop
  endfacet
  facet normal -0.446435 -0.0662239 0.892362
    outer loop
      vertex -6.30936 -1.25501 7.64106
      vertex -6.74727 -0.664548 7.4658
      vertex -6.64964 -1.3227 7.4658
    endloop
  endfacet
  facet normal -0.437793 -0.109666 0.892362
    outer loop
      vertex -6.30936 -1.25501 7.64106
      vertex -6.64964 -1.3227 7.4658
      vertex -6.15596 -1.86739 7.64106
    endloop
  endfacet
  facet normal -0.363795 -0.0911295 0.927011
    outer loop
      vertex -5.90831 -1.17523 7.80629
      vertex -6.15596 -1.86739 7.64106
      vertex -5.76466 -1.74869 7.80629
    endloop
  endfacet
  facet normal -0.321672 -0.192808 0.927012
    outer loop
      vertex -5.31274 -2.83972 7.80629
      vertex -5.67337 -3.03248 7.64106
      vertex -5.34881 -3.57396 7.64106
    endloop
  endfacet
  facet normal -0.690841 -0.414067 0.592695
    outer loop
      vertex -6.41618 -3.42952 7.09203
      vertex -6.54282 -3.49721 6.89713
      vertex -6.04914 -4.0419 7.09203
    endloop
  endfacet
  facet normal -0.339023 -0.160348 0.927013
    outer loop
      vertex -5.5655 -2.30531 7.80629
      vertex -5.67337 -3.03248 7.64106
      vertex -5.31274 -2.83972 7.80629
    endloop
  endfacet
  facet normal -0.570648 -0.342039 0.746572
    outer loop
      vertex -5.87149 -3.9232 7.2822
      vertex -6.22776 -3.32881 7.2822
      vertex -6.04914 -4.0419 7.09203
    endloop
  endfacet
  facet normal -0.424926 -0.152041 0.892368
    outer loop
      vertex -6.15596 -1.86739 7.64106
      vertex -6.26383 -2.59456 7.4658
      vertex -5.94328 -2.46179 7.64106
    endloop
  endfacet
  facet normal -0.62642 -0.224136 0.746566
    outer loop
      vertex -6.52405 -2.70235 7.2822
      vertex -6.75751 -2.04987 7.2822
      vertex -6.72144 -2.78411 7.09203
    endloop
  endfacet
  facet normal -0.10589 -0.142776 0.984074
    outer loop
      vertex -2.14215 -3.20596 8.3369
      vertex -2.83431 -3.45361 8.22649
      vertex -2.48215 -3.71479 8.22649
    endloop
  endfacet
  facet normal -0.142773 -0.105891 0.984075
    outer loop
      vertex -3.20596 -2.14215 8.3369
      vertex -3.45361 -2.83431 8.22649
      vertex -2.98055 -2.44607 8.3369
    endloop
  endfacet
  facet normal -0.0816207 0.00400744 0.996655
    outer loop
      vertex -1.81358 0.178621 8.56431
      vertex -2.52667 0 8.50663
      vertex -1.82235 0 8.56431
    endloop
  endfacet
  facet normal -0.0531131 0.00788044 0.998557
    outer loop
      vertex -1.07933 0.214692 8.60308
      vertex -1.81358 0.178621 8.56431
      vertex -1.09518 0.107865 8.60308
    endloop
  endfacet
  facet normal -0.152468 0.0913867 0.984074
    outer loop
      vertex -3.20596 2.14215 8.3369
      vertex -3.9402 2.10608 8.22649
      vertex -3.40049 1.8176 8.3369
    endloop
  endfacet
  facet normal -0.0954493 0.0572087 0.993789
    outer loop
      vertex -2.66624 1.78153 8.43058
      vertex -2.82802 1.51161 8.43058
      vertex -2.22833 1.19107 8.50663
    endloop
  endfacet
  facet normal -0.223839 0.134159 0.965348
    outer loop
      vertex -4.62059 3.08738 7.95991
      vertex -4.90095 2.61961 7.95991
      vertex -4.44197 2.37428 8.10043
    endloop
  endfacet
  facet normal -0.25314 0.0634082 0.965349
    outer loop
      vertex -5.31784 1.61315 7.95991
      vertex -5.45035 1.08414 7.95991
      vertex -4.81981 1.46207 8.10043
    endloop
  endfacet
  facet normal -0.216308 -0.0106248 0.976267
    outer loop
      vertex -4.46774 0 8.22649
      vertex -5.03669 0 8.10043
      vertex -4.44623 -0.437915 8.22649
    endloop
  endfacet
  facet normal -0.172428 -0.0431936 0.984075
    outer loop
      vertex -3.78168 -0.752223 8.3369
      vertex -4.3819 -0.871614 8.22649
      vertex -4.27536 -1.29692 8.22649
    endloop
  endfacet
  facet normal -0.110074 0.0163265 0.993789
    outer loop
      vertex -3.14505 0.625588 8.43058
      vertex -3.19122 0.314307 8.43058
      vertex -2.47812 0.492929 8.50663
    endloop
  endfacet
  facet normal -0.142838 0.00701678 0.989721
    outer loop
      vertex -3.19122 0.314307 8.43058
      vertex -3.8372 0.377932 8.3369
      vertex -3.20666 0 8.43058
    endloop
  endfacet
  facet normal -0.177544 0.00872377 0.984074
    outer loop
      vertex -3.8372 0.377932 8.3369
      vertex -4.46774 0 8.22649
      vertex -3.85577 0 8.3369
    endloop
  endfacet
  facet normal -0.138725 0.034752 0.989721
    outer loop
      vertex -3.06858 0.930844 8.43058
      vertex -3.78168 0.752223 8.3369
      vertex -3.14505 0.625588 8.43058
    endloop
  endfacet
  facet normal -0.131709 0.119373 0.984075
    outer loop
      vertex -2.72644 2.72644 8.3369
      vertex -3.45361 2.83431 8.22649
      vertex -2.98055 2.44607 8.3369
    endloop
  endfacet
  facet normal -0.142776 0.10589 0.984074
    outer loop
      vertex -3.45361 2.83431 8.22649
      vertex -3.71479 2.48215 8.22649
      vertex -3.20596 2.14215 8.3369
    endloop
  endfacet
  facet normal 0.0374912 0.104773 0.993789
    outer loop
      vertex 1.22714 2.96257 8.43058
      vertex 0.733455 2.41788 8.50663
      vertex 0.966916 2.33434 8.50663
    endloop
  endfacet
  facet normal 0.0130457 0.0520858 0.998557
    outer loop
      vertex 0.355523 1.78733 8.56431
      vertex 0.319451 1.05309 8.60308
      vertex 0.529 1.74388 8.56431
    endloop
  endfacet
  facet normal -0.10589 0.142776 0.984074
    outer loop
      vertex -2.48215 3.71479 8.22649
      vertex -2.83431 3.45361 8.22649
      vertex -2.14215 3.20596 8.3369
    endloop
  endfacet
  facet normal -0.0431275 0.0319859 0.998557
    outer loop
      vertex -0.850681 0.698135 8.60308
      vertex -1.4087 1.15609 8.56431
      vertex -0.915014 0.611393 8.60308
    endloop
  endfacet
  facet normal -0.0536298 0.00263512 0.998557
    outer loop
      vertex -1.09518 0.107865 8.60308
      vertex -1.81358 0.178621 8.56431
      vertex -1.10048 0 8.60308
    endloop
  endfacet
  facet normal -0.0265854 -0.00130602 0.999646
    outer loop
      vertex -0.368007 0 8.62256
      vertex -1.10048 0 8.60308
      vertex -0.366235 -0.0360708 8.62256
    endloop
  endfacet
  facet normal -0.0700925 0.0420125 0.996655
    outer loop
      vertex -1.51523 1.01244 8.56431
      vertex -2.10085 1.40374 8.50663
      vertex -1.60717 0.85905 8.56431
    endloop
  endfacet
  facet normal -0.0700907 0.0420142 0.996655
    outer loop
      vertex -2.10085 1.40374 8.50663
      vertex -2.22833 1.19107 8.50663
      vertex -1.60717 0.85905 8.56431
    endloop
  endfacet
  facet normal -0.0747307 0.0824542 0.993789
    outer loop
      vertex -1.6029 1.95315 8.50663
      vertex -2.26745 2.26745 8.43058
      vertex -1.78663 1.78663 8.50663
    endloop
  endfacet
  facet normal -0.0163265 0.110074 0.993789
    outer loop
      vertex -0.314307 3.19122 8.43058
      vertex -0.625588 3.14505 8.43058
      vertex -0.492929 2.47812 8.50663
    endloop
  endfacet
  facet normal -0.186375 0.251296 0.949797
    outer loop
      vertex -3.34679 5.00882 7.80629
      vertex -3.82162 4.65666 7.80629
      vertex -3.08738 4.62059 7.95991
    endloop
  endfacet
  facet normal -0.17525 0.193359 0.965349
    outer loop
      vertex -3.52541 4.29572 7.95991
      vertex -3.56148 3.56148 8.10043
      vertex -3.19524 3.89342 8.10043
    endloop
  endfacet
  facet normal -0.145439 0.160467 0.976267
    outer loop
      vertex -3.19524 3.89342 8.10043
      vertex -3.56148 3.56148 8.10043
      vertex -2.83431 3.45361 8.22649
    endloop
  endfacet
  facet normal -0.277883 0.25186 0.92701
    outer loop
      vertex -4.54879 4.54879 7.64106
      vertex -4.65666 3.82162 7.80629
      vertex -4.25965 4.25965 7.80629
    endloop
  endfacet
  facet normal -0.303484 0.0760217 0.949799
    outer loop
      vertex -5.76466 1.74869 7.80629
      vertex -5.90831 1.17523 7.80629
      vertex -5.45035 1.08414 7.95991
    endloop
  endfacet
  facet normal -0.309474 0.0459049 0.949799
    outer loop
      vertex -5.90831 1.17523 7.80629
      vertex -5.99505 0.590461 7.80629
      vertex -5.45035 1.08414 7.95991
    endloop
  endfacet
  facet normal -0.294575 0.1054 0.949798
    outer loop
      vertex -5.5655 2.30531 7.80629
      vertex -5.76466 1.74869 7.80629
      vertex -5.31784 1.61315 7.95991
    endloop
  endfacet
  facet normal -0.282825 0.133768 0.949798
    outer loop
      vertex -5.31274 2.83972 7.80629
      vertex -5.5655 2.30531 7.80629
      vertex -4.90095 2.61961 7.95991
    endloop
  endfacet
  facet normal -0.20391 0.0729563 0.976267
    outer loop
      vertex -4.6533 1.92746 8.10043
      vertex -4.81981 1.46207 8.10043
      vertex -4.12766 1.70973 8.22649
    endloop
  endfacet
  facet normal -0.282825 0.133768 0.949798
    outer loop
      vertex -4.90095 2.61961 7.95991
      vertex -5.5655 2.30531 7.80629
      vertex -5.13412 2.12662 7.95991
    endloop
  endfacet
  facet normal -0.325573 0.438988 0.837431
    outer loop
      vertex -3.9232 5.87149 7.2822
      vertex -4.30114 5.24095 7.4658
      vertex -3.76672 5.6373 7.4658
    endloop
  endfacet
  facet normal -0.325568 0.438986 0.837434
    outer loop
      vertex -3.9232 5.87149 7.2822
      vertex -4.47982 5.45868 7.2822
      vertex -4.30114 5.24095 7.4658
    endloop
  endfacet
  facet normal -0.268354 0.160839 0.949798
    outer loop
      vertex -4.62059 3.08738 7.95991
      vertex -5.31274 2.83972 7.80629
      vertex -4.90095 2.61961 7.95991
    endloop
  endfacet
  facet normal -0.438988 0.325573 0.837431
    outer loop
      vertex -5.24095 4.30114 7.4658
      vertex -5.87149 3.9232 7.2822
      vertex -5.6373 3.76672 7.4658
    endloop
  endfacet
  facet normal -0.646926 0.479799 0.592688
    outer loop
      vertex -5.73483 4.70645 6.89713
      vertex -6.16853 4.12168 6.89713
      vertex -6.04914 4.0419 7.09203
    endloop
  endfacet
  facet normal -0.601446 0.28446 0.746555
    outer loop
      vertex -6.41618 3.42952 7.09203
      vertex -6.52405 2.70235 7.2822
      vertex -6.22776 3.32881 7.2822
    endloop
  endfacet
  facet normal -0.57067 0.34204 0.746555
    outer loop
      vertex -6.04914 4.0419 7.09203
      vertex -6.41618 3.42952 7.09203
      vertex -6.22776 3.32881 7.2822
    endloop
  endfacet
  facet normal -0.570648 0.342039 0.746572
    outer loop
      vertex -6.04914 4.0419 7.09203
      vertex -6.22776 3.32881 7.2822
      vertex -5.87149 3.9232 7.2822
    endloop
  endfacet
  facet normal -0.74095 0.67156 0
    outer loop
      vertex -5.79059 4.75222 6.6
      vertex -5.29691 5.29691 6.69936
      vertex -5.29691 5.29691 6.6
    endloop
  endfacet
  facet normal -0.74095 0.67156 0
    outer loop
      vertex -5.29691 5.29691 6.69936
      vertex -5.79059 4.75222 6.6
      vertex -5.79059 4.75222 6.69936
    endloop
  endfacet
  facet normal -0.803204 0.595704 0
    outer loop
      vertex -6.22851 4.16176 6.6
      vertex -5.79059 4.75222 6.69936
      vertex -5.79059 4.75222 6.6
    endloop
  endfacet
  facet normal -0.803204 0.595704 0
    outer loop
      vertex -5.79059 4.75222 6.69936
      vertex -6.22851 4.16176 6.6
      vertex -6.22851 4.16176 6.69936
    endloop
  endfacet
  facet normal -0.336891 -0.941544 0
    outer loop
      vertex -2.86667 -6.92075 6.6
      vertex -2.17451 -7.16841 6.69936
      vertex -2.86667 -6.92075 6.69936
    endloop
  endfacet
  facet normal -0.336891 -0.941544 -0
    outer loop
      vertex -2.17451 -7.16841 6.69936
      vertex -2.86667 -6.92075 6.6
      vertex -2.17451 -7.16841 6.6
    endloop
  endfacet
  facet normal -0.630988 -0.696186 0.342315
    outer loop
      vertex -4.70645 -5.73483 6.89713
      vertex -5.2459 -5.2459 6.89713
      vertex -4.75222 -5.79059 6.69936
    endloop
  endfacet
  facet normal -0.630989 -0.696186 0.342313
    outer loop
      vertex -5.2459 -5.2459 6.89713
      vertex -5.29691 -5.29691 6.69936
      vertex -4.75222 -5.79059 6.69936
    endloop
  endfacet
  facet normal -0.884653 -0.316531 0.34234
    outer loop
      vertex -7.09937 -2.15357 6.89713
      vertex -7.16841 -2.17451 6.69936
      vertex -6.8541 -2.83906 6.89713
    endloop
  endfacet
  facet normal -0.781303 -0.195705 0.592676
    outer loop
      vertex -7.13544 -1.41933 7.09203
      vertex -7.27627 -1.44734 6.89713
      vertex -7.09937 -2.15357 6.89713
    endloop
  endfacet
  facet normal -0.857729 -0.514102 0
    outer loop
      vertex -6.22851 -4.16176 6.6
      vertex -6.60644 -3.53122 6.69936
      vertex -6.60644 -3.53122 6.6
    endloop
  endfacet
  facet normal -0.857729 -0.514102 0
    outer loop
      vertex -6.60644 -3.53122 6.69936
      vertex -6.22851 -4.16176 6.6
      vertex -6.22851 -4.16176 6.69936
    endloop
  endfacet
  facet normal -0.601446 -0.28446 0.746555
    outer loop
      vertex -6.22776 -3.32881 7.2822
      vertex -6.52405 -2.70235 7.2822
      vertex -6.41618 -3.42952 7.09203
    endloop
  endfacet
  facet normal -0.601433 -0.28446 0.746566
    outer loop
      vertex -6.52405 -2.70235 7.2822
      vertex -6.72144 -2.78411 7.09203
      vertex -6.41618 -3.42952 7.09203
    endloop
  endfacet
  facet normal -0.91142 -0.228296 0.342338
    outer loop
      vertex -7.27627 -1.44734 6.89713
      vertex -7.34703 -1.46141 6.69936
      vertex -7.16841 -2.17451 6.69936
    endloop
  endfacet
  facet normal -0.559715 -0.75468 0.342312
    outer loop
      vertex -4.12168 -6.16853 6.89713
      vertex -4.70645 -5.73483 6.89713
      vertex -4.16176 -6.22851 6.69936
    endloop
  endfacet
  facet normal -0.34204 -0.57067 0.746555
    outer loop
      vertex -3.32881 -6.22776 7.2822
      vertex -4.0419 -6.04914 7.09203
      vertex -3.42952 -6.41618 7.09203
    endloop
  endfacet
  facet normal -0.17525 -0.193359 0.965349
    outer loop
      vertex -3.19524 -3.89342 8.10043
      vertex -3.56148 -3.56148 8.10043
      vertex -3.52541 -4.29572 7.95991
    endloop
  endfacet
  facet normal -0.251294 -0.186375 0.949798
    outer loop
      vertex -4.62059 -3.08738 7.95991
      vertex -4.65666 -3.82162 7.80629
      vertex -4.29572 -3.52541 7.95991
    endloop
  endfacet
  facet normal -0.210108 -0.231817 0.949798
    outer loop
      vertex -3.52541 -4.29572 7.95991
      vertex -4.25965 -4.25965 7.80629
      vertex -3.82162 -4.65666 7.80629
    endloop
  endfacet
  facet normal -0.277883 -0.25186 0.92701
    outer loop
      vertex -4.25965 -4.25965 7.80629
      vertex -4.65666 -3.82162 7.80629
      vertex -4.54879 -4.54879 7.64106
    endloop
  endfacet
  facet normal -0.111577 -0.235909 0.965348
    outer loop
      vertex -2.37428 -4.44197 8.10043
      vertex -2.61961 -4.90095 7.95991
      vertex -1.92746 -4.6533 8.10043
    endloop
  endfacet
  facet normal -0.0913866 -0.152468 0.984074
    outer loop
      vertex -2.14215 -3.20596 8.3369
      vertex -2.48215 -3.71479 8.22649
      vertex -2.10608 -3.9402 8.22649
    endloop
  endfacet
  facet normal -0.23203 -0.387107 0.892362
    outer loop
      vertex -3.03248 -5.67337 7.64106
      vertex -3.57396 -5.34881 7.64106
      vertex -3.19603 -5.97935 7.4658
    endloop
  endfacet
  facet normal -0.192808 -0.321672 0.927012
    outer loop
      vertex -2.83972 -5.31274 7.80629
      vertex -3.57396 -5.34881 7.64106
      vertex -3.03248 -5.67337 7.64106
    endloop
  endfacet
  facet normal -0.233674 -0.494051 0.837443
    outer loop
      vertex -3.19603 -5.97935 7.4658
      vertex -3.32881 -6.22776 7.2822
      vertex -2.59456 -6.26383 7.4658
    endloop
  endfacet
  facet normal -0.192962 -0.407976 0.892368
    outer loop
      vertex -2.46179 -5.94328 7.64106
      vertex -3.19603 -5.97935 7.4658
      vertex -2.59456 -6.26383 7.4658
    endloop
  endfacet
  facet normal -0.100596 -0.0475753 0.993789
    outer loop
      vertex -2.33434 -0.966916 8.50663
      vertex -2.96257 -1.22714 8.43058
      vertex -2.22833 -1.19107 8.50663
    endloop
  endfacet
  facet normal 0.0228304 -0.0136845 0.999646
    outer loop
      vertex 0.324553 -0.173477 8.62256
      vertex 0.305986 -0.204453 8.62256
      vertex 0.915014 -0.611393 8.60308
    endloop
  endfacet
  facet normal -0.0893798 -0.0662887 0.993789
    outer loop
      vertex -2.10085 -1.40374 8.50663
      vertex -2.66624 -1.78153 8.43058
      vertex -2.47878 -2.03429 8.43058
    endloop
  endfacet
  facet normal -0.074732 -0.0824516 0.993789
    outer loop
      vertex -1.6029 -1.95315 8.50663
      vertex -2.26745 -2.26745 8.43058
      vertex -2.03429 -2.47878 8.43058
    endloop
  endfacet
  facet normal -0.00646811 -0.0258197 0.999646
    outer loop
      vertex -0.106827 -0.35216 8.62256
      vertex -0.319451 -1.05309 8.60308
      vertex -0.0717945 -0.360936 8.62256
    endloop
  endfacet
  facet normal -0.0485398 -0.0229568 0.998557
    outer loop
      vertex -0.970535 -0.518762 8.60308
      vertex -1.68363 -0.697383 8.56431
      vertex -1.60717 -0.85905 8.56431
    endloop
  endfacet
  facet normal -0.00263316 -0.0536303 0.998557
    outer loop
      vertex 0 -1.10048 8.60308
      vertex -0.178621 -1.81358 8.56431
      vertex 0 -1.82235 8.56431
    endloop
  endfacet
  facet normal -0.00646738 -0.02582 0.999646
    outer loop
      vertex -0.0717945 -0.360936 8.62256
      vertex -0.319451 -1.05309 8.60308
      vertex -0.214692 -1.07933 8.60308
    endloop
  endfacet
  facet normal -0.0460555 -0.0276047 0.998557
    outer loop
      vertex -0.970535 -0.518762 8.60308
      vertex -1.60717 -0.85905 8.56431
      vertex -0.915014 -0.611393 8.60308
    endloop
  endfacet
  facet normal 0.0548787 -0.0605505 0.996655
    outer loop
      vertex 1.78663 -1.78663 8.50663
      vertex 1.15609 -1.4087 8.56431
      vertex 1.6029 -1.95315 8.50663
    endloop
  endfacet
  facet normal 0.0319844 -0.0431292 0.998557
    outer loop
      vertex 1.15609 -1.4087 8.56431
      vertex 0.611393 -0.915014 8.60308
      vertex 1.01244 -1.51523 8.56431
    endloop
  endfacet
  facet normal -0.019723 0.0178745 0.999646
    outer loop
      vertex -0.260221 0.260221 8.62256
      vertex -0.850681 0.698135 8.60308
      vertex -0.284473 0.233461 8.62256
    endloop
  endfacet
  facet normal 0.00788044 -0.0531131 0.998557
    outer loop
      vertex 0.214692 -1.07933 8.60308
      vertex 0.107865 -1.09518 8.60308
      vertex 0.178621 -1.81358 8.56431
    endloop
  endfacet
  facet normal -0.0158562 0.0213793 0.999646
    outer loop
      vertex -0.611393 0.915014 8.60308
      vertex -0.698135 0.850681 8.60308
      vertex -0.233461 0.284473 8.62256
    endloop
  endfacet
  facet normal 0.152468 -0.0913866 0.984074
    outer loop
      vertex 3.9402 -2.10608 8.22649
      vertex 3.20596 -2.14215 8.3369
      vertex 3.71479 -2.48215 8.22649
    endloop
  endfacet
  facet normal 0.152468 -0.0913867 0.984074
    outer loop
      vertex 3.40049 -1.8176 8.3369
      vertex 3.20596 -2.14215 8.3369
      vertex 3.9402 -2.10608 8.22649
    endloop
  endfacet
  facet normal 0.129277 -0.0611459 0.989722
    outer loop
      vertex 2.96257 -1.22714 8.43058
      vertex 2.82802 -1.51161 8.43058
      vertex 3.40049 -1.8176 8.3369
    endloop
  endfacet
  facet normal 0.100596 -0.0475803 0.993789
    outer loop
      vertex 2.96257 -1.22714 8.43058
      vertex 2.22833 -1.19107 8.50663
      vertex 2.82802 -1.51161 8.43058
    endloop
  endfacet
  facet normal 0.0954448 -0.0572121 0.993789
    outer loop
      vertex 2.22833 -1.19107 8.50663
      vertex 2.10085 -1.40374 8.50663
      vertex 2.66624 -1.78153 8.43058
    endloop
  endfacet
  facet normal 0.0349372 -0.0738734 0.996655
    outer loop
      vertex 1.19107 -2.22833 8.50663
      vertex 0.85905 -1.60717 8.56431
      vertex 0.966916 -2.33434 8.50663
    endloop
  endfacet
  facet normal -0.0526232 -0.210081 0.976267
    outer loop
      vertex -0.871614 -4.3819 8.22649
      vertex -1.46207 -4.81981 8.10043
      vertex -0.98261 -4.93991 8.10043
    endloop
  endfacet
  facet normal -0.0634082 -0.25314 0.965349
    outer loop
      vertex -1.46207 -4.81981 8.10043
      vertex -1.61315 -5.31784 7.95991
      vertex -1.08414 -5.45035 7.95991
    endloop
  endfacet
  facet normal -0.0183986 -0.374589 0.927008
    outer loop
      vertex 0 -6.02406 7.80629
      vertex -0.63054 -6.40199 7.64106
      vertex 0 -6.43296 7.64106
    endloop
  endfacet
  facet normal -0.0221399 -0.450763 0.892369
    outer loop
      vertex 0 -6.43296 7.64106
      vertex -0.63054 -6.40199 7.64106
      vertex 0 -6.77992 7.4658
    endloop
  endfacet
  facet normal 0.160348 -0.339023 0.927013
    outer loop
      vertex 2.83972 -5.31274 7.80629
      vertex 2.30531 -5.5655 7.80629
      vertex 3.03248 -5.67337 7.64106
    endloop
  endfacet
  facet normal 0.0634092 -0.25314 0.965349
    outer loop
      vertex 1.46207 -4.81981 8.10043
      vertex 0.98261 -4.93991 8.10043
      vertex 1.08414 -5.45035 7.95991
    endloop
  endfacet
  facet normal 0.109666 -0.437793 0.892362
    outer loop
      vertex 1.86739 -6.15596 7.64106
      vertex 1.25501 -6.30936 7.64106
      vertex 1.3227 -6.64964 7.4658
    endloop
  endfacet
  facet normal 0.0760217 -0.303484 0.949799
    outer loop
      vertex 1.74869 -5.76466 7.80629
      vertex 1.08414 -5.45035 7.95991
      vertex 1.17523 -5.90831 7.80629
    endloop
  endfacet
  facet normal 0.152041 -0.424926 0.892368
    outer loop
      vertex 2.46179 -5.94328 7.64106
      vertex 1.86739 -6.15596 7.64106
      vertex 2.59456 -6.26383 7.4658
    endloop
  endfacet
  facet normal 0.133768 -0.282825 0.949798
    outer loop
      vertex 2.61961 -4.90095 7.95991
      vertex 2.30531 -5.5655 7.80629
      vertex 2.83972 -5.31274 7.80629
    endloop
  endfacet
  facet normal 0.0801978 -0.540615 0.837439
    outer loop
      vertex 1.37765 -6.92589 7.2822
      vertex 0.664548 -6.74727 7.4658
      vertex 0.692156 -7.02758 7.2822
    endloop
  endfacet
  facet normal 0.0801954 -0.540621 0.837435
    outer loop
      vertex 1.3227 -6.64964 7.4658
      vertex 0.664548 -6.74727 7.4658
      vertex 1.37765 -6.92589 7.2822
    endloop
  endfacet
  facet normal 0.00701843 -0.142837 0.989721
    outer loop
      vertex 0 -3.20666 8.43058
      vertex 0 -3.85577 8.3369
      vertex 0.377932 -3.8372 8.3369
    endloop
  endfacet
  facet normal -0.026081 -0.175832 0.984075
    outer loop
      vertex -0.377932 -3.8372 8.3369
      vertex -0.871614 -4.3819 8.22649
      vertex -0.437915 -4.44623 8.22649
    endloop
  endfacet
  facet normal 0.118183 -0.796723 0.592677
    outer loop
      vertex 1.41933 -7.13544 7.09203
      vertex 0.713098 -7.2402 7.09203
      vertex 1.44734 -7.27627 6.89713
    endloop
  endfacet
  facet normal 0.195705 -0.781303 0.592676
    outer loop
      vertex 2.15357 -7.09937 6.89713
      vertex 1.41933 -7.13544 7.09203
      vertex 1.44734 -7.27627 6.89713
    endloop
  endfacet
  facet normal 0.26884 -0.362492 0.89237
    outer loop
      vertex 4.30114 -5.24095 7.4658
      vertex 3.57396 -5.34881 7.64106
      vertex 3.76672 -5.6373 7.4658
    endloop
  endfacet
  facet normal 0.23203 -0.387107 0.892362
    outer loop
      vertex 3.57396 -5.34881 7.64106
      vertex 3.03248 -5.67337 7.64106
      vertex 3.19603 -5.97935 7.4658
    endloop
  endfacet
  facet normal 0.559715 -0.75468 0.342312
    outer loop
      vertex 4.70645 -5.73483 6.89713
      vertex 4.16176 -6.22851 6.69936
      vertex 4.75222 -5.79059 6.69936
    endloop
  endfacet
  facet normal 0.630988 -0.696186 0.342315
    outer loop
      vertex 5.2459 -5.2459 6.89713
      vertex 4.70645 -5.73483 6.89713
      vertex 4.75222 -5.79059 6.69936
    endloop
  endfacet
  facet normal 0.160843 -0.268355 0.949797
    outer loop
      vertex 3.08738 -4.62059 7.95991
      vertex 2.83972 -5.31274 7.80629
      vertex 3.34679 -5.00882 7.80629
    endloop
  endfacet
  facet normal 0.186375 -0.251296 0.949797
    outer loop
      vertex 3.82162 -4.65666 7.80629
      vertex 3.08738 -4.62059 7.95991
      vertex 3.34679 -5.00882 7.80629
    endloop
  endfacet
  facet normal 0.0960388 -0.105964 0.989721
    outer loop
      vertex 2.72644 -2.72644 8.3369
      vertex 2.26745 -2.26745 8.43058
      vertex 2.44607 -2.98055 8.3369
    endloop
  endfacet
  facet normal 0.0662887 -0.0893798 0.993789
    outer loop
      vertex 2.03429 -2.47878 8.43058
      vertex 1.40374 -2.10085 8.50663
      vertex 1.78153 -2.66624 8.43058
    endloop
  endfacet
  facet normal 0.111577 -0.235907 0.965349
    outer loop
      vertex 2.61961 -4.90095 7.95991
      vertex 1.92746 -4.6533 8.10043
      vertex 2.12662 -5.13412 7.95991
    endloop
  endfacet
  facet normal 0.0526251 -0.210078 0.976267
    outer loop
      vertex 1.29692 -4.27536 8.22649
      vertex 0.871614 -4.3819 8.22649
      vertex 1.46207 -4.81981 8.10043
    endloop
  endfacet
  facet normal 0.0913866 -0.152468 0.984074
    outer loop
      vertex 2.14215 -3.20596 8.3369
      vertex 2.10608 -3.9402 8.22649
      vertex 2.48215 -3.71479 8.22649
    endloop
  endfacet
  facet normal 0.13416 -0.223834 0.965349
    outer loop
      vertex 2.79824 -4.18786 8.10043
      vertex 2.37428 -4.44197 8.10043
      vertex 3.08738 -4.62059 7.95991
    endloop
  endfacet
  facet normal 0.344363 -0.728098 0.592695
    outer loop
      vertex 3.42952 -6.41618 7.09203
      vertex 2.83906 -6.8541 6.89713
      vertex 3.49721 -6.54282 6.89713
    endloop
  endfacet
  facet normal 0.224135 -0.626426 0.746562
    outer loop
      vertex 2.78411 -6.72144 7.09203
      vertex 2.04987 -6.75751 7.2822
      vertex 2.11189 -6.96196 7.09203
    endloop
  endfacet
  facet normal -0.097627 -0.658106 0.746569
    outer loop
      vertex -1.37765 -6.92589 7.2822
      vertex -1.41933 -7.13544 7.09203
      vertex -0.692156 -7.02758 7.2822
    endloop
  endfacet
  facet normal -0.0801978 -0.540615 0.837439
    outer loop
      vertex -0.664548 -6.74727 7.4658
      vertex -1.37765 -6.92589 7.2822
      vertex -0.692156 -7.02758 7.2822
    endloop
  endfacet
  facet normal -0.228296 -0.91142 0.342338
    outer loop
      vertex -1.44734 -7.27627 6.89713
      vertex -2.17451 -7.16841 6.69936
      vertex -1.46141 -7.34703 6.69936
    endloop
  endfacet
  facet normal -0.137868 -0.929406 0.34234
    outer loop
      vertex -1.44734 -7.27627 6.89713
      vertex -1.46141 -7.34703 6.69936
      vertex -0.727171 -7.3831 6.89713
    endloop
  endfacet
  facet normal -0.0490799 -0.998795 0
    outer loop
      vertex -0.734242 -7.45489 6.6
      vertex 0 -7.49097 6.69936
      vertex -0.734242 -7.45489 6.69936
    endloop
  endfacet
  facet normal -0.0490799 -0.998795 -0
    outer loop
      vertex 0 -7.49097 6.69936
      vertex -0.734242 -7.45489 6.6
      vertex 0 -7.49097 6.6
    endloop
  endfacet
  facet normal -0.118183 -0.796723 0.592677
    outer loop
      vertex -1.41933 -7.13544 7.09203
      vertex -1.44734 -7.27627 6.89713
      vertex -0.713098 -7.2402 7.09203
    endloop
  endfacet
  facet normal -0.0395168 -0.804465 0.592684
    outer loop
      vertex -0.713098 -7.2402 7.09203
      vertex -0.727171 -7.3831 6.89713
      vertex 0 -7.41882 6.89713
    endloop
  endfacet
  facet normal -0.161661 -0.645377 0.746561
    outer loop
      vertex -2.04987 -6.75751 7.2822
      vertex -2.11189 -6.96196 7.09203
      vertex -1.41933 -7.13544 7.09203
    endloop
  endfacet
  facet normal -0.224135 -0.626426 0.746562
    outer loop
      vertex -2.04987 -6.75751 7.2822
      vertex -2.78411 -6.72144 7.09203
      vertex -2.11189 -6.96196 7.09203
    endloop
  endfacet
  facet normal -0.132794 -0.530164 0.837432
    outer loop
      vertex -1.96811 -6.48798 7.4658
      vertex -2.04987 -6.75751 7.2822
      vertex -1.3227 -6.64964 7.4658
    endloop
  endfacet
  facet normal -0.109654 -0.437782 0.892369
    outer loop
      vertex -1.86739 -6.15596 7.64106
      vertex -1.96811 -6.48798 7.4658
      vertex -1.3227 -6.64964 7.4658
    endloop
  endfacet
  facet normal 0.664517 -0.0326435 0.74656
    outer loop
      vertex 7.27523 0 7.09203
      vertex 7.02758 -0.692156 7.2822
      vertex 7.2402 -0.713098 7.09203
    endloop
  endfacet
  facet normal 0.664515 -0.0326422 0.746562
    outer loop
      vertex 7.06158 0 7.2822
      vertex 7.02758 -0.692156 7.2822
      vertex 7.27523 0 7.09203
    endloop
  endfacet
  facet normal 0.92942 -0.13786 0.342306
    outer loop
      vertex 7.3831 -0.727171 6.89713
      vertex 7.34703 -1.46141 6.69936
      vertex 7.45489 -0.734242 6.69936
    endloop
  endfacet
  facet normal 0.938456 -0.0461149 0.342306
    outer loop
      vertex 7.49097 0 6.69936
      vertex 7.3831 -0.727171 6.89713
      vertex 7.45489 -0.734242 6.69936
    endloop
  endfacet
  facet normal 0.601446 -0.28446 0.746555
    outer loop
      vertex 6.52405 -2.70235 7.2822
      vertex 6.22776 -3.32881 7.2822
      vertex 6.41618 -3.42952 7.09203
    endloop
  endfacet
  facet normal 0.57067 -0.34204 0.746555
    outer loop
      vertex 6.22776 -3.32881 7.2822
      vertex 6.04914 -4.0419 7.09203
      vertex 6.41618 -3.42952 7.09203
    endloop
  endfacet
  facet normal 0.903989 -0.427556 0
    outer loop
      vertex 6.60644 -3.53122 6.69936
      vertex 6.92075 -2.86667 6.6
      vertex 6.92075 -2.86667 6.69936
    endloop
  endfacet
  facet normal 0.903989 -0.427556 0
    outer loop
      vertex 6.92075 -2.86667 6.6
      vertex 6.60644 -3.53122 6.69936
      vertex 6.60644 -3.53122 6.6
    endloop
  endfacet
  facet normal 0.530158 -0.132796 0.837436
    outer loop
      vertex 6.92589 -1.37765 7.2822
      vertex 6.64964 -1.3227 7.4658
      vertex 6.75751 -2.04987 7.2822
    endloop
  endfacet
  facet normal 0.530164 -0.132794 0.837432
    outer loop
      vertex 6.64964 -1.3227 7.4658
      vertex 6.48798 -1.96811 7.4658
      vertex 6.75751 -2.04987 7.2822
    endloop
  endfacet
  facet normal 0.175247 -0.193359 0.96535
    outer loop
      vertex 3.56148 -3.56148 8.10043
      vertex 3.52541 -4.29572 7.95991
      vertex 3.92949 -3.92949 7.95991
    endloop
  endfacet
  facet normal 0.210108 -0.231817 0.949798
    outer loop
      vertex 4.25965 -4.25965 7.80629
      vertex 3.52541 -4.29572 7.95991
      vertex 3.82162 -4.65666 7.80629
    endloop
  endfacet
  facet normal 0.209605 -0.155456 0.965349
    outer loop
      vertex 4.62059 -3.08738 7.95991
      vertex 3.89342 -3.19524 8.10043
      vertex 4.29572 -3.52541 7.95991
    endloop
  endfacet
  facet normal 0.209605 -0.155456 0.965349
    outer loop
      vertex 4.18786 -2.79824 8.10043
      vertex 3.89342 -3.19524 8.10043
      vertex 4.62059 -3.08738 7.95991
    endloop
  endfacet
  facet normal 0.0250618 -0.00896658 0.999646
    outer loop
      vertex 1.05309 -0.319451 8.60308
      vertex 0.339994 -0.14083 8.62256
      vertex 1.01671 -0.421134 8.60308
    endloop
  endfacet
  facet normal 0.0893823 -0.0662872 0.993789
    outer loop
      vertex 2.10085 -1.40374 8.50663
      vertex 1.95315 -1.6029 8.50663
      vertex 2.47878 -2.03429 8.43058
    endloop
  endfacet
  facet normal 0.0319844 0.0431292 0.998557
    outer loop
      vertex 1.01244 1.51523 8.56431
      vertex 0.611393 0.915014 8.60308
      vertex 1.15609 1.4087 8.56431
    endloop
  endfacet
  facet normal 0.0531132 -0.00788132 0.998557
    outer loop
      vertex 1.81358 -0.178621 8.56431
      vertex 1.07933 -0.214692 8.60308
      vertex 1.78733 -0.355523 8.56431
    endloop
  endfacet
  facet normal 0.100596 0.0475753 0.993789
    outer loop
      vertex 2.96257 1.22714 8.43058
      vertex 2.22833 1.19107 8.50663
      vertex 2.33434 0.966916 8.50663
    endloop
  endfacet
  facet normal 0.0250617 -0.00896689 0.999646
    outer loop
      vertex 0.35216 -0.106827 8.62256
      vertex 0.339994 -0.14083 8.62256
      vertex 1.05309 -0.319451 8.60308
    endloop
  endfacet
  facet normal 0.00390651 0.0263294 0.999646
    outer loop
      vertex 0.107865 1.09518 8.60308
      vertex 0.0717945 0.360936 8.62256
      vertex 0.214692 1.07933 8.60308
    endloop
  endfacet
  facet normal 0.17525 0.193359 0.965349
    outer loop
      vertex 3.52541 4.29572 7.95991
      vertex 3.19524 3.89342 8.10043
      vertex 3.56148 3.56148 8.10043
    endloop
  endfacet
  facet normal 0.145439 0.160465 0.976268
    outer loop
      vertex 3.56148 3.56148 8.10043
      vertex 2.83431 3.45361 8.22649
      vertex 3.15917 3.15917 8.22649
    endloop
  endfacet
  facet normal 0.173948 0.129009 0.976268
    outer loop
      vertex 4.18786 2.79824 8.10043
      vertex 3.45361 2.83431 8.22649
      vertex 3.71479 2.48215 8.22649
    endloop
  endfacet
  facet normal 0.210081 0.0526232 0.976267
    outer loop
      vertex 4.81981 1.46207 8.10043
      vertex 4.3819 0.871614 8.22649
      vertex 4.93991 0.98261 8.10043
    endloop
  endfacet
  facet normal 0.131709 0.119373 0.984075
    outer loop
      vertex 3.45361 2.83431 8.22649
      vertex 2.72644 2.72644 8.3369
      vertex 2.98055 2.44607 8.3369
    endloop
  endfacet
  facet normal 0.131709 0.119375 0.984074
    outer loop
      vertex 3.15917 3.15917 8.22649
      vertex 2.72644 2.72644 8.3369
      vertex 3.45361 2.83431 8.22649
    endloop
  endfacet
  facet normal 0.129011 0.173949 0.976267
    outer loop
      vertex 3.19524 3.89342 8.10043
      vertex 2.79824 4.18786 8.10043
      vertex 2.83431 3.45361 8.22649
    endloop
  endfacet
  facet normal 0.129009 0.173948 0.976268
    outer loop
      vertex 2.79824 4.18786 8.10043
      vertex 2.48215 3.71479 8.22649
      vertex 2.83431 3.45361 8.22649
    endloop
  endfacet
  facet normal 0.167367 -0.0598824 0.984074
    outer loop
      vertex 3.68974 -1.11927 8.3369
      vertex 3.56227 -1.47554 8.3369
      vertex 4.27536 -1.29692 8.22649
    endloop
  endfacet
  facet normal 0.17243 -0.0431913 0.984074
    outer loop
      vertex 3.78168 -0.752223 8.3369
      vertex 3.68974 -1.11927 8.3369
      vertex 4.27536 -1.29692 8.22649
    endloop
  endfacet
  facet normal 0.0808335 0.0119947 0.996655
    outer loop
      vertex 2.47812 0.492929 8.50663
      vertex 1.78733 0.355523 8.56431
      vertex 1.81358 0.178621 8.56431
    endloop
  endfacet
  facet normal 0.0792701 0.0198544 0.996655
    outer loop
      vertex 2.47812 0.492929 8.50663
      vertex 1.74388 0.529 8.56431
      vertex 1.78733 0.355523 8.56431
    endloop
  endfacet
  facet normal 0.0536298 -0.00263512 0.998557
    outer loop
      vertex 1.10048 0 8.60308
      vertex 1.09518 -0.107865 8.60308
      vertex 1.81358 -0.178621 8.56431
    endloop
  endfacet
  facet normal 0.0605505 -0.0548787 0.996655
    outer loop
      vertex 1.95315 -1.6029 8.50663
      vertex 1.4087 -1.15609 8.56431
      vertex 1.78663 -1.78663 8.50663
    endloop
  endfacet
  facet normal 0.111145 0.00545989 0.993789
    outer loop
      vertex 3.19122 0.314307 8.43058
      vertex 2.52667 0 8.50663
      vertex 3.20666 0 8.43058
    endloop
  endfacet
  facet normal 0.111145 -0.00545989 0.993789
    outer loop
      vertex 3.20666 0 8.43058
      vertex 2.52667 0 8.50663
      vertex 3.19122 -0.314307 8.43058
    endloop
  endfacet
  facet normal 0.0816207 0.00400759 0.996655
    outer loop
      vertex 2.51451 0.247657 8.50663
      vertex 1.81358 0.178621 8.56431
      vertex 2.52667 0 8.50663
    endloop
  endfacet
  facet normal 0.111146 0.00545731 0.993789
    outer loop
      vertex 3.19122 0.314307 8.43058
      vertex 2.51451 0.247657 8.50663
      vertex 2.52667 0 8.50663
    endloop
  endfacet
  facet normal 0.175832 0.026081 0.984075
    outer loop
      vertex 4.3819 0.871614 8.22649
      vertex 3.8372 0.377932 8.3369
      vertex 4.44623 0.437915 8.22649
    endloop
  endfacet
  facet normal 0.142838 0.00701678 0.989721
    outer loop
      vertex 3.8372 0.377932 8.3369
      vertex 3.19122 0.314307 8.43058
      vertex 3.20666 0 8.43058
    endloop
  endfacet
  facet normal 0.185755 0.111339 0.976268
    outer loop
      vertex 4.18786 2.79824 8.10043
      vertex 3.71479 2.48215 8.22649
      vertex 3.9402 2.10608 8.22649
    endloop
  endfacet
  facet normal 0.134651 0.0481767 0.989721
    outer loop
      vertex 3.56227 1.47554 8.3369
      vertex 2.96257 1.22714 8.43058
      vertex 3.68974 1.11927 8.3369
    endloop
  endfacet
  facet normal 0.0382932 0.258136 0.965349
    outer loop
      vertex 1.08414 5.45035 7.95991
      vertex 0.493682 5.01244 8.10043
      vertex 0.98261 4.93991 8.10043
    endloop
  endfacet
  facet normal 0.0317795 0.214227 0.976267
    outer loop
      vertex 0.98261 4.93991 8.10043
      vertex 0.493682 5.01244 8.10043
      vertex 0.871614 4.3819 8.22649
    endloop
  endfacet
  facet normal 0.105399 0.294576 0.949798
    outer loop
      vertex 2.30531 5.5655 7.80629
      vertex 1.61315 5.31784 7.95991
      vertex 2.12662 5.13412 7.95991
    endloop
  endfacet
  facet normal 0.0879138 0.245706 0.96535
    outer loop
      vertex 1.61315 5.31784 7.95991
      vertex 1.46207 4.81981 8.10043
      vertex 2.12662 5.13412 7.95991
    endloop
  endfacet
  facet normal 0.0925949 0.195776 0.976267
    outer loop
      vertex 2.37428 4.44197 8.10043
      vertex 1.92746 4.6533 8.10043
      vertex 2.10608 3.9402 8.22649
    endloop
  endfacet
  facet normal 0.111577 0.235909 0.965348
    outer loop
      vertex 2.61961 4.90095 7.95991
      vertex 1.92746 4.6533 8.10043
      vertex 2.37428 4.44197 8.10043
    endloop
  endfacet
  facet normal 0.0735221 0.122663 0.989721
    outer loop
      vertex 1.8176 3.40049 8.3369
      vertex 1.78153 2.66624 8.43058
      vertex 2.14215 3.20596 8.3369
    endloop
  endfacet
  facet normal 0.0913867 0.152468 0.984074
    outer loop
      vertex 2.10608 3.9402 8.22649
      vertex 1.8176 3.40049 8.3369
      vertex 2.14215 3.20596 8.3369
    endloop
  endfacet
  facet normal 0.142773 0.105891 0.984075
    outer loop
      vertex 3.45361 2.83431 8.22649
      vertex 2.98055 2.44607 8.3369
      vertex 3.20596 2.14215 8.3369
    endloop
  endfacet
  facet normal 0.122663 0.0735196 0.989722
    outer loop
      vertex 3.40049 1.8176 8.3369
      vertex 2.66624 1.78153 8.43058
      vertex 2.82802 1.51161 8.43058
    endloop
  endfacet
  facet normal 0.152468 0.0913867 0.984074
    outer loop
      vertex 3.9402 2.10608 8.22649
      vertex 3.20596 2.14215 8.3369
      vertex 3.40049 1.8176 8.3369
    endloop
  endfacet
  facet normal 0.160691 0.0760002 0.984074
    outer loop
      vertex 4.12766 1.70973 8.22649
      vertex 3.40049 1.8176 8.3369
      vertex 3.56227 1.47554 8.3369
    endloop
  endfacet
  facet normal 0.0769407 0.0275319 0.996655
    outer loop
      vertex 2.33434 0.966916 8.50663
      vertex 1.74388 0.529 8.56431
      vertex 2.41788 0.733455 8.50663
    endloop
  endfacet
  facet normal 0.104773 0.0374912 0.993789
    outer loop
      vertex 2.96257 1.22714 8.43058
      vertex 2.33434 0.966916 8.50663
      vertex 2.41788 0.733455 8.50663
    endloop
  endfacet
  facet normal 0.0662872 0.0893823 0.993789
    outer loop
      vertex 2.03429 2.47878 8.43058
      vertex 1.40374 2.10085 8.50663
      vertex 1.6029 1.95315 8.50663
    endloop
  endfacet
  facet normal 0.0572121 0.0954448 0.993789
    outer loop
      vertex 1.78153 2.66624 8.43058
      vertex 1.19107 2.22833 8.50663
      vertex 1.40374 2.10085 8.50663
    endloop
  endfacet
  facet normal 0.0486786 0.0656387 0.996655
    outer loop
      vertex 1.40374 2.10085 8.50663
      vertex 1.15609 1.4087 8.56431
      vertex 1.6029 1.95315 8.50663
    endloop
  endfacet
  facet normal 0.0548787 0.0605505 0.996655
    outer loop
      vertex 1.6029 1.95315 8.50663
      vertex 1.15609 1.4087 8.56431
      vertex 1.78663 1.78663 8.50663
    endloop
  endfacet
  facet normal 0.0960419 0.105963 0.989721
    outer loop
      vertex 2.44607 2.98055 8.3369
      vertex 2.03429 2.47878 8.43058
      vertex 2.26745 2.26745 8.43058
    endloop
  endfacet
  facet normal 0.0851915 0.114867 0.989721
    outer loop
      vertex 2.44607 2.98055 8.3369
      vertex 1.78153 2.66624 8.43058
      vertex 2.03429 2.47878 8.43058
    endloop
  endfacet
  facet normal -0.0656387 0.0486786 0.996655
    outer loop
      vertex -1.95315 1.6029 8.50663
      vertex -2.10085 1.40374 8.50663
      vertex -1.4087 1.15609 8.56431
    endloop
  endfacet
  facet normal 0.0374874 0.104776 0.993789
    outer loop
      vertex 0.930844 3.06858 8.43058
      vertex 0.733455 2.41788 8.50663
      vertex 1.22714 2.96257 8.43058
    endloop
  endfacet
  facet normal -0.195705 0.781303 0.592676
    outer loop
      vertex -1.44734 7.27627 6.89713
      vertex -2.15357 7.09937 6.89713
      vertex -1.41933 7.13544 7.09203
    endloop
  endfacet
  facet normal -0.109666 0.437793 0.892362
    outer loop
      vertex -1.3227 6.64964 7.4658
      vertex -1.86739 6.15596 7.64106
      vertex -1.25501 6.30936 7.64106
    endloop
  endfacet
  facet normal 0.0976228 0.658117 0.74656
    outer loop
      vertex 0.713098 7.2402 7.09203
      vertex 0.692156 7.02758 7.2822
      vertex 1.41933 7.13544 7.09203
    endloop
  endfacet
  facet normal 0.118183 0.796723 0.592677
    outer loop
      vertex 1.44734 7.27627 6.89713
      vertex 0.713098 7.2402 7.09203
      vertex 1.41933 7.13544 7.09203
    endloop
  endfacet
  facet normal -0.483041 0.805912 0.342311
    outer loop
      vertex -3.49721 6.54282 6.89713
      vertex -4.16176 6.22851 6.69936
      vertex -4.12168 6.16853 6.89713
    endloop
  endfacet
  facet normal -0.559715 0.75468 0.342312
    outer loop
      vertex -4.16176 6.22851 6.69936
      vertex -4.70645 5.73483 6.89713
      vertex -4.12168 6.16853 6.89713
    endloop
  endfacet
  facet normal -0.534388 0.396332 0.746559
    outer loop
      vertex -5.62383 4.61536 7.09203
      vertex -6.04914 4.0419 7.09203
      vertex -5.45868 4.47982 7.2822
    endloop
  endfacet
  facet normal -0.492951 0.446792 0.746576
    outer loop
      vertex -5.14437 5.14437 7.09203
      vertex -5.45868 4.47982 7.2822
      vertex -4.99329 4.99329 7.2822
    endloop
  endfacet
  facet normal -0.492972 0.446797 0.746559
    outer loop
      vertex -5.14437 5.14437 7.09203
      vertex -5.62383 4.61536 7.09203
      vertex -5.45868 4.47982 7.2822
    endloop
  endfacet
  facet normal -0.596792 0.540893 0.592683
    outer loop
      vertex -5.14437 5.14437 7.09203
      vertex -5.73483 4.70645 6.89713
      vertex -5.62383 4.61536 7.09203
    endloop
  endfacet
  facet normal -0.28446 0.601433 0.746566
    outer loop
      vertex -2.78411 6.72144 7.09203
      vertex -3.42952 6.41618 7.09203
      vertex -2.70235 6.52405 7.2822
    endloop
  endfacet
  facet normal -0.224136 0.62642 0.746566
    outer loop
      vertex -2.04987 6.75751 7.2822
      vertex -2.78411 6.72144 7.09203
      vertex -2.70235 6.52405 7.2822
    endloop
  endfacet
  facet normal -0.160346 0.339031 0.92701
    outer loop
      vertex -2.46179 5.94328 7.64106
      vertex -3.03248 5.67337 7.64106
      vertex -2.30531 5.5655 7.80629
    endloop
  endfacet
  facet normal -0.0550276 0.370976 0.927011
    outer loop
      vertex -0.590461 5.99505 7.80629
      vertex -1.25501 6.30936 7.64106
      vertex -1.17523 5.90831 7.80629
    endloop
  endfacet
  facet normal -0.160839 0.268354 0.949798
    outer loop
      vertex -2.83972 5.31274 7.80629
      vertex -3.08738 4.62059 7.95991
      vertex -2.61961 4.90095 7.95991
    endloop
  endfacet
  facet normal -0.111577 0.235909 0.965348
    outer loop
      vertex -1.92746 4.6533 8.10043
      vertex -2.61961 4.90095 7.95991
      vertex -2.37428 4.44197 8.10043
    endloop
  endfacet
  facet normal -0.105963 0.0960419 0.989721
    outer loop
      vertex -2.26745 2.26745 8.43058
      vertex -2.98055 2.44607 8.3369
      vertex -2.47878 2.03429 8.43058
    endloop
  endfacet
  facet normal -0.0879116 0.24571 0.965349
    outer loop
      vertex -1.46207 4.81981 8.10043
      vertex -2.12662 5.13412 7.95991
      vertex -1.92746 4.6533 8.10043
    endloop
  endfacet
  facet normal -0.184122 0.514589 0.837435
    outer loop
      vertex -2.04987 6.75751 7.2822
      vertex -2.70235 6.52405 7.2822
      vertex -2.59456 6.26383 7.4658
    endloop
  endfacet
  facet normal -0.28446 0.601446 0.746555
    outer loop
      vertex -2.70235 6.52405 7.2822
      vertex -3.42952 6.41618 7.09203
      vertex -3.32881 6.22776 7.2822
    endloop
  endfacet
  facet normal -0.192962 0.407976 0.892368
    outer loop
      vertex -2.59456 6.26383 7.4658
      vertex -3.19603 5.97935 7.4658
      vertex -2.46179 5.94328 7.64106
    endloop
  endfacet
  facet normal -0.152041 0.424926 0.892368
    outer loop
      vertex -1.86739 6.15596 7.64106
      vertex -2.59456 6.26383 7.4658
      vertex -2.46179 5.94328 7.64106
    endloop
  endfacet
  facet normal -0.1054 0.294575 0.949798
    outer loop
      vertex -1.74869 5.76466 7.80629
      vertex -2.30531 5.5655 7.80629
      vertex -1.61315 5.31784 7.95991
    endloop
  endfacet
  facet normal -0.23203 0.387107 0.892362
    outer loop
      vertex -3.19603 5.97935 7.4658
      vertex -3.57396 5.34881 7.64106
      vertex -3.03248 5.67337 7.64106
    endloop
  endfacet
  facet normal 0.242977 0.970032 -0
    outer loop
      vertex 2.17451 7.16841 6.6
      vertex 1.46141 7.34703 6.69936
      vertex 2.17451 7.16841 6.69936
    endloop
  endfacet
  facet normal 0.242977 0.970032 0
    outer loop
      vertex 1.46141 7.34703 6.69936
      vertex 2.17451 7.16841 6.6
      vertex 1.46141 7.34703 6.6
    endloop
  endfacet
  facet normal -0.0268193 0.545872 0.837439
    outer loop
      vertex 0 6.77992 7.4658
      vertex -0.692156 7.02758 7.2822
      vertex -0.664548 6.74727 7.4658
    endloop
  endfacet
  facet normal -0.0221469 0.450772 0.892364
    outer loop
      vertex 0 6.77992 7.4658
      vertex -0.664548 6.74727 7.4658
      vertex -0.63054 6.40199 7.64106
    endloop
  endfacet
  facet normal -0.0550281 0.370975 0.927011
    outer loop
      vertex -0.63054 6.40199 7.64106
      vertex -1.25501 6.30936 7.64106
      vertex -0.590461 5.99505 7.80629
    endloop
  endfacet
  facet normal -0.0459049 0.309474 0.949799
    outer loop
      vertex -0.590461 5.99505 7.80629
      vertex -1.17523 5.90831 7.80629
      vertex -1.08414 5.45035 7.95991
    endloop
  endfacet
  facet normal 0.0153527 0.312485 0.949799
    outer loop
      vertex 0.590461 5.99505 7.80629
      vertex 0 6.02406 7.80629
      vertex 0.544694 5.53037 7.95991
    endloop
  endfacet
  facet normal 0.0459068 0.309475 0.949799
    outer loop
      vertex 0.590461 5.99505 7.80629
      vertex 0.544694 5.53037 7.95991
      vertex 1.08414 5.45035 7.95991
    endloop
  endfacet
  facet normal 0.184122 0.514589 0.837435
    outer loop
      vertex 2.70235 6.52405 7.2822
      vertex 2.04987 6.75751 7.2822
      vertex 2.59456 6.26383 7.4658
    endloop
  endfacet
  facet normal 0.224136 0.62642 0.746566
    outer loop
      vertex 2.78411 6.72144 7.09203
      vertex 2.04987 6.75751 7.2822
      vertex 2.70235 6.52405 7.2822
    endloop
  endfacet
  facet normal 0.186375 0.251296 0.949797
    outer loop
      vertex 3.34679 5.00882 7.80629
      vertex 3.08738 4.62059 7.95991
      vertex 3.82162 4.65666 7.80629
    endloop
  endfacet
  facet normal 0.223413 0.301235 0.927008
    outer loop
      vertex 3.57396 5.34881 7.64106
      vertex 3.34679 5.00882 7.80629
      vertex 3.82162 4.65666 7.80629
    endloop
  endfacet
  facet normal 0.268354 0.160839 0.949798
    outer loop
      vertex 5.31274 2.83972 7.80629
      vertex 4.62059 3.08738 7.95991
      vertex 4.90095 2.61961 7.95991
    endloop
  endfacet
  facet normal 0.268355 0.160843 0.949797
    outer loop
      vertex 5.00882 3.34679 7.80629
      vertex 4.62059 3.08738 7.95991
      vertex 5.31274 2.83972 7.80629
    endloop
  endfacet
  facet normal 0.235909 0.111577 0.965348
    outer loop
      vertex 4.90095 2.61961 7.95991
      vertex 4.44197 2.37428 8.10043
      vertex 4.6533 1.92746 8.10043
    endloop
  endfacet
  facet normal 0.223839 0.134159 0.965348
    outer loop
      vertex 4.62059 3.08738 7.95991
      vertex 4.44197 2.37428 8.10043
      vertex 4.90095 2.61961 7.95991
    endloop
  endfacet
  facet normal 0.424926 0.152041 0.892368
    outer loop
      vertex 6.26383 2.59456 7.4658
      vertex 5.94328 2.46179 7.64106
      vertex 6.15596 1.86739 7.64106
    endloop
  endfacet
  facet normal 0.407976 0.192962 0.892368
    outer loop
      vertex 5.97935 3.19603 7.4658
      vertex 5.94328 2.46179 7.64106
      vertex 6.26383 2.59456 7.4658
    endloop
  endfacet
  facet normal -0.0598826 -0.167367 0.984074
    outer loop
      vertex -1.47554 -3.56227 8.3369
      vertex -1.70973 -4.12766 8.22649
      vertex -1.29692 -4.27536 8.22649
    endloop
  endfacet
  facet normal -0.0209837 -0.141463 0.989721
    outer loop
      vertex -0.314307 -3.19122 8.43058
      vertex -0.752223 -3.78168 8.3369
      vertex -0.377932 -3.8372 8.3369
    endloop
  endfacet
  facet normal -0.0662872 -0.0893823 0.993789
    outer loop
      vertex -1.6029 -1.95315 8.50663
      vertex -2.03429 -2.47878 8.43058
      vertex -1.40374 -2.10085 8.50663
    endloop
  endfacet
  facet normal -0.0925949 -0.195776 0.976267
    outer loop
      vertex -2.10608 -3.9402 8.22649
      vertex -2.37428 -4.44197 8.10043
      vertex -1.92746 -4.6533 8.10043
    endloop
  endfacet
  facet normal -0.0209822 -0.141464 0.989721
    outer loop
      vertex -0.625588 -3.14505 8.43058
      vertex -0.752223 -3.78168 8.3369
      vertex -0.314307 -3.19122 8.43058
    endloop
  endfacet
  facet normal -0.0611438 -0.12928 0.989721
    outer loop
      vertex -1.22714 -2.96257 8.43058
      vertex -1.8176 -3.40049 8.3369
      vertex -1.47554 -3.56227 8.3369
    endloop
  endfacet
  facet normal 0.00545731 -0.111146 0.993789
    outer loop
      vertex 0.247657 -2.51451 8.50663
      vertex 0 -2.52667 8.50663
      vertex 0.314307 -3.19122 8.43058
    endloop
  endfacet
  facet normal 0.00400744 -0.0816207 0.996655
    outer loop
      vertex 0 -1.82235 8.56431
      vertex 0 -2.52667 8.50663
      vertex 0.178621 -1.81358 8.56431
    endloop
  endfacet
  facet normal -0.0106248 -0.216308 0.976267
    outer loop
      vertex 0 -4.46774 8.22649
      vertex -0.437915 -4.44623 8.22649
      vertex 0 -5.03669 8.10043
    endloop
  endfacet
  facet normal 0.0526232 -0.210081 0.976267
    outer loop
      vertex 1.46207 -4.81981 8.10043
      vertex 0.871614 -4.3819 8.22649
      vertex 0.98261 -4.93991 8.10043
    endloop
  endfacet
  facet normal 0.0735221 -0.122663 0.989721
    outer loop
      vertex 2.14215 -3.20596 8.3369
      vertex 1.78153 -2.66624 8.43058
      vertex 1.8176 -3.40049 8.3369
    endloop
  endfacet
  facet normal 0.0611459 -0.129277 0.989722
    outer loop
      vertex 1.51161 -2.82802 8.43058
      vertex 1.22714 -2.96257 8.43058
      vertex 1.8176 -3.40049 8.3369
    endloop
  endfacet
  facet normal -0.00701843 -0.142837 0.989721
    outer loop
      vertex 0 -3.20666 8.43058
      vertex -0.377932 -3.8372 8.3369
      vertex 0 -3.85577 8.3369
    endloop
  endfacet
  facet normal -0.00872072 -0.177542 0.984075
    outer loop
      vertex -0.377932 -3.8372 8.3369
      vertex -0.437915 -4.44623 8.22649
      vertex 0 -4.46774 8.22649
    endloop
  endfacet
  facet normal -0.00545731 -0.111146 0.993789
    outer loop
      vertex -0.247657 -2.51451 8.50663
      vertex -0.314307 -3.19122 8.43058
      vertex 0 -2.52667 8.50663
    endloop
  endfacet
  facet normal -0.00545989 -0.111145 0.993789
    outer loop
      vertex 0 -2.52667 8.50663
      vertex -0.314307 -3.19122 8.43058
      vertex 0 -3.20666 8.43058
    endloop
  endfacet
  facet normal -0.353113 -0.126346 0.92701
    outer loop
      vertex -5.5655 -2.30531 7.80629
      vertex -6.15596 -1.86739 7.64106
      vertex -5.94328 -2.46179 7.64106
    endloop
  endfacet
  facet normal -0.530164 -0.132794 0.837432
    outer loop
      vertex -6.64964 -1.3227 7.4658
      vertex -6.75751 -2.04987 7.2822
      vertex -6.48798 -1.96811 7.4658
    endloop
  endfacet
  facet normal -0.160691 -0.0760002 0.984074
    outer loop
      vertex -3.56227 -1.47554 8.3369
      vertex -4.12766 -1.70973 8.22649
      vertex -3.40049 -1.8176 8.3369
    endloop
  endfacet
  facet normal -0.167367 -0.0598824 0.984074
    outer loop
      vertex -3.68974 -1.11927 8.3369
      vertex -4.27536 -1.29692 8.22649
      vertex -3.56227 -1.47554 8.3369
    endloop
  endfacet
  facet normal -0.596792 -0.540893 0.592683
    outer loop
      vertex -5.62383 -4.61536 7.09203
      vertex -5.73483 -4.70645 6.89713
      vertex -5.14437 -5.14437 7.09203
    endloop
  endfacet
  facet normal -0.57067 -0.34204 0.746555
    outer loop
      vertex -6.22776 -3.32881 7.2822
      vertex -6.41618 -3.42952 7.09203
      vertex -6.04914 -4.0419 7.09203
    endloop
  endfacet
  facet normal -0.492972 -0.446797 0.746559
    outer loop
      vertex -5.45868 -4.47982 7.2822
      vertex -5.62383 -4.61536 7.09203
      vertex -5.14437 -5.14437 7.09203
    endloop
  endfacet
  facet normal -0.492951 -0.446792 0.746576
    outer loop
      vertex -4.99329 -4.99329 7.2822
      vertex -5.45868 -4.47982 7.2822
      vertex -5.14437 -5.14437 7.09203
    endloop
  endfacet
  facet normal -0.40799 -0.19296 0.892362
    outer loop
      vertex -5.94328 -2.46179 7.64106
      vertex -5.97935 -3.19603 7.4658
      vertex -5.67337 -3.03248 7.64106
    endloop
  endfacet
  facet normal -0.24571 -0.0879116 0.965349
    outer loop
      vertex -4.81981 -1.46207 8.10043
      vertex -5.13412 -2.12662 7.95991
      vertex -4.6533 -1.92746 8.10043
    endloop
  endfacet
  facet normal -0.160691 -0.0760015 0.984074
    outer loop
      vertex -3.40049 -1.8176 8.3369
      vertex -4.12766 -1.70973 8.22649
      vertex -3.9402 -2.10608 8.22649
    endloop
  endfacet
  facet normal -0.223834 -0.13416 0.965349
    outer loop
      vertex -4.44197 -2.37428 8.10043
      vertex -4.62059 -3.08738 7.95991
      vertex -4.18786 -2.79824 8.10043
    endloop
  endfacet
  facet normal -0.114867 -0.0851915 0.989721
    outer loop
      vertex -2.66624 -1.78153 8.43058
      vertex -2.98055 -2.44607 8.3369
      vertex -2.47878 -2.03429 8.43058
    endloop
  endfacet
  facet normal -0.114865 -0.0851926 0.989721
    outer loop
      vertex -2.66624 -1.78153 8.43058
      vertex -3.20596 -2.14215 8.3369
      vertex -2.98055 -2.44607 8.3369
    endloop
  endfacet
  facet normal -0.0520858 0.0130457 0.998557
    outer loop
      vertex -1.74388 0.529 8.56431
      vertex -1.78733 0.355523 8.56431
      vertex -1.05309 0.319451 8.60308
    endloop
  endfacet
  facet normal -0.0792701 0.0198544 0.996655
    outer loop
      vertex -1.74388 0.529 8.56431
      vertex -2.47812 0.492929 8.50663
      vertex -1.78733 0.355523 8.56431
    endloop
  endfacet
  facet normal -0.210078 0.0526251 0.976267
    outer loop
      vertex -4.27536 1.29692 8.22649
      vertex -4.81981 1.46207 8.10043
      vertex -4.3819 0.871614 8.22649
    endloop
  endfacet
  facet normal -0.210081 0.0526232 0.976267
    outer loop
      vertex -4.81981 1.46207 8.10043
      vertex -4.93991 0.98261 8.10043
      vertex -4.3819 0.871614 8.22649
    endloop
  endfacet
  facet normal -0.195776 0.0925952 0.976267
    outer loop
      vertex -3.9402 2.10608 8.22649
      vertex -4.6533 1.92746 8.10043
      vertex -4.12766 1.70973 8.22649
    endloop
  endfacet
  facet normal -0.195776 0.0925949 0.976267
    outer loop
      vertex -4.44197 2.37428 8.10043
      vertex -4.6533 1.92746 8.10043
      vertex -3.9402 2.10608 8.22649
    endloop
  endfacet
  facet normal -0.110074 -0.0163265 0.993789
    outer loop
      vertex -2.47812 -0.492929 8.50663
      vertex -3.19122 -0.314307 8.43058
      vertex -3.14505 -0.625588 8.43058
    endloop
  endfacet
  facet normal -0.110075 -0.0163314 0.993789
    outer loop
      vertex -2.51451 -0.247657 8.50663
      vertex -3.19122 -0.314307 8.43058
      vertex -2.47812 -0.492929 8.50663
    endloop
  endfacet
  facet normal -0.141464 0.0209822 0.989721
    outer loop
      vertex -3.14505 0.625588 8.43058
      vertex -3.78168 0.752223 8.3369
      vertex -3.19122 0.314307 8.43058
    endloop
  endfacet
  facet normal -0.107944 0.0270348 0.993789
    outer loop
      vertex -2.41788 0.733455 8.50663
      vertex -3.14505 0.625588 8.43058
      vertex -2.47812 0.492929 8.50663
    endloop
  endfacet
  facet normal -0.167367 0.0598824 0.984074
    outer loop
      vertex -3.56227 1.47554 8.3369
      vertex -4.27536 1.29692 8.22649
      vertex -3.68974 1.11927 8.3369
    endloop
  endfacet
  facet normal -0.203911 0.0729576 0.976267
    outer loop
      vertex -4.12766 1.70973 8.22649
      vertex -4.81981 1.46207 8.10043
      vertex -4.27536 1.29692 8.22649
    endloop
  endfacet
  facet normal -0.160691 0.0760015 0.984074
    outer loop
      vertex -3.9402 2.10608 8.22649
      vertex -4.12766 1.70973 8.22649
      vertex -3.40049 1.8176 8.3369
    endloop
  endfacet
  facet normal -0.160691 0.0760002 0.984074
    outer loop
      vertex -3.40049 1.8176 8.3369
      vertex -4.12766 1.70973 8.22649
      vertex -3.56227 1.47554 8.3369
    endloop
  endfacet
  facet normal 0.0270415 0.107945 0.993789
    outer loop
      vertex 0.930844 3.06858 8.43058
      vertex 0.625588 3.14505 8.43058
      vertex 0.733455 2.41788 8.50663
    endloop
  endfacet
  facet normal -0.131709 0.119375 0.984074
    outer loop
      vertex -3.15917 3.15917 8.22649
      vertex -3.45361 2.83431 8.22649
      vertex -2.72644 2.72644 8.3369
    endloop
  endfacet
  facet normal 0.0119947 0.0808335 0.996655
    outer loop
      vertex 0.492929 2.47812 8.50663
      vertex 0.178621 1.81358 8.56431
      vertex 0.355523 1.78733 8.56431
    endloop
  endfacet
  facet normal 0.00400744 0.0816207 0.996655
    outer loop
      vertex 0 2.52667 8.50663
      vertex 0 1.82235 8.56431
      vertex 0.178621 1.81358 8.56431
    endloop
  endfacet
  facet normal 0.0420125 0.0700925 0.996655
    outer loop
      vertex 1.40374 2.10085 8.50663
      vertex 0.85905 1.60717 8.56431
      vertex 1.01244 1.51523 8.56431
    endloop
  endfacet
  facet normal 0.0420142 0.0700907 0.996655
    outer loop
      vertex 1.19107 2.22833 8.50663
      vertex 0.85905 1.60717 8.56431
      vertex 1.40374 2.10085 8.50663
    endloop
  endfacet
  facet normal -0.0486776 0.0656391 0.996655
    outer loop
      vertex -1.01244 1.51523 8.56431
      vertex -1.40374 2.10085 8.50663
      vertex -1.15609 1.4087 8.56431
    endloop
  endfacet
  facet normal -0.00701843 0.142837 0.989721
    outer loop
      vertex 0 3.85577 8.3369
      vertex -0.377932 3.8372 8.3369
      vertex 0 3.20666 8.43058
    endloop
  endfacet
  facet normal -0.0536303 -0.00263316 0.998557
    outer loop
      vertex -1.10048 0 8.60308
      vertex -1.82235 0 8.56431
      vertex -1.81358 -0.178621 8.56431
    endloop
  endfacet
  facet normal -0.0536298 -0.00263512 0.998557
    outer loop
      vertex -1.10048 0 8.60308
      vertex -1.81358 -0.178621 8.56431
      vertex -1.09518 -0.107865 8.60308
    endloop
  endfacet
  facet normal -0.0250617 0.00896689 0.999646
    outer loop
      vertex -0.339994 0.14083 8.62256
      vertex -1.05309 0.319451 8.60308
      vertex -0.35216 0.106827 8.62256
    endloop
  endfacet
  facet normal -0.0520858 0.0130464 0.998557
    outer loop
      vertex -1.05309 0.319451 8.60308
      vertex -1.78733 0.355523 8.56431
      vertex -1.07933 0.214692 8.60308
    endloop
  endfacet
  facet normal -0.0738733 0.0349382 0.996655
    outer loop
      vertex -1.60717 0.85905 8.56431
      vertex -2.33434 0.966916 8.50663
      vertex -1.68363 0.697383 8.56431
    endloop
  endfacet
  facet normal -0.0769415 0.0275308 0.996655
    outer loop
      vertex -1.68363 0.697383 8.56431
      vertex -2.33434 0.966916 8.50663
      vertex -1.74388 0.529 8.56431
    endloop
  endfacet
  facet normal -0.0460554 0.027605 0.998557
    outer loop
      vertex -1.51523 1.01244 8.56431
      vertex -1.60717 0.85905 8.56431
      vertex -0.915014 0.611393 8.60308
    endloop
  endfacet
  facet normal -0.0485398 0.0229568 0.998557
    outer loop
      vertex -1.60717 0.85905 8.56431
      vertex -1.68363 0.697383 8.56431
      vertex -0.970535 0.518762 8.60308
    endloop
  endfacet
  facet normal -0.0276047 0.0460555 0.998557
    outer loop
      vertex -0.518762 0.970535 8.60308
      vertex -0.85905 1.60717 8.56431
      vertex -0.611393 0.915014 8.60308
    endloop
  endfacet
  facet normal -0.0824516 0.074732 0.993789
    outer loop
      vertex -2.26745 2.26745 8.43058
      vertex -2.47878 2.03429 8.43058
      vertex -1.95315 1.6029 8.50663
    endloop
  endfacet
  facet normal -0.387099 0.232012 0.89237
    outer loop
      vertex -5.6373 3.76672 7.4658
      vertex -5.97935 3.19603 7.4658
      vertex -5.34881 3.57396 7.64106
    endloop
  endfacet
  facet normal -0.301235 0.223413 0.927008
    outer loop
      vertex -4.65666 3.82162 7.80629
      vertex -5.34881 3.57396 7.64106
      vertex -5.00882 3.34679 7.80629
    endloop
  endfacet
  facet normal 0.0209837 0.141463 0.989721
    outer loop
      vertex 0.377932 3.8372 8.3369
      vertex 0.314307 3.19122 8.43058
      vertex 0.752223 3.78168 8.3369
    endloop
  endfacet
  facet normal -0.111338 0.185757 0.976267
    outer loop
      vertex -2.37428 4.44197 8.10043
      vertex -2.79824 4.18786 8.10043
      vertex -2.10608 3.9402 8.22649
    endloop
  endfacet
  facet normal -0.155456 0.209605 0.965349
    outer loop
      vertex -3.08738 4.62059 7.95991
      vertex -3.52541 4.29572 7.95991
      vertex -3.19524 3.89342 8.10043
    endloop
  endfacet
  facet normal -0.25186 0.27788 0.927011
    outer loop
      vertex -4.08103 4.97275 7.64106
      vertex -4.54879 4.54879 7.64106
      vertex -3.82162 4.65666 7.80629
    endloop
  endfacet
  facet normal -0.258138 0.0382915 0.965349
    outer loop
      vertex -5.45035 1.08414 7.95991
      vertex -5.53037 0.544694 7.95991
      vertex -5.01244 0.493682 8.10043
    endloop
  endfacet
  facet normal -0.309475 0.0459068 0.949799
    outer loop
      vertex -5.45035 1.08414 7.95991
      vertex -5.99505 0.590461 7.80629
      vertex -5.53037 0.544694 7.95991
    endloop
  endfacet
  facet normal -0.339031 0.160346 0.92701
    outer loop
      vertex -5.67337 3.03248 7.64106
      vertex -5.94328 2.46179 7.64106
      vertex -5.5655 2.30531 7.80629
    endloop
  endfacet
  facet normal -0.353113 0.126346 0.92701
    outer loop
      vertex -5.94328 2.46179 7.64106
      vertex -6.15596 1.86739 7.64106
      vertex -5.5655 2.30531 7.80629
    endloop
  endfacet
  facet normal -0.175247 0.193359 0.96535
    outer loop
      vertex -3.52541 4.29572 7.95991
      vertex -3.92949 3.92949 7.95991
      vertex -3.56148 3.56148 8.10043
    endloop
  endfacet
  facet normal -0.210108 0.231823 0.949796
    outer loop
      vertex -3.52541 4.29572 7.95991
      vertex -4.25965 4.25965 7.80629
      vertex -3.92949 3.92949 7.95991
    endloop
  endfacet
  facet normal -0.27788 0.25186 0.927011
    outer loop
      vertex -4.54879 4.54879 7.64106
      vertex -4.97275 4.08103 7.64106
      vertex -4.65666 3.82162 7.80629
    endloop
  endfacet
  facet normal -0.367038 0.404964 0.837429
    outer loop
      vertex -4.30114 5.24095 7.4658
      vertex -4.99329 4.99329 7.2822
      vertex -4.79413 4.79413 7.4658
    endloop
  endfacet
  facet normal -0.25186 0.277883 0.92701
    outer loop
      vertex -3.82162 4.65666 7.80629
      vertex -4.54879 4.54879 7.64106
      vertex -4.25965 4.25965 7.80629
    endloop
  endfacet
  facet normal -0.210108 0.231817 0.949798
    outer loop
      vertex -3.82162 4.65666 7.80629
      vertex -4.25965 4.25965 7.80629
      vertex -3.52541 4.29572 7.95991
    endloop
  endfacet
  facet normal -0.321672 0.192808 0.927012
    outer loop
      vertex -5.34881 3.57396 7.64106
      vertex -5.67337 3.03248 7.64106
      vertex -5.31274 2.83972 7.80629
    endloop
  endfacet
  facet normal -0.321685 0.192807 0.927008
    outer loop
      vertex -5.00882 3.34679 7.80629
      vertex -5.34881 3.57396 7.64106
      vertex -5.31274 2.83972 7.80629
    endloop
  endfacet
  facet normal -0.75468 0.559715 0.342312
    outer loop
      vertex -5.73483 4.70645 6.89713
      vertex -6.22851 4.16176 6.69936
      vertex -6.16853 4.12168 6.89713
    endloop
  endfacet
  facet normal -0.805912 0.483041 0.342311
    outer loop
      vertex -6.22851 4.16176 6.69936
      vertex -6.54282 3.49721 6.89713
      vertex -6.16853 4.12168 6.89713
    endloop
  endfacet
  facet normal -0.696186 0.630988 0.342315
    outer loop
      vertex -5.2459 5.2459 6.89713
      vertex -5.79059 4.75222 6.69936
      vertex -5.73483 4.70645 6.89713
    endloop
  endfacet
  facet normal -0.696186 0.630989 0.342313
    outer loop
      vertex -5.29691 5.29691 6.69936
      vertex -5.79059 4.75222 6.69936
      vertex -5.2459 5.2459 6.89713
    endloop
  endfacet
  facet normal -0.690844 -0.414073 0.592687
    outer loop
      vertex -6.04914 -4.0419 7.09203
      vertex -6.54282 -3.49721 6.89713
      vertex -6.16853 -4.12168 6.89713
    endloop
  endfacet
  facet normal -0.646926 -0.479799 0.592688
    outer loop
      vertex -6.04914 -4.0419 7.09203
      vertex -6.16853 -4.12168 6.89713
      vertex -5.73483 -4.70645 6.89713
    endloop
  endfacet
  facet normal -0.344363 -0.728098 0.592695
    outer loop
      vertex -3.42952 -6.41618 7.09203
      vertex -3.49721 -6.54282 6.89713
      vertex -2.83906 -6.8541 6.89713
    endloop
  endfacet
  facet normal -0.344372 -0.728105 0.592681
    outer loop
      vertex -2.78411 -6.72144 7.09203
      vertex -3.42952 -6.41618 7.09203
      vertex -2.83906 -6.8541 6.89713
    endloop
  endfacet
  facet normal -0.414073 -0.690844 0.592687
    outer loop
      vertex -4.0419 -6.04914 7.09203
      vertex -4.12168 -6.16853 6.89713
      vertex -3.49721 -6.54282 6.89713
    endloop
  endfacet
  facet normal -0.479799 -0.646926 0.592688
    outer loop
      vertex -4.0419 -6.04914 7.09203
      vertex -4.70645 -5.73483 6.89713
      vertex -4.12168 -6.16853 6.89713
    endloop
  endfacet
  facet normal -0.231823 -0.210108 0.949796
    outer loop
      vertex -3.92949 -3.92949 7.95991
      vertex -4.29572 -3.52541 7.95991
      vertex -4.25965 -4.25965 7.80629
    endloop
  endfacet
  facet normal -0.210108 -0.231823 0.949796
    outer loop
      vertex -3.92949 -3.92949 7.95991
      vertex -4.25965 -4.25965 7.80629
      vertex -3.52541 -4.29572 7.95991
    endloop
  endfacet
  facet normal -0.119375 -0.131709 0.984074
    outer loop
      vertex -2.72644 -2.72644 8.3369
      vertex -3.15917 -3.15917 8.22649
      vertex -2.83431 -3.45361 8.22649
    endloop
  endfacet
  facet normal -0.193359 -0.175247 0.96535
    outer loop
      vertex -3.56148 -3.56148 8.10043
      vertex -4.29572 -3.52541 7.95991
      vertex -3.92949 -3.92949 7.95991
    endloop
  endfacet
  facet normal -0.186375 -0.251296 0.949797
    outer loop
      vertex -3.08738 -4.62059 7.95991
      vertex -3.82162 -4.65666 7.80629
      vertex -3.34679 -5.00882 7.80629
    endloop
  endfacet
  facet normal -0.160843 -0.268355 0.949797
    outer loop
      vertex -3.08738 -4.62059 7.95991
      vertex -3.34679 -5.00882 7.80629
      vertex -2.83972 -5.31274 7.80629
    endloop
  endfacet
  facet normal -0.111339 -0.185755 0.976268
    outer loop
      vertex -2.48215 -3.71479 8.22649
      vertex -2.79824 -4.18786 8.10043
      vertex -2.10608 -3.9402 8.22649
    endloop
  endfacet
  facet normal -0.13416 -0.223834 0.965349
    outer loop
      vertex -2.79824 -4.18786 8.10043
      vertex -3.08738 -4.62059 7.95991
      vertex -2.37428 -4.44197 8.10043
    endloop
  endfacet
  facet normal -0.0792701 -0.0198544 0.996655
    outer loop
      vertex -1.78733 -0.355523 8.56431
      vertex -2.47812 -0.492929 8.50663
      vertex -1.74388 -0.529 8.56431
    endloop
  endfacet
  facet normal -0.0520858 -0.0130457 0.998557
    outer loop
      vertex -1.05309 -0.319451 8.60308
      vertex -1.78733 -0.355523 8.56431
      vertex -1.74388 -0.529 8.56431
    endloop
  endfacet
  facet normal -0.0738733 -0.0349382 0.996655
    outer loop
      vertex -1.68363 -0.697383 8.56431
      vertex -2.33434 -0.966916 8.50663
      vertex -1.60717 -0.85905 8.56431
    endloop
  endfacet
  facet normal -0.0769407 -0.0275319 0.996655
    outer loop
      vertex -1.74388 -0.529 8.56431
      vertex -2.41788 -0.733455 8.50663
      vertex -2.33434 -0.966916 8.50663
    endloop
  endfacet
  facet normal -0.0851926 -0.114865 0.989721
    outer loop
      vertex -1.78153 -2.66624 8.43058
      vertex -2.44607 -2.98055 8.3369
      vertex -2.14215 -3.20596 8.3369
    endloop
  endfacet
  facet normal -0.0735221 -0.122663 0.989721
    outer loop
      vertex -1.78153 -2.66624 8.43058
      vertex -2.14215 -3.20596 8.3369
      vertex -1.8176 -3.40049 8.3369
    endloop
  endfacet
  facet normal -0.0475753 -0.100596 0.993789
    outer loop
      vertex -1.19107 -2.22833 8.50663
      vertex -1.22714 -2.96257 8.43058
      vertex -0.966916 -2.33434 8.50663
    endloop
  endfacet
  facet normal -0.0347483 -0.138724 0.989721
    outer loop
      vertex -0.930844 -3.06858 8.43058
      vertex -1.11927 -3.68974 8.3369
      vertex -0.752223 -3.78168 8.3369
    endloop
  endfacet
  facet normal -0.0700907 -0.0420142 0.996655
    outer loop
      vertex -1.60717 -0.85905 8.56431
      vertex -2.22833 -1.19107 8.50663
      vertex -2.10085 -1.40374 8.50663
    endloop
  endfacet
  facet normal 0.0228306 -0.0136842 0.999646
    outer loop
      vertex 0.970535 -0.518762 8.60308
      vertex 0.324553 -0.173477 8.62256
      vertex 0.915014 -0.611393 8.60308
    endloop
  endfacet
  facet normal 0.0213793 -0.0158562 0.999646
    outer loop
      vertex 0.915014 -0.611393 8.60308
      vertex 0.284473 -0.233461 8.62256
      vertex 0.850681 -0.698135 8.60308
    endloop
  endfacet
  facet normal 0.0263294 -0.00390552 0.999646
    outer loop
      vertex 0.366235 -0.0360708 8.62256
      vertex 0.360936 -0.0717945 8.62256
      vertex 1.09518 -0.107865 8.60308
    endloop
  endfacet
  facet normal -0.0158556 -0.0213796 0.999646
    outer loop
      vertex -0.233461 -0.284473 8.62256
      vertex -0.611393 -0.915014 8.60308
      vertex -0.204453 -0.305986 8.62256
    endloop
  endfacet
  facet normal -0.0180879 -0.0505563 0.998557
    outer loop
      vertex -0.421134 -1.01671 8.60308
      vertex -0.529 -1.74388 8.56431
      vertex -0.319451 -1.05309 8.60308
    endloop
  endfacet
  facet normal 0.00646811 -0.0258197 0.999646
    outer loop
      vertex 0.106827 -0.35216 8.62256
      vertex 0.0717945 -0.360936 8.62256
      vertex 0.319451 -1.05309 8.60308
    endloop
  endfacet
  facet normal 0.00896658 -0.0250618 0.999646
    outer loop
      vertex 0.421134 -1.01671 8.60308
      vertex 0.14083 -0.339994 8.62256
      vertex 0.319451 -1.05309 8.60308
    endloop
  endfacet
  facet normal -0.00788044 -0.0531131 0.998557
    outer loop
      vertex -0.107865 -1.09518 8.60308
      vertex -0.214692 -1.07933 8.60308
      vertex -0.178621 -1.81358 8.56431
    endloop
  endfacet
  facet normal -0.0198533 -0.07927 0.996655
    outer loop
      vertex -0.529 -1.74388 8.56431
      vertex -0.733455 -2.41788 8.50663
      vertex -0.492929 -2.47812 8.50663
    endloop
  endfacet
  facet normal -0.00130602 0.0265854 0.999646
    outer loop
      vertex 0 1.10048 8.60308
      vertex -0.0360708 0.366235 8.62256
      vertex 0 0.368007 8.62256
    endloop
  endfacet
  facet normal 0.0130457 -0.0520858 0.998557
    outer loop
      vertex 0.529 -1.74388 8.56431
      vertex 0.319451 -1.05309 8.60308
      vertex 0.355523 -1.78733 8.56431
    endloop
  endfacet
  facet normal 0.00788132 -0.0531132 0.998557
    outer loop
      vertex 0.214692 -1.07933 8.60308
      vertex 0.178621 -1.81358 8.56431
      vertex 0.355523 -1.78733 8.56431
    endloop
  endfacet
  facet normal 0.0374874 -0.104776 0.993789
    outer loop
      vertex 1.22714 -2.96257 8.43058
      vertex 0.733455 -2.41788 8.50663
      vertex 0.930844 -3.06858 8.43058
    endloop
  endfacet
  facet normal 0.0420142 -0.0700907 0.996655
    outer loop
      vertex 1.40374 -2.10085 8.50663
      vertex 0.85905 -1.60717 8.56431
      vertex 1.19107 -2.22833 8.50663
    endloop
  endfacet
  facet normal -0.0263294 0.00390651 0.999646
    outer loop
      vertex -1.07933 0.214692 8.60308
      vertex -1.09518 0.107865 8.60308
      vertex -0.360936 0.0717945 8.62256
    endloop
  endfacet
  facet normal 0.0505563 -0.0180879 0.998557
    outer loop
      vertex 1.05309 -0.319451 8.60308
      vertex 1.01671 -0.421134 8.60308
      vertex 1.74388 -0.529 8.56431
    endloop
  endfacet
  facet normal 0.027605 -0.0460554 0.998557
    outer loop
      vertex 1.01244 -1.51523 8.56431
      vertex 0.611393 -0.915014 8.60308
      vertex 0.85905 -1.60717 8.56431
    endloop
  endfacet
  facet normal 0.0136845 -0.0228304 0.999646
    outer loop
      vertex 0.204453 -0.305986 8.62256
      vertex 0.173477 -0.324553 8.62256
      vertex 0.611393 -0.915014 8.60308
    endloop
  endfacet
  facet normal 0.0197223 0.0178753 0.999646
    outer loop
      vertex 0.778155 0.778155 8.60308
      vertex 0.260221 0.260221 8.62256
      vertex 0.850681 0.698135 8.60308
    endloop
  endfacet
  facet normal -0.0250618 0.00896658 0.999646
    outer loop
      vertex -1.01671 0.421134 8.60308
      vertex -1.05309 0.319451 8.60308
      vertex -0.339994 0.14083 8.62256
    endloop
  endfacet
  facet normal 0.00130629 -0.0265854 0.999646
    outer loop
      vertex 0.0360708 -0.366235 8.62256
      vertex 0 -1.10048 8.60308
      vertex 0.107865 -1.09518 8.60308
    endloop
  endfacet
  facet normal 0.00263512 -0.0536298 0.998557
    outer loop
      vertex 0.107865 -1.09518 8.60308
      vertex 0 -1.10048 8.60308
      vertex 0.178621 -1.81358 8.56431
    endloop
  endfacet
  facet normal 0.114867 -0.0851915 0.989721
    outer loop
      vertex 2.66624 -1.78153 8.43058
      vertex 2.47878 -2.03429 8.43058
      vertex 2.98055 -2.44607 8.3369
    endloop
  endfacet
  facet normal 0.105964 -0.0960388 0.989721
    outer loop
      vertex 2.98055 -2.44607 8.3369
      vertex 2.26745 -2.26745 8.43058
      vertex 2.72644 -2.72644 8.3369
    endloop
  endfacet
  facet normal -0.0128031 -0.260647 0.965349
    outer loop
      vertex 0 -5.03669 8.10043
      vertex -0.493682 -5.01244 8.10043
      vertex 0 -5.55713 7.95991
    endloop
  endfacet
  facet normal -0.0106252 -0.216308 0.976267
    outer loop
      vertex -0.437915 -4.44623 8.22649
      vertex -0.493682 -5.01244 8.10043
      vertex 0 -5.03669 8.10043
    endloop
  endfacet
  facet normal -0.0550281 -0.370975 0.927011
    outer loop
      vertex -0.590461 -5.99505 7.80629
      vertex -1.25501 -6.30936 7.64106
      vertex -0.63054 -6.40199 7.64106
    endloop
  endfacet
  facet normal -0.0662208 -0.446431 0.892364
    outer loop
      vertex -0.63054 -6.40199 7.64106
      vertex -1.25501 -6.30936 7.64106
      vertex -0.664548 -6.74727 7.4658
    endloop
  endfacet
  facet normal -0.0128053 -0.260648 0.965349
    outer loop
      vertex -0.493682 -5.01244 8.10043
      vertex -0.544694 -5.53037 7.95991
      vertex 0 -5.55713 7.95991
    endloop
  endfacet
  facet normal -0.0382915 -0.258138 0.965349
    outer loop
      vertex -0.493682 -5.01244 8.10043
      vertex -1.08414 -5.45035 7.95991
      vertex -0.544694 -5.53037 7.95991
    endloop
  endfacet
  facet normal 0.152042 -0.424923 0.89237
    outer loop
      vertex 2.59456 -6.26383 7.4658
      vertex 1.86739 -6.15596 7.64106
      vertex 1.96811 -6.48798 7.4658
    endloop
  endfacet
  facet normal 0.109654 -0.437782 0.892369
    outer loop
      vertex 1.86739 -6.15596 7.64106
      vertex 1.3227 -6.64964 7.4658
      vertex 1.96811 -6.48798 7.4658
    endloop
  endfacet
  facet normal 0.192962 -0.407976 0.892368
    outer loop
      vertex 3.19603 -5.97935 7.4658
      vertex 2.46179 -5.94328 7.64106
      vertex 2.59456 -6.26383 7.4658
    endloop
  endfacet
  facet normal 0.19296 -0.40799 0.892362
    outer loop
      vertex 3.03248 -5.67337 7.64106
      vertex 2.46179 -5.94328 7.64106
      vertex 3.19603 -5.97935 7.4658
    endloop
  endfacet
  facet normal 0.0662208 -0.446431 0.892364
    outer loop
      vertex 1.25501 -6.30936 7.64106
      vertex 0.63054 -6.40199 7.64106
      vertex 0.664548 -6.74727 7.4658
    endloop
  endfacet
  facet normal 0.0662239 -0.446435 0.892362
    outer loop
      vertex 1.25501 -6.30936 7.64106
      vertex 0.664548 -6.74727 7.4658
      vertex 1.3227 -6.64964 7.4658
    endloop
  endfacet
  facet normal 0.0106248 -0.216308 0.976267
    outer loop
      vertex 0 -4.46774 8.22649
      vertex 0 -5.03669 8.10043
      vertex 0.437915 -4.44623 8.22649
    endloop
  endfacet
  facet normal 0.0317795 -0.214227 0.976267
    outer loop
      vertex 0.871614 -4.3819 8.22649
      vertex 0.493682 -5.01244 8.10043
      vertex 0.98261 -4.93991 8.10043
    endloop
  endfacet
  facet normal 0.161661 -0.645377 0.746561
    outer loop
      vertex 2.04987 -6.75751 7.2822
      vertex 1.41933 -7.13544 7.09203
      vertex 2.11189 -6.96196 7.09203
    endloop
  endfacet
  facet normal 0.195707 -0.781294 0.592687
    outer loop
      vertex 2.11189 -6.96196 7.09203
      vertex 1.41933 -7.13544 7.09203
      vertex 2.15357 -7.09937 6.89713
    endloop
  endfacet
  facet normal 0.0976228 -0.658117 0.74656
    outer loop
      vertex 1.41933 -7.13544 7.09203
      vertex 0.692156 -7.02758 7.2822
      vertex 0.713098 -7.2402 7.09203
    endloop
  endfacet
  facet normal 0.0326435 -0.664517 0.74656
    outer loop
      vertex 0.692156 -7.02758 7.2822
      vertex 0 -7.27523 7.09203
      vertex 0.713098 -7.2402 7.09203
    endloop
  endfacet
  facet normal 0.233674 -0.494051 0.837443
    outer loop
      vertex 3.19603 -5.97935 7.4658
      vertex 2.59456 -6.26383 7.4658
      vertex 3.32881 -6.22776 7.2822
    endloop
  endfacet
  facet normal 0.233672 -0.494065 0.837435
    outer loop
      vertex 3.32881 -6.22776 7.2822
      vertex 2.59456 -6.26383 7.4658
      vertex 2.70235 -6.52405 7.2822
    endloop
  endfacet
  facet normal 0.492951 -0.446792 0.746576
    outer loop
      vertex 5.45868 -4.47982 7.2822
      vertex 4.99329 -4.99329 7.2822
      vertex 5.14437 -5.14437 7.09203
    endloop
  endfacet
  facet normal 0.404964 -0.367038 0.837429
    outer loop
      vertex 5.24095 -4.30114 7.4658
      vertex 4.79413 -4.79413 7.4658
      vertex 4.99329 -4.99329 7.2822
    endloop
  endfacet
  facet normal 0.0960419 -0.105963 0.989721
    outer loop
      vertex 2.26745 -2.26745 8.43058
      vertex 2.03429 -2.47878 8.43058
      vertex 2.44607 -2.98055 8.3369
    endloop
  endfacet
  facet normal 0.0824542 -0.0747307 0.993789
    outer loop
      vertex 1.95315 -1.6029 8.50663
      vertex 1.78663 -1.78663 8.50663
      vertex 2.26745 -2.26745 8.43058
    endloop
  endfacet
  facet normal 0.0128053 -0.260648 0.965349
    outer loop
      vertex 0.493682 -5.01244 8.10043
      vertex 0 -5.55713 7.95991
      vertex 0.544694 -5.53037 7.95991
    endloop
  endfacet
  facet normal 0.0911295 -0.363795 0.927011
    outer loop
      vertex 1.74869 -5.76466 7.80629
      vertex 1.17523 -5.90831 7.80629
      vertex 1.86739 -6.15596 7.64106
    endloop
  endfacet
  facet normal 0.126344 -0.353112 0.927011
    outer loop
      vertex 2.30531 -5.5655 7.80629
      vertex 1.74869 -5.76466 7.80629
      vertex 1.86739 -6.15596 7.64106
    endloop
  endfacet
  facet normal 0.126346 -0.353113 0.92701
    outer loop
      vertex 2.30531 -5.5655 7.80629
      vertex 1.86739 -6.15596 7.64106
      vertex 2.46179 -5.94328 7.64106
    endloop
  endfacet
  facet normal 0.0879116 -0.24571 0.965349
    outer loop
      vertex 1.92746 -4.6533 8.10043
      vertex 1.46207 -4.81981 8.10043
      vertex 2.12662 -5.13412 7.95991
    endloop
  endfacet
  facet normal 0.0729576 -0.203911 0.976267
    outer loop
      vertex 1.70973 -4.12766 8.22649
      vertex 1.29692 -4.27536 8.22649
      vertex 1.46207 -4.81981 8.10043
    endloop
  endfacet
  facet normal 0.111338 -0.185757 0.976267
    outer loop
      vertex 2.79824 -4.18786 8.10043
      vertex 2.10608 -3.9402 8.22649
      vertex 2.37428 -4.44197 8.10043
    endloop
  endfacet
  facet normal 0.111577 -0.235909 0.965348
    outer loop
      vertex 2.37428 -4.44197 8.10043
      vertex 1.92746 -4.6533 8.10043
      vertex 2.61961 -4.90095 7.95991
    endloop
  endfacet
  facet normal -0.195705 -0.781303 0.592676
    outer loop
      vertex -1.41933 -7.13544 7.09203
      vertex -2.15357 -7.09937 6.89713
      vertex -1.44734 -7.27627 6.89713
    endloop
  endfacet
  facet normal -0.228297 -0.911418 0.342341
    outer loop
      vertex -2.15357 -7.09937 6.89713
      vertex -2.17451 -7.16841 6.69936
      vertex -1.44734 -7.27627 6.89713
    endloop
  endfacet
  facet normal 0.0460978 -0.938438 0.342359
    outer loop
      vertex 0 -7.41882 6.89713
      vertex 0 -7.49097 6.69936
      vertex 0.727171 -7.3831 6.89713
    endloop
  endfacet
  facet normal 0.0395168 -0.804465 0.592684
    outer loop
      vertex 0.713098 -7.2402 7.09203
      vertex 0 -7.41882 6.89713
      vertex 0.727171 -7.3831 6.89713
    endloop
  endfacet
  facet normal -0.184126 -0.514593 0.837432
    outer loop
      vertex -1.96811 -6.48798 7.4658
      vertex -2.59456 -6.26383 7.4658
      vertex -2.04987 -6.75751 7.2822
    endloop
  endfacet
  facet normal -0.152042 -0.424923 0.89237
    outer loop
      vertex -1.86739 -6.15596 7.64106
      vertex -2.59456 -6.26383 7.4658
      vertex -1.96811 -6.48798 7.4658
    endloop
  endfacet
  facet normal 0.998795 0.0490799 0
    outer loop
      vertex 7.49097 0 6.69936
      vertex 7.45489 0.734242 6.6
      vertex 7.45489 0.734242 6.69936
    endloop
  endfacet
  facet normal 0.998795 0.0490799 0
    outer loop
      vertex 7.45489 0.734242 6.6
      vertex 7.49097 0 6.69936
      vertex 7.49097 0 6.6
    endloop
  endfacet
  facet normal 0.601433 -0.28446 0.746566
    outer loop
      vertex 6.52405 -2.70235 7.2822
      vertex 6.41618 -3.42952 7.09203
      vertex 6.72144 -2.78411 7.09203
    endloop
  endfacet
  facet normal 0.728105 -0.344372 0.592681
    outer loop
      vertex 6.72144 -2.78411 7.09203
      vertex 6.41618 -3.42952 7.09203
      vertex 6.8541 -2.83906 6.89713
    endloop
  endfacet
  facet normal 0.91142 -0.228296 0.342338
    outer loop
      vertex 7.27627 -1.44734 6.89713
      vertex 7.16841 -2.17451 6.69936
      vertex 7.34703 -1.46141 6.69936
    endloop
  endfacet
  facet normal 0.277883 -0.25186 0.92701
    outer loop
      vertex 4.65666 -3.82162 7.80629
      vertex 4.25965 -4.25965 7.80629
      vertex 4.54879 -4.54879 7.64106
    endloop
  endfacet
  facet normal 0.27788 -0.25186 0.927011
    outer loop
      vertex 4.65666 -3.82162 7.80629
      vertex 4.54879 -4.54879 7.64106
      vertex 4.97275 -4.08103 7.64106
    endloop
  endfacet
  facet normal 0.231823 -0.210108 0.949796
    outer loop
      vertex 4.29572 -3.52541 7.95991
      vertex 3.92949 -3.92949 7.95991
      vertex 4.25965 -4.25965 7.80629
    endloop
  endfacet
  facet normal 0.193359 -0.175247 0.96535
    outer loop
      vertex 4.29572 -3.52541 7.95991
      vertex 3.56148 -3.56148 8.10043
      vertex 3.92949 -3.92949 7.95991
    endloop
  endfacet
  facet normal 0.0431275 -0.0319859 0.998557
    outer loop
      vertex 0.915014 -0.611393 8.60308
      vertex 0.850681 -0.698135 8.60308
      vertex 1.4087 -1.15609 8.56431
    endloop
  endfacet
  facet normal 0.0656387 -0.0486786 0.996655
    outer loop
      vertex 2.10085 -1.40374 8.50663
      vertex 1.4087 -1.15609 8.56431
      vertex 1.95315 -1.6029 8.50663
    endloop
  endfacet
  facet normal 0.0531131 -0.00788044 0.998557
    outer loop
      vertex 1.09518 -0.107865 8.60308
      vertex 1.07933 -0.214692 8.60308
      vertex 1.81358 -0.178621 8.56431
    endloop
  endfacet
  facet normal -0.0228304 0.0136845 0.999646
    outer loop
      vertex -0.305986 0.204453 8.62256
      vertex -0.915014 0.611393 8.60308
      vertex -0.324553 0.173477 8.62256
    endloop
  endfacet
  facet normal 0.0265854 0.00130629 0.999646
    outer loop
      vertex 1.09518 0.107865 8.60308
      vertex 0.366235 0.0360708 8.62256
      vertex 1.10048 0 8.60308
    endloop
  endfacet
  facet normal 0.0265854 0.00130602 0.999646
    outer loop
      vertex 1.10048 0 8.60308
      vertex 0.366235 0.0360708 8.62256
      vertex 0.368007 0 8.62256
    endloop
  endfacet
  facet normal 0.0228306 0.0136842 0.999646
    outer loop
      vertex 0.915014 0.611393 8.60308
      vertex 0.324553 0.173477 8.62256
      vertex 0.970535 0.518762 8.60308
    endloop
  endfacet
  facet normal 0.0505563 0.0180879 0.998557
    outer loop
      vertex 1.74388 0.529 8.56431
      vertex 1.01671 0.421134 8.60308
      vertex 1.05309 0.319451 8.60308
    endloop
  endfacet
  facet normal 0.0700907 0.0420142 0.996655
    outer loop
      vertex 2.10085 1.40374 8.50663
      vertex 1.60717 0.85905 8.56431
      vertex 2.22833 1.19107 8.50663
    endloop
  endfacet
  facet normal -0.027605 -0.0460554 0.998557
    outer loop
      vertex -0.611393 -0.915014 8.60308
      vertex -1.01244 -1.51523 8.56431
      vertex -0.85905 -1.60717 8.56431
    endloop
  endfacet
  facet normal -0.0178745 -0.019723 0.999646
    outer loop
      vertex -0.260221 -0.260221 8.62256
      vertex -0.698135 -0.850681 8.60308
      vertex -0.233461 -0.284473 8.62256
    endloop
  endfacet
  facet normal 0.00646738 -0.02582 0.999646
    outer loop
      vertex 0.319451 -1.05309 8.60308
      vertex 0.0717945 -0.360936 8.62256
      vertex 0.214692 -1.07933 8.60308
    endloop
  endfacet
  facet normal 0.173949 0.129011 0.976267
    outer loop
      vertex 3.89342 3.19524 8.10043
      vertex 3.45361 2.83431 8.22649
      vertex 4.18786 2.79824 8.10043
    endloop
  endfacet
  facet normal 0.209605 0.155456 0.965349
    outer loop
      vertex 4.62059 3.08738 7.95991
      vertex 3.89342 3.19524 8.10043
      vertex 4.18786 2.79824 8.10043
    endloop
  endfacet
  facet normal 0.0158562 0.0213793 0.999646
    outer loop
      vertex 0.611393 0.915014 8.60308
      vertex 0.233461 0.284473 8.62256
      vertex 0.698135 0.850681 8.60308
    endloop
  endfacet
  facet normal 0.110075 -0.0163314 0.993789
    outer loop
      vertex 2.51451 -0.247657 8.50663
      vertex 2.47812 -0.492929 8.50663
      vertex 3.19122 -0.314307 8.43058
    endloop
  endfacet
  facet normal 0.142837 0.00701843 0.989721
    outer loop
      vertex 3.8372 0.377932 8.3369
      vertex 3.20666 0 8.43058
      vertex 3.85577 0 8.3369
    endloop
  endfacet
  facet normal 0.177544 0.00872377 0.984074
    outer loop
      vertex 4.46774 0 8.22649
      vertex 3.8372 0.377932 8.3369
      vertex 3.85577 0 8.3369
    endloop
  endfacet
  facet normal 0.00872072 0.177542 0.984075
    outer loop
      vertex 0.437915 4.44623 8.22649
      vertex 0 4.46774 8.22649
      vertex 0.377932 3.8372 8.3369
    endloop
  endfacet
  facet normal 0.0128031 0.260647 0.965349
    outer loop
      vertex 0 5.55713 7.95991
      vertex 0 5.03669 8.10043
      vertex 0.493682 5.01244 8.10043
    endloop
  endfacet
  facet normal 0.0317757 0.214225 0.976267
    outer loop
      vertex 0.493682 5.01244 8.10043
      vertex 0.437915 4.44623 8.22649
      vertex 0.871614 4.3819 8.22649
    endloop
  endfacet
  facet normal 0.0106252 0.216308 0.976267
    outer loop
      vertex 0.493682 5.01244 8.10043
      vertex 0 5.03669 8.10043
      vertex 0.437915 4.44623 8.22649
    endloop
  endfacet
  facet normal 0.0526232 0.210081 0.976267
    outer loop
      vertex 0.98261 4.93991 8.10043
      vertex 0.871614 4.3819 8.22649
      vertex 1.46207 4.81981 8.10043
    endloop
  endfacet
  facet normal 0.0634092 0.25314 0.965349
    outer loop
      vertex 1.08414 5.45035 7.95991
      vertex 0.98261 4.93991 8.10043
      vertex 1.46207 4.81981 8.10043
    endloop
  endfacet
  facet normal 0.1054 0.294575 0.949798
    outer loop
      vertex 1.74869 5.76466 7.80629
      vertex 1.61315 5.31784 7.95991
      vertex 2.30531 5.5655 7.80629
    endloop
  endfacet
  facet normal 0.0760196 0.303487 0.949798
    outer loop
      vertex 1.74869 5.76466 7.80629
      vertex 1.08414 5.45035 7.95991
      vertex 1.61315 5.31784 7.95991
    endloop
  endfacet
  facet normal 0.0729563 0.20391 0.976267
    outer loop
      vertex 1.92746 4.6533 8.10043
      vertex 1.46207 4.81981 8.10043
      vertex 1.70973 4.12766 8.22649
    endloop
  endfacet
  facet normal 0.0729576 0.203911 0.976267
    outer loop
      vertex 1.46207 4.81981 8.10043
      vertex 1.29692 4.27536 8.22649
      vertex 1.70973 4.12766 8.22649
    endloop
  endfacet
  facet normal 0.105891 0.142773 0.984075
    outer loop
      vertex 2.83431 3.45361 8.22649
      vertex 2.14215 3.20596 8.3369
      vertex 2.44607 2.98055 8.3369
    endloop
  endfacet
  facet normal 0.10589 0.142776 0.984074
    outer loop
      vertex 2.48215 3.71479 8.22649
      vertex 2.14215 3.20596 8.3369
      vertex 2.83431 3.45361 8.22649
    endloop
  endfacet
  facet normal 0.114865 0.0851926 0.989721
    outer loop
      vertex 2.98055 2.44607 8.3369
      vertex 2.66624 1.78153 8.43058
      vertex 3.20596 2.14215 8.3369
    endloop
  endfacet
  facet normal 0.114867 0.0851915 0.989721
    outer loop
      vertex 2.98055 2.44607 8.3369
      vertex 2.47878 2.03429 8.43058
      vertex 2.66624 1.78153 8.43058
    endloop
  endfacet
  facet normal 0.203911 0.0729576 0.976267
    outer loop
      vertex 4.81981 1.46207 8.10043
      vertex 4.12766 1.70973 8.22649
      vertex 4.27536 1.29692 8.22649
    endloop
  endfacet
  facet normal 0.167367 0.0598826 0.984074
    outer loop
      vertex 4.12766 1.70973 8.22649
      vertex 3.56227 1.47554 8.3369
      vertex 4.27536 1.29692 8.22649
    endloop
  endfacet
  facet normal 0.107944 0.0270348 0.993789
    outer loop
      vertex 3.14505 0.625588 8.43058
      vertex 2.41788 0.733455 8.50663
      vertex 2.47812 0.492929 8.50663
    endloop
  endfacet
  facet normal 0.107945 0.0270415 0.993789
    outer loop
      vertex 3.06858 0.930844 8.43058
      vertex 2.41788 0.733455 8.50663
      vertex 3.14505 0.625588 8.43058
    endloop
  endfacet
  facet normal 0.0954448 0.0572121 0.993789
    outer loop
      vertex 2.66624 1.78153 8.43058
      vertex 2.10085 1.40374 8.50663
      vertex 2.22833 1.19107 8.50663
    endloop
  endfacet
  facet normal 0.0738734 0.0349372 0.996655
    outer loop
      vertex 2.22833 1.19107 8.50663
      vertex 1.60717 0.85905 8.56431
      vertex 2.33434 0.966916 8.50663
    endloop
  endfacet
  facet normal 0.0598824 0.167367 0.984074
    outer loop
      vertex 1.29692 4.27536 8.22649
      vertex 1.11927 3.68974 8.3369
      vertex 1.47554 3.56227 8.3369
    endloop
  endfacet
  facet normal 0.0163265 0.110074 0.993789
    outer loop
      vertex 0.625588 3.14505 8.43058
      vertex 0.314307 3.19122 8.43058
      vertex 0.492929 2.47812 8.50663
    endloop
  endfacet
  facet normal 0.0347483 0.138724 0.989721
    outer loop
      vertex 1.11927 3.68974 8.3369
      vertex 0.752223 3.78168 8.3369
      vertex 0.930844 3.06858 8.43058
    endloop
  endfacet
  facet normal 0.0481758 0.134651 0.989721
    outer loop
      vertex 1.11927 3.68974 8.3369
      vertex 0.930844 3.06858 8.43058
      vertex 1.22714 2.96257 8.43058
    endloop
  endfacet
  facet normal -0.0270348 0.107944 0.993789
    outer loop
      vertex -0.625588 3.14505 8.43058
      vertex -0.733455 2.41788 8.50663
      vertex -0.492929 2.47812 8.50663
    endloop
  endfacet
  facet normal -0.0893823 0.0662872 0.993789
    outer loop
      vertex -1.95315 1.6029 8.50663
      vertex -2.47878 2.03429 8.43058
      vertex -2.10085 1.40374 8.50663
    endloop
  endfacet
  facet normal 0.00788044 0.0531131 0.998557
    outer loop
      vertex 0.178621 1.81358 8.56431
      vertex 0.107865 1.09518 8.60308
      vertex 0.214692 1.07933 8.60308
    endloop
  endfacet
  facet normal 0.0349382 0.0738733 0.996655
    outer loop
      vertex 0.966916 2.33434 8.50663
      vertex 0.697383 1.68363 8.56431
      vertex 0.85905 1.60717 8.56431
    endloop
  endfacet
  facet normal -0.514102 0.857729 0
    outer loop
      vertex -3.53122 6.60644 6.6
      vertex -4.16176 6.22851 6.69936
      vertex -3.53122 6.60644 6.69936
    endloop
  endfacet
  facet normal -0.514102 0.857729 0
    outer loop
      vertex -4.16176 6.22851 6.69936
      vertex -3.53122 6.60644 6.6
      vertex -4.16176 6.22851 6.6
    endloop
  endfacet
  facet normal -0.336891 0.941544 0
    outer loop
      vertex -2.17451 7.16841 6.6
      vertex -2.86667 6.92075 6.69936
      vertex -2.17451 7.16841 6.69936
    endloop
  endfacet
  facet normal -0.336891 0.941544 0
    outer loop
      vertex -2.86667 6.92075 6.69936
      vertex -2.17451 7.16841 6.6
      vertex -2.86667 6.92075 6.6
    endloop
  endfacet
  facet normal -0.097627 0.658106 0.746569
    outer loop
      vertex -0.692156 7.02758 7.2822
      vertex -1.41933 7.13544 7.09203
      vertex -1.37765 6.92589 7.2822
    endloop
  endfacet
  facet normal -0.0801978 0.540615 0.837439
    outer loop
      vertex -0.692156 7.02758 7.2822
      vertex -1.37765 6.92589 7.2822
      vertex -0.664548 6.74727 7.4658
    endloop
  endfacet
  facet normal -0.446792 0.492951 0.746576
    outer loop
      vertex -4.47982 5.45868 7.2822
      vertex -5.14437 5.14437 7.09203
      vertex -4.99329 4.99329 7.2822
    endloop
  endfacet
  facet normal -0.446797 0.492972 0.746559
    outer loop
      vertex -4.61536 5.62383 7.09203
      vertex -5.14437 5.14437 7.09203
      vertex -4.47982 5.45868 7.2822
    endloop
  endfacet
  facet normal -0.0911297 0.363794 0.927011
    outer loop
      vertex -1.25501 6.30936 7.64106
      vertex -1.86739 6.15596 7.64106
      vertex -1.17523 5.90831 7.80629
    endloop
  endfacet
  facet normal -0.0801954 0.540621 0.837435
    outer loop
      vertex -0.664548 6.74727 7.4658
      vertex -1.37765 6.92589 7.2822
      vertex -1.3227 6.64964 7.4658
    endloop
  endfacet
  facet normal -0.105399 0.294576 0.949798
    outer loop
      vertex -1.61315 5.31784 7.95991
      vertex -2.30531 5.5655 7.80629
      vertex -2.12662 5.13412 7.95991
    endloop
  endfacet
  facet normal -0.0760217 0.303484 0.949799
    outer loop
      vertex -1.17523 5.90831 7.80629
      vertex -1.74869 5.76466 7.80629
      vertex -1.08414 5.45035 7.95991
    endloop
  endfacet
  facet normal -0.0317795 0.214227 0.976267
    outer loop
      vertex -0.493682 5.01244 8.10043
      vertex -0.98261 4.93991 8.10043
      vertex -0.871614 4.3819 8.22649
    endloop
  endfacet
  facet normal -0.0634092 0.25314 0.965349
    outer loop
      vertex -1.08414 5.45035 7.95991
      vertex -1.46207 4.81981 8.10043
      vertex -0.98261 4.93991 8.10043
    endloop
  endfacet
  facet normal -0.111577 0.235907 0.965349
    outer loop
      vertex -2.12662 5.13412 7.95991
      vertex -2.61961 4.90095 7.95991
      vertex -1.92746 4.6533 8.10043
    endloop
  endfacet
  facet normal -0.133768 0.282825 0.949798
    outer loop
      vertex -2.30531 5.5655 7.80629
      vertex -2.61961 4.90095 7.95991
      vertex -2.12662 5.13412 7.95991
    endloop
  endfacet
  facet normal 0.0183986 0.374589 0.927008
    outer loop
      vertex 0 6.43296 7.64106
      vertex 0 6.02406 7.80629
      vertex 0.63054 6.40199 7.64106
    endloop
  endfacet
  facet normal 0.0221399 0.450763 0.892369
    outer loop
      vertex 0 6.77992 7.4658
      vertex 0 6.43296 7.64106
      vertex 0.63054 6.40199 7.64106
    endloop
  endfacet
  facet normal 0.132796 0.530158 0.837436
    outer loop
      vertex 1.37765 6.92589 7.2822
      vertex 1.3227 6.64964 7.4658
      vertex 2.04987 6.75751 7.2822
    endloop
  endfacet
  facet normal 0.132794 0.530164 0.837432
    outer loop
      vertex 2.04987 6.75751 7.2822
      vertex 1.3227 6.64964 7.4658
      vertex 1.96811 6.48798 7.4658
    endloop
  endfacet
  facet normal 0.195776 0.0925952 0.976267
    outer loop
      vertex 4.6533 1.92746 8.10043
      vertex 3.9402 2.10608 8.22649
      vertex 4.12766 1.70973 8.22649
    endloop
  endfacet
  facet normal 0.195776 0.0925949 0.976267
    outer loop
      vertex 4.44197 2.37428 8.10043
      vertex 3.9402 2.10608 8.22649
      vertex 4.6533 1.92746 8.10043
    endloop
  endfacet
  facet normal -0.0260818 -0.175832 0.984075
    outer loop
      vertex -0.752223 -3.78168 8.3369
      vertex -0.871614 -4.3819 8.22649
      vertex -0.377932 -3.8372 8.3369
    endloop
  endfacet
  facet normal -0.0431936 -0.172428 0.984075
    outer loop
      vertex -0.752223 -3.78168 8.3369
      vertex -1.29692 -4.27536 8.22649
      vertex -0.871614 -4.3819 8.22649
    endloop
  endfacet
  facet normal 0.0760015 -0.160691 0.984074
    outer loop
      vertex 1.8176 -3.40049 8.3369
      vertex 1.70973 -4.12766 8.22649
      vertex 2.10608 -3.9402 8.22649
    endloop
  endfacet
  facet normal 0.0481767 -0.134651 0.989721
    outer loop
      vertex 1.22714 -2.96257 8.43058
      vertex 1.11927 -3.68974 8.3369
      vertex 1.47554 -3.56227 8.3369
    endloop
  endfacet
  facet normal 0.0347483 -0.138724 0.989721
    outer loop
      vertex 0.930844 -3.06858 8.43058
      vertex 0.752223 -3.78168 8.3369
      vertex 1.11927 -3.68974 8.3369
    endloop
  endfacet
  facet normal 0.0481758 -0.134651 0.989721
    outer loop
      vertex 1.22714 -2.96257 8.43058
      vertex 0.930844 -3.06858 8.43058
      vertex 1.11927 -3.68974 8.3369
    endloop
  endfacet
  facet normal 0.0209837 -0.141463 0.989721
    outer loop
      vertex 0.752223 -3.78168 8.3369
      vertex 0.314307 -3.19122 8.43058
      vertex 0.377932 -3.8372 8.3369
    endloop
  endfacet
  facet normal 0.00701678 -0.142838 0.989721
    outer loop
      vertex 0.314307 -3.19122 8.43058
      vertex 0 -3.20666 8.43058
      vertex 0.377932 -3.8372 8.3369
    endloop
  endfacet
  facet normal 0.011993 -0.0808342 0.996655
    outer loop
      vertex 0.492929 -2.47812 8.50663
      vertex 0.178621 -1.81358 8.56431
      vertex 0.247657 -2.51451 8.50663
    endloop
  endfacet
  facet normal 0.00400759 -0.0816207 0.996655
    outer loop
      vertex 0.178621 -1.81358 8.56431
      vertex 0 -2.52667 8.50663
      vertex 0.247657 -2.51451 8.50663
    endloop
  endfacet
  facet normal -0.362498 -0.26884 0.892368
    outer loop
      vertex -4.97275 -4.08103 7.64106
      vertex -5.34881 -3.57396 7.64106
      vertex -5.24095 -4.30114 7.4658
    endloop
  endfacet
  facet normal -0.353112 -0.126344 0.927011
    outer loop
      vertex -5.76466 -1.74869 7.80629
      vertex -6.15596 -1.86739 7.64106
      vertex -5.5655 -2.30531 7.80629
    endloop
  endfacet
  facet normal -0.437782 -0.109654 0.892369
    outer loop
      vertex -6.15596 -1.86739 7.64106
      vertex -6.64964 -1.3227 7.4658
      vertex -6.48798 -1.96811 7.4658
    endloop
  endfacet
  facet normal -0.424923 -0.152042 0.89237
    outer loop
      vertex -6.15596 -1.86739 7.64106
      vertex -6.48798 -1.96811 7.4658
      vertex -6.26383 -2.59456 7.4658
    endloop
  endfacet
  facet normal -0.303487 -0.0760196 0.949798
    outer loop
      vertex -5.45035 -1.08414 7.95991
      vertex -5.76466 -1.74869 7.80629
      vertex -5.31784 -1.61315 7.95991
    endloop
  endfacet
  facet normal -0.258136 -0.0382932 0.965349
    outer loop
      vertex -5.01244 -0.493682 8.10043
      vertex -5.45035 -1.08414 7.95991
      vertex -4.93991 -0.98261 8.10043
    endloop
  endfacet
  facet normal -0.27788 -0.25186 0.927011
    outer loop
      vertex -4.65666 -3.82162 7.80629
      vertex -4.97275 -4.08103 7.64106
      vertex -4.54879 -4.54879 7.64106
    endloop
  endfacet
  facet normal -0.301235 -0.223413 0.927008
    outer loop
      vertex -5.00882 -3.34679 7.80629
      vertex -5.34881 -3.57396 7.64106
      vertex -4.65666 -3.82162 7.80629
    endloop
  endfacet
  facet normal -0.268355 -0.160843 0.949797
    outer loop
      vertex -4.62059 -3.08738 7.95991
      vertex -5.31274 -2.83972 7.80629
      vertex -5.00882 -3.34679 7.80629
    endloop
  endfacet
  facet normal -0.282825 -0.133768 0.949798
    outer loop
      vertex -5.13412 -2.12662 7.95991
      vertex -5.5655 -2.30531 7.80629
      vertex -4.90095 -2.61961 7.95991
    endloop
  endfacet
  facet normal -0.294576 -0.105399 0.949798
    outer loop
      vertex -5.31784 -1.61315 7.95991
      vertex -5.5655 -2.30531 7.80629
      vertex -5.13412 -2.12662 7.95991
    endloop
  endfacet
  facet normal -0.282825 -0.133768 0.949798
    outer loop
      vertex -4.90095 -2.61961 7.95991
      vertex -5.5655 -2.30531 7.80629
      vertex -5.31274 -2.83972 7.80629
    endloop
  endfacet
  facet normal -0.25314 -0.0634092 0.965349
    outer loop
      vertex -4.93991 -0.98261 8.10043
      vertex -5.45035 -1.08414 7.95991
      vertex -4.81981 -1.46207 8.10043
    endloop
  endfacet
  facet normal -0.268354 -0.160839 0.949798
    outer loop
      vertex -4.90095 -2.61961 7.95991
      vertex -5.31274 -2.83972 7.80629
      vertex -4.62059 -3.08738 7.95991
    endloop
  endfacet
  facet normal -0.142776 -0.10589 0.984074
    outer loop
      vertex -3.20596 -2.14215 8.3369
      vertex -3.71479 -2.48215 8.22649
      vertex -3.45361 -2.83431 8.22649
    endloop
  endfacet
  facet normal -0.152468 -0.0913866 0.984074
    outer loop
      vertex -3.20596 -2.14215 8.3369
      vertex -3.9402 -2.10608 8.22649
      vertex -3.71479 -2.48215 8.22649
    endloop
  endfacet
  facet normal -0.177542 0.00872072 0.984075
    outer loop
      vertex -4.44623 0.437915 8.22649
      vertex -4.46774 0 8.22649
      vertex -3.8372 0.377932 8.3369
    endloop
  endfacet
  facet normal -0.175832 0.026081 0.984075
    outer loop
      vertex -4.3819 0.871614 8.22649
      vertex -4.44623 0.437915 8.22649
      vertex -3.8372 0.377932 8.3369
    endloop
  endfacet
  facet normal -0.258136 0.0382932 0.965349
    outer loop
      vertex -4.93991 0.98261 8.10043
      vertex -5.45035 1.08414 7.95991
      vertex -5.01244 0.493682 8.10043
    endloop
  endfacet
  facet normal -0.214227 0.0317795 0.976267
    outer loop
      vertex -4.93991 0.98261 8.10043
      vertex -5.01244 0.493682 8.10043
      vertex -4.3819 0.871614 8.22649
    endloop
  endfacet
  facet normal -0.142838 -0.00701678 0.989721
    outer loop
      vertex -3.20666 0 8.43058
      vertex -3.8372 -0.377932 8.3369
      vertex -3.19122 -0.314307 8.43058
    endloop
  endfacet
  facet normal -0.142837 0.00701843 0.989721
    outer loop
      vertex -3.8372 0.377932 8.3369
      vertex -3.85577 0 8.3369
      vertex -3.20666 0 8.43058
    endloop
  endfacet
  facet normal -0.0769407 0.0275319 0.996655
    outer loop
      vertex -2.33434 0.966916 8.50663
      vertex -2.41788 0.733455 8.50663
      vertex -1.74388 0.529 8.56431
    endloop
  endfacet
  facet normal -0.100596 0.0475803 0.993789
    outer loop
      vertex -2.82802 1.51161 8.43058
      vertex -2.96257 1.22714 8.43058
      vertex -2.22833 1.19107 8.50663
    endloop
  endfacet
  facet normal -0.167367 0.0598826 0.984074
    outer loop
      vertex -4.12766 1.70973 8.22649
      vertex -4.27536 1.29692 8.22649
      vertex -3.56227 1.47554 8.3369
    endloop
  endfacet
  facet normal -0.104776 0.0374874 0.993789
    outer loop
      vertex -2.96257 1.22714 8.43058
      vertex -3.06858 0.930844 8.43058
      vertex -2.41788 0.733455 8.50663
    endloop
  endfacet
  facet normal -0.138724 0.0347483 0.989721
    outer loop
      vertex -3.68974 1.11927 8.3369
      vertex -3.78168 0.752223 8.3369
      vertex -3.06858 0.930844 8.43058
    endloop
  endfacet
  facet normal -0.134651 0.0481758 0.989721
    outer loop
      vertex -2.96257 1.22714 8.43058
      vertex -3.68974 1.11927 8.3369
      vertex -3.06858 0.930844 8.43058
    endloop
  endfacet
  facet normal -0.142773 0.105891 0.984075
    outer loop
      vertex -2.98055 2.44607 8.3369
      vertex -3.45361 2.83431 8.22649
      vertex -3.20596 2.14215 8.3369
    endloop
  endfacet
  facet normal -0.122663 0.0735196 0.989722
    outer loop
      vertex -2.66624 1.78153 8.43058
      vertex -3.40049 1.8176 8.3369
      vertex -2.82802 1.51161 8.43058
    endloop
  endfacet
  facet normal -0.0893798 0.0662887 0.993789
    outer loop
      vertex -2.47878 2.03429 8.43058
      vertex -2.66624 1.78153 8.43058
      vertex -2.10085 1.40374 8.50663
    endloop
  endfacet
  facet normal -0.114867 0.0851915 0.989721
    outer loop
      vertex -2.47878 2.03429 8.43058
      vertex -2.98055 2.44607 8.3369
      vertex -2.66624 1.78153 8.43058
    endloop
  endfacet
  facet normal 0.0229568 0.0485398 0.998557
    outer loop
      vertex 0.697383 1.68363 8.56431
      vertex 0.518762 0.970535 8.60308
      vertex 0.85905 1.60717 8.56431
    endloop
  endfacet
  facet normal 0.011993 0.0808342 0.996655
    outer loop
      vertex 0.247657 2.51451 8.50663
      vertex 0.178621 1.81358 8.56431
      vertex 0.492929 2.47812 8.50663
    endloop
  endfacet
  facet normal 0.0275308 0.0769415 0.996655
    outer loop
      vertex 0.966916 2.33434 8.50663
      vertex 0.529 1.74388 8.56431
      vertex 0.697383 1.68363 8.56431
    endloop
  endfacet
  facet normal 0.0275319 0.0769407 0.996655
    outer loop
      vertex 0.733455 2.41788 8.50663
      vertex 0.529 1.74388 8.56431
      vertex 0.966916 2.33434 8.50663
    endloop
  endfacet
  facet normal 0.00400759 0.0816207 0.996655
    outer loop
      vertex 0.247657 2.51451 8.50663
      vertex 0 2.52667 8.50663
      vertex 0.178621 1.81358 8.56431
    endloop
  endfacet
  facet normal 0.00545989 0.111145 0.993789
    outer loop
      vertex 0 3.20666 8.43058
      vertex 0 2.52667 8.50663
      vertex 0.314307 3.19122 8.43058
    endloop
  endfacet
  facet normal 0.00390552 -0.0263294 0.999646
    outer loop
      vertex 0.0717945 -0.360936 8.62256
      vertex 0.0360708 -0.366235 8.62256
      vertex 0.107865 -1.09518 8.60308
    endloop
  endfacet
  facet normal 0.019723 -0.0178745 0.999646
    outer loop
      vertex 0.284473 -0.233461 8.62256
      vertex 0.260221 -0.260221 8.62256
      vertex 0.850681 -0.698135 8.60308
    endloop
  endfacet
  facet normal -0.0178745 0.019723 0.999646
    outer loop
      vertex -0.233461 0.284473 8.62256
      vertex -0.698135 0.850681 8.60308
      vertex -0.260221 0.260221 8.62256
    endloop
  endfacet
  facet normal -0.0349382 0.0738733 0.996655
    outer loop
      vertex -0.697383 1.68363 8.56431
      vertex -0.966916 2.33434 8.50663
      vertex -0.85905 1.60717 8.56431
    endloop
  endfacet
  facet normal 0.00701678 0.142838 0.989721
    outer loop
      vertex 0.377932 3.8372 8.3369
      vertex 0 3.20666 8.43058
      vertex 0.314307 3.19122 8.43058
    endloop
  endfacet
  facet normal 0.00701843 0.142837 0.989721
    outer loop
      vertex 0 3.85577 8.3369
      vertex 0 3.20666 8.43058
      vertex 0.377932 3.8372 8.3369
    endloop
  endfacet
  facet normal -0.160465 0.145439 0.976268
    outer loop
      vertex -3.15917 3.15917 8.22649
      vertex -3.56148 3.56148 8.10043
      vertex -3.45361 2.83431 8.22649
    endloop
  endfacet
  facet normal -0.145439 0.160465 0.976268
    outer loop
      vertex -2.83431 3.45361 8.22649
      vertex -3.56148 3.56148 8.10043
      vertex -3.15917 3.15917 8.22649
    endloop
  endfacet
  facet normal -0.245706 0.0879138 0.96535
    outer loop
      vertex -5.13412 2.12662 7.95991
      vertex -5.31784 1.61315 7.95991
      vertex -4.81981 1.46207 8.10043
    endloop
  endfacet
  facet normal -0.24571 0.0879116 0.965349
    outer loop
      vertex -4.6533 1.92746 8.10043
      vertex -5.13412 2.12662 7.95991
      vertex -4.81981 1.46207 8.10043
    endloop
  endfacet
  facet normal -0.173949 0.129011 0.976267
    outer loop
      vertex -3.89342 3.19524 8.10043
      vertex -4.18786 2.79824 8.10043
      vertex -3.45361 2.83431 8.22649
    endloop
  endfacet
  facet normal -0.209605 0.155456 0.965349
    outer loop
      vertex -3.89342 3.19524 8.10043
      vertex -4.62059 3.08738 7.95991
      vertex -4.18786 2.79824 8.10043
    endloop
  endfacet
  facet normal -0.209605 0.155456 0.965349
    outer loop
      vertex -4.29572 3.52541 7.95991
      vertex -4.62059 3.08738 7.95991
      vertex -3.89342 3.19524 8.10043
    endloop
  endfacet
  facet normal -0.193359 0.17525 0.965349
    outer loop
      vertex -3.56148 3.56148 8.10043
      vertex -4.29572 3.52541 7.95991
      vertex -3.89342 3.19524 8.10043
    endloop
  endfacet
  facet normal -0.223413 0.301235 0.927008
    outer loop
      vertex -3.57396 5.34881 7.64106
      vertex -3.82162 4.65666 7.80629
      vertex -3.34679 5.00882 7.80629
    endloop
  endfacet
  facet normal -0.303077 0.334394 0.892371
    outer loop
      vertex -4.30114 5.24095 7.4658
      vertex -4.79413 4.79413 7.4658
      vertex -4.54879 4.54879 7.64106
    endloop
  endfacet
  facet normal -0.26884 0.362492 0.89237
    outer loop
      vertex -3.76672 5.6373 7.4658
      vertex -4.30114 5.24095 7.4658
      vertex -3.57396 5.34881 7.64106
    endloop
  endfacet
  facet normal -0.223404 0.301233 0.927011
    outer loop
      vertex -3.57396 5.34881 7.64106
      vertex -4.08103 4.97275 7.64106
      vertex -3.82162 4.65666 7.80629
    endloop
  endfacet
  facet normal -0.145439 -0.160465 0.976268
    outer loop
      vertex -3.15917 -3.15917 8.22649
      vertex -3.56148 -3.56148 8.10043
      vertex -2.83431 -3.45361 8.22649
    endloop
  endfacet
  facet normal -0.193359 -0.17525 0.965349
    outer loop
      vertex -3.89342 -3.19524 8.10043
      vertex -4.29572 -3.52541 7.95991
      vertex -3.56148 -3.56148 8.10043
    endloop
  endfacet
  facet normal -0.0925952 -0.195776 0.976267
    outer loop
      vertex -1.70973 -4.12766 8.22649
      vertex -2.10608 -3.9402 8.22649
      vertex -1.92746 -4.6533 8.10043
    endloop
  endfacet
  facet normal -0.0760015 -0.160691 0.984074
    outer loop
      vertex -1.8176 -3.40049 8.3369
      vertex -2.10608 -3.9402 8.22649
      vertex -1.70973 -4.12766 8.22649
    endloop
  endfacet
  facet normal -0.0531131 -0.00788044 0.998557
    outer loop
      vertex -1.09518 -0.107865 8.60308
      vertex -1.81358 -0.178621 8.56431
      vertex -1.07933 -0.214692 8.60308
    endloop
  endfacet
  facet normal -0.0531132 -0.00788132 0.998557
    outer loop
      vertex -1.07933 -0.214692 8.60308
      vertex -1.81358 -0.178621 8.56431
      vertex -1.78733 -0.355523 8.56431
    endloop
  endfacet
  facet normal -0.050556 -0.0180897 0.998557
    outer loop
      vertex -1.01671 -0.421134 8.60308
      vertex -1.74388 -0.529 8.56431
      vertex -1.68363 -0.697383 8.56431
    endloop
  endfacet
  facet normal -0.0769415 -0.0275308 0.996655
    outer loop
      vertex -1.74388 -0.529 8.56431
      vertex -2.33434 -0.966916 8.50663
      vertex -1.68363 -0.697383 8.56431
    endloop
  endfacet
  facet normal -0.0374912 -0.104773 0.993789
    outer loop
      vertex -0.966916 -2.33434 8.50663
      vertex -1.22714 -2.96257 8.43058
      vertex -0.733455 -2.41788 8.50663
    endloop
  endfacet
  facet normal -0.0735196 -0.122663 0.989722
    outer loop
      vertex -1.78153 -2.66624 8.43058
      vertex -1.8176 -3.40049 8.3369
      vertex -1.51161 -2.82802 8.43058
    endloop
  endfacet
  facet normal -0.0420142 -0.0700907 0.996655
    outer loop
      vertex -0.85905 -1.60717 8.56431
      vertex -1.40374 -2.10085 8.50663
      vertex -1.19107 -2.22833 8.50663
    endloop
  endfacet
  facet normal -0.0270348 -0.107944 0.993789
    outer loop
      vertex -0.492929 -2.47812 8.50663
      vertex -0.733455 -2.41788 8.50663
      vertex -0.625588 -3.14505 8.43058
    endloop
  endfacet
  facet normal -0.0374874 -0.104776 0.993789
    outer loop
      vertex -0.733455 -2.41788 8.50663
      vertex -1.22714 -2.96257 8.43058
      vertex -0.930844 -3.06858 8.43058
    endloop
  endfacet
  facet normal -0.0481767 -0.134651 0.989721
    outer loop
      vertex -1.22714 -2.96257 8.43058
      vertex -1.47554 -3.56227 8.3369
      vertex -1.11927 -3.68974 8.3369
    endloop
  endfacet
  facet normal -0.0197223 -0.0178753 0.999646
    outer loop
      vertex -0.260221 -0.260221 8.62256
      vertex -0.850681 -0.698135 8.60308
      vertex -0.778155 -0.778155 8.60308
    endloop
  endfacet
  facet normal -0.0824516 -0.074732 0.993789
    outer loop
      vertex -1.95315 -1.6029 8.50663
      vertex -2.47878 -2.03429 8.43058
      vertex -2.26745 -2.26745 8.43058
    endloop
  endfacet
  facet normal -0.0824542 -0.0747307 0.993789
    outer loop
      vertex -1.95315 -1.6029 8.50663
      vertex -2.26745 -2.26745 8.43058
      vertex -1.78663 -1.78663 8.50663
    endloop
  endfacet
  facet normal -0.00130629 -0.0265854 0.999646
    outer loop
      vertex -0.0360708 -0.366235 8.62256
      vertex -0.107865 -1.09518 8.60308
      vertex 0 -1.10048 8.60308
    endloop
  endfacet
  facet normal -0.0485396 -0.0229577 0.998557
    outer loop
      vertex -1.01671 -0.421134 8.60308
      vertex -1.68363 -0.697383 8.56431
      vertex -0.970535 -0.518762 8.60308
    endloop
  endfacet
  facet normal -0.0486786 -0.0656387 0.996655
    outer loop
      vertex -1.15609 -1.4087 8.56431
      vertex -1.6029 -1.95315 8.50663
      vertex -1.40374 -2.10085 8.50663
    endloop
  endfacet
  facet normal -0.00263512 -0.0536298 0.998557
    outer loop
      vertex -0.107865 -1.09518 8.60308
      vertex -0.178621 -1.81358 8.56431
      vertex 0 -1.10048 8.60308
    endloop
  endfacet
  facet normal -0.0113805 -0.0240619 0.999646
    outer loop
      vertex -0.173477 -0.324553 8.62256
      vertex -0.518762 -0.970535 8.60308
      vertex -0.14083 -0.339994 8.62256
    endloop
  endfacet
  facet normal 0.0178745 -0.019723 0.999646
    outer loop
      vertex 0.260221 -0.260221 8.62256
      vertex 0.233461 -0.284473 8.62256
      vertex 0.698135 -0.850681 8.60308
    endloop
  endfacet
  facet normal -0.00130629 0.0265854 0.999646
    outer loop
      vertex 0 1.10048 8.60308
      vertex -0.107865 1.09518 8.60308
      vertex -0.0360708 0.366235 8.62256
    endloop
  endfacet
  facet normal -0.00390651 -0.0263294 0.999646
    outer loop
      vertex -0.0717945 -0.360936 8.62256
      vertex -0.214692 -1.07933 8.60308
      vertex -0.107865 -1.09518 8.60308
    endloop
  endfacet
  facet normal 0.0119947 -0.0808335 0.996655
    outer loop
      vertex 0.355523 -1.78733 8.56431
      vertex 0.178621 -1.81358 8.56431
      vertex 0.492929 -2.47812 8.50663
    endloop
  endfacet
  facet normal 0.0198544 -0.0792701 0.996655
    outer loop
      vertex 0.529 -1.74388 8.56431
      vertex 0.355523 -1.78733 8.56431
      vertex 0.492929 -2.47812 8.50663
    endloop
  endfacet
  facet normal 0.00896689 -0.0250617 0.999646
    outer loop
      vertex 0.14083 -0.339994 8.62256
      vertex 0.106827 -0.35216 8.62256
      vertex 0.319451 -1.05309 8.60308
    endloop
  endfacet
  facet normal 0.0130464 -0.0520858 0.998557
    outer loop
      vertex 0.319451 -1.05309 8.60308
      vertex 0.214692 -1.07933 8.60308
      vertex 0.355523 -1.78733 8.56431
    endloop
  endfacet
  facet normal 0.0572087 -0.0954493 0.993789
    outer loop
      vertex 1.78153 -2.66624 8.43058
      vertex 1.19107 -2.22833 8.50663
      vertex 1.51161 -2.82802 8.43058
    endloop
  endfacet
  facet normal 0.0572121 -0.0954448 0.993789
    outer loop
      vertex 1.40374 -2.10085 8.50663
      vertex 1.19107 -2.22833 8.50663
      vertex 1.78153 -2.66624 8.43058
    endloop
  endfacet
  facet normal 0.0656391 -0.0486776 0.996655
    outer loop
      vertex 1.51523 -1.01244 8.56431
      vertex 1.4087 -1.15609 8.56431
      vertex 2.10085 -1.40374 8.50663
    endloop
  endfacet
  facet normal 0.0319859 -0.0431275 0.998557
    outer loop
      vertex 0.698135 -0.850681 8.60308
      vertex 0.611393 -0.915014 8.60308
      vertex 1.15609 -1.4087 8.56431
    endloop
  endfacet
  facet normal 0.0258197 0.00646811 0.999646
    outer loop
      vertex 1.05309 0.319451 8.60308
      vertex 0.35216 0.106827 8.62256
      vertex 0.360936 0.0717945 8.62256
    endloop
  endfacet
  facet normal 0.0229568 -0.0485398 0.998557
    outer loop
      vertex 0.85905 -1.60717 8.56431
      vertex 0.518762 -0.970535 8.60308
      vertex 0.697383 -1.68363 8.56431
    endloop
  endfacet
  facet normal 0.0270348 -0.107944 0.993789
    outer loop
      vertex 0.733455 -2.41788 8.50663
      vertex 0.492929 -2.47812 8.50663
      vertex 0.625588 -3.14505 8.43058
    endloop
  endfacet
  facet normal 0.0270415 -0.107945 0.993789
    outer loop
      vertex 0.733455 -2.41788 8.50663
      vertex 0.625588 -3.14505 8.43058
      vertex 0.930844 -3.06858 8.43058
    endloop
  endfacet
  facet normal 0.07927 -0.0198533 0.996655
    outer loop
      vertex 2.47812 -0.492929 8.50663
      vertex 1.74388 -0.529 8.56431
      vertex 2.41788 -0.733455 8.50663
    endloop
  endfacet
  facet normal 0.0536303 -0.00263316 0.998557
    outer loop
      vertex 1.82235 0 8.56431
      vertex 1.10048 0 8.60308
      vertex 1.81358 -0.178621 8.56431
    endloop
  endfacet
  facet normal 0.0136842 -0.0228306 0.999646
    outer loop
      vertex 0.611393 -0.915014 8.60308
      vertex 0.173477 -0.324553 8.62256
      vertex 0.518762 -0.970535 8.60308
    endloop
  endfacet
  facet normal 0.0662872 -0.0893823 0.993789
    outer loop
      vertex 1.6029 -1.95315 8.50663
      vertex 1.40374 -2.10085 8.50663
      vertex 2.03429 -2.47878 8.43058
    endloop
  endfacet
  facet normal 0.100596 -0.0475753 0.993789
    outer loop
      vertex 2.33434 -0.966916 8.50663
      vertex 2.22833 -1.19107 8.50663
      vertex 2.96257 -1.22714 8.43058
    endloop
  endfacet
  facet normal 0.0738734 -0.0349372 0.996655
    outer loop
      vertex 2.33434 -0.966916 8.50663
      vertex 1.60717 -0.85905 8.56431
      vertex 2.22833 -1.19107 8.50663
    endloop
  endfacet
  facet normal 0.0605498 -0.0548791 0.996655
    outer loop
      vertex 1.4087 -1.15609 8.56431
      vertex 1.2886 -1.2886 8.56431
      vertex 1.78663 -1.78663 8.50663
    endloop
  endfacet
  facet normal 0.0548791 -0.0605498 0.996655
    outer loop
      vertex 1.2886 -1.2886 8.56431
      vertex 1.15609 -1.4087 8.56431
      vertex 1.78663 -1.78663 8.50663
    endloop
  endfacet
  facet normal 0.0113805 -0.0240619 0.999646
    outer loop
      vertex 0.518762 -0.970535 8.60308
      vertex 0.14083 -0.339994 8.62256
      vertex 0.421134 -1.01671 8.60308
    endloop
  endfacet
  facet normal 0.0229577 -0.0485396 0.998557
    outer loop
      vertex 0.518762 -0.970535 8.60308
      vertex 0.421134 -1.01671 8.60308
      vertex 0.697383 -1.68363 8.56431
    endloop
  endfacet
  facet normal 0.0824516 -0.074732 0.993789
    outer loop
      vertex 2.47878 -2.03429 8.43058
      vertex 1.95315 -1.6029 8.50663
      vertex 2.26745 -2.26745 8.43058
    endloop
  endfacet
  facet normal 0.105963 -0.0960419 0.989721
    outer loop
      vertex 2.47878 -2.03429 8.43058
      vertex 2.26745 -2.26745 8.43058
      vertex 2.98055 -2.44607 8.3369
    endloop
  endfacet
  facet normal -0.0317757 -0.214225 0.976267
    outer loop
      vertex -0.437915 -4.44623 8.22649
      vertex -0.871614 -4.3819 8.22649
      vertex -0.493682 -5.01244 8.10043
    endloop
  endfacet
  facet normal -0.0317795 -0.214227 0.976267
    outer loop
      vertex -0.871614 -4.3819 8.22649
      vertex -0.98261 -4.93991 8.10043
      vertex -0.493682 -5.01244 8.10043
    endloop
  endfacet
  facet normal 0.446792 -0.492951 0.746576
    outer loop
      vertex 4.99329 -4.99329 7.2822
      vertex 4.47982 -5.45868 7.2822
      vertex 5.14437 -5.14437 7.09203
    endloop
  endfacet
  facet normal 0.540893 -0.596792 0.592683
    outer loop
      vertex 5.14437 -5.14437 7.09203
      vertex 4.61536 -5.62383 7.09203
      vertex 4.70645 -5.73483 6.89713
    endloop
  endfacet
  facet normal 0.232012 -0.387099 0.89237
    outer loop
      vertex 3.57396 -5.34881 7.64106
      vertex 3.19603 -5.97935 7.4658
      vertex 3.76672 -5.6373 7.4658
    endloop
  endfacet
  facet normal 0.280974 -0.468788 0.837431
    outer loop
      vertex 3.76672 -5.6373 7.4658
      vertex 3.19603 -5.97935 7.4658
      vertex 3.9232 -5.87149 7.2822
    endloop
  endfacet
  facet normal 0.367038 -0.404964 0.837429
    outer loop
      vertex 4.79413 -4.79413 7.4658
      vertex 4.30114 -5.24095 7.4658
      vertex 4.99329 -4.99329 7.2822
    endloop
  endfacet
  facet normal 0.34204 -0.57067 0.746555
    outer loop
      vertex 4.0419 -6.04914 7.09203
      vertex 3.32881 -6.22776 7.2822
      vertex 3.42952 -6.41618 7.09203
    endloop
  endfacet
  facet normal 0.0153527 -0.312485 0.949799
    outer loop
      vertex 0.544694 -5.53037 7.95991
      vertex 0 -6.02406 7.80629
      vertex 0.590461 -5.99505 7.80629
    endloop
  endfacet
  facet normal 0.0184036 -0.374582 0.927011
    outer loop
      vertex 0.590461 -5.99505 7.80629
      vertex 0 -6.02406 7.80629
      vertex 0.63054 -6.40199 7.64106
    endloop
  endfacet
  facet normal 0.0153519 -0.312484 0.949799
    outer loop
      vertex 0 -5.55713 7.95991
      vertex 0 -6.02406 7.80629
      vertex 0.544694 -5.53037 7.95991
    endloop
  endfacet
  facet normal 0.0459068 -0.309475 0.949799
    outer loop
      vertex 1.08414 -5.45035 7.95991
      vertex 0.544694 -5.53037 7.95991
      vertex 0.590461 -5.99505 7.80629
    endloop
  endfacet
  facet normal 0.0879138 -0.245706 0.96535
    outer loop
      vertex 2.12662 -5.13412 7.95991
      vertex 1.46207 -4.81981 8.10043
      vertex 1.61315 -5.31784 7.95991
    endloop
  endfacet
  facet normal 0.105399 -0.294576 0.949798
    outer loop
      vertex 2.12662 -5.13412 7.95991
      vertex 1.61315 -5.31784 7.95991
      vertex 2.30531 -5.5655 7.80629
    endloop
  endfacet
  facet normal -0.233672 -0.494065 0.837435
    outer loop
      vertex -2.59456 -6.26383 7.4658
      vertex -3.32881 -6.22776 7.2822
      vertex -2.70235 -6.52405 7.2822
    endloop
  endfacet
  facet normal -0.28446 -0.601446 0.746555
    outer loop
      vertex -3.32881 -6.22776 7.2822
      vertex -3.42952 -6.41618 7.09203
      vertex -2.70235 -6.52405 7.2822
    endloop
  endfacet
  facet normal 0.941544 -0.336891 0
    outer loop
      vertex 6.92075 -2.86667 6.69936
      vertex 7.16841 -2.17451 6.6
      vertex 7.16841 -2.17451 6.69936
    endloop
  endfacet
  facet normal 0.941544 -0.336891 0
    outer loop
      vertex 7.16841 -2.17451 6.6
      vertex 6.92075 -2.86667 6.69936
      vertex 6.92075 -2.86667 6.6
    endloop
  endfacet
  facet normal 0.0460555 -0.0276047 0.998557
    outer loop
      vertex 0.970535 -0.518762 8.60308
      vertex 0.915014 -0.611393 8.60308
      vertex 1.60717 -0.85905 8.56431
    endloop
  endfacet
  facet normal 0.050556 -0.0180897 0.998557
    outer loop
      vertex 1.74388 -0.529 8.56431
      vertex 1.01671 -0.421134 8.60308
      vertex 1.68363 -0.697383 8.56431
    endloop
  endfacet
  facet normal -0.00263512 0.0536298 0.998557
    outer loop
      vertex 0 1.10048 8.60308
      vertex -0.178621 1.81358 8.56431
      vertex -0.107865 1.09518 8.60308
    endloop
  endfacet
  facet normal -0.02582 0.00646738 0.999646
    outer loop
      vertex -1.05309 0.319451 8.60308
      vertex -1.07933 0.214692 8.60308
      vertex -0.360936 0.0717945 8.62256
    endloop
  endfacet
  facet normal 0.0197223 -0.0178753 0.999646
    outer loop
      vertex 0.850681 -0.698135 8.60308
      vertex 0.260221 -0.260221 8.62256
      vertex 0.778155 -0.778155 8.60308
    endloop
  endfacet
  facet normal 0.0397848 -0.0360589 0.998557
    outer loop
      vertex 0.850681 -0.698135 8.60308
      vertex 0.778155 -0.778155 8.60308
      vertex 1.4087 -1.15609 8.56431
    endloop
  endfacet
  facet normal 0.0258197 -0.00646811 0.999646
    outer loop
      vertex 0.360936 -0.0717945 8.62256
      vertex 0.35216 -0.106827 8.62256
      vertex 1.05309 -0.319451 8.60308
    endloop
  endfacet
  facet normal 0.0250618 0.00896658 0.999646
    outer loop
      vertex 1.01671 0.421134 8.60308
      vertex 0.339994 0.14083 8.62256
      vertex 1.05309 0.319451 8.60308
    endloop
  endfacet
  facet normal 0.02582 -0.00646738 0.999646
    outer loop
      vertex 1.07933 -0.214692 8.60308
      vertex 0.360936 -0.0717945 8.62256
      vertex 1.05309 -0.319451 8.60308
    endloop
  endfacet
  facet normal 0.0520858 -0.0130457 0.998557
    outer loop
      vertex 1.78733 -0.355523 8.56431
      vertex 1.05309 -0.319451 8.60308
      vertex 1.74388 -0.529 8.56431
    endloop
  endfacet
  facet normal 0.0265854 -0.00130629 0.999646
    outer loop
      vertex 1.10048 0 8.60308
      vertex 0.366235 -0.0360708 8.62256
      vertex 1.09518 -0.107865 8.60308
    endloop
  endfacet
  facet normal 0.0265854 -0.00130602 0.999646
    outer loop
      vertex 0.368007 0 8.62256
      vertex 0.366235 -0.0360708 8.62256
      vertex 1.10048 0 8.60308
    endloop
  endfacet
  facet normal 0.0520858 0.0130464 0.998557
    outer loop
      vertex 1.78733 0.355523 8.56431
      vertex 1.05309 0.319451 8.60308
      vertex 1.07933 0.214692 8.60308
    endloop
  endfacet
  facet normal 0.02582 0.00646738 0.999646
    outer loop
      vertex 1.05309 0.319451 8.60308
      vertex 0.360936 0.0717945 8.62256
      vertex 1.07933 0.214692 8.60308
    endloop
  endfacet
  facet normal 0.0700925 0.0420125 0.996655
    outer loop
      vertex 2.10085 1.40374 8.50663
      vertex 1.51523 1.01244 8.56431
      vertex 1.60717 0.85905 8.56431
    endloop
  endfacet
  facet normal -0.00646811 0.0258197 0.999646
    outer loop
      vertex -0.0717945 0.360936 8.62256
      vertex -0.319451 1.05309 8.60308
      vertex -0.106827 0.35216 8.62256
    endloop
  endfacet
  facet normal 0.0276047 0.0460555 0.998557
    outer loop
      vertex 0.85905 1.60717 8.56431
      vertex 0.518762 0.970535 8.60308
      vertex 0.611393 0.915014 8.60308
    endloop
  endfacet
  facet normal -0.0258197 0.00646811 0.999646
    outer loop
      vertex -0.35216 0.106827 8.62256
      vertex -1.05309 0.319451 8.60308
      vertex -0.360936 0.0717945 8.62256
    endloop
  endfacet
  facet normal 0.027605 0.0460554 0.998557
    outer loop
      vertex 0.85905 1.60717 8.56431
      vertex 0.611393 0.915014 8.60308
      vertex 1.01244 1.51523 8.56431
    endloop
  endfacet
  facet normal 0.00896689 0.0250617 0.999646
    outer loop
      vertex 0.319451 1.05309 8.60308
      vertex 0.106827 0.35216 8.62256
      vertex 0.14083 0.339994 8.62256
    endloop
  endfacet
  facet normal -0.0228306 0.0136842 0.999646
    outer loop
      vertex -0.915014 0.611393 8.60308
      vertex -0.970535 0.518762 8.60308
      vertex -0.324553 0.173477 8.62256
    endloop
  endfacet
  facet normal -0.0485396 0.0229577 0.998557
    outer loop
      vertex -0.970535 0.518762 8.60308
      vertex -1.68363 0.697383 8.56431
      vertex -1.01671 0.421134 8.60308
    endloop
  endfacet
  facet normal -0.00130602 -0.0265854 0.999646
    outer loop
      vertex 0 -0.368007 8.62256
      vertex -0.0360708 -0.366235 8.62256
      vertex 0 -1.10048 8.60308
    endloop
  endfacet
  facet normal 0.0178745 0.019723 0.999646
    outer loop
      vertex 0.698135 0.850681 8.60308
      vertex 0.233461 0.284473 8.62256
      vertex 0.260221 0.260221 8.62256
    endloop
  endfacet
  facet normal -0.0360589 0.0397848 0.998557
    outer loop
      vertex -0.698135 0.850681 8.60308
      vertex -1.15609 1.4087 8.56431
      vertex -0.778155 0.778155 8.60308
    endloop
  endfacet
  facet normal -0.0397848 0.0360589 0.998557
    outer loop
      vertex -0.778155 0.778155 8.60308
      vertex -1.4087 1.15609 8.56431
      vertex -0.850681 0.698135 8.60308
    endloop
  endfacet
  facet normal 0.138724 0.0347483 0.989721
    outer loop
      vertex 3.68974 1.11927 8.3369
      vertex 3.06858 0.930844 8.43058
      vertex 3.78168 0.752223 8.3369
    endloop
  endfacet
  facet normal 0.17243 0.0431913 0.984074
    outer loop
      vertex 4.27536 1.29692 8.22649
      vertex 3.68974 1.11927 8.3369
      vertex 3.78168 0.752223 8.3369
    endloop
  endfacet
  facet normal 0.0460555 0.0276047 0.998557
    outer loop
      vertex 1.60717 0.85905 8.56431
      vertex 0.915014 0.611393 8.60308
      vertex 0.970535 0.518762 8.60308
    endloop
  endfacet
  facet normal 0.0738733 0.0349382 0.996655
    outer loop
      vertex 2.33434 0.966916 8.50663
      vertex 1.60717 0.85905 8.56431
      vertex 1.68363 0.697383 8.56431
    endloop
  endfacet
  facet normal 0.0735196 0.122663 0.989722
    outer loop
      vertex 1.8176 3.40049 8.3369
      vertex 1.51161 2.82802 8.43058
      vertex 1.78153 2.66624 8.43058
    endloop
  endfacet
  facet normal 0.0611459 0.129277 0.989722
    outer loop
      vertex 1.8176 3.40049 8.3369
      vertex 1.22714 2.96257 8.43058
      vertex 1.51161 2.82802 8.43058
    endloop
  endfacet
  facet normal 0.034752 0.138725 0.989721
    outer loop
      vertex 0.752223 3.78168 8.3369
      vertex 0.625588 3.14505 8.43058
      vertex 0.930844 3.06858 8.43058
    endloop
  endfacet
  facet normal 0.0209822 0.141464 0.989721
    outer loop
      vertex 0.752223 3.78168 8.3369
      vertex 0.314307 3.19122 8.43058
      vertex 0.625588 3.14505 8.43058
    endloop
  endfacet
  facet normal -0.161661 0.645377 0.746561
    outer loop
      vertex -1.41933 7.13544 7.09203
      vertex -2.11189 6.96196 7.09203
      vertex -2.04987 6.75751 7.2822
    endloop
  endfacet
  facet normal -0.161655 0.64537 0.746569
    outer loop
      vertex -1.41933 7.13544 7.09203
      vertex -2.04987 6.75751 7.2822
      vertex -1.37765 6.92589 7.2822
    endloop
  endfacet
  facet normal -0.0326435 0.664517 0.74656
    outer loop
      vertex 0 7.27523 7.09203
      vertex -0.713098 7.2402 7.09203
      vertex -0.692156 7.02758 7.2822
    endloop
  endfacet
  facet normal -0.0976228 0.658117 0.74656
    outer loop
      vertex -0.713098 7.2402 7.09203
      vertex -1.41933 7.13544 7.09203
      vertex -0.692156 7.02758 7.2822
    endloop
  endfacet
  facet normal -0.0662208 0.446431 0.892364
    outer loop
      vertex -0.664548 6.74727 7.4658
      vertex -1.25501 6.30936 7.64106
      vertex -0.63054 6.40199 7.64106
    endloop
  endfacet
  facet normal -0.0662239 0.446435 0.892362
    outer loop
      vertex -0.664548 6.74727 7.4658
      vertex -1.3227 6.64964 7.4658
      vertex -1.25501 6.30936 7.64106
    endloop
  endfacet
  facet normal -0.0911295 0.363795 0.927011
    outer loop
      vertex -1.17523 5.90831 7.80629
      vertex -1.86739 6.15596 7.64106
      vertex -1.74869 5.76466 7.80629
    endloop
  endfacet
  facet normal -0.126344 0.353112 0.927011
    outer loop
      vertex -1.86739 6.15596 7.64106
      vertex -2.30531 5.5655 7.80629
      vertex -1.74869 5.76466 7.80629
    endloop
  endfacet
  facet normal 0.142776 0.10589 0.984074
    outer loop
      vertex 3.45361 2.83431 8.22649
      vertex 3.20596 2.14215 8.3369
      vertex 3.71479 2.48215 8.22649
    endloop
  endfacet
  facet normal 0.152468 0.0913866 0.984074
    outer loop
      vertex 3.71479 2.48215 8.22649
      vertex 3.20596 2.14215 8.3369
      vertex 3.9402 2.10608 8.22649
    endloop
  endfacet
  facet normal 0.0729563 -0.20391 0.976267
    outer loop
      vertex 1.70973 -4.12766 8.22649
      vertex 1.46207 -4.81981 8.10043
      vertex 1.92746 -4.6533 8.10043
    endloop
  endfacet
  facet normal 0.0925952 -0.195776 0.976267
    outer loop
      vertex 2.10608 -3.9402 8.22649
      vertex 1.70973 -4.12766 8.22649
      vertex 1.92746 -4.6533 8.10043
    endloop
  endfacet
  facet normal 0.0760002 -0.160691 0.984074
    outer loop
      vertex 1.8176 -3.40049 8.3369
      vertex 1.47554 -3.56227 8.3369
      vertex 1.70973 -4.12766 8.22649
    endloop
  endfacet
  facet normal 0.0611438 -0.12928 0.989721
    outer loop
      vertex 1.8176 -3.40049 8.3369
      vertex 1.22714 -2.96257 8.43058
      vertex 1.47554 -3.56227 8.3369
    endloop
  endfacet
  facet normal -0.00872377 -0.177544 0.984074
    outer loop
      vertex 0 -3.85577 8.3369
      vertex -0.377932 -3.8372 8.3369
      vertex 0 -4.46774 8.22649
    endloop
  endfacet
  facet normal 0.00872377 -0.177544 0.984074
    outer loop
      vertex 0 -3.85577 8.3369
      vertex 0 -4.46774 8.22649
      vertex 0.377932 -3.8372 8.3369
    endloop
  endfacet
  facet normal 0.0431936 -0.172428 0.984075
    outer loop
      vertex 1.29692 -4.27536 8.22649
      vertex 0.752223 -3.78168 8.3369
      vertex 0.871614 -4.3819 8.22649
    endloop
  endfacet
  facet normal 0.0260818 -0.175832 0.984075
    outer loop
      vertex 0.752223 -3.78168 8.3369
      vertex 0.377932 -3.8372 8.3369
      vertex 0.871614 -4.3819 8.22649
    endloop
  endfacet
  facet normal -0.370976 -0.0550276 0.927011
    outer loop
      vertex -5.99505 -0.590461 7.80629
      vertex -6.30936 -1.25501 7.64106
      vertex -5.90831 -1.17523 7.80629
    endloop
  endfacet
  facet normal -0.363794 -0.0911297 0.927011
    outer loop
      vertex -5.90831 -1.17523 7.80629
      vertex -6.30936 -1.25501 7.64106
      vertex -6.15596 -1.86739 7.64106
    endloop
  endfacet
  facet normal -0.210078 -0.0526251 0.976267
    outer loop
      vertex -4.3819 -0.871614 8.22649
      vertex -4.81981 -1.46207 8.10043
      vertex -4.27536 -1.29692 8.22649
    endloop
  endfacet
  facet normal -0.175832 -0.0260818 0.984075
    outer loop
      vertex -3.8372 -0.377932 8.3369
      vertex -4.3819 -0.871614 8.22649
      vertex -3.78168 -0.752223 8.3369
    endloop
  endfacet
  facet normal -0.446792 -0.492951 0.746576
    outer loop
      vertex -4.99329 -4.99329 7.2822
      vertex -5.14437 -5.14437 7.09203
      vertex -4.47982 -5.45868 7.2822
    endloop
  endfacet
  facet normal -0.325573 -0.438988 0.837431
    outer loop
      vertex -3.76672 -5.6373 7.4658
      vertex -4.30114 -5.24095 7.4658
      vertex -3.9232 -5.87149 7.2822
    endloop
  endfacet
  facet normal -0.25186 -0.277883 0.92701
    outer loop
      vertex -4.25965 -4.25965 7.80629
      vertex -4.54879 -4.54879 7.64106
      vertex -3.82162 -4.65666 7.80629
    endloop
  endfacet
  facet normal -0.367038 -0.404964 0.837429
    outer loop
      vertex -4.79413 -4.79413 7.4658
      vertex -4.99329 -4.99329 7.2822
      vertex -4.30114 -5.24095 7.4658
    endloop
  endfacet
  facet normal -0.321685 -0.192807 0.927008
    outer loop
      vertex -5.31274 -2.83972 7.80629
      vertex -5.34881 -3.57396 7.64106
      vertex -5.00882 -3.34679 7.80629
    endloop
  endfacet
  facet normal -0.303077 -0.334394 0.892371
    outer loop
      vertex -4.54879 -4.54879 7.64106
      vertex -4.79413 -4.79413 7.4658
      vertex -4.30114 -5.24095 7.4658
    endloop
  endfacet
  facet normal -0.173948 -0.129009 0.976268
    outer loop
      vertex -3.71479 -2.48215 8.22649
      vertex -4.18786 -2.79824 8.10043
      vertex -3.45361 -2.83431 8.22649
    endloop
  endfacet
  facet normal -0.235907 -0.111577 0.965349
    outer loop
      vertex -4.6533 -1.92746 8.10043
      vertex -5.13412 -2.12662 7.95991
      vertex -4.90095 -2.61961 7.95991
    endloop
  endfacet
  facet normal -0.175832 -0.026081 0.984075
    outer loop
      vertex -3.8372 -0.377932 8.3369
      vertex -4.44623 -0.437915 8.22649
      vertex -4.3819 -0.871614 8.22649
    endloop
  endfacet
  facet normal -0.214225 -0.0317757 0.976267
    outer loop
      vertex -4.44623 -0.437915 8.22649
      vertex -5.01244 -0.493682 8.10043
      vertex -4.3819 -0.871614 8.22649
    endloop
  endfacet
  facet normal -0.111145 -0.00545989 0.993789
    outer loop
      vertex -2.52667 0 8.50663
      vertex -3.20666 0 8.43058
      vertex -3.19122 -0.314307 8.43058
    endloop
  endfacet
  facet normal -0.111145 0.00545989 0.993789
    outer loop
      vertex -3.19122 0.314307 8.43058
      vertex -3.20666 0 8.43058
      vertex -2.52667 0 8.50663
    endloop
  endfacet
  facet normal -0.172428 0.0431936 0.984075
    outer loop
      vertex -4.27536 1.29692 8.22649
      vertex -4.3819 0.871614 8.22649
      vertex -3.78168 0.752223 8.3369
    endloop
  endfacet
  facet normal -0.17243 0.0431913 0.984074
    outer loop
      vertex -3.68974 1.11927 8.3369
      vertex -4.27536 1.29692 8.22649
      vertex -3.78168 0.752223 8.3369
    endloop
  endfacet
  facet normal -0.119375 0.131709 0.984074
    outer loop
      vertex -2.83431 3.45361 8.22649
      vertex -3.15917 3.15917 8.22649
      vertex -2.72644 2.72644 8.3369
    endloop
  endfacet
  facet normal -0.0735221 0.122663 0.989721
    outer loop
      vertex -1.8176 3.40049 8.3369
      vertex -2.14215 3.20596 8.3369
      vertex -1.78153 2.66624 8.43058
    endloop
  endfacet
  facet normal 0.00545731 0.111146 0.993789
    outer loop
      vertex 0.314307 3.19122 8.43058
      vertex 0 2.52667 8.50663
      vertex 0.247657 2.51451 8.50663
    endloop
  endfacet
  facet normal -0.00263316 0.0536303 0.998557
    outer loop
      vertex 0 1.82235 8.56431
      vertex -0.178621 1.81358 8.56431
      vertex 0 1.10048 8.60308
    endloop
  endfacet
  facet normal -0.0130457 0.0520858 0.998557
    outer loop
      vertex -0.355523 1.78733 8.56431
      vertex -0.529 1.74388 8.56431
      vertex -0.319451 1.05309 8.60308
    endloop
  endfacet
  facet normal -0.0136842 0.0228306 0.999646
    outer loop
      vertex -0.518762 0.970535 8.60308
      vertex -0.611393 0.915014 8.60308
      vertex -0.173477 0.324553 8.62256
    endloop
  endfacet
  facet normal 0.0180879 0.0505563 0.998557
    outer loop
      vertex 0.529 1.74388 8.56431
      vertex 0.319451 1.05309 8.60308
      vertex 0.421134 1.01671 8.60308
    endloop
  endfacet
  facet normal 0.0198544 0.0792701 0.996655
    outer loop
      vertex 0.492929 2.47812 8.50663
      vertex 0.355523 1.78733 8.56431
      vertex 0.529 1.74388 8.56431
    endloop
  endfacet
  facet normal 0.0349372 0.0738734 0.996655
    outer loop
      vertex 0.966916 2.33434 8.50663
      vertex 0.85905 1.60717 8.56431
      vertex 1.19107 2.22833 8.50663
    endloop
  endfacet
  facet normal 0.0475753 0.100596 0.993789
    outer loop
      vertex 1.22714 2.96257 8.43058
      vertex 0.966916 2.33434 8.50663
      vertex 1.19107 2.22833 8.50663
    endloop
  endfacet
  facet normal -0.0317757 0.214225 0.976267
    outer loop
      vertex -0.493682 5.01244 8.10043
      vertex -0.871614 4.3819 8.22649
      vertex -0.437915 4.44623 8.22649
    endloop
  endfacet
  facet normal -0.0729563 0.20391 0.976267
    outer loop
      vertex -1.46207 4.81981 8.10043
      vertex -1.92746 4.6533 8.10043
      vertex -1.70973 4.12766 8.22649
    endloop
  endfacet
  facet normal -0.0229577 0.0485396 0.998557
    outer loop
      vertex -0.421134 1.01671 8.60308
      vertex -0.697383 1.68363 8.56431
      vertex -0.518762 0.970535 8.60308
    endloop
  endfacet
  facet normal -0.0275308 0.0769415 0.996655
    outer loop
      vertex -0.529 1.74388 8.56431
      vertex -0.966916 2.33434 8.50663
      vertex -0.697383 1.68363 8.56431
    endloop
  endfacet
  facet normal 0.0158556 -0.0213796 0.999646
    outer loop
      vertex 0.233461 -0.284473 8.62256
      vertex 0.204453 -0.305986 8.62256
      vertex 0.611393 -0.915014 8.60308
    endloop
  endfacet
  facet normal 0.0158562 -0.0213793 0.999646
    outer loop
      vertex 0.698135 -0.850681 8.60308
      vertex 0.233461 -0.284473 8.62256
      vertex 0.611393 -0.915014 8.60308
    endloop
  endfacet
  facet normal -0.0505563 0.0180879 0.998557
    outer loop
      vertex -1.01671 0.421134 8.60308
      vertex -1.74388 0.529 8.56431
      vertex -1.05309 0.319451 8.60308
    endloop
  endfacet
  facet normal -0.0240619 0.0113805 0.999646
    outer loop
      vertex -0.324553 0.173477 8.62256
      vertex -0.970535 0.518762 8.60308
      vertex -0.339994 0.14083 8.62256
    endloop
  endfacet
  facet normal -0.0656391 0.0486776 0.996655
    outer loop
      vertex -1.4087 1.15609 8.56431
      vertex -2.10085 1.40374 8.50663
      vertex -1.51523 1.01244 8.56431
    endloop
  endfacet
  facet normal -0.0431292 0.0319844 0.998557
    outer loop
      vertex -1.4087 1.15609 8.56431
      vertex -1.51523 1.01244 8.56431
      vertex -0.915014 0.611393 8.60308
    endloop
  endfacet
  facet normal -0.0420125 0.0700925 0.996655
    outer loop
      vertex -0.85905 1.60717 8.56431
      vertex -1.40374 2.10085 8.50663
      vertex -1.01244 1.51523 8.56431
    endloop
  endfacet
  facet normal -0.027605 0.0460554 0.998557
    outer loop
      vertex -0.85905 1.60717 8.56431
      vertex -1.01244 1.51523 8.56431
      vertex -0.611393 0.915014 8.60308
    endloop
  endfacet
  facet normal -0.0925952 0.195776 0.976267
    outer loop
      vertex -1.92746 4.6533 8.10043
      vertex -2.10608 3.9402 8.22649
      vertex -1.70973 4.12766 8.22649
    endloop
  endfacet
  facet normal -0.111339 0.185755 0.976268
    outer loop
      vertex -2.10608 3.9402 8.22649
      vertex -2.79824 4.18786 8.10043
      vertex -2.48215 3.71479 8.22649
    endloop
  endfacet
  facet normal -0.129011 0.173949 0.976267
    outer loop
      vertex -2.79824 4.18786 8.10043
      vertex -3.19524 3.89342 8.10043
      vertex -2.83431 3.45361 8.22649
    endloop
  endfacet
  facet normal -0.0913867 0.152468 0.984074
    outer loop
      vertex -2.10608 3.9402 8.22649
      vertex -2.14215 3.20596 8.3369
      vertex -1.8176 3.40049 8.3369
    endloop
  endfacet
  facet normal -0.231823 0.210108 0.949796
    outer loop
      vertex -4.25965 4.25965 7.80629
      vertex -4.29572 3.52541 7.95991
      vertex -3.92949 3.92949 7.95991
    endloop
  endfacet
  facet normal -0.193359 0.175247 0.96535
    outer loop
      vertex -3.92949 3.92949 7.95991
      vertex -4.29572 3.52541 7.95991
      vertex -3.56148 3.56148 8.10043
    endloop
  endfacet
  facet normal -0.251296 0.186375 0.949797
    outer loop
      vertex -4.65666 3.82162 7.80629
      vertex -5.00882 3.34679 7.80629
      vertex -4.62059 3.08738 7.95991
    endloop
  endfacet
  facet normal -0.251294 0.186375 0.949798
    outer loop
      vertex -4.29572 3.52541 7.95991
      vertex -4.65666 3.82162 7.80629
      vertex -4.62059 3.08738 7.95991
    endloop
  endfacet
  facet normal -0.362498 0.26884 0.892368
    outer loop
      vertex -5.24095 4.30114 7.4658
      vertex -5.34881 3.57396 7.64106
      vertex -4.97275 4.08103 7.64106
    endloop
  endfacet
  facet normal -0.301233 0.223404 0.927011
    outer loop
      vertex -4.97275 4.08103 7.64106
      vertex -5.34881 3.57396 7.64106
      vertex -4.65666 3.82162 7.80629
    endloop
  endfacet
  facet normal -0.26884 0.362498 0.892368
    outer loop
      vertex -3.57396 5.34881 7.64106
      vertex -4.30114 5.24095 7.4658
      vertex -4.08103 4.97275 7.64106
    endloop
  endfacet
  facet normal -0.303083 0.334395 0.892368
    outer loop
      vertex -4.30114 5.24095 7.4658
      vertex -4.54879 4.54879 7.64106
      vertex -4.08103 4.97275 7.64106
    endloop
  endfacet
  facet normal -0.173949 -0.129011 0.976267
    outer loop
      vertex -3.45361 -2.83431 8.22649
      vertex -4.18786 -2.79824 8.10043
      vertex -3.89342 -3.19524 8.10043
    endloop
  endfacet
  facet normal -0.223839 -0.134159 0.965348
    outer loop
      vertex -4.44197 -2.37428 8.10043
      vertex -4.90095 -2.61961 7.95991
      vertex -4.62059 -3.08738 7.95991
    endloop
  endfacet
  facet normal -0.129011 -0.173949 0.976267
    outer loop
      vertex -2.83431 -3.45361 8.22649
      vertex -3.19524 -3.89342 8.10043
      vertex -2.79824 -4.18786 8.10043
    endloop
  endfacet
  facet normal -0.145439 -0.160467 0.976267
    outer loop
      vertex -2.83431 -3.45361 8.22649
      vertex -3.56148 -3.56148 8.10043
      vertex -3.19524 -3.89342 8.10043
    endloop
  endfacet
  facet normal -0.131709 -0.119375 0.984074
    outer loop
      vertex -2.72644 -2.72644 8.3369
      vertex -3.45361 -2.83431 8.22649
      vertex -3.15917 -3.15917 8.22649
    endloop
  endfacet
  facet normal -0.160465 -0.145439 0.976268
    outer loop
      vertex -3.45361 -2.83431 8.22649
      vertex -3.56148 -3.56148 8.10043
      vertex -3.15917 -3.15917 8.22649
    endloop
  endfacet
  facet normal -0.0240619 -0.0113805 0.999646
    outer loop
      vertex -0.339994 -0.14083 8.62256
      vertex -1.01671 -0.421134 8.60308
      vertex -0.970535 -0.518762 8.60308
    endloop
  endfacet
  facet normal 0 0 1
    outer loop
      vertex 0.366235 0.0360708 8.62256
      vertex 0.366235 -0.0360708 8.62256
      vertex 0.368007 0 8.62256
    endloop
  endfacet
  facet normal 0 0 1
    outer loop
      vertex 0.360936 0.0717945 8.62256
      vertex 0.366235 -0.0360708 8.62256
      vertex 0.366235 0.0360708 8.62256
    endloop
  endfacet
  facet normal 0 0 1
    outer loop
      vertex 0.360936 0.0717945 8.62256
      vertex 0.360936 -0.0717945 8.62256
      vertex 0.366235 -0.0360708 8.62256
    endloop
  endfacet
  facet normal 0 0 1
    outer loop
      vertex 0.35216 0.106827 8.62256
      vertex 0.360936 -0.0717945 8.62256
      vertex 0.360936 0.0717945 8.62256
    endloop
  endfacet
  facet normal 0 0 1
    outer loop
      vertex 0.35216 0.106827 8.62256
      vertex 0.35216 -0.106827 8.62256
      vertex 0.360936 -0.0717945 8.62256
    endloop
  endfacet
  facet normal 0 0 1
    outer loop
      vertex 0.339994 0.14083 8.62256
      vertex 0.35216 -0.106827 8.62256
      vertex 0.35216 0.106827 8.62256
    endloop
  endfacet
  facet normal 0 0 1
    outer loop
      vertex 0.339994 0.14083 8.62256
      vertex 0.339994 -0.14083 8.62256
      vertex 0.35216 -0.106827 8.62256
    endloop
  endfacet
  facet normal 0 0 1
    outer loop
      vertex 0.324553 0.173477 8.62256
      vertex 0.339994 -0.14083 8.62256
      vertex 0.339994 0.14083 8.62256
    endloop
  endfacet
  facet normal 0 0 1
    outer loop
      vertex 0.324553 0.173477 8.62256
      vertex 0.324553 -0.173477 8.62256
      vertex 0.339994 -0.14083 8.62256
    endloop
  endfacet
  facet normal 0 0 1
    outer loop
      vertex 0.305986 0.204453 8.62256
      vertex 0.324553 -0.173477 8.62256
      vertex 0.324553 0.173477 8.62256
    endloop
  endfacet
  facet normal 0 0 1
    outer loop
      vertex 0.305986 0.204453 8.62256
      vertex 0.305986 -0.204453 8.62256
      vertex 0.324553 -0.173477 8.62256
    endloop
  endfacet
  facet normal 0 0 1
    outer loop
      vertex 0.284473 0.233461 8.62256
      vertex 0.305986 -0.204453 8.62256
      vertex 0.305986 0.204453 8.62256
    endloop
  endfacet
  facet normal 0 0 1
    outer loop
      vertex 0.284473 0.233461 8.62256
      vertex 0.284473 -0.233461 8.62256
      vertex 0.305986 -0.204453 8.62256
    endloop
  endfacet
  facet normal 0 0 1
    outer loop
      vertex 0.260221 0.260221 8.62256
      vertex 0.284473 -0.233461 8.62256
      vertex 0.284473 0.233461 8.62256
    endloop
  endfacet
  facet normal 0 0 1
    outer loop
      vertex 0.260221 0.260221 8.62256
      vertex 0.260221 -0.260221 8.62256
      vertex 0.284473 -0.233461 8.62256
    endloop
  endfacet
  facet normal 0 0 1
    outer loop
      vertex 0.233461 0.284473 8.62256
      vertex 0.260221 -0.260221 8.62256
      vertex 0.260221 0.260221 8.62256
    endloop
  endfacet
  facet normal 0 0 1
    outer loop
      vertex 0.233461 0.284473 8.62256
      vertex 0.233461 -0.284473 8.62256
      vertex 0.260221 -0.260221 8.62256
    endloop
  endfacet
  facet normal 0 0 1
    outer loop
      vertex 0.204453 0.305986 8.62256
      vertex 0.233461 -0.284473 8.62256
      vertex 0.233461 0.284473 8.62256
    endloop
  endfacet
  facet normal 0 0 1
    outer loop
      vertex 0.204453 0.305986 8.62256
      vertex 0.204453 -0.305986 8.62256
      vertex 0.233461 -0.284473 8.62256
    endloop
  endfacet
  facet normal 0 0 1
    outer loop
      vertex 0.173477 0.324553 8.62256
      vertex 0.204453 -0.305986 8.62256
      vertex 0.204453 0.305986 8.62256
    endloop
  endfacet
  facet normal 0 0 1
    outer loop
      vertex 0.173477 0.324553 8.62256
      vertex 0.173477 -0.324553 8.62256
      vertex 0.204453 -0.305986 8.62256
    endloop
  endfacet
  facet normal 0 0 1
    outer loop
      vertex 0.14083 0.339994 8.62256
      vertex 0.173477 -0.324553 8.62256
      vertex 0.173477 0.324553 8.62256
    endloop
  endfacet
  facet normal 0 0 1
    outer loop
      vertex 0.14083 0.339994 8.62256
      vertex 0.14083 -0.339994 8.62256
      vertex 0.173477 -0.324553 8.62256
    endloop
  endfacet
  facet normal 0 0 1
    outer loop
      vertex 0.106827 0.35216 8.62256
      vertex 0.14083 -0.339994 8.62256
      vertex 0.14083 0.339994 8.62256
    endloop
  endfacet
  facet normal 0 0 1
    outer loop
      vertex 0.106827 0.35216 8.62256
      vertex 0.106827 -0.35216 8.62256
      vertex 0.14083 -0.339994 8.62256
    endloop
  endfacet
  facet normal 0 0 1
    outer loop
      vertex 0.0717945 0.360936 8.62256
      vertex 0.106827 -0.35216 8.62256
      vertex 0.106827 0.35216 8.62256
    endloop
  endfacet
  facet normal 0 0 1
    outer loop
      vertex 0.0717945 0.360936 8.62256
      vertex 0.0717945 -0.360936 8.62256
      vertex 0.106827 -0.35216 8.62256
    endloop
  endfacet
  facet normal 0 0 1
    outer loop
      vertex 0.0360708 0.366235 8.62256
      vertex 0.0717945 -0.360936 8.62256
      vertex 0.0717945 0.360936 8.62256
    endloop
  endfacet
  facet normal 0 0 1
    outer loop
      vertex 0.0360708 0.366235 8.62256
      vertex 0.0360708 -0.366235 8.62256
      vertex 0.0717945 -0.360936 8.62256
    endloop
  endfacet
  facet normal 0 0 1
    outer loop
      vertex 0 0.368007 8.62256
      vertex 0.0360708 -0.366235 8.62256
      vertex 0.0360708 0.366235 8.62256
    endloop
  endfacet
  facet normal 0 0 1
    outer loop
      vertex 0 0.368007 8.62256
      vertex 0 -0.368007 8.62256
      vertex 0.0360708 -0.366235 8.62256
    endloop
  endfacet
  facet normal -0 0 1
    outer loop
      vertex -0.0360708 0.366235 8.62256
      vertex 0 -0.368007 8.62256
      vertex 0 0.368007 8.62256
    endloop
  endfacet
  facet normal 0 0 1
    outer loop
      vertex -0.0360708 0.366235 8.62256
      vertex -0.0360708 -0.366235 8.62256
      vertex 0 -0.368007 8.62256
    endloop
  endfacet
  facet normal -0 0 1
    outer loop
      vertex -0.0717945 0.360936 8.62256
      vertex -0.0360708 -0.366235 8.62256
      vertex -0.0360708 0.366235 8.62256
    endloop
  endfacet
  facet normal 0 0 1
    outer loop
      vertex -0.0717945 0.360936 8.62256
      vertex -0.0717945 -0.360936 8.62256
      vertex -0.0360708 -0.366235 8.62256
    endloop
  endfacet
  facet normal -0 0 1
    outer loop
      vertex -0.106827 0.35216 8.62256
      vertex -0.0717945 -0.360936 8.62256
      vertex -0.0717945 0.360936 8.62256
    endloop
  endfacet
  facet normal 0 0 1
    outer loop
      vertex -0.106827 0.35216 8.62256
      vertex -0.106827 -0.35216 8.62256
      vertex -0.0717945 -0.360936 8.62256
    endloop
  endfacet
  facet normal -0 0 1
    outer loop
      vertex -0.14083 0.339994 8.62256
      vertex -0.106827 -0.35216 8.62256
      vertex -0.106827 0.35216 8.62256
    endloop
  endfacet
  facet normal 0 0 1
    outer loop
      vertex -0.14083 0.339994 8.62256
      vertex -0.14083 -0.339994 8.62256
      vertex -0.106827 -0.35216 8.62256
    endloop
  endfacet
  facet normal -0 0 1
    outer loop
      vertex -0.173477 0.324553 8.62256
      vertex -0.14083 -0.339994 8.62256
      vertex -0.14083 0.339994 8.62256
    endloop
  endfacet
  facet normal 0 0 1
    outer loop
      vertex -0.173477 0.324553 8.62256
      vertex -0.173477 -0.324553 8.62256
      vertex -0.14083 -0.339994 8.62256
    endloop
  endfacet
  facet normal -0 0 1
    outer loop
      vertex -0.204453 0.305986 8.62256
      vertex -0.173477 -0.324553 8.62256
      vertex -0.173477 0.324553 8.62256
    endloop
  endfacet
  facet normal 0 0 1
    outer loop
      vertex -0.204453 0.305986 8.62256
      vertex -0.204453 -0.305986 8.62256
      vertex -0.173477 -0.324553 8.62256
    endloop
  endfacet
  facet normal -0 0 1
    outer loop
      vertex -0.233461 0.284473 8.62256
      vertex -0.204453 -0.305986 8.62256
      vertex -0.204453 0.305986 8.62256
    endloop
  endfacet
  facet normal 0 0 1
    outer loop
      vertex -0.233461 0.284473 8.62256
      vertex -0.233461 -0.284473 8.62256
      vertex -0.204453 -0.305986 8.62256
    endloop
  endfacet
  facet normal -0 0 1
    outer loop
      vertex -0.260221 0.260221 8.62256
      vertex -0.233461 -0.284473 8.62256
      vertex -0.233461 0.284473 8.62256
    endloop
  endfacet
  facet normal 0 0 1
    outer loop
      vertex -0.260221 0.260221 8.62256
      vertex -0.260221 -0.260221 8.62256
      vertex -0.233461 -0.284473 8.62256
    endloop
  endfacet
  facet normal -0 0 1
    outer loop
      vertex -0.284473 0.233461 8.62256
      vertex -0.260221 -0.260221 8.62256
      vertex -0.260221 0.260221 8.62256
    endloop
  endfacet
  facet normal 0 0 1
    outer loop
      vertex -0.284473 0.233461 8.62256
      vertex -0.284473 -0.233461 8.62256
      vertex -0.260221 -0.260221 8.62256
    endloop
  endfacet
  facet normal -0 0 1
    outer loop
      vertex -0.305986 0.204453 8.62256
      vertex -0.284473 -0.233461 8.62256
      vertex -0.284473 0.233461 8.62256
    endloop
  endfacet
  facet normal 0 0 1
    outer loop
      vertex -0.305986 0.204453 8.62256
      vertex -0.305986 -0.204453 8.62256
      vertex -0.284473 -0.233461 8.62256
    endloop
  endfacet
  facet normal -0 0 1
    outer loop
      vertex -0.324553 0.173477 8.62256
      vertex -0.305986 -0.204453 8.62256
      vertex -0.305986 0.204453 8.62256
    endloop
  endfacet
  facet normal 0 0 1
    outer loop
      vertex -0.324553 0.173477 8.62256
      vertex -0.324553 -0.173477 8.62256
      vertex -0.305986 -0.204453 8.62256
    endloop
  endfacet
  facet normal -0 0 1
    outer loop
      vertex -0.339994 0.14083 8.62256
      vertex -0.324553 -0.173477 8.62256
      vertex -0.324553 0.173477 8.62256
    endloop
  endfacet
  facet normal 0 0 1
    outer loop
      vertex -0.339994 0.14083 8.62256
      vertex -0.339994 -0.14083 8.62256
      vertex -0.324553 -0.173477 8.62256
    endloop
  endfacet
  facet normal -0 0 1
    outer loop
      vertex -0.35216 0.106827 8.62256
      vertex -0.339994 -0.14083 8.62256
      vertex -0.339994 0.14083 8.62256
    endloop
  endfacet
  facet normal 0 0 1
    outer loop
      vertex -0.35216 0.106827 8.62256
      vertex -0.35216 -0.106827 8.62256
      vertex -0.339994 -0.14083 8.62256
    endloop
  endfacet
  facet normal -0 0 1
    outer loop
      vertex -0.360936 0.0717945 8.62256
      vertex -0.35216 -0.106827 8.62256
      vertex -0.35216 0.106827 8.62256
    endloop
  endfacet
  facet normal 0 0 1
    outer loop
      vertex -0.360936 0.0717945 8.62256
      vertex -0.360936 -0.0717945 8.62256
      vertex -0.35216 -0.106827 8.62256
    endloop
  endfacet
  facet normal -0 0 1
    outer loop
      vertex -0.366235 0.0360708 8.62256
      vertex -0.360936 -0.0717945 8.62256
      vertex -0.360936 0.0717945 8.62256
    endloop
  endfacet
  facet normal 0 0 1
    outer loop
      vertex -0.366235 0.0360708 8.62256
      vertex -0.366235 -0.0360708 8.62256
      vertex -0.360936 -0.0717945 8.62256
    endloop
  endfacet
  facet normal 0 -0 1
    outer loop
      vertex -0.366235 -0.0360708 8.62256
      vertex -0.366235 0.0360708 8.62256
      vertex -0.368007 0 8.62256
    endloop
  endfacet
  facet normal -0.0360589 -0.0397849 0.998557
    outer loop
      vertex -0.778155 -0.778155 8.60308
      vertex -1.2886 -1.2886 8.56431
      vertex -1.15609 -1.4087 8.56431
    endloop
  endfacet
  facet normal -0.0572087 -0.0954493 0.993789
    outer loop
      vertex -1.19107 -2.22833 8.50663
      vertex -1.78153 -2.66624 8.43058
      vertex -1.51161 -2.82802 8.43058
    endloop
  endfacet
  facet normal -0.0119947 -0.0808335 0.996655
    outer loop
      vertex -0.355523 -1.78733 8.56431
      vertex -0.492929 -2.47812 8.50663
      vertex -0.178621 -1.81358 8.56431
    endloop
  endfacet
  facet normal -0.00788132 -0.0531132 0.998557
    outer loop
      vertex -0.214692 -1.07933 8.60308
      vertex -0.355523 -1.78733 8.56431
      vertex -0.178621 -1.81358 8.56431
    endloop
  endfacet
  facet normal -0.034752 -0.138725 0.989721
    outer loop
      vertex -0.625588 -3.14505 8.43058
      vertex -0.930844 -3.06858 8.43058
      vertex -0.752223 -3.78168 8.3369
    endloop
  endfacet
  facet normal -0.0481758 -0.134651 0.989721
    outer loop
      vertex -0.930844 -3.06858 8.43058
      vertex -1.22714 -2.96257 8.43058
      vertex -1.11927 -3.68974 8.3369
    endloop
  endfacet
  facet normal -0.0431275 -0.0319859 0.998557
    outer loop
      vertex -0.915014 -0.611393 8.60308
      vertex -1.4087 -1.15609 8.56431
      vertex -0.850681 -0.698135 8.60308
    endloop
  endfacet
  facet normal -0.0319859 -0.0431275 0.998557
    outer loop
      vertex -0.698135 -0.850681 8.60308
      vertex -1.15609 -1.4087 8.56431
      vertex -0.611393 -0.915014 8.60308
    endloop
  endfacet
  facet normal -0.0548791 -0.0605498 0.996655
    outer loop
      vertex -1.2886 -1.2886 8.56431
      vertex -1.78663 -1.78663 8.50663
      vertex -1.15609 -1.4087 8.56431
    endloop
  endfacet
  facet normal -0.0656391 -0.0486776 0.996655
    outer loop
      vertex -1.51523 -1.01244 8.56431
      vertex -2.10085 -1.40374 8.50663
      vertex -1.4087 -1.15609 8.56431
    endloop
  endfacet
  facet normal -0.0276047 -0.0460555 0.998557
    outer loop
      vertex -0.611393 -0.915014 8.60308
      vertex -0.85905 -1.60717 8.56431
      vertex -0.518762 -0.970535 8.60308
    endloop
  endfacet
  facet normal 0.0240619 -0.0113805 0.999646
    outer loop
      vertex 0.339994 -0.14083 8.62256
      vertex 0.324553 -0.173477 8.62256
      vertex 0.970535 -0.518762 8.60308
    endloop
  endfacet
  facet normal -0.0113805 -0.0240619 0.999646
    outer loop
      vertex -0.14083 -0.339994 8.62256
      vertex -0.518762 -0.970535 8.60308
      vertex -0.421134 -1.01671 8.60308
    endloop
  endfacet
  facet normal -0.0229577 -0.0485396 0.998557
    outer loop
      vertex -0.518762 -0.970535 8.60308
      vertex -0.697383 -1.68363 8.56431
      vertex -0.421134 -1.01671 8.60308
    endloop
  endfacet
  facet normal -0.0747307 -0.0824542 0.993789
    outer loop
      vertex -1.78663 -1.78663 8.50663
      vertex -2.26745 -2.26745 8.43058
      vertex -1.6029 -1.95315 8.50663
    endloop
  endfacet
  facet normal -0.0420125 -0.0700925 0.996655
    outer loop
      vertex -1.01244 -1.51523 8.56431
      vertex -1.40374 -2.10085 8.50663
      vertex -0.85905 -1.60717 8.56431
    endloop
  endfacet
  facet normal 0.0228304 0.0136845 0.999646
    outer loop
      vertex 0.915014 0.611393 8.60308
      vertex 0.305986 0.204453 8.62256
      vertex 0.324553 0.173477 8.62256
    endloop
  endfacet
  facet normal -0.0136845 -0.0228304 0.999646
    outer loop
      vertex -0.204453 -0.305986 8.62256
      vertex -0.611393 -0.915014 8.60308
      vertex -0.173477 -0.324553 8.62256
    endloop
  endfacet
  facet normal -0.0158562 -0.0213793 0.999646
    outer loop
      vertex -0.233461 -0.284473 8.62256
      vertex -0.698135 -0.850681 8.60308
      vertex -0.611393 -0.915014 8.60308
    endloop
  endfacet
  facet normal -0.0486776 -0.0656391 0.996655
    outer loop
      vertex -1.15609 -1.4087 8.56431
      vertex -1.40374 -2.10085 8.50663
      vertex -1.01244 -1.51523 8.56431
    endloop
  endfacet
  facet normal -0.0197223 0.0178753 0.999646
    outer loop
      vertex -0.778155 0.778155 8.60308
      vertex -0.850681 0.698135 8.60308
      vertex -0.260221 0.260221 8.62256
    endloop
  endfacet
  facet normal 0.0113805 -0.0240619 0.999646
    outer loop
      vertex 0.173477 -0.324553 8.62256
      vertex 0.14083 -0.339994 8.62256
      vertex 0.518762 -0.970535 8.60308
    endloop
  endfacet
  facet normal 0.0250617 0.00896689 0.999646
    outer loop
      vertex 1.05309 0.319451 8.60308
      vertex 0.339994 0.14083 8.62256
      vertex 0.35216 0.106827 8.62256
    endloop
  endfacet
  facet normal -0.0263294 -0.00390651 0.999646
    outer loop
      vertex -0.360936 -0.0717945 8.62256
      vertex -1.09518 -0.107865 8.60308
      vertex -1.07933 -0.214692 8.60308
    endloop
  endfacet
  facet normal 0.0240619 0.0113805 0.999646
    outer loop
      vertex 0.970535 0.518762 8.60308
      vertex 0.339994 0.14083 8.62256
      vertex 1.01671 0.421134 8.60308
    endloop
  endfacet
  facet normal 0.0275319 -0.0769407 0.996655
    outer loop
      vertex 0.966916 -2.33434 8.50663
      vertex 0.529 -1.74388 8.56431
      vertex 0.733455 -2.41788 8.50663
    endloop
  endfacet
  facet normal 0.0475803 -0.100596 0.993789
    outer loop
      vertex 1.51161 -2.82802 8.43058
      vertex 1.19107 -2.22833 8.50663
      vertex 1.22714 -2.96257 8.43058
    endloop
  endfacet
  facet normal 0.074732 -0.0824516 0.993789
    outer loop
      vertex 2.26745 -2.26745 8.43058
      vertex 1.6029 -1.95315 8.50663
      vertex 2.03429 -2.47878 8.43058
    endloop
  endfacet
  facet normal 0.0747307 -0.0824542 0.993789
    outer loop
      vertex 1.78663 -1.78663 8.50663
      vertex 1.6029 -1.95315 8.50663
      vertex 2.26745 -2.26745 8.43058
    endloop
  endfacet
  facet normal 0.0520858 -0.0130464 0.998557
    outer loop
      vertex 1.07933 -0.214692 8.60308
      vertex 1.05309 -0.319451 8.60308
      vertex 1.78733 -0.355523 8.56431
    endloop
  endfacet
  facet normal 0.0808342 -0.011993 0.996655
    outer loop
      vertex 2.51451 -0.247657 8.50663
      vertex 1.81358 -0.178621 8.56431
      vertex 2.47812 -0.492929 8.50663
    endloop
  endfacet
  facet normal 0.0460554 -0.027605 0.998557
    outer loop
      vertex 1.60717 -0.85905 8.56431
      vertex 0.915014 -0.611393 8.60308
      vertex 1.51523 -1.01244 8.56431
    endloop
  endfacet
  facet normal 0.0431292 -0.0319844 0.998557
    outer loop
      vertex 1.51523 -1.01244 8.56431
      vertex 0.915014 -0.611393 8.60308
      vertex 1.4087 -1.15609 8.56431
    endloop
  endfacet
  facet normal 0.104773 -0.0374912 0.993789
    outer loop
      vertex 2.41788 -0.733455 8.50663
      vertex 2.33434 -0.966916 8.50663
      vertex 2.96257 -1.22714 8.43058
    endloop
  endfacet
  facet normal 0.0769407 -0.0275319 0.996655
    outer loop
      vertex 2.41788 -0.733455 8.50663
      vertex 1.74388 -0.529 8.56431
      vertex 2.33434 -0.966916 8.50663
    endloop
  endfacet
  facet normal 0.0486776 -0.0656391 0.996655
    outer loop
      vertex 1.15609 -1.4087 8.56431
      vertex 1.01244 -1.51523 8.56431
      vertex 1.40374 -2.10085 8.50663
    endloop
  endfacet
  facet normal 0.0486786 -0.0656387 0.996655
    outer loop
      vertex 1.6029 -1.95315 8.50663
      vertex 1.15609 -1.4087 8.56431
      vertex 1.40374 -2.10085 8.50663
    endloop
  endfacet
  facet normal -0.0240619 0.0113805 0.999646
    outer loop
      vertex -0.970535 0.518762 8.60308
      vertex -1.01671 0.421134 8.60308
      vertex -0.339994 0.14083 8.62256
    endloop
  endfacet
  facet normal -0.019723 -0.0178745 0.999646
    outer loop
      vertex -0.284473 -0.233461 8.62256
      vertex -0.850681 -0.698135 8.60308
      vertex -0.260221 -0.260221 8.62256
    endloop
  endfacet
  facet normal -0.0180879 0.0505563 0.998557
    outer loop
      vertex -0.319451 1.05309 8.60308
      vertex -0.529 1.74388 8.56431
      vertex -0.421134 1.01671 8.60308
    endloop
  endfacet
  facet normal 0.559715 -0.75468 0.342312
    outer loop
      vertex 4.70645 -5.73483 6.89713
      vertex 4.12168 -6.16853 6.89713
      vertex 4.16176 -6.22851 6.69936
    endloop
  endfacet
  facet normal 0.396332 -0.534388 0.746559
    outer loop
      vertex 4.47982 -5.45868 7.2822
      vertex 4.0419 -6.04914 7.09203
      vertex 4.61536 -5.62383 7.09203
    endloop
  endfacet
  facet normal 0.367036 -0.404955 0.837434
    outer loop
      vertex 4.99329 -4.99329 7.2822
      vertex 4.30114 -5.24095 7.4658
      vertex 4.47982 -5.45868 7.2822
    endloop
  endfacet
  facet normal 0.479799 -0.64693 0.592684
    outer loop
      vertex 4.61536 -5.62383 7.09203
      vertex 4.0419 -6.04914 7.09203
      vertex 4.70645 -5.73483 6.89713
    endloop
  endfacet
  facet normal 0.0550281 -0.370975 0.927011
    outer loop
      vertex 1.25501 -6.30936 7.64106
      vertex 0.590461 -5.99505 7.80629
      vertex 0.63054 -6.40199 7.64106
    endloop
  endfacet
  facet normal 0.0550276 -0.370976 0.927011
    outer loop
      vertex 1.17523 -5.90831 7.80629
      vertex 0.590461 -5.99505 7.80629
      vertex 1.25501 -6.30936 7.64106
    endloop
  endfacet
  facet normal 0.0485398 -0.0229568 0.998557
    outer loop
      vertex 1.68363 -0.697383 8.56431
      vertex 0.970535 -0.518762 8.60308
      vertex 1.60717 -0.85905 8.56431
    endloop
  endfacet
  facet normal 0.0738733 -0.0349382 0.996655
    outer loop
      vertex 1.68363 -0.697383 8.56431
      vertex 1.60717 -0.85905 8.56431
      vertex 2.33434 -0.966916 8.50663
    endloop
  endfacet
  facet normal -0.0250618 -0.00896658 0.999646
    outer loop
      vertex -0.339994 -0.14083 8.62256
      vertex -1.05309 -0.319451 8.60308
      vertex -1.01671 -0.421134 8.60308
    endloop
  endfacet
  facet normal 0.00130602 0.0265854 0.999646
    outer loop
      vertex 0 1.10048 8.60308
      vertex 0 0.368007 8.62256
      vertex 0.0360708 0.366235 8.62256
    endloop
  endfacet
  facet normal -0.02582 -0.00646738 0.999646
    outer loop
      vertex -0.360936 -0.0717945 8.62256
      vertex -1.07933 -0.214692 8.60308
      vertex -1.05309 -0.319451 8.60308
    endloop
  endfacet
  facet normal 0.0397848 0.0360589 0.998557
    outer loop
      vertex 1.4087 1.15609 8.56431
      vertex 0.778155 0.778155 8.60308
      vertex 0.850681 0.698135 8.60308
    endloop
  endfacet
  facet normal 0.0605498 0.0548791 0.996655
    outer loop
      vertex 1.78663 1.78663 8.50663
      vertex 1.2886 1.2886 8.56431
      vertex 1.4087 1.15609 8.56431
    endloop
  endfacet
  facet normal 0.0548791 0.0605498 0.996655
    outer loop
      vertex 1.78663 1.78663 8.50663
      vertex 1.15609 1.4087 8.56431
      vertex 1.2886 1.2886 8.56431
    endloop
  endfacet
  facet normal 0.0656391 0.0486776 0.996655
    outer loop
      vertex 2.10085 1.40374 8.50663
      vertex 1.4087 1.15609 8.56431
      vertex 1.51523 1.01244 8.56431
    endloop
  endfacet
  facet normal 0.0431275 0.0319859 0.998557
    outer loop
      vertex 1.4087 1.15609 8.56431
      vertex 0.850681 0.698135 8.60308
      vertex 0.915014 0.611393 8.60308
    endloop
  endfacet
  facet normal 0.0178753 0.0197223 0.999646
    outer loop
      vertex 0.698135 0.850681 8.60308
      vertex 0.260221 0.260221 8.62256
      vertex 0.778155 0.778155 8.60308
    endloop
  endfacet
  facet normal 0.00263512 0.0536298 0.998557
    outer loop
      vertex 0.178621 1.81358 8.56431
      vertex 0 1.10048 8.60308
      vertex 0.107865 1.09518 8.60308
    endloop
  endfacet
  facet normal -0.0178753 0.0197223 0.999646
    outer loop
      vertex -0.698135 0.850681 8.60308
      vertex -0.778155 0.778155 8.60308
      vertex -0.260221 0.260221 8.62256
    endloop
  endfacet
  facet normal -0.0263294 -0.00390552 0.999646
    outer loop
      vertex -0.366235 -0.0360708 8.62256
      vertex -1.09518 -0.107865 8.60308
      vertex -0.360936 -0.0717945 8.62256
    endloop
  endfacet
  facet normal -0.00896689 0.0250617 0.999646
    outer loop
      vertex -0.106827 0.35216 8.62256
      vertex -0.319451 1.05309 8.60308
      vertex -0.14083 0.339994 8.62256
    endloop
  endfacet
  facet normal -0.0319844 0.0431292 0.998557
    outer loop
      vertex -1.01244 1.51523 8.56431
      vertex -1.15609 1.4087 8.56431
      vertex -0.611393 0.915014 8.60308
    endloop
  endfacet
  facet normal -0.0319859 0.0431275 0.998557
    outer loop
      vertex -0.611393 0.915014 8.60308
      vertex -1.15609 1.4087 8.56431
      vertex -0.698135 0.850681 8.60308
    endloop
  endfacet
  facet normal -0.00390552 0.0263294 0.999646
    outer loop
      vertex -0.0360708 0.366235 8.62256
      vertex -0.107865 1.09518 8.60308
      vertex -0.0717945 0.360936 8.62256
    endloop
  endfacet
  facet normal 0.0485398 0.0229568 0.998557
    outer loop
      vertex 1.60717 0.85905 8.56431
      vertex 0.970535 0.518762 8.60308
      vertex 1.68363 0.697383 8.56431
    endloop
  endfacet
  facet normal 0.0485396 0.0229577 0.998557
    outer loop
      vertex 1.68363 0.697383 8.56431
      vertex 0.970535 0.518762 8.60308
      vertex 1.01671 0.421134 8.60308
    endloop
  endfacet
  facet normal 0.0431292 0.0319844 0.998557
    outer loop
      vertex 1.4087 1.15609 8.56431
      vertex 0.915014 0.611393 8.60308
      vertex 1.51523 1.01244 8.56431
    endloop
  endfacet
  facet normal 0.0460554 0.027605 0.998557
    outer loop
      vertex 1.51523 1.01244 8.56431
      vertex 0.915014 0.611393 8.60308
      vertex 1.60717 0.85905 8.56431
    endloop
  endfacet
  facet normal 0.0198533 0.07927 0.996655
    outer loop
      vertex 0.733455 2.41788 8.50663
      vertex 0.492929 2.47812 8.50663
      vertex 0.529 1.74388 8.56431
    endloop
  endfacet
  facet normal 0.0270348 0.107944 0.993789
    outer loop
      vertex 0.625588 3.14505 8.43058
      vertex 0.492929 2.47812 8.50663
      vertex 0.733455 2.41788 8.50663
    endloop
  endfacet
  facet normal -0.0634082 0.25314 0.965349
    outer loop
      vertex -1.08414 5.45035 7.95991
      vertex -1.61315 5.31784 7.95991
      vertex -1.46207 4.81981 8.10043
    endloop
  endfacet
  facet normal -0.0760196 0.303487 0.949798
    outer loop
      vertex -1.08414 5.45035 7.95991
      vertex -1.74869 5.76466 7.80629
      vertex -1.61315 5.31784 7.95991
    endloop
  endfacet
  facet normal 0.0598824 -0.167367 0.984074
    outer loop
      vertex 1.47554 -3.56227 8.3369
      vertex 1.11927 -3.68974 8.3369
      vertex 1.29692 -4.27536 8.22649
    endloop
  endfacet
  facet normal 0.0598826 -0.167367 0.984074
    outer loop
      vertex 1.47554 -3.56227 8.3369
      vertex 1.29692 -4.27536 8.22649
      vertex 1.70973 -4.12766 8.22649
    endloop
  endfacet
  facet normal 0.0106252 -0.216308 0.976267
    outer loop
      vertex 0.437915 -4.44623 8.22649
      vertex 0 -5.03669 8.10043
      vertex 0.493682 -5.01244 8.10043
    endloop
  endfacet
  facet normal 0.0317757 -0.214225 0.976267
    outer loop
      vertex 0.871614 -4.3819 8.22649
      vertex 0.437915 -4.44623 8.22649
      vertex 0.493682 -5.01244 8.10043
    endloop
  endfacet
  facet normal -0.210081 -0.0526232 0.976267
    outer loop
      vertex -4.3819 -0.871614 8.22649
      vertex -4.93991 -0.98261 8.10043
      vertex -4.81981 -1.46207 8.10043
    endloop
  endfacet
  facet normal -0.214227 -0.0317795 0.976267
    outer loop
      vertex -4.3819 -0.871614 8.22649
      vertex -5.01244 -0.493682 8.10043
      vertex -4.93991 -0.98261 8.10043
    endloop
  endfacet
  facet normal -0.167367 -0.0598826 0.984074
    outer loop
      vertex -3.56227 -1.47554 8.3369
      vertex -4.27536 -1.29692 8.22649
      vertex -4.12766 -1.70973 8.22649
    endloop
  endfacet
  facet normal -0.203911 -0.0729576 0.976267
    outer loop
      vertex -4.27536 -1.29692 8.22649
      vertex -4.81981 -1.46207 8.10043
      vertex -4.12766 -1.70973 8.22649
    endloop
  endfacet
  facet normal -0.468768 -0.280974 0.837443
    outer loop
      vertex -5.97935 -3.19603 7.4658
      vertex -6.22776 -3.32881 7.2822
      vertex -5.87149 -3.9232 7.2822
    endloop
  endfacet
  facet normal -0.301233 -0.223404 0.927011
    outer loop
      vertex -4.65666 -3.82162 7.80629
      vertex -5.34881 -3.57396 7.64106
      vertex -4.97275 -4.08103 7.64106
    endloop
  endfacet
  facet normal -0.195776 -0.0925952 0.976267
    outer loop
      vertex -4.12766 -1.70973 8.22649
      vertex -4.6533 -1.92746 8.10043
      vertex -3.9402 -2.10608 8.22649
    endloop
  endfacet
  facet normal -0.20391 -0.0729563 0.976267
    outer loop
      vertex -4.12766 -1.70973 8.22649
      vertex -4.81981 -1.46207 8.10043
      vertex -4.6533 -1.92746 8.10043
    endloop
  endfacet
  facet normal -0.177544 -0.00872377 0.984074
    outer loop
      vertex -3.85577 0 8.3369
      vertex -4.46774 0 8.22649
      vertex -3.8372 -0.377932 8.3369
    endloop
  endfacet
  facet normal -0.142837 -0.00701843 0.989721
    outer loop
      vertex -3.20666 0 8.43058
      vertex -3.85577 0 8.3369
      vertex -3.8372 -0.377932 8.3369
    endloop
  endfacet
  facet normal -0.0960388 0.105964 0.989721
    outer loop
      vertex -2.44607 2.98055 8.3369
      vertex -2.72644 2.72644 8.3369
      vertex -2.26745 2.26745 8.43058
    endloop
  endfacet
  facet normal -0.105964 0.0960388 0.989721
    outer loop
      vertex -2.72644 2.72644 8.3369
      vertex -2.98055 2.44607 8.3369
      vertex -2.26745 2.26745 8.43058
    endloop
  endfacet
  facet normal -0.011993 0.0808342 0.996655
    outer loop
      vertex -0.247657 2.51451 8.50663
      vertex -0.492929 2.47812 8.50663
      vertex -0.178621 1.81358 8.56431
    endloop
  endfacet
  facet normal -0.0913866 0.152468 0.984074
    outer loop
      vertex -2.10608 3.9402 8.22649
      vertex -2.48215 3.71479 8.22649
      vertex -2.14215 3.20596 8.3369
    endloop
  endfacet
  facet normal -0.00400759 0.0816207 0.996655
    outer loop
      vertex 0 2.52667 8.50663
      vertex -0.247657 2.51451 8.50663
      vertex -0.178621 1.81358 8.56431
    endloop
  endfacet
  facet normal -0.00400744 0.0816207 0.996655
    outer loop
      vertex 0 2.52667 8.50663
      vertex -0.178621 1.81358 8.56431
      vertex 0 1.82235 8.56431
    endloop
  endfacet
  facet normal -0.00788044 0.0531131 0.998557
    outer loop
      vertex -0.178621 1.81358 8.56431
      vertex -0.214692 1.07933 8.60308
      vertex -0.107865 1.09518 8.60308
    endloop
  endfacet
  facet normal -0.00390651 0.0263294 0.999646
    outer loop
      vertex -0.107865 1.09518 8.60308
      vertex -0.214692 1.07933 8.60308
      vertex -0.0717945 0.360936 8.62256
    endloop
  endfacet
  facet normal -0.0374874 0.104776 0.993789
    outer loop
      vertex -0.930844 3.06858 8.43058
      vertex -1.22714 2.96257 8.43058
      vertex -0.733455 2.41788 8.50663
    endloop
  endfacet
  facet normal -0.0180897 0.050556 0.998557
    outer loop
      vertex -0.529 1.74388 8.56431
      vertex -0.697383 1.68363 8.56431
      vertex -0.421134 1.01671 8.60308
    endloop
  endfacet
  facet normal -0.00646738 0.02582 0.999646
    outer loop
      vertex -0.214692 1.07933 8.60308
      vertex -0.319451 1.05309 8.60308
      vertex -0.0717945 0.360936 8.62256
    endloop
  endfacet
  facet normal -0.0130464 0.0520858 0.998557
    outer loop
      vertex -0.214692 1.07933 8.60308
      vertex -0.355523 1.78733 8.56431
      vertex -0.319451 1.05309 8.60308
    endloop
  endfacet
  facet normal -0.026081 0.175832 0.984075
    outer loop
      vertex -0.437915 4.44623 8.22649
      vertex -0.871614 4.3819 8.22649
      vertex -0.377932 3.8372 8.3369
    endloop
  endfacet
  facet normal -0.0760015 0.160691 0.984074
    outer loop
      vertex -1.70973 4.12766 8.22649
      vertex -2.10608 3.9402 8.22649
      vertex -1.8176 3.40049 8.3369
    endloop
  endfacet
  facet normal 0.0213796 0.0158556 0.999646
    outer loop
      vertex 0.915014 0.611393 8.60308
      vertex 0.284473 0.233461 8.62256
      vertex 0.305986 0.204453 8.62256
    endloop
  endfacet
  facet normal -0.0360589 0.0397849 0.998557
    outer loop
      vertex -1.15609 1.4087 8.56431
      vertex -1.2886 1.2886 8.56431
      vertex -0.778155 0.778155 8.60308
    endloop
  endfacet
  facet normal -0.0605505 0.0548787 0.996655
    outer loop
      vertex -1.78663 1.78663 8.50663
      vertex -1.95315 1.6029 8.50663
      vertex -1.4087 1.15609 8.56431
    endloop
  endfacet
  facet normal -0.0662887 0.0893798 0.993789
    outer loop
      vertex -1.78153 2.66624 8.43058
      vertex -2.03429 2.47878 8.43058
      vertex -1.40374 2.10085 8.50663
    endloop
  endfacet
  facet normal -0.0526251 0.210078 0.976267
    outer loop
      vertex -0.871614 4.3819 8.22649
      vertex -1.46207 4.81981 8.10043
      vertex -1.29692 4.27536 8.22649
    endloop
  endfacet
  facet normal -0.129009 0.173948 0.976268
    outer loop
      vertex -2.79824 4.18786 8.10043
      vertex -2.83431 3.45361 8.22649
      vertex -2.48215 3.71479 8.22649
    endloop
  endfacet
  facet normal -0.119373 0.131709 0.984075
    outer loop
      vertex -2.44607 2.98055 8.3369
      vertex -2.83431 3.45361 8.22649
      vertex -2.72644 2.72644 8.3369
    endloop
  endfacet
  facet normal -0.0130464 -0.0520858 0.998557
    outer loop
      vertex -0.319451 -1.05309 8.60308
      vertex -0.355523 -1.78733 8.56431
      vertex -0.214692 -1.07933 8.60308
    endloop
  endfacet
  facet normal -0.0349372 -0.0738734 0.996655
    outer loop
      vertex -0.85905 -1.60717 8.56431
      vertex -1.19107 -2.22833 8.50663
      vertex -0.966916 -2.33434 8.50663
    endloop
  endfacet
  facet normal -0.0130457 -0.0520858 0.998557
    outer loop
      vertex -0.319451 -1.05309 8.60308
      vertex -0.529 -1.74388 8.56431
      vertex -0.355523 -1.78733 8.56431
    endloop
  endfacet
  facet normal -0.0198544 -0.0792701 0.996655
    outer loop
      vertex -0.355523 -1.78733 8.56431
      vertex -0.529 -1.74388 8.56431
      vertex -0.492929 -2.47812 8.50663
    endloop
  endfacet
  facet normal -0.0598824 -0.167367 0.984074
    outer loop
      vertex -1.11927 -3.68974 8.3369
      vertex -1.47554 -3.56227 8.3369
      vertex -1.29692 -4.27536 8.22649
    endloop
  endfacet
  facet normal -0.0431913 -0.17243 0.984074
    outer loop
      vertex -1.11927 -3.68974 8.3369
      vertex -1.29692 -4.27536 8.22649
      vertex -0.752223 -3.78168 8.3369
    endloop
  endfacet
  facet normal -0.0319844 -0.0431292 0.998557
    outer loop
      vertex -0.611393 -0.915014 8.60308
      vertex -1.15609 -1.4087 8.56431
      vertex -1.01244 -1.51523 8.56431
    endloop
  endfacet
  facet normal -0.0360589 -0.0397848 0.998557
    outer loop
      vertex -0.778155 -0.778155 8.60308
      vertex -1.15609 -1.4087 8.56431
      vertex -0.698135 -0.850681 8.60308
    endloop
  endfacet
  facet normal -0.0213796 0.0158556 0.999646
    outer loop
      vertex -0.284473 0.233461 8.62256
      vertex -0.915014 0.611393 8.60308
      vertex -0.305986 0.204453 8.62256
    endloop
  endfacet
  facet normal -0.0158556 0.0213796 0.999646
    outer loop
      vertex -0.204453 0.305986 8.62256
      vertex -0.611393 0.915014 8.60308
      vertex -0.233461 0.284473 8.62256
    endloop
  endfacet
  facet normal -0.0662887 -0.0893798 0.993789
    outer loop
      vertex -1.40374 -2.10085 8.50663
      vertex -2.03429 -2.47878 8.43058
      vertex -1.78153 -2.66624 8.43058
    endloop
  endfacet
  facet normal -0.0572121 -0.0954448 0.993789
    outer loop
      vertex -1.40374 -2.10085 8.50663
      vertex -1.78153 -2.66624 8.43058
      vertex -1.19107 -2.22833 8.50663
    endloop
  endfacet
  facet normal -0.0397848 -0.0360589 0.998557
    outer loop
      vertex -0.850681 -0.698135 8.60308
      vertex -1.4087 -1.15609 8.56431
      vertex -0.778155 -0.778155 8.60308
    endloop
  endfacet
  facet normal -0.0431292 -0.0319844 0.998557
    outer loop
      vertex -0.915014 -0.611393 8.60308
      vertex -1.51523 -1.01244 8.56431
      vertex -1.4087 -1.15609 8.56431
    endloop
  endfacet
  facet normal -0.0113805 0.0240619 0.999646
    outer loop
      vertex -0.14083 0.339994 8.62256
      vertex -0.518762 0.970535 8.60308
      vertex -0.173477 0.324553 8.62256
    endloop
  endfacet
  facet normal -0.0136845 0.0228304 0.999646
    outer loop
      vertex -0.173477 0.324553 8.62256
      vertex -0.611393 0.915014 8.60308
      vertex -0.204453 0.305986 8.62256
    endloop
  endfacet
  facet normal 0.0374912 -0.104773 0.993789
    outer loop
      vertex 0.966916 -2.33434 8.50663
      vertex 0.733455 -2.41788 8.50663
      vertex 1.22714 -2.96257 8.43058
    endloop
  endfacet
  facet normal 0.0475753 -0.100596 0.993789
    outer loop
      vertex 1.19107 -2.22833 8.50663
      vertex 0.966916 -2.33434 8.50663
      vertex 1.22714 -2.96257 8.43058
    endloop
  endfacet
  facet normal 0.0792701 -0.0198544 0.996655
    outer loop
      vertex 1.78733 -0.355523 8.56431
      vertex 1.74388 -0.529 8.56431
      vertex 2.47812 -0.492929 8.50663
    endloop
  endfacet
  facet normal 0.0808335 -0.0119947 0.996655
    outer loop
      vertex 1.81358 -0.178621 8.56431
      vertex 1.78733 -0.355523 8.56431
      vertex 2.47812 -0.492929 8.50663
    endloop
  endfacet
  facet normal 0.0700907 -0.0420142 0.996655
    outer loop
      vertex 2.22833 -1.19107 8.50663
      vertex 1.60717 -0.85905 8.56431
      vertex 2.10085 -1.40374 8.50663
    endloop
  endfacet
  facet normal 0.0700925 -0.0420125 0.996655
    outer loop
      vertex 1.60717 -0.85905 8.56431
      vertex 1.51523 -1.01244 8.56431
      vertex 2.10085 -1.40374 8.50663
    endloop
  endfacet
  facet normal 0.0397849 -0.0360589 0.998557
    outer loop
      vertex 1.4087 -1.15609 8.56431
      vertex 0.778155 -0.778155 8.60308
      vertex 1.2886 -1.2886 8.56431
    endloop
  endfacet
  facet normal 0.0360589 -0.0397849 0.998557
    outer loop
      vertex 1.2886 -1.2886 8.56431
      vertex 0.778155 -0.778155 8.60308
      vertex 1.15609 -1.4087 8.56431
    endloop
  endfacet
  facet normal 0.414067 -0.690841 0.592695
    outer loop
      vertex 4.0419 -6.04914 7.09203
      vertex 3.42952 -6.41618 7.09203
      vertex 3.49721 -6.54282 6.89713
    endloop
  endfacet
  facet normal 0.414073 -0.690844 0.592687
    outer loop
      vertex 4.0419 -6.04914 7.09203
      vertex 3.49721 -6.54282 6.89713
      vertex 4.12168 -6.16853 6.89713
    endloop
  endfacet
  facet normal 0.325568 -0.438986 0.837434
    outer loop
      vertex 4.30114 -5.24095 7.4658
      vertex 3.9232 -5.87149 7.2822
      vertex 4.47982 -5.45868 7.2822
    endloop
  endfacet
  facet normal 0.325573 -0.438988 0.837431
    outer loop
      vertex 4.30114 -5.24095 7.4658
      vertex 3.76672 -5.6373 7.4658
      vertex 3.9232 -5.87149 7.2822
    endloop
  endfacet
  facet normal 0.0240619 -0.0113805 0.999646
    outer loop
      vertex 1.01671 -0.421134 8.60308
      vertex 0.339994 -0.14083 8.62256
      vertex 0.970535 -0.518762 8.60308
    endloop
  endfacet
  facet normal 0.0485396 -0.0229577 0.998557
    outer loop
      vertex 1.01671 -0.421134 8.60308
      vertex 0.970535 -0.518762 8.60308
      vertex 1.68363 -0.697383 8.56431
    endloop
  endfacet
  facet normal 0.0397849 0.0360589 0.998557
    outer loop
      vertex 1.2886 1.2886 8.56431
      vertex 0.778155 0.778155 8.60308
      vertex 1.4087 1.15609 8.56431
    endloop
  endfacet
  facet normal 0.0360589 0.0397849 0.998557
    outer loop
      vertex 1.15609 1.4087 8.56431
      vertex 0.778155 0.778155 8.60308
      vertex 1.2886 1.2886 8.56431
    endloop
  endfacet
  facet normal -0.0265854 0.00130602 0.999646
    outer loop
      vertex -0.366235 0.0360708 8.62256
      vertex -1.10048 0 8.60308
      vertex -0.368007 0 8.62256
    endloop
  endfacet
  facet normal 0.0180897 0.050556 0.998557
    outer loop
      vertex 0.529 1.74388 8.56431
      vertex 0.421134 1.01671 8.60308
      vertex 0.697383 1.68363 8.56431
    endloop
  endfacet
  facet normal 0.0319859 0.0431275 0.998557
    outer loop
      vertex 1.15609 1.4087 8.56431
      vertex 0.611393 0.915014 8.60308
      vertex 0.698135 0.850681 8.60308
    endloop
  endfacet
  facet normal 0.0113805 0.0240619 0.999646
    outer loop
      vertex 0.518762 0.970535 8.60308
      vertex 0.14083 0.339994 8.62256
      vertex 0.173477 0.324553 8.62256
    endloop
  endfacet
  facet normal 0.0130464 0.0520858 0.998557
    outer loop
      vertex 0.355523 1.78733 8.56431
      vertex 0.214692 1.07933 8.60308
      vertex 0.319451 1.05309 8.60308
    endloop
  endfacet
  facet normal -0.438986 -0.325568 0.837434
    outer loop
      vertex -5.24095 -4.30114 7.4658
      vertex -5.87149 -3.9232 7.2822
      vertex -5.45868 -4.47982 7.2822
    endloop
  endfacet
  facet normal -0.404955 -0.367036 0.837434
    outer loop
      vertex -5.24095 -4.30114 7.4658
      vertex -5.45868 -4.47982 7.2822
      vertex -4.99329 -4.99329 7.2822
    endloop
  endfacet
  facet normal -0.407976 -0.192962 0.892368
    outer loop
      vertex -5.94328 -2.46179 7.64106
      vertex -6.26383 -2.59456 7.4658
      vertex -5.97935 -3.19603 7.4658
    endloop
  endfacet
  facet normal -0.494051 -0.233674 0.837443
    outer loop
      vertex -5.97935 -3.19603 7.4658
      vertex -6.26383 -2.59456 7.4658
      vertex -6.22776 -3.32881 7.2822
    endloop
  endfacet
  facet normal -0.534381 -0.396317 0.746572
    outer loop
      vertex -5.87149 -3.9232 7.2822
      vertex -6.04914 -4.0419 7.09203
      vertex -5.45868 -4.47982 7.2822
    endloop
  endfacet
  facet normal -0.362492 -0.26884 0.89237
    outer loop
      vertex -5.34881 -3.57396 7.64106
      vertex -5.6373 -3.76672 7.4658
      vertex -5.24095 -4.30114 7.4658
    endloop
  endfacet
  facet normal -0.195776 -0.0925949 0.976267
    outer loop
      vertex -3.9402 -2.10608 8.22649
      vertex -4.6533 -1.92746 8.10043
      vertex -4.44197 -2.37428 8.10043
    endloop
  endfacet
  facet normal -0.235909 -0.111577 0.965348
    outer loop
      vertex -4.6533 -1.92746 8.10043
      vertex -4.90095 -2.61961 7.95991
      vertex -4.44197 -2.37428 8.10043
    endloop
  endfacet
  facet normal -0.0824542 0.0747307 0.993789
    outer loop
      vertex -1.78663 1.78663 8.50663
      vertex -2.26745 2.26745 8.43058
      vertex -1.95315 1.6029 8.50663
    endloop
  endfacet
  facet normal -0.0486786 0.0656387 0.996655
    outer loop
      vertex -1.40374 2.10085 8.50663
      vertex -1.6029 1.95315 8.50663
      vertex -1.15609 1.4087 8.56431
    endloop
  endfacet
  facet normal -0.0420142 0.0700907 0.996655
    outer loop
      vertex -1.19107 2.22833 8.50663
      vertex -1.40374 2.10085 8.50663
      vertex -0.85905 1.60717 8.56431
    endloop
  endfacet
  facet normal -0.0349372 0.0738734 0.996655
    outer loop
      vertex -0.966916 2.33434 8.50663
      vertex -1.19107 2.22833 8.50663
      vertex -0.85905 1.60717 8.56431
    endloop
  endfacet
  facet normal -0.0374912 0.104773 0.993789
    outer loop
      vertex -0.733455 2.41788 8.50663
      vertex -1.22714 2.96257 8.43058
      vertex -0.966916 2.33434 8.50663
    endloop
  endfacet
  facet normal -0.0198544 0.0792701 0.996655
    outer loop
      vertex -0.492929 2.47812 8.50663
      vertex -0.529 1.74388 8.56431
      vertex -0.355523 1.78733 8.56431
    endloop
  endfacet
  facet normal -0.0163314 0.110075 0.993789
    outer loop
      vertex -0.314307 3.19122 8.43058
      vertex -0.492929 2.47812 8.50663
      vertex -0.247657 2.51451 8.50663
    endloop
  endfacet
  facet normal -0.00545731 0.111146 0.993789
    outer loop
      vertex 0 2.52667 8.50663
      vertex -0.314307 3.19122 8.43058
      vertex -0.247657 2.51451 8.50663
    endloop
  endfacet
  facet normal -0.0113805 0.0240619 0.999646
    outer loop
      vertex -0.421134 1.01671 8.60308
      vertex -0.518762 0.970535 8.60308
      vertex -0.14083 0.339994 8.62256
    endloop
  endfacet
  facet normal -0.00896658 0.0250618 0.999646
    outer loop
      vertex -0.319451 1.05309 8.60308
      vertex -0.421134 1.01671 8.60308
      vertex -0.14083 0.339994 8.62256
    endloop
  endfacet
  facet normal -0.0260818 0.175832 0.984075
    outer loop
      vertex -0.377932 3.8372 8.3369
      vertex -0.871614 4.3819 8.22649
      vertex -0.752223 3.78168 8.3369
    endloop
  endfacet
  facet normal -0.0760002 0.160691 0.984074
    outer loop
      vertex -1.70973 4.12766 8.22649
      vertex -1.8176 3.40049 8.3369
      vertex -1.47554 3.56227 8.3369
    endloop
  endfacet
  facet normal 0.019723 0.0178745 0.999646
    outer loop
      vertex 0.850681 0.698135 8.60308
      vertex 0.260221 0.260221 8.62256
      vertex 0.284473 0.233461 8.62256
    endloop
  endfacet
  facet normal -0.0228304 -0.0136845 0.999646
    outer loop
      vertex -0.324553 -0.173477 8.62256
      vertex -0.915014 -0.611393 8.60308
      vertex -0.305986 -0.204453 8.62256
    endloop
  endfacet
  facet normal -0.0213796 -0.0158556 0.999646
    outer loop
      vertex -0.305986 -0.204453 8.62256
      vertex -0.915014 -0.611393 8.60308
      vertex -0.284473 -0.233461 8.62256
    endloop
  endfacet
  facet normal -0.0548791 0.0605498 0.996655
    outer loop
      vertex -1.15609 1.4087 8.56431
      vertex -1.78663 1.78663 8.50663
      vertex -1.2886 1.2886 8.56431
    endloop
  endfacet
  facet normal -0.0605498 0.0548791 0.996655
    outer loop
      vertex -1.2886 1.2886 8.56431
      vertex -1.78663 1.78663 8.50663
      vertex -1.4087 1.15609 8.56431
    endloop
  endfacet
  facet normal -0.0611459 0.129277 0.989722
    outer loop
      vertex -1.22714 2.96257 8.43058
      vertex -1.8176 3.40049 8.3369
      vertex -1.51161 2.82802 8.43058
    endloop
  endfacet
  facet normal -0.0481767 0.134651 0.989721
    outer loop
      vertex -1.11927 3.68974 8.3369
      vertex -1.47554 3.56227 8.3369
      vertex -1.22714 2.96257 8.43058
    endloop
  endfacet
  facet normal -0.0960419 0.105963 0.989721
    outer loop
      vertex -2.03429 2.47878 8.43058
      vertex -2.44607 2.98055 8.3369
      vertex -2.26745 2.26745 8.43058
    endloop
  endfacet
  facet normal -0.105891 0.142773 0.984075
    outer loop
      vertex -2.14215 3.20596 8.3369
      vertex -2.83431 3.45361 8.22649
      vertex -2.44607 2.98055 8.3369
    endloop
  endfacet
  facet normal -0.0475803 0.100596 0.993789
    outer loop
      vertex -1.22714 2.96257 8.43058
      vertex -1.51161 2.82802 8.43058
      vertex -1.19107 2.22833 8.50663
    endloop
  endfacet
  facet normal -0.0347483 0.138724 0.989721
    outer loop
      vertex -0.752223 3.78168 8.3369
      vertex -1.11927 3.68974 8.3369
      vertex -0.930844 3.06858 8.43058
    endloop
  endfacet
  facet normal -0.0851926 0.114865 0.989721
    outer loop
      vertex -2.14215 3.20596 8.3369
      vertex -2.44607 2.98055 8.3369
      vertex -1.78153 2.66624 8.43058
    endloop
  endfacet
  facet normal -0.0851915 0.114867 0.989721
    outer loop
      vertex -1.78153 2.66624 8.43058
      vertex -2.44607 2.98055 8.3369
      vertex -2.03429 2.47878 8.43058
    endloop
  endfacet
  facet normal -0.0275308 -0.0769415 0.996655
    outer loop
      vertex -0.697383 -1.68363 8.56431
      vertex -0.966916 -2.33434 8.50663
      vertex -0.529 -1.74388 8.56431
    endloop
  endfacet
  facet normal -0.0180897 -0.050556 0.998557
    outer loop
      vertex -0.421134 -1.01671 8.60308
      vertex -0.697383 -1.68363 8.56431
      vertex -0.529 -1.74388 8.56431
    endloop
  endfacet
  facet normal 0.00390552 0.0263294 0.999646
    outer loop
      vertex 0.107865 1.09518 8.60308
      vertex 0.0360708 0.366235 8.62256
      vertex 0.0717945 0.360936 8.62256
    endloop
  endfacet
  facet normal -0.0250617 -0.00896689 0.999646
    outer loop
      vertex -0.35216 -0.106827 8.62256
      vertex -1.05309 -0.319451 8.60308
      vertex -0.339994 -0.14083 8.62256
    endloop
  endfacet
  facet normal 0.00646738 0.02582 0.999646
    outer loop
      vertex 0.214692 1.07933 8.60308
      vertex 0.0717945 0.360936 8.62256
      vertex 0.319451 1.05309 8.60308
    endloop
  endfacet
  facet normal -0.0656387 -0.0486786 0.996655
    outer loop
      vertex -1.4087 -1.15609 8.56431
      vertex -2.10085 -1.40374 8.50663
      vertex -1.95315 -1.6029 8.50663
    endloop
  endfacet
  facet normal -0.0605505 -0.0548787 0.996655
    outer loop
      vertex -1.4087 -1.15609 8.56431
      vertex -1.95315 -1.6029 8.50663
      vertex -1.78663 -1.78663 8.50663
    endloop
  endfacet
  facet normal 0.0180897 -0.050556 0.998557
    outer loop
      vertex 0.697383 -1.68363 8.56431
      vertex 0.421134 -1.01671 8.60308
      vertex 0.529 -1.74388 8.56431
    endloop
  endfacet
  facet normal 0.0275308 -0.0769415 0.996655
    outer loop
      vertex 0.697383 -1.68363 8.56431
      vertex 0.529 -1.74388 8.56431
      vertex 0.966916 -2.33434 8.50663
    endloop
  endfacet
  facet normal 0.280974 -0.468768 0.837443
    outer loop
      vertex 3.9232 -5.87149 7.2822
      vertex 3.19603 -5.97935 7.4658
      vertex 3.32881 -6.22776 7.2822
    endloop
  endfacet
  facet normal 0.342039 -0.570648 0.746572
    outer loop
      vertex 3.9232 -5.87149 7.2822
      vertex 3.32881 -6.22776 7.2822
      vertex 4.0419 -6.04914 7.09203
    endloop
  endfacet
  facet normal 0.0113805 0.0240619 0.999646
    outer loop
      vertex 0.421134 1.01671 8.60308
      vertex 0.14083 0.339994 8.62256
      vertex 0.518762 0.970535 8.60308
    endloop
  endfacet
  facet normal 0.0136842 0.0228306 0.999646
    outer loop
      vertex 0.518762 0.970535 8.60308
      vertex 0.173477 0.324553 8.62256
      vertex 0.611393 0.915014 8.60308
    endloop
  endfacet
  facet normal 0.0136845 0.0228304 0.999646
    outer loop
      vertex 0.611393 0.915014 8.60308
      vertex 0.173477 0.324553 8.62256
      vertex 0.204453 0.305986 8.62256
    endloop
  endfacet
  facet normal 0.00130629 0.0265854 0.999646
    outer loop
      vertex 0.107865 1.09518 8.60308
      vertex 0 1.10048 8.60308
      vertex 0.0360708 0.366235 8.62256
    endloop
  endfacet
  facet normal -0.0213793 0.0158562 0.999646
    outer loop
      vertex -0.850681 0.698135 8.60308
      vertex -0.915014 0.611393 8.60308
      vertex -0.284473 0.233461 8.62256
    endloop
  endfacet
  facet normal -0.438988 -0.325573 0.837431
    outer loop
      vertex -5.6373 -3.76672 7.4658
      vertex -5.87149 -3.9232 7.2822
      vertex -5.24095 -4.30114 7.4658
    endloop
  endfacet
  facet normal -0.387107 -0.23203 0.892362
    outer loop
      vertex -5.67337 -3.03248 7.64106
      vertex -5.97935 -3.19603 7.4658
      vertex -5.34881 -3.57396 7.64106
    endloop
  endfacet
  facet normal -0.334394 -0.303077 0.892371
    outer loop
      vertex -4.54879 -4.54879 7.64106
      vertex -5.24095 -4.30114 7.4658
      vertex -4.79413 -4.79413 7.4658
    endloop
  endfacet
  facet normal -0.334395 -0.303083 0.892368
    outer loop
      vertex -4.97275 -4.08103 7.64106
      vertex -5.24095 -4.30114 7.4658
      vertex -4.54879 -4.54879 7.64106
    endloop
  endfacet
  facet normal -0.185755 -0.111339 0.976268
    outer loop
      vertex -3.9402 -2.10608 8.22649
      vertex -4.18786 -2.79824 8.10043
      vertex -3.71479 -2.48215 8.22649
    endloop
  endfacet
  facet normal -0.185757 -0.111338 0.976267
    outer loop
      vertex -3.9402 -2.10608 8.22649
      vertex -4.44197 -2.37428 8.10043
      vertex -4.18786 -2.79824 8.10043
    endloop
  endfacet
  facet normal -0.0662872 0.0893823 0.993789
    outer loop
      vertex -1.40374 2.10085 8.50663
      vertex -2.03429 2.47878 8.43058
      vertex -1.6029 1.95315 8.50663
    endloop
  endfacet
  facet normal -0.074732 0.0824516 0.993789
    outer loop
      vertex -2.03429 2.47878 8.43058
      vertex -2.26745 2.26745 8.43058
      vertex -1.6029 1.95315 8.50663
    endloop
  endfacet
  facet normal -0.0475753 0.100596 0.993789
    outer loop
      vertex -0.966916 2.33434 8.50663
      vertex -1.22714 2.96257 8.43058
      vertex -1.19107 2.22833 8.50663
    endloop
  endfacet
  facet normal -0.0572121 0.0954448 0.993789
    outer loop
      vertex -1.19107 2.22833 8.50663
      vertex -1.78153 2.66624 8.43058
      vertex -1.40374 2.10085 8.50663
    endloop
  endfacet
  facet normal -0.0275319 0.0769407 0.996655
    outer loop
      vertex -0.733455 2.41788 8.50663
      vertex -0.966916 2.33434 8.50663
      vertex -0.529 1.74388 8.56431
    endloop
  endfacet
  facet normal -0.0198533 0.07927 0.996655
    outer loop
      vertex -0.492929 2.47812 8.50663
      vertex -0.733455 2.41788 8.50663
      vertex -0.529 1.74388 8.56431
    endloop
  endfacet
  facet normal -0.00701678 0.142838 0.989721
    outer loop
      vertex 0 3.20666 8.43058
      vertex -0.377932 3.8372 8.3369
      vertex -0.314307 3.19122 8.43058
    endloop
  endfacet
  facet normal -0.00545989 0.111145 0.993789
    outer loop
      vertex 0 3.20666 8.43058
      vertex -0.314307 3.19122 8.43058
      vertex 0 2.52667 8.50663
    endloop
  endfacet
  facet normal -0.0598826 0.167367 0.984074
    outer loop
      vertex -1.29692 4.27536 8.22649
      vertex -1.70973 4.12766 8.22649
      vertex -1.47554 3.56227 8.3369
    endloop
  endfacet
  facet normal -0.0431936 0.172428 0.984075
    outer loop
      vertex -0.871614 4.3819 8.22649
      vertex -1.29692 4.27536 8.22649
      vertex -0.752223 3.78168 8.3369
    endloop
  endfacet
  facet normal -0.0270415 0.107945 0.993789
    outer loop
      vertex -0.625588 3.14505 8.43058
      vertex -0.930844 3.06858 8.43058
      vertex -0.733455 2.41788 8.50663
    endloop
  endfacet
  facet normal -0.0611438 0.12928 0.989721
    outer loop
      vertex -1.47554 3.56227 8.3369
      vertex -1.8176 3.40049 8.3369
      vertex -1.22714 2.96257 8.43058
    endloop
  endfacet
  facet normal -0.0572087 0.0954493 0.993789
    outer loop
      vertex -1.51161 2.82802 8.43058
      vertex -1.78153 2.66624 8.43058
      vertex -1.19107 2.22833 8.50663
    endloop
  endfacet
  facet normal -0.0735196 0.122663 0.989722
    outer loop
      vertex -1.51161 2.82802 8.43058
      vertex -1.8176 3.40049 8.3369
      vertex -1.78153 2.66624 8.43058
    endloop
  endfacet
  facet normal -0.0229568 -0.0485398 0.998557
    outer loop
      vertex -0.518762 -0.970535 8.60308
      vertex -0.85905 -1.60717 8.56431
      vertex -0.697383 -1.68363 8.56431
    endloop
  endfacet
  facet normal -0.0349382 -0.0738733 0.996655
    outer loop
      vertex -0.85905 -1.60717 8.56431
      vertex -0.966916 -2.33434 8.50663
      vertex -0.697383 -1.68363 8.56431
    endloop
  endfacet
  facet normal -0.0397849 -0.0360589 0.998557
    outer loop
      vertex -0.778155 -0.778155 8.60308
      vertex -1.4087 -1.15609 8.56431
      vertex -1.2886 -1.2886 8.56431
    endloop
  endfacet
  facet normal -0.0605498 -0.0548791 0.996655
    outer loop
      vertex -1.4087 -1.15609 8.56431
      vertex -1.78663 -1.78663 8.50663
      vertex -1.2886 -1.2886 8.56431
    endloop
  endfacet
  facet normal -0.387099 -0.232012 0.89237
    outer loop
      vertex -5.34881 -3.57396 7.64106
      vertex -5.97935 -3.19603 7.4658
      vertex -5.6373 -3.76672 7.4658
    endloop
  endfacet
  facet normal -0.468788 -0.280974 0.837431
    outer loop
      vertex -5.6373 -3.76672 7.4658
      vertex -5.97935 -3.19603 7.4658
      vertex -5.87149 -3.9232 7.2822
    endloop
  endfacet
  facet normal 0.00872377 0.177544 0.984074
    outer loop
      vertex 0 4.46774 8.22649
      vertex 0 3.85577 8.3369
      vertex 0.377932 3.8372 8.3369
    endloop
  endfacet
  facet normal -0.00872377 0.177544 0.984074
    outer loop
      vertex 0 4.46774 8.22649
      vertex -0.377932 3.8372 8.3369
      vertex 0 3.85577 8.3369
    endloop
  endfacet
  facet normal -0.0209822 0.141464 0.989721
    outer loop
      vertex -0.314307 3.19122 8.43058
      vertex -0.752223 3.78168 8.3369
      vertex -0.625588 3.14505 8.43058
    endloop
  endfacet
  facet normal -0.0209837 0.141463 0.989721
    outer loop
      vertex -0.377932 3.8372 8.3369
      vertex -0.752223 3.78168 8.3369
      vertex -0.314307 3.19122 8.43058
    endloop
  endfacet
  facet normal -0.034752 0.138725 0.989721
    outer loop
      vertex -0.752223 3.78168 8.3369
      vertex -0.930844 3.06858 8.43058
      vertex -0.625588 3.14505 8.43058
    endloop
  endfacet
  facet normal -0.0481758 0.134651 0.989721
    outer loop
      vertex -1.11927 3.68974 8.3369
      vertex -1.22714 2.96257 8.43058
      vertex -0.930844 3.06858 8.43058
    endloop
  endfacet
  facet normal -0.0431913 0.17243 0.984074
    outer loop
      vertex -0.752223 3.78168 8.3369
      vertex -1.29692 4.27536 8.22649
      vertex -1.11927 3.68974 8.3369
    endloop
  endfacet
  facet normal -0.0598824 0.167367 0.984074
    outer loop
      vertex -1.29692 4.27536 8.22649
      vertex -1.47554 3.56227 8.3369
      vertex -1.11927 3.68974 8.3369
    endloop
  endfacet
endsolid OpenSCAD_Model
