solid OpenSCAD_Model
  facet normal 1 -0 0
    outer loop
      vertex 17.35 -12.75 4
      vertex 17.35 12.75 2
      vertex 17.35 12.75 4
    endloop
  endfacet
  facet normal 1 0 0
    outer loop
      vertex 17.35 12.75 2
      vertex 17.35 -12.75 4
      vertex 17.35 -12.75 2
    endloop
  endfacet
  facet normal 0 0 1
    outer loop
      vertex 17.35 12.75 4
      vertex 16.15 11.55 4
      vertex 17.35 -12.75 4
    endloop
  endfacet
  facet normal -0 0 1
    outer loop
      vertex -59.55 12.75 4
      vertex 16.15 11.55 4
      vertex 17.35 12.75 4
    endloop
  endfacet
  facet normal 0 0 1
    outer loop
      vertex 16.15 11.55 4
      vertex -59.55 12.75 4
      vertex -59.55 11.55 4
    endloop
  endfacet
  facet normal -0 0 1
    outer loop
      vertex 16.15 -11.55 4
      vertex 17.35 -12.75 4
      vertex 16.15 11.55 4
    endloop
  endfacet
  facet normal 0 0 1
    outer loop
      vertex -59.55 -12.75 4
      vertex 16.15 -11.55 4
      vertex -59.55 -11.55 4
    endloop
  endfacet
  facet normal 0 0 1
    outer loop
      vertex 16.15 -11.55 4
      vertex -59.55 -12.75 4
      vertex 17.35 -12.75 4
    endloop
  endfacet
  facet normal -1 0 0
    outer loop
      vertex -59.55 11.55 2
      vertex -59.55 12.75 4
      vertex -59.55 12.75 2
    endloop
  endfacet
  facet normal -1 -0 0
    outer loop
      vertex -59.55 12.75 4
      vertex -59.55 11.55 2
      vertex -59.55 11.55 4
    endloop
  endfacet
  facet normal -1 0 0
    outer loop
      vertex -59.55 -12.75 2
      vertex -59.55 -11.55 4
      vertex -59.55 -11.55 2
    endloop
  endfacet
  facet normal -1 -0 0
    outer loop
      vertex -59.55 -11.55 4
      vertex -59.55 -12.75 2
      vertex -59.55 -12.75 4
    endloop
  endfacet
  facet normal 0 -1 0
    outer loop
      vertex -59.55 -12.75 2
      vertex 17.35 -12.75 4
      vertex -59.55 -12.75 4
    endloop
  endfacet
  facet normal 0 -1 -0
    outer loop
      vertex 17.35 -12.75 4
      vertex -59.55 -12.75 2
      vertex 17.35 -12.75 2
    endloop
  endfacet
  facet normal 0 1 -0
    outer loop
      vertex 17.35 12.75 2
      vertex -59.55 12.75 4
      vertex 17.35 12.75 4
    endloop
  endfacet
  facet normal 0 1 0
    outer loop
      vertex -59.55 12.75 4
      vertex 17.35 12.75 2
      vertex -59.55 12.75 2
    endloop
  endfacet
  facet normal -1 0 0
    outer loop
      vertex 16.15 -11.55 2
      vertex 16.15 11.55 4
      vertex 16.15 11.55 2
    endloop
  endfacet
  facet normal -1 -0 0
    outer loop
      vertex 16.15 11.55 4
      vertex 16.15 -11.55 2
      vertex 16.15 -11.55 4
    endloop
  endfacet
  facet normal 0 1 -0
    outer loop
      vertex 16.15 -11.55 2
      vertex -59.55 -11.55 4
      vertex 16.15 -11.55 4
    endloop
  endfacet
  facet normal 0 1 0
    outer loop
      vertex -59.55 -11.55 4
      vertex 16.15 -11.55 2
      vertex -59.55 -11.55 2
    endloop
  endfacet
  facet normal 0 -1 0
    outer loop
      vertex -59.55 11.55 2
      vertex 16.15 11.55 4
      vertex -59.55 11.55 4
    endloop
  endfacet
  facet normal 0 -1 -0
    outer loop
      vertex 16.15 11.55 4
      vertex -59.55 11.55 2
      vertex 16.15 11.55 2
    endloop
  endfacet
  facet normal 0.514196 0.857673 -0
    outer loop
      vertex 23.1611 14.3129 3.8147e-07
      vertex 22.9928 14.4138 2
      vertex 23.1611 14.3129 2
    endloop
  endfacet
  facet normal 0.514196 0.857673 0
    outer loop
      vertex 22.9928 14.4138 2
      vertex 23.1611 14.3129 3.8147e-07
      vertex 22.9928 14.4138 3.8147e-07
    endloop
  endfacet
  facet normal 0.857673 -0.514196 0
    outer loop
      vertex 23.7129 -13.7611 2
      vertex 23.8138 -13.5928 3.8147e-07
      vertex 23.8138 -13.5928 2
    endloop
  endfacet
  facet normal 0.857673 -0.514196 0
    outer loop
      vertex 23.8138 -13.5928 3.8147e-07
      vertex 23.7129 -13.7611 2
      vertex 23.7129 -13.7611 3.8147e-07
    endloop
  endfacet
  facet normal 0.9038 -0.427955 0
    outer loop
      vertex 23.8138 -13.5928 2
      vertex 23.8978 -13.4154 3.8147e-07
      vertex 23.8978 -13.4154 2
    endloop
  endfacet
  facet normal 0.9038 -0.427955 0
    outer loop
      vertex 23.8978 -13.4154 3.8147e-07
      vertex 23.8138 -13.5928 2
      vertex 23.8138 -13.5928 3.8147e-07
    endloop
  endfacet
  facet normal 0.671607 0.740908 -0
    outer loop
      vertex 23.4642 14.0642 3.8147e-07
      vertex 23.3188 14.196 2
      vertex 23.4642 14.0642 2
    endloop
  endfacet
  facet normal 0.671607 0.740908 0
    outer loop
      vertex 23.3188 14.196 2
      vertex 23.4642 14.0642 3.8147e-07
      vertex 23.3188 14.196 3.8147e-07
    endloop
  endfacet
  facet normal 1 0 0
    outer loop
      vertex 24.05 12.65 2
      vertex 24.05 0.749029 3.8147e-07
      vertex 24.05 12.65 3.8147e-07
    endloop
  endfacet
  facet normal 1 0 0
    outer loop
      vertex 24.05 12.65 2
      vertex 24.05 0.636519 0.0275418
      vertex 24.05 0.749029 3.8147e-07
    endloop
  endfacet
  facet normal 1 0 0
    outer loop
      vertex 24.05 12.65 2
      vertex 24.05 0.323882 0.073758
      vertex 24.05 0.636519 0.0275418
    endloop
  endfacet
  facet normal 1 0 0
    outer loop
      vertex 24.05 12.65 2
      vertex 24.05 0.315172 0.0750456
      vertex 24.05 0.323882 0.073758
    endloop
  endfacet
  facet normal 1 0 0
    outer loop
      vertex 24.05 12.65 2
      vertex 24.05 0.0103613 0.0901134
      vertex 24.05 0.315172 0.0750456
    endloop
  endfacet
  facet normal 1 0 0
    outer loop
      vertex 24.05 12.65 2
      vertex 24.05 0 0.0906256
      vertex 24.05 0.0103613 0.0901134
    endloop
  endfacet
  facet normal 1 -0 0
    outer loop
      vertex 24.05 -12.65 2
      vertex 24.05 0 0.0906256
      vertex 24.05 12.65 2
    endloop
  endfacet
  facet normal 1 0 0
    outer loop
      vertex 24.05 0 0.0906256
      vertex 24.05 -12.65 2
      vertex 24.05 -0.0103613 0.0901134
    endloop
  endfacet
  facet normal 1 0 0
    outer loop
      vertex 24.05 -0.0103613 0.0901134
      vertex 24.05 -12.65 2
      vertex 24.05 -0.315172 0.0750456
    endloop
  endfacet
  facet normal 1 0 0
    outer loop
      vertex 24.05 -0.315172 0.0750456
      vertex 24.05 -12.65 2
      vertex 24.05 -0.323882 0.073758
    endloop
  endfacet
  facet normal 1 0 0
    outer loop
      vertex 24.05 -0.323882 0.073758
      vertex 24.05 -12.65 2
      vertex 24.05 -0.636519 0.0275418
    endloop
  endfacet
  facet normal 1 0 0
    outer loop
      vertex 24.05 -12.65 2
      vertex 24.05 -0.749029 3.8147e-07
      vertex 24.05 -0.636519 0.0275418
    endloop
  endfacet
  facet normal 1 0 0
    outer loop
      vertex 24.05 -0.749029 3.8147e-07
      vertex 24.05 -12.65 2
      vertex 24.05 -12.65 3.8147e-07
    endloop
  endfacet
  facet normal 0.427955 0.9038 -0
    outer loop
      vertex 22.9928 14.4138 3.8147e-07
      vertex 22.8154 14.4978 2
      vertex 22.9928 14.4138 2
    endloop
  endfacet
  facet normal 0.427955 0.9038 0
    outer loop
      vertex 22.8154 14.4978 2
      vertex 22.9928 14.4138 3.8147e-07
      vertex 22.8154 14.4978 3.8147e-07
    endloop
  endfacet
  facet normal 0.336788 0.94158 -0
    outer loop
      vertex 22.8154 14.4978 3.8147e-07
      vertex 22.6306 14.5639 2
      vertex 22.8154 14.4978 2
    endloop
  endfacet
  facet normal 0.336788 0.94158 0
    outer loop
      vertex 22.6306 14.5639 2
      vertex 22.8154 14.4978 3.8147e-07
      vertex 22.6306 14.5639 3.8147e-07
    endloop
  endfacet
  facet normal -0.0489209 -0.998803 0
    outer loop
      vertex -61.846 -14.6404 3.8147e-07
      vertex -61.65 -14.65 2
      vertex -61.846 -14.6404 2
    endloop
  endfacet
  facet normal -0.0489209 -0.998803 -0
    outer loop
      vertex -61.65 -14.65 2
      vertex -61.846 -14.6404 3.8147e-07
      vertex -61.65 -14.65 3.8147e-07
    endloop
  endfacet
  facet normal 0.595508 0.80335 -0
    outer loop
      vertex 23.3188 14.196 3.8147e-07
      vertex 23.1611 14.3129 2
      vertex 23.3188 14.196 2
    endloop
  endfacet
  facet normal 0.595508 0.80335 0
    outer loop
      vertex 23.1611 14.3129 2
      vertex 23.3188 14.196 3.8147e-07
      vertex 23.1611 14.3129 3.8147e-07
    endloop
  endfacet
  facet normal -0.336788 -0.94158 0
    outer loop
      vertex -62.4154 -14.4978 3.8147e-07
      vertex -62.2306 -14.5639 2
      vertex -62.4154 -14.4978 2
    endloop
  endfacet
  facet normal -0.336788 -0.94158 -0
    outer loop
      vertex -62.2306 -14.5639 2
      vertex -62.4154 -14.4978 3.8147e-07
      vertex -62.2306 -14.5639 3.8147e-07
    endloop
  endfacet
  facet normal 0.146696 0.989182 -0
    outer loop
      vertex 22.4402 14.6116 3.8147e-07
      vertex 22.246 14.6404 2
      vertex 22.4402 14.6116 2
    endloop
  endfacet
  facet normal 0.146696 0.989182 0
    outer loop
      vertex 22.246 14.6404 2
      vertex 22.4402 14.6116 3.8147e-07
      vertex 22.246 14.6404 3.8147e-07
    endloop
  endfacet
  facet normal -0.970023 -0.243015 0
    outer loop
      vertex -63.5639 -13.2306 3.8147e-07
      vertex -63.6116 -13.0402 2
      vertex -63.6116 -13.0402 3.8147e-07
    endloop
  endfacet
  facet normal -0.970023 -0.243015 0
    outer loop
      vertex -63.6116 -13.0402 2
      vertex -63.5639 -13.2306 3.8147e-07
      vertex -63.5639 -13.2306 2
    endloop
  endfacet
  facet normal 0.243015 0.970023 -0
    outer loop
      vertex 22.6306 14.5639 3.8147e-07
      vertex 22.4402 14.6116 2
      vertex 22.6306 14.5639 2
    endloop
  endfacet
  facet normal 0.243015 0.970023 0
    outer loop
      vertex 22.4402 14.6116 2
      vertex 22.6306 14.5639 3.8147e-07
      vertex 22.4402 14.6116 3.8147e-07
    endloop
  endfacet
  facet normal 0.989182 -0.146696 0
    outer loop
      vertex 24.0116 -13.0402 2
      vertex 24.0404 -12.846 3.8147e-07
      vertex 24.0404 -12.846 2
    endloop
  endfacet
  facet normal 0.989182 -0.146696 0
    outer loop
      vertex 24.0404 -12.846 3.8147e-07
      vertex 24.0116 -13.0402 2
      vertex 24.0116 -13.0402 3.8147e-07
    endloop
  endfacet
  facet normal 0 1 -0
    outer loop
      vertex 22.05 14.65 3.8147e-07
      vertex -61.65 14.65 2
      vertex 22.05 14.65 2
    endloop
  endfacet
  facet normal 0 1 0
    outer loop
      vertex -61.65 14.65 2
      vertex 22.05 14.65 3.8147e-07
      vertex -61.65 14.65 3.8147e-07
    endloop
  endfacet
  facet normal -0.857673 -0.514196 0
    outer loop
      vertex -63.3129 -13.7611 3.8147e-07
      vertex -63.4138 -13.5928 2
      vertex -63.4138 -13.5928 3.8147e-07
    endloop
  endfacet
  facet normal -0.857673 -0.514196 0
    outer loop
      vertex -63.4138 -13.5928 2
      vertex -63.3129 -13.7611 3.8147e-07
      vertex -63.3129 -13.7611 2
    endloop
  endfacet
  facet normal -0.0489209 0.998803 0
    outer loop
      vertex -61.65 14.65 3.8147e-07
      vertex -61.846 14.6404 2
      vertex -61.65 14.65 2
    endloop
  endfacet
  facet normal -0.0489209 0.998803 0
    outer loop
      vertex -61.846 14.6404 2
      vertex -61.65 14.65 3.8147e-07
      vertex -61.846 14.6404 3.8147e-07
    endloop
  endfacet
  facet normal -0.146696 -0.989182 0
    outer loop
      vertex -62.0402 -14.6116 3.8147e-07
      vertex -61.846 -14.6404 2
      vertex -62.0402 -14.6116 2
    endloop
  endfacet
  facet normal -0.146696 -0.989182 -0
    outer loop
      vertex -61.846 -14.6404 2
      vertex -62.0402 -14.6116 3.8147e-07
      vertex -61.846 -14.6404 3.8147e-07
    endloop
  endfacet
  facet normal 0.80335 -0.595508 0
    outer loop
      vertex 23.596 -13.9188 2
      vertex 23.7129 -13.7611 3.8147e-07
      vertex 23.7129 -13.7611 2
    endloop
  endfacet
  facet normal 0.80335 -0.595508 0
    outer loop
      vertex 23.7129 -13.7611 3.8147e-07
      vertex 23.596 -13.9188 2
      vertex 23.596 -13.9188 3.8147e-07
    endloop
  endfacet
  facet normal -0.671607 0.740908 0
    outer loop
      vertex -62.9188 14.196 3.8147e-07
      vertex -63.0642 14.0642 2
      vertex -62.9188 14.196 2
    endloop
  endfacet
  facet normal -0.671607 0.740908 0
    outer loop
      vertex -63.0642 14.0642 2
      vertex -62.9188 14.196 3.8147e-07
      vertex -63.0642 14.0642 3.8147e-07
    endloop
  endfacet
  facet normal 0.243015 -0.970023 0
    outer loop
      vertex 22.4402 -14.6116 3.8147e-07
      vertex 22.6306 -14.5639 2
      vertex 22.4402 -14.6116 2
    endloop
  endfacet
  facet normal 0.243015 -0.970023 0
    outer loop
      vertex 22.6306 -14.5639 2
      vertex 22.4402 -14.6116 3.8147e-07
      vertex 22.6306 -14.5639 3.8147e-07
    endloop
  endfacet
  facet normal -0.427955 -0.9038 0
    outer loop
      vertex -62.5928 -14.4138 3.8147e-07
      vertex -62.4154 -14.4978 2
      vertex -62.5928 -14.4138 2
    endloop
  endfacet
  facet normal -0.427955 -0.9038 -0
    outer loop
      vertex -62.4154 -14.4978 2
      vertex -62.5928 -14.4138 3.8147e-07
      vertex -62.4154 -14.4978 3.8147e-07
    endloop
  endfacet
  facet normal -0.740908 0.671607 0
    outer loop
      vertex -63.196 13.9188 3.8147e-07
      vertex -63.0642 14.0642 2
      vertex -63.0642 14.0642 3.8147e-07
    endloop
  endfacet
  facet normal -0.740908 0.671607 0
    outer loop
      vertex -63.0642 14.0642 2
      vertex -63.196 13.9188 3.8147e-07
      vertex -63.196 13.9188 2
    endloop
  endfacet
  facet normal -1 0 0
    outer loop
      vertex -63.65 -12.65 3.8147e-07
      vertex -63.65 12.65 2
      vertex -63.65 12.65 3.8147e-07
    endloop
  endfacet
  facet normal -1 -0 0
    outer loop
      vertex -63.65 12.65 2
      vertex -63.65 -12.65 3.8147e-07
      vertex -63.65 -12.65 2
    endloop
  endfacet
  facet normal -0.243015 0.970023 0
    outer loop
      vertex -62.0402 14.6116 3.8147e-07
      vertex -62.2306 14.5639 2
      vertex -62.0402 14.6116 2
    endloop
  endfacet
  facet normal -0.243015 0.970023 0
    outer loop
      vertex -62.2306 14.5639 2
      vertex -62.0402 14.6116 3.8147e-07
      vertex -62.2306 14.5639 3.8147e-07
    endloop
  endfacet
  facet normal 0.989182 0.146696 0
    outer loop
      vertex 24.0404 12.846 2
      vertex 24.0116 13.0402 3.8147e-07
      vertex 24.0116 13.0402 2
    endloop
  endfacet
  facet normal 0.989182 0.146696 0
    outer loop
      vertex 24.0116 13.0402 3.8147e-07
      vertex 24.0404 12.846 2
      vertex 24.0404 12.846 3.8147e-07
    endloop
  endfacet
  facet normal 0.146696 -0.989182 0
    outer loop
      vertex 22.246 -14.6404 3.8147e-07
      vertex 22.4402 -14.6116 2
      vertex 22.246 -14.6404 2
    endloop
  endfacet
  facet normal 0.146696 -0.989182 0
    outer loop
      vertex 22.4402 -14.6116 2
      vertex 22.246 -14.6404 3.8147e-07
      vertex 22.4402 -14.6116 3.8147e-07
    endloop
  endfacet
  facet normal -0.998803 -0.0489209 0
    outer loop
      vertex -63.6404 -12.846 3.8147e-07
      vertex -63.65 -12.65 2
      vertex -63.65 -12.65 3.8147e-07
    endloop
  endfacet
  facet normal -0.998803 -0.0489209 0
    outer loop
      vertex -63.65 -12.65 2
      vertex -63.6404 -12.846 3.8147e-07
      vertex -63.6404 -12.846 2
    endloop
  endfacet
  facet normal 0 -1 0
    outer loop
      vertex -61.65 -14.65 3.8147e-07
      vertex 22.05 -14.65 2
      vertex -61.65 -14.65 2
    endloop
  endfacet
  facet normal 0 -1 -0
    outer loop
      vertex 22.05 -14.65 2
      vertex -61.65 -14.65 3.8147e-07
      vertex 22.05 -14.65 3.8147e-07
    endloop
  endfacet
  facet normal 0.0489209 -0.998803 0
    outer loop
      vertex 22.05 -14.65 3.8147e-07
      vertex 22.246 -14.6404 2
      vertex 22.05 -14.65 2
    endloop
  endfacet
  facet normal 0.0489209 -0.998803 0
    outer loop
      vertex 22.246 -14.6404 2
      vertex 22.05 -14.65 3.8147e-07
      vertex 22.246 -14.6404 3.8147e-07
    endloop
  endfacet
  facet normal -0.146696 0.989182 0
    outer loop
      vertex -61.846 14.6404 3.8147e-07
      vertex -62.0402 14.6116 2
      vertex -61.846 14.6404 2
    endloop
  endfacet
  facet normal -0.146696 0.989182 0
    outer loop
      vertex -62.0402 14.6116 2
      vertex -61.846 14.6404 3.8147e-07
      vertex -62.0402 14.6116 3.8147e-07
    endloop
  endfacet
  facet normal -0.595508 0.80335 0
    outer loop
      vertex -62.7611 14.3129 3.8147e-07
      vertex -62.9188 14.196 2
      vertex -62.7611 14.3129 2
    endloop
  endfacet
  facet normal -0.595508 0.80335 0
    outer loop
      vertex -62.9188 14.196 2
      vertex -62.7611 14.3129 3.8147e-07
      vertex -62.9188 14.196 3.8147e-07
    endloop
  endfacet
  facet normal 0.998803 -0.0489209 0
    outer loop
      vertex 24.0404 -12.846 2
      vertex 24.05 -12.65 3.8147e-07
      vertex 24.05 -12.65 2
    endloop
  endfacet
  facet normal 0.998803 -0.0489209 0
    outer loop
      vertex 24.05 -12.65 3.8147e-07
      vertex 24.0404 -12.846 2
      vertex 24.0404 -12.846 3.8147e-07
    endloop
  endfacet
  facet normal 0.740908 0.671607 0
    outer loop
      vertex 23.596 13.9188 2
      vertex 23.4642 14.0642 3.8147e-07
      vertex 23.4642 14.0642 2
    endloop
  endfacet
  facet normal 0.740908 0.671607 0
    outer loop
      vertex 23.4642 14.0642 3.8147e-07
      vertex 23.596 13.9188 2
      vertex 23.596 13.9188 3.8147e-07
    endloop
  endfacet
  facet normal -0.514196 0.857673 0
    outer loop
      vertex -62.5928 14.4138 3.8147e-07
      vertex -62.7611 14.3129 2
      vertex -62.5928 14.4138 2
    endloop
  endfacet
  facet normal -0.514196 0.857673 0
    outer loop
      vertex -62.7611 14.3129 2
      vertex -62.5928 14.4138 3.8147e-07
      vertex -62.7611 14.3129 3.8147e-07
    endloop
  endfacet
  facet normal -0.80335 0.595508 0
    outer loop
      vertex -63.3129 13.7611 3.8147e-07
      vertex -63.196 13.9188 2
      vertex -63.196 13.9188 3.8147e-07
    endloop
  endfacet
  facet normal -0.80335 0.595508 0
    outer loop
      vertex -63.196 13.9188 2
      vertex -63.3129 13.7611 3.8147e-07
      vertex -63.3129 13.7611 2
    endloop
  endfacet
  facet normal -0.857673 0.514196 0
    outer loop
      vertex -63.4138 13.5928 3.8147e-07
      vertex -63.3129 13.7611 2
      vertex -63.3129 13.7611 3.8147e-07
    endloop
  endfacet
  facet normal -0.857673 0.514196 0
    outer loop
      vertex -63.3129 13.7611 2
      vertex -63.4138 13.5928 3.8147e-07
      vertex -63.4138 13.5928 2
    endloop
  endfacet
  facet normal -0.740908 -0.671607 0
    outer loop
      vertex -63.0642 -14.0642 3.8147e-07
      vertex -63.196 -13.9188 2
      vertex -63.196 -13.9188 3.8147e-07
    endloop
  endfacet
  facet normal -0.740908 -0.671607 0
    outer loop
      vertex -63.196 -13.9188 2
      vertex -63.0642 -14.0642 3.8147e-07
      vertex -63.0642 -14.0642 2
    endloop
  endfacet
  facet normal -0.80335 -0.595508 0
    outer loop
      vertex -63.196 -13.9188 3.8147e-07
      vertex -63.3129 -13.7611 2
      vertex -63.3129 -13.7611 3.8147e-07
    endloop
  endfacet
  facet normal -0.80335 -0.595508 0
    outer loop
      vertex -63.3129 -13.7611 2
      vertex -63.196 -13.9188 3.8147e-07
      vertex -63.196 -13.9188 2
    endloop
  endfacet
  facet normal 0.336788 -0.94158 0
    outer loop
      vertex 22.6306 -14.5639 3.8147e-07
      vertex 22.8154 -14.4978 2
      vertex 22.6306 -14.5639 2
    endloop
  endfacet
  facet normal 0.336788 -0.94158 0
    outer loop
      vertex 22.8154 -14.4978 2
      vertex 22.6306 -14.5639 3.8147e-07
      vertex 22.8154 -14.4978 3.8147e-07
    endloop
  endfacet
  facet normal -0.94158 0.336788 0
    outer loop
      vertex -63.5639 13.2306 3.8147e-07
      vertex -63.4978 13.4154 2
      vertex -63.4978 13.4154 3.8147e-07
    endloop
  endfacet
  facet normal -0.94158 0.336788 0
    outer loop
      vertex -63.4978 13.4154 2
      vertex -63.5639 13.2306 3.8147e-07
      vertex -63.5639 13.2306 2
    endloop
  endfacet
  facet normal -0.94158 -0.336788 0
    outer loop
      vertex -63.4978 -13.4154 3.8147e-07
      vertex -63.5639 -13.2306 2
      vertex -63.5639 -13.2306 3.8147e-07
    endloop
  endfacet
  facet normal -0.94158 -0.336788 0
    outer loop
      vertex -63.5639 -13.2306 2
      vertex -63.4978 -13.4154 3.8147e-07
      vertex -63.4978 -13.4154 2
    endloop
  endfacet
  facet normal -0.9038 -0.427955 0
    outer loop
      vertex -63.4138 -13.5928 3.8147e-07
      vertex -63.4978 -13.4154 2
      vertex -63.4978 -13.4154 3.8147e-07
    endloop
  endfacet
  facet normal -0.9038 -0.427955 0
    outer loop
      vertex -63.4978 -13.4154 2
      vertex -63.4138 -13.5928 3.8147e-07
      vertex -63.4138 -13.5928 2
    endloop
  endfacet
  facet normal -0.427955 0.9038 0
    outer loop
      vertex -62.4154 14.4978 3.8147e-07
      vertex -62.5928 14.4138 2
      vertex -62.4154 14.4978 2
    endloop
  endfacet
  facet normal -0.427955 0.9038 0
    outer loop
      vertex -62.5928 14.4138 2
      vertex -62.4154 14.4978 3.8147e-07
      vertex -62.5928 14.4138 3.8147e-07
    endloop
  endfacet
  facet normal 0.857673 0.514196 0
    outer loop
      vertex 23.8138 13.5928 2
      vertex 23.7129 13.7611 3.8147e-07
      vertex 23.7129 13.7611 2
    endloop
  endfacet
  facet normal 0.857673 0.514196 0
    outer loop
      vertex 23.7129 13.7611 3.8147e-07
      vertex 23.8138 13.5928 2
      vertex 23.8138 13.5928 3.8147e-07
    endloop
  endfacet
  facet normal -0.989182 -0.146696 0
    outer loop
      vertex -63.6116 -13.0402 3.8147e-07
      vertex -63.6404 -12.846 2
      vertex -63.6404 -12.846 3.8147e-07
    endloop
  endfacet
  facet normal -0.989182 -0.146696 0
    outer loop
      vertex -63.6404 -12.846 2
      vertex -63.6116 -13.0402 3.8147e-07
      vertex -63.6116 -13.0402 2
    endloop
  endfacet
  facet normal -0.9038 0.427955 0
    outer loop
      vertex -63.4978 13.4154 3.8147e-07
      vertex -63.4138 13.5928 2
      vertex -63.4138 13.5928 3.8147e-07
    endloop
  endfacet
  facet normal -0.9038 0.427955 0
    outer loop
      vertex -63.4138 13.5928 2
      vertex -63.4978 13.4154 3.8147e-07
      vertex -63.4978 13.4154 2
    endloop
  endfacet
  facet normal -0.989182 0.146696 0
    outer loop
      vertex -63.6404 12.846 3.8147e-07
      vertex -63.6116 13.0402 2
      vertex -63.6116 13.0402 3.8147e-07
    endloop
  endfacet
  facet normal -0.989182 0.146696 0
    outer loop
      vertex -63.6116 13.0402 2
      vertex -63.6404 12.846 3.8147e-07
      vertex -63.6404 12.846 2
    endloop
  endfacet
  facet normal 0.0489209 0.998803 -0
    outer loop
      vertex 22.246 14.6404 3.8147e-07
      vertex 22.05 14.65 2
      vertex 22.246 14.6404 2
    endloop
  endfacet
  facet normal 0.0489209 0.998803 0
    outer loop
      vertex 22.05 14.65 2
      vertex 22.246 14.6404 3.8147e-07
      vertex 22.05 14.65 3.8147e-07
    endloop
  endfacet
  facet normal -0.671607 -0.740908 0
    outer loop
      vertex -63.0642 -14.0642 3.8147e-07
      vertex -62.9188 -14.196 2
      vertex -63.0642 -14.0642 2
    endloop
  endfacet
  facet normal -0.671607 -0.740908 -0
    outer loop
      vertex -62.9188 -14.196 2
      vertex -63.0642 -14.0642 3.8147e-07
      vertex -62.9188 -14.196 3.8147e-07
    endloop
  endfacet
  facet normal -0.336788 0.94158 0
    outer loop
      vertex -62.2306 14.5639 3.8147e-07
      vertex -62.4154 14.4978 2
      vertex -62.2306 14.5639 2
    endloop
  endfacet
  facet normal -0.336788 0.94158 0
    outer loop
      vertex -62.4154 14.4978 2
      vertex -62.2306 14.5639 3.8147e-07
      vertex -62.4154 14.4978 3.8147e-07
    endloop
  endfacet
  facet normal 0.671607 -0.740908 0
    outer loop
      vertex 23.3188 -14.196 3.8147e-07
      vertex 23.4642 -14.0642 2
      vertex 23.3188 -14.196 2
    endloop
  endfacet
  facet normal 0.671607 -0.740908 0
    outer loop
      vertex 23.4642 -14.0642 2
      vertex 23.3188 -14.196 3.8147e-07
      vertex 23.4642 -14.0642 3.8147e-07
    endloop
  endfacet
  facet normal 0.427955 -0.9038 0
    outer loop
      vertex 22.8154 -14.4978 3.8147e-07
      vertex 22.9928 -14.4138 2
      vertex 22.8154 -14.4978 2
    endloop
  endfacet
  facet normal 0.427955 -0.9038 0
    outer loop
      vertex 22.9928 -14.4138 2
      vertex 22.8154 -14.4978 3.8147e-07
      vertex 22.9928 -14.4138 3.8147e-07
    endloop
  endfacet
  facet normal -0.998803 0.0489209 0
    outer loop
      vertex -63.65 12.65 3.8147e-07
      vertex -63.6404 12.846 2
      vertex -63.6404 12.846 3.8147e-07
    endloop
  endfacet
  facet normal -0.998803 0.0489209 0
    outer loop
      vertex -63.6404 12.846 2
      vertex -63.65 12.65 3.8147e-07
      vertex -63.65 12.65 2
    endloop
  endfacet
  facet normal 0.94158 0.336788 0
    outer loop
      vertex 23.9639 13.2306 2
      vertex 23.8978 13.4154 3.8147e-07
      vertex 23.8978 13.4154 2
    endloop
  endfacet
  facet normal 0.94158 0.336788 0
    outer loop
      vertex 23.8978 13.4154 3.8147e-07
      vertex 23.9639 13.2306 2
      vertex 23.9639 13.2306 3.8147e-07
    endloop
  endfacet
  facet normal 0.94158 -0.336788 0
    outer loop
      vertex 23.8978 -13.4154 2
      vertex 23.9639 -13.2306 3.8147e-07
      vertex 23.9639 -13.2306 2
    endloop
  endfacet
  facet normal 0.94158 -0.336788 0
    outer loop
      vertex 23.9639 -13.2306 3.8147e-07
      vertex 23.8978 -13.4154 2
      vertex 23.8978 -13.4154 3.8147e-07
    endloop
  endfacet
  facet normal 0.514196 -0.857673 0
    outer loop
      vertex 22.9928 -14.4138 3.8147e-07
      vertex 23.1611 -14.3129 2
      vertex 22.9928 -14.4138 2
    endloop
  endfacet
  facet normal 0.514196 -0.857673 0
    outer loop
      vertex 23.1611 -14.3129 2
      vertex 22.9928 -14.4138 3.8147e-07
      vertex 23.1611 -14.3129 3.8147e-07
    endloop
  endfacet
  facet normal 0.740908 -0.671607 0
    outer loop
      vertex 23.4642 -14.0642 2
      vertex 23.596 -13.9188 3.8147e-07
      vertex 23.596 -13.9188 2
    endloop
  endfacet
  facet normal 0.740908 -0.671607 0
    outer loop
      vertex 23.596 -13.9188 3.8147e-07
      vertex 23.4642 -14.0642 2
      vertex 23.4642 -14.0642 3.8147e-07
    endloop
  endfacet
  facet normal 0.80335 0.595508 0
    outer loop
      vertex 23.7129 13.7611 2
      vertex 23.596 13.9188 3.8147e-07
      vertex 23.596 13.9188 2
    endloop
  endfacet
  facet normal 0.80335 0.595508 0
    outer loop
      vertex 23.596 13.9188 3.8147e-07
      vertex 23.7129 13.7611 2
      vertex 23.7129 13.7611 3.8147e-07
    endloop
  endfacet
  facet normal -0.243015 -0.970023 0
    outer loop
      vertex -62.2306 -14.5639 3.8147e-07
      vertex -62.0402 -14.6116 2
      vertex -62.2306 -14.5639 2
    endloop
  endfacet
  facet normal -0.243015 -0.970023 -0
    outer loop
      vertex -62.0402 -14.6116 2
      vertex -62.2306 -14.5639 3.8147e-07
      vertex -62.0402 -14.6116 3.8147e-07
    endloop
  endfacet
  facet normal 0.9038 0.427955 0
    outer loop
      vertex 23.8978 13.4154 2
      vertex 23.8138 13.5928 3.8147e-07
      vertex 23.8138 13.5928 2
    endloop
  endfacet
  facet normal 0.9038 0.427955 0
    outer loop
      vertex 23.8138 13.5928 3.8147e-07
      vertex 23.8978 13.4154 2
      vertex 23.8978 13.4154 3.8147e-07
    endloop
  endfacet
  facet normal 0.970023 -0.243015 0
    outer loop
      vertex 23.9639 -13.2306 2
      vertex 24.0116 -13.0402 3.8147e-07
      vertex 24.0116 -13.0402 2
    endloop
  endfacet
  facet normal 0.970023 -0.243015 0
    outer loop
      vertex 24.0116 -13.0402 3.8147e-07
      vertex 23.9639 -13.2306 2
      vertex 23.9639 -13.2306 3.8147e-07
    endloop
  endfacet
  facet normal 0.970023 0.243015 0
    outer loop
      vertex 24.0116 13.0402 2
      vertex 23.9639 13.2306 3.8147e-07
      vertex 23.9639 13.2306 2
    endloop
  endfacet
  facet normal 0.970023 0.243015 0
    outer loop
      vertex 23.9639 13.2306 3.8147e-07
      vertex 24.0116 13.0402 2
      vertex 24.0116 13.0402 3.8147e-07
    endloop
  endfacet
  facet normal -0.970023 0.243015 0
    outer loop
      vertex -63.6116 13.0402 3.8147e-07
      vertex -63.5639 13.2306 2
      vertex -63.5639 13.2306 3.8147e-07
    endloop
  endfacet
  facet normal -0.970023 0.243015 0
    outer loop
      vertex -63.5639 13.2306 2
      vertex -63.6116 13.0402 3.8147e-07
      vertex -63.6116 13.0402 2
    endloop
  endfacet
  facet normal -0.595508 -0.80335 0
    outer loop
      vertex -62.9188 -14.196 3.8147e-07
      vertex -62.7611 -14.3129 2
      vertex -62.9188 -14.196 2
    endloop
  endfacet
  facet normal -0.595508 -0.80335 -0
    outer loop
      vertex -62.7611 -14.3129 2
      vertex -62.9188 -14.196 3.8147e-07
      vertex -62.7611 -14.3129 3.8147e-07
    endloop
  endfacet
  facet normal -0.514196 -0.857673 0
    outer loop
      vertex -62.7611 -14.3129 3.8147e-07
      vertex -62.5928 -14.4138 2
      vertex -62.7611 -14.3129 2
    endloop
  endfacet
  facet normal -0.514196 -0.857673 -0
    outer loop
      vertex -62.5928 -14.4138 2
      vertex -62.7611 -14.3129 3.8147e-07
      vertex -62.5928 -14.4138 3.8147e-07
    endloop
  endfacet
  facet normal 0.595508 -0.80335 0
    outer loop
      vertex 23.1611 -14.3129 3.8147e-07
      vertex 23.3188 -14.196 2
      vertex 23.1611 -14.3129 2
    endloop
  endfacet
  facet normal 0.595508 -0.80335 0
    outer loop
      vertex 23.3188 -14.196 2
      vertex 23.1611 -14.3129 3.8147e-07
      vertex 23.3188 -14.196 3.8147e-07
    endloop
  endfacet
  facet normal 0.998803 0.0489209 0
    outer loop
      vertex 24.05 12.65 2
      vertex 24.0404 12.846 3.8147e-07
      vertex 24.0404 12.846 2
    endloop
  endfacet
  facet normal 0.998803 0.0489209 0
    outer loop
      vertex 24.0404 12.846 3.8147e-07
      vertex 24.05 12.65 2
      vertex 24.05 12.65 3.8147e-07
    endloop
  endfacet
  facet normal 0 0 1
    outer loop
      vertex -61.949 -5.27792 2
      vertex -61.75 -7.5 2
      vertex -61.75 -5.54618 2
    endloop
  endfacet
  facet normal 0 0 1
    outer loop
      vertex -62.4283 -4.47827 2
      vertex -61.75 -7.5 2
      vertex -61.949 -5.27792 2
    endloop
  endfacet
  facet normal 0 0 1
    outer loop
      vertex -61.75 -7.5 2
      vertex -63.65 -12.65 2
      vertex -61.846 -14.6404 2
    endloop
  endfacet
  facet normal 0 0 1
    outer loop
      vertex -61.846 -14.6404 2
      vertex -63.65 -12.65 2
      vertex -62.0402 -14.6116 2
    endloop
  endfacet
  facet normal 0 0 1
    outer loop
      vertex -62.0402 -14.6116 2
      vertex -63.65 -12.65 2
      vertex -62.2306 -14.5639 2
    endloop
  endfacet
  facet normal 0 0 1
    outer loop
      vertex -61.75 -7.5 2
      vertex -62.4283 -4.47827 2
      vertex -63.65 -12.65 2
    endloop
  endfacet
  facet normal 0 0 1
    outer loop
      vertex -62.2306 -14.5639 2
      vertex -63.65 -12.65 2
      vertex -62.4154 -14.4978 2
    endloop
  endfacet
  facet normal 0 0 1
    outer loop
      vertex -62.4154 -14.4978 2
      vertex -63.65 -12.65 2
      vertex -62.5928 -14.4138 2
    endloop
  endfacet
  facet normal 0 0 1
    outer loop
      vertex -63.65 -12.65 2
      vertex -62.4283 -4.47827 2
      vertex -62.8269 -3.63549 2
    endloop
  endfacet
  facet normal 0 0 1
    outer loop
      vertex -62.5928 -14.4138 2
      vertex -63.65 -12.65 2
      vertex -62.7611 -14.3129 2
    endloop
  endfacet
  facet normal 0 0 1
    outer loop
      vertex -62.7611 -14.3129 2
      vertex -63.65 -12.65 2
      vertex -62.9188 -14.196 2
    endloop
  endfacet
  facet normal 0 0 1
    outer loop
      vertex -63.65 -12.65 2
      vertex -62.8269 -3.63549 2
      vertex -63.1409 -2.7577 2
    endloop
  endfacet
  facet normal 0 0 1
    outer loop
      vertex -62.9188 -14.196 2
      vertex -63.65 -12.65 2
      vertex -63.0642 -14.0642 2
    endloop
  endfacet
  facet normal 0 0 1
    outer loop
      vertex -63.0642 -14.0642 2
      vertex -63.65 -12.65 2
      vertex -63.196 -13.9188 2
    endloop
  endfacet
  facet normal 0 0 1
    outer loop
      vertex -63.65 -12.65 2
      vertex -63.1409 -2.7577 2
      vertex -63.3675 -1.85336 2
    endloop
  endfacet
  facet normal 0 0 1
    outer loop
      vertex -63.196 -13.9188 2
      vertex -63.65 -12.65 2
      vertex -63.3129 -13.7611 2
    endloop
  endfacet
  facet normal 0 0 1
    outer loop
      vertex -63.3129 -13.7611 2
      vertex -63.65 -12.65 2
      vertex -63.4138 -13.5928 2
    endloop
  endfacet
  facet normal 0 0 1
    outer loop
      vertex -63.65 -12.65 2
      vertex -63.3675 -1.85336 2
      vertex -63.5043 -0.931162 2
    endloop
  endfacet
  facet normal 0 0 1
    outer loop
      vertex -63.65 -12.65 2
      vertex -63.5043 -0.931162 2
      vertex -63.55 0 2
    endloop
  endfacet
  facet normal 0 0 1
    outer loop
      vertex -63.4138 -13.5928 2
      vertex -63.65 -12.65 2
      vertex -63.4978 -13.4154 2
    endloop
  endfacet
  facet normal 0 0 1
    outer loop
      vertex -63.5043 0.931162 2
      vertex -63.65 12.65 2
      vertex -63.55 0 2
    endloop
  endfacet
  facet normal 0 0 1
    outer loop
      vertex -63.65 12.65 2
      vertex -63.5639 13.2306 2
      vertex -63.6116 13.0402 2
    endloop
  endfacet
  facet normal 0 0 1
    outer loop
      vertex -63.65 -12.65 2
      vertex -63.55 0 2
      vertex -63.65 12.65 2
    endloop
  endfacet
  facet normal 0 0 1
    outer loop
      vertex -63.65 12.65 2
      vertex -63.6116 13.0402 2
      vertex -63.6404 12.846 2
    endloop
  endfacet
  facet normal 0 0 1
    outer loop
      vertex -63.4978 -13.4154 2
      vertex -63.65 -12.65 2
      vertex -63.5639 -13.2306 2
    endloop
  endfacet
  facet normal 0 0 1
    outer loop
      vertex -63.5639 -13.2306 2
      vertex -63.65 -12.65 2
      vertex -63.6116 -13.0402 2
    endloop
  endfacet
  facet normal 0 0 1
    outer loop
      vertex -63.6116 -13.0402 2
      vertex -63.65 -12.65 2
      vertex -63.6404 -12.846 2
    endloop
  endfacet
  facet normal 0 0 1
    outer loop
      vertex 22.05 14.65 2
      vertex 24.05 12.65 2
      vertex 24.0404 12.846 2
    endloop
  endfacet
  facet normal 0 0 1
    outer loop
      vertex 24.05 12.65 2
      vertex 22.55 0 2
      vertex 24.05 -12.65 2
    endloop
  endfacet
  facet normal 0 0 1
    outer loop
      vertex 22.05 14.65 2
      vertex 24.0404 12.846 2
      vertex 24.0116 13.0402 2
    endloop
  endfacet
  facet normal -0 0 1
    outer loop
      vertex 22.5418 -0.166629 2
      vertex 24.05 -12.65 2
      vertex 22.55 0 2
    endloop
  endfacet
  facet normal 0 0 1
    outer loop
      vertex 22.05 14.65 2
      vertex 24.0116 13.0402 2
      vertex 23.9639 13.2306 2
    endloop
  endfacet
  facet normal -0 0 1
    outer loop
      vertex 22.5173 -0.331653 2
      vertex 24.05 -12.65 2
      vertex 22.5418 -0.166629 2
    endloop
  endfacet
  facet normal 0 0 1
    outer loop
      vertex 22.05 14.65 2
      vertex 23.9639 13.2306 2
      vertex 23.8978 13.4154 2
    endloop
  endfacet
  facet normal -0 0 1
    outer loop
      vertex 22.4768 -0.493484 2
      vertex 24.05 -12.65 2
      vertex 22.5173 -0.331653 2
    endloop
  endfacet
  facet normal 0 0 1
    outer loop
      vertex 22.05 14.65 2
      vertex 23.8978 13.4154 2
      vertex 23.8138 13.5928 2
    endloop
  endfacet
  facet normal -0 0 1
    outer loop
      vertex 22.4206 -0.650561 2
      vertex 24.05 -12.65 2
      vertex 22.4768 -0.493484 2
    endloop
  endfacet
  facet normal 0 0 1
    outer loop
      vertex 22.05 14.65 2
      vertex 23.8138 13.5928 2
      vertex 23.7129 13.7611 2
    endloop
  endfacet
  facet normal -0 0 1
    outer loop
      vertex 22.3493 -0.801374 2
      vertex 24.05 -12.65 2
      vertex 22.4206 -0.650561 2
    endloop
  endfacet
  facet normal 0 0 1
    outer loop
      vertex 22.05 14.65 2
      vertex 23.7129 13.7611 2
      vertex 23.596 13.9188 2
    endloop
  endfacet
  facet normal -0 0 1
    outer loop
      vertex 22.2635 -0.944468 2
      vertex 24.05 -12.65 2
      vertex 22.3493 -0.801374 2
    endloop
  endfacet
  facet normal 0 0 1
    outer loop
      vertex 22.05 14.65 2
      vertex 23.596 13.9188 2
      vertex 23.4642 14.0642 2
    endloop
  endfacet
  facet normal -0 0 1
    outer loop
      vertex 22.1641 -1.07847 2
      vertex 24.05 -12.65 2
      vertex 22.2635 -0.944468 2
    endloop
  endfacet
  facet normal 0 0 1
    outer loop
      vertex 22.05 14.65 2
      vertex 23.4642 14.0642 2
      vertex 23.3188 14.196 2
    endloop
  endfacet
  facet normal -0 0 1
    outer loop
      vertex 22.0521 -1.20208 2
      vertex 24.05 -12.65 2
      vertex 22.1641 -1.07847 2
    endloop
  endfacet
  facet normal 0 0 1
    outer loop
      vertex 22.05 14.65 2
      vertex 23.3188 14.196 2
      vertex 23.1611 14.3129 2
    endloop
  endfacet
  facet normal -0 0 1
    outer loop
      vertex 21.9285 -1.31412 2
      vertex 24.05 -12.65 2
      vertex 22.0521 -1.20208 2
    endloop
  endfacet
  facet normal 0 0 1
    outer loop
      vertex 22.05 14.65 2
      vertex 23.1611 14.3129 2
      vertex 22.9928 14.4138 2
    endloop
  endfacet
  facet normal -0 0 1
    outer loop
      vertex 21.7945 -1.4135 2
      vertex 24.05 -12.65 2
      vertex 21.9285 -1.31412 2
    endloop
  endfacet
  facet normal 0 0 1
    outer loop
      vertex 22.05 14.65 2
      vertex 22.9928 14.4138 2
      vertex 22.8154 14.4978 2
    endloop
  endfacet
  facet normal -0 0 1
    outer loop
      vertex 21.6514 -1.49927 2
      vertex 24.05 -12.65 2
      vertex 21.7945 -1.4135 2
    endloop
  endfacet
  facet normal 0 0 1
    outer loop
      vertex 22.05 14.65 2
      vertex 22.8154 14.4978 2
      vertex 22.6306 14.5639 2
    endloop
  endfacet
  facet normal -0 0 1
    outer loop
      vertex 21.5006 -1.57059 2
      vertex 24.05 -12.65 2
      vertex 21.6514 -1.49927 2
    endloop
  endfacet
  facet normal -0 0 1
    outer loop
      vertex 21.3435 -1.6268 2
      vertex 24.05 -12.65 2
      vertex 21.5006 -1.57059 2
    endloop
  endfacet
  facet normal 0 0 1
    outer loop
      vertex 24.05 12.65 2
      vertex 22.5418 0.166629 2
      vertex 22.55 0 2
    endloop
  endfacet
  facet normal 0 0 1
    outer loop
      vertex 24.05 12.65 2
      vertex 22.5173 0.331653 2
      vertex 22.5418 0.166629 2
    endloop
  endfacet
  facet normal 0 0 1
    outer loop
      vertex 24.05 12.65 2
      vertex 22.4768 0.493484 2
      vertex 22.5173 0.331653 2
    endloop
  endfacet
  facet normal 0 0 1
    outer loop
      vertex 22.05 14.65 2
      vertex 22.6306 14.5639 2
      vertex 22.4402 14.6116 2
    endloop
  endfacet
  facet normal 0 0 1
    outer loop
      vertex 24.05 12.65 2
      vertex 22.4206 0.650561 2
      vertex 22.4768 0.493484 2
    endloop
  endfacet
  facet normal 0 0 1
    outer loop
      vertex 24.05 12.65 2
      vertex 22.3493 0.801374 2
      vertex 22.4206 0.650561 2
    endloop
  endfacet
  facet normal 0 0 1
    outer loop
      vertex 24.05 12.65 2
      vertex 22.2635 0.944468 2
      vertex 22.3493 0.801374 2
    endloop
  endfacet
  facet normal 0 0 1
    outer loop
      vertex 22.05 14.65 2
      vertex 22.4402 14.6116 2
      vertex 22.246 14.6404 2
    endloop
  endfacet
  facet normal 0 0 1
    outer loop
      vertex 24.05 12.65 2
      vertex 22.1641 1.07847 2
      vertex 22.2635 0.944468 2
    endloop
  endfacet
  facet normal 0 0 1
    outer loop
      vertex 24.05 12.65 2
      vertex 22.0521 1.20208 2
      vertex 22.1641 1.07847 2
    endloop
  endfacet
  facet normal 0 0 1
    outer loop
      vertex 24.05 12.65 2
      vertex 22.05 14.65 2
      vertex 17.35 12.75 2
    endloop
  endfacet
  facet normal 0 0 1
    outer loop
      vertex 24.05 12.65 2
      vertex 21.9285 1.31412 2
      vertex 22.0521 1.20208 2
    endloop
  endfacet
  facet normal 0 0 1
    outer loop
      vertex 24.05 12.65 2
      vertex 21.7945 1.4135 2
      vertex 21.9285 1.31412 2
    endloop
  endfacet
  facet normal 0 0 1
    outer loop
      vertex 24.05 12.65 2
      vertex 21.6514 1.49927 2
      vertex 21.7945 1.4135 2
    endloop
  endfacet
  facet normal 0 0 1
    outer loop
      vertex 24.05 12.65 2
      vertex 21.5006 1.57059 2
      vertex 21.6514 1.49927 2
    endloop
  endfacet
  facet normal 0 0 1
    outer loop
      vertex 24.05 12.65 2
      vertex 21.3435 1.6268 2
      vertex 21.5006 1.57059 2
    endloop
  endfacet
  facet normal 0 0 1
    outer loop
      vertex 24.05 12.65 2
      vertex 21.1817 1.66733 2
      vertex 21.3435 1.6268 2
    endloop
  endfacet
  facet normal 0 0 1
    outer loop
      vertex 24.05 12.65 2
      vertex 21.0166 1.69181 2
      vertex 21.1817 1.66733 2
    endloop
  endfacet
  facet normal 0 0 1
    outer loop
      vertex 24.05 12.65 2
      vertex 17.35 12.75 2
      vertex 20.85 1.7 2
    endloop
  endfacet
  facet normal 0 0 1
    outer loop
      vertex 24.05 12.65 2
      vertex 20.85 1.7 2
      vertex 21.0166 1.69181 2
    endloop
  endfacet
  facet normal 0 0 1
    outer loop
      vertex 20.85 1.7 2
      vertex 17.35 12.75 2
      vertex 20.6834 1.69181 2
    endloop
  endfacet
  facet normal 0 0 1
    outer loop
      vertex 20.6834 1.69181 2
      vertex 17.35 12.75 2
      vertex 20.5183 1.66733 2
    endloop
  endfacet
  facet normal 0 0 1
    outer loop
      vertex 20.5183 1.66733 2
      vertex 17.35 12.75 2
      vertex 20.3565 1.6268 2
    endloop
  endfacet
  facet normal 0 0 1
    outer loop
      vertex 20.3565 1.6268 2
      vertex 17.35 12.75 2
      vertex 20.1994 1.57059 2
    endloop
  endfacet
  facet normal 0 0 1
    outer loop
      vertex 20.1994 1.57059 2
      vertex 17.35 12.75 2
      vertex 20.0486 1.49927 2
    endloop
  endfacet
  facet normal 0 0 1
    outer loop
      vertex 20.0486 1.49927 2
      vertex 17.35 12.75 2
      vertex 19.9055 1.4135 2
    endloop
  endfacet
  facet normal 0 0 1
    outer loop
      vertex 19.9055 1.4135 2
      vertex 17.35 12.75 2
      vertex 19.7715 1.31412 2
    endloop
  endfacet
  facet normal 0 0 1
    outer loop
      vertex 19.7715 1.31412 2
      vertex 17.35 12.75 2
      vertex 19.6479 1.20208 2
    endloop
  endfacet
  facet normal 0 0 1
    outer loop
      vertex 19.6479 1.20208 2
      vertex 17.35 12.75 2
      vertex 19.5359 1.07847 2
    endloop
  endfacet
  facet normal 0 0 1
    outer loop
      vertex 19.5359 1.07847 2
      vertex 17.35 12.75 2
      vertex 19.4365 0.944468 2
    endloop
  endfacet
  facet normal 0 0 1
    outer loop
      vertex 19.4365 0.944468 2
      vertex 17.35 12.75 2
      vertex 19.3507 0.801374 2
    endloop
  endfacet
  facet normal 0 0 1
    outer loop
      vertex 19.3507 0.801374 2
      vertex 17.35 12.75 2
      vertex 19.2794 0.650561 2
    endloop
  endfacet
  facet normal 0 0 1
    outer loop
      vertex 19.2794 0.650561 2
      vertex 17.35 12.75 2
      vertex 19.2232 0.493484 2
    endloop
  endfacet
  facet normal 0 0 1
    outer loop
      vertex 19.1582 0.166629 2
      vertex 17.35 12.75 2
      vertex 19.15 0 2
    endloop
  endfacet
  facet normal 0 0 1
    outer loop
      vertex 19.1827 0.331653 2
      vertex 17.35 12.75 2
      vertex 19.1582 0.166629 2
    endloop
  endfacet
  facet normal 0 0 1
    outer loop
      vertex 19.2232 0.493484 2
      vertex 17.35 12.75 2
      vertex 19.1827 0.331653 2
    endloop
  endfacet
  facet normal -0 0 1
    outer loop
      vertex -61.65 14.65 2
      vertex 17.35 12.75 2
      vertex 22.05 14.65 2
    endloop
  endfacet
  facet normal 0 0 1
    outer loop
      vertex -61.65 14.65 2
      vertex -63.65 12.65 2
      vertex -59.55 12.75 2
    endloop
  endfacet
  facet normal 0 0 1
    outer loop
      vertex 17.35 12.75 2
      vertex -61.65 14.65 2
      vertex -59.55 12.75 2
    endloop
  endfacet
  facet normal 0 0 1
    outer loop
      vertex -63.65 12.65 2
      vertex -61.65 14.65 2
      vertex -63.5639 13.2306 2
    endloop
  endfacet
  facet normal 0 0 1
    outer loop
      vertex -59.55 12.75 2
      vertex -63.65 12.65 2
      vertex -59.55 11.55 2
    endloop
  endfacet
  facet normal 0 0 1
    outer loop
      vertex -63.5639 13.2306 2
      vertex -61.65 14.65 2
      vertex -61.846 14.6404 2
    endloop
  endfacet
  facet normal 0 0 1
    outer loop
      vertex -59.55 11.55 2
      vertex -61.75 7.5 2
      vertex -59.8659 7.5 2
    endloop
  endfacet
  facet normal 0 0 1
    outer loop
      vertex -59.55 11.55 2
      vertex -63.65 12.65 2
      vertex -61.75 7.5 2
    endloop
  endfacet
  facet normal 0 0 1
    outer loop
      vertex -63.5639 13.2306 2
      vertex -61.846 14.6404 2
      vertex -62.0402 14.6116 2
    endloop
  endfacet
  facet normal 0 0 1
    outer loop
      vertex -63.5639 13.2306 2
      vertex -62.0402 14.6116 2
      vertex -62.2306 14.5639 2
    endloop
  endfacet
  facet normal 0 0 1
    outer loop
      vertex -63.5639 13.2306 2
      vertex -62.2306 14.5639 2
      vertex -62.4154 14.4978 2
    endloop
  endfacet
  facet normal 0 0 1
    outer loop
      vertex -61.75 7.5 2
      vertex -61.949 5.27792 2
      vertex -61.75 5.54618 2
    endloop
  endfacet
  facet normal 0 0 1
    outer loop
      vertex -63.5639 13.2306 2
      vertex -62.4154 14.4978 2
      vertex -62.5928 14.4138 2
    endloop
  endfacet
  facet normal 0 0 1
    outer loop
      vertex -63.5639 13.2306 2
      vertex -62.5928 14.4138 2
      vertex -62.7611 14.3129 2
    endloop
  endfacet
  facet normal 0 0 1
    outer loop
      vertex -61.75 7.5 2
      vertex -62.4283 4.47827 2
      vertex -61.949 5.27792 2
    endloop
  endfacet
  facet normal 0 0 1
    outer loop
      vertex -63.5639 13.2306 2
      vertex -62.7611 14.3129 2
      vertex -62.9188 14.196 2
    endloop
  endfacet
  facet normal 0 0 1
    outer loop
      vertex -63.5639 13.2306 2
      vertex -62.9188 14.196 2
      vertex -63.0642 14.0642 2
    endloop
  endfacet
  facet normal 0 0 1
    outer loop
      vertex -61.75 7.5 2
      vertex -63.65 12.65 2
      vertex -62.4283 4.47827 2
    endloop
  endfacet
  facet normal 0 0 1
    outer loop
      vertex -63.5639 13.2306 2
      vertex -63.0642 14.0642 2
      vertex -63.196 13.9188 2
    endloop
  endfacet
  facet normal 0 0 1
    outer loop
      vertex -63.5639 13.2306 2
      vertex -63.196 13.9188 2
      vertex -63.3129 13.7611 2
    endloop
  endfacet
  facet normal 0 0 1
    outer loop
      vertex -62.4283 4.47827 2
      vertex -63.65 12.65 2
      vertex -62.8269 3.63549 2
    endloop
  endfacet
  facet normal 0 0 1
    outer loop
      vertex -63.5639 13.2306 2
      vertex -63.3129 13.7611 2
      vertex -63.4138 13.5928 2
    endloop
  endfacet
  facet normal 0 0 1
    outer loop
      vertex -63.5639 13.2306 2
      vertex -63.4138 13.5928 2
      vertex -63.4978 13.4154 2
    endloop
  endfacet
  facet normal 0 0 1
    outer loop
      vertex -62.8269 3.63549 2
      vertex -63.65 12.65 2
      vertex -63.1409 2.7577 2
    endloop
  endfacet
  facet normal 0 0 1
    outer loop
      vertex -63.1409 2.7577 2
      vertex -63.65 12.65 2
      vertex -63.3675 1.85336 2
    endloop
  endfacet
  facet normal 0 0 1
    outer loop
      vertex -63.3675 1.85336 2
      vertex -63.65 12.65 2
      vertex -63.5043 0.931162 2
    endloop
  endfacet
  facet normal -0 0 1
    outer loop
      vertex 21.1817 -1.66733 2
      vertex 24.05 -12.65 2
      vertex 21.3435 -1.6268 2
    endloop
  endfacet
  facet normal -0 0 1
    outer loop
      vertex 21.0166 -1.69181 2
      vertex 24.05 -12.65 2
      vertex 21.1817 -1.66733 2
    endloop
  endfacet
  facet normal -0 0 1
    outer loop
      vertex 20.85 -1.7 2
      vertex 24.05 -12.65 2
      vertex 21.0166 -1.69181 2
    endloop
  endfacet
  facet normal 0 0 1
    outer loop
      vertex 17.35 -12.75 2
      vertex 24.05 -12.65 2
      vertex 20.85 -1.7 2
    endloop
  endfacet
  facet normal 0 -0 1
    outer loop
      vertex 22.05 -14.65 2
      vertex 24.05 -12.65 2
      vertex 17.35 -12.75 2
    endloop
  endfacet
  facet normal 0 0 1
    outer loop
      vertex 24.05 -12.65 2
      vertex 22.05 -14.65 2
      vertex 24.0404 -12.846 2
    endloop
  endfacet
  facet normal 0 0 1
    outer loop
      vertex 24.0404 -12.846 2
      vertex 22.05 -14.65 2
      vertex 24.0116 -13.0402 2
    endloop
  endfacet
  facet normal 0 0 1
    outer loop
      vertex 23.9639 -13.2306 2
      vertex 22.05 -14.65 2
      vertex 23.8978 -13.4154 2
    endloop
  endfacet
  facet normal 0 0 1
    outer loop
      vertex 23.8978 -13.4154 2
      vertex 22.05 -14.65 2
      vertex 23.8138 -13.5928 2
    endloop
  endfacet
  facet normal 0 0 1
    outer loop
      vertex 23.8138 -13.5928 2
      vertex 22.05 -14.65 2
      vertex 23.7129 -13.7611 2
    endloop
  endfacet
  facet normal 0 0 1
    outer loop
      vertex 23.7129 -13.7611 2
      vertex 22.05 -14.65 2
      vertex 23.596 -13.9188 2
    endloop
  endfacet
  facet normal 0 0 1
    outer loop
      vertex 23.596 -13.9188 2
      vertex 22.05 -14.65 2
      vertex 23.4642 -14.0642 2
    endloop
  endfacet
  facet normal 0 0 1
    outer loop
      vertex 23.4642 -14.0642 2
      vertex 22.05 -14.65 2
      vertex 23.3188 -14.196 2
    endloop
  endfacet
  facet normal 0 0 1
    outer loop
      vertex 23.3188 -14.196 2
      vertex 22.05 -14.65 2
      vertex 23.1611 -14.3129 2
    endloop
  endfacet
  facet normal 0 0 1
    outer loop
      vertex 23.1611 -14.3129 2
      vertex 22.05 -14.65 2
      vertex 22.9928 -14.4138 2
    endloop
  endfacet
  facet normal 0 0 1
    outer loop
      vertex 22.9928 -14.4138 2
      vertex 22.05 -14.65 2
      vertex 22.8154 -14.4978 2
    endloop
  endfacet
  facet normal 0 0 1
    outer loop
      vertex 22.8154 -14.4978 2
      vertex 22.05 -14.65 2
      vertex 22.6306 -14.5639 2
    endloop
  endfacet
  facet normal 0 0 1
    outer loop
      vertex 22.6306 -14.5639 2
      vertex 22.05 -14.65 2
      vertex 22.4402 -14.6116 2
    endloop
  endfacet
  facet normal 0 0 1
    outer loop
      vertex 24.0116 -13.0402 2
      vertex 22.05 -14.65 2
      vertex 23.9639 -13.2306 2
    endloop
  endfacet
  facet normal 0 0 1
    outer loop
      vertex 17.35 -12.75 2
      vertex 20.85 -1.7 2
      vertex 20.6834 -1.69181 2
    endloop
  endfacet
  facet normal 0 0 1
    outer loop
      vertex 17.35 -12.75 2
      vertex 20.6834 -1.69181 2
      vertex 20.5183 -1.66733 2
    endloop
  endfacet
  facet normal 0 0 1
    outer loop
      vertex 17.35 -12.75 2
      vertex 20.5183 -1.66733 2
      vertex 20.3565 -1.6268 2
    endloop
  endfacet
  facet normal 0 0 1
    outer loop
      vertex 17.35 -12.75 2
      vertex 20.3565 -1.6268 2
      vertex 20.1994 -1.57059 2
    endloop
  endfacet
  facet normal 0 0 1
    outer loop
      vertex 17.35 -12.75 2
      vertex 20.1994 -1.57059 2
      vertex 20.0486 -1.49927 2
    endloop
  endfacet
  facet normal 0 0 1
    outer loop
      vertex 17.35 -12.75 2
      vertex 20.0486 -1.49927 2
      vertex 19.9055 -1.4135 2
    endloop
  endfacet
  facet normal 0 0 1
    outer loop
      vertex 17.35 -12.75 2
      vertex 19.9055 -1.4135 2
      vertex 19.7715 -1.31412 2
    endloop
  endfacet
  facet normal 0 0 1
    outer loop
      vertex 17.35 -12.75 2
      vertex 19.7715 -1.31412 2
      vertex 19.6479 -1.20208 2
    endloop
  endfacet
  facet normal 0 0 1
    outer loop
      vertex 17.35 -12.75 2
      vertex 19.6479 -1.20208 2
      vertex 19.5359 -1.07847 2
    endloop
  endfacet
  facet normal 0 0 1
    outer loop
      vertex 17.35 -12.75 2
      vertex 19.5359 -1.07847 2
      vertex 19.4365 -0.944468 2
    endloop
  endfacet
  facet normal 0 0 1
    outer loop
      vertex 17.35 -12.75 2
      vertex 19.4365 -0.944468 2
      vertex 19.3507 -0.801374 2
    endloop
  endfacet
  facet normal 0 0 1
    outer loop
      vertex 17.35 -12.75 2
      vertex 19.3507 -0.801374 2
      vertex 19.2794 -0.650561 2
    endloop
  endfacet
  facet normal 0 0 1
    outer loop
      vertex 17.35 -12.75 2
      vertex 19.2794 -0.650561 2
      vertex 19.2232 -0.493484 2
    endloop
  endfacet
  facet normal 0 0 1
    outer loop
      vertex 17.35 -12.75 2
      vertex 19.2232 -0.493484 2
      vertex 19.1827 -0.331653 2
    endloop
  endfacet
  facet normal 0 0 1
    outer loop
      vertex 17.35 -12.75 2
      vertex 19.15 0 2
      vertex 17.35 12.75 2
    endloop
  endfacet
  facet normal 0 0 1
    outer loop
      vertex 19.15 0 2
      vertex 17.35 -12.75 2
      vertex 19.1582 -0.166629 2
    endloop
  endfacet
  facet normal 0 0 1
    outer loop
      vertex 17.35 -12.75 2
      vertex 19.1827 -0.331653 2
      vertex 19.1582 -0.166629 2
    endloop
  endfacet
  facet normal 0 0 1
    outer loop
      vertex 22.4402 -14.6116 2
      vertex 22.05 -14.65 2
      vertex 22.246 -14.6404 2
    endloop
  endfacet
  facet normal 0 0 1
    outer loop
      vertex -61.65 -14.65 2
      vertex 17.35 -12.75 2
      vertex -59.55 -12.75 2
    endloop
  endfacet
  facet normal 0 0 1
    outer loop
      vertex 17.35 -12.75 2
      vertex -61.65 -14.65 2
      vertex 22.05 -14.65 2
    endloop
  endfacet
  facet normal 0 0 1
    outer loop
      vertex -59.55 -11.55 2
      vertex -61.65 -14.65 2
      vertex -59.55 -12.75 2
    endloop
  endfacet
  facet normal 0 0 1
    outer loop
      vertex -61.846 -14.6404 2
      vertex -59.55 -11.55 2
      vertex -61.75 -7.5 2
    endloop
  endfacet
  facet normal 0 0 1
    outer loop
      vertex -59.55 -11.55 2
      vertex -61.846 -14.6404 2
      vertex -61.65 -14.65 2
    endloop
  endfacet
  facet normal 0 0 1
    outer loop
      vertex 16.15 11.55 2
      vertex -44.55 0 2
      vertex 16.15 -11.55 2
    endloop
  endfacet
  facet normal 0 0 1
    outer loop
      vertex 16.15 11.55 2
      vertex -44.5957 0.931162 2
      vertex -44.55 0 2
    endloop
  endfacet
  facet normal 0 0 1
    outer loop
      vertex 16.15 11.55 2
      vertex -44.7325 1.85336 2
      vertex -44.5957 0.931162 2
    endloop
  endfacet
  facet normal 0 0 1
    outer loop
      vertex 16.15 11.55 2
      vertex -44.9591 2.7577 2
      vertex -44.7325 1.85336 2
    endloop
  endfacet
  facet normal 0 0 1
    outer loop
      vertex 16.15 11.55 2
      vertex -45.2731 3.63549 2
      vertex -44.9591 2.7577 2
    endloop
  endfacet
  facet normal 0 0 1
    outer loop
      vertex 16.15 11.55 2
      vertex -45.6717 4.47827 2
      vertex -45.2731 3.63549 2
    endloop
  endfacet
  facet normal 0 0 1
    outer loop
      vertex 16.15 11.55 2
      vertex -46.151 5.27792 2
      vertex -45.6717 4.47827 2
    endloop
  endfacet
  facet normal 0 0 1
    outer loop
      vertex 16.15 11.55 2
      vertex -46.7064 6.02674 2
      vertex -46.151 5.27792 2
    endloop
  endfacet
  facet normal 0 0 1
    outer loop
      vertex 16.15 11.55 2
      vertex -47.3325 6.71751 2
      vertex -46.7064 6.02674 2
    endloop
  endfacet
  facet normal 0 0 1
    outer loop
      vertex 16.15 11.55 2
      vertex -48.0233 7.3436 2
      vertex -47.3325 6.71751 2
    endloop
  endfacet
  facet normal 0 0 1
    outer loop
      vertex 16.15 11.55 2
      vertex -48.7721 7.89896 2
      vertex -48.0233 7.3436 2
    endloop
  endfacet
  facet normal 0 0 1
    outer loop
      vertex 16.15 11.55 2
      vertex -49.5717 8.37825 2
      vertex -48.7721 7.89896 2
    endloop
  endfacet
  facet normal 0 0 1
    outer loop
      vertex 16.15 11.55 2
      vertex -50.4145 8.77686 2
      vertex -49.5717 8.37825 2
    endloop
  endfacet
  facet normal 0 0 1
    outer loop
      vertex 16.15 11.55 2
      vertex -51.2923 9.09093 2
      vertex -50.4145 8.77686 2
    endloop
  endfacet
  facet normal -0 0 1
    outer loop
      vertex -59.55 11.55 2
      vertex -51.2923 9.09093 2
      vertex 16.15 11.55 2
    endloop
  endfacet
  facet normal 0 0 1
    outer loop
      vertex -51.2923 9.09093 2
      vertex -59.55 11.55 2
      vertex -52.1966 9.31746 2
    endloop
  endfacet
  facet normal 0 0 1
    outer loop
      vertex -52.1966 9.31746 2
      vertex -59.55 11.55 2
      vertex -53.1188 9.45425 2
    endloop
  endfacet
  facet normal 0 0 1
    outer loop
      vertex -53.1188 9.45425 2
      vertex -59.55 11.55 2
      vertex -54.05 9.5 2
    endloop
  endfacet
  facet normal 0 0 1
    outer loop
      vertex -59.55 11.55 2
      vertex -54.9812 9.45425 2
      vertex -54.05 9.5 2
    endloop
  endfacet
  facet normal 0 0 1
    outer loop
      vertex -59.55 11.55 2
      vertex -55.9034 9.31746 2
      vertex -54.9812 9.45425 2
    endloop
  endfacet
  facet normal 0 0 1
    outer loop
      vertex -59.55 11.55 2
      vertex -56.8077 9.09093 2
      vertex -55.9034 9.31746 2
    endloop
  endfacet
  facet normal 0 0 1
    outer loop
      vertex -59.55 11.55 2
      vertex -57.6855 8.77686 2
      vertex -56.8077 9.09093 2
    endloop
  endfacet
  facet normal 0 0 1
    outer loop
      vertex -59.55 11.55 2
      vertex -58.5283 8.37825 2
      vertex -57.6855 8.77686 2
    endloop
  endfacet
  facet normal 0 0 1
    outer loop
      vertex -59.55 11.55 2
      vertex -59.3279 7.89896 2
      vertex -58.5283 8.37825 2
    endloop
  endfacet
  facet normal 0 0 1
    outer loop
      vertex -59.3279 7.89896 2
      vertex -59.55 11.55 2
      vertex -59.8659 7.5 2
    endloop
  endfacet
  facet normal -0 0 1
    outer loop
      vertex -44.5957 -0.931162 2
      vertex 16.15 -11.55 2
      vertex -44.55 0 2
    endloop
  endfacet
  facet normal -0 0 1
    outer loop
      vertex -44.7325 -1.85336 2
      vertex 16.15 -11.55 2
      vertex -44.5957 -0.931162 2
    endloop
  endfacet
  facet normal -0 0 1
    outer loop
      vertex -44.9591 -2.7577 2
      vertex 16.15 -11.55 2
      vertex -44.7325 -1.85336 2
    endloop
  endfacet
  facet normal -0 0 1
    outer loop
      vertex -45.2731 -3.63549 2
      vertex 16.15 -11.55 2
      vertex -44.9591 -2.7577 2
    endloop
  endfacet
  facet normal -0 0 1
    outer loop
      vertex -45.6717 -4.47827 2
      vertex 16.15 -11.55 2
      vertex -45.2731 -3.63549 2
    endloop
  endfacet
  facet normal -0 0 1
    outer loop
      vertex -46.151 -5.27792 2
      vertex 16.15 -11.55 2
      vertex -45.6717 -4.47827 2
    endloop
  endfacet
  facet normal -0 0 1
    outer loop
      vertex -46.7064 -6.02674 2
      vertex 16.15 -11.55 2
      vertex -46.151 -5.27792 2
    endloop
  endfacet
  facet normal -0 0 1
    outer loop
      vertex -47.3325 -6.71751 2
      vertex 16.15 -11.55 2
      vertex -46.7064 -6.02674 2
    endloop
  endfacet
  facet normal -0 0 1
    outer loop
      vertex -48.0233 -7.3436 2
      vertex 16.15 -11.55 2
      vertex -47.3325 -6.71751 2
    endloop
  endfacet
  facet normal -0 0 1
    outer loop
      vertex -48.7721 -7.89896 2
      vertex 16.15 -11.55 2
      vertex -48.0233 -7.3436 2
    endloop
  endfacet
  facet normal -0 0 1
    outer loop
      vertex -49.5717 -8.37825 2
      vertex 16.15 -11.55 2
      vertex -48.7721 -7.89896 2
    endloop
  endfacet
  facet normal -0 0 1
    outer loop
      vertex -50.4145 -8.77686 2
      vertex 16.15 -11.55 2
      vertex -49.5717 -8.37825 2
    endloop
  endfacet
  facet normal -0 0 1
    outer loop
      vertex -51.2923 -9.09093 2
      vertex 16.15 -11.55 2
      vertex -50.4145 -8.77686 2
    endloop
  endfacet
  facet normal 0 0 1
    outer loop
      vertex -59.55 -11.55 2
      vertex -51.2923 -9.09093 2
      vertex -52.1966 -9.31746 2
    endloop
  endfacet
  facet normal 0 0 1
    outer loop
      vertex -59.55 -11.55 2
      vertex -52.1966 -9.31746 2
      vertex -53.1188 -9.45425 2
    endloop
  endfacet
  facet normal 0 0 1
    outer loop
      vertex -59.55 -11.55 2
      vertex -53.1188 -9.45425 2
      vertex -54.05 -9.5 2
    endloop
  endfacet
  facet normal 0 0 1
    outer loop
      vertex -51.2923 -9.09093 2
      vertex -59.55 -11.55 2
      vertex 16.15 -11.55 2
    endloop
  endfacet
  facet normal 0 0 1
    outer loop
      vertex -54.9812 -9.45425 2
      vertex -59.55 -11.55 2
      vertex -54.05 -9.5 2
    endloop
  endfacet
  facet normal 0 0 1
    outer loop
      vertex -55.9034 -9.31746 2
      vertex -59.55 -11.55 2
      vertex -54.9812 -9.45425 2
    endloop
  endfacet
  facet normal 0 0 1
    outer loop
      vertex -56.8077 -9.09093 2
      vertex -59.55 -11.55 2
      vertex -55.9034 -9.31746 2
    endloop
  endfacet
  facet normal 0 0 1
    outer loop
      vertex -57.6855 -8.77686 2
      vertex -59.55 -11.55 2
      vertex -56.8077 -9.09093 2
    endloop
  endfacet
  facet normal 0 0 1
    outer loop
      vertex -58.5283 -8.37825 2
      vertex -59.55 -11.55 2
      vertex -57.6855 -8.77686 2
    endloop
  endfacet
  facet normal 0 0 1
    outer loop
      vertex -59.3279 -7.89896 2
      vertex -59.55 -11.55 2
      vertex -58.5283 -8.37825 2
    endloop
  endfacet
  facet normal 0 0 1
    outer loop
      vertex -59.3279 -7.89896 2
      vertex -61.75 -7.5 2
      vertex -59.55 -11.55 2
    endloop
  endfacet
  facet normal -0 0 1
    outer loop
      vertex -61.75 -7.5 2
      vertex -59.3279 -7.89896 2
      vertex -59.8659 -7.5 2
    endloop
  endfacet
  facet normal 0 0 1
    outer loop
      vertex -47.85 0 2
      vertex -44.55 0 2
      vertex -44.5957 0.931162 2
    endloop
  endfacet
  facet normal 0 0 1
    outer loop
      vertex -47.8799 0.607706 2
      vertex -44.5957 0.931162 2
      vertex -44.7325 1.85336 2
    endloop
  endfacet
  facet normal 0 0 1
    outer loop
      vertex -44.55 0 2
      vertex -47.85 0 2
      vertex -44.5957 -0.931162 2
    endloop
  endfacet
  facet normal 0 0 1
    outer loop
      vertex -47.9691 1.20956 2
      vertex -44.7325 1.85336 2
      vertex -44.9591 2.7577 2
    endloop
  endfacet
  facet normal -0 0 1
    outer loop
      vertex -47.8799 -0.607706 2
      vertex -44.5957 -0.931162 2
      vertex -47.85 0 2
    endloop
  endfacet
  facet normal 0 0 1
    outer loop
      vertex -48.117 1.79976 2
      vertex -44.9591 2.7577 2
      vertex -45.2731 3.63549 2
    endloop
  endfacet
  facet normal 0 0 1
    outer loop
      vertex -44.5957 -0.931162 2
      vertex -47.8799 -0.607706 2
      vertex -44.7325 -1.85336 2
    endloop
  endfacet
  facet normal 0 0 1
    outer loop
      vertex -48.3219 2.37264 2
      vertex -45.2731 3.63549 2
      vertex -45.6717 4.47827 2
    endloop
  endfacet
  facet normal -0 0 1
    outer loop
      vertex -47.9691 -1.20956 2
      vertex -44.7325 -1.85336 2
      vertex -47.8799 -0.607706 2
    endloop
  endfacet
  facet normal 0 0 1
    outer loop
      vertex -48.5821 2.92266 2
      vertex -45.6717 4.47827 2
      vertex -46.151 5.27792 2
    endloop
  endfacet
  facet normal 0 0 1
    outer loop
      vertex -44.7325 -1.85336 2
      vertex -47.9691 -1.20956 2
      vertex -44.9591 -2.7577 2
    endloop
  endfacet
  facet normal 0 0 1
    outer loop
      vertex -48.8949 3.44454 2
      vertex -46.151 5.27792 2
      vertex -46.7064 6.02674 2
    endloop
  endfacet
  facet normal -0 0 1
    outer loop
      vertex -48.117 -1.79976 2
      vertex -44.9591 -2.7577 2
      vertex -47.9691 -1.20956 2
    endloop
  endfacet
  facet normal 0 0 1
    outer loop
      vertex -49.2573 3.93324 2
      vertex -46.7064 6.02674 2
      vertex -47.3325 6.71751 2
    endloop
  endfacet
  facet normal 0 0 1
    outer loop
      vertex -44.9591 -2.7577 2
      vertex -48.117 -1.79976 2
      vertex -45.2731 -3.63549 2
    endloop
  endfacet
  facet normal -0 0 1
    outer loop
      vertex -48.3219 -2.37264 2
      vertex -45.2731 -3.63549 2
      vertex -48.117 -1.79976 2
    endloop
  endfacet
  facet normal 0 0 1
    outer loop
      vertex -44.5957 0.931162 2
      vertex -47.8799 0.607706 2
      vertex -47.85 0 2
    endloop
  endfacet
  facet normal 0 0 1
    outer loop
      vertex -44.7325 1.85336 2
      vertex -47.9691 1.20956 2
      vertex -47.8799 0.607706 2
    endloop
  endfacet
  facet normal 0 0 1
    outer loop
      vertex -49.6659 4.38406 2
      vertex -47.3325 6.71751 2
      vertex -48.0233 7.3436 2
    endloop
  endfacet
  facet normal 0 0 1
    outer loop
      vertex -44.9591 2.7577 2
      vertex -48.117 1.79976 2
      vertex -47.9691 1.20956 2
    endloop
  endfacet
  facet normal 0 0 1
    outer loop
      vertex -45.2731 3.63549 2
      vertex -48.3219 2.37264 2
      vertex -48.117 1.79976 2
    endloop
  endfacet
  facet normal 0 0 1
    outer loop
      vertex -45.6717 4.47827 2
      vertex -48.5821 2.92266 2
      vertex -48.3219 2.37264 2
    endloop
  endfacet
  facet normal 0 0 1
    outer loop
      vertex -50.1168 4.79266 2
      vertex -48.0233 7.3436 2
      vertex -48.7721 7.89896 2
    endloop
  endfacet
  facet normal 0 0 1
    outer loop
      vertex -46.151 5.27792 2
      vertex -48.8949 3.44454 2
      vertex -48.5821 2.92266 2
    endloop
  endfacet
  facet normal 0 0 1
    outer loop
      vertex -46.7064 6.02674 2
      vertex -49.2573 3.93324 2
      vertex -48.8949 3.44454 2
    endloop
  endfacet
  facet normal 0 0 1
    outer loop
      vertex -50.6055 5.15511 2
      vertex -48.7721 7.89896 2
      vertex -49.5717 8.37825 2
    endloop
  endfacet
  facet normal 0 0 1
    outer loop
      vertex -47.3325 6.71751 2
      vertex -49.6659 4.38406 2
      vertex -49.2573 3.93324 2
    endloop
  endfacet
  facet normal 0 0 1
    outer loop
      vertex -48.0233 7.3436 2
      vertex -50.1168 4.79266 2
      vertex -49.6659 4.38406 2
    endloop
  endfacet
  facet normal 0 0 1
    outer loop
      vertex -51.1273 5.46791 2
      vertex -49.5717 8.37825 2
      vertex -50.4145 8.77686 2
    endloop
  endfacet
  facet normal 0 0 1
    outer loop
      vertex -48.7721 7.89896 2
      vertex -50.6055 5.15511 2
      vertex -50.1168 4.79266 2
    endloop
  endfacet
  facet normal 0 0 1
    outer loop
      vertex -49.5717 8.37825 2
      vertex -51.1273 5.46791 2
      vertex -50.6055 5.15511 2
    endloop
  endfacet
  facet normal 0 0 1
    outer loop
      vertex -51.6774 5.72805 2
      vertex -50.4145 8.77686 2
      vertex -51.2923 9.09093 2
    endloop
  endfacet
  facet normal 0 0 1
    outer loop
      vertex -50.4145 8.77686 2
      vertex -51.6774 5.72805 2
      vertex -51.1273 5.46791 2
    endloop
  endfacet
  facet normal 0 0 1
    outer loop
      vertex -52.2502 5.93303 2
      vertex -51.2923 9.09093 2
      vertex -52.1966 9.31746 2
    endloop
  endfacet
  facet normal 0 0 1
    outer loop
      vertex -51.2923 9.09093 2
      vertex -52.2502 5.93303 2
      vertex -51.6774 5.72805 2
    endloop
  endfacet
  facet normal 0 0 1
    outer loop
      vertex -52.1966 9.31746 2
      vertex -52.8404 6.08087 2
      vertex -52.2502 5.93303 2
    endloop
  endfacet
  facet normal 0 0 1
    outer loop
      vertex -53.1188 9.45425 2
      vertex -52.8404 6.08087 2
      vertex -52.1966 9.31746 2
    endloop
  endfacet
  facet normal 0 0 1
    outer loop
      vertex -53.1188 9.45425 2
      vertex -53.4423 6.17015 2
      vertex -52.8404 6.08087 2
    endloop
  endfacet
  facet normal 0 0 1
    outer loop
      vertex -54.05 9.5 2
      vertex -53.4423 6.17015 2
      vertex -53.1188 9.45425 2
    endloop
  endfacet
  facet normal 0 0 1
    outer loop
      vertex -54.05 9.5 2
      vertex -54.05 6.2 2
      vertex -53.4423 6.17015 2
    endloop
  endfacet
  facet normal 0 0 1
    outer loop
      vertex -54.05 9.5 2
      vertex -54.6577 6.17015 2
      vertex -54.05 6.2 2
    endloop
  endfacet
  facet normal -0 0 1
    outer loop
      vertex -54.9812 9.45425 2
      vertex -54.6577 6.17015 2
      vertex -54.05 9.5 2
    endloop
  endfacet
  facet normal 0 0 1
    outer loop
      vertex -54.9812 9.45425 2
      vertex -55.2596 6.08087 2
      vertex -54.6577 6.17015 2
    endloop
  endfacet
  facet normal -0 0 1
    outer loop
      vertex -55.9034 9.31746 2
      vertex -55.2596 6.08087 2
      vertex -54.9812 9.45425 2
    endloop
  endfacet
  facet normal 0 0 1
    outer loop
      vertex -55.2596 6.08087 2
      vertex -55.9034 9.31746 2
      vertex -55.8498 5.93303 2
    endloop
  endfacet
  facet normal -0 0 1
    outer loop
      vertex -56.8077 9.09093 2
      vertex -55.8498 5.93303 2
      vertex -55.9034 9.31746 2
    endloop
  endfacet
  facet normal 0 0 1
    outer loop
      vertex -55.8498 5.93303 2
      vertex -56.8077 9.09093 2
      vertex -56.4226 5.72805 2
    endloop
  endfacet
  facet normal -0 0 1
    outer loop
      vertex -57.6855 8.77686 2
      vertex -56.4226 5.72805 2
      vertex -56.8077 9.09093 2
    endloop
  endfacet
  facet normal 0 0 1
    outer loop
      vertex -56.4226 5.72805 2
      vertex -57.6855 8.77686 2
      vertex -56.9727 5.46791 2
    endloop
  endfacet
  facet normal -0 0 1
    outer loop
      vertex -58.5283 8.37825 2
      vertex -56.9727 5.46791 2
      vertex -57.6855 8.77686 2
    endloop
  endfacet
  facet normal 0 0 1
    outer loop
      vertex -56.9727 5.46791 2
      vertex -58.5283 8.37825 2
      vertex -57.4945 5.15511 2
    endloop
  endfacet
  facet normal -0 0 1
    outer loop
      vertex -59.3279 7.89896 2
      vertex -57.4945 5.15511 2
      vertex -58.5283 8.37825 2
    endloop
  endfacet
  facet normal -0 0 1
    outer loop
      vertex -59.8659 7.5 2
      vertex -57.4945 5.15511 2
      vertex -59.3279 7.89896 2
    endloop
  endfacet
  facet normal 0 0 1
    outer loop
      vertex -57.4945 5.15511 2
      vertex -59.8659 7.5 2
      vertex -57.9832 4.79266 2
    endloop
  endfacet
  facet normal -0 0 1
    outer loop
      vertex -60.0767 7.3436 2
      vertex -57.9832 4.79266 2
      vertex -59.8659 7.5 2
    endloop
  endfacet
  facet normal 0 0 1
    outer loop
      vertex -57.9832 4.79266 2
      vertex -60.0767 7.3436 2
      vertex -58.4341 4.38406 2
    endloop
  endfacet
  facet normal -0 0 1
    outer loop
      vertex -60.7675 6.71751 2
      vertex -58.4341 4.38406 2
      vertex -60.0767 7.3436 2
    endloop
  endfacet
  facet normal 0 0 1
    outer loop
      vertex -58.4341 4.38406 2
      vertex -60.7675 6.71751 2
      vertex -58.8427 3.93324 2
    endloop
  endfacet
  facet normal -0 0 1
    outer loop
      vertex -61.3936 6.02674 2
      vertex -58.8427 3.93324 2
      vertex -60.7675 6.71751 2
    endloop
  endfacet
  facet normal -0 0 1
    outer loop
      vertex -61.75 5.54618 2
      vertex -58.8427 3.93324 2
      vertex -61.3936 6.02674 2
    endloop
  endfacet
  facet normal 0 0 1
    outer loop
      vertex -58.8427 3.93324 2
      vertex -61.75 5.54618 2
      vertex -59.2051 3.44454 2
    endloop
  endfacet
  facet normal -0 0 1
    outer loop
      vertex -61.949 5.27792 2
      vertex -59.2051 3.44454 2
      vertex -61.75 5.54618 2
    endloop
  endfacet
  facet normal 0 0 1
    outer loop
      vertex -59.2051 3.44454 2
      vertex -61.949 5.27792 2
      vertex -59.5179 2.92266 2
    endloop
  endfacet
  facet normal -0 0 1
    outer loop
      vertex -62.4283 4.47827 2
      vertex -59.5179 2.92266 2
      vertex -61.949 5.27792 2
    endloop
  endfacet
  facet normal 0 0 1
    outer loop
      vertex -59.5179 2.92266 2
      vertex -62.4283 4.47827 2
      vertex -59.7781 2.37264 2
    endloop
  endfacet
  facet normal 0 0 1
    outer loop
      vertex -45.2731 -3.63549 2
      vertex -48.3219 -2.37264 2
      vertex -45.6717 -4.47827 2
    endloop
  endfacet
  facet normal -0 0 1
    outer loop
      vertex -48.5821 -2.92266 2
      vertex -45.6717 -4.47827 2
      vertex -48.3219 -2.37264 2
    endloop
  endfacet
  facet normal 0 0 1
    outer loop
      vertex -45.6717 -4.47827 2
      vertex -48.5821 -2.92266 2
      vertex -46.151 -5.27792 2
    endloop
  endfacet
  facet normal -0 0 1
    outer loop
      vertex -48.8949 -3.44454 2
      vertex -46.151 -5.27792 2
      vertex -48.5821 -2.92266 2
    endloop
  endfacet
  facet normal 0 0 1
    outer loop
      vertex -46.151 -5.27792 2
      vertex -48.8949 -3.44454 2
      vertex -46.7064 -6.02674 2
    endloop
  endfacet
  facet normal -0 0 1
    outer loop
      vertex -49.2573 -3.93324 2
      vertex -46.7064 -6.02674 2
      vertex -48.8949 -3.44454 2
    endloop
  endfacet
  facet normal 0 0 1
    outer loop
      vertex -46.7064 -6.02674 2
      vertex -49.2573 -3.93324 2
      vertex -47.3325 -6.71751 2
    endloop
  endfacet
  facet normal -0 0 1
    outer loop
      vertex -49.6659 -4.38406 2
      vertex -47.3325 -6.71751 2
      vertex -49.2573 -3.93324 2
    endloop
  endfacet
  facet normal 0 0 1
    outer loop
      vertex -47.3325 -6.71751 2
      vertex -49.6659 -4.38406 2
      vertex -48.0233 -7.3436 2
    endloop
  endfacet
  facet normal -0 0 1
    outer loop
      vertex -50.1168 -4.79266 2
      vertex -48.0233 -7.3436 2
      vertex -49.6659 -4.38406 2
    endloop
  endfacet
  facet normal 0 0 1
    outer loop
      vertex -48.0233 -7.3436 2
      vertex -50.1168 -4.79266 2
      vertex -48.7721 -7.89896 2
    endloop
  endfacet
  facet normal -0 0 1
    outer loop
      vertex -50.6055 -5.15511 2
      vertex -48.7721 -7.89896 2
      vertex -50.1168 -4.79266 2
    endloop
  endfacet
  facet normal 0 0 1
    outer loop
      vertex -48.7721 -7.89896 2
      vertex -50.6055 -5.15511 2
      vertex -49.5717 -8.37825 2
    endloop
  endfacet
  facet normal -0 0 1
    outer loop
      vertex -51.1273 -5.46791 2
      vertex -49.5717 -8.37825 2
      vertex -50.6055 -5.15511 2
    endloop
  endfacet
  facet normal 0 0 1
    outer loop
      vertex -49.5717 -8.37825 2
      vertex -51.1273 -5.46791 2
      vertex -50.4145 -8.77686 2
    endloop
  endfacet
  facet normal -0 0 1
    outer loop
      vertex -51.6774 -5.72805 2
      vertex -50.4145 -8.77686 2
      vertex -51.1273 -5.46791 2
    endloop
  endfacet
  facet normal 0 0 1
    outer loop
      vertex -50.4145 -8.77686 2
      vertex -51.6774 -5.72805 2
      vertex -51.2923 -9.09093 2
    endloop
  endfacet
  facet normal -0 0 1
    outer loop
      vertex -52.2502 -5.93303 2
      vertex -51.2923 -9.09093 2
      vertex -51.6774 -5.72805 2
    endloop
  endfacet
  facet normal 0 0 1
    outer loop
      vertex -51.2923 -9.09093 2
      vertex -52.2502 -5.93303 2
      vertex -52.1966 -9.31746 2
    endloop
  endfacet
  facet normal -0 0 1
    outer loop
      vertex -52.8404 -6.08087 2
      vertex -52.1966 -9.31746 2
      vertex -52.2502 -5.93303 2
    endloop
  endfacet
  facet normal 0 0 1
    outer loop
      vertex -52.8404 -6.08087 2
      vertex -53.1188 -9.45425 2
      vertex -52.1966 -9.31746 2
    endloop
  endfacet
  facet normal -0 0 1
    outer loop
      vertex -53.4423 -6.17015 2
      vertex -53.1188 -9.45425 2
      vertex -52.8404 -6.08087 2
    endloop
  endfacet
  facet normal -0 0 1
    outer loop
      vertex -54.05 -6.2 2
      vertex -53.1188 -9.45425 2
      vertex -53.4423 -6.17015 2
    endloop
  endfacet
  facet normal 0 0 1
    outer loop
      vertex -54.05 -6.2 2
      vertex -54.05 -9.5 2
      vertex -53.1188 -9.45425 2
    endloop
  endfacet
  facet normal 0 0 1
    outer loop
      vertex -54.6577 -6.17015 2
      vertex -54.05 -9.5 2
      vertex -54.05 -6.2 2
    endloop
  endfacet
  facet normal 0 0 1
    outer loop
      vertex -54.6577 -6.17015 2
      vertex -54.9812 -9.45425 2
      vertex -54.05 -9.5 2
    endloop
  endfacet
  facet normal 0 0 1
    outer loop
      vertex -55.2596 -6.08087 2
      vertex -54.9812 -9.45425 2
      vertex -54.6577 -6.17015 2
    endloop
  endfacet
  facet normal 0 0 1
    outer loop
      vertex -55.9034 -9.31746 2
      vertex -55.2596 -6.08087 2
      vertex -55.8498 -5.93303 2
    endloop
  endfacet
  facet normal 0 0 1
    outer loop
      vertex -55.2596 -6.08087 2
      vertex -55.9034 -9.31746 2
      vertex -54.9812 -9.45425 2
    endloop
  endfacet
  facet normal 0 0 1
    outer loop
      vertex -56.8077 -9.09093 2
      vertex -55.8498 -5.93303 2
      vertex -56.4226 -5.72805 2
    endloop
  endfacet
  facet normal 0 0 1
    outer loop
      vertex -55.8498 -5.93303 2
      vertex -56.8077 -9.09093 2
      vertex -55.9034 -9.31746 2
    endloop
  endfacet
  facet normal 0 0 1
    outer loop
      vertex -57.6855 -8.77686 2
      vertex -56.4226 -5.72805 2
      vertex -56.9727 -5.46791 2
    endloop
  endfacet
  facet normal 0 0 1
    outer loop
      vertex -58.5283 -8.37825 2
      vertex -56.9727 -5.46791 2
      vertex -57.4945 -5.15511 2
    endloop
  endfacet
  facet normal 0 0 1
    outer loop
      vertex -56.4226 -5.72805 2
      vertex -57.6855 -8.77686 2
      vertex -56.8077 -9.09093 2
    endloop
  endfacet
  facet normal 0 0 1
    outer loop
      vertex -59.8659 -7.5 2
      vertex -57.4945 -5.15511 2
      vertex -57.9832 -4.79266 2
    endloop
  endfacet
  facet normal 0 0 1
    outer loop
      vertex -60.0767 -7.3436 2
      vertex -57.9832 -4.79266 2
      vertex -58.4341 -4.38406 2
    endloop
  endfacet
  facet normal 0 0 1
    outer loop
      vertex -56.9727 -5.46791 2
      vertex -58.5283 -8.37825 2
      vertex -57.6855 -8.77686 2
    endloop
  endfacet
  facet normal 0 0 1
    outer loop
      vertex -60.7675 -6.71751 2
      vertex -58.4341 -4.38406 2
      vertex -58.8427 -3.93324 2
    endloop
  endfacet
  facet normal 0 0 1
    outer loop
      vertex -61.75 -5.54618 2
      vertex -58.8427 -3.93324 2
      vertex -59.2051 -3.44454 2
    endloop
  endfacet
  facet normal 0 0 1
    outer loop
      vertex -57.4945 -5.15511 2
      vertex -59.3279 -7.89896 2
      vertex -58.5283 -8.37825 2
    endloop
  endfacet
  facet normal 0 0 1
    outer loop
      vertex -61.949 -5.27792 2
      vertex -59.2051 -3.44454 2
      vertex -59.5179 -2.92266 2
    endloop
  endfacet
  facet normal 0 0 1
    outer loop
      vertex -62.4283 -4.47827 2
      vertex -59.5179 -2.92266 2
      vertex -59.7781 -2.37264 2
    endloop
  endfacet
  facet normal 0 0 1
    outer loop
      vertex -57.4945 -5.15511 2
      vertex -59.8659 -7.5 2
      vertex -59.3279 -7.89896 2
    endloop
  endfacet
  facet normal 0 0 1
    outer loop
      vertex -62.8269 -3.63549 2
      vertex -59.7781 -2.37264 2
      vertex -59.983 -1.79976 2
    endloop
  endfacet
  facet normal 0 0 1
    outer loop
      vertex -57.9832 -4.79266 2
      vertex -60.0767 -7.3436 2
      vertex -59.8659 -7.5 2
    endloop
  endfacet
  facet normal 0 0 1
    outer loop
      vertex -63.1409 -2.7577 2
      vertex -59.983 -1.79976 2
      vertex -60.1309 -1.20956 2
    endloop
  endfacet
  facet normal 0 0 1
    outer loop
      vertex -63.3675 -1.85336 2
      vertex -60.1309 -1.20956 2
      vertex -60.2201 -0.607706 2
    endloop
  endfacet
  facet normal 0 0 1
    outer loop
      vertex -63.5043 -0.931162 2
      vertex -60.2201 -0.607706 2
      vertex -60.25 0 2
    endloop
  endfacet
  facet normal -0 0 1
    outer loop
      vertex -62.8269 3.63549 2
      vertex -59.7781 2.37264 2
      vertex -62.4283 4.47827 2
    endloop
  endfacet
  facet normal 0 0 1
    outer loop
      vertex -58.4341 -4.38406 2
      vertex -60.7675 -6.71751 2
      vertex -60.0767 -7.3436 2
    endloop
  endfacet
  facet normal 0 0 1
    outer loop
      vertex -59.7781 2.37264 2
      vertex -62.8269 3.63549 2
      vertex -59.983 1.79976 2
    endloop
  endfacet
  facet normal -0 0 1
    outer loop
      vertex -63.1409 2.7577 2
      vertex -59.983 1.79976 2
      vertex -62.8269 3.63549 2
    endloop
  endfacet
  facet normal 0 0 1
    outer loop
      vertex -58.8427 -3.93324 2
      vertex -61.75 -5.54618 2
      vertex -61.3936 -6.02674 2
    endloop
  endfacet
  facet normal 0 0 1
    outer loop
      vertex -58.8427 -3.93324 2
      vertex -61.3936 -6.02674 2
      vertex -60.7675 -6.71751 2
    endloop
  endfacet
  facet normal 0 0 1
    outer loop
      vertex -59.983 1.79976 2
      vertex -63.1409 2.7577 2
      vertex -60.1309 1.20956 2
    endloop
  endfacet
  facet normal -0 0 1
    outer loop
      vertex -63.3675 1.85336 2
      vertex -60.1309 1.20956 2
      vertex -63.1409 2.7577 2
    endloop
  endfacet
  facet normal 0 0 1
    outer loop
      vertex -59.5179 -2.92266 2
      vertex -62.4283 -4.47827 2
      vertex -61.949 -5.27792 2
    endloop
  endfacet
  facet normal 0 0 1
    outer loop
      vertex -59.2051 -3.44454 2
      vertex -61.949 -5.27792 2
      vertex -61.75 -5.54618 2
    endloop
  endfacet
  facet normal 0 0 1
    outer loop
      vertex -60.1309 1.20956 2
      vertex -63.3675 1.85336 2
      vertex -60.2201 0.607706 2
    endloop
  endfacet
  facet normal 0 0 1
    outer loop
      vertex -59.7781 -2.37264 2
      vertex -62.8269 -3.63549 2
      vertex -62.4283 -4.47827 2
    endloop
  endfacet
  facet normal -0 0 1
    outer loop
      vertex -63.5043 0.931162 2
      vertex -60.2201 0.607706 2
      vertex -63.3675 1.85336 2
    endloop
  endfacet
  facet normal 0 0 1
    outer loop
      vertex -59.983 -1.79976 2
      vertex -63.1409 -2.7577 2
      vertex -62.8269 -3.63549 2
    endloop
  endfacet
  facet normal 0 0 1
    outer loop
      vertex -60.2201 0.607706 2
      vertex -63.5043 0.931162 2
      vertex -60.25 0 2
    endloop
  endfacet
  facet normal 0 0 1
    outer loop
      vertex -60.1309 -1.20956 2
      vertex -63.3675 -1.85336 2
      vertex -63.1409 -2.7577 2
    endloop
  endfacet
  facet normal 0 0 1
    outer loop
      vertex -63.55 0 2
      vertex -60.25 0 2
      vertex -63.5043 0.931162 2
    endloop
  endfacet
  facet normal 0 0 1
    outer loop
      vertex -60.2201 -0.607706 2
      vertex -63.5043 -0.931162 2
      vertex -63.3675 -1.85336 2
    endloop
  endfacet
  facet normal 0 0 1
    outer loop
      vertex -60.25 0 2
      vertex -63.55 0 2
      vertex -63.5043 -0.931162 2
    endloop
  endfacet
  facet normal 0 0 -1
    outer loop
      vertex 22.05 -14.65 3.8147e-07
      vertex 24.05 -12.65 3.8147e-07
      vertex 24.0404 -12.846 3.8147e-07
    endloop
  endfacet
  facet normal 0 0 -1
    outer loop
      vertex 22.05 -14.65 3.8147e-07
      vertex 24.0404 -12.846 3.8147e-07
      vertex 24.0116 -13.0402 3.8147e-07
    endloop
  endfacet
  facet normal 0 0 -1
    outer loop
      vertex 24.05 -12.65 3.8147e-07
      vertex 23.9986 -0.954049 3.8147e-07
      vertex 24.05 -0.749029 3.8147e-07
    endloop
  endfacet
  facet normal 0 0 -1
    outer loop
      vertex 24.05 -12.65 3.8147e-07
      vertex 23.9984 -0.955054 3.8147e-07
      vertex 23.9986 -0.954049 3.8147e-07
    endloop
  endfacet
  facet normal 0 0 -1
    outer loop
      vertex 24.05 -12.65 3.8147e-07
      vertex 23.998 -0.95603 3.8147e-07
      vertex 23.9984 -0.955054 3.8147e-07
    endloop
  endfacet
  facet normal 0 0 -1
    outer loop
      vertex 22.05 -14.65 3.8147e-07
      vertex 24.0116 -13.0402 3.8147e-07
      vertex 23.9639 -13.2306 3.8147e-07
    endloop
  endfacet
  facet normal 0 0 -1
    outer loop
      vertex 22.05 -14.65 3.8147e-07
      vertex 23.9639 -13.2306 3.8147e-07
      vertex 23.8978 -13.4154 3.8147e-07
    endloop
  endfacet
  facet normal 0 0 -1
    outer loop
      vertex 24.05 -12.65 3.8147e-07
      vertex 23.8896 -1.25905 3.8147e-07
      vertex 23.998 -0.95603 3.8147e-07
    endloop
  endfacet
  facet normal 0 0 -1
    outer loop
      vertex 22.05 -14.65 3.8147e-07
      vertex 23.8978 -13.4154 3.8147e-07
      vertex 23.8138 -13.5928 3.8147e-07
    endloop
  endfacet
  facet normal 0 0 -1
    outer loop
      vertex 24.05 -12.65 3.8147e-07
      vertex 23.752 -1.54999 3.8147e-07
      vertex 23.8896 -1.25905 3.8147e-07
    endloop
  endfacet
  facet normal 0 0 -1
    outer loop
      vertex 24.05 -12.65 3.8147e-07
      vertex 23.7516 -1.55092 3.8147e-07
      vertex 23.752 -1.54999 3.8147e-07
    endloop
  endfacet
  facet normal 0 0 -1
    outer loop
      vertex 22.05 -14.65 3.8147e-07
      vertex 23.8138 -13.5928 3.8147e-07
      vertex 23.7129 -13.7611 3.8147e-07
    endloop
  endfacet
  facet normal 0 0 -1
    outer loop
      vertex 22.05 -14.65 3.8147e-07
      vertex 23.7129 -13.7611 3.8147e-07
      vertex 23.596 -13.9188 3.8147e-07
    endloop
  endfacet
  facet normal 0 0 -1
    outer loop
      vertex 24.05 -12.65 3.8147e-07
      vertex 23.5861 -1.82697 3.8147e-07
      vertex 23.7516 -1.55092 3.8147e-07
    endloop
  endfacet
  facet normal 0 0 -1
    outer loop
      vertex 24.05 -12.65 3.8147e-07
      vertex 23.5856 -1.82786 3.8147e-07
      vertex 23.5861 -1.82697 3.8147e-07
    endloop
  endfacet
  facet normal 0 0 -1
    outer loop
      vertex 22.05 -14.65 3.8147e-07
      vertex 23.596 -13.9188 3.8147e-07
      vertex 23.4642 -14.0642 3.8147e-07
    endloop
  endfacet
  facet normal 0 0 -1
    outer loop
      vertex 24.05 -12.65 3.8147e-07
      vertex 23.3939 -2.08636 3.8147e-07
      vertex 23.5856 -1.82786 3.8147e-07
    endloop
  endfacet
  facet normal 0 0 -1
    outer loop
      vertex 24.05 -12.65 3.8147e-07
      vertex 23.3933 -2.08719 3.8147e-07
      vertex 23.3939 -2.08636 3.8147e-07
    endloop
  endfacet
  facet normal 0 0 -1
    outer loop
      vertex 24.05 -12.65 3.8147e-07
      vertex 23.3926 -2.08796 3.8147e-07
      vertex 23.3933 -2.08719 3.8147e-07
    endloop
  endfacet
  facet normal 0 0 -1
    outer loop
      vertex 22.05 -14.65 3.8147e-07
      vertex 23.4642 -14.0642 3.8147e-07
      vertex 23.3188 -14.196 3.8147e-07
    endloop
  endfacet
  facet normal 0 0 -1
    outer loop
      vertex 24.05 -12.65 3.8147e-07
      vertex 23.1764 -2.32642 3.8147e-07
      vertex 23.3926 -2.08796 3.8147e-07
    endloop
  endfacet
  facet normal 0 0 -1
    outer loop
      vertex 24.05 -12.65 3.8147e-07
      vertex 23.1757 -2.32712 3.8147e-07
      vertex 23.1764 -2.32642 3.8147e-07
    endloop
  endfacet
  facet normal 0 0 -1
    outer loop
      vertex 22.05 -14.65 3.8147e-07
      vertex 23.3188 -14.196 3.8147e-07
      vertex 23.1611 -14.3129 3.8147e-07
    endloop
  endfacet
  facet normal 0 0 -1
    outer loop
      vertex 22.05 -14.65 3.8147e-07
      vertex 23.1611 -14.3129 3.8147e-07
      vertex 22.9928 -14.4138 3.8147e-07
    endloop
  endfacet
  facet normal 0 0 -1
    outer loop
      vertex 24.05 -12.65 3.8147e-07
      vertex 22.9372 -2.54325 3.8147e-07
      vertex 23.1757 -2.32712 3.8147e-07
    endloop
  endfacet
  facet normal 0 0 -1
    outer loop
      vertex 24.05 -12.65 3.8147e-07
      vertex 22.9364 -2.54387 3.8147e-07
      vertex 22.9372 -2.54325 3.8147e-07
    endloop
  endfacet
  facet normal 0 0 -1
    outer loop
      vertex 22.05 -14.65 3.8147e-07
      vertex 22.9928 -14.4138 3.8147e-07
      vertex 22.8154 -14.4978 3.8147e-07
    endloop
  endfacet
  facet normal 0 0 -1
    outer loop
      vertex 24.05 -12.65 3.8147e-07
      vertex 22.6779 -2.73559 3.8147e-07
      vertex 22.9364 -2.54387 3.8147e-07
    endloop
  endfacet
  facet normal 0 0 -1
    outer loop
      vertex 22.05 -14.65 3.8147e-07
      vertex 22.8154 -14.4978 3.8147e-07
      vertex 22.6306 -14.5639 3.8147e-07
    endloop
  endfacet
  facet normal 0 0 -1
    outer loop
      vertex 22.05 -14.65 3.8147e-07
      vertex 22.6306 -14.5639 3.8147e-07
      vertex 22.4402 -14.6116 3.8147e-07
    endloop
  endfacet
  facet normal 0 0 -1
    outer loop
      vertex 24.05 -12.65 3.8147e-07
      vertex 22.4018 -2.90104 3.8147e-07
      vertex 22.6779 -2.73559 3.8147e-07
    endloop
  endfacet
  facet normal 0 0 -1
    outer loop
      vertex 24.05 -12.65 3.8147e-07
      vertex 22.4009 -2.90157 3.8147e-07
      vertex 22.4018 -2.90104 3.8147e-07
    endloop
  endfacet
  facet normal 0 0 -1
    outer loop
      vertex 22.05 -14.65 3.8147e-07
      vertex 22.4402 -14.6116 3.8147e-07
      vertex 22.246 -14.6404 3.8147e-07
    endloop
  endfacet
  facet normal 0 0 -1
    outer loop
      vertex 24.05 -12.65 3.8147e-07
      vertex 22.11 -3.03918 3.8147e-07
      vertex 22.4009 -2.90157 3.8147e-07
    endloop
  endfacet
  facet normal 0 0 -1
    outer loop
      vertex 24.05 -12.65 3.8147e-07
      vertex 22.1091 -3.03962 3.8147e-07
      vertex 22.11 -3.03918 3.8147e-07
    endloop
  endfacet
  facet normal -0 0 -1
    outer loop
      vertex 24.05 -12.65 3.8147e-07
      vertex 22.05 -14.65 3.8147e-07
      vertex 20.2081 -3.22684 3.8147e-07
    endloop
  endfacet
  facet normal 0 0 -1
    outer loop
      vertex 24.05 -12.65 3.8147e-07
      vertex 21.806 -3.14804 3.8147e-07
      vertex 22.1091 -3.03962 3.8147e-07
    endloop
  endfacet
  facet normal 0 0 -1
    outer loop
      vertex 24.05 -12.65 3.8147e-07
      vertex 21.8051 -3.14839 3.8147e-07
      vertex 21.806 -3.14804 3.8147e-07
    endloop
  endfacet
  facet normal 0 0 -1
    outer loop
      vertex 24.05 -12.65 3.8147e-07
      vertex 21.804 -3.14864 3.8147e-07
      vertex 21.8051 -3.14839 3.8147e-07
    endloop
  endfacet
  facet normal 0 0 -1
    outer loop
      vertex 24.05 -12.65 3.8147e-07
      vertex 21.4919 -3.22684 3.8147e-07
      vertex 21.804 -3.14864 3.8147e-07
    endloop
  endfacet
  facet normal 0 0 -1
    outer loop
      vertex 24.05 -12.65 3.8147e-07
      vertex 21.1735 -3.27407 3.8147e-07
      vertex 21.4919 -3.22684 3.8147e-07
    endloop
  endfacet
  facet normal 0 0 -1
    outer loop
      vertex 24.05 -12.65 3.8147e-07
      vertex 21.1725 -3.27422 3.8147e-07
      vertex 21.1735 -3.27407 3.8147e-07
    endloop
  endfacet
  facet normal 0 0 -1
    outer loop
      vertex 24.05 -12.65 3.8147e-07
      vertex 21.1714 -3.27427 3.8147e-07
      vertex 21.1725 -3.27422 3.8147e-07
    endloop
  endfacet
  facet normal 0 0 -1
    outer loop
      vertex 24.05 -12.65 3.8147e-07
      vertex 20.85 -3.29006 3.8147e-07
      vertex 21.1714 -3.27427 3.8147e-07
    endloop
  endfacet
  facet normal 0 0 -1
    outer loop
      vertex 24.05 -12.65 3.8147e-07
      vertex 20.5286 -3.27427 3.8147e-07
      vertex 20.85 -3.29006 3.8147e-07
    endloop
  endfacet
  facet normal 0 0 -1
    outer loop
      vertex 24.05 -12.65 3.8147e-07
      vertex 20.5275 -3.27422 3.8147e-07
      vertex 20.5286 -3.27427 3.8147e-07
    endloop
  endfacet
  facet normal 0 0 -1
    outer loop
      vertex 24.05 -12.65 3.8147e-07
      vertex 20.5265 -3.27407 3.8147e-07
      vertex 20.5275 -3.27422 3.8147e-07
    endloop
  endfacet
  facet normal 0 0 -1
    outer loop
      vertex 24.05 -12.65 3.8147e-07
      vertex 20.2081 -3.22684 3.8147e-07
      vertex 20.5265 -3.27407 3.8147e-07
    endloop
  endfacet
  facet normal 0 0 -1
    outer loop
      vertex 22.05 -14.65 3.8147e-07
      vertex 19.896 -3.14864 3.8147e-07
      vertex 20.2081 -3.22684 3.8147e-07
    endloop
  endfacet
  facet normal 0 0 -1
    outer loop
      vertex 22.05 -14.65 3.8147e-07
      vertex 19.8949 -3.14839 3.8147e-07
      vertex 19.896 -3.14864 3.8147e-07
    endloop
  endfacet
  facet normal 0 0 -1
    outer loop
      vertex 22.05 -14.65 3.8147e-07
      vertex 19.894 -3.14804 3.8147e-07
      vertex 19.8949 -3.14839 3.8147e-07
    endloop
  endfacet
  facet normal 0 0 -1
    outer loop
      vertex 22.05 -14.65 3.8147e-07
      vertex 19.5909 -3.03962 3.8147e-07
      vertex 19.894 -3.14804 3.8147e-07
    endloop
  endfacet
  facet normal 0 0 -1
    outer loop
      vertex 22.05 -14.65 3.8147e-07
      vertex 19.59 -3.03918 3.8147e-07
      vertex 19.5909 -3.03962 3.8147e-07
    endloop
  endfacet
  facet normal 0 0 -1
    outer loop
      vertex 22.05 -14.65 3.8147e-07
      vertex 19.2991 -2.90157 3.8147e-07
      vertex 19.59 -3.03918 3.8147e-07
    endloop
  endfacet
  facet normal 0 0 -1
    outer loop
      vertex 8.45 -11.65 3.8147e-07
      vertex 19.2991 -2.90157 3.8147e-07
      vertex 22.05 -14.65 3.8147e-07
    endloop
  endfacet
  facet normal -0 0 -1
    outer loop
      vertex 19.2991 -2.90157 3.8147e-07
      vertex 8.45 -11.65 3.8147e-07
      vertex 19.2982 -2.90104 3.8147e-07
    endloop
  endfacet
  facet normal -0 0 -1
    outer loop
      vertex 19.2982 -2.90104 3.8147e-07
      vertex 8.45 -11.65 3.8147e-07
      vertex 19.0221 -2.73559 3.8147e-07
    endloop
  endfacet
  facet normal -0 0 -1
    outer loop
      vertex 19.0221 -2.73559 3.8147e-07
      vertex 8.45 -11.65 3.8147e-07
      vertex 18.7636 -2.54387 3.8147e-07
    endloop
  endfacet
  facet normal -0 0 -1
    outer loop
      vertex 18.7636 -2.54387 3.8147e-07
      vertex 8.45 -11.65 3.8147e-07
      vertex 18.7628 -2.54325 3.8147e-07
    endloop
  endfacet
  facet normal -0 0 -1
    outer loop
      vertex 18.7628 -2.54325 3.8147e-07
      vertex 8.45 -11.65 3.8147e-07
      vertex 18.5243 -2.32712 3.8147e-07
    endloop
  endfacet
  facet normal -0 0 -1
    outer loop
      vertex 18.5243 -2.32712 3.8147e-07
      vertex 8.45 -11.65 3.8147e-07
      vertex 18.5236 -2.32642 3.8147e-07
    endloop
  endfacet
  facet normal -0 0 -1
    outer loop
      vertex 18.5236 -2.32642 3.8147e-07
      vertex 8.45 -11.65 3.8147e-07
      vertex 18.3074 -2.08796 3.8147e-07
    endloop
  endfacet
  facet normal -0 0 -1
    outer loop
      vertex 18.3074 -2.08796 3.8147e-07
      vertex 8.45 -11.65 3.8147e-07
      vertex 18.3067 -2.08719 3.8147e-07
    endloop
  endfacet
  facet normal -0 0 -1
    outer loop
      vertex 18.3067 -2.08719 3.8147e-07
      vertex 8.45 -11.65 3.8147e-07
      vertex 18.115 -1.82869 3.8147e-07
    endloop
  endfacet
  facet normal -0 0 -1
    outer loop
      vertex 18.115 -1.82869 3.8147e-07
      vertex 8.45 -11.65 3.8147e-07
      vertex 18.1144 -1.82786 3.8147e-07
    endloop
  endfacet
  facet normal -0 0 -1
    outer loop
      vertex 18.1144 -1.82786 3.8147e-07
      vertex 8.45 -11.65 3.8147e-07
      vertex 18.1139 -1.82697 3.8147e-07
    endloop
  endfacet
  facet normal -0 0 -1
    outer loop
      vertex 18.1139 -1.82697 3.8147e-07
      vertex 8.45 -11.65 3.8147e-07
      vertex 17.9484 -1.55092 3.8147e-07
    endloop
  endfacet
  facet normal -0 0 -1
    outer loop
      vertex 17.9484 -1.55092 3.8147e-07
      vertex 8.45 -11.65 3.8147e-07
      vertex 17.948 -1.54999 3.8147e-07
    endloop
  endfacet
  facet normal -0 0 -1
    outer loop
      vertex 17.948 -1.54999 3.8147e-07
      vertex 8.45 -11.65 3.8147e-07
      vertex 17.8104 -1.25905 3.8147e-07
    endloop
  endfacet
  facet normal -0 0 -1
    outer loop
      vertex 17.8104 -1.25905 3.8147e-07
      vertex 8.45 -11.65 3.8147e-07
      vertex 17.81 -1.25808 3.8147e-07
    endloop
  endfacet
  facet normal -0 0 -1
    outer loop
      vertex 17.5757 -0.321447 3.8147e-07
      vertex 8.45 -11.65 3.8147e-07
      vertex 17.5599 0 3.8147e-07
    endloop
  endfacet
  facet normal -0 0 -1
    outer loop
      vertex 17.5758 -0.322482 3.8147e-07
      vertex 8.45 -11.65 3.8147e-07
      vertex 17.5757 -0.321447 3.8147e-07
    endloop
  endfacet
  facet normal -0 0 -1
    outer loop
      vertex 17.623 -0.640834 3.8147e-07
      vertex 8.45 -11.65 3.8147e-07
      vertex 17.5758 -0.322482 3.8147e-07
    endloop
  endfacet
  facet normal -0 0 -1
    outer loop
      vertex 17.6232 -0.641859 3.8147e-07
      vertex 8.45 -11.65 3.8147e-07
      vertex 17.623 -0.640834 3.8147e-07
    endloop
  endfacet
  facet normal -0 0 -1
    outer loop
      vertex 17.6234 -0.642864 3.8147e-07
      vertex 8.45 -11.65 3.8147e-07
      vertex 17.6232 -0.641859 3.8147e-07
    endloop
  endfacet
  facet normal -0 0 -1
    outer loop
      vertex 17.7016 -0.955054 3.8147e-07
      vertex 8.45 -11.65 3.8147e-07
      vertex 17.6234 -0.642864 3.8147e-07
    endloop
  endfacet
  facet normal -0 0 -1
    outer loop
      vertex 17.81 -1.25808 3.8147e-07
      vertex 8.45 -11.65 3.8147e-07
      vertex 17.7016 -0.955054 3.8147e-07
    endloop
  endfacet
  facet normal 0 0 -1
    outer loop
      vertex 22.05 -14.65 3.8147e-07
      vertex 7.65 -11.65 3.8147e-07
      vertex 8.45 -11.65 3.8147e-07
    endloop
  endfacet
  facet normal 0 0 -1
    outer loop
      vertex 7.65 -11.65 3.8147e-07
      vertex -38.85 -11.65 3.8147e-07
      vertex 7.65 11.65 3.8147e-07
    endloop
  endfacet
  facet normal 0 0 -1
    outer loop
      vertex 22.05 -14.65 3.8147e-07
      vertex -38.85 -11.65 3.8147e-07
      vertex 7.65 -11.65 3.8147e-07
    endloop
  endfacet
  facet normal 0 0 -1
    outer loop
      vertex -61.65 -14.65 3.8147e-07
      vertex -38.85 -11.65 3.8147e-07
      vertex 22.05 -14.65 3.8147e-07
    endloop
  endfacet
  facet normal 0 0 -1
    outer loop
      vertex -39.65 -11.65 3.8147e-07
      vertex -47.85 0 3.8147e-07
      vertex -39.65 11.65 3.8147e-07
    endloop
  endfacet
  facet normal 0 0 -1
    outer loop
      vertex -39.65 -11.65 3.8147e-07
      vertex -47.8799 -0.607706 3.8147e-07
      vertex -47.85 0 3.8147e-07
    endloop
  endfacet
  facet normal 0 0 -1
    outer loop
      vertex -39.65 -11.65 3.8147e-07
      vertex -47.9691 -1.20956 3.8147e-07
      vertex -47.8799 -0.607706 3.8147e-07
    endloop
  endfacet
  facet normal 0 0 -1
    outer loop
      vertex -39.65 -11.65 3.8147e-07
      vertex -48.117 -1.79976 3.8147e-07
      vertex -47.9691 -1.20956 3.8147e-07
    endloop
  endfacet
  facet normal 0 0 -1
    outer loop
      vertex -39.65 -11.65 3.8147e-07
      vertex -48.3219 -2.37264 3.8147e-07
      vertex -48.117 -1.79976 3.8147e-07
    endloop
  endfacet
  facet normal 0 0 -1
    outer loop
      vertex -39.65 -11.65 3.8147e-07
      vertex -48.5821 -2.92266 3.8147e-07
      vertex -48.3219 -2.37264 3.8147e-07
    endloop
  endfacet
  facet normal 0 0 -1
    outer loop
      vertex -39.65 -11.65 3.8147e-07
      vertex -48.8949 -3.44454 3.8147e-07
      vertex -48.5821 -2.92266 3.8147e-07
    endloop
  endfacet
  facet normal 0 0 -1
    outer loop
      vertex -39.65 -11.65 3.8147e-07
      vertex -49.2573 -3.93324 3.8147e-07
      vertex -48.8949 -3.44454 3.8147e-07
    endloop
  endfacet
  facet normal 0 0 -1
    outer loop
      vertex -39.65 -11.65 3.8147e-07
      vertex -49.6659 -4.38406 3.8147e-07
      vertex -49.2573 -3.93324 3.8147e-07
    endloop
  endfacet
  facet normal 0 0 -1
    outer loop
      vertex -39.65 -11.65 3.8147e-07
      vertex -50.1168 -4.79266 3.8147e-07
      vertex -49.6659 -4.38406 3.8147e-07
    endloop
  endfacet
  facet normal 0 0 -1
    outer loop
      vertex -39.65 -11.65 3.8147e-07
      vertex -50.6055 -5.15511 3.8147e-07
      vertex -50.1168 -4.79266 3.8147e-07
    endloop
  endfacet
  facet normal 0 0 -1
    outer loop
      vertex -39.65 -11.65 3.8147e-07
      vertex -51.1273 -5.46791 3.8147e-07
      vertex -50.6055 -5.15511 3.8147e-07
    endloop
  endfacet
  facet normal 0 0 -1
    outer loop
      vertex -39.65 -11.65 3.8147e-07
      vertex -51.6774 -5.72805 3.8147e-07
      vertex -51.1273 -5.46791 3.8147e-07
    endloop
  endfacet
  facet normal 0 0 -1
    outer loop
      vertex -39.65 -11.65 3.8147e-07
      vertex -52.2502 -5.93303 3.8147e-07
      vertex -51.6774 -5.72805 3.8147e-07
    endloop
  endfacet
  facet normal 0 0 -1
    outer loop
      vertex -39.65 -11.65 3.8147e-07
      vertex -52.8404 -6.08087 3.8147e-07
      vertex -52.2502 -5.93303 3.8147e-07
    endloop
  endfacet
  facet normal 0 0 -1
    outer loop
      vertex -61.65 -14.65 3.8147e-07
      vertex -52.8404 -6.08087 3.8147e-07
      vertex -39.65 -11.65 3.8147e-07
    endloop
  endfacet
  facet normal 0 0 -1
    outer loop
      vertex -52.8404 -6.08087 3.8147e-07
      vertex -61.65 -14.65 3.8147e-07
      vertex -53.4423 -6.17015 3.8147e-07
    endloop
  endfacet
  facet normal 0 0 -1
    outer loop
      vertex -53.4423 -6.17015 3.8147e-07
      vertex -61.65 -14.65 3.8147e-07
      vertex -54.05 -6.2 3.8147e-07
    endloop
  endfacet
  facet normal -0 0 -1
    outer loop
      vertex -54.05 -6.2 3.8147e-07
      vertex -61.65 -14.65 3.8147e-07
      vertex -54.6577 -6.17015 3.8147e-07
    endloop
  endfacet
  facet normal -0 0 -1
    outer loop
      vertex -54.6577 -6.17015 3.8147e-07
      vertex -61.65 -14.65 3.8147e-07
      vertex -55.2596 -6.08087 3.8147e-07
    endloop
  endfacet
  facet normal -0 0 -1
    outer loop
      vertex -60.1309 -1.20956 3.8147e-07
      vertex -63.65 -12.65 3.8147e-07
      vertex -60.2201 -0.607706 3.8147e-07
    endloop
  endfacet
  facet normal -0 0 -1
    outer loop
      vertex -59.983 -1.79976 3.8147e-07
      vertex -63.65 -12.65 3.8147e-07
      vertex -60.1309 -1.20956 3.8147e-07
    endloop
  endfacet
  facet normal -0 0 -1
    outer loop
      vertex -59.7781 -2.37264 3.8147e-07
      vertex -63.65 -12.65 3.8147e-07
      vertex -59.983 -1.79976 3.8147e-07
    endloop
  endfacet
  facet normal -0 0 -1
    outer loop
      vertex -59.5179 -2.92266 3.8147e-07
      vertex -63.65 -12.65 3.8147e-07
      vertex -59.7781 -2.37264 3.8147e-07
    endloop
  endfacet
  facet normal -0 0 -1
    outer loop
      vertex -59.2051 -3.44454 3.8147e-07
      vertex -63.65 -12.65 3.8147e-07
      vertex -59.5179 -2.92266 3.8147e-07
    endloop
  endfacet
  facet normal -0 0 -1
    outer loop
      vertex -58.8427 -3.93324 3.8147e-07
      vertex -63.65 -12.65 3.8147e-07
      vertex -59.2051 -3.44454 3.8147e-07
    endloop
  endfacet
  facet normal -0 0 -1
    outer loop
      vertex -58.4341 -4.38406 3.8147e-07
      vertex -63.65 -12.65 3.8147e-07
      vertex -58.8427 -3.93324 3.8147e-07
    endloop
  endfacet
  facet normal -0 0 -1
    outer loop
      vertex -57.9832 -4.79266 3.8147e-07
      vertex -63.65 -12.65 3.8147e-07
      vertex -58.4341 -4.38406 3.8147e-07
    endloop
  endfacet
  facet normal -0 0 -1
    outer loop
      vertex -57.4945 -5.15511 3.8147e-07
      vertex -63.65 -12.65 3.8147e-07
      vertex -57.9832 -4.79266 3.8147e-07
    endloop
  endfacet
  facet normal -0 0 -1
    outer loop
      vertex -56.9727 -5.46791 3.8147e-07
      vertex -63.65 -12.65 3.8147e-07
      vertex -57.4945 -5.15511 3.8147e-07
    endloop
  endfacet
  facet normal 0 0 -1
    outer loop
      vertex -63.65 -12.65 3.8147e-07
      vertex -56.9727 -5.46791 3.8147e-07
      vertex -61.65 -14.65 3.8147e-07
    endloop
  endfacet
  facet normal -0 0 -1
    outer loop
      vertex -56.4226 -5.72805 3.8147e-07
      vertex -61.65 -14.65 3.8147e-07
      vertex -56.9727 -5.46791 3.8147e-07
    endloop
  endfacet
  facet normal -0 0 -1
    outer loop
      vertex -55.8498 -5.93303 3.8147e-07
      vertex -61.65 -14.65 3.8147e-07
      vertex -56.4226 -5.72805 3.8147e-07
    endloop
  endfacet
  facet normal -0 0 -1
    outer loop
      vertex -55.2596 -6.08087 3.8147e-07
      vertex -61.65 -14.65 3.8147e-07
      vertex -55.8498 -5.93303 3.8147e-07
    endloop
  endfacet
  facet normal -0 0 -1
    outer loop
      vertex -38.85 -11.65 3.8147e-07
      vertex -61.65 -14.65 3.8147e-07
      vertex -39.65 -11.65 3.8147e-07
    endloop
  endfacet
  facet normal 0 0 -1
    outer loop
      vertex 23.9986 0.954049 3.8147e-07
      vertex 24.05 12.65 3.8147e-07
      vertex 24.05 0.749029 3.8147e-07
    endloop
  endfacet
  facet normal 0 0 -1
    outer loop
      vertex 23.9984 0.955054 3.8147e-07
      vertex 24.05 12.65 3.8147e-07
      vertex 23.9986 0.954049 3.8147e-07
    endloop
  endfacet
  facet normal 0 0 -1
    outer loop
      vertex 23.998 0.95603 3.8147e-07
      vertex 24.05 12.65 3.8147e-07
      vertex 23.9984 0.955054 3.8147e-07
    endloop
  endfacet
  facet normal 0 0 -1
    outer loop
      vertex 23.8896 1.25905 3.8147e-07
      vertex 24.05 12.65 3.8147e-07
      vertex 23.998 0.95603 3.8147e-07
    endloop
  endfacet
  facet normal 0 0 -1
    outer loop
      vertex 23.752 1.54999 3.8147e-07
      vertex 24.05 12.65 3.8147e-07
      vertex 23.8896 1.25905 3.8147e-07
    endloop
  endfacet
  facet normal 0 0 -1
    outer loop
      vertex 23.7516 1.55092 3.8147e-07
      vertex 24.05 12.65 3.8147e-07
      vertex 23.752 1.54999 3.8147e-07
    endloop
  endfacet
  facet normal 0 0 -1
    outer loop
      vertex 23.5861 1.82697 3.8147e-07
      vertex 24.05 12.65 3.8147e-07
      vertex 23.7516 1.55092 3.8147e-07
    endloop
  endfacet
  facet normal 0 0 -1
    outer loop
      vertex 23.5856 1.82786 3.8147e-07
      vertex 24.05 12.65 3.8147e-07
      vertex 23.5861 1.82697 3.8147e-07
    endloop
  endfacet
  facet normal 0 0 -1
    outer loop
      vertex 23.3939 2.08636 3.8147e-07
      vertex 24.05 12.65 3.8147e-07
      vertex 23.5856 1.82786 3.8147e-07
    endloop
  endfacet
  facet normal 0 0 -1
    outer loop
      vertex 23.3933 2.08719 3.8147e-07
      vertex 24.05 12.65 3.8147e-07
      vertex 23.3939 2.08636 3.8147e-07
    endloop
  endfacet
  facet normal 0 0 -1
    outer loop
      vertex 23.3926 2.08796 3.8147e-07
      vertex 24.05 12.65 3.8147e-07
      vertex 23.3933 2.08719 3.8147e-07
    endloop
  endfacet
  facet normal 0 0 -1
    outer loop
      vertex 23.1764 2.32642 3.8147e-07
      vertex 24.05 12.65 3.8147e-07
      vertex 23.3926 2.08796 3.8147e-07
    endloop
  endfacet
  facet normal 0 0 -1
    outer loop
      vertex 23.1757 2.32712 3.8147e-07
      vertex 24.05 12.65 3.8147e-07
      vertex 23.1764 2.32642 3.8147e-07
    endloop
  endfacet
  facet normal 0 0 -1
    outer loop
      vertex 22.9372 2.54325 3.8147e-07
      vertex 24.05 12.65 3.8147e-07
      vertex 23.1757 2.32712 3.8147e-07
    endloop
  endfacet
  facet normal 0 0 -1
    outer loop
      vertex 22.9364 2.54387 3.8147e-07
      vertex 24.05 12.65 3.8147e-07
      vertex 22.9372 2.54325 3.8147e-07
    endloop
  endfacet
  facet normal 0 0 -1
    outer loop
      vertex 22.6779 2.73559 3.8147e-07
      vertex 24.05 12.65 3.8147e-07
      vertex 22.9364 2.54387 3.8147e-07
    endloop
  endfacet
  facet normal 0 0 -1
    outer loop
      vertex 22.4018 2.90104 3.8147e-07
      vertex 24.05 12.65 3.8147e-07
      vertex 22.6779 2.73559 3.8147e-07
    endloop
  endfacet
  facet normal 0 0 -1
    outer loop
      vertex 22.4009 2.90157 3.8147e-07
      vertex 24.05 12.65 3.8147e-07
      vertex 22.4018 2.90104 3.8147e-07
    endloop
  endfacet
  facet normal 0 0 -1
    outer loop
      vertex 22.11 3.03918 3.8147e-07
      vertex 24.05 12.65 3.8147e-07
      vertex 22.4009 2.90157 3.8147e-07
    endloop
  endfacet
  facet normal 0 0 -1
    outer loop
      vertex 22.1091 3.03962 3.8147e-07
      vertex 24.05 12.65 3.8147e-07
      vertex 22.11 3.03918 3.8147e-07
    endloop
  endfacet
  facet normal 0 0 -1
    outer loop
      vertex 21.806 3.14804 3.8147e-07
      vertex 24.05 12.65 3.8147e-07
      vertex 22.1091 3.03962 3.8147e-07
    endloop
  endfacet
  facet normal 0 0 -1
    outer loop
      vertex 21.8051 3.14839 3.8147e-07
      vertex 24.05 12.65 3.8147e-07
      vertex 21.806 3.14804 3.8147e-07
    endloop
  endfacet
  facet normal 0 0 -1
    outer loop
      vertex 21.804 3.14864 3.8147e-07
      vertex 24.05 12.65 3.8147e-07
      vertex 21.8051 3.14839 3.8147e-07
    endloop
  endfacet
  facet normal 0 0 -1
    outer loop
      vertex 21.4919 3.22684 3.8147e-07
      vertex 24.05 12.65 3.8147e-07
      vertex 21.804 3.14864 3.8147e-07
    endloop
  endfacet
  facet normal 0 0 -1
    outer loop
      vertex 21.1735 3.27407 3.8147e-07
      vertex 24.05 12.65 3.8147e-07
      vertex 21.4919 3.22684 3.8147e-07
    endloop
  endfacet
  facet normal 0 0 -1
    outer loop
      vertex 21.1725 3.27422 3.8147e-07
      vertex 24.05 12.65 3.8147e-07
      vertex 21.1735 3.27407 3.8147e-07
    endloop
  endfacet
  facet normal 0 0 -1
    outer loop
      vertex 21.1714 3.27427 3.8147e-07
      vertex 24.05 12.65 3.8147e-07
      vertex 21.1725 3.27422 3.8147e-07
    endloop
  endfacet
  facet normal 0 0 -1
    outer loop
      vertex 20.85 3.29006 3.8147e-07
      vertex 24.05 12.65 3.8147e-07
      vertex 21.1714 3.27427 3.8147e-07
    endloop
  endfacet
  facet normal 0 0 -1
    outer loop
      vertex 20.5286 3.27427 3.8147e-07
      vertex 24.05 12.65 3.8147e-07
      vertex 20.85 3.29006 3.8147e-07
    endloop
  endfacet
  facet normal 0 0 -1
    outer loop
      vertex 20.5275 3.27422 3.8147e-07
      vertex 24.05 12.65 3.8147e-07
      vertex 20.5286 3.27427 3.8147e-07
    endloop
  endfacet
  facet normal 0 0 -1
    outer loop
      vertex 20.5265 3.27407 3.8147e-07
      vertex 24.05 12.65 3.8147e-07
      vertex 20.5275 3.27422 3.8147e-07
    endloop
  endfacet
  facet normal 0 0 -1
    outer loop
      vertex 20.2081 3.22684 3.8147e-07
      vertex 24.05 12.65 3.8147e-07
      vertex 20.5265 3.27407 3.8147e-07
    endloop
  endfacet
  facet normal 0 -0 -1
    outer loop
      vertex 22.05 14.65 3.8147e-07
      vertex 24.05 12.65 3.8147e-07
      vertex 20.2081 3.22684 3.8147e-07
    endloop
  endfacet
  facet normal 0 0 -1
    outer loop
      vertex 24.05 12.65 3.8147e-07
      vertex 22.05 14.65 3.8147e-07
      vertex 24.0404 12.846 3.8147e-07
    endloop
  endfacet
  facet normal 0 0 -1
    outer loop
      vertex 23.9639 13.2306 3.8147e-07
      vertex 22.05 14.65 3.8147e-07
      vertex 23.8978 13.4154 3.8147e-07
    endloop
  endfacet
  facet normal 0 0 -1
    outer loop
      vertex 23.7129 13.7611 3.8147e-07
      vertex 22.05 14.65 3.8147e-07
      vertex 23.596 13.9188 3.8147e-07
    endloop
  endfacet
  facet normal 0 0 -1
    outer loop
      vertex 23.596 13.9188 3.8147e-07
      vertex 22.05 14.65 3.8147e-07
      vertex 23.4642 14.0642 3.8147e-07
    endloop
  endfacet
  facet normal 0 0 -1
    outer loop
      vertex 23.4642 14.0642 3.8147e-07
      vertex 22.05 14.65 3.8147e-07
      vertex 23.3188 14.196 3.8147e-07
    endloop
  endfacet
  facet normal 0 0 -1
    outer loop
      vertex 23.3188 14.196 3.8147e-07
      vertex 22.05 14.65 3.8147e-07
      vertex 23.1611 14.3129 3.8147e-07
    endloop
  endfacet
  facet normal 0 0 -1
    outer loop
      vertex 22.8154 14.4978 3.8147e-07
      vertex 22.05 14.65 3.8147e-07
      vertex 22.6306 14.5639 3.8147e-07
    endloop
  endfacet
  facet normal 0 0 -1
    outer loop
      vertex 22.6306 14.5639 3.8147e-07
      vertex 22.05 14.65 3.8147e-07
      vertex 22.4402 14.6116 3.8147e-07
    endloop
  endfacet
  facet normal 0 0 -1
    outer loop
      vertex 22.4402 14.6116 3.8147e-07
      vertex 22.05 14.65 3.8147e-07
      vertex 22.246 14.6404 3.8147e-07
    endloop
  endfacet
  facet normal 0 0 -1
    outer loop
      vertex 22.9928 14.4138 3.8147e-07
      vertex 22.05 14.65 3.8147e-07
      vertex 22.8154 14.4978 3.8147e-07
    endloop
  endfacet
  facet normal 0 0 -1
    outer loop
      vertex 23.1611 14.3129 3.8147e-07
      vertex 22.05 14.65 3.8147e-07
      vertex 22.9928 14.4138 3.8147e-07
    endloop
  endfacet
  facet normal 0 0 -1
    outer loop
      vertex 23.8978 13.4154 3.8147e-07
      vertex 22.05 14.65 3.8147e-07
      vertex 23.8138 13.5928 3.8147e-07
    endloop
  endfacet
  facet normal 0 0 -1
    outer loop
      vertex 23.8138 13.5928 3.8147e-07
      vertex 22.05 14.65 3.8147e-07
      vertex 23.7129 13.7611 3.8147e-07
    endloop
  endfacet
  facet normal 0 0 -1
    outer loop
      vertex 24.0116 13.0402 3.8147e-07
      vertex 22.05 14.65 3.8147e-07
      vertex 23.9639 13.2306 3.8147e-07
    endloop
  endfacet
  facet normal 0 0 -1
    outer loop
      vertex 24.0404 12.846 3.8147e-07
      vertex 22.05 14.65 3.8147e-07
      vertex 24.0116 13.0402 3.8147e-07
    endloop
  endfacet
  facet normal 0 0 -1
    outer loop
      vertex 19.896 3.14864 3.8147e-07
      vertex 22.05 14.65 3.8147e-07
      vertex 20.2081 3.22684 3.8147e-07
    endloop
  endfacet
  facet normal 0 0 -1
    outer loop
      vertex 19.8949 3.14839 3.8147e-07
      vertex 22.05 14.65 3.8147e-07
      vertex 19.896 3.14864 3.8147e-07
    endloop
  endfacet
  facet normal 0 0 -1
    outer loop
      vertex 19.894 3.14804 3.8147e-07
      vertex 22.05 14.65 3.8147e-07
      vertex 19.8949 3.14839 3.8147e-07
    endloop
  endfacet
  facet normal 0 0 -1
    outer loop
      vertex 19.5909 3.03962 3.8147e-07
      vertex 22.05 14.65 3.8147e-07
      vertex 19.894 3.14804 3.8147e-07
    endloop
  endfacet
  facet normal 0 0 -1
    outer loop
      vertex 19.59 3.03918 3.8147e-07
      vertex 22.05 14.65 3.8147e-07
      vertex 19.5909 3.03962 3.8147e-07
    endloop
  endfacet
  facet normal 0 0 -1
    outer loop
      vertex 19.2991 2.90157 3.8147e-07
      vertex 22.05 14.65 3.8147e-07
      vertex 19.59 3.03918 3.8147e-07
    endloop
  endfacet
  facet normal 0 0 -1
    outer loop
      vertex 8.45 11.65 3.8147e-07
      vertex 19.2991 2.90157 3.8147e-07
      vertex 19.2982 2.90104 3.8147e-07
    endloop
  endfacet
  facet normal 0 0 -1
    outer loop
      vertex 8.45 11.65 3.8147e-07
      vertex 19.2982 2.90104 3.8147e-07
      vertex 19.0221 2.73559 3.8147e-07
    endloop
  endfacet
  facet normal 0 0 -1
    outer loop
      vertex 8.45 11.65 3.8147e-07
      vertex 19.0221 2.73559 3.8147e-07
      vertex 18.7636 2.54387 3.8147e-07
    endloop
  endfacet
  facet normal 0 0 -1
    outer loop
      vertex 8.45 11.65 3.8147e-07
      vertex 18.7636 2.54387 3.8147e-07
      vertex 18.7628 2.54325 3.8147e-07
    endloop
  endfacet
  facet normal 0 0 -1
    outer loop
      vertex 8.45 11.65 3.8147e-07
      vertex 18.7628 2.54325 3.8147e-07
      vertex 18.5243 2.32712 3.8147e-07
    endloop
  endfacet
  facet normal 0 0 -1
    outer loop
      vertex 8.45 11.65 3.8147e-07
      vertex 18.5243 2.32712 3.8147e-07
      vertex 18.5236 2.32642 3.8147e-07
    endloop
  endfacet
  facet normal 0 0 -1
    outer loop
      vertex 8.45 11.65 3.8147e-07
      vertex 18.5236 2.32642 3.8147e-07
      vertex 18.3074 2.08796 3.8147e-07
    endloop
  endfacet
  facet normal 0 0 -1
    outer loop
      vertex 8.45 11.65 3.8147e-07
      vertex 18.3074 2.08796 3.8147e-07
      vertex 18.3067 2.08719 3.8147e-07
    endloop
  endfacet
  facet normal 0 0 -1
    outer loop
      vertex 8.45 11.65 3.8147e-07
      vertex 18.3067 2.08719 3.8147e-07
      vertex 18.115 1.82869 3.8147e-07
    endloop
  endfacet
  facet normal 0 0 -1
    outer loop
      vertex 8.45 11.65 3.8147e-07
      vertex 18.115 1.82869 3.8147e-07
      vertex 18.1144 1.82786 3.8147e-07
    endloop
  endfacet
  facet normal 0 0 -1
    outer loop
      vertex 8.45 11.65 3.8147e-07
      vertex 18.1144 1.82786 3.8147e-07
      vertex 18.1139 1.82697 3.8147e-07
    endloop
  endfacet
  facet normal 0 0 -1
    outer loop
      vertex 8.45 11.65 3.8147e-07
      vertex 18.1139 1.82697 3.8147e-07
      vertex 17.9484 1.55092 3.8147e-07
    endloop
  endfacet
  facet normal 0 0 -1
    outer loop
      vertex 8.45 11.65 3.8147e-07
      vertex 17.9484 1.55092 3.8147e-07
      vertex 17.948 1.54999 3.8147e-07
    endloop
  endfacet
  facet normal 0 0 -1
    outer loop
      vertex 8.45 11.65 3.8147e-07
      vertex 17.948 1.54999 3.8147e-07
      vertex 17.8104 1.25905 3.8147e-07
    endloop
  endfacet
  facet normal 0 0 -1
    outer loop
      vertex 8.45 11.65 3.8147e-07
      vertex 17.8104 1.25905 3.8147e-07
      vertex 17.81 1.25808 3.8147e-07
    endloop
  endfacet
  facet normal 0 0 -1
    outer loop
      vertex 8.45 11.65 3.8147e-07
      vertex 17.81 1.25808 3.8147e-07
      vertex 17.7016 0.955054 3.8147e-07
    endloop
  endfacet
  facet normal 0 0 -1
    outer loop
      vertex 8.45 11.65 3.8147e-07
      vertex 17.5599 0 3.8147e-07
      vertex 8.45 -11.65 3.8147e-07
    endloop
  endfacet
  facet normal 0 0 -1
    outer loop
      vertex 17.5599 0 3.8147e-07
      vertex 8.45 11.65 3.8147e-07
      vertex 17.5757 0.321447 3.8147e-07
    endloop
  endfacet
  facet normal 0 0 -1
    outer loop
      vertex 17.5757 0.321447 3.8147e-07
      vertex 8.45 11.65 3.8147e-07
      vertex 17.5758 0.322482 3.8147e-07
    endloop
  endfacet
  facet normal 0 0 -1
    outer loop
      vertex 17.5758 0.322482 3.8147e-07
      vertex 8.45 11.65 3.8147e-07
      vertex 17.623 0.640834 3.8147e-07
    endloop
  endfacet
  facet normal 0 0 -1
    outer loop
      vertex 17.623 0.640834 3.8147e-07
      vertex 8.45 11.65 3.8147e-07
      vertex 17.6232 0.641859 3.8147e-07
    endloop
  endfacet
  facet normal 0 0 -1
    outer loop
      vertex 17.6232 0.641859 3.8147e-07
      vertex 8.45 11.65 3.8147e-07
      vertex 17.6234 0.642864 3.8147e-07
    endloop
  endfacet
  facet normal 0 0 -1
    outer loop
      vertex 17.6234 0.642864 3.8147e-07
      vertex 8.45 11.65 3.8147e-07
      vertex 17.7016 0.955054 3.8147e-07
    endloop
  endfacet
  facet normal 0 0 -1
    outer loop
      vertex 19.2991 2.90157 3.8147e-07
      vertex 8.45 11.65 3.8147e-07
      vertex 22.05 14.65 3.8147e-07
    endloop
  endfacet
  facet normal 0 0 -1
    outer loop
      vertex 7.65 11.65 3.8147e-07
      vertex 22.05 14.65 3.8147e-07
      vertex 8.45 11.65 3.8147e-07
    endloop
  endfacet
  facet normal 0 0 -1
    outer loop
      vertex -38.85 11.65 3.8147e-07
      vertex 7.65 11.65 3.8147e-07
      vertex -38.85 -11.65 3.8147e-07
    endloop
  endfacet
  facet normal 0 0 -1
    outer loop
      vertex -38.85 11.65 3.8147e-07
      vertex 22.05 14.65 3.8147e-07
      vertex 7.65 11.65 3.8147e-07
    endloop
  endfacet
  facet normal 0 0 -1
    outer loop
      vertex -61.65 14.65 3.8147e-07
      vertex -38.85 11.65 3.8147e-07
      vertex -39.65 11.65 3.8147e-07
    endloop
  endfacet
  facet normal 0 0 -1
    outer loop
      vertex -47.8799 0.607706 3.8147e-07
      vertex -39.65 11.65 3.8147e-07
      vertex -47.85 0 3.8147e-07
    endloop
  endfacet
  facet normal 0 0 -1
    outer loop
      vertex -47.9691 1.20956 3.8147e-07
      vertex -39.65 11.65 3.8147e-07
      vertex -47.8799 0.607706 3.8147e-07
    endloop
  endfacet
  facet normal 0 0 -1
    outer loop
      vertex -48.117 1.79976 3.8147e-07
      vertex -39.65 11.65 3.8147e-07
      vertex -47.9691 1.20956 3.8147e-07
    endloop
  endfacet
  facet normal 0 0 -1
    outer loop
      vertex -48.3219 2.37264 3.8147e-07
      vertex -39.65 11.65 3.8147e-07
      vertex -48.117 1.79976 3.8147e-07
    endloop
  endfacet
  facet normal 0 0 -1
    outer loop
      vertex -48.5821 2.92266 3.8147e-07
      vertex -39.65 11.65 3.8147e-07
      vertex -48.3219 2.37264 3.8147e-07
    endloop
  endfacet
  facet normal 0 0 -1
    outer loop
      vertex -48.8949 3.44454 3.8147e-07
      vertex -39.65 11.65 3.8147e-07
      vertex -48.5821 2.92266 3.8147e-07
    endloop
  endfacet
  facet normal 0 0 -1
    outer loop
      vertex -49.2573 3.93324 3.8147e-07
      vertex -39.65 11.65 3.8147e-07
      vertex -48.8949 3.44454 3.8147e-07
    endloop
  endfacet
  facet normal 0 0 -1
    outer loop
      vertex -49.6659 4.38406 3.8147e-07
      vertex -39.65 11.65 3.8147e-07
      vertex -49.2573 3.93324 3.8147e-07
    endloop
  endfacet
  facet normal 0 0 -1
    outer loop
      vertex -50.1168 4.79266 3.8147e-07
      vertex -39.65 11.65 3.8147e-07
      vertex -49.6659 4.38406 3.8147e-07
    endloop
  endfacet
  facet normal 0 0 -1
    outer loop
      vertex -50.6055 5.15511 3.8147e-07
      vertex -39.65 11.65 3.8147e-07
      vertex -50.1168 4.79266 3.8147e-07
    endloop
  endfacet
  facet normal 0 0 -1
    outer loop
      vertex -51.1273 5.46791 3.8147e-07
      vertex -39.65 11.65 3.8147e-07
      vertex -50.6055 5.15511 3.8147e-07
    endloop
  endfacet
  facet normal 0 0 -1
    outer loop
      vertex -51.6774 5.72805 3.8147e-07
      vertex -39.65 11.65 3.8147e-07
      vertex -51.1273 5.46791 3.8147e-07
    endloop
  endfacet
  facet normal 0 0 -1
    outer loop
      vertex -52.2502 5.93303 3.8147e-07
      vertex -39.65 11.65 3.8147e-07
      vertex -51.6774 5.72805 3.8147e-07
    endloop
  endfacet
  facet normal 0 0 -1
    outer loop
      vertex -52.8404 6.08087 3.8147e-07
      vertex -39.65 11.65 3.8147e-07
      vertex -52.2502 5.93303 3.8147e-07
    endloop
  endfacet
  facet normal 0 0 -1
    outer loop
      vertex -61.65 14.65 3.8147e-07
      vertex -52.8404 6.08087 3.8147e-07
      vertex -53.4423 6.17015 3.8147e-07
    endloop
  endfacet
  facet normal 0 0 -1
    outer loop
      vertex -61.65 14.65 3.8147e-07
      vertex -53.4423 6.17015 3.8147e-07
      vertex -54.05 6.2 3.8147e-07
    endloop
  endfacet
  facet normal 0 0 -1
    outer loop
      vertex -61.65 14.65 3.8147e-07
      vertex -54.05 6.2 3.8147e-07
      vertex -54.6577 6.17015 3.8147e-07
    endloop
  endfacet
  facet normal 0 0 -1
    outer loop
      vertex -61.65 14.65 3.8147e-07
      vertex -54.6577 6.17015 3.8147e-07
      vertex -55.2596 6.08087 3.8147e-07
    endloop
  endfacet
  facet normal 0 0 -1
    outer loop
      vertex -61.65 14.65 3.8147e-07
      vertex -55.2596 6.08087 3.8147e-07
      vertex -55.8498 5.93303 3.8147e-07
    endloop
  endfacet
  facet normal -0 0 -1
    outer loop
      vertex -60.2201 -0.607706 3.8147e-07
      vertex -63.65 -12.65 3.8147e-07
      vertex -60.25 0 3.8147e-07
    endloop
  endfacet
  facet normal 0 0 -1
    outer loop
      vertex -38.85 11.65 3.8147e-07
      vertex -61.65 14.65 3.8147e-07
      vertex 22.05 14.65 3.8147e-07
    endloop
  endfacet
  facet normal 0 0 -1
    outer loop
      vertex -52.8404 6.08087 3.8147e-07
      vertex -61.65 14.65 3.8147e-07
      vertex -39.65 11.65 3.8147e-07
    endloop
  endfacet
  facet normal 0 0 -1
    outer loop
      vertex -56.4226 5.72805 3.8147e-07
      vertex -61.65 14.65 3.8147e-07
      vertex -55.8498 5.93303 3.8147e-07
    endloop
  endfacet
  facet normal 0 0 -1
    outer loop
      vertex -56.9727 5.46791 3.8147e-07
      vertex -61.65 14.65 3.8147e-07
      vertex -56.4226 5.72805 3.8147e-07
    endloop
  endfacet
  facet normal 0 0 -1
    outer loop
      vertex -63.65 12.65 3.8147e-07
      vertex -56.9727 5.46791 3.8147e-07
      vertex -57.4945 5.15511 3.8147e-07
    endloop
  endfacet
  facet normal 0 0 -1
    outer loop
      vertex -63.65 12.65 3.8147e-07
      vertex -57.4945 5.15511 3.8147e-07
      vertex -57.9832 4.79266 3.8147e-07
    endloop
  endfacet
  facet normal 0 0 -1
    outer loop
      vertex -63.65 12.65 3.8147e-07
      vertex -57.9832 4.79266 3.8147e-07
      vertex -58.4341 4.38406 3.8147e-07
    endloop
  endfacet
  facet normal 0 0 -1
    outer loop
      vertex -63.65 12.65 3.8147e-07
      vertex -58.4341 4.38406 3.8147e-07
      vertex -58.8427 3.93324 3.8147e-07
    endloop
  endfacet
  facet normal 0 0 -1
    outer loop
      vertex -63.65 12.65 3.8147e-07
      vertex -58.8427 3.93324 3.8147e-07
      vertex -59.2051 3.44454 3.8147e-07
    endloop
  endfacet
  facet normal 0 0 -1
    outer loop
      vertex -63.65 12.65 3.8147e-07
      vertex -59.2051 3.44454 3.8147e-07
      vertex -59.5179 2.92266 3.8147e-07
    endloop
  endfacet
  facet normal 0 0 -1
    outer loop
      vertex -63.65 12.65 3.8147e-07
      vertex -59.5179 2.92266 3.8147e-07
      vertex -59.7781 2.37264 3.8147e-07
    endloop
  endfacet
  facet normal 0 0 -1
    outer loop
      vertex -63.65 12.65 3.8147e-07
      vertex -59.7781 2.37264 3.8147e-07
      vertex -59.983 1.79976 3.8147e-07
    endloop
  endfacet
  facet normal 0 0 -1
    outer loop
      vertex -63.65 12.65 3.8147e-07
      vertex -59.983 1.79976 3.8147e-07
      vertex -60.1309 1.20956 3.8147e-07
    endloop
  endfacet
  facet normal 0 0 -1
    outer loop
      vertex -63.65 12.65 3.8147e-07
      vertex -60.1309 1.20956 3.8147e-07
      vertex -60.2201 0.607706 3.8147e-07
    endloop
  endfacet
  facet normal 0 0 -1
    outer loop
      vertex -63.65 12.65 3.8147e-07
      vertex -60.25 0 3.8147e-07
      vertex -63.65 -12.65 3.8147e-07
    endloop
  endfacet
  facet normal 0 0 -1
    outer loop
      vertex -63.65 -12.65 3.8147e-07
      vertex -61.65 -14.65 3.8147e-07
      vertex -61.846 -14.6404 3.8147e-07
    endloop
  endfacet
  facet normal 0 0 -1
    outer loop
      vertex -60.25 0 3.8147e-07
      vertex -63.65 12.65 3.8147e-07
      vertex -60.2201 0.607706 3.8147e-07
    endloop
  endfacet
  facet normal 0 0 -1
    outer loop
      vertex -63.65 -12.65 3.8147e-07
      vertex -61.846 -14.6404 3.8147e-07
      vertex -62.0402 -14.6116 3.8147e-07
    endloop
  endfacet
  facet normal 0 0 -1
    outer loop
      vertex -56.9727 5.46791 3.8147e-07
      vertex -63.65 12.65 3.8147e-07
      vertex -61.65 14.65 3.8147e-07
    endloop
  endfacet
  facet normal 0 0 -1
    outer loop
      vertex -63.65 -12.65 3.8147e-07
      vertex -62.0402 -14.6116 3.8147e-07
      vertex -62.2306 -14.5639 3.8147e-07
    endloop
  endfacet
  facet normal 0 0 -1
    outer loop
      vertex -61.65 14.65 3.8147e-07
      vertex -63.65 12.65 3.8147e-07
      vertex -61.846 14.6404 3.8147e-07
    endloop
  endfacet
  facet normal 0 0 -1
    outer loop
      vertex -63.65 -12.65 3.8147e-07
      vertex -62.2306 -14.5639 3.8147e-07
      vertex -62.4154 -14.4978 3.8147e-07
    endloop
  endfacet
  facet normal 0 0 -1
    outer loop
      vertex -61.846 14.6404 3.8147e-07
      vertex -63.65 12.65 3.8147e-07
      vertex -62.0402 14.6116 3.8147e-07
    endloop
  endfacet
  facet normal 0 0 -1
    outer loop
      vertex -63.65 -12.65 3.8147e-07
      vertex -62.4154 -14.4978 3.8147e-07
      vertex -62.5928 -14.4138 3.8147e-07
    endloop
  endfacet
  facet normal 0 0 -1
    outer loop
      vertex -62.0402 14.6116 3.8147e-07
      vertex -63.65 12.65 3.8147e-07
      vertex -62.2306 14.5639 3.8147e-07
    endloop
  endfacet
  facet normal 0 0 -1
    outer loop
      vertex -63.65 -12.65 3.8147e-07
      vertex -62.5928 -14.4138 3.8147e-07
      vertex -62.7611 -14.3129 3.8147e-07
    endloop
  endfacet
  facet normal 0 0 -1
    outer loop
      vertex -62.2306 14.5639 3.8147e-07
      vertex -63.65 12.65 3.8147e-07
      vertex -62.4154 14.4978 3.8147e-07
    endloop
  endfacet
  facet normal 0 0 -1
    outer loop
      vertex -63.65 -12.65 3.8147e-07
      vertex -62.7611 -14.3129 3.8147e-07
      vertex -62.9188 -14.196 3.8147e-07
    endloop
  endfacet
  facet normal 0 0 -1
    outer loop
      vertex -62.4154 14.4978 3.8147e-07
      vertex -63.65 12.65 3.8147e-07
      vertex -62.5928 14.4138 3.8147e-07
    endloop
  endfacet
  facet normal 0 0 -1
    outer loop
      vertex -63.65 -12.65 3.8147e-07
      vertex -62.9188 -14.196 3.8147e-07
      vertex -63.0642 -14.0642 3.8147e-07
    endloop
  endfacet
  facet normal 0 0 -1
    outer loop
      vertex -62.5928 14.4138 3.8147e-07
      vertex -63.65 12.65 3.8147e-07
      vertex -62.7611 14.3129 3.8147e-07
    endloop
  endfacet
  facet normal 0 0 -1
    outer loop
      vertex -63.65 -12.65 3.8147e-07
      vertex -63.0642 -14.0642 3.8147e-07
      vertex -63.196 -13.9188 3.8147e-07
    endloop
  endfacet
  facet normal 0 0 -1
    outer loop
      vertex -62.7611 14.3129 3.8147e-07
      vertex -63.65 12.65 3.8147e-07
      vertex -62.9188 14.196 3.8147e-07
    endloop
  endfacet
  facet normal 0 0 -1
    outer loop
      vertex -63.65 -12.65 3.8147e-07
      vertex -63.196 -13.9188 3.8147e-07
      vertex -63.3129 -13.7611 3.8147e-07
    endloop
  endfacet
  facet normal 0 0 -1
    outer loop
      vertex -62.9188 14.196 3.8147e-07
      vertex -63.65 12.65 3.8147e-07
      vertex -63.0642 14.0642 3.8147e-07
    endloop
  endfacet
  facet normal 0 0 -1
    outer loop
      vertex -63.65 -12.65 3.8147e-07
      vertex -63.3129 -13.7611 3.8147e-07
      vertex -63.4138 -13.5928 3.8147e-07
    endloop
  endfacet
  facet normal 0 0 -1
    outer loop
      vertex -63.0642 14.0642 3.8147e-07
      vertex -63.65 12.65 3.8147e-07
      vertex -63.196 13.9188 3.8147e-07
    endloop
  endfacet
  facet normal 0 0 -1
    outer loop
      vertex -63.65 -12.65 3.8147e-07
      vertex -63.4138 -13.5928 3.8147e-07
      vertex -63.4978 -13.4154 3.8147e-07
    endloop
  endfacet
  facet normal 0 0 -1
    outer loop
      vertex -63.196 13.9188 3.8147e-07
      vertex -63.65 12.65 3.8147e-07
      vertex -63.3129 13.7611 3.8147e-07
    endloop
  endfacet
  facet normal 0 0 -1
    outer loop
      vertex -63.65 -12.65 3.8147e-07
      vertex -63.4978 -13.4154 3.8147e-07
      vertex -63.5639 -13.2306 3.8147e-07
    endloop
  endfacet
  facet normal 0 0 -1
    outer loop
      vertex -63.3129 13.7611 3.8147e-07
      vertex -63.65 12.65 3.8147e-07
      vertex -63.4138 13.5928 3.8147e-07
    endloop
  endfacet
  facet normal 0 0 -1
    outer loop
      vertex -63.65 -12.65 3.8147e-07
      vertex -63.5639 -13.2306 3.8147e-07
      vertex -63.6116 -13.0402 3.8147e-07
    endloop
  endfacet
  facet normal 0 0 -1
    outer loop
      vertex -63.4138 13.5928 3.8147e-07
      vertex -63.65 12.65 3.8147e-07
      vertex -63.4978 13.4154 3.8147e-07
    endloop
  endfacet
  facet normal 0 0 -1
    outer loop
      vertex -63.65 -12.65 3.8147e-07
      vertex -63.6116 -13.0402 3.8147e-07
      vertex -63.6404 -12.846 3.8147e-07
    endloop
  endfacet
  facet normal 0 0 -1
    outer loop
      vertex -63.4978 13.4154 3.8147e-07
      vertex -63.65 12.65 3.8147e-07
      vertex -63.5639 13.2306 3.8147e-07
    endloop
  endfacet
  facet normal 0 0 -1
    outer loop
      vertex -63.5639 13.2306 3.8147e-07
      vertex -63.65 12.65 3.8147e-07
      vertex -63.6116 13.0402 3.8147e-07
    endloop
  endfacet
  facet normal 0 0 -1
    outer loop
      vertex -63.6116 13.0402 3.8147e-07
      vertex -63.65 12.65 3.8147e-07
      vertex -63.6404 12.846 3.8147e-07
    endloop
  endfacet
  facet normal 0 0 -1
    outer loop
      vertex -63.65 -7.5 3.2
      vertex -61.75 -5.54618 3.2
      vertex -61.75 -7.5 3.2
    endloop
  endfacet
  facet normal -0 0 -1
    outer loop
      vertex -61.75 -5.54618 3.2
      vertex -63.65 -7.5 3.2
      vertex -61.949 -5.27792 3.2
    endloop
  endfacet
  facet normal -0 0 -1
    outer loop
      vertex -61.949 -5.27792 3.2
      vertex -63.65 -7.5 3.2
      vertex -62.4283 -4.47827 3.2
    endloop
  endfacet
  facet normal -0 0 -1
    outer loop
      vertex -62.4283 -4.47827 3.2
      vertex -63.65 -7.5 3.2
      vertex -62.8269 -3.63549 3.2
    endloop
  endfacet
  facet normal -0 0 -1
    outer loop
      vertex -63.5043 -0.931162 3.2
      vertex -63.65 -7.5 3.2
      vertex -63.55 0 3.2
    endloop
  endfacet
  facet normal -0 0 -1
    outer loop
      vertex -63.3675 -1.85336 3.2
      vertex -63.65 -7.5 3.2
      vertex -63.5043 -0.931162 3.2
    endloop
  endfacet
  facet normal -0 0 -1
    outer loop
      vertex -63.1409 -2.7577 3.2
      vertex -63.65 -7.5 3.2
      vertex -63.3675 -1.85336 3.2
    endloop
  endfacet
  facet normal -0 0 -1
    outer loop
      vertex -62.8269 -3.63549 3.2
      vertex -63.65 -7.5 3.2
      vertex -63.1409 -2.7577 3.2
    endloop
  endfacet
  facet normal 0 0 -1
    outer loop
      vertex -63.65 7.5 3.2
      vertex -61.75 5.54618 3.2
      vertex -61.949 5.27792 3.2
    endloop
  endfacet
  facet normal 0 0 -1
    outer loop
      vertex -63.65 7.5 3.2
      vertex -61.949 5.27792 3.2
      vertex -62.4283 4.47827 3.2
    endloop
  endfacet
  facet normal 0 0 -1
    outer loop
      vertex -63.65 7.5 3.2
      vertex -62.4283 4.47827 3.2
      vertex -62.8269 3.63549 3.2
    endloop
  endfacet
  facet normal 0 0 -1
    outer loop
      vertex -63.65 7.5 3.2
      vertex -62.8269 3.63549 3.2
      vertex -63.1409 2.7577 3.2
    endloop
  endfacet
  facet normal 0 0 -1
    outer loop
      vertex -61.75 5.54618 3.2
      vertex -63.65 7.5 3.2
      vertex -61.75 7.5 3.2
    endloop
  endfacet
  facet normal 0 0 -1
    outer loop
      vertex -63.3675 1.85336 3.2
      vertex -63.65 7.5 3.2
      vertex -63.1409 2.7577 3.2
    endloop
  endfacet
  facet normal 0 0 -1
    outer loop
      vertex -63.5043 0.931162 3.2
      vertex -63.65 7.5 3.2
      vertex -63.3675 1.85336 3.2
    endloop
  endfacet
  facet normal 0 0 -1
    outer loop
      vertex -63.55 0 3.2
      vertex -63.65 7.5 3.2
      vertex -63.5043 0.931162 3.2
    endloop
  endfacet
  facet normal 0 0 -1
    outer loop
      vertex -63.65 7.5 3.2
      vertex -63.55 0 3.2
      vertex -63.65 -7.5 3.2
    endloop
  endfacet
  facet normal 0 0 1
    outer loop
      vertex -63.5043 0.931162 4.2
      vertex -63.65 7.5 4.2
      vertex -63.55 0 4.2
    endloop
  endfacet
  facet normal 0 0 1
    outer loop
      vertex -63.3675 1.85336 4.2
      vertex -63.65 7.5 4.2
      vertex -63.5043 0.931162 4.2
    endloop
  endfacet
  facet normal 0 0 1
    outer loop
      vertex -63.1409 2.7577 4.2
      vertex -63.65 7.5 4.2
      vertex -63.3675 1.85336 4.2
    endloop
  endfacet
  facet normal 0 0 1
    outer loop
      vertex -62.8269 3.63549 4.2
      vertex -63.65 7.5 4.2
      vertex -63.1409 2.7577 4.2
    endloop
  endfacet
  facet normal 0 0 1
    outer loop
      vertex -62.4283 4.47827 4.2
      vertex -63.65 7.5 4.2
      vertex -62.8269 3.63549 4.2
    endloop
  endfacet
  facet normal 0 0 1
    outer loop
      vertex -61.949 5.27792 4.2
      vertex -63.65 7.5 4.2
      vertex -62.4283 4.47827 4.2
    endloop
  endfacet
  facet normal 0 0 1
    outer loop
      vertex -61.3936 6.02674 4.2
      vertex -63.65 7.5 4.2
      vertex -61.949 5.27792 4.2
    endloop
  endfacet
  facet normal 0 0 1
    outer loop
      vertex -60.7675 6.71751 4.2
      vertex -63.65 7.5 4.2
      vertex -61.3936 6.02674 4.2
    endloop
  endfacet
  facet normal 0 0 1
    outer loop
      vertex -60.0767 7.3436 4.2
      vertex -63.65 7.5 4.2
      vertex -60.7675 6.71751 4.2
    endloop
  endfacet
  facet normal -0 0 1
    outer loop
      vertex -63.65 7.5 4.2
      vertex -60.0767 7.3436 4.2
      vertex -59.8659 7.5 4.2
    endloop
  endfacet
  facet normal 0 0 1
    outer loop
      vertex -60.0767 -7.3436 4.2
      vertex -63.65 -7.5 4.2
      vertex -59.8659 -7.5 4.2
    endloop
  endfacet
  facet normal 0 0 1
    outer loop
      vertex -60.7675 -6.71751 4.2
      vertex -63.65 -7.5 4.2
      vertex -60.0767 -7.3436 4.2
    endloop
  endfacet
  facet normal 0 0 1
    outer loop
      vertex -61.3936 -6.02674 4.2
      vertex -63.65 -7.5 4.2
      vertex -60.7675 -6.71751 4.2
    endloop
  endfacet
  facet normal 0 0 1
    outer loop
      vertex -61.949 -5.27792 4.2
      vertex -63.65 -7.5 4.2
      vertex -61.3936 -6.02674 4.2
    endloop
  endfacet
  facet normal 0 0 1
    outer loop
      vertex -62.4283 -4.47827 4.2
      vertex -63.65 -7.5 4.2
      vertex -61.949 -5.27792 4.2
    endloop
  endfacet
  facet normal 0 0 1
    outer loop
      vertex -62.8269 -3.63549 4.2
      vertex -63.65 -7.5 4.2
      vertex -62.4283 -4.47827 4.2
    endloop
  endfacet
  facet normal 0 0 1
    outer loop
      vertex -63.1409 -2.7577 4.2
      vertex -63.65 -7.5 4.2
      vertex -62.8269 -3.63549 4.2
    endloop
  endfacet
  facet normal 0 0 1
    outer loop
      vertex -63.3675 -1.85336 4.2
      vertex -63.65 -7.5 4.2
      vertex -63.1409 -2.7577 4.2
    endloop
  endfacet
  facet normal 0 0 1
    outer loop
      vertex -63.5043 -0.931162 4.2
      vertex -63.65 -7.5 4.2
      vertex -63.3675 -1.85336 4.2
    endloop
  endfacet
  facet normal 0 0 1
    outer loop
      vertex -63.55 0 4.2
      vertex -63.65 -7.5 4.2
      vertex -63.5043 -0.931162 4.2
    endloop
  endfacet
  facet normal 0 0 1
    outer loop
      vertex -63.65 -7.5 4.2
      vertex -63.55 0 4.2
      vertex -63.65 7.5 4.2
    endloop
  endfacet
  facet normal -1 0 0
    outer loop
      vertex -63.65 -7.5 3.2
      vertex -63.65 7.5 4.2
      vertex -63.65 7.5 3.2
    endloop
  endfacet
  facet normal -1 -0 0
    outer loop
      vertex -63.65 7.5 4.2
      vertex -63.65 -7.5 3.2
      vertex -63.65 -7.5 4.2
    endloop
  endfacet
  facet normal 0 -1 0
    outer loop
      vertex -61.75 -7.5 3.2
      vertex -63.65 -7.5 4.2
      vertex -63.65 -7.5 3.2
    endloop
  endfacet
  facet normal 0 -1 0
    outer loop
      vertex -63.65 -7.5 4.2
      vertex -61.75 -7.5 3.2
      vertex -59.8659 -7.5 4.2
    endloop
  endfacet
  facet normal 0 -1 0
    outer loop
      vertex -59.8659 -7.5 2
      vertex -61.75 -7.5 3.2
      vertex -61.75 -7.5 2
    endloop
  endfacet
  facet normal 0 -1 0
    outer loop
      vertex -61.75 -7.5 3.2
      vertex -59.8659 -7.5 2
      vertex -59.8659 -7.5 4.2
    endloop
  endfacet
  facet normal 0 1 0
    outer loop
      vertex -59.8659 7.5 4.2
      vertex -61.75 7.5 3.2
      vertex -63.65 7.5 4.2
    endloop
  endfacet
  facet normal 0 1 -0
    outer loop
      vertex -59.8659 7.5 2
      vertex -61.75 7.5 3.2
      vertex -59.8659 7.5 4.2
    endloop
  endfacet
  facet normal 0 1 0
    outer loop
      vertex -61.75 7.5 3.2
      vertex -59.8659 7.5 2
      vertex -61.75 7.5 2
    endloop
  endfacet
  facet normal 0 1 0
    outer loop
      vertex -63.65 7.5 4.2
      vertex -61.75 7.5 3.2
      vertex -63.65 7.5 3.2
    endloop
  endfacet
  facet normal -1 0 0
    outer loop
      vertex -61.75 -7.5 2
      vertex -61.75 -5.54618 3.2
      vertex -61.75 -5.54618 2
    endloop
  endfacet
  facet normal -1 -0 0
    outer loop
      vertex -61.75 -5.54618 3.2
      vertex -61.75 -7.5 2
      vertex -61.75 -7.5 3.2
    endloop
  endfacet
  facet normal -1 0 0
    outer loop
      vertex -61.75 5.54618 2
      vertex -61.75 7.5 3.2
      vertex -61.75 7.5 2
    endloop
  endfacet
  facet normal -1 -0 0
    outer loop
      vertex -61.75 7.5 3.2
      vertex -61.75 5.54618 2
      vertex -61.75 5.54618 3.2
    endloop
  endfacet
  facet normal -0.146725 0.989177 0
    outer loop
      vertex -52.8404 -6.08087 3.8147e-07
      vertex -53.4423 -6.17015 2
      vertex -52.8404 -6.08087 2
    endloop
  endfacet
  facet normal -0.146725 0.989177 0
    outer loop
      vertex -53.4423 -6.17015 2
      vertex -52.8404 -6.08087 3.8147e-07
      vertex -53.4423 -6.17015 3.8147e-07
    endloop
  endfacet
  facet normal -0.989195 0.146607 0
    outer loop
      vertex -47.9691 -1.20956 3.8147e-07
      vertex -47.8799 -0.607706 2
      vertex -47.8799 -0.607706 3.8147e-07
    endloop
  endfacet
  facet normal -0.989195 0.146607 0
    outer loop
      vertex -47.8799 -0.607706 2
      vertex -47.9691 -1.20956 3.8147e-07
      vertex -47.9691 -1.20956 2
    endloop
  endfacet
  facet normal -0.998792 0.049142 0
    outer loop
      vertex -47.8799 -0.607706 3.8147e-07
      vertex -47.85 0 2
      vertex -47.85 0 3.8147e-07
    endloop
  endfacet
  facet normal -0.998792 0.049142 0
    outer loop
      vertex -47.85 0 2
      vertex -47.8799 -0.607706 3.8147e-07
      vertex -47.8799 -0.607706 2
    endloop
  endfacet
  facet normal -0.970007 0.243077 0
    outer loop
      vertex -48.117 -1.79976 3.8147e-07
      vertex -47.9691 -1.20956 2
      vertex -47.9691 -1.20956 3.8147e-07
    endloop
  endfacet
  facet normal -0.970007 0.243077 0
    outer loop
      vertex -47.9691 -1.20956 2
      vertex -48.117 -1.79976 3.8147e-07
      vertex -48.117 -1.79976 2
    endloop
  endfacet
  facet normal -0.336932 -0.941529 0
    outer loop
      vertex -52.2502 5.93303 3.8147e-07
      vertex -51.6774 5.72805 2
      vertex -52.2502 5.93303 2
    endloop
  endfacet
  facet normal -0.336932 -0.941529 -0
    outer loop
      vertex -51.6774 5.72805 2
      vertex -52.2502 5.93303 3.8147e-07
      vertex -51.6774 5.72805 3.8147e-07
    endloop
  endfacet
  facet normal -0.903951 -0.427636 0
    outer loop
      vertex -48.3219 2.37264 3.8147e-07
      vertex -48.5821 2.92266 2
      vertex -48.5821 2.92266 3.8147e-07
    endloop
  endfacet
  facet normal -0.903951 -0.427636 0
    outer loop
      vertex -48.5821 2.92266 2
      vertex -48.3219 2.37264 3.8147e-07
      vertex -48.3219 2.37264 2
    endloop
  endfacet
  facet normal -0.671494 0.74101 0
    outer loop
      vertex -49.6659 -4.38406 3.8147e-07
      vertex -50.1168 -4.79266 2
      vertex -49.6659 -4.38406 2
    endloop
  endfacet
  facet normal -0.671494 0.74101 0
    outer loop
      vertex -50.1168 -4.79266 2
      vertex -49.6659 -4.38406 3.8147e-07
      vertex -50.1168 -4.79266 3.8147e-07
    endloop
  endfacet
  facet normal 0.740951 0.671559 0
    outer loop
      vertex -58.4341 -4.38406 2
      vertex -58.8427 -3.93324 3.8147e-07
      vertex -58.8427 -3.93324 2
    endloop
  endfacet
  facet normal 0.740951 0.671559 0
    outer loop
      vertex -58.8427 -3.93324 3.8147e-07
      vertex -58.4341 -4.38406 2
      vertex -58.4341 -4.38406 3.8147e-07
    endloop
  endfacet
  facet normal 0.146725 -0.989177 0
    outer loop
      vertex -55.2596 6.08087 3.8147e-07
      vertex -54.6577 6.17015 2
      vertex -55.2596 6.08087 2
    endloop
  endfacet
  facet normal 0.146725 -0.989177 0
    outer loop
      vertex -54.6577 6.17015 2
      vertex -55.2596 6.08087 3.8147e-07
      vertex -54.6577 6.17015 3.8147e-07
    endloop
  endfacet
  facet normal -0.941586 0.336774 0
    outer loop
      vertex -48.3219 -2.37264 3.8147e-07
      vertex -48.117 -1.79976 2
      vertex -48.117 -1.79976 3.8147e-07
    endloop
  endfacet
  facet normal -0.941586 0.336774 0
    outer loop
      vertex -48.117 -1.79976 2
      vertex -48.3219 -2.37264 3.8147e-07
      vertex -48.3219 -2.37264 2
    endloop
  endfacet
  facet normal 0.0490605 0.998796 -0
    outer loop
      vertex -54.05 -6.2 3.8147e-07
      vertex -54.6577 -6.17015 2
      vertex -54.05 -6.2 2
    endloop
  endfacet
  facet normal 0.0490605 0.998796 0
    outer loop
      vertex -54.6577 -6.17015 2
      vertex -54.05 -6.2 3.8147e-07
      vertex -54.6577 -6.17015 3.8147e-07
    endloop
  endfacet
  facet normal -0.803243 0.595652 0
    outer loop
      vertex -49.2573 -3.93324 3.8147e-07
      vertex -48.8949 -3.44454 2
      vertex -48.8949 -3.44454 3.8147e-07
    endloop
  endfacet
  facet normal -0.803243 0.595652 0
    outer loop
      vertex -48.8949 -3.44454 2
      vertex -49.2573 -3.93324 3.8147e-07
      vertex -49.2573 -3.93324 2
    endloop
  endfacet
  facet normal -0.0490605 -0.998796 0
    outer loop
      vertex -54.05 6.2 3.8147e-07
      vertex -53.4423 6.17015 2
      vertex -54.05 6.2 2
    endloop
  endfacet
  facet normal -0.0490605 -0.998796 -0
    outer loop
      vertex -53.4423 6.17015 2
      vertex -54.05 6.2 3.8147e-07
      vertex -53.4423 6.17015 3.8147e-07
    endloop
  endfacet
  facet normal -0.0490605 0.998796 0
    outer loop
      vertex -53.4423 -6.17015 3.8147e-07
      vertex -54.05 -6.2 2
      vertex -53.4423 -6.17015 2
    endloop
  endfacet
  facet normal -0.0490605 0.998796 0
    outer loop
      vertex -54.05 -6.2 2
      vertex -53.4423 -6.17015 3.8147e-07
      vertex -54.05 -6.2 3.8147e-07
    endloop
  endfacet
  facet normal -0.857731 -0.514099 0
    outer loop
      vertex -48.5821 2.92266 3.8147e-07
      vertex -48.8949 3.44454 2
      vertex -48.8949 3.44454 3.8147e-07
    endloop
  endfacet
  facet normal -0.857731 -0.514099 0
    outer loop
      vertex -48.8949 3.44454 2
      vertex -48.5821 2.92266 3.8147e-07
      vertex -48.5821 2.92266 2
    endloop
  endfacet
  facet normal 0.595705 -0.803203 0
    outer loop
      vertex -57.9832 4.79266 3.8147e-07
      vertex -57.4945 5.15511 2
      vertex -57.9832 4.79266 2
    endloop
  endfacet
  facet normal 0.595705 -0.803203 0
    outer loop
      vertex -57.4945 5.15511 2
      vertex -57.9832 4.79266 3.8147e-07
      vertex -57.4945 5.15511 3.8147e-07
    endloop
  endfacet
  facet normal 0.857731 0.514099 0
    outer loop
      vertex -59.2051 -3.44454 2
      vertex -59.5179 -2.92266 3.8147e-07
      vertex -59.5179 -2.92266 2
    endloop
  endfacet
  facet normal 0.857731 0.514099 0
    outer loop
      vertex -59.5179 -2.92266 3.8147e-07
      vertex -59.2051 -3.44454 2
      vertex -59.2051 -3.44454 3.8147e-07
    endloop
  endfacet
  facet normal 0.242984 -0.97003 0
    outer loop
      vertex -55.8498 5.93303 3.8147e-07
      vertex -55.2596 6.08087 2
      vertex -55.8498 5.93303 2
    endloop
  endfacet
  facet normal 0.242984 -0.97003 0
    outer loop
      vertex -55.2596 6.08087 2
      vertex -55.8498 5.93303 3.8147e-07
      vertex -55.2596 6.08087 3.8147e-07
    endloop
  endfacet
  facet normal -0.857731 0.514099 0
    outer loop
      vertex -48.8949 -3.44454 3.8147e-07
      vertex -48.5821 -2.92266 2
      vertex -48.5821 -2.92266 3.8147e-07
    endloop
  endfacet
  facet normal -0.857731 0.514099 0
    outer loop
      vertex -48.5821 -2.92266 2
      vertex -48.8949 -3.44454 3.8147e-07
      vertex -48.8949 -3.44454 2
    endloop
  endfacet
  facet normal 0.998792 -0.049142 0
    outer loop
      vertex -60.25 0 2
      vertex -60.2201 0.607706 3.8147e-07
      vertex -60.2201 0.607706 2
    endloop
  endfacet
  facet normal 0.998792 -0.049142 0
    outer loop
      vertex -60.2201 0.607706 3.8147e-07
      vertex -60.25 0 2
      vertex -60.25 0 3.8147e-07
    endloop
  endfacet
  facet normal -0.903951 0.427636 0
    outer loop
      vertex -48.5821 -2.92266 3.8147e-07
      vertex -48.3219 -2.37264 2
      vertex -48.3219 -2.37264 3.8147e-07
    endloop
  endfacet
  facet normal -0.903951 0.427636 0
    outer loop
      vertex -48.3219 -2.37264 2
      vertex -48.5821 -2.92266 3.8147e-07
      vertex -48.5821 -2.92266 2
    endloop
  endfacet
  facet normal -0.970007 -0.243077 0
    outer loop
      vertex -47.9691 1.20956 3.8147e-07
      vertex -48.117 1.79976 2
      vertex -48.117 1.79976 3.8147e-07
    endloop
  endfacet
  facet normal -0.970007 -0.243077 0
    outer loop
      vertex -48.117 1.79976 2
      vertex -47.9691 1.20956 3.8147e-07
      vertex -47.9691 1.20956 2
    endloop
  endfacet
  facet normal 0.970007 0.243077 0
    outer loop
      vertex -59.983 -1.79976 2
      vertex -60.1309 -1.20956 3.8147e-07
      vertex -60.1309 -1.20956 2
    endloop
  endfacet
  facet normal 0.970007 0.243077 0
    outer loop
      vertex -60.1309 -1.20956 3.8147e-07
      vertex -59.983 -1.79976 2
      vertex -59.983 -1.79976 3.8147e-07
    endloop
  endfacet
  facet normal 0.427504 -0.904013 0
    outer loop
      vertex -56.9727 5.46791 3.8147e-07
      vertex -56.4226 5.72805 2
      vertex -56.9727 5.46791 2
    endloop
  endfacet
  facet normal 0.427504 -0.904013 0
    outer loop
      vertex -56.4226 5.72805 2
      vertex -56.9727 5.46791 3.8147e-07
      vertex -56.4226 5.72805 3.8147e-07
    endloop
  endfacet
  facet normal 0.970007 -0.243077 0
    outer loop
      vertex -60.1309 1.20956 2
      vertex -59.983 1.79976 3.8147e-07
      vertex -59.983 1.79976 2
    endloop
  endfacet
  facet normal 0.970007 -0.243077 0
    outer loop
      vertex -59.983 1.79976 3.8147e-07
      vertex -60.1309 1.20956 2
      vertex -60.1309 1.20956 3.8147e-07
    endloop
  endfacet
  facet normal -0.336932 0.941529 0
    outer loop
      vertex -51.6774 -5.72805 3.8147e-07
      vertex -52.2502 -5.93303 2
      vertex -51.6774 -5.72805 2
    endloop
  endfacet
  facet normal -0.336932 0.941529 0
    outer loop
      vertex -52.2502 -5.93303 2
      vertex -51.6774 -5.72805 3.8147e-07
      vertex -52.2502 -5.93303 3.8147e-07
    endloop
  endfacet
  facet normal -0.989195 -0.146607 0
    outer loop
      vertex -47.8799 0.607706 3.8147e-07
      vertex -47.9691 1.20956 2
      vertex -47.9691 1.20956 3.8147e-07
    endloop
  endfacet
  facet normal -0.989195 -0.146607 0
    outer loop
      vertex -47.9691 1.20956 2
      vertex -47.8799 0.607706 3.8147e-07
      vertex -47.8799 0.607706 2
    endloop
  endfacet
  facet normal 0.146725 0.989177 -0
    outer loop
      vertex -54.6577 -6.17015 3.8147e-07
      vertex -55.2596 -6.08087 2
      vertex -54.6577 -6.17015 2
    endloop
  endfacet
  facet normal 0.146725 0.989177 0
    outer loop
      vertex -55.2596 -6.08087 2
      vertex -54.6577 -6.17015 3.8147e-07
      vertex -55.2596 -6.08087 3.8147e-07
    endloop
  endfacet
  facet normal -0.427504 -0.904013 0
    outer loop
      vertex -51.6774 5.72805 3.8147e-07
      vertex -51.1273 5.46791 2
      vertex -51.6774 5.72805 2
    endloop
  endfacet
  facet normal -0.427504 -0.904013 -0
    outer loop
      vertex -51.1273 5.46791 2
      vertex -51.6774 5.72805 3.8147e-07
      vertex -51.1273 5.46791 3.8147e-07
    endloop
  endfacet
  facet normal 0.671494 0.74101 -0
    outer loop
      vertex -57.9832 -4.79266 3.8147e-07
      vertex -58.4341 -4.38406 2
      vertex -57.9832 -4.79266 2
    endloop
  endfacet
  facet normal 0.671494 0.74101 0
    outer loop
      vertex -58.4341 -4.38406 2
      vertex -57.9832 -4.79266 3.8147e-07
      vertex -58.4341 -4.38406 3.8147e-07
    endloop
  endfacet
  facet normal 0.595705 0.803203 -0
    outer loop
      vertex -57.4945 -5.15511 3.8147e-07
      vertex -57.9832 -4.79266 2
      vertex -57.4945 -5.15511 2
    endloop
  endfacet
  facet normal 0.595705 0.803203 0
    outer loop
      vertex -57.9832 -4.79266 2
      vertex -57.4945 -5.15511 3.8147e-07
      vertex -57.9832 -4.79266 3.8147e-07
    endloop
  endfacet
  facet normal -0.242984 0.97003 0
    outer loop
      vertex -52.2502 -5.93303 3.8147e-07
      vertex -52.8404 -6.08087 2
      vertex -52.2502 -5.93303 2
    endloop
  endfacet
  facet normal -0.242984 0.97003 0
    outer loop
      vertex -52.8404 -6.08087 2
      vertex -52.2502 -5.93303 3.8147e-07
      vertex -52.8404 -6.08087 3.8147e-07
    endloop
  endfacet
  facet normal -0.998792 -0.049142 0
    outer loop
      vertex -47.85 0 3.8147e-07
      vertex -47.8799 0.607706 2
      vertex -47.8799 0.607706 3.8147e-07
    endloop
  endfacet
  facet normal -0.998792 -0.049142 0
    outer loop
      vertex -47.8799 0.607706 2
      vertex -47.85 0 3.8147e-07
      vertex -47.85 0 2
    endloop
  endfacet
  facet normal 0.427504 0.904013 -0
    outer loop
      vertex -56.4226 -5.72805 3.8147e-07
      vertex -56.9727 -5.46791 2
      vertex -56.4226 -5.72805 2
    endloop
  endfacet
  facet normal 0.427504 0.904013 0
    outer loop
      vertex -56.9727 -5.46791 2
      vertex -56.4226 -5.72805 3.8147e-07
      vertex -56.9727 -5.46791 3.8147e-07
    endloop
  endfacet
  facet normal 0.941586 -0.336774 0
    outer loop
      vertex -59.983 1.79976 2
      vertex -59.7781 2.37264 3.8147e-07
      vertex -59.7781 2.37264 2
    endloop
  endfacet
  facet normal 0.941586 -0.336774 0
    outer loop
      vertex -59.7781 2.37264 3.8147e-07
      vertex -59.983 1.79976 2
      vertex -59.983 1.79976 3.8147e-07
    endloop
  endfacet
  facet normal -0.514157 0.857696 0
    outer loop
      vertex -50.6055 -5.15511 3.8147e-07
      vertex -51.1273 -5.46791 2
      vertex -50.6055 -5.15511 2
    endloop
  endfacet
  facet normal -0.514157 0.857696 0
    outer loop
      vertex -51.1273 -5.46791 2
      vertex -50.6055 -5.15511 3.8147e-07
      vertex -51.1273 -5.46791 3.8147e-07
    endloop
  endfacet
  facet normal -0.595705 0.803203 0
    outer loop
      vertex -50.1168 -4.79266 3.8147e-07
      vertex -50.6055 -5.15511 2
      vertex -50.1168 -4.79266 2
    endloop
  endfacet
  facet normal -0.595705 0.803203 0
    outer loop
      vertex -50.6055 -5.15511 2
      vertex -50.1168 -4.79266 3.8147e-07
      vertex -50.6055 -5.15511 3.8147e-07
    endloop
  endfacet
  facet normal -0.146725 -0.989177 0
    outer loop
      vertex -53.4423 6.17015 3.8147e-07
      vertex -52.8404 6.08087 2
      vertex -53.4423 6.17015 2
    endloop
  endfacet
  facet normal -0.146725 -0.989177 -0
    outer loop
      vertex -52.8404 6.08087 2
      vertex -53.4423 6.17015 3.8147e-07
      vertex -52.8404 6.08087 3.8147e-07
    endloop
  endfacet
  facet normal -0.740951 -0.671559 0
    outer loop
      vertex -49.2573 3.93324 3.8147e-07
      vertex -49.6659 4.38406 2
      vertex -49.6659 4.38406 3.8147e-07
    endloop
  endfacet
  facet normal -0.740951 -0.671559 0
    outer loop
      vertex -49.6659 4.38406 2
      vertex -49.2573 3.93324 3.8147e-07
      vertex -49.2573 3.93324 2
    endloop
  endfacet
  facet normal -0.803243 -0.595652 0
    outer loop
      vertex -48.8949 3.44454 3.8147e-07
      vertex -49.2573 3.93324 2
      vertex -49.2573 3.93324 3.8147e-07
    endloop
  endfacet
  facet normal -0.803243 -0.595652 0
    outer loop
      vertex -49.2573 3.93324 2
      vertex -48.8949 3.44454 3.8147e-07
      vertex -48.8949 3.44454 2
    endloop
  endfacet
  facet normal -0.242984 -0.97003 0
    outer loop
      vertex -52.8404 6.08087 3.8147e-07
      vertex -52.2502 5.93303 2
      vertex -52.8404 6.08087 2
    endloop
  endfacet
  facet normal -0.242984 -0.97003 -0
    outer loop
      vertex -52.2502 5.93303 2
      vertex -52.8404 6.08087 3.8147e-07
      vertex -52.2502 5.93303 3.8147e-07
    endloop
  endfacet
  facet normal -0.941586 -0.336774 0
    outer loop
      vertex -48.117 1.79976 3.8147e-07
      vertex -48.3219 2.37264 2
      vertex -48.3219 2.37264 3.8147e-07
    endloop
  endfacet
  facet normal -0.941586 -0.336774 0
    outer loop
      vertex -48.3219 2.37264 2
      vertex -48.117 1.79976 3.8147e-07
      vertex -48.117 1.79976 2
    endloop
  endfacet
  facet normal 0.242984 0.97003 -0
    outer loop
      vertex -55.2596 -6.08087 3.8147e-07
      vertex -55.8498 -5.93303 2
      vertex -55.2596 -6.08087 2
    endloop
  endfacet
  facet normal 0.242984 0.97003 0
    outer loop
      vertex -55.8498 -5.93303 2
      vertex -55.2596 -6.08087 3.8147e-07
      vertex -55.8498 -5.93303 3.8147e-07
    endloop
  endfacet
  facet normal 0.903951 -0.427636 0
    outer loop
      vertex -59.7781 2.37264 2
      vertex -59.5179 2.92266 3.8147e-07
      vertex -59.5179 2.92266 2
    endloop
  endfacet
  facet normal 0.903951 -0.427636 0
    outer loop
      vertex -59.5179 2.92266 3.8147e-07
      vertex -59.7781 2.37264 2
      vertex -59.7781 2.37264 3.8147e-07
    endloop
  endfacet
  facet normal 0.989195 0.146607 0
    outer loop
      vertex -60.1309 -1.20956 2
      vertex -60.2201 -0.607706 3.8147e-07
      vertex -60.2201 -0.607706 2
    endloop
  endfacet
  facet normal 0.989195 0.146607 0
    outer loop
      vertex -60.2201 -0.607706 3.8147e-07
      vertex -60.1309 -1.20956 2
      vertex -60.1309 -1.20956 3.8147e-07
    endloop
  endfacet
  facet normal -0.427504 0.904013 0
    outer loop
      vertex -51.1273 -5.46791 3.8147e-07
      vertex -51.6774 -5.72805 2
      vertex -51.1273 -5.46791 2
    endloop
  endfacet
  facet normal -0.427504 0.904013 0
    outer loop
      vertex -51.6774 -5.72805 2
      vertex -51.1273 -5.46791 3.8147e-07
      vertex -51.6774 -5.72805 3.8147e-07
    endloop
  endfacet
  facet normal 0.740951 -0.671559 0
    outer loop
      vertex -58.8427 3.93324 2
      vertex -58.4341 4.38406 3.8147e-07
      vertex -58.4341 4.38406 2
    endloop
  endfacet
  facet normal 0.740951 -0.671559 0
    outer loop
      vertex -58.4341 4.38406 3.8147e-07
      vertex -58.8427 3.93324 2
      vertex -58.8427 3.93324 3.8147e-07
    endloop
  endfacet
  facet normal 0.857731 -0.514099 0
    outer loop
      vertex -59.5179 2.92266 2
      vertex -59.2051 3.44454 3.8147e-07
      vertex -59.2051 3.44454 2
    endloop
  endfacet
  facet normal 0.857731 -0.514099 0
    outer loop
      vertex -59.2051 3.44454 3.8147e-07
      vertex -59.5179 2.92266 2
      vertex -59.5179 2.92266 3.8147e-07
    endloop
  endfacet
  facet normal 0.336932 0.941529 -0
    outer loop
      vertex -55.8498 -5.93303 3.8147e-07
      vertex -56.4226 -5.72805 2
      vertex -55.8498 -5.93303 2
    endloop
  endfacet
  facet normal 0.336932 0.941529 0
    outer loop
      vertex -56.4226 -5.72805 2
      vertex -55.8498 -5.93303 3.8147e-07
      vertex -56.4226 -5.72805 3.8147e-07
    endloop
  endfacet
  facet normal 0.514157 -0.857696 0
    outer loop
      vertex -57.4945 5.15511 3.8147e-07
      vertex -56.9727 5.46791 2
      vertex -57.4945 5.15511 2
    endloop
  endfacet
  facet normal 0.514157 -0.857696 0
    outer loop
      vertex -56.9727 5.46791 2
      vertex -57.4945 5.15511 3.8147e-07
      vertex -56.9727 5.46791 3.8147e-07
    endloop
  endfacet
  facet normal 0.941586 0.336774 0
    outer loop
      vertex -59.7781 -2.37264 2
      vertex -59.983 -1.79976 3.8147e-07
      vertex -59.983 -1.79976 2
    endloop
  endfacet
  facet normal 0.941586 0.336774 0
    outer loop
      vertex -59.983 -1.79976 3.8147e-07
      vertex -59.7781 -2.37264 2
      vertex -59.7781 -2.37264 3.8147e-07
    endloop
  endfacet
  facet normal -0.595705 -0.803203 0
    outer loop
      vertex -50.6055 5.15511 3.8147e-07
      vertex -50.1168 4.79266 2
      vertex -50.6055 5.15511 2
    endloop
  endfacet
  facet normal -0.595705 -0.803203 -0
    outer loop
      vertex -50.1168 4.79266 2
      vertex -50.6055 5.15511 3.8147e-07
      vertex -50.1168 4.79266 3.8147e-07
    endloop
  endfacet
  facet normal -0.740951 0.671559 0
    outer loop
      vertex -49.6659 -4.38406 3.8147e-07
      vertex -49.2573 -3.93324 2
      vertex -49.2573 -3.93324 3.8147e-07
    endloop
  endfacet
  facet normal -0.740951 0.671559 0
    outer loop
      vertex -49.2573 -3.93324 2
      vertex -49.6659 -4.38406 3.8147e-07
      vertex -49.6659 -4.38406 2
    endloop
  endfacet
  facet normal 0.803243 -0.595652 0
    outer loop
      vertex -59.2051 3.44454 2
      vertex -58.8427 3.93324 3.8147e-07
      vertex -58.8427 3.93324 2
    endloop
  endfacet
  facet normal 0.803243 -0.595652 0
    outer loop
      vertex -58.8427 3.93324 3.8147e-07
      vertex -59.2051 3.44454 2
      vertex -59.2051 3.44454 3.8147e-07
    endloop
  endfacet
  facet normal 0.514157 0.857696 -0
    outer loop
      vertex -56.9727 -5.46791 3.8147e-07
      vertex -57.4945 -5.15511 2
      vertex -56.9727 -5.46791 2
    endloop
  endfacet
  facet normal 0.514157 0.857696 0
    outer loop
      vertex -57.4945 -5.15511 2
      vertex -56.9727 -5.46791 3.8147e-07
      vertex -57.4945 -5.15511 3.8147e-07
    endloop
  endfacet
  facet normal 0.989195 -0.146607 0
    outer loop
      vertex -60.2201 0.607706 2
      vertex -60.1309 1.20956 3.8147e-07
      vertex -60.1309 1.20956 2
    endloop
  endfacet
  facet normal 0.989195 -0.146607 0
    outer loop
      vertex -60.1309 1.20956 3.8147e-07
      vertex -60.2201 0.607706 2
      vertex -60.2201 0.607706 3.8147e-07
    endloop
  endfacet
  facet normal 0.903951 0.427636 0
    outer loop
      vertex -59.5179 -2.92266 2
      vertex -59.7781 -2.37264 3.8147e-07
      vertex -59.7781 -2.37264 2
    endloop
  endfacet
  facet normal 0.903951 0.427636 0
    outer loop
      vertex -59.7781 -2.37264 3.8147e-07
      vertex -59.5179 -2.92266 2
      vertex -59.5179 -2.92266 3.8147e-07
    endloop
  endfacet
  facet normal -0.514157 -0.857696 0
    outer loop
      vertex -51.1273 5.46791 3.8147e-07
      vertex -50.6055 5.15511 2
      vertex -51.1273 5.46791 2
    endloop
  endfacet
  facet normal -0.514157 -0.857696 -0
    outer loop
      vertex -50.6055 5.15511 2
      vertex -51.1273 5.46791 3.8147e-07
      vertex -50.6055 5.15511 3.8147e-07
    endloop
  endfacet
  facet normal 0.671494 -0.74101 0
    outer loop
      vertex -58.4341 4.38406 3.8147e-07
      vertex -57.9832 4.79266 2
      vertex -58.4341 4.38406 2
    endloop
  endfacet
  facet normal 0.671494 -0.74101 0
    outer loop
      vertex -57.9832 4.79266 2
      vertex -58.4341 4.38406 3.8147e-07
      vertex -57.9832 4.79266 3.8147e-07
    endloop
  endfacet
  facet normal 0.803243 0.595652 0
    outer loop
      vertex -58.8427 -3.93324 2
      vertex -59.2051 -3.44454 3.8147e-07
      vertex -59.2051 -3.44454 2
    endloop
  endfacet
  facet normal 0.803243 0.595652 0
    outer loop
      vertex -59.2051 -3.44454 3.8147e-07
      vertex -58.8427 -3.93324 2
      vertex -58.8427 -3.93324 3.8147e-07
    endloop
  endfacet
  facet normal 0.0490605 -0.998796 0
    outer loop
      vertex -54.6577 6.17015 3.8147e-07
      vertex -54.05 6.2 2
      vertex -54.6577 6.17015 2
    endloop
  endfacet
  facet normal 0.0490605 -0.998796 0
    outer loop
      vertex -54.05 6.2 2
      vertex -54.6577 6.17015 3.8147e-07
      vertex -54.05 6.2 3.8147e-07
    endloop
  endfacet
  facet normal 0.998792 0.049142 0
    outer loop
      vertex -60.2201 -0.607706 2
      vertex -60.25 0 3.8147e-07
      vertex -60.25 0 2
    endloop
  endfacet
  facet normal 0.998792 0.049142 0
    outer loop
      vertex -60.25 0 3.8147e-07
      vertex -60.2201 -0.607706 2
      vertex -60.2201 -0.607706 3.8147e-07
    endloop
  endfacet
  facet normal 0.336932 -0.941529 0
    outer loop
      vertex -56.4226 5.72805 3.8147e-07
      vertex -55.8498 5.93303 2
      vertex -56.4226 5.72805 2
    endloop
  endfacet
  facet normal 0.336932 -0.941529 0
    outer loop
      vertex -55.8498 5.93303 2
      vertex -56.4226 5.72805 3.8147e-07
      vertex -55.8498 5.93303 3.8147e-07
    endloop
  endfacet
  facet normal -0.671494 -0.74101 0
    outer loop
      vertex -50.1168 4.79266 3.8147e-07
      vertex -49.6659 4.38406 2
      vertex -50.1168 4.79266 2
    endloop
  endfacet
  facet normal -0.671494 -0.74101 -0
    outer loop
      vertex -49.6659 4.38406 2
      vertex -50.1168 4.79266 3.8147e-07
      vertex -49.6659 4.38406 3.8147e-07
    endloop
  endfacet
  facet normal 0.67155 -0.740959 0
    outer loop
      vertex -60.7675 6.71751 2
      vertex -60.0767 7.3436 4.2
      vertex -60.7675 6.71751 4.2
    endloop
  endfacet
  facet normal 0.67155 -0.740959 0
    outer loop
      vertex -60.0767 7.3436 4.2
      vertex -60.7675 6.71751 2
      vertex -60.0767 7.3436 2
    endloop
  endfacet
  facet normal 0.857725 -0.514109 0
    outer loop
      vertex -62.4283 4.47827 4.2
      vertex -61.949 5.27792 3.2
      vertex -61.949 5.27792 4.2
    endloop
  endfacet
  facet normal 0.857725 -0.514109 0
    outer loop
      vertex -61.949 5.27792 3.2
      vertex -62.4283 4.47827 4.2
      vertex -62.4283 4.47827 3.2
    endloop
  endfacet
  facet normal 0.803214 -0.595691 0
    outer loop
      vertex -61.3936 6.02674 4.2
      vertex -61.75 5.54618 3.2
      vertex -61.3936 6.02674 2
    endloop
  endfacet
  facet normal 0.803188 -0.595725 2.52877e-05
    outer loop
      vertex -61.949 5.27792 4.2
      vertex -61.75 5.54618 3.2
      vertex -61.3936 6.02674 4.2
    endloop
  endfacet
  facet normal 0.803143 -0.595786 0
    outer loop
      vertex -61.75 5.54618 3.2
      vertex -61.949 5.27792 4.2
      vertex -61.949 5.27792 3.2
    endloop
  endfacet
  facet normal 0.803214 -0.595691 0
    outer loop
      vertex -61.3936 6.02674 2
      vertex -61.75 5.54618 3.2
      vertex -61.75 5.54618 2
    endloop
  endfacet
  facet normal 0.595847 0.803098 -0
    outer loop
      vertex -59.8659 -7.5 2
      vertex -60.0767 -7.3436 4.2
      vertex -59.8659 -7.5 4.2
    endloop
  endfacet
  facet normal 0.595847 0.803098 0
    outer loop
      vertex -60.0767 -7.3436 4.2
      vertex -59.8659 -7.5 2
      vertex -60.0767 -7.3436 2
    endloop
  endfacet
  facet normal 0.857725 0.514109 0
    outer loop
      vertex -61.949 -5.27792 4.2
      vertex -62.4283 -4.47827 3.2
      vertex -62.4283 -4.47827 4.2
    endloop
  endfacet
  facet normal 0.857725 0.514109 0
    outer loop
      vertex -62.4283 -4.47827 3.2
      vertex -61.949 -5.27792 4.2
      vertex -61.949 -5.27792 3.2
    endloop
  endfacet
  facet normal 0.941571 -0.336815 0
    outer loop
      vertex -63.1409 2.7577 4.2
      vertex -62.8269 3.63549 3.2
      vertex -62.8269 3.63549 4.2
    endloop
  endfacet
  facet normal 0.941571 -0.336815 0
    outer loop
      vertex -62.8269 3.63549 3.2
      vertex -63.1409 2.7577 4.2
      vertex -63.1409 2.7577 3.2
    endloop
  endfacet
  facet normal 0.903991 -0.42755 0
    outer loop
      vertex -62.8269 3.63549 4.2
      vertex -62.4283 4.47827 3.2
      vertex -62.4283 4.47827 4.2
    endloop
  endfacet
  facet normal 0.903991 -0.42755 0
    outer loop
      vertex -62.4283 4.47827 3.2
      vertex -62.8269 3.63549 4.2
      vertex -62.8269 3.63549 3.2
    endloop
  endfacet
  facet normal 0.998798 -0.0490195 0
    outer loop
      vertex -63.55 0 4.2
      vertex -63.5043 0.931162 3.2
      vertex -63.5043 0.931162 4.2
    endloop
  endfacet
  facet normal 0.998798 -0.0490195 0
    outer loop
      vertex -63.5043 0.931162 3.2
      vertex -63.55 0 4.2
      vertex -63.55 0 3.2
    endloop
  endfacet
  facet normal 0.970012 0.243055 0
    outer loop
      vertex -63.1409 -2.7577 4.2
      vertex -63.3675 -1.85336 3.2
      vertex -63.3675 -1.85336 4.2
    endloop
  endfacet
  facet normal 0.970012 0.243055 0
    outer loop
      vertex -63.3675 -1.85336 3.2
      vertex -63.1409 -2.7577 4.2
      vertex -63.1409 -2.7577 3.2
    endloop
  endfacet
  facet normal 0.740939 -0.671572 0
    outer loop
      vertex -61.3936 6.02674 4.2
      vertex -60.7675 6.71751 2
      vertex -60.7675 6.71751 4.2
    endloop
  endfacet
  facet normal 0.740939 -0.671572 0
    outer loop
      vertex -60.7675 6.71751 2
      vertex -61.3936 6.02674 4.2
      vertex -61.3936 6.02674 2
    endloop
  endfacet
  facet normal 0.67155 0.740959 -0
    outer loop
      vertex -60.0767 -7.3436 2
      vertex -60.7675 -6.71751 4.2
      vertex -60.0767 -7.3436 4.2
    endloop
  endfacet
  facet normal 0.67155 0.740959 0
    outer loop
      vertex -60.7675 -6.71751 4.2
      vertex -60.0767 -7.3436 2
      vertex -60.7675 -6.71751 2
    endloop
  endfacet
  facet normal 0.998798 0.0490195 0
    outer loop
      vertex -63.5043 -0.931162 4.2
      vertex -63.55 0 3.2
      vertex -63.55 0 4.2
    endloop
  endfacet
  facet normal 0.998798 0.0490195 0
    outer loop
      vertex -63.55 0 3.2
      vertex -63.5043 -0.931162 4.2
      vertex -63.5043 -0.931162 3.2
    endloop
  endfacet
  facet normal 0.740939 0.671572 0
    outer loop
      vertex -60.7675 -6.71751 4.2
      vertex -61.3936 -6.02674 2
      vertex -61.3936 -6.02674 4.2
    endloop
  endfacet
  facet normal 0.740939 0.671572 0
    outer loop
      vertex -61.3936 -6.02674 2
      vertex -60.7675 -6.71751 4.2
      vertex -60.7675 -6.71751 2
    endloop
  endfacet
  facet normal 0.989176 -0.146736 0
    outer loop
      vertex -63.5043 0.931162 4.2
      vertex -63.3675 1.85336 3.2
      vertex -63.3675 1.85336 4.2
    endloop
  endfacet
  facet normal 0.989176 -0.146736 0
    outer loop
      vertex -63.3675 1.85336 3.2
      vertex -63.5043 0.931162 4.2
      vertex -63.5043 0.931162 3.2
    endloop
  endfacet
  facet normal 0.989176 0.146736 0
    outer loop
      vertex -63.3675 -1.85336 4.2
      vertex -63.5043 -0.931162 3.2
      vertex -63.5043 -0.931162 4.2
    endloop
  endfacet
  facet normal 0.989176 0.146736 0
    outer loop
      vertex -63.5043 -0.931162 3.2
      vertex -63.3675 -1.85336 4.2
      vertex -63.3675 -1.85336 3.2
    endloop
  endfacet
  facet normal 0.595847 -0.803098 0
    outer loop
      vertex -60.0767 7.3436 2
      vertex -59.8659 7.5 4.2
      vertex -60.0767 7.3436 4.2
    endloop
  endfacet
  facet normal 0.595847 -0.803098 0
    outer loop
      vertex -59.8659 7.5 4.2
      vertex -60.0767 7.3436 2
      vertex -59.8659 7.5 2
    endloop
  endfacet
  facet normal 0.970012 -0.243055 0
    outer loop
      vertex -63.3675 1.85336 4.2
      vertex -63.1409 2.7577 3.2
      vertex -63.1409 2.7577 4.2
    endloop
  endfacet
  facet normal 0.970012 -0.243055 0
    outer loop
      vertex -63.1409 2.7577 3.2
      vertex -63.3675 1.85336 4.2
      vertex -63.3675 1.85336 3.2
    endloop
  endfacet
  facet normal 0.903991 0.42755 0
    outer loop
      vertex -62.4283 -4.47827 4.2
      vertex -62.8269 -3.63549 3.2
      vertex -62.8269 -3.63549 4.2
    endloop
  endfacet
  facet normal 0.903991 0.42755 0
    outer loop
      vertex -62.8269 -3.63549 3.2
      vertex -62.4283 -4.47827 4.2
      vertex -62.4283 -4.47827 3.2
    endloop
  endfacet
  facet normal 0.803143 0.595786 0
    outer loop
      vertex -61.949 -5.27792 4.2
      vertex -61.75 -5.54618 3.2
      vertex -61.949 -5.27792 3.2
    endloop
  endfacet
  facet normal 0.803188 0.595725 2.52877e-05
    outer loop
      vertex -61.3936 -6.02674 4.2
      vertex -61.75 -5.54618 3.2
      vertex -61.949 -5.27792 4.2
    endloop
  endfacet
  facet normal 0.803214 0.595691 -0
    outer loop
      vertex -61.3936 -6.02674 2
      vertex -61.75 -5.54618 3.2
      vertex -61.3936 -6.02674 4.2
    endloop
  endfacet
  facet normal 0.803214 0.595691 0
    outer loop
      vertex -61.75 -5.54618 3.2
      vertex -61.3936 -6.02674 2
      vertex -61.75 -5.54618 2
    endloop
  endfacet
  facet normal 0.941571 0.336815 0
    outer loop
      vertex -62.8269 -3.63549 4.2
      vertex -63.1409 -2.7577 3.2
      vertex -63.1409 -2.7577 4.2
    endloop
  endfacet
  facet normal 0.941571 0.336815 0
    outer loop
      vertex -63.1409 -2.7577 3.2
      vertex -62.8269 -3.63549 4.2
      vertex -62.8269 -3.63549 3.2
    endloop
  endfacet
  facet normal -1 0 0
    outer loop
      vertex -38.85 -11.65 3.8147e-07
      vertex -38.85 11.65 0.5
      vertex -38.85 11.65 3.8147e-07
    endloop
  endfacet
  facet normal -1 -0 0
    outer loop
      vertex -38.85 11.65 0.5
      vertex -38.85 -11.65 3.8147e-07
      vertex -38.85 -11.65 0.5
    endloop
  endfacet
  facet normal 0 0 -1
    outer loop
      vertex -39.65 -11.65 0.5
      vertex -38.85 11.65 0.5
      vertex -38.85 -11.65 0.5
    endloop
  endfacet
  facet normal -0 0 -1
    outer loop
      vertex -38.85 11.65 0.5
      vertex -39.65 -11.65 0.5
      vertex -39.65 11.65 0.5
    endloop
  endfacet
  facet normal 1 -0 0
    outer loop
      vertex -39.65 -11.65 0.5
      vertex -39.65 11.65 3.8147e-07
      vertex -39.65 11.65 0.5
    endloop
  endfacet
  facet normal 1 0 0
    outer loop
      vertex -39.65 11.65 3.8147e-07
      vertex -39.65 -11.65 0.5
      vertex -39.65 -11.65 3.8147e-07
    endloop
  endfacet
  facet normal 0 1 -0
    outer loop
      vertex -38.85 -11.65 3.8147e-07
      vertex -39.65 -11.65 0.5
      vertex -38.85 -11.65 0.5
    endloop
  endfacet
  facet normal 0 1 0
    outer loop
      vertex -39.65 -11.65 0.5
      vertex -38.85 -11.65 3.8147e-07
      vertex -39.65 -11.65 3.8147e-07
    endloop
  endfacet
  facet normal 0 -1 0
    outer loop
      vertex -39.65 11.65 3.8147e-07
      vertex -38.85 11.65 0.5
      vertex -39.65 11.65 0.5
    endloop
  endfacet
  facet normal 0 -1 -0
    outer loop
      vertex -38.85 11.65 0.5
      vertex -39.65 11.65 3.8147e-07
      vertex -38.85 11.65 3.8147e-07
    endloop
  endfacet
  facet normal -1 0 0
    outer loop
      vertex 8.45 -11.65 3.8147e-07
      vertex 8.45 11.65 0.5
      vertex 8.45 11.65 3.8147e-07
    endloop
  endfacet
  facet normal -1 -0 0
    outer loop
      vertex 8.45 11.65 0.5
      vertex 8.45 -11.65 3.8147e-07
      vertex 8.45 -11.65 0.5
    endloop
  endfacet
  facet normal 0 0 -1
    outer loop
      vertex 7.65 -11.65 0.5
      vertex 8.45 11.65 0.5
      vertex 8.45 -11.65 0.5
    endloop
  endfacet
  facet normal -0 0 -1
    outer loop
      vertex 8.45 11.65 0.5
      vertex 7.65 -11.65 0.5
      vertex 7.65 11.65 0.5
    endloop
  endfacet
  facet normal 1 -0 0
    outer loop
      vertex 7.65 -11.65 0.5
      vertex 7.65 11.65 3.8147e-07
      vertex 7.65 11.65 0.5
    endloop
  endfacet
  facet normal 1 0 0
    outer loop
      vertex 7.65 11.65 3.8147e-07
      vertex 7.65 -11.65 0.5
      vertex 7.65 -11.65 3.8147e-07
    endloop
  endfacet
  facet normal 0 1 -0
    outer loop
      vertex 8.45 -11.65 3.8147e-07
      vertex 7.65 -11.65 0.5
      vertex 8.45 -11.65 0.5
    endloop
  endfacet
  facet normal 0 1 0
    outer loop
      vertex 7.65 -11.65 0.5
      vertex 8.45 -11.65 3.8147e-07
      vertex 7.65 -11.65 3.8147e-07
    endloop
  endfacet
  facet normal 0 -1 0
    outer loop
      vertex 7.65 11.65 3.8147e-07
      vertex 8.45 11.65 0.5
      vertex 7.65 11.65 0.5
    endloop
  endfacet
  facet normal 0 -1 -0
    outer loop
      vertex 8.45 11.65 0.5
      vertex 7.65 11.65 3.8147e-07
      vertex 8.45 11.65 3.8147e-07
    endloop
  endfacet
  facet normal 0.741051 0.671448 0
    outer loop
      vertex 19.6479 -1.20208 2
      vertex 19.5359 -1.07847 1.6
      vertex 19.5359 -1.07847 2
    endloop
  endfacet
  facet normal 0.741051 0.671448 0
    outer loop
      vertex 19.5359 -1.07847 1.6
      vertex 19.6479 -1.20208 2
      vertex 19.6479 -1.20208 1.6
    endloop
  endfacet
  facet normal -0.94155 0.336874 0
    outer loop
      vertex 22.4206 -0.650561 1.6
      vertex 22.4768 -0.493484 2
      vertex 22.4768 -0.493484 1.6
    endloop
  endfacet
  facet normal -0.94155 0.336874 0
    outer loop
      vertex 22.4768 -0.493484 2
      vertex 22.4206 -0.650561 1.6
      vertex 22.4206 -0.650561 2
    endloop
  endfacet
  facet normal 0.0491004 -0.998794 0
    outer loop
      vertex 20.6834 1.69181 1.6
      vertex 20.85 1.7 2
      vertex 20.6834 1.69181 2
    endloop
  endfacet
  facet normal 0.0491004 -0.998794 0
    outer loop
      vertex 20.85 1.7 2
      vertex 20.6834 1.69181 1.6
      vertex 20.85 1.7 1.6
    endloop
  endfacet
  facet normal 0.857642 -0.514247 0
    outer loop
      vertex 19.3507 0.801374 2
      vertex 19.4365 0.944468 1.6
      vertex 19.4365 0.944468 2
    endloop
  endfacet
  facet normal 0.857642 -0.514247 0
    outer loop
      vertex 19.4365 0.944468 1.6
      vertex 19.3507 0.801374 2
      vertex 19.3507 0.801374 1.6
    endloop
  endfacet
  facet normal -0.904057 0.427412 0
    outer loop
      vertex 22.3493 -0.801374 1.6
      vertex 22.4206 -0.650561 2
      vertex 22.4206 -0.650561 1.6
    endloop
  endfacet
  facet normal -0.904057 0.427412 0
    outer loop
      vertex 22.4206 -0.650561 2
      vertex 22.3493 -0.801374 1.6
      vertex 22.3493 -0.801374 2
    endloop
  endfacet
  facet normal -0.0491004 -0.998794 0
    outer loop
      vertex 20.85 1.7 1.6
      vertex 21.0166 1.69181 2
      vertex 20.85 1.7 2
    endloop
  endfacet
  facet normal -0.0491004 -0.998794 -0
    outer loop
      vertex 21.0166 1.69181 2
      vertex 20.85 1.7 1.6
      vertex 21.0166 1.69181 1.6
    endloop
  endfacet
  facet normal -0.0491004 0.998794 0
    outer loop
      vertex 21.0166 -1.69181 1.6
      vertex 20.85 -1.7 2
      vertex 21.0166 -1.69181 2
    endloop
  endfacet
  facet normal -0.0491004 0.998794 0
    outer loop
      vertex 20.85 -1.7 2
      vertex 21.0166 -1.69181 1.6
      vertex 20.85 -1.7 1.6
    endloop
  endfacet
  facet normal 0.970083 -0.242774 0
    outer loop
      vertex 19.1827 0.331653 2
      vertex 19.2232 0.493484 1.6
      vertex 19.2232 0.493484 2
    endloop
  endfacet
  facet normal 0.970083 -0.242774 0
    outer loop
      vertex 19.2232 0.493484 1.6
      vertex 19.1827 0.331653 2
      vertex 19.1827 0.331653 1.6
    endloop
  endfacet
  facet normal -0.242987 0.97003 0
    outer loop
      vertex 21.3435 -1.6268 1.6
      vertex 21.1817 -1.66733 2
      vertex 21.3435 -1.6268 2
    endloop
  endfacet
  facet normal -0.242987 0.97003 0
    outer loop
      vertex 21.1817 -1.66733 2
      vertex 21.3435 -1.6268 1.6
      vertex 21.1817 -1.66733 1.6
    endloop
  endfacet
  facet normal -0.42754 0.903996 0
    outer loop
      vertex 21.6514 -1.49927 1.6
      vertex 21.5006 -1.57059 2
      vertex 21.6514 -1.49927 2
    endloop
  endfacet
  facet normal -0.42754 0.903996 0
    outer loop
      vertex 21.5006 -1.57059 2
      vertex 21.6514 -1.49927 1.6
      vertex 21.5006 -1.57059 1.6
    endloop
  endfacet
  facet normal -0.741051 -0.671448 0
    outer loop
      vertex 22.1641 1.07847 1.6
      vertex 22.0521 1.20208 2
      vertex 22.0521 1.20208 1.6
    endloop
  endfacet
  facet normal -0.741051 -0.671448 0
    outer loop
      vertex 22.0521 1.20208 2
      vertex 22.1641 1.07847 1.6
      vertex 22.1641 1.07847 2
    endloop
  endfacet
  facet normal 0.514099 0.857731 -0
    outer loop
      vertex 20.0486 -1.49927 1.6
      vertex 19.9055 -1.4135 2
      vertex 20.0486 -1.49927 2
    endloop
  endfacet
  facet normal 0.514099 0.857731 0
    outer loop
      vertex 19.9055 -1.4135 2
      vertex 20.0486 -1.49927 1.6
      vertex 19.9055 -1.4135 1.6
    endloop
  endfacet
  facet normal -0.857642 -0.514247 0
    outer loop
      vertex 22.3493 0.801374 1.6
      vertex 22.2635 0.944468 2
      vertex 22.2635 0.944468 1.6
    endloop
  endfacet
  facet normal -0.857642 -0.514247 0
    outer loop
      vertex 22.2635 0.944468 2
      vertex 22.3493 0.801374 1.6
      vertex 22.3493 0.801374 2
    endloop
  endfacet
  facet normal -0.989158 0.146854 0
    outer loop
      vertex 22.5173 -0.331653 1.6
      vertex 22.5418 -0.166629 2
      vertex 22.5418 -0.166629 1.6
    endloop
  endfacet
  facet normal -0.989158 0.146854 0
    outer loop
      vertex 22.5418 -0.166629 2
      vertex 22.5173 -0.331653 1.6
      vertex 22.5173 -0.331653 2
    endloop
  endfacet
  facet normal -0.514099 -0.857731 0
    outer loop
      vertex 21.6514 1.49927 1.6
      vertex 21.7945 1.4135 2
      vertex 21.6514 1.49927 2
    endloop
  endfacet
  facet normal -0.514099 -0.857731 -0
    outer loop
      vertex 21.7945 1.4135 2
      vertex 21.6514 1.49927 1.6
      vertex 21.7945 1.4135 1.6
    endloop
  endfacet
  facet normal 0.0491004 0.998794 -0
    outer loop
      vertex 20.85 -1.7 1.6
      vertex 20.6834 -1.69181 2
      vertex 20.85 -1.7 2
    endloop
  endfacet
  facet normal 0.0491004 0.998794 0
    outer loop
      vertex 20.6834 -1.69181 2
      vertex 20.85 -1.7 1.6
      vertex 20.6834 -1.69181 1.6
    endloop
  endfacet
  facet normal 0.242987 0.97003 -0
    outer loop
      vertex 20.5183 -1.66733 1.6
      vertex 20.3565 -1.6268 2
      vertex 20.5183 -1.66733 2
    endloop
  endfacet
  facet normal 0.242987 0.97003 0
    outer loop
      vertex 20.3565 -1.6268 2
      vertex 20.5183 -1.66733 1.6
      vertex 20.3565 -1.6268 1.6
    endloop
  endfacet
  facet normal -0.970083 -0.242774 0
    outer loop
      vertex 22.5173 0.331653 1.6
      vertex 22.4768 0.493484 2
      vertex 22.4768 0.493484 1.6
    endloop
  endfacet
  facet normal -0.970083 -0.242774 0
    outer loop
      vertex 22.4768 0.493484 2
      vertex 22.5173 0.331653 1.6
      vertex 22.5173 0.331653 2
    endloop
  endfacet
  facet normal 0.989158 0.146854 0
    outer loop
      vertex 19.1827 -0.331653 2
      vertex 19.1582 -0.166629 1.6
      vertex 19.1582 -0.166629 2
    endloop
  endfacet
  facet normal 0.989158 0.146854 0
    outer loop
      vertex 19.1582 -0.166629 1.6
      vertex 19.1827 -0.331653 2
      vertex 19.1827 -0.331653 1.6
    endloop
  endfacet
  facet normal -0.595695 0.803211 0
    outer loop
      vertex 21.9285 -1.31412 1.6
      vertex 21.7945 -1.4135 2
      vertex 21.9285 -1.31412 2
    endloop
  endfacet
  facet normal -0.595695 0.803211 0
    outer loop
      vertex 21.7945 -1.4135 2
      vertex 21.9285 -1.31412 1.6
      vertex 21.7945 -1.4135 1.6
    endloop
  endfacet
  facet normal 0.14667 0.989185 -0
    outer loop
      vertex 20.6834 -1.69181 1.6
      vertex 20.5183 -1.66733 2
      vertex 20.6834 -1.69181 2
    endloop
  endfacet
  facet normal 0.14667 0.989185 0
    outer loop
      vertex 20.5183 -1.66733 2
      vertex 20.6834 -1.69181 1.6
      vertex 20.5183 -1.66733 1.6
    endloop
  endfacet
  facet normal -0.970083 0.242774 0
    outer loop
      vertex 22.4768 -0.493484 1.6
      vertex 22.5173 -0.331653 2
      vertex 22.5173 -0.331653 1.6
    endloop
  endfacet
  facet normal -0.970083 0.242774 0
    outer loop
      vertex 22.5173 -0.331653 2
      vertex 22.4768 -0.493484 1.6
      vertex 22.4768 -0.493484 2
    endloop
  endfacet
  facet normal -0.242987 -0.97003 0
    outer loop
      vertex 21.1817 1.66733 1.6
      vertex 21.3435 1.6268 2
      vertex 21.1817 1.66733 2
    endloop
  endfacet
  facet normal -0.242987 -0.97003 -0
    outer loop
      vertex 21.3435 1.6268 2
      vertex 21.1817 1.66733 1.6
      vertex 21.3435 1.6268 1.6
    endloop
  endfacet
  facet normal -0.998791 -0.0491516 0
    outer loop
      vertex 22.55 0 1.6
      vertex 22.5418 0.166629 2
      vertex 22.5418 0.166629 1.6
    endloop
  endfacet
  facet normal -0.998791 -0.0491516 0
    outer loop
      vertex 22.5418 0.166629 2
      vertex 22.55 0 1.6
      vertex 22.55 0 2
    endloop
  endfacet
  facet normal -0.803158 -0.595766 0
    outer loop
      vertex 22.2635 0.944468 1.6
      vertex 22.1641 1.07847 2
      vertex 22.1641 1.07847 1.6
    endloop
  endfacet
  facet normal -0.803158 -0.595766 0
    outer loop
      vertex 22.1641 1.07847 2
      vertex 22.2635 0.944468 1.6
      vertex 22.2635 0.944468 2
    endloop
  endfacet
  facet normal -0.14667 0.989185 0
    outer loop
      vertex 21.1817 -1.66733 1.6
      vertex 21.0166 -1.69181 2
      vertex 21.1817 -1.66733 2
    endloop
  endfacet
  facet normal -0.14667 0.989185 0
    outer loop
      vertex 21.0166 -1.69181 2
      vertex 21.1817 -1.66733 1.6
      vertex 21.0166 -1.69181 1.6
    endloop
  endfacet
  facet normal -0.67161 0.740905 0
    outer loop
      vertex 22.0521 -1.20208 1.6
      vertex 21.9285 -1.31412 2
      vertex 22.0521 -1.20208 2
    endloop
  endfacet
  facet normal -0.67161 0.740905 0
    outer loop
      vertex 21.9285 -1.31412 2
      vertex 22.0521 -1.20208 1.6
      vertex 21.9285 -1.31412 1.6
    endloop
  endfacet
  facet normal -0.998791 0.0491516 0
    outer loop
      vertex 22.5418 -0.166629 1.6
      vertex 22.55 0 2
      vertex 22.55 0 1.6
    endloop
  endfacet
  facet normal -0.998791 0.0491516 0
    outer loop
      vertex 22.55 0 2
      vertex 22.5418 -0.166629 1.6
      vertex 22.5418 -0.166629 2
    endloop
  endfacet
  facet normal 0.514099 -0.857731 0
    outer loop
      vertex 19.9055 1.4135 1.6
      vertex 20.0486 1.49927 2
      vertex 19.9055 1.4135 2
    endloop
  endfacet
  facet normal 0.514099 -0.857731 0
    outer loop
      vertex 20.0486 1.49927 2
      vertex 19.9055 1.4135 1.6
      vertex 20.0486 1.49927 1.6
    endloop
  endfacet
  facet normal -0.857642 0.514247 0
    outer loop
      vertex 22.2635 -0.944468 1.6
      vertex 22.3493 -0.801374 2
      vertex 22.3493 -0.801374 1.6
    endloop
  endfacet
  facet normal -0.857642 0.514247 0
    outer loop
      vertex 22.3493 -0.801374 2
      vertex 22.2635 -0.944468 1.6
      vertex 22.2635 -0.944468 2
    endloop
  endfacet
  facet normal -0.14667 -0.989185 0
    outer loop
      vertex 21.0166 1.69181 1.6
      vertex 21.1817 1.66733 2
      vertex 21.0166 1.69181 2
    endloop
  endfacet
  facet normal -0.14667 -0.989185 -0
    outer loop
      vertex 21.1817 1.66733 2
      vertex 21.0166 1.69181 1.6
      vertex 21.1817 1.66733 1.6
    endloop
  endfacet
  facet normal 0.14667 -0.989185 0
    outer loop
      vertex 20.5183 1.66733 1.6
      vertex 20.6834 1.69181 2
      vertex 20.5183 1.66733 2
    endloop
  endfacet
  facet normal 0.14667 -0.989185 0
    outer loop
      vertex 20.6834 1.69181 2
      vertex 20.5183 1.66733 1.6
      vertex 20.6834 1.69181 1.6
    endloop
  endfacet
  facet normal -0.989158 -0.146854 0
    outer loop
      vertex 22.5418 0.166629 1.6
      vertex 22.5173 0.331653 2
      vertex 22.5173 0.331653 1.6
    endloop
  endfacet
  facet normal -0.989158 -0.146854 0
    outer loop
      vertex 22.5173 0.331653 2
      vertex 22.5418 0.166629 1.6
      vertex 22.5418 0.166629 2
    endloop
  endfacet
  facet normal 0.998791 0.0491516 0
    outer loop
      vertex 19.1582 -0.166629 2
      vertex 19.15 0 1.6
      vertex 19.15 0 2
    endloop
  endfacet
  facet normal 0.998791 0.0491516 0
    outer loop
      vertex 19.15 0 1.6
      vertex 19.1582 -0.166629 2
      vertex 19.1582 -0.166629 1.6
    endloop
  endfacet
  facet normal 0.803158 -0.595766 0
    outer loop
      vertex 19.4365 0.944468 2
      vertex 19.5359 1.07847 1.6
      vertex 19.5359 1.07847 2
    endloop
  endfacet
  facet normal 0.803158 -0.595766 0
    outer loop
      vertex 19.5359 1.07847 1.6
      vertex 19.4365 0.944468 2
      vertex 19.4365 0.944468 1.6
    endloop
  endfacet
  facet normal 0.998791 -0.0491516 0
    outer loop
      vertex 19.15 0 2
      vertex 19.1582 0.166629 1.6
      vertex 19.1582 0.166629 2
    endloop
  endfacet
  facet normal 0.998791 -0.0491516 0
    outer loop
      vertex 19.1582 0.166629 1.6
      vertex 19.15 0 2
      vertex 19.15 0 1.6
    endloop
  endfacet
  facet normal 0.42754 -0.903996 0
    outer loop
      vertex 20.0486 1.49927 1.6
      vertex 20.1994 1.57059 2
      vertex 20.0486 1.49927 2
    endloop
  endfacet
  facet normal 0.42754 -0.903996 0
    outer loop
      vertex 20.1994 1.57059 2
      vertex 20.0486 1.49927 1.6
      vertex 20.1994 1.57059 1.6
    endloop
  endfacet
  facet normal -0.94155 -0.336874 0
    outer loop
      vertex 22.4768 0.493484 1.6
      vertex 22.4206 0.650561 2
      vertex 22.4206 0.650561 1.6
    endloop
  endfacet
  facet normal -0.94155 -0.336874 0
    outer loop
      vertex 22.4206 0.650561 2
      vertex 22.4768 0.493484 1.6
      vertex 22.4768 0.493484 2
    endloop
  endfacet
  facet normal -0.904057 -0.427412 0
    outer loop
      vertex 22.4206 0.650561 1.6
      vertex 22.3493 0.801374 2
      vertex 22.3493 0.801374 1.6
    endloop
  endfacet
  facet normal -0.904057 -0.427412 0
    outer loop
      vertex 22.3493 0.801374 2
      vertex 22.4206 0.650561 1.6
      vertex 22.4206 0.650561 2
    endloop
  endfacet
  facet normal 0.67161 -0.740905 0
    outer loop
      vertex 19.6479 1.20208 1.6
      vertex 19.7715 1.31412 2
      vertex 19.6479 1.20208 2
    endloop
  endfacet
  facet normal 0.67161 -0.740905 0
    outer loop
      vertex 19.7715 1.31412 2
      vertex 19.6479 1.20208 1.6
      vertex 19.7715 1.31412 1.6
    endloop
  endfacet
  facet normal 0.741051 -0.671448 0
    outer loop
      vertex 19.5359 1.07847 2
      vertex 19.6479 1.20208 1.6
      vertex 19.6479 1.20208 2
    endloop
  endfacet
  facet normal 0.741051 -0.671448 0
    outer loop
      vertex 19.6479 1.20208 1.6
      vertex 19.5359 1.07847 2
      vertex 19.5359 1.07847 1.6
    endloop
  endfacet
  facet normal -0.741051 0.671448 0
    outer loop
      vertex 22.0521 -1.20208 1.6
      vertex 22.1641 -1.07847 2
      vertex 22.1641 -1.07847 1.6
    endloop
  endfacet
  facet normal -0.741051 0.671448 0
    outer loop
      vertex 22.1641 -1.07847 2
      vertex 22.0521 -1.20208 1.6
      vertex 22.0521 -1.20208 2
    endloop
  endfacet
  facet normal -0.803158 0.595766 0
    outer loop
      vertex 22.1641 -1.07847 1.6
      vertex 22.2635 -0.944468 2
      vertex 22.2635 -0.944468 1.6
    endloop
  endfacet
  facet normal -0.803158 0.595766 0
    outer loop
      vertex 22.2635 -0.944468 2
      vertex 22.1641 -1.07847 1.6
      vertex 22.1641 -1.07847 2
    endloop
  endfacet
  facet normal -0.514099 0.857731 0
    outer loop
      vertex 21.7945 -1.4135 1.6
      vertex 21.6514 -1.49927 2
      vertex 21.7945 -1.4135 2
    endloop
  endfacet
  facet normal -0.514099 0.857731 0
    outer loop
      vertex 21.6514 -1.49927 2
      vertex 21.7945 -1.4135 1.6
      vertex 21.6514 -1.49927 1.6
    endloop
  endfacet
  facet normal -0.595695 -0.803211 0
    outer loop
      vertex 21.7945 1.4135 1.6
      vertex 21.9285 1.31412 2
      vertex 21.7945 1.4135 2
    endloop
  endfacet
  facet normal -0.595695 -0.803211 -0
    outer loop
      vertex 21.9285 1.31412 2
      vertex 21.7945 1.4135 1.6
      vertex 21.9285 1.31412 1.6
    endloop
  endfacet
  facet normal 0.595695 0.803211 -0
    outer loop
      vertex 19.9055 -1.4135 1.6
      vertex 19.7715 -1.31412 2
      vertex 19.9055 -1.4135 2
    endloop
  endfacet
  facet normal 0.595695 0.803211 0
    outer loop
      vertex 19.7715 -1.31412 2
      vertex 19.9055 -1.4135 1.6
      vertex 19.7715 -1.31412 1.6
    endloop
  endfacet
  facet normal 0.94155 -0.336874 0
    outer loop
      vertex 19.2232 0.493484 2
      vertex 19.2794 0.650561 1.6
      vertex 19.2794 0.650561 2
    endloop
  endfacet
  facet normal 0.94155 -0.336874 0
    outer loop
      vertex 19.2794 0.650561 1.6
      vertex 19.2232 0.493484 2
      vertex 19.2232 0.493484 1.6
    endloop
  endfacet
  facet normal 0.67161 0.740905 -0
    outer loop
      vertex 19.7715 -1.31412 1.6
      vertex 19.6479 -1.20208 2
      vertex 19.7715 -1.31412 2
    endloop
  endfacet
  facet normal 0.67161 0.740905 0
    outer loop
      vertex 19.6479 -1.20208 2
      vertex 19.7715 -1.31412 1.6
      vertex 19.6479 -1.20208 1.6
    endloop
  endfacet
  facet normal 0.94155 0.336874 0
    outer loop
      vertex 19.2794 -0.650561 2
      vertex 19.2232 -0.493484 1.6
      vertex 19.2232 -0.493484 2
    endloop
  endfacet
  facet normal 0.94155 0.336874 0
    outer loop
      vertex 19.2232 -0.493484 1.6
      vertex 19.2794 -0.650561 2
      vertex 19.2794 -0.650561 1.6
    endloop
  endfacet
  facet normal 0.336883 -0.941546 0
    outer loop
      vertex 20.1994 1.57059 1.6
      vertex 20.3565 1.6268 2
      vertex 20.1994 1.57059 2
    endloop
  endfacet
  facet normal 0.336883 -0.941546 0
    outer loop
      vertex 20.3565 1.6268 2
      vertex 20.1994 1.57059 1.6
      vertex 20.3565 1.6268 1.6
    endloop
  endfacet
  facet normal 0.803158 0.595766 0
    outer loop
      vertex 19.5359 -1.07847 2
      vertex 19.4365 -0.944468 1.6
      vertex 19.4365 -0.944468 2
    endloop
  endfacet
  facet normal 0.803158 0.595766 0
    outer loop
      vertex 19.4365 -0.944468 1.6
      vertex 19.5359 -1.07847 2
      vertex 19.5359 -1.07847 1.6
    endloop
  endfacet
  facet normal 0.970083 0.242774 0
    outer loop
      vertex 19.2232 -0.493484 2
      vertex 19.1827 -0.331653 1.6
      vertex 19.1827 -0.331653 2
    endloop
  endfacet
  facet normal 0.970083 0.242774 0
    outer loop
      vertex 19.1827 -0.331653 1.6
      vertex 19.2232 -0.493484 2
      vertex 19.2232 -0.493484 1.6
    endloop
  endfacet
  facet normal 0.242987 -0.97003 0
    outer loop
      vertex 20.3565 1.6268 1.6
      vertex 20.5183 1.66733 2
      vertex 20.3565 1.6268 2
    endloop
  endfacet
  facet normal 0.242987 -0.97003 0
    outer loop
      vertex 20.5183 1.66733 2
      vertex 20.3565 1.6268 1.6
      vertex 20.5183 1.66733 1.6
    endloop
  endfacet
  facet normal 0.336883 0.941546 -0
    outer loop
      vertex 20.3565 -1.6268 1.6
      vertex 20.1994 -1.57059 2
      vertex 20.3565 -1.6268 2
    endloop
  endfacet
  facet normal 0.336883 0.941546 0
    outer loop
      vertex 20.1994 -1.57059 2
      vertex 20.3565 -1.6268 1.6
      vertex 20.1994 -1.57059 1.6
    endloop
  endfacet
  facet normal -0.67161 -0.740905 0
    outer loop
      vertex 21.9285 1.31412 1.6
      vertex 22.0521 1.20208 2
      vertex 21.9285 1.31412 2
    endloop
  endfacet
  facet normal -0.67161 -0.740905 -0
    outer loop
      vertex 22.0521 1.20208 2
      vertex 21.9285 1.31412 1.6
      vertex 22.0521 1.20208 1.6
    endloop
  endfacet
  facet normal 0.904057 0.427412 0
    outer loop
      vertex 19.3507 -0.801374 2
      vertex 19.2794 -0.650561 1.6
      vertex 19.2794 -0.650561 2
    endloop
  endfacet
  facet normal 0.904057 0.427412 0
    outer loop
      vertex 19.2794 -0.650561 1.6
      vertex 19.3507 -0.801374 2
      vertex 19.3507 -0.801374 1.6
    endloop
  endfacet
  facet normal 0.904057 -0.427412 0
    outer loop
      vertex 19.2794 0.650561 2
      vertex 19.3507 0.801374 1.6
      vertex 19.3507 0.801374 2
    endloop
  endfacet
  facet normal 0.904057 -0.427412 0
    outer loop
      vertex 19.3507 0.801374 1.6
      vertex 19.2794 0.650561 2
      vertex 19.2794 0.650561 1.6
    endloop
  endfacet
  facet normal 0.989158 -0.146854 0
    outer loop
      vertex 19.1582 0.166629 2
      vertex 19.1827 0.331653 1.6
      vertex 19.1827 0.331653 2
    endloop
  endfacet
  facet normal 0.989158 -0.146854 0
    outer loop
      vertex 19.1827 0.331653 1.6
      vertex 19.1582 0.166629 2
      vertex 19.1582 0.166629 1.6
    endloop
  endfacet
  facet normal -0.336883 0.941546 0
    outer loop
      vertex 21.5006 -1.57059 1.6
      vertex 21.3435 -1.6268 2
      vertex 21.5006 -1.57059 2
    endloop
  endfacet
  facet normal -0.336883 0.941546 0
    outer loop
      vertex 21.3435 -1.6268 2
      vertex 21.5006 -1.57059 1.6
      vertex 21.3435 -1.6268 1.6
    endloop
  endfacet
  facet normal -0.336883 -0.941546 0
    outer loop
      vertex 21.3435 1.6268 1.6
      vertex 21.5006 1.57059 2
      vertex 21.3435 1.6268 2
    endloop
  endfacet
  facet normal -0.336883 -0.941546 -0
    outer loop
      vertex 21.5006 1.57059 2
      vertex 21.3435 1.6268 1.6
      vertex 21.5006 1.57059 1.6
    endloop
  endfacet
  facet normal -0.42754 -0.903996 0
    outer loop
      vertex 21.5006 1.57059 1.6
      vertex 21.6514 1.49927 2
      vertex 21.5006 1.57059 2
    endloop
  endfacet
  facet normal -0.42754 -0.903996 -0
    outer loop
      vertex 21.6514 1.49927 2
      vertex 21.5006 1.57059 1.6
      vertex 21.6514 1.49927 1.6
    endloop
  endfacet
  facet normal 0.42754 0.903996 -0
    outer loop
      vertex 20.1994 -1.57059 1.6
      vertex 20.0486 -1.49927 2
      vertex 20.1994 -1.57059 2
    endloop
  endfacet
  facet normal 0.42754 0.903996 0
    outer loop
      vertex 20.0486 -1.49927 2
      vertex 20.1994 -1.57059 1.6
      vertex 20.0486 -1.49927 1.6
    endloop
  endfacet
  facet normal 0.857642 0.514247 0
    outer loop
      vertex 19.4365 -0.944468 2
      vertex 19.3507 -0.801374 1.6
      vertex 19.3507 -0.801374 2
    endloop
  endfacet
  facet normal 0.857642 0.514247 0
    outer loop
      vertex 19.3507 -0.801374 1.6
      vertex 19.4365 -0.944468 2
      vertex 19.4365 -0.944468 1.6
    endloop
  endfacet
  facet normal 0.595695 -0.803211 0
    outer loop
      vertex 19.7715 1.31412 1.6
      vertex 19.9055 1.4135 2
      vertex 19.7715 1.31412 2
    endloop
  endfacet
  facet normal 0.595695 -0.803211 0
    outer loop
      vertex 19.9055 1.4135 2
      vertex 19.7715 1.31412 1.6
      vertex 19.9055 1.4135 1.6
    endloop
  endfacet
  facet normal -0.708876 0.0348249 -0.704473
    outer loop
      vertex 24.05 -0.0103613 0.0901134
      vertex 22.55 0 1.6
      vertex 24.05 0 0.0906256
    endloop
  endfacet
  facet normal -0.708874 0.0348845 -0.704472
    outer loop
      vertex 22.55 0 1.6
      vertex 24.05 -0.0103613 0.0901134
      vertex 22.5418 -0.166629 1.6
    endloop
  endfacet
  facet normal -0.172499 0.68845 -0.704472
    outer loop
      vertex 21.804 -3.14864 3.8147e-07
      vertex 21.4919 -3.22684 3.8147e-07
      vertex 21.1817 -1.66733 1.6
    endloop
  endfacet
  facet normal 0.476587 -0.525915 -0.70447
    outer loop
      vertex 18.7628 2.54325 3.8147e-07
      vertex 19.7715 1.31412 1.6
      vertex 18.5243 2.32712 3.8147e-07
    endloop
  endfacet
  facet normal -0.105286 0.701904 -0.704447
    outer loop
      vertex 21.0166 -1.69181 1.6
      vertex 21.1735 -3.27407 3.8147e-07
      vertex 21.1725 -3.27422 3.8147e-07
    endloop
  endfacet
  facet normal -0.104096 0.702052 -0.704476
    outer loop
      vertex 21.1735 -3.27407 3.8147e-07
      vertex 21.0166 -1.69181 1.6
      vertex 21.1817 -1.66733 1.6
    endloop
  endfacet
  facet normal -0.668265 -0.23906 -0.704466
    outer loop
      vertex 23.8896 1.25905 3.8147e-07
      vertex 23.998 0.95603 3.8147e-07
      vertex 22.4206 0.650561 1.6
    endloop
  endfacet
  facet normal -0.364813 -0.608794 -0.704473
    outer loop
      vertex 22.4018 2.90104 3.8147e-07
      vertex 22.6779 2.73559 3.8147e-07
      vertex 21.7945 1.4135 1.6
    endloop
  endfacet
  facet normal -0.104139 0.702049 -0.704473
    outer loop
      vertex 21.1817 -1.66733 1.6
      vertex 21.4919 -3.22684 3.8147e-07
      vertex 21.1735 -3.27407 3.8147e-07
    endloop
  endfacet
  facet normal 0.5258 -0.476717 -0.704468
    outer loop
      vertex 18.5236 2.32642 3.8147e-07
      vertex 19.6479 1.20208 1.6
      vertex 18.3074 2.08796 3.8147e-07
    endloop
  endfacet
  facet normal -0.157394 0.692535 -0.704005
    outer loop
      vertex 21.804 -3.14864 3.8147e-07
      vertex 21.3435 -1.6268 1.6
      vertex 21.8051 -3.14839 3.8147e-07
    endloop
  endfacet
  facet normal -0.172457 0.688464 -0.704468
    outer loop
      vertex 21.3435 -1.6268 1.6
      vertex 21.804 -3.14864 3.8147e-07
      vertex 21.1817 -1.66733 1.6
    endloop
  endfacet
  facet normal -0.688511 -0.172307 -0.704459
    outer loop
      vertex 22.4768 0.493484 1.6
      vertex 23.9986 0.954049 3.8147e-07
      vertex 22.5173 0.331653 1.6
    endloop
  endfacet
  facet normal -0.697327 -0.138772 -0.703191
    outer loop
      vertex 23.9986 0.954049 3.8147e-07
      vertex 22.4768 0.493484 1.6
      vertex 23.9984 0.955054 3.8147e-07
    endloop
  endfacet
  facet normal -0.364813 0.608794 -0.704473
    outer loop
      vertex 22.6779 -2.73559 3.8147e-07
      vertex 22.4018 -2.90104 3.8147e-07
      vertex 21.7945 -1.4135 1.6
    endloop
  endfacet
  facet normal 0.0322301 -0.709063 -0.704408
    outer loop
      vertex 20.5286 3.27427 3.8147e-07
      vertex 20.6834 1.69181 1.6
      vertex 20.5275 3.27422 3.8147e-07
    endloop
  endfacet
  facet normal 0.034848 -0.708874 -0.704474
    outer loop
      vertex 20.6834 1.69181 1.6
      vertex 20.5286 3.27427 3.8147e-07
      vertex 20.85 1.7 1.6
    endloop
  endfacet
  facet normal -0.239041 -0.668264 -0.704473
    outer loop
      vertex 21.806 3.14804 3.8147e-07
      vertex 22.1091 3.03962 3.8147e-07
      vertex 21.5006 1.57059 1.6
    endloop
  endfacet
  facet normal -0.0348262 0.708876 -0.704473
    outer loop
      vertex 21.1714 -3.27427 3.8147e-07
      vertex 20.85 -3.29006 3.8147e-07
      vertex 20.85 -1.7 1.6
    endloop
  endfacet
  facet normal 0.688485 -0.172301 -0.704486
    outer loop
      vertex 19.1827 0.331653 1.6
      vertex 17.6234 0.642864 3.8147e-07
      vertex 19.2232 0.493484 1.6
    endloop
  endfacet
  facet normal 0.695667 -0.138441 -0.704899
    outer loop
      vertex 17.6234 0.642864 3.8147e-07
      vertex 19.1827 0.331653 1.6
      vertex 17.6232 0.641859 3.8147e-07
    endloop
  endfacet
  facet normal 0.608696 -0.364978 -0.704472
    outer loop
      vertex 18.1139 1.82697 3.8147e-07
      vertex 19.4365 0.944468 1.6
      vertex 19.3507 0.801374 1.6
    endloop
  endfacet
  facet normal 0.619313 -0.347929 -0.703845
    outer loop
      vertex 19.4365 0.944468 1.6
      vertex 18.1139 1.82697 3.8147e-07
      vertex 18.1144 1.82786 3.8147e-07
    endloop
  endfacet
  facet normal 0.702056 -0.104089 -0.704473
    outer loop
      vertex 17.623 0.640834 3.8147e-07
      vertex 19.1582 0.166629 1.6
      vertex 17.5758 0.322482 3.8147e-07
    endloop
  endfacet
  facet normal -0.657778 -0.269581 -0.703316
    outer loop
      vertex 22.4768 0.493484 1.6
      vertex 23.998 0.95603 3.8147e-07
      vertex 23.9984 0.955054 3.8147e-07
    endloop
  endfacet
  facet normal -0.668256 -0.239093 -0.704464
    outer loop
      vertex 23.998 0.95603 3.8147e-07
      vertex 22.4768 0.493484 1.6
      vertex 22.4206 0.650561 1.6
    endloop
  endfacet
  facet normal 0.105286 -0.701904 -0.704447
    outer loop
      vertex 20.6834 1.69181 1.6
      vertex 20.5265 3.27407 3.8147e-07
      vertex 20.5275 3.27422 3.8147e-07
    endloop
  endfacet
  facet normal 0.104096 -0.702052 -0.704476
    outer loop
      vertex 20.5265 3.27407 3.8147e-07
      vertex 20.6834 1.69181 1.6
      vertex 20.5183 1.66733 1.6
    endloop
  endfacet
  facet normal -0.50156 -0.50156 -0.704893
    outer loop
      vertex 22.0521 1.20208 1.6
      vertex 23.1757 2.32712 3.8147e-07
      vertex 23.1764 2.32642 3.8147e-07
    endloop
  endfacet
  facet normal -0.476659 -0.525839 -0.704478
    outer loop
      vertex 23.1757 2.32712 3.8147e-07
      vertex 22.0521 1.20208 1.6
      vertex 21.9285 1.31412 1.6
    endloop
  endfacet
  facet normal 0.172499 0.68845 -0.704472
    outer loop
      vertex 20.5183 -1.66733 1.6
      vertex 20.2081 -3.22684 3.8147e-07
      vertex 19.896 -3.14864 3.8147e-07
    endloop
  endfacet
  facet normal 0.641597 -0.303443 -0.704468
    outer loop
      vertex 17.948 1.54999 3.8147e-07
      vertex 19.2794 0.650561 1.6
      vertex 17.8104 1.25905 3.8147e-07
    endloop
  endfacet
  facet normal 0.702026 -0.104225 -0.704484
    outer loop
      vertex 17.623 0.640834 3.8147e-07
      vertex 19.1827 0.331653 1.6
      vertex 19.1582 0.166629 1.6
    endloop
  endfacet
  facet normal 0.696182 -0.13584 -0.704896
    outer loop
      vertex 19.1827 0.331653 1.6
      vertex 17.623 0.640834 3.8147e-07
      vertex 17.6232 0.641859 3.8147e-07
    endloop
  endfacet
  facet normal -0.104139 -0.702049 -0.704473
    outer loop
      vertex 21.4919 3.22684 3.8147e-07
      vertex 21.1817 1.66733 1.6
      vertex 21.1735 3.27407 3.8147e-07
    endloop
  endfacet
  facet normal 0.708867 0.0348428 -0.704481
    outer loop
      vertex 19.15 0 1.6
      vertex 17.5757 -0.321447 3.8147e-07
      vertex 17.5599 0 3.8147e-07
    endloop
  endfacet
  facet normal -0.688139 -0.172521 -0.70477
    outer loop
      vertex 24.05 0.636519 0.0275418
      vertex 23.9986 0.954049 3.8147e-07
      vertex 24.05 0.749029 3.8147e-07
    endloop
  endfacet
  facet normal -0.688432 -0.172544 -0.704478
    outer loop
      vertex 23.9986 0.954049 3.8147e-07
      vertex 24.05 0.636519 0.0275418
      vertex 22.5173 0.331653 1.6
    endloop
  endfacet
  facet normal -0.570076 0.422761 -0.704476
    outer loop
      vertex 23.5856 -1.82786 3.8147e-07
      vertex 23.3939 -2.08636 3.8147e-07
      vertex 22.2635 -0.944468 1.6
    endloop
  endfacet
  facet normal 0.641597 0.303443 -0.704468
    outer loop
      vertex 19.2794 -0.650561 1.6
      vertex 17.948 -1.54999 3.8147e-07
      vertex 17.8104 -1.25905 3.8147e-07
    endloop
  endfacet
  facet normal -0.034848 -0.708874 -0.704474
    outer loop
      vertex 21.1714 3.27427 3.8147e-07
      vertex 21.0166 1.69181 1.6
      vertex 20.85 1.7 1.6
    endloop
  endfacet
  facet normal -0.0322301 -0.709063 -0.704408
    outer loop
      vertex 21.0166 1.69181 1.6
      vertex 21.1714 3.27427 3.8147e-07
      vertex 21.1725 3.27422 3.8147e-07
    endloop
  endfacet
  facet normal -0.42279 0.570056 -0.704474
    outer loop
      vertex 22.9364 -2.54387 3.8147e-07
      vertex 22.6779 -2.73559 3.8147e-07
      vertex 21.7945 -1.4135 1.6
    endloop
  endfacet
  facet normal -0.5258 0.476717 -0.704468
    outer loop
      vertex 23.3926 -2.08796 3.8147e-07
      vertex 23.1764 -2.32642 3.8147e-07
      vertex 22.0521 -1.20208 1.6
    endloop
  endfacet
  facet normal -0.104096 -0.702052 -0.704476
    outer loop
      vertex 21.0166 1.69181 1.6
      vertex 21.1735 3.27407 3.8147e-07
      vertex 21.1817 1.66733 1.6
    endloop
  endfacet
  facet normal -0.105286 -0.701904 -0.704447
    outer loop
      vertex 21.1735 3.27407 3.8147e-07
      vertex 21.0166 1.69181 1.6
      vertex 21.1725 3.27422 3.8147e-07
    endloop
  endfacet
  facet normal -0.172499 -0.68845 -0.704472
    outer loop
      vertex 21.4919 3.22684 3.8147e-07
      vertex 21.804 3.14864 3.8147e-07
      vertex 21.1817 1.66733 1.6
    endloop
  endfacet
  facet normal -0.697327 0.138772 -0.703191
    outer loop
      vertex 22.4768 -0.493484 1.6
      vertex 23.9986 -0.954049 3.8147e-07
      vertex 23.9984 -0.955054 3.8147e-07
    endloop
  endfacet
  facet normal -0.688511 0.172307 -0.704459
    outer loop
      vertex 23.9986 -0.954049 3.8147e-07
      vertex 22.4768 -0.493484 1.6
      vertex 22.5173 -0.331653 1.6
    endloop
  endfacet
  facet normal -0.0322301 0.709063 -0.704408
    outer loop
      vertex 21.1714 -3.27427 3.8147e-07
      vertex 21.0166 -1.69181 1.6
      vertex 21.1725 -3.27422 3.8147e-07
    endloop
  endfacet
  facet normal -0.034848 0.708874 -0.704474
    outer loop
      vertex 21.0166 -1.69181 1.6
      vertex 21.1714 -3.27427 3.8147e-07
      vertex 20.85 -1.7 1.6
    endloop
  endfacet
  facet normal -0.0348262 -0.708876 -0.704473
    outer loop
      vertex 21.1714 3.27427 3.8147e-07
      vertex 20.85 1.7 1.6
      vertex 20.85 3.29006 3.8147e-07
    endloop
  endfacet
  facet normal -0.657778 0.269581 -0.703316
    outer loop
      vertex 23.998 -0.95603 3.8147e-07
      vertex 22.4768 -0.493484 1.6
      vertex 23.9984 -0.955054 3.8147e-07
    endloop
  endfacet
  facet normal -0.668256 0.239093 -0.704464
    outer loop
      vertex 22.4768 -0.493484 1.6
      vertex 23.998 -0.95603 3.8147e-07
      vertex 22.4206 -0.650561 1.6
    endloop
  endfacet
  facet normal 0.608719 0.364945 -0.704469
    outer loop
      vertex 19.3507 -0.801374 1.6
      vertex 18.1139 -1.82697 3.8147e-07
      vertex 17.9484 -1.55092 3.8147e-07
    endloop
  endfacet
  facet normal -0.619313 0.347929 -0.703845
    outer loop
      vertex 22.2635 -0.944468 1.6
      vertex 23.5861 -1.82697 3.8147e-07
      vertex 23.5856 -1.82786 3.8147e-07
    endloop
  endfacet
  facet normal -0.608696 0.364978 -0.704472
    outer loop
      vertex 23.5861 -1.82697 3.8147e-07
      vertex 22.2635 -0.944468 1.6
      vertex 22.3493 -0.801374 1.6
    endloop
  endfacet
  facet normal -0.708872 0.0348246 -0.704476
    outer loop
      vertex 24.05 -0.0103613 0.0901134
      vertex 24.05 -0.315172 0.0750456
      vertex 22.5418 -0.166629 1.6
    endloop
  endfacet
  facet normal -0.702041 -0.104141 -0.704481
    outer loop
      vertex 24.05 0.636519 0.0275418
      vertex 24.05 0.323882 0.073758
      vertex 22.5173 0.331653 1.6
    endloop
  endfacet
  facet normal -0.708872 -0.0348246 -0.704476
    outer loop
      vertex 24.05 0.315172 0.0750456
      vertex 24.05 0.0103613 0.0901134
      vertex 22.5418 0.166629 1.6
    endloop
  endfacet
  facet normal -0.434587 0.560758 -0.704758
    outer loop
      vertex 22.9364 -2.54387 3.8147e-07
      vertex 21.9285 -1.31412 1.6
      vertex 22.9372 -2.54325 3.8147e-07
    endloop
  endfacet
  facet normal -0.422783 0.570063 -0.704474
    outer loop
      vertex 21.9285 -1.31412 1.6
      vertex 22.9364 -2.54387 3.8147e-07
      vertex 21.7945 -1.4135 1.6
    endloop
  endfacet
  facet normal -0.688139 0.172521 -0.70477
    outer loop
      vertex 23.9986 -0.954049 3.8147e-07
      vertex 24.05 -0.636519 0.0275418
      vertex 24.05 -0.749029 3.8147e-07
    endloop
  endfacet
  facet normal -0.688432 0.172544 -0.704478
    outer loop
      vertex 24.05 -0.636519 0.0275418
      vertex 23.9986 -0.954049 3.8147e-07
      vertex 22.5173 -0.331653 1.6
    endloop
  endfacet
  facet normal 0.668258 0.239053 -0.704475
    outer loop
      vertex 19.2232 -0.493484 1.6
      vertex 17.81 -1.25808 3.8147e-07
      vertex 17.7016 -0.955054 3.8147e-07
    endloop
  endfacet
  facet normal 0.708867 -0.0348428 -0.704481
    outer loop
      vertex 17.5757 0.321447 3.8147e-07
      vertex 19.15 0 1.6
      vertex 17.5599 0 3.8147e-07
    endloop
  endfacet
  facet normal -0.476587 -0.525915 -0.70447
    outer loop
      vertex 22.9372 2.54325 3.8147e-07
      vertex 23.1757 2.32712 3.8147e-07
      vertex 21.9285 1.31412 1.6
    endloop
  endfacet
  facet normal -0.257457 0.662033 -0.703866
    outer loop
      vertex 21.3435 -1.6268 1.6
      vertex 21.806 -3.14804 3.8147e-07
      vertex 21.8051 -3.14839 3.8147e-07
    endloop
  endfacet
  facet normal -0.239098 0.668249 -0.704469
    outer loop
      vertex 21.806 -3.14804 3.8147e-07
      vertex 21.3435 -1.6268 1.6
      vertex 21.5006 -1.57059 1.6
    endloop
  endfacet
  facet normal -0.702045 -0.104143 -0.704476
    outer loop
      vertex 22.5418 0.166629 1.6
      vertex 24.05 0.323882 0.073758
      vertex 24.05 0.315172 0.0750456
    endloop
  endfacet
  facet normal -0.702035 -0.104226 -0.704474
    outer loop
      vertex 24.05 0.323882 0.073758
      vertex 22.5418 0.166629 1.6
      vertex 22.5173 0.331653 1.6
    endloop
  endfacet
  facet normal -0.239041 0.668264 -0.704473
    outer loop
      vertex 22.1091 -3.03962 3.8147e-07
      vertex 21.806 -3.14804 3.8147e-07
      vertex 21.5006 -1.57059 1.6
    endloop
  endfacet
  facet normal 0.476659 -0.525839 -0.704478
    outer loop
      vertex 19.6479 1.20208 1.6
      vertex 18.5243 2.32712 3.8147e-07
      vertex 19.7715 1.31412 1.6
    endloop
  endfacet
  facet normal 0.50156 -0.50156 -0.704893
    outer loop
      vertex 18.5243 2.32712 3.8147e-07
      vertex 19.6479 1.20208 1.6
      vertex 18.5236 2.32642 3.8147e-07
    endloop
  endfacet
  facet normal 0.172499 -0.68845 -0.704472
    outer loop
      vertex 20.2081 3.22684 3.8147e-07
      vertex 20.5183 1.66733 1.6
      vertex 19.896 3.14864 3.8147e-07
    endloop
  endfacet
  facet normal 0.570023 -0.422832 -0.704477
    outer loop
      vertex 19.4365 0.944468 1.6
      vertex 18.115 1.82869 3.8147e-07
      vertex 19.5359 1.07847 1.6
    endloop
  endfacet
  facet normal 0.575029 -0.415684 -0.704662
    outer loop
      vertex 18.115 1.82869 3.8147e-07
      vertex 19.4365 0.944468 1.6
      vertex 18.1144 1.82786 3.8147e-07
    endloop
  endfacet
  facet normal 0.104139 0.702049 -0.704473
    outer loop
      vertex 20.5183 -1.66733 1.6
      vertex 20.5265 -3.27407 3.8147e-07
      vertex 20.2081 -3.22684 3.8147e-07
    endloop
  endfacet
  facet normal 0.57007 0.422756 -0.704483
    outer loop
      vertex 19.5359 -1.07847 1.6
      vertex 18.3067 -2.08719 3.8147e-07
      vertex 18.115 -1.82869 3.8147e-07
    endloop
  endfacet
  facet normal 0.652756 0.280755 -0.703624
    outer loop
      vertex 17.948 -1.54999 3.8147e-07
      vertex 19.3507 -0.801374 1.6
      vertex 17.9484 -1.55092 3.8147e-07
    endloop
  endfacet
  facet normal 0.641649 0.303353 -0.70446
    outer loop
      vertex 19.3507 -0.801374 1.6
      vertex 17.948 -1.54999 3.8147e-07
      vertex 19.2794 -0.650561 1.6
    endloop
  endfacet
  facet normal 0.668242 -0.239088 -0.704478
    outer loop
      vertex 17.81 1.25808 3.8147e-07
      vertex 19.2794 0.650561 1.6
      vertex 19.2232 0.493484 1.6
    endloop
  endfacet
  facet normal 0.655745 -0.27041 -0.704895
    outer loop
      vertex 19.2794 0.650561 1.6
      vertex 17.81 1.25808 3.8147e-07
      vertex 17.8104 1.25905 3.8147e-07
    endloop
  endfacet
  facet normal -0.608719 0.364945 -0.704469
    outer loop
      vertex 23.7516 -1.55092 3.8147e-07
      vertex 23.5861 -1.82697 3.8147e-07
      vertex 22.3493 -0.801374 1.6
    endloop
  endfacet
  facet normal 0.702056 0.104089 -0.704473
    outer loop
      vertex 19.1582 -0.166629 1.6
      vertex 17.623 -0.640834 3.8147e-07
      vertex 17.5758 -0.322482 3.8147e-07
    endloop
  endfacet
  facet normal 0.476659 0.525839 -0.704478
    outer loop
      vertex 18.5243 -2.32712 3.8147e-07
      vertex 19.6479 -1.20208 1.6
      vertex 19.7715 -1.31412 1.6
    endloop
  endfacet
  facet normal 0.50156 0.50156 -0.704893
    outer loop
      vertex 19.6479 -1.20208 1.6
      vertex 18.5243 -2.32712 3.8147e-07
      vertex 18.5236 -2.32642 3.8147e-07
    endloop
  endfacet
  facet normal -0.5258 -0.476717 -0.704468
    outer loop
      vertex 23.1764 2.32642 3.8147e-07
      vertex 23.3926 2.08796 3.8147e-07
      vertex 22.0521 1.20208 1.6
    endloop
  endfacet
  facet normal 0.42279 -0.570056 -0.704474
    outer loop
      vertex 19.0221 2.73559 3.8147e-07
      vertex 19.9055 1.4135 1.6
      vertex 18.7636 2.54387 3.8147e-07
    endloop
  endfacet
  facet normal -0.708876 -0.0348249 -0.704473
    outer loop
      vertex 22.55 0 1.6
      vertex 24.05 0.0103613 0.0901134
      vertex 24.05 0 0.0906256
    endloop
  endfacet
  facet normal -0.708874 -0.0348845 -0.704472
    outer loop
      vertex 24.05 0.0103613 0.0901134
      vertex 22.55 0 1.6
      vertex 22.5418 0.166629 1.6
    endloop
  endfacet
  facet normal 0.104139 -0.702049 -0.704473
    outer loop
      vertex 20.5265 3.27407 3.8147e-07
      vertex 20.5183 1.66733 1.6
      vertex 20.2081 3.22684 3.8147e-07
    endloop
  endfacet
  facet normal -0.702041 0.104141 -0.704481
    outer loop
      vertex 24.05 -0.323882 0.073758
      vertex 24.05 -0.636519 0.0275418
      vertex 22.5173 -0.331653 1.6
    endloop
  endfacet
  facet normal -0.702045 0.104143 -0.704476
    outer loop
      vertex 24.05 -0.323882 0.073758
      vertex 22.5418 -0.166629 1.6
      vertex 24.05 -0.315172 0.0750456
    endloop
  endfacet
  facet normal -0.702035 0.104226 -0.704474
    outer loop
      vertex 22.5418 -0.166629 1.6
      vertex 24.05 -0.323882 0.073758
      vertex 22.5173 -0.331653 1.6
    endloop
  endfacet
  facet normal 0.0348262 -0.708876 -0.704473
    outer loop
      vertex 20.85 3.29006 3.8147e-07
      vertex 20.85 1.7 1.6
      vertex 20.5286 3.27427 3.8147e-07
    endloop
  endfacet
  facet normal 0.655745 0.27041 -0.704895
    outer loop
      vertex 17.81 -1.25808 3.8147e-07
      vertex 19.2794 -0.650561 1.6
      vertex 17.8104 -1.25905 3.8147e-07
    endloop
  endfacet
  facet normal 0.668242 0.239088 -0.704478
    outer loop
      vertex 19.2794 -0.650561 1.6
      vertex 17.81 -1.25808 3.8147e-07
      vertex 19.2232 -0.493484 1.6
    endloop
  endfacet
  facet normal -0.311831 0.637837 -0.70422
    outer loop
      vertex 21.5006 -1.57059 1.6
      vertex 22.11 -3.03918 3.8147e-07
      vertex 22.1091 -3.03962 3.8147e-07
    endloop
  endfacet
  facet normal -0.303439 0.641595 -0.704472
    outer loop
      vertex 22.11 -3.03918 3.8147e-07
      vertex 21.5006 -1.57059 1.6
      vertex 21.6514 -1.49927 1.6
    endloop
  endfacet
  facet normal -0.239098 -0.668249 -0.704469
    outer loop
      vertex 21.3435 1.6268 1.6
      vertex 21.806 3.14804 3.8147e-07
      vertex 21.5006 1.57059 1.6
    endloop
  endfacet
  facet normal -0.257457 -0.662033 -0.703866
    outer loop
      vertex 21.806 3.14804 3.8147e-07
      vertex 21.3435 1.6268 1.6
      vertex 21.8051 3.14839 3.8147e-07
    endloop
  endfacet
  facet normal -0.157394 -0.692535 -0.704005
    outer loop
      vertex 21.3435 1.6268 1.6
      vertex 21.804 3.14864 3.8147e-07
      vertex 21.8051 3.14839 3.8147e-07
    endloop
  endfacet
  facet normal -0.172457 -0.688464 -0.704468
    outer loop
      vertex 21.804 3.14864 3.8147e-07
      vertex 21.3435 1.6268 1.6
      vertex 21.1817 1.66733 1.6
    endloop
  endfacet
  facet normal 0.68846 0.172451 -0.704474
    outer loop
      vertex 19.2232 -0.493484 1.6
      vertex 17.7016 -0.955054 3.8147e-07
      vertex 17.6234 -0.642864 3.8147e-07
    endloop
  endfacet
  facet normal 0.239041 0.668264 -0.704473
    outer loop
      vertex 20.1994 -1.57059 1.6
      vertex 19.894 -3.14804 3.8147e-07
      vertex 19.5909 -3.03962 3.8147e-07
    endloop
  endfacet
  facet normal 0.422783 -0.570063 -0.704474
    outer loop
      vertex 19.7715 1.31412 1.6
      vertex 18.7636 2.54387 3.8147e-07
      vertex 19.9055 1.4135 1.6
    endloop
  endfacet
  facet normal 0.434587 -0.560758 -0.704758
    outer loop
      vertex 18.7636 2.54387 3.8147e-07
      vertex 19.7715 1.31412 1.6
      vertex 18.7628 2.54325 3.8147e-07
    endloop
  endfacet
  facet normal 0.360086 0.611466 -0.70459
    outer loop
      vertex 19.2982 -2.90104 3.8147e-07
      vertex 20.0486 -1.49927 1.6
      vertex 19.2991 -2.90157 3.8147e-07
    endloop
  endfacet
  facet normal 0.364875 0.608763 -0.704467
    outer loop
      vertex 20.0486 -1.49927 1.6
      vertex 19.2982 -2.90104 3.8147e-07
      vertex 19.9055 -1.4135 1.6
    endloop
  endfacet
  facet normal 0.476587 0.525915 -0.70447
    outer loop
      vertex 19.7715 -1.31412 1.6
      vertex 18.7628 -2.54325 3.8147e-07
      vertex 18.5243 -2.32712 3.8147e-07
    endloop
  endfacet
  facet normal -0.608719 -0.364945 -0.704469
    outer loop
      vertex 23.5861 1.82697 3.8147e-07
      vertex 23.7516 1.55092 3.8147e-07
      vertex 22.3493 0.801374 1.6
    endloop
  endfacet
  facet normal 0.708862 0.0348839 -0.704484
    outer loop
      vertex 19.1582 -0.166629 1.6
      vertex 17.5757 -0.321447 3.8147e-07
      vertex 19.15 0 1.6
    endloop
  endfacet
  facet normal 0.70602 0.0682145 -0.704899
    outer loop
      vertex 17.5757 -0.321447 3.8147e-07
      vertex 19.1582 -0.166629 1.6
      vertex 17.5758 -0.322482 3.8147e-07
    endloop
  endfacet
  facet normal 0.0348262 0.708876 -0.704473
    outer loop
      vertex 20.85 -1.7 1.6
      vertex 20.85 -3.29006 3.8147e-07
      vertex 20.5286 -3.27427 3.8147e-07
    endloop
  endfacet
  facet normal 0.303496 0.641573 -0.704468
    outer loop
      vertex 20.0486 -1.49927 1.6
      vertex 19.59 -3.03918 3.8147e-07
      vertex 19.2991 -2.90157 3.8147e-07
    endloop
  endfacet
  facet normal 0.70602 -0.0682145 -0.704899
    outer loop
      vertex 19.1582 0.166629 1.6
      vertex 17.5757 0.321447 3.8147e-07
      vertex 17.5758 0.322482 3.8147e-07
    endloop
  endfacet
  facet normal 0.708862 -0.0348839 -0.704484
    outer loop
      vertex 17.5757 0.321447 3.8147e-07
      vertex 19.1582 0.166629 1.6
      vertex 19.15 0 1.6
    endloop
  endfacet
  facet normal 0.688485 0.172301 -0.704486
    outer loop
      vertex 17.6234 -0.642864 3.8147e-07
      vertex 19.1827 -0.331653 1.6
      vertex 19.2232 -0.493484 1.6
    endloop
  endfacet
  facet normal 0.695667 0.138441 -0.704899
    outer loop
      vertex 19.1827 -0.331653 1.6
      vertex 17.6234 -0.642864 3.8147e-07
      vertex 17.6232 -0.641859 3.8147e-07
    endloop
  endfacet
  facet normal -0.303496 -0.641573 -0.704468
    outer loop
      vertex 22.11 3.03918 3.8147e-07
      vertex 22.4009 2.90157 3.8147e-07
      vertex 21.6514 1.49927 1.6
    endloop
  endfacet
  facet normal -0.652756 0.280755 -0.703624
    outer loop
      vertex 22.3493 -0.801374 1.6
      vertex 23.752 -1.54999 3.8147e-07
      vertex 23.7516 -1.55092 3.8147e-07
    endloop
  endfacet
  facet normal -0.641649 0.303353 -0.70446
    outer loop
      vertex 23.752 -1.54999 3.8147e-07
      vertex 22.3493 -0.801374 1.6
      vertex 22.4206 -0.650561 1.6
    endloop
  endfacet
  facet normal 0.42279 0.570056 -0.704474
    outer loop
      vertex 19.9055 -1.4135 1.6
      vertex 19.0221 -2.73559 3.8147e-07
      vertex 18.7636 -2.54387 3.8147e-07
    endloop
  endfacet
  facet normal 0.668258 -0.239053 -0.704475
    outer loop
      vertex 17.81 1.25808 3.8147e-07
      vertex 19.2232 0.493484 1.6
      vertex 17.7016 0.955054 3.8147e-07
    endloop
  endfacet
  facet normal 0.619313 0.347929 -0.703845
    outer loop
      vertex 18.1139 -1.82697 3.8147e-07
      vertex 19.4365 -0.944468 1.6
      vertex 18.1144 -1.82786 3.8147e-07
    endloop
  endfacet
  facet normal 0.608696 0.364978 -0.704472
    outer loop
      vertex 19.4365 -0.944468 1.6
      vertex 18.1139 -1.82697 3.8147e-07
      vertex 19.3507 -0.801374 1.6
    endloop
  endfacet
  facet normal 0.364875 -0.608763 -0.704467
    outer loop
      vertex 19.2982 2.90104 3.8147e-07
      vertex 20.0486 1.49927 1.6
      vertex 19.9055 1.4135 1.6
    endloop
  endfacet
  facet normal 0.360086 -0.611466 -0.70459
    outer loop
      vertex 20.0486 1.49927 1.6
      vertex 19.2982 2.90104 3.8147e-07
      vertex 19.2991 2.90157 3.8147e-07
    endloop
  endfacet
  facet normal -0.570076 -0.422761 -0.704476
    outer loop
      vertex 23.3939 2.08636 3.8147e-07
      vertex 23.5856 1.82786 3.8147e-07
      vertex 22.2635 0.944468 1.6
    endloop
  endfacet
  facet normal -0.641597 0.303443 -0.704468
    outer loop
      vertex 23.8896 -1.25905 3.8147e-07
      vertex 23.752 -1.54999 3.8147e-07
      vertex 22.4206 -0.650561 1.6
    endloop
  endfacet
  facet normal -0.668265 0.23906 -0.704466
    outer loop
      vertex 23.998 -0.95603 3.8147e-07
      vertex 23.8896 -1.25905 3.8147e-07
      vertex 22.4206 -0.650561 1.6
    endloop
  endfacet
  facet normal 0.68846 -0.172451 -0.704474
    outer loop
      vertex 17.7016 0.955054 3.8147e-07
      vertex 19.2232 0.493484 1.6
      vertex 17.6234 0.642864 3.8147e-07
    endloop
  endfacet
  facet normal 0.239041 -0.668264 -0.704473
    outer loop
      vertex 19.894 3.14804 3.8147e-07
      vertex 20.1994 1.57059 1.6
      vertex 19.5909 3.03962 3.8147e-07
    endloop
  endfacet
  facet normal 0.105286 0.701904 -0.704447
    outer loop
      vertex 20.5265 -3.27407 3.8147e-07
      vertex 20.6834 -1.69181 1.6
      vertex 20.5275 -3.27422 3.8147e-07
    endloop
  endfacet
  facet normal 0.104096 0.702052 -0.704476
    outer loop
      vertex 20.6834 -1.69181 1.6
      vertex 20.5265 -3.27407 3.8147e-07
      vertex 20.5183 -1.66733 1.6
    endloop
  endfacet
  facet normal 0.311831 0.637837 -0.70422
    outer loop
      vertex 19.59 -3.03918 3.8147e-07
      vertex 20.1994 -1.57059 1.6
      vertex 19.5909 -3.03962 3.8147e-07
    endloop
  endfacet
  facet normal 0.303439 0.641595 -0.704472
    outer loop
      vertex 20.1994 -1.57059 1.6
      vertex 19.59 -3.03918 3.8147e-07
      vertex 20.0486 -1.49927 1.6
    endloop
  endfacet
  facet normal -0.52517 -0.477428 -0.704457
    outer loop
      vertex 22.1641 1.07847 1.6
      vertex 23.3926 2.08796 3.8147e-07
      vertex 23.3933 2.08719 3.8147e-07
    endloop
  endfacet
  facet normal -0.525938 -0.476539 -0.704485
    outer loop
      vertex 23.3926 2.08796 3.8147e-07
      vertex 22.1641 1.07847 1.6
      vertex 22.0521 1.20208 1.6
    endloop
  endfacet
  facet normal -0.641649 -0.303353 -0.70446
    outer loop
      vertex 22.3493 0.801374 1.6
      vertex 23.752 1.54999 3.8147e-07
      vertex 22.4206 0.650561 1.6
    endloop
  endfacet
  facet normal -0.652756 -0.280755 -0.703624
    outer loop
      vertex 23.752 1.54999 3.8147e-07
      vertex 22.3493 0.801374 1.6
      vertex 23.7516 1.55092 3.8147e-07
    endloop
  endfacet
  facet normal -0.641597 -0.303443 -0.704468
    outer loop
      vertex 23.752 1.54999 3.8147e-07
      vertex 23.8896 1.25905 3.8147e-07
      vertex 22.4206 0.650561 1.6
    endloop
  endfacet
  facet normal 0.570023 0.422832 -0.704477
    outer loop
      vertex 18.115 -1.82869 3.8147e-07
      vertex 19.4365 -0.944468 1.6
      vertex 19.5359 -1.07847 1.6
    endloop
  endfacet
  facet normal 0.575029 0.415684 -0.704662
    outer loop
      vertex 19.4365 -0.944468 1.6
      vertex 18.115 -1.82869 3.8147e-07
      vertex 18.1144 -1.82786 3.8147e-07
    endloop
  endfacet
  facet normal -0.570018 -0.422828 -0.704483
    outer loop
      vertex 22.1641 1.07847 1.6
      vertex 23.3939 2.08636 3.8147e-07
      vertex 22.2635 0.944468 1.6
    endloop
  endfacet
  facet normal -0.575365 -0.415926 -0.704245
    outer loop
      vertex 23.3939 2.08636 3.8147e-07
      vertex 22.1641 1.07847 1.6
      vertex 23.3933 2.08719 3.8147e-07
    endloop
  endfacet
  facet normal -0.608696 -0.364978 -0.704472
    outer loop
      vertex 22.2635 0.944468 1.6
      vertex 23.5861 1.82697 3.8147e-07
      vertex 22.3493 0.801374 1.6
    endloop
  endfacet
  facet normal -0.619313 -0.347929 -0.703845
    outer loop
      vertex 23.5861 1.82697 3.8147e-07
      vertex 22.2635 0.944468 1.6
      vertex 23.5856 1.82786 3.8147e-07
    endloop
  endfacet
  facet normal 0.172457 0.688464 -0.704468
    outer loop
      vertex 19.896 -3.14864 3.8147e-07
      vertex 20.3565 -1.6268 1.6
      vertex 20.5183 -1.66733 1.6
    endloop
  endfacet
  facet normal 0.157394 0.692535 -0.704005
    outer loop
      vertex 20.3565 -1.6268 1.6
      vertex 19.896 -3.14864 3.8147e-07
      vertex 19.8949 -3.14839 3.8147e-07
    endloop
  endfacet
  facet normal -0.303496 0.641573 -0.704468
    outer loop
      vertex 22.4009 -2.90157 3.8147e-07
      vertex 22.11 -3.03918 3.8147e-07
      vertex 21.6514 -1.49927 1.6
    endloop
  endfacet
  facet normal -0.303439 -0.641595 -0.704472
    outer loop
      vertex 21.5006 1.57059 1.6
      vertex 22.11 3.03918 3.8147e-07
      vertex 21.6514 1.49927 1.6
    endloop
  endfacet
  facet normal -0.311831 -0.637837 -0.70422
    outer loop
      vertex 22.11 3.03918 3.8147e-07
      vertex 21.5006 1.57059 1.6
      vertex 22.1091 3.03962 3.8147e-07
    endloop
  endfacet
  facet normal 0.641649 -0.303353 -0.70446
    outer loop
      vertex 17.948 1.54999 3.8147e-07
      vertex 19.3507 0.801374 1.6
      vertex 19.2794 0.650561 1.6
    endloop
  endfacet
  facet normal 0.652756 -0.280755 -0.703624
    outer loop
      vertex 19.3507 0.801374 1.6
      vertex 17.948 1.54999 3.8147e-07
      vertex 17.9484 1.55092 3.8147e-07
    endloop
  endfacet
  facet normal 0.525938 0.476539 -0.704485
    outer loop
      vertex 18.3074 -2.08796 3.8147e-07
      vertex 19.5359 -1.07847 1.6
      vertex 19.6479 -1.20208 1.6
    endloop
  endfacet
  facet normal 0.52517 0.477428 -0.704457
    outer loop
      vertex 19.5359 -1.07847 1.6
      vertex 18.3074 -2.08796 3.8147e-07
      vertex 18.3067 -2.08719 3.8147e-07
    endloop
  endfacet
  facet normal 0.5258 0.476717 -0.704468
    outer loop
      vertex 19.6479 -1.20208 1.6
      vertex 18.5236 -2.32642 3.8147e-07
      vertex 18.3074 -2.08796 3.8147e-07
    endloop
  endfacet
  facet normal -0.52517 0.477428 -0.704457
    outer loop
      vertex 23.3926 -2.08796 3.8147e-07
      vertex 22.1641 -1.07847 1.6
      vertex 23.3933 -2.08719 3.8147e-07
    endloop
  endfacet
  facet normal -0.525938 0.476539 -0.704485
    outer loop
      vertex 22.1641 -1.07847 1.6
      vertex 23.3926 -2.08796 3.8147e-07
      vertex 22.0521 -1.20208 1.6
    endloop
  endfacet
  facet normal 0.303496 -0.641573 -0.704468
    outer loop
      vertex 19.59 3.03918 3.8147e-07
      vertex 20.0486 1.49927 1.6
      vertex 19.2991 2.90157 3.8147e-07
    endloop
  endfacet
  facet normal 0.525938 -0.476539 -0.704485
    outer loop
      vertex 19.5359 1.07847 1.6
      vertex 18.3074 2.08796 3.8147e-07
      vertex 19.6479 1.20208 1.6
    endloop
  endfacet
  facet normal 0.52517 -0.477428 -0.704457
    outer loop
      vertex 18.3074 2.08796 3.8147e-07
      vertex 19.5359 1.07847 1.6
      vertex 18.3067 2.08719 3.8147e-07
    endloop
  endfacet
  facet normal 0.57007 -0.422756 -0.704483
    outer loop
      vertex 18.3067 2.08719 3.8147e-07
      vertex 19.5359 1.07847 1.6
      vertex 18.115 1.82869 3.8147e-07
    endloop
  endfacet
  facet normal 0.303439 -0.641595 -0.704472
    outer loop
      vertex 19.59 3.03918 3.8147e-07
      vertex 20.1994 1.57059 1.6
      vertex 20.0486 1.49927 1.6
    endloop
  endfacet
  facet normal 0.311831 -0.637837 -0.70422
    outer loop
      vertex 20.1994 1.57059 1.6
      vertex 19.59 3.03918 3.8147e-07
      vertex 19.5909 3.03962 3.8147e-07
    endloop
  endfacet
  facet normal 0.364813 0.608794 -0.704473
    outer loop
      vertex 19.9055 -1.4135 1.6
      vertex 19.2982 -2.90104 3.8147e-07
      vertex 19.0221 -2.73559 3.8147e-07
    endloop
  endfacet
  facet normal -0.575365 0.415926 -0.704245
    outer loop
      vertex 22.1641 -1.07847 1.6
      vertex 23.3939 -2.08636 3.8147e-07
      vertex 23.3933 -2.08719 3.8147e-07
    endloop
  endfacet
  facet normal -0.570018 0.422828 -0.704483
    outer loop
      vertex 23.3939 -2.08636 3.8147e-07
      vertex 22.1641 -1.07847 1.6
      vertex 22.2635 -0.944468 1.6
    endloop
  endfacet
  facet normal -0.434587 -0.560758 -0.704758
    outer loop
      vertex 21.9285 1.31412 1.6
      vertex 22.9364 2.54387 3.8147e-07
      vertex 22.9372 2.54325 3.8147e-07
    endloop
  endfacet
  facet normal -0.422783 -0.570063 -0.704474
    outer loop
      vertex 22.9364 2.54387 3.8147e-07
      vertex 21.9285 1.31412 1.6
      vertex 21.7945 1.4135 1.6
    endloop
  endfacet
  facet normal 0.696182 0.13584 -0.704896
    outer loop
      vertex 17.623 -0.640834 3.8147e-07
      vertex 19.1827 -0.331653 1.6
      vertex 17.6232 -0.641859 3.8147e-07
    endloop
  endfacet
  facet normal 0.702026 0.104225 -0.704484
    outer loop
      vertex 19.1827 -0.331653 1.6
      vertex 17.623 -0.640834 3.8147e-07
      vertex 19.1582 -0.166629 1.6
    endloop
  endfacet
  facet normal 0.422783 0.570063 -0.704474
    outer loop
      vertex 18.7636 -2.54387 3.8147e-07
      vertex 19.7715 -1.31412 1.6
      vertex 19.9055 -1.4135 1.6
    endloop
  endfacet
  facet normal 0.434587 0.560758 -0.704758
    outer loop
      vertex 19.7715 -1.31412 1.6
      vertex 18.7636 -2.54387 3.8147e-07
      vertex 18.7628 -2.54325 3.8147e-07
    endloop
  endfacet
  facet normal -0.476587 0.525915 -0.70447
    outer loop
      vertex 23.1757 -2.32712 3.8147e-07
      vertex 22.9372 -2.54325 3.8147e-07
      vertex 21.9285 -1.31412 1.6
    endloop
  endfacet
  facet normal -0.50156 0.50156 -0.704893
    outer loop
      vertex 23.1757 -2.32712 3.8147e-07
      vertex 22.0521 -1.20208 1.6
      vertex 23.1764 -2.32642 3.8147e-07
    endloop
  endfacet
  facet normal -0.476659 0.525839 -0.704478
    outer loop
      vertex 22.0521 -1.20208 1.6
      vertex 23.1757 -2.32712 3.8147e-07
      vertex 21.9285 -1.31412 1.6
    endloop
  endfacet
  facet normal 0.364813 -0.608794 -0.704473
    outer loop
      vertex 19.2982 2.90104 3.8147e-07
      vertex 19.9055 1.4135 1.6
      vertex 19.0221 2.73559 3.8147e-07
    endloop
  endfacet
  facet normal 0.608719 -0.364945 -0.704469
    outer loop
      vertex 18.1139 1.82697 3.8147e-07
      vertex 19.3507 0.801374 1.6
      vertex 17.9484 1.55092 3.8147e-07
    endloop
  endfacet
  facet normal 0.239098 -0.668249 -0.704469
    outer loop
      vertex 19.894 3.14804 3.8147e-07
      vertex 20.3565 1.6268 1.6
      vertex 20.1994 1.57059 1.6
    endloop
  endfacet
  facet normal 0.257457 -0.662033 -0.703866
    outer loop
      vertex 20.3565 1.6268 1.6
      vertex 19.894 3.14804 3.8147e-07
      vertex 19.8949 3.14839 3.8147e-07
    endloop
  endfacet
  facet normal -0.364875 -0.608763 -0.704467
    outer loop
      vertex 21.6514 1.49927 1.6
      vertex 22.4018 2.90104 3.8147e-07
      vertex 21.7945 1.4135 1.6
    endloop
  endfacet
  facet normal -0.360086 -0.611466 -0.70459
    outer loop
      vertex 22.4018 2.90104 3.8147e-07
      vertex 21.6514 1.49927 1.6
      vertex 22.4009 2.90157 3.8147e-07
    endloop
  endfacet
  facet normal -0.42279 -0.570056 -0.704474
    outer loop
      vertex 22.6779 2.73559 3.8147e-07
      vertex 22.9364 2.54387 3.8147e-07
      vertex 21.7945 1.4135 1.6
    endloop
  endfacet
  facet normal -0.360086 0.611466 -0.70459
    outer loop
      vertex 21.6514 -1.49927 1.6
      vertex 22.4018 -2.90104 3.8147e-07
      vertex 22.4009 -2.90157 3.8147e-07
    endloop
  endfacet
  facet normal -0.364875 0.608763 -0.704467
    outer loop
      vertex 22.4018 -2.90104 3.8147e-07
      vertex 21.6514 -1.49927 1.6
      vertex 21.7945 -1.4135 1.6
    endloop
  endfacet
  facet normal 0.257457 0.662033 -0.703866
    outer loop
      vertex 19.894 -3.14804 3.8147e-07
      vertex 20.3565 -1.6268 1.6
      vertex 19.8949 -3.14839 3.8147e-07
    endloop
  endfacet
  facet normal 0.239098 0.668249 -0.704469
    outer loop
      vertex 20.3565 -1.6268 1.6
      vertex 19.894 -3.14804 3.8147e-07
      vertex 20.1994 -1.57059 1.6
    endloop
  endfacet
  facet normal 0.172457 -0.688464 -0.704468
    outer loop
      vertex 20.3565 1.6268 1.6
      vertex 19.896 3.14864 3.8147e-07
      vertex 20.5183 1.66733 1.6
    endloop
  endfacet
  facet normal 0.157394 -0.692535 -0.704005
    outer loop
      vertex 19.896 3.14864 3.8147e-07
      vertex 20.3565 1.6268 1.6
      vertex 19.8949 3.14839 3.8147e-07
    endloop
  endfacet
  facet normal 0.034848 0.708874 -0.704474
    outer loop
      vertex 20.5286 -3.27427 3.8147e-07
      vertex 20.6834 -1.69181 1.6
      vertex 20.85 -1.7 1.6
    endloop
  endfacet
  facet normal 0.0322301 0.709063 -0.704408
    outer loop
      vertex 20.6834 -1.69181 1.6
      vertex 20.5286 -3.27427 3.8147e-07
      vertex 20.5275 -3.27422 3.8147e-07
    endloop
  endfacet
endsolid OpenSCAD_Model
