solid OpenSCAD_Model
  facet normal 0.639604 -0.302512 -0.706678
    outer loop
      vertex 9.70113 -5.18536 0.599999
      vertex 9.17198 -4.90253 0
      vertex 9.60835 -3.97991 0
    endloop
  endfacet
  facet normal -0.0347379 -0.706679 -0.706681
    outer loop
      vertex 0 -11 0.599999
      vertex -1.07819 -10.947 0.599999
      vertex 0 -10.4 0
    endloop
  endfacet
  facet normal -0.336832 0.941565 0
    outer loop
      vertex -3.19313 10.5263 0.599999
      vertex -4.20952 10.1627 0.7
      vertex -3.19313 10.5263 0.7
    endloop
  endfacet
  facet normal -0.336832 0.941565 0
    outer loop
      vertex -4.20952 10.1627 0.7
      vertex -3.19313 10.5263 0.599999
      vertex -4.20952 10.1627 0.599999
    endloop
  endfacet
  facet normal -0.336832 0.941565 0
    outer loop
      vertex -3.19313 10.5263 3.3
      vertex -4.20952 10.1627 3.4
      vertex -3.19313 10.5263 3.4
    endloop
  endfacet
  facet normal -0.336832 0.941565 0
    outer loop
      vertex -4.20952 10.1627 3.4
      vertex -3.19313 10.5263 3.3
      vertex -4.20952 10.1627 3.3
    endloop
  endfacet
  facet normal -0.740948 0.671563 0
    outer loop
      vertex -8.50311 6.97833 3.3
      vertex -7.77817 7.77817 3.4
      vertex -7.77817 7.77817 3.3
    endloop
  endfacet
  facet normal -0.740948 0.671563 0
    outer loop
      vertex -7.77817 7.77817 3.4
      vertex -8.50311 6.97833 3.3
      vertex -8.50311 6.97833 3.4
    endloop
  endfacet
  facet normal -0.740948 0.671563 0
    outer loop
      vertex -8.50311 6.97833 0.599999
      vertex -7.77817 7.77817 0.7
      vertex -7.77817 7.77817 0.599999
    endloop
  endfacet
  facet normal -0.740948 0.671563 0
    outer loop
      vertex -7.77817 7.77817 0.7
      vertex -8.50311 6.97833 0.599999
      vertex -8.50311 6.97833 0.7
    endloop
  endfacet
  facet normal -0.666177 -0.238316 0.706692
    outer loop
      vertex -9.60835 -3.97991 4
      vertex -10.5263 -3.19313 3.4
      vertex -10.1627 -4.20952 3.4
    endloop
  endfacet
  facet normal -0.0347319 -0.706686 0.706674
    outer loop
      vertex -1.01938 -10.3499 4
      vertex -1.07819 -10.947 3.4
      vertex 0 -10.4 4
    endloop
  endfacet
  facet normal 0.421475 -0.568298 -0.706679
    outer loop
      vertex 6.97833 -8.50311 0.599999
      vertex 5.77793 -8.64728 0
      vertex 6.59769 -8.03931 0
    endloop
  endfacet
  facet normal -0.238367 -0.666197 0.706656
    outer loop
      vertex -3.01896 -9.95218 4
      vertex -3.97991 -9.60835 4
      vertex -3.19313 -10.5263 3.4
    endloop
  endfacet
  facet normal 0.686368 -0.171929 -0.70664
    outer loop
      vertex 10.5263 -3.19313 0.599999
      vertex 10.2002 -2.02894 0
      vertex 10.7886 -2.14599 0.599999
    endloop
  endfacet
  facet normal 0.421475 -0.568298 -0.70668
    outer loop
      vertex 6.11127 -9.14616 0.599999
      vertex 5.77793 -8.64728 0
      vertex 6.97833 -8.50311 0.599999
    endloop
  endfacet
  facet normal 0.0490972 -0.998794 0
    outer loop
      vertex 0 -11 0.599999
      vertex 1.07819 -10.947 0.7
      vertex 0 -11 0.7
    endloop
  endfacet
  facet normal 0.0490972 -0.998794 0
    outer loop
      vertex 1.07819 -10.947 0.7
      vertex 0 -11 0.599999
      vertex 1.07819 -10.947 0.599999
    endloop
  endfacet
  facet normal 0.0490972 -0.998794 0
    outer loop
      vertex 0 -11 3.3
      vertex 1.07819 -10.947 3.4
      vertex 0 -11 3.4
    endloop
  endfacet
  facet normal 0.0490972 -0.998794 0
    outer loop
      vertex 1.07819 -10.947 3.4
      vertex 0 -11 3.3
      vertex 1.07819 -10.947 3.3
    endloop
  endfacet
  facet normal 0.606872 -0.363749 -0.706677
    outer loop
      vertex 9.70113 -5.18536 0.599999
      vertex 8.64728 -5.77793 0
      vertex 9.17198 -4.90253 0
    endloop
  endfacet
  facet normal -0.639584 0.302522 0.706692
    outer loop
      vertex -9.70113 5.18536 3.4
      vertex -10.1627 4.20952 3.4
      vertex -9.60835 3.97991 4
    endloop
  endfacet
  facet normal 0.514103 -0.857728 0
    outer loop
      vertex 5.18536 -9.70113 0.599999
      vertex 6.11127 -9.14616 0.7
      vertex 5.18536 -9.70113 0.7
    endloop
  endfacet
  facet normal 0.514103 -0.857728 0
    outer loop
      vertex 6.11127 -9.14616 0.7
      vertex 5.18536 -9.70113 0.599999
      vertex 6.11127 -9.14616 0.599999
    endloop
  endfacet
  facet normal 0.514103 -0.857728 0
    outer loop
      vertex 5.18536 -9.70113 3.3
      vertex 6.11127 -9.14616 3.4
      vertex 5.18536 -9.70113 3.4
    endloop
  endfacet
  facet normal 0.514103 -0.857728 0
    outer loop
      vertex 6.11127 -9.14616 3.4
      vertex 5.18536 -9.70113 3.3
      vertex 6.11127 -9.14616 3.3
    endloop
  endfacet
  facet normal 0.686368 -0.17193 0.706639
    outer loop
      vertex 10.7886 -2.14599 3.4
      vertex 10.2002 -2.02894 4
      vertex 10.5263 -3.19313 3.4
    endloop
  endfacet
  facet normal 0.103827 -0.699915 -0.706639
    outer loop
      vertex 2.14599 -10.7886 0.599999
      vertex 1.07819 -10.947 0.599999
      vertex 2.02894 -10.2002 0
    endloop
  endfacet
  facet normal 0.302521 -0.639583 -0.706693
    outer loop
      vertex 4.20952 -10.1627 0.599999
      vertex 3.97991 -9.60835 0
      vertex 5.18536 -9.70113 0.599999
    endloop
  endfacet
  facet normal 0.903978 -0.427579 0
    outer loop
      vertex 9.70113 -5.18536 3.4
      vertex 10.1627 -4.20952 3.3
      vertex 10.1627 -4.20952 3.4
    endloop
  endfacet
  facet normal 0.903978 -0.427579 0
    outer loop
      vertex 10.1627 -4.20952 3.3
      vertex 9.70113 -5.18536 3.4
      vertex 9.70113 -5.18536 3.3
    endloop
  endfacet
  facet normal 0.903978 -0.427579 0
    outer loop
      vertex 9.70113 -5.18536 0.7
      vertex 10.1627 -4.20952 0.599999
      vertex 10.1627 -4.20952 0.7
    endloop
  endfacet
  facet normal 0.903978 -0.427579 0
    outer loop
      vertex 10.1627 -4.20952 0.599999
      vertex 9.70113 -5.18536 0.7
      vertex 9.70113 -5.18536 0.599999
    endloop
  endfacet
  facet normal 0.302512 -0.639604 -0.706678
    outer loop
      vertex 5.18536 -9.70113 0.599999
      vertex 3.97991 -9.60835 0
      vertex 4.90253 -9.17198 0
    endloop
  endfacet
  facet normal -0.103827 -0.699915 0.706639
    outer loop
      vertex -2.02894 -10.2002 4
      vertex -2.14599 -10.7886 3.4
      vertex -1.07819 -10.947 3.4
    endloop
  endfacet
  facet normal -0.103781 -0.699886 0.706675
    outer loop
      vertex -1.01938 -10.3499 4
      vertex -2.02894 -10.2002 4
      vertex -1.07819 -10.947 3.4
    endloop
  endfacet
  facet normal -0.421475 -0.568298 -0.70668
    outer loop
      vertex -6.11127 -9.14616 0.599999
      vertex -6.97833 -8.50311 0.599999
      vertex -5.77793 -8.64728 0
    endloop
  endfacet
  facet normal 0.97003 -0.242985 0
    outer loop
      vertex 10.5263 -3.19313 3.4
      vertex 10.7886 -2.14599 3.3
      vertex 10.7886 -2.14599 3.4
    endloop
  endfacet
  facet normal 0.97003 -0.242985 0
    outer loop
      vertex 10.7886 -2.14599 3.3
      vertex 10.5263 -3.19313 3.4
      vertex 10.5263 -3.19313 3.3
    endloop
  endfacet
  facet normal 0.97003 -0.242985 0
    outer loop
      vertex 10.5263 -3.19313 0.7
      vertex 10.7886 -2.14599 0.599999
      vertex 10.7886 -2.14599 0.7
    endloop
  endfacet
  facet normal 0.97003 -0.242985 0
    outer loop
      vertex 10.7886 -2.14599 0.599999
      vertex 10.5263 -3.19313 0.7
      vertex 10.5263 -3.19313 0.599999
    endloop
  endfacet
  facet normal 0.524247 0.475151 -0.70668
    outer loop
      vertex 8.03931 6.59769 0
      vertex 7.35391 7.35391 0
      vertex 8.50311 6.97833 0.599999
    endloop
  endfacet
  facet normal 0.171944 -0.686347 -0.706656
    outer loop
      vertex 3.19313 -10.5263 0.599999
      vertex 2.02894 -10.2002 0
      vertex 3.01896 -9.95218 0
    endloop
  endfacet
  facet normal 0.475152 0.524247 0.706679
    outer loop
      vertex 6.97833 8.50311 3.4
      vertex 6.59769 8.03931 4
      vertex 7.35391 7.35391 4
    endloop
  endfacet
  facet normal 0.639604 0.302512 -0.706678
    outer loop
      vertex 9.60835 3.97991 0
      vertex 9.17198 4.90253 0
      vertex 9.70113 5.18536 0.599999
    endloop
  endfacet
  facet normal 0.238316 -0.666177 -0.706692
    outer loop
      vertex 4.20952 -10.1627 0.599999
      vertex 3.19313 -10.5263 0.599999
      vertex 3.97991 -9.60835 0
    endloop
  endfacet
  facet normal -0.238367 0.666197 -0.706656
    outer loop
      vertex -3.01896 9.95218 0
      vertex -3.97991 9.60835 0
      vertex -3.19313 10.5263 0.599999
    endloop
  endfacet
  facet normal -0.17193 -0.686368 0.706639
    outer loop
      vertex -2.02894 -10.2002 4
      vertex -3.19313 -10.5263 3.4
      vertex -2.14599 -10.7886 3.4
    endloop
  endfacet
  facet normal -0.666197 0.238367 0.706656
    outer loop
      vertex -9.60835 3.97991 4
      vertex -10.5263 3.19313 3.4
      vertex -9.95218 3.01896 4
    endloop
  endfacet
  facet normal 0.302522 -0.639584 0.706692
    outer loop
      vertex 5.18536 -9.70113 3.4
      vertex 3.97991 -9.60835 4
      vertex 4.20952 -10.1627 3.4
    endloop
  endfacet
  facet normal 0.475154 -0.524247 -0.706678
    outer loop
      vertex 7.77817 -7.77817 0.599999
      vertex 6.97833 -8.50311 0.599999
      vertex 7.35391 -7.35391 0
    endloop
  endfacet
  facet normal 0.524247 -0.475154 -0.706678
    outer loop
      vertex 7.77817 -7.77817 0.599999
      vertex 7.35391 -7.35391 0
      vertex 8.50311 -6.97833 0.599999
    endloop
  endfacet
  facet normal 0.699915 -0.103827 -0.706639
    outer loop
      vertex 10.7886 -2.14599 0.599999
      vertex 10.2002 -2.02894 0
      vertex 10.947 -1.07819 0.599999
    endloop
  endfacet
  facet normal 0.666197 -0.238367 0.706656
    outer loop
      vertex 9.95218 -3.01896 4
      vertex 9.60835 -3.97991 4
      vertex 10.5263 -3.19313 3.4
    endloop
  endfacet
  facet normal -0.524247 -0.475151 -0.70668
    outer loop
      vertex -7.35391 -7.35391 0
      vertex -8.50311 -6.97833 0.599999
      vertex -8.03931 -6.59769 0
    endloop
  endfacet
  facet normal 0.238367 -0.666197 -0.706656
    outer loop
      vertex 3.19313 -10.5263 0.599999
      vertex 3.01896 -9.95218 0
      vertex 3.97991 -9.60835 0
    endloop
  endfacet
  facet normal -0.666177 -0.238316 -0.706692
    outer loop
      vertex -10.1627 -4.20952 0.599999
      vertex -10.5263 -3.19313 0.599999
      vertex -9.60835 -3.97991 0
    endloop
  endfacet
  facet normal -0.363749 0.606872 -0.706677
    outer loop
      vertex -4.90253 9.17198 0
      vertex -5.77793 8.64728 0
      vertex -5.18536 9.70113 0.599999
    endloop
  endfacet
  facet normal 0.238367 -0.666197 0.706656
    outer loop
      vertex 3.97991 -9.60835 4
      vertex 3.01896 -9.95218 4
      vertex 3.19313 -10.5263 3.4
    endloop
  endfacet
  facet normal 0.363749 -0.606872 -0.706677
    outer loop
      vertex 5.18536 -9.70113 0.599999
      vertex 4.90253 -9.17198 0
      vertex 5.77793 -8.64728 0
    endloop
  endfacet
  facet normal 0.666177 -0.238316 -0.706692
    outer loop
      vertex 10.1627 -4.20952 0.599999
      vertex 9.60835 -3.97991 0
      vertex 10.5263 -3.19313 0.599999
    endloop
  endfacet
  facet normal -0.699915 0.103827 0.706639
    outer loop
      vertex -10.7886 2.14599 3.4
      vertex -10.947 1.07819 3.4
      vertex -10.2002 2.02894 4
    endloop
  endfacet
  facet normal 0.0347319 -0.706686 0.706674
    outer loop
      vertex 1.01938 -10.3499 4
      vertex 0 -10.4 4
      vertex 1.07819 -10.947 3.4
    endloop
  endfacet
  facet normal -0.421475 0.568298 -0.70668
    outer loop
      vertex -5.77793 8.64728 0
      vertex -6.97833 8.50311 0.599999
      vertex -6.11127 9.14616 0.599999
    endloop
  endfacet
  facet normal 0.606872 -0.363746 0.706679
    outer loop
      vertex 9.70113 -5.18536 3.4
      vertex 8.64728 -5.77793 4
      vertex 9.14616 -6.11127 3.4
    endloop
  endfacet
  facet normal 0.80321 -0.595696 0
    outer loop
      vertex 8.50311 -6.97833 3.4
      vertex 9.14616 -6.11127 3.3
      vertex 9.14616 -6.11127 3.4
    endloop
  endfacet
  facet normal 0.80321 -0.595696 0
    outer loop
      vertex 9.14616 -6.11127 3.3
      vertex 8.50311 -6.97833 3.4
      vertex 8.50311 -6.97833 3.3
    endloop
  endfacet
  facet normal 0.80321 -0.595696 0
    outer loop
      vertex 8.50311 -6.97833 0.7
      vertex 9.14616 -6.11127 0.599999
      vertex 9.14616 -6.11127 0.7
    endloop
  endfacet
  facet normal 0.80321 -0.595696 0
    outer loop
      vertex 9.14616 -6.11127 0.599999
      vertex 8.50311 -6.97833 0.7
      vertex 8.50311 -6.97833 0.599999
    endloop
  endfacet
  facet normal 0.171944 -0.686348 0.706656
    outer loop
      vertex 3.01896 -9.95218 4
      vertex 2.02894 -10.2002 4
      vertex 3.19313 -10.5263 3.4
    endloop
  endfacet
  facet normal 0.17193 -0.686368 0.706639
    outer loop
      vertex 3.19313 -10.5263 3.4
      vertex 2.02894 -10.2002 4
      vertex 2.14599 -10.7886 3.4
    endloop
  endfacet
  facet normal -0.699915 0.103827 -0.706639
    outer loop
      vertex -10.2002 2.02894 0
      vertex -10.947 1.07819 0.599999
      vertex -10.7886 2.14599 0.599999
    endloop
  endfacet
  facet normal 0.103827 -0.699915 0.706639
    outer loop
      vertex 2.02894 -10.2002 4
      vertex 1.07819 -10.947 3.4
      vertex 2.14599 -10.7886 3.4
    endloop
  endfacet
  facet normal 0.363746 -0.606872 0.706679
    outer loop
      vertex 5.77793 -8.64728 4
      vertex 5.18536 -9.70113 3.4
      vertex 6.11127 -9.14616 3.4
    endloop
  endfacet
  facet normal 0.568298 -0.421475 -0.70668
    outer loop
      vertex 9.14616 -6.11127 0.599999
      vertex 8.50311 -6.97833 0.599999
      vertex 8.64728 -5.77793 0
    endloop
  endfacet
  facet normal 0.595696 -0.80321 0
    outer loop
      vertex 6.11127 -9.14616 0.599999
      vertex 6.97833 -8.50311 0.7
      vertex 6.11127 -9.14616 0.7
    endloop
  endfacet
  facet normal 0.595696 -0.80321 0
    outer loop
      vertex 6.97833 -8.50311 0.7
      vertex 6.11127 -9.14616 0.599999
      vertex 6.97833 -8.50311 0.599999
    endloop
  endfacet
  facet normal 0.595696 -0.80321 0
    outer loop
      vertex 6.11127 -9.14616 3.3
      vertex 6.97833 -8.50311 3.4
      vertex 6.11127 -9.14616 3.4
    endloop
  endfacet
  facet normal 0.595696 -0.80321 0
    outer loop
      vertex 6.97833 -8.50311 3.4
      vertex 6.11127 -9.14616 3.3
      vertex 6.97833 -8.50311 3.3
    endloop
  endfacet
  facet normal -0.475151 -0.524247 -0.70668
    outer loop
      vertex -6.97833 -8.50311 0.599999
      vertex -7.35391 -7.35391 0
      vertex -6.59769 -8.03931 0
    endloop
  endfacet
  facet normal -0.568298 0.421475 -0.70668
    outer loop
      vertex -8.64728 5.77793 0
      vertex -9.14616 6.11127 0.599999
      vertex -8.50311 6.97833 0.599999
    endloop
  endfacet
  facet normal -0.103827 0.699915 0.706639
    outer loop
      vertex -1.07819 10.947 3.4
      vertex -2.14599 10.7886 3.4
      vertex -2.02894 10.2002 4
    endloop
  endfacet
  facet normal -0.998794 0.0490972 0
    outer loop
      vertex -11 0 0.599999
      vertex -10.947 1.07819 0.7
      vertex -10.947 1.07819 0.599999
    endloop
  endfacet
  facet normal -0.998794 0.0490972 0
    outer loop
      vertex -10.947 1.07819 0.7
      vertex -11 0 0.599999
      vertex -11 0 0.7
    endloop
  endfacet
  facet normal -0.998794 0.0490972 0
    outer loop
      vertex -11 0 3.3
      vertex -10.947 1.07819 3.4
      vertex -10.947 1.07819 3.3
    endloop
  endfacet
  facet normal -0.998794 0.0490972 0
    outer loop
      vertex -10.947 1.07819 3.4
      vertex -11 0 3.3
      vertex -11 0 3.4
    endloop
  endfacet
  facet normal 0.671563 -0.740948 0
    outer loop
      vertex 6.97833 -8.50311 0.599999
      vertex 7.77817 -7.77817 0.7
      vertex 6.97833 -8.50311 0.7
    endloop
  endfacet
  facet normal 0.671563 -0.740948 0
    outer loop
      vertex 7.77817 -7.77817 0.7
      vertex 6.97833 -8.50311 0.599999
      vertex 7.77817 -7.77817 0.599999
    endloop
  endfacet
  facet normal 0.671563 -0.740948 0
    outer loop
      vertex 6.97833 -8.50311 3.3
      vertex 7.77817 -7.77817 3.4
      vertex 6.97833 -8.50311 3.4
    endloop
  endfacet
  facet normal 0.671563 -0.740948 0
    outer loop
      vertex 7.77817 -7.77817 3.4
      vertex 6.97833 -8.50311 3.3
      vertex 7.77817 -7.77817 3.3
    endloop
  endfacet
  facet normal 0.238316 -0.666177 0.706692
    outer loop
      vertex 3.97991 -9.60835 4
      vertex 3.19313 -10.5263 3.4
      vertex 4.20952 -10.1627 3.4
    endloop
  endfacet
  facet normal -0.706679 -0.0347379 -0.706681
    outer loop
      vertex -10.947 -1.07819 0.599999
      vertex -11 0 0.599999
      vertex -10.4 0 0
    endloop
  endfacet
  facet normal -0.427579 -0.903978 0
    outer loop
      vertex -5.18536 -9.70113 3.3
      vertex -4.20952 -10.1627 3.4
      vertex -5.18536 -9.70113 3.4
    endloop
  endfacet
  facet normal -0.427579 -0.903978 -0
    outer loop
      vertex -4.20952 -10.1627 3.4
      vertex -5.18536 -9.70113 3.3
      vertex -4.20952 -10.1627 3.3
    endloop
  endfacet
  facet normal -0.427579 -0.903978 0
    outer loop
      vertex -5.18536 -9.70113 0.599999
      vertex -4.20952 -10.1627 0.7
      vertex -5.18536 -9.70113 0.7
    endloop
  endfacet
  facet normal -0.427579 -0.903978 -0
    outer loop
      vertex -4.20952 -10.1627 0.7
      vertex -5.18536 -9.70113 0.599999
      vertex -4.20952 -10.1627 0.599999
    endloop
  endfacet
  facet normal 0.606872 0.363745 -0.70668
    outer loop
      vertex 9.70113 5.18536 0.599999
      vertex 8.64728 5.77793 0
      vertex 9.14616 6.11127 0.599999
    endloop
  endfacet
  facet normal 0.639583 -0.302521 -0.706693
    outer loop
      vertex 9.70113 -5.18536 0.599999
      vertex 9.60835 -3.97991 0
      vertex 10.1627 -4.20952 0.599999
    endloop
  endfacet
  facet normal 0.302513 -0.639604 0.706677
    outer loop
      vertex 4.90253 -9.17198 4
      vertex 3.97991 -9.60835 4
      vertex 5.18536 -9.70113 3.4
    endloop
  endfacet
  facet normal 0.606873 -0.363749 0.706677
    outer loop
      vertex 9.17198 -4.90253 4
      vertex 8.64728 -5.77793 4
      vertex 9.70113 -5.18536 3.4
    endloop
  endfacet
  facet normal 0.686347 0.171944 -0.706656
    outer loop
      vertex 10.2002 2.02894 0
      vertex 9.95218 3.01896 0
      vertex 10.5263 3.19313 0.599999
    endloop
  endfacet
  facet normal 0.639604 -0.302513 0.706677
    outer loop
      vertex 9.60835 -3.97991 4
      vertex 9.17198 -4.90253 4
      vertex 9.70113 -5.18536 3.4
    endloop
  endfacet
  facet normal -0.475152 -0.524247 0.706679
    outer loop
      vertex -6.59769 -8.03931 4
      vertex -7.35391 -7.35391 4
      vertex -6.97833 -8.50311 3.4
    endloop
  endfacet
  facet normal 0.103781 -0.699886 0.706675
    outer loop
      vertex 2.02894 -10.2002 4
      vertex 1.01938 -10.3499 4
      vertex 1.07819 -10.947 3.4
    endloop
  endfacet
  facet normal -0.989176 -0.146737 0
    outer loop
      vertex -10.7886 -2.14599 0.599999
      vertex -10.947 -1.07819 0.7
      vertex -10.947 -1.07819 0.599999
    endloop
  endfacet
  facet normal -0.989176 -0.146737 0
    outer loop
      vertex -10.947 -1.07819 0.7
      vertex -10.7886 -2.14599 0.599999
      vertex -10.7886 -2.14599 0.7
    endloop
  endfacet
  facet normal -0.989176 -0.146737 0
    outer loop
      vertex -10.7886 -2.14599 3.3
      vertex -10.947 -1.07819 3.4
      vertex -10.947 -1.07819 3.3
    endloop
  endfacet
  facet normal -0.989176 -0.146737 0
    outer loop
      vertex -10.947 -1.07819 3.4
      vertex -10.7886 -2.14599 3.3
      vertex -10.7886 -2.14599 3.4
    endloop
  endfacet
  facet normal 0.686348 -0.171944 0.706656
    outer loop
      vertex 10.2002 -2.02894 4
      vertex 9.95218 -3.01896 4
      vertex 10.5263 -3.19313 3.4
    endloop
  endfacet
  facet normal -0.568299 -0.421475 0.706679
    outer loop
      vertex -8.03931 -6.59769 4
      vertex -8.64728 -5.77793 4
      vertex -8.50311 -6.97833 3.4
    endloop
  endfacet
  facet normal -0.568299 -0.421475 0.706679
    outer loop
      vertex -8.64728 -5.77793 4
      vertex -9.14616 -6.11127 3.4
      vertex -8.50311 -6.97833 3.4
    endloop
  endfacet
  facet normal 0.103781 -0.699885 -0.706676
    outer loop
      vertex 1.07819 -10.947 0.599999
      vertex 1.01938 -10.3499 0
      vertex 2.02894 -10.2002 0
    endloop
  endfacet
  facet normal -0.524247 0.475151 -0.70668
    outer loop
      vertex -8.03931 6.59769 0
      vertex -8.50311 6.97833 0.599999
      vertex -7.35391 7.35391 0
    endloop
  endfacet
  facet normal -0.363749 -0.606872 -0.706677
    outer loop
      vertex -5.18536 -9.70113 0.599999
      vertex -5.77793 -8.64728 0
      vertex -4.90253 -9.17198 0
    endloop
  endfacet
  facet normal 0.0347379 -0.70668 0.70668
    outer loop
      vertex 0 -10.4 4
      vertex 0 -11 3.4
      vertex 1.07819 -10.947 3.4
    endloop
  endfacet
  facet normal -0.0347379 -0.70668 0.70668
    outer loop
      vertex 0 -10.4 4
      vertex -1.07819 -10.947 3.4
      vertex 0 -11 3.4
    endloop
  endfacet
  facet normal 0.0347379 -0.706679 -0.706681
    outer loop
      vertex 1.07819 -10.947 0.599999
      vertex 0 -11 0.599999
      vertex 0 -10.4 0
    endloop
  endfacet
  facet normal 0.0347318 -0.706685 -0.706675
    outer loop
      vertex 1.07819 -10.947 0.599999
      vertex 0 -10.4 0
      vertex 1.01938 -10.3499 0
    endloop
  endfacet
  facet normal 0.336832 -0.941565 0
    outer loop
      vertex 3.19313 -10.5263 0.599999
      vertex 4.20952 -10.1627 0.7
      vertex 3.19313 -10.5263 0.7
    endloop
  endfacet
  facet normal 0.336832 -0.941565 0
    outer loop
      vertex 4.20952 -10.1627 0.7
      vertex 3.19313 -10.5263 0.599999
      vertex 4.20952 -10.1627 0.599999
    endloop
  endfacet
  facet normal 0.336832 -0.941565 0
    outer loop
      vertex 3.19313 -10.5263 3.3
      vertex 4.20952 -10.1627 3.4
      vertex 3.19313 -10.5263 3.4
    endloop
  endfacet
  facet normal 0.336832 -0.941565 0
    outer loop
      vertex 4.20952 -10.1627 3.4
      vertex 3.19313 -10.5263 3.3
      vertex 4.20952 -10.1627 3.3
    endloop
  endfacet
  facet normal 0.363749 -0.606873 0.706677
    outer loop
      vertex 5.77793 -8.64728 4
      vertex 4.90253 -9.17198 4
      vertex 5.18536 -9.70113 3.4
    endloop
  endfacet
  facet normal 0.421475 -0.568299 0.706679
    outer loop
      vertex 6.97833 -8.50311 3.4
      vertex 5.77793 -8.64728 4
      vertex 6.11127 -9.14616 3.4
    endloop
  endfacet
  facet normal 0.740948 -0.671563 0
    outer loop
      vertex 7.77817 -7.77817 0.7
      vertex 8.50311 -6.97833 0.599999
      vertex 8.50311 -6.97833 0.7
    endloop
  endfacet
  facet normal 0.740948 -0.671563 0
    outer loop
      vertex 8.50311 -6.97833 0.599999
      vertex 7.77817 -7.77817 0.7
      vertex 7.77817 -7.77817 0.599999
    endloop
  endfacet
  facet normal 0.740948 -0.671563 0
    outer loop
      vertex 7.77817 -7.77817 3.4
      vertex 8.50311 -6.97833 3.3
      vertex 8.50311 -6.97833 3.4
    endloop
  endfacet
  facet normal 0.740948 -0.671563 0
    outer loop
      vertex 8.50311 -6.97833 3.3
      vertex 7.77817 -7.77817 3.4
      vertex 7.77817 -7.77817 3.3
    endloop
  endfacet
  facet normal 0.606872 -0.363745 -0.70668
    outer loop
      vertex 9.14616 -6.11127 0.599999
      vertex 8.64728 -5.77793 0
      vertex 9.70113 -5.18536 0.599999
    endloop
  endfacet
  facet normal 0.568299 -0.421475 0.706679
    outer loop
      vertex 8.64728 -5.77793 4
      vertex 8.50311 -6.97833 3.4
      vertex 9.14616 -6.11127 3.4
    endloop
  endfacet
  facet normal 0.524247 -0.475151 -0.70668
    outer loop
      vertex 8.50311 -6.97833 0.599999
      vertex 7.35391 -7.35391 0
      vertex 8.03931 -6.59769 0
    endloop
  endfacet
  facet normal 0.706685 0.0347318 -0.706675
    outer loop
      vertex 10.4 0 0
      vertex 10.3499 1.01938 0
      vertex 10.947 1.07819 0.599999
    endloop
  endfacet
  facet normal 0.524247 0.475154 -0.706678
    outer loop
      vertex 8.50311 6.97833 0.599999
      vertex 7.35391 7.35391 0
      vertex 7.77817 7.77817 0.599999
    endloop
  endfacet
  facet normal 0.363745 -0.606872 -0.70668
    outer loop
      vertex 6.11127 -9.14616 0.599999
      vertex 5.18536 -9.70113 0.599999
      vertex 5.77793 -8.64728 0
    endloop
  endfacet
  facet normal 0.0490972 0.998794 -0
    outer loop
      vertex 1.07819 10.947 0.599999
      vertex 0 11 0.7
      vertex 1.07819 10.947 0.7
    endloop
  endfacet
  facet normal 0.0490972 0.998794 0
    outer loop
      vertex 0 11 0.7
      vertex 1.07819 10.947 0.599999
      vertex 0 11 0.599999
    endloop
  endfacet
  facet normal 0.0490972 0.998794 -0
    outer loop
      vertex 1.07819 10.947 3.3
      vertex 0 11 3.4
      vertex 1.07819 10.947 3.4
    endloop
  endfacet
  facet normal 0.0490972 0.998794 0
    outer loop
      vertex 0 11 3.4
      vertex 1.07819 10.947 3.3
      vertex 0 11 3.3
    endloop
  endfacet
  facet normal -0.171944 0.686348 0.706656
    outer loop
      vertex -2.02894 10.2002 4
      vertex -3.19313 10.5263 3.4
      vertex -3.01896 9.95218 4
    endloop
  endfacet
  facet normal 0 0 -1
    outer loop
      vertex 7.5 0 0
      vertex 10.4 0 0
      vertex 10.3499 -1.01938 0
    endloop
  endfacet
  facet normal 0 0 -1
    outer loop
      vertex 7.46389 -0.735128 0
      vertex 10.3499 -1.01938 0
      vertex 10.2002 -2.02894 0
    endloop
  endfacet
  facet normal 0 0 -1
    outer loop
      vertex 10.4 0 0
      vertex 7.5 0 0
      vertex 10.3499 1.01938 0
    endloop
  endfacet
  facet normal 0 0 -1
    outer loop
      vertex 7.35589 -1.46318 0
      vertex 10.2002 -2.02894 0
      vertex 9.95218 -3.01896 0
    endloop
  endfacet
  facet normal 0 0 -1
    outer loop
      vertex 7.46389 0.735128 0
      vertex 10.3499 1.01938 0
      vertex 7.5 0 0
    endloop
  endfacet
  facet normal 0 0 -1
    outer loop
      vertex 7.17705 -2.17713 0
      vertex 9.95218 -3.01896 0
      vertex 9.60835 -3.97991 0
    endloop
  endfacet
  facet normal -0 0 -1
    outer loop
      vertex 10.3499 1.01938 0
      vertex 7.46389 0.735128 0
      vertex 10.2002 2.02894 0
    endloop
  endfacet
  facet normal 0 0 -1
    outer loop
      vertex 6.9291 -2.87012 0
      vertex 9.60835 -3.97991 0
      vertex 9.17198 -4.90253 0
    endloop
  endfacet
  facet normal 0 0 -1
    outer loop
      vertex 7.35589 1.46318 0
      vertex 10.2002 2.02894 0
      vertex 7.46389 0.735128 0
    endloop
  endfacet
  facet normal 0 0 -1
    outer loop
      vertex 6.61441 -3.53547 0
      vertex 9.17198 -4.90253 0
      vertex 8.64728 -5.77793 0
    endloop
  endfacet
  facet normal -0 0 -1
    outer loop
      vertex 10.2002 2.02894 0
      vertex 7.35589 1.46318 0
      vertex 9.95218 3.01896 0
    endloop
  endfacet
  facet normal 0 0 -1
    outer loop
      vertex 6.23602 -4.16678 0
      vertex 8.64728 -5.77793 0
      vertex 8.03931 -6.59769 0
    endloop
  endfacet
  facet normal 0 0 -1
    outer loop
      vertex 7.17705 2.17713 0
      vertex 9.95218 3.01896 0
      vertex 7.35589 1.46318 0
    endloop
  endfacet
  facet normal -0 0 -1
    outer loop
      vertex 9.95218 3.01896 0
      vertex 7.17705 2.17713 0
      vertex 9.60835 3.97991 0
    endloop
  endfacet
  facet normal 0 0 -1
    outer loop
      vertex 10.3499 -1.01938 0
      vertex 7.46389 -0.735128 0
      vertex 7.5 0 0
    endloop
  endfacet
  facet normal 0 0 -1
    outer loop
      vertex 10.2002 -2.02894 0
      vertex 7.35589 -1.46318 0
      vertex 7.46389 -0.735128 0
    endloop
  endfacet
  facet normal 0 0 -1
    outer loop
      vertex 5.79758 -4.75795 0
      vertex 8.03931 -6.59769 0
      vertex 7.35391 -7.35391 0
    endloop
  endfacet
  facet normal 0 0 -1
    outer loop
      vertex 9.95218 -3.01896 0
      vertex 7.17705 -2.17713 0
      vertex 7.35589 -1.46318 0
    endloop
  endfacet
  facet normal 0 0 -1
    outer loop
      vertex 9.60835 -3.97991 0
      vertex 6.9291 -2.87012 0
      vertex 7.17705 -2.17713 0
    endloop
  endfacet
  facet normal 0 0 -1
    outer loop
      vertex 9.17198 -4.90253 0
      vertex 6.61441 -3.53547 0
      vertex 6.9291 -2.87012 0
    endloop
  endfacet
  facet normal 0 0 -1
    outer loop
      vertex 5.3033 -5.3033 0
      vertex 7.35391 -7.35391 0
      vertex 6.59769 -8.03931 0
    endloop
  endfacet
  facet normal 0 0 -1
    outer loop
      vertex 8.64728 -5.77793 0
      vertex 6.23602 -4.16678 0
      vertex 6.61441 -3.53547 0
    endloop
  endfacet
  facet normal 0 0 -1
    outer loop
      vertex 8.03931 -6.59769 0
      vertex 5.79758 -4.75795 0
      vertex 6.23602 -4.16678 0
    endloop
  endfacet
  facet normal 0 0 -1
    outer loop
      vertex 4.75795 -5.79758 0
      vertex 6.59769 -8.03931 0
      vertex 5.77793 -8.64728 0
    endloop
  endfacet
  facet normal 0 0 -1
    outer loop
      vertex 7.35391 -7.35391 0
      vertex 5.3033 -5.3033 0
      vertex 5.79758 -4.75795 0
    endloop
  endfacet
  facet normal 0 0 -1
    outer loop
      vertex 4.16678 -6.23602 0
      vertex 5.77793 -8.64728 0
      vertex 4.90253 -9.17198 0
    endloop
  endfacet
  facet normal 0 0 -1
    outer loop
      vertex 6.59769 -8.03931 0
      vertex 4.75795 -5.79758 0
      vertex 5.3033 -5.3033 0
    endloop
  endfacet
  facet normal 0 0 -1
    outer loop
      vertex 5.77793 -8.64728 0
      vertex 4.16678 -6.23602 0
      vertex 4.75795 -5.79758 0
    endloop
  endfacet
  facet normal 0 0 -1
    outer loop
      vertex 3.53547 -6.61441 0
      vertex 4.90253 -9.17198 0
      vertex 3.97991 -9.60835 0
    endloop
  endfacet
  facet normal 0 0 -1
    outer loop
      vertex 4.90253 -9.17198 0
      vertex 3.53547 -6.61441 0
      vertex 4.16678 -6.23602 0
    endloop
  endfacet
  facet normal 0 0 -1
    outer loop
      vertex 2.87012 -6.9291 0
      vertex 3.97991 -9.60835 0
      vertex 3.01896 -9.95218 0
    endloop
  endfacet
  facet normal 0 0 -1
    outer loop
      vertex 3.97991 -9.60835 0
      vertex 2.87012 -6.9291 0
      vertex 3.53547 -6.61441 0
    endloop
  endfacet
  facet normal 0 0 -1
    outer loop
      vertex 3.01896 -9.95218 0
      vertex 2.17713 -7.17705 0
      vertex 2.87012 -6.9291 0
    endloop
  endfacet
  facet normal 0 0 -1
    outer loop
      vertex 2.02894 -10.2002 0
      vertex 2.17713 -7.17705 0
      vertex 3.01896 -9.95218 0
    endloop
  endfacet
  facet normal 0 0 -1
    outer loop
      vertex 2.02894 -10.2002 0
      vertex 1.46318 -7.35589 0
      vertex 2.17713 -7.17705 0
    endloop
  endfacet
  facet normal 0 0 -1
    outer loop
      vertex 1.01938 -10.3499 0
      vertex 1.46318 -7.35589 0
      vertex 2.02894 -10.2002 0
    endloop
  endfacet
  facet normal 0 0 -1
    outer loop
      vertex 1.01938 -10.3499 0
      vertex 0.735128 -7.46389 0
      vertex 1.46318 -7.35589 0
    endloop
  endfacet
  facet normal 0 0 -1
    outer loop
      vertex 0 -10.4 0
      vertex 0.735128 -7.46389 0
      vertex 1.01938 -10.3499 0
    endloop
  endfacet
  facet normal 0 0 -1
    outer loop
      vertex 0 -10.4 0
      vertex 0 -7.5 0
      vertex 0.735128 -7.46389 0
    endloop
  endfacet
  facet normal 0 0 -1
    outer loop
      vertex 0 -10.4 0
      vertex -0.735128 -7.46389 0
      vertex 0 -7.5 0
    endloop
  endfacet
  facet normal 0 0 -1
    outer loop
      vertex -1.01938 -10.3499 0
      vertex -0.735128 -7.46389 0
      vertex 0 -10.4 0
    endloop
  endfacet
  facet normal 0 0 -1
    outer loop
      vertex -1.01938 -10.3499 0
      vertex -1.46318 -7.35589 0
      vertex -0.735128 -7.46389 0
    endloop
  endfacet
  facet normal 0 0 -1
    outer loop
      vertex -2.02894 -10.2002 0
      vertex -1.46318 -7.35589 0
      vertex -1.01938 -10.3499 0
    endloop
  endfacet
  facet normal 0 0 -1
    outer loop
      vertex -2.02894 -10.2002 0
      vertex -2.17713 -7.17705 0
      vertex -1.46318 -7.35589 0
    endloop
  endfacet
  facet normal 0 0 -1
    outer loop
      vertex -3.01896 -9.95218 0
      vertex -2.17713 -7.17705 0
      vertex -2.02894 -10.2002 0
    endloop
  endfacet
  facet normal -0 0 -1
    outer loop
      vertex -2.17713 -7.17705 0
      vertex -3.01896 -9.95218 0
      vertex -2.87012 -6.9291 0
    endloop
  endfacet
  facet normal 0 0 -1
    outer loop
      vertex -3.97991 -9.60835 0
      vertex -2.87012 -6.9291 0
      vertex -3.01896 -9.95218 0
    endloop
  endfacet
  facet normal -0 0 -1
    outer loop
      vertex -2.87012 -6.9291 0
      vertex -3.97991 -9.60835 0
      vertex -3.53547 -6.61441 0
    endloop
  endfacet
  facet normal 0 0 -1
    outer loop
      vertex -4.90253 -9.17198 0
      vertex -3.53547 -6.61441 0
      vertex -3.97991 -9.60835 0
    endloop
  endfacet
  facet normal -0 0 -1
    outer loop
      vertex -3.53547 -6.61441 0
      vertex -4.90253 -9.17198 0
      vertex -4.16678 -6.23602 0
    endloop
  endfacet
  facet normal 0 0 -1
    outer loop
      vertex -5.77793 -8.64728 0
      vertex -4.16678 -6.23602 0
      vertex -4.90253 -9.17198 0
    endloop
  endfacet
  facet normal -0 0 -1
    outer loop
      vertex -4.16678 -6.23602 0
      vertex -5.77793 -8.64728 0
      vertex -4.75795 -5.79758 0
    endloop
  endfacet
  facet normal 0 0 -1
    outer loop
      vertex -6.59769 -8.03931 0
      vertex -4.75795 -5.79758 0
      vertex -5.77793 -8.64728 0
    endloop
  endfacet
  facet normal -0 0 -1
    outer loop
      vertex -4.75795 -5.79758 0
      vertex -6.59769 -8.03931 0
      vertex -5.3033 -5.3033 0
    endloop
  endfacet
  facet normal 0 0 -1
    outer loop
      vertex -7.35391 -7.35391 0
      vertex -5.3033 -5.3033 0
      vertex -6.59769 -8.03931 0
    endloop
  endfacet
  facet normal -0 0 -1
    outer loop
      vertex -5.3033 -5.3033 0
      vertex -7.35391 -7.35391 0
      vertex -5.79758 -4.75795 0
    endloop
  endfacet
  facet normal 0 0 -1
    outer loop
      vertex -8.03931 -6.59769 0
      vertex -5.79758 -4.75795 0
      vertex -7.35391 -7.35391 0
    endloop
  endfacet
  facet normal -0 0 -1
    outer loop
      vertex -5.79758 -4.75795 0
      vertex -8.03931 -6.59769 0
      vertex -6.23602 -4.16678 0
    endloop
  endfacet
  facet normal 0 0 -1
    outer loop
      vertex -8.64728 -5.77793 0
      vertex -6.23602 -4.16678 0
      vertex -8.03931 -6.59769 0
    endloop
  endfacet
  facet normal -0 0 -1
    outer loop
      vertex -6.23602 -4.16678 0
      vertex -8.64728 -5.77793 0
      vertex -6.61441 -3.53547 0
    endloop
  endfacet
  facet normal 0 0 -1
    outer loop
      vertex -9.17198 -4.90253 0
      vertex -6.61441 -3.53547 0
      vertex -8.64728 -5.77793 0
    endloop
  endfacet
  facet normal -0 0 -1
    outer loop
      vertex -6.61441 -3.53547 0
      vertex -9.17198 -4.90253 0
      vertex -6.9291 -2.87012 0
    endloop
  endfacet
  facet normal 0 0 -1
    outer loop
      vertex -9.60835 -3.97991 0
      vertex -6.9291 -2.87012 0
      vertex -9.17198 -4.90253 0
    endloop
  endfacet
  facet normal -0 0 -1
    outer loop
      vertex -6.9291 -2.87012 0
      vertex -9.60835 -3.97991 0
      vertex -7.17705 -2.17713 0
    endloop
  endfacet
  facet normal 0 0 -1
    outer loop
      vertex 6.9291 2.87012 0
      vertex 9.60835 3.97991 0
      vertex 7.17705 2.17713 0
    endloop
  endfacet
  facet normal -0 0 -1
    outer loop
      vertex 9.60835 3.97991 0
      vertex 6.9291 2.87012 0
      vertex 9.17198 4.90253 0
    endloop
  endfacet
  facet normal 0 0 -1
    outer loop
      vertex 6.61441 3.53547 0
      vertex 9.17198 4.90253 0
      vertex 6.9291 2.87012 0
    endloop
  endfacet
  facet normal -0 0 -1
    outer loop
      vertex 9.17198 4.90253 0
      vertex 6.61441 3.53547 0
      vertex 8.64728 5.77793 0
    endloop
  endfacet
  facet normal 0 0 -1
    outer loop
      vertex 6.23602 4.16678 0
      vertex 8.64728 5.77793 0
      vertex 6.61441 3.53547 0
    endloop
  endfacet
  facet normal -0 0 -1
    outer loop
      vertex 8.64728 5.77793 0
      vertex 6.23602 4.16678 0
      vertex 8.03931 6.59769 0
    endloop
  endfacet
  facet normal 0 0 -1
    outer loop
      vertex 5.79758 4.75795 0
      vertex 8.03931 6.59769 0
      vertex 6.23602 4.16678 0
    endloop
  endfacet
  facet normal -0 0 -1
    outer loop
      vertex 8.03931 6.59769 0
      vertex 5.79758 4.75795 0
      vertex 7.35391 7.35391 0
    endloop
  endfacet
  facet normal 0 0 -1
    outer loop
      vertex 5.3033 5.3033 0
      vertex 7.35391 7.35391 0
      vertex 5.79758 4.75795 0
    endloop
  endfacet
  facet normal -0 0 -1
    outer loop
      vertex 7.35391 7.35391 0
      vertex 5.3033 5.3033 0
      vertex 6.59769 8.03931 0
    endloop
  endfacet
  facet normal 0 0 -1
    outer loop
      vertex 4.75795 5.79758 0
      vertex 6.59769 8.03931 0
      vertex 5.3033 5.3033 0
    endloop
  endfacet
  facet normal -0 0 -1
    outer loop
      vertex 6.59769 8.03931 0
      vertex 4.75795 5.79758 0
      vertex 5.77793 8.64728 0
    endloop
  endfacet
  facet normal 0 0 -1
    outer loop
      vertex 4.16678 6.23602 0
      vertex 5.77793 8.64728 0
      vertex 4.75795 5.79758 0
    endloop
  endfacet
  facet normal -0 0 -1
    outer loop
      vertex 5.77793 8.64728 0
      vertex 4.16678 6.23602 0
      vertex 4.90253 9.17198 0
    endloop
  endfacet
  facet normal 0 0 -1
    outer loop
      vertex 3.53547 6.61441 0
      vertex 4.90253 9.17198 0
      vertex 4.16678 6.23602 0
    endloop
  endfacet
  facet normal -0 0 -1
    outer loop
      vertex 4.90253 9.17198 0
      vertex 3.53547 6.61441 0
      vertex 3.97991 9.60835 0
    endloop
  endfacet
  facet normal 0 0 -1
    outer loop
      vertex 2.87012 6.9291 0
      vertex 3.97991 9.60835 0
      vertex 3.53547 6.61441 0
    endloop
  endfacet
  facet normal -0 0 -1
    outer loop
      vertex 3.97991 9.60835 0
      vertex 2.87012 6.9291 0
      vertex 3.01896 9.95218 0
    endloop
  endfacet
  facet normal 0 0 -1
    outer loop
      vertex 2.17713 7.17705 0
      vertex 3.01896 9.95218 0
      vertex 2.87012 6.9291 0
    endloop
  endfacet
  facet normal 0 0 -1
    outer loop
      vertex 2.17713 7.17705 0
      vertex 2.02894 10.2002 0
      vertex 3.01896 9.95218 0
    endloop
  endfacet
  facet normal 0 0 -1
    outer loop
      vertex 1.46318 7.35589 0
      vertex 2.02894 10.2002 0
      vertex 2.17713 7.17705 0
    endloop
  endfacet
  facet normal 0 0 -1
    outer loop
      vertex 1.46318 7.35589 0
      vertex 1.01938 10.3499 0
      vertex 2.02894 10.2002 0
    endloop
  endfacet
  facet normal 0 0 -1
    outer loop
      vertex 0.735128 7.46389 0
      vertex 1.01938 10.3499 0
      vertex 1.46318 7.35589 0
    endloop
  endfacet
  facet normal 0 0 -1
    outer loop
      vertex 0 7.5 0
      vertex 1.01938 10.3499 0
      vertex 0.735128 7.46389 0
    endloop
  endfacet
  facet normal 0 0 -1
    outer loop
      vertex 0 7.5 0
      vertex 0 10.4 0
      vertex 1.01938 10.3499 0
    endloop
  endfacet
  facet normal 0 0 -1
    outer loop
      vertex -0.735128 7.46389 0
      vertex 0 10.4 0
      vertex 0 7.5 0
    endloop
  endfacet
  facet normal 0 0 -1
    outer loop
      vertex -0.735128 7.46389 0
      vertex -1.01938 10.3499 0
      vertex 0 10.4 0
    endloop
  endfacet
  facet normal 0 0 -1
    outer loop
      vertex -1.46318 7.35589 0
      vertex -1.01938 10.3499 0
      vertex -0.735128 7.46389 0
    endloop
  endfacet
  facet normal 0 0 -1
    outer loop
      vertex -1.46318 7.35589 0
      vertex -2.02894 10.2002 0
      vertex -1.01938 10.3499 0
    endloop
  endfacet
  facet normal 0 0 -1
    outer loop
      vertex -2.17713 7.17705 0
      vertex -2.02894 10.2002 0
      vertex -1.46318 7.35589 0
    endloop
  endfacet
  facet normal 0 0 -1
    outer loop
      vertex -3.01896 9.95218 0
      vertex -2.17713 7.17705 0
      vertex -2.87012 6.9291 0
    endloop
  endfacet
  facet normal 0 0 -1
    outer loop
      vertex -2.17713 7.17705 0
      vertex -3.01896 9.95218 0
      vertex -2.02894 10.2002 0
    endloop
  endfacet
  facet normal 0 0 -1
    outer loop
      vertex -3.97991 9.60835 0
      vertex -2.87012 6.9291 0
      vertex -3.53547 6.61441 0
    endloop
  endfacet
  facet normal 0 0 -1
    outer loop
      vertex -2.87012 6.9291 0
      vertex -3.97991 9.60835 0
      vertex -3.01896 9.95218 0
    endloop
  endfacet
  facet normal 0 0 -1
    outer loop
      vertex -4.90253 9.17198 0
      vertex -3.53547 6.61441 0
      vertex -4.16678 6.23602 0
    endloop
  endfacet
  facet normal 0 0 -1
    outer loop
      vertex -5.77793 8.64728 0
      vertex -4.16678 6.23602 0
      vertex -4.75795 5.79758 0
    endloop
  endfacet
  facet normal 0 0 -1
    outer loop
      vertex -3.53547 6.61441 0
      vertex -4.90253 9.17198 0
      vertex -3.97991 9.60835 0
    endloop
  endfacet
  facet normal 0 0 -1
    outer loop
      vertex -6.59769 8.03931 0
      vertex -4.75795 5.79758 0
      vertex -5.3033 5.3033 0
    endloop
  endfacet
  facet normal 0 0 -1
    outer loop
      vertex -4.16678 6.23602 0
      vertex -5.77793 8.64728 0
      vertex -4.90253 9.17198 0
    endloop
  endfacet
  facet normal 0 0 -1
    outer loop
      vertex -7.35391 7.35391 0
      vertex -5.3033 5.3033 0
      vertex -5.79758 4.75795 0
    endloop
  endfacet
  facet normal 0 0 -1
    outer loop
      vertex -8.03931 6.59769 0
      vertex -5.79758 4.75795 0
      vertex -6.23602 4.16678 0
    endloop
  endfacet
  facet normal 0 0 -1
    outer loop
      vertex -4.75795 5.79758 0
      vertex -6.59769 8.03931 0
      vertex -5.77793 8.64728 0
    endloop
  endfacet
  facet normal 0 0 -1
    outer loop
      vertex -8.64728 5.77793 0
      vertex -6.23602 4.16678 0
      vertex -6.61441 3.53547 0
    endloop
  endfacet
  facet normal 0 0 -1
    outer loop
      vertex -9.17198 4.90253 0
      vertex -6.61441 3.53547 0
      vertex -6.9291 2.87012 0
    endloop
  endfacet
  facet normal 0 0 -1
    outer loop
      vertex -9.60835 3.97991 0
      vertex -6.9291 2.87012 0
      vertex -7.17705 2.17713 0
    endloop
  endfacet
  facet normal 0 0 -1
    outer loop
      vertex -5.3033 5.3033 0
      vertex -7.35391 7.35391 0
      vertex -6.59769 8.03931 0
    endloop
  endfacet
  facet normal 0 0 -1
    outer loop
      vertex -9.95218 3.01896 0
      vertex -7.17705 2.17713 0
      vertex -7.35589 1.46318 0
    endloop
  endfacet
  facet normal 0 0 -1
    outer loop
      vertex -10.2002 2.02894 0
      vertex -7.35589 1.46318 0
      vertex -7.46389 0.735128 0
    endloop
  endfacet
  facet normal 0 0 -1
    outer loop
      vertex -10.3499 1.01938 0
      vertex -7.46389 0.735128 0
      vertex -7.5 0 0
    endloop
  endfacet
  facet normal 0 0 -1
    outer loop
      vertex -9.95218 -3.01896 0
      vertex -7.17705 -2.17713 0
      vertex -9.60835 -3.97991 0
    endloop
  endfacet
  facet normal 0 0 -1
    outer loop
      vertex -5.79758 4.75795 0
      vertex -8.03931 6.59769 0
      vertex -7.35391 7.35391 0
    endloop
  endfacet
  facet normal -0 0 -1
    outer loop
      vertex -7.17705 -2.17713 0
      vertex -9.95218 -3.01896 0
      vertex -7.35589 -1.46318 0
    endloop
  endfacet
  facet normal 0 0 -1
    outer loop
      vertex -6.23602 4.16678 0
      vertex -8.64728 5.77793 0
      vertex -8.03931 6.59769 0
    endloop
  endfacet
  facet normal 0 0 -1
    outer loop
      vertex -10.2002 -2.02894 0
      vertex -7.35589 -1.46318 0
      vertex -9.95218 -3.01896 0
    endloop
  endfacet
  facet normal 0 0 -1
    outer loop
      vertex -6.61441 3.53547 0
      vertex -9.17198 4.90253 0
      vertex -8.64728 5.77793 0
    endloop
  endfacet
  facet normal -0 0 -1
    outer loop
      vertex -7.35589 -1.46318 0
      vertex -10.2002 -2.02894 0
      vertex -7.46389 -0.735128 0
    endloop
  endfacet
  facet normal 0 0 -1
    outer loop
      vertex -6.9291 2.87012 0
      vertex -9.60835 3.97991 0
      vertex -9.17198 4.90253 0
    endloop
  endfacet
  facet normal 0 0 -1
    outer loop
      vertex -10.3499 -1.01938 0
      vertex -7.46389 -0.735128 0
      vertex -10.2002 -2.02894 0
    endloop
  endfacet
  facet normal 0 0 -1
    outer loop
      vertex -7.17705 2.17713 0
      vertex -9.95218 3.01896 0
      vertex -9.60835 3.97991 0
    endloop
  endfacet
  facet normal -0 0 -1
    outer loop
      vertex -7.46389 -0.735128 0
      vertex -10.3499 -1.01938 0
      vertex -7.5 0 0
    endloop
  endfacet
  facet normal 0 0 -1
    outer loop
      vertex -7.35589 1.46318 0
      vertex -10.2002 2.02894 0
      vertex -9.95218 3.01896 0
    endloop
  endfacet
  facet normal 0 0 -1
    outer loop
      vertex -10.4 0 0
      vertex -7.5 0 0
      vertex -10.3499 -1.01938 0
    endloop
  endfacet
  facet normal 0 0 -1
    outer loop
      vertex -7.46389 0.735128 0
      vertex -10.3499 1.01938 0
      vertex -10.2002 2.02894 0
    endloop
  endfacet
  facet normal 0 0 -1
    outer loop
      vertex -7.5 0 0
      vertex -10.4 0 0
      vertex -10.3499 1.01938 0
    endloop
  endfacet
  facet normal 0 0 -1
    outer loop
      vertex 1.52499 0 0
      vertex 5.25 0 0
      vertex 5.22472 -0.514589 0
    endloop
  endfacet
  facet normal 0 0 -1
    outer loop
      vertex 1.51765 -0.149475 0
      vertex 5.22472 -0.514589 0
      vertex 5.14912 -1.02422 0
    endloop
  endfacet
  facet normal 0 0 -1
    outer loop
      vertex 5.25 0 0
      vertex 1.52499 0 0
      vertex 5.22472 0.514589 0
    endloop
  endfacet
  facet normal 0 0 -1
    outer loop
      vertex 1.4957 -0.297501 0
      vertex 5.14912 -1.02422 0
      vertex 5.02394 -1.52399 0
    endloop
  endfacet
  facet normal 0 0 -1
    outer loop
      vertex 1.51765 0.149475 0
      vertex 5.22472 0.514589 0
      vertex 1.52499 0 0
    endloop
  endfacet
  facet normal 0 0 -1
    outer loop
      vertex 1.45932 -0.442673 0
      vertex 5.02394 -1.52399 0
      vertex 4.85037 -2.00909 0
    endloop
  endfacet
  facet normal -0 0 -1
    outer loop
      vertex 5.22472 0.514589 0
      vertex 1.51765 0.149475 0
      vertex 5.14912 1.02422 0
    endloop
  endfacet
  facet normal 0 0 -1
    outer loop
      vertex 1.40891 -0.583588 0
      vertex 4.85037 -2.00909 0
      vertex 4.63009 -2.47483 0
    endloop
  endfacet
  facet normal 0 0 -1
    outer loop
      vertex 1.4957 0.297501 0
      vertex 5.14912 1.02422 0
      vertex 1.51765 0.149475 0
    endloop
  endfacet
  facet normal 0 0 -1
    outer loop
      vertex 1.34492 -0.718872 0
      vertex 4.63009 -2.47483 0
      vertex 4.36522 -2.91674 0
    endloop
  endfacet
  facet normal -0 0 -1
    outer loop
      vertex 5.14912 1.02422 0
      vertex 1.4957 0.297501 0
      vertex 5.02394 1.52399 0
    endloop
  endfacet
  facet normal 0 0 -1
    outer loop
      vertex 1.26799 -0.847244 0
      vertex 4.36522 -2.91674 0
      vertex 4.0583 -3.33056 0
    endloop
  endfacet
  facet normal 0 0 -1
    outer loop
      vertex 1.45932 0.442673 0
      vertex 5.02394 1.52399 0
      vertex 1.4957 0.297501 0
    endloop
  endfacet
  facet normal 0 0 -1
    outer loop
      vertex 1.17883 -0.967438 0
      vertex 4.0583 -3.33056 0
      vertex 3.71231 -3.71231 0
    endloop
  endfacet
  facet normal -0 0 -1
    outer loop
      vertex 5.02394 1.52399 0
      vertex 1.45932 0.442673 0
      vertex 4.85037 2.00909 0
    endloop
  endfacet
  facet normal 0 0 -1
    outer loop
      vertex 1.07832 -1.07832 0
      vertex 3.71231 -3.71231 0
      vertex 3.33056 -4.0583 0
    endloop
  endfacet
  facet normal 0 0 -1
    outer loop
      vertex 1.40891 0.583588 0
      vertex 4.85037 2.00909 0
      vertex 1.45932 0.442673 0
    endloop
  endfacet
  facet normal 0 0 -1
    outer loop
      vertex 0.967438 -1.17883 0
      vertex 3.33056 -4.0583 0
      vertex 2.91674 -4.36522 0
    endloop
  endfacet
  facet normal -0 0 -1
    outer loop
      vertex 4.85037 2.00909 0
      vertex 1.40891 0.583588 0
      vertex 4.63009 2.47483 0
    endloop
  endfacet
  facet normal 0 0 -1
    outer loop
      vertex 0.847244 -1.26799 0
      vertex 2.91674 -4.36522 0
      vertex 2.47483 -4.63009 0
    endloop
  endfacet
  facet normal 0 0 -1
    outer loop
      vertex 1.34492 0.718872 0
      vertex 4.63009 2.47483 0
      vertex 1.40891 0.583588 0
    endloop
  endfacet
  facet normal 0 0 -1
    outer loop
      vertex 0.718872 -1.34492 0
      vertex 2.47483 -4.63009 0
      vertex 2.00909 -4.85037 0
    endloop
  endfacet
  facet normal -0 0 -1
    outer loop
      vertex 4.63009 2.47483 0
      vertex 1.34492 0.718872 0
      vertex 4.36522 2.91674 0
    endloop
  endfacet
  facet normal 0 0 -1
    outer loop
      vertex 1.26799 0.847244 0
      vertex 4.36522 2.91674 0
      vertex 1.34492 0.718872 0
    endloop
  endfacet
  facet normal 0 0 -1
    outer loop
      vertex 0.583588 -1.40891 0
      vertex 2.00909 -4.85037 0
      vertex 1.52399 -5.02394 0
    endloop
  endfacet
  facet normal 0 0 -1
    outer loop
      vertex 5.22472 -0.514589 0
      vertex 1.51765 -0.149475 0
      vertex 1.52499 0 0
    endloop
  endfacet
  facet normal 0 0 -1
    outer loop
      vertex 5.14912 -1.02422 0
      vertex 1.4957 -0.297501 0
      vertex 1.51765 -0.149475 0
    endloop
  endfacet
  facet normal 0 0 -1
    outer loop
      vertex 5.02394 -1.52399 0
      vertex 1.45932 -0.442673 0
      vertex 1.4957 -0.297501 0
    endloop
  endfacet
  facet normal 0 0 -1
    outer loop
      vertex 4.85037 -2.00909 0
      vertex 1.40891 -0.583588 0
      vertex 1.45932 -0.442673 0
    endloop
  endfacet
  facet normal 0 0 -1
    outer loop
      vertex 4.63009 -2.47483 0
      vertex 1.34492 -0.718872 0
      vertex 1.40891 -0.583588 0
    endloop
  endfacet
  facet normal 0 0 -1
    outer loop
      vertex 4.36522 -2.91674 0
      vertex 1.26799 -0.847244 0
      vertex 1.34492 -0.718872 0
    endloop
  endfacet
  facet normal 0 0 -1
    outer loop
      vertex 4.0583 -3.33056 0
      vertex 1.17883 -0.967438 0
      vertex 1.26799 -0.847244 0
    endloop
  endfacet
  facet normal 0 0 -1
    outer loop
      vertex 3.71231 -3.71231 0
      vertex 1.07832 -1.07832 0
      vertex 1.17883 -0.967438 0
    endloop
  endfacet
  facet normal 0 0 -1
    outer loop
      vertex 0.442673 -1.45932 0
      vertex 1.52399 -5.02394 0
      vertex 1.02422 -5.14912 0
    endloop
  endfacet
  facet normal 0 0 -1
    outer loop
      vertex 3.33056 -4.0583 0
      vertex 0.967438 -1.17883 0
      vertex 1.07832 -1.07832 0
    endloop
  endfacet
  facet normal 0 0 -1
    outer loop
      vertex 2.91674 -4.36522 0
      vertex 0.847244 -1.26799 0
      vertex 0.967438 -1.17883 0
    endloop
  endfacet
  facet normal 0 0 -1
    outer loop
      vertex 2.47483 -4.63009 0
      vertex 0.718872 -1.34492 0
      vertex 0.847244 -1.26799 0
    endloop
  endfacet
  facet normal 0 0 -1
    outer loop
      vertex 2.00909 -4.85037 0
      vertex 0.583588 -1.40891 0
      vertex 0.718872 -1.34492 0
    endloop
  endfacet
  facet normal 0 0 -1
    outer loop
      vertex 0.297501 -1.4957 0
      vertex 1.02422 -5.14912 0
      vertex 0.514589 -5.22472 0
    endloop
  endfacet
  facet normal 0 0 -1
    outer loop
      vertex 1.52399 -5.02394 0
      vertex 0.442673 -1.45932 0
      vertex 0.583588 -1.40891 0
    endloop
  endfacet
  facet normal 0 0 -1
    outer loop
      vertex 1.02422 -5.14912 0
      vertex 0.297501 -1.4957 0
      vertex 0.442673 -1.45932 0
    endloop
  endfacet
  facet normal 0 0 -1
    outer loop
      vertex 0.514589 -5.22472 0
      vertex 0.149475 -1.51765 0
      vertex 0.297501 -1.4957 0
    endloop
  endfacet
  facet normal 0 0 -1
    outer loop
      vertex 0 -5.25 0
      vertex 0.149475 -1.51765 0
      vertex 0.514589 -5.22472 0
    endloop
  endfacet
  facet normal 0 0 -1
    outer loop
      vertex 0 -5.25 0
      vertex 0 -1.52499 0
      vertex 0.149475 -1.51765 0
    endloop
  endfacet
  facet normal 0 0 -1
    outer loop
      vertex 0 -5.25 0
      vertex -0.149475 -1.51765 0
      vertex 0 -1.52499 0
    endloop
  endfacet
  facet normal 0 0 -1
    outer loop
      vertex -0.514589 -5.22472 0
      vertex -0.149475 -1.51765 0
      vertex 0 -5.25 0
    endloop
  endfacet
  facet normal -0 0 -1
    outer loop
      vertex -0.149475 -1.51765 0
      vertex -0.514589 -5.22472 0
      vertex -0.297501 -1.4957 0
    endloop
  endfacet
  facet normal 0 0 -1
    outer loop
      vertex -1.02422 -5.14912 0
      vertex -0.297501 -1.4957 0
      vertex -0.514589 -5.22472 0
    endloop
  endfacet
  facet normal -0 0 -1
    outer loop
      vertex -0.297501 -1.4957 0
      vertex -1.02422 -5.14912 0
      vertex -0.442673 -1.45932 0
    endloop
  endfacet
  facet normal 0 0 -1
    outer loop
      vertex -1.52399 -5.02394 0
      vertex -0.442673 -1.45932 0
      vertex -1.02422 -5.14912 0
    endloop
  endfacet
  facet normal -0 0 -1
    outer loop
      vertex -0.442673 -1.45932 0
      vertex -1.52399 -5.02394 0
      vertex -0.583588 -1.40891 0
    endloop
  endfacet
  facet normal 0 0 -1
    outer loop
      vertex -2.00909 -4.85037 0
      vertex -0.583588 -1.40891 0
      vertex -1.52399 -5.02394 0
    endloop
  endfacet
  facet normal -0 0 -1
    outer loop
      vertex -0.583588 -1.40891 0
      vertex -2.00909 -4.85037 0
      vertex -0.718872 -1.34492 0
    endloop
  endfacet
  facet normal 0 0 -1
    outer loop
      vertex -2.47483 -4.63009 0
      vertex -0.718872 -1.34492 0
      vertex -2.00909 -4.85037 0
    endloop
  endfacet
  facet normal -0 0 -1
    outer loop
      vertex -0.718872 -1.34492 0
      vertex -2.47483 -4.63009 0
      vertex -0.847244 -1.26799 0
    endloop
  endfacet
  facet normal 0 0 -1
    outer loop
      vertex -2.91674 -4.36522 0
      vertex -0.847244 -1.26799 0
      vertex -2.47483 -4.63009 0
    endloop
  endfacet
  facet normal -0 0 -1
    outer loop
      vertex -0.847244 -1.26799 0
      vertex -2.91674 -4.36522 0
      vertex -0.967438 -1.17883 0
    endloop
  endfacet
  facet normal 0 0 -1
    outer loop
      vertex -3.33056 -4.0583 0
      vertex -0.967438 -1.17883 0
      vertex -2.91674 -4.36522 0
    endloop
  endfacet
  facet normal -0 0 -1
    outer loop
      vertex -0.967438 -1.17883 0
      vertex -3.33056 -4.0583 0
      vertex -1.07832 -1.07832 0
    endloop
  endfacet
  facet normal 0 0 -1
    outer loop
      vertex -3.71231 -3.71231 0
      vertex -1.07832 -1.07832 0
      vertex -3.33056 -4.0583 0
    endloop
  endfacet
  facet normal -0 0 -1
    outer loop
      vertex -1.07832 -1.07832 0
      vertex -3.71231 -3.71231 0
      vertex -1.17883 -0.967438 0
    endloop
  endfacet
  facet normal 0 0 -1
    outer loop
      vertex -4.0583 -3.33056 0
      vertex -1.17883 -0.967438 0
      vertex -3.71231 -3.71231 0
    endloop
  endfacet
  facet normal -0 0 -1
    outer loop
      vertex -1.17883 -0.967438 0
      vertex -4.0583 -3.33056 0
      vertex -1.26799 -0.847244 0
    endloop
  endfacet
  facet normal 0 0 -1
    outer loop
      vertex -4.36522 -2.91674 0
      vertex -1.26799 -0.847244 0
      vertex -4.0583 -3.33056 0
    endloop
  endfacet
  facet normal -0 0 -1
    outer loop
      vertex 4.36522 2.91674 0
      vertex 1.26799 0.847244 0
      vertex 4.0583 3.33056 0
    endloop
  endfacet
  facet normal 0 0 -1
    outer loop
      vertex 1.17883 0.967438 0
      vertex 4.0583 3.33056 0
      vertex 1.26799 0.847244 0
    endloop
  endfacet
  facet normal 0 0 -1
    outer loop
      vertex 1.12666 1.02499 0
      vertex 4.0583 3.33056 0
      vertex 1.17883 0.967438 0
    endloop
  endfacet
  facet normal -0 0 -1
    outer loop
      vertex 4.0583 3.33056 0
      vertex 1.12666 1.02499 0
      vertex 3.71231 3.71231 0
    endloop
  endfacet
  facet normal -0 0 -1
    outer loop
      vertex 3.71231 3.71231 0
      vertex 1.12666 1.02499 0
      vertex 3.33056 4.0583 0
    endloop
  endfacet
  facet normal -0 0 -1
    outer loop
      vertex 3.33056 4.0583 0
      vertex 1.12666 1.02499 0
      vertex 2.91674 4.36522 0
    endloop
  endfacet
  facet normal -0 0 -1
    outer loop
      vertex 2.91674 4.36522 0
      vertex 1.12666 1.02499 0
      vertex 2.47483 4.63009 0
    endloop
  endfacet
  facet normal -0 0 -1
    outer loop
      vertex 2.47483 4.63009 0
      vertex 1.12666 1.02499 0
      vertex 2.00909 4.85037 0
    endloop
  endfacet
  facet normal -0 0 -1
    outer loop
      vertex 2.00909 4.85037 0
      vertex 1.12666 1.02499 0
      vertex 1.52399 5.02394 0
    endloop
  endfacet
  facet normal 0 0 -1
    outer loop
      vertex 1.12666 1.02499 0
      vertex 1.02422 5.14912 0
      vertex 1.52399 5.02394 0
    endloop
  endfacet
  facet normal 0 0 -1
    outer loop
      vertex 1.12666 1.02499 0
      vertex 0.514589 5.22472 0
      vertex 1.02422 5.14912 0
    endloop
  endfacet
  facet normal 0 0 -1
    outer loop
      vertex 1.12666 1.02499 0
      vertex 0 5.25 0
      vertex 0.514589 5.22472 0
    endloop
  endfacet
  facet normal 0 0 -1
    outer loop
      vertex -1.12666 1.02499 0
      vertex 0 5.25 0
      vertex 1.12666 1.02499 0
    endloop
  endfacet
  facet normal 0 0 -1
    outer loop
      vertex 0 5.25 0
      vertex -1.12666 1.02499 0
      vertex -0.514589 5.22472 0
    endloop
  endfacet
  facet normal 0 0 -1
    outer loop
      vertex -0.514589 5.22472 0
      vertex -1.12666 1.02499 0
      vertex -1.02422 5.14912 0
    endloop
  endfacet
  facet normal 0 0 -1
    outer loop
      vertex -4.0583 3.33056 0
      vertex -1.12666 1.02499 0
      vertex -1.17883 0.967438 0
    endloop
  endfacet
  facet normal 0 0 -1
    outer loop
      vertex -4.0583 3.33056 0
      vertex -1.17883 0.967438 0
      vertex -1.26799 0.847244 0
    endloop
  endfacet
  facet normal 0 0 -1
    outer loop
      vertex -4.36522 2.91674 0
      vertex -1.26799 0.847244 0
      vertex -1.34492 0.718872 0
    endloop
  endfacet
  facet normal 0 0 -1
    outer loop
      vertex -4.63009 2.47483 0
      vertex -1.34492 0.718872 0
      vertex -1.40891 0.583588 0
    endloop
  endfacet
  facet normal 0 0 -1
    outer loop
      vertex -4.85037 2.00909 0
      vertex -1.40891 0.583588 0
      vertex -1.45932 0.442673 0
    endloop
  endfacet
  facet normal 0 0 -1
    outer loop
      vertex -5.02394 1.52399 0
      vertex -1.45932 0.442673 0
      vertex -1.4957 0.297501 0
    endloop
  endfacet
  facet normal 0 0 -1
    outer loop
      vertex -5.14912 1.02422 0
      vertex -1.4957 0.297501 0
      vertex -1.51765 0.149475 0
    endloop
  endfacet
  facet normal 0 0 -1
    outer loop
      vertex -1.12666 1.02499 0
      vertex -1.52399 5.02394 0
      vertex -1.02422 5.14912 0
    endloop
  endfacet
  facet normal 0 0 -1
    outer loop
      vertex -5.22472 0.514589 0
      vertex -1.51765 0.149475 0
      vertex -1.52499 0 0
    endloop
  endfacet
  facet normal -0 0 -1
    outer loop
      vertex -1.26799 -0.847244 0
      vertex -4.36522 -2.91674 0
      vertex -1.34492 -0.718872 0
    endloop
  endfacet
  facet normal 0 0 -1
    outer loop
      vertex -1.12666 1.02499 0
      vertex -2.00909 4.85037 0
      vertex -1.52399 5.02394 0
    endloop
  endfacet
  facet normal 0 0 -1
    outer loop
      vertex -4.63009 -2.47483 0
      vertex -1.34492 -0.718872 0
      vertex -4.36522 -2.91674 0
    endloop
  endfacet
  facet normal 0 0 -1
    outer loop
      vertex -1.12666 1.02499 0
      vertex -2.47483 4.63009 0
      vertex -2.00909 4.85037 0
    endloop
  endfacet
  facet normal -0 0 -1
    outer loop
      vertex -1.34492 -0.718872 0
      vertex -4.63009 -2.47483 0
      vertex -1.40891 -0.583588 0
    endloop
  endfacet
  facet normal 0 0 -1
    outer loop
      vertex -1.12666 1.02499 0
      vertex -2.91674 4.36522 0
      vertex -2.47483 4.63009 0
    endloop
  endfacet
  facet normal 0 0 -1
    outer loop
      vertex -4.85037 -2.00909 0
      vertex -1.40891 -0.583588 0
      vertex -4.63009 -2.47483 0
    endloop
  endfacet
  facet normal 0 0 -1
    outer loop
      vertex -1.12666 1.02499 0
      vertex -3.33056 4.0583 0
      vertex -2.91674 4.36522 0
    endloop
  endfacet
  facet normal -0 0 -1
    outer loop
      vertex -1.40891 -0.583588 0
      vertex -4.85037 -2.00909 0
      vertex -1.45932 -0.442673 0
    endloop
  endfacet
  facet normal 0 0 -1
    outer loop
      vertex -1.12666 1.02499 0
      vertex -3.71231 3.71231 0
      vertex -3.33056 4.0583 0
    endloop
  endfacet
  facet normal 0 0 -1
    outer loop
      vertex -5.02394 -1.52399 0
      vertex -1.45932 -0.442673 0
      vertex -4.85037 -2.00909 0
    endloop
  endfacet
  facet normal 0 0 -1
    outer loop
      vertex -1.12666 1.02499 0
      vertex -4.0583 3.33056 0
      vertex -3.71231 3.71231 0
    endloop
  endfacet
  facet normal -0 0 -1
    outer loop
      vertex -1.45932 -0.442673 0
      vertex -5.02394 -1.52399 0
      vertex -1.4957 -0.297501 0
    endloop
  endfacet
  facet normal 0 0 -1
    outer loop
      vertex -1.26799 0.847244 0
      vertex -4.36522 2.91674 0
      vertex -4.0583 3.33056 0
    endloop
  endfacet
  facet normal 0 0 -1
    outer loop
      vertex -5.14912 -1.02422 0
      vertex -1.4957 -0.297501 0
      vertex -5.02394 -1.52399 0
    endloop
  endfacet
  facet normal 0 0 -1
    outer loop
      vertex -1.34492 0.718872 0
      vertex -4.63009 2.47483 0
      vertex -4.36522 2.91674 0
    endloop
  endfacet
  facet normal -0 0 -1
    outer loop
      vertex -1.4957 -0.297501 0
      vertex -5.14912 -1.02422 0
      vertex -1.51765 -0.149475 0
    endloop
  endfacet
  facet normal 0 0 -1
    outer loop
      vertex -1.40891 0.583588 0
      vertex -4.85037 2.00909 0
      vertex -4.63009 2.47483 0
    endloop
  endfacet
  facet normal 0 0 -1
    outer loop
      vertex -5.22472 -0.514589 0
      vertex -1.51765 -0.149475 0
      vertex -5.14912 -1.02422 0
    endloop
  endfacet
  facet normal 0 0 -1
    outer loop
      vertex -1.45932 0.442673 0
      vertex -5.02394 1.52399 0
      vertex -4.85037 2.00909 0
    endloop
  endfacet
  facet normal -0 0 -1
    outer loop
      vertex -1.51765 -0.149475 0
      vertex -5.22472 -0.514589 0
      vertex -1.52499 0 0
    endloop
  endfacet
  facet normal 0 0 -1
    outer loop
      vertex -1.4957 0.297501 0
      vertex -5.14912 1.02422 0
      vertex -5.02394 1.52399 0
    endloop
  endfacet
  facet normal 0 0 -1
    outer loop
      vertex -5.25 0 0
      vertex -1.52499 0 0
      vertex -5.22472 -0.514589 0
    endloop
  endfacet
  facet normal 0 0 -1
    outer loop
      vertex -1.51765 0.149475 0
      vertex -5.22472 0.514589 0
      vertex -5.14912 1.02422 0
    endloop
  endfacet
  facet normal 0 0 -1
    outer loop
      vertex -1.52499 0 0
      vertex -5.25 0 0
      vertex -5.22472 0.514589 0
    endloop
  endfacet
  facet normal -0.606872 0.363745 -0.70668
    outer loop
      vertex -8.64728 5.77793 0
      vertex -9.70113 5.18536 0.599999
      vertex -9.14616 6.11127 0.599999
    endloop
  endfacet
  facet normal -0.857728 0.514103 0
    outer loop
      vertex -9.70113 5.18536 0.599999
      vertex -9.14616 6.11127 0.7
      vertex -9.14616 6.11127 0.599999
    endloop
  endfacet
  facet normal -0.857728 0.514103 0
    outer loop
      vertex -9.14616 6.11127 0.7
      vertex -9.70113 5.18536 0.599999
      vertex -9.70113 5.18536 0.7
    endloop
  endfacet
  facet normal -0.857728 0.514103 0
    outer loop
      vertex -9.70113 5.18536 3.3
      vertex -9.14616 6.11127 3.4
      vertex -9.14616 6.11127 3.3
    endloop
  endfacet
  facet normal -0.857728 0.514103 0
    outer loop
      vertex -9.14616 6.11127 3.4
      vertex -9.70113 5.18536 3.3
      vertex -9.70113 5.18536 3.4
    endloop
  endfacet
  facet normal -0.524247 -0.475155 0.706677
    outer loop
      vertex -7.35391 -7.35391 4
      vertex -8.50311 -6.97833 3.4
      vertex -7.77817 -7.77817 3.4
    endloop
  endfacet
  facet normal -0.706679 0.0347379 -0.706681
    outer loop
      vertex -10.4 0 0
      vertex -11 0 0.599999
      vertex -10.947 1.07819 0.599999
    endloop
  endfacet
  facet normal -0.171944 -0.686347 -0.706656
    outer loop
      vertex -2.02894 -10.2002 0
      vertex -3.19313 -10.5263 0.599999
      vertex -3.01896 -9.95218 0
    endloop
  endfacet
  facet normal -0.0347318 0.706685 -0.706675
    outer loop
      vertex -1.01938 10.3499 0
      vertex -1.07819 10.947 0.599999
      vertex 0 10.4 0
    endloop
  endfacet
  facet normal -0.171944 0.686347 -0.706656
    outer loop
      vertex -3.01896 9.95218 0
      vertex -3.19313 10.5263 0.599999
      vertex -2.02894 10.2002 0
    endloop
  endfacet
  facet normal -0.103827 0.699915 -0.706639
    outer loop
      vertex -2.02894 10.2002 0
      vertex -2.14599 10.7886 0.599999
      vertex -1.07819 10.947 0.599999
    endloop
  endfacet
  facet normal 0.686347 -0.171944 -0.706656
    outer loop
      vertex 10.5263 -3.19313 0.599999
      vertex 9.95218 -3.01896 0
      vertex 10.2002 -2.02894 0
    endloop
  endfacet
  facet normal 0.363749 0.606873 0.706677
    outer loop
      vertex 5.18536 9.70113 3.4
      vertex 4.90253 9.17198 4
      vertex 5.77793 8.64728 4
    endloop
  endfacet
  facet normal -0.421475 0.568298 -0.706679
    outer loop
      vertex -6.59769 8.03931 0
      vertex -6.97833 8.50311 0.599999
      vertex -5.77793 8.64728 0
    endloop
  endfacet
  facet normal 0.421475 -0.568299 0.706679
    outer loop
      vertex 6.59769 -8.03931 4
      vertex 5.77793 -8.64728 4
      vertex 6.97833 -8.50311 3.4
    endloop
  endfacet
  facet normal 0.941565 -0.336832 0
    outer loop
      vertex 10.1627 -4.20952 3.4
      vertex 10.5263 -3.19313 3.3
      vertex 10.5263 -3.19313 3.4
    endloop
  endfacet
  facet normal 0.941565 -0.336832 0
    outer loop
      vertex 10.5263 -3.19313 3.3
      vertex 10.1627 -4.20952 3.4
      vertex 10.1627 -4.20952 3.3
    endloop
  endfacet
  facet normal 0.941565 -0.336832 0
    outer loop
      vertex 10.1627 -4.20952 0.7
      vertex 10.5263 -3.19313 0.599999
      vertex 10.5263 -3.19313 0.7
    endloop
  endfacet
  facet normal 0.941565 -0.336832 0
    outer loop
      vertex 10.5263 -3.19313 0.599999
      vertex 10.1627 -4.20952 0.7
      vertex 10.1627 -4.20952 0.599999
    endloop
  endfacet
  facet normal -0.171944 -0.686348 0.706656
    outer loop
      vertex -3.01896 -9.95218 4
      vertex -3.19313 -10.5263 3.4
      vertex -2.02894 -10.2002 4
    endloop
  endfacet
  facet normal -0.514103 -0.857728 0
    outer loop
      vertex -6.11127 -9.14616 0.599999
      vertex -5.18536 -9.70113 0.7
      vertex -6.11127 -9.14616 0.7
    endloop
  endfacet
  facet normal -0.514103 -0.857728 -0
    outer loop
      vertex -5.18536 -9.70113 0.7
      vertex -6.11127 -9.14616 0.599999
      vertex -5.18536 -9.70113 0.599999
    endloop
  endfacet
  facet normal -0.514103 -0.857728 0
    outer loop
      vertex -6.11127 -9.14616 3.3
      vertex -5.18536 -9.70113 3.4
      vertex -6.11127 -9.14616 3.4
    endloop
  endfacet
  facet normal -0.514103 -0.857728 -0
    outer loop
      vertex -5.18536 -9.70113 3.4
      vertex -6.11127 -9.14616 3.3
      vertex -5.18536 -9.70113 3.3
    endloop
  endfacet
  facet normal -0.686368 0.171929 -0.70664
    outer loop
      vertex -10.2002 2.02894 0
      vertex -10.7886 2.14599 0.599999
      vertex -10.5263 3.19313 0.599999
    endloop
  endfacet
  facet normal -0.941565 -0.336832 0
    outer loop
      vertex -10.1627 -4.20952 3.3
      vertex -10.5263 -3.19313 3.4
      vertex -10.5263 -3.19313 3.3
    endloop
  endfacet
  facet normal -0.941565 -0.336832 0
    outer loop
      vertex -10.5263 -3.19313 3.4
      vertex -10.1627 -4.20952 3.3
      vertex -10.1627 -4.20952 3.4
    endloop
  endfacet
  facet normal -0.941565 -0.336832 0
    outer loop
      vertex -10.1627 -4.20952 0.599999
      vertex -10.5263 -3.19313 0.7
      vertex -10.5263 -3.19313 0.599999
    endloop
  endfacet
  facet normal -0.941565 -0.336832 0
    outer loop
      vertex -10.5263 -3.19313 0.7
      vertex -10.1627 -4.20952 0.599999
      vertex -10.1627 -4.20952 0.7
    endloop
  endfacet
  facet normal -0.606872 -0.363746 0.706679
    outer loop
      vertex -8.64728 -5.77793 4
      vertex -9.70113 -5.18536 3.4
      vertex -9.14616 -6.11127 3.4
    endloop
  endfacet
  facet normal 0.706685 -0.0347318 -0.706675
    outer loop
      vertex 10.947 -1.07819 0.599999
      vertex 10.3499 -1.01938 0
      vertex 10.4 0 0
    endloop
  endfacet
  facet normal -0.524247 -0.475152 0.706679
    outer loop
      vertex -8.03931 -6.59769 4
      vertex -8.50311 -6.97833 3.4
      vertex -7.35391 -7.35391 4
    endloop
  endfacet
  facet normal -0.242985 -0.97003 0
    outer loop
      vertex -3.19313 -10.5263 3.3
      vertex -2.14599 -10.7886 3.4
      vertex -3.19313 -10.5263 3.4
    endloop
  endfacet
  facet normal -0.242985 -0.97003 -0
    outer loop
      vertex -2.14599 -10.7886 3.4
      vertex -3.19313 -10.5263 3.3
      vertex -2.14599 -10.7886 3.3
    endloop
  endfacet
  facet normal -0.242985 -0.97003 0
    outer loop
      vertex -3.19313 -10.5263 0.599999
      vertex -2.14599 -10.7886 0.7
      vertex -3.19313 -10.5263 0.7
    endloop
  endfacet
  facet normal -0.242985 -0.97003 -0
    outer loop
      vertex -2.14599 -10.7886 0.7
      vertex -3.19313 -10.5263 0.599999
      vertex -2.14599 -10.7886 0.599999
    endloop
  endfacet
  facet normal -0.146737 -0.989176 0
    outer loop
      vertex -2.14599 -10.7886 3.3
      vertex -1.07819 -10.947 3.4
      vertex -2.14599 -10.7886 3.4
    endloop
  endfacet
  facet normal -0.146737 -0.989176 -0
    outer loop
      vertex -1.07819 -10.947 3.4
      vertex -2.14599 -10.7886 3.3
      vertex -1.07819 -10.947 3.3
    endloop
  endfacet
  facet normal -0.146737 -0.989176 0
    outer loop
      vertex -2.14599 -10.7886 0.599999
      vertex -1.07819 -10.947 0.7
      vertex -2.14599 -10.7886 0.7
    endloop
  endfacet
  facet normal -0.146737 -0.989176 -0
    outer loop
      vertex -1.07819 -10.947 0.7
      vertex -2.14599 -10.7886 0.599999
      vertex -1.07819 -10.947 0.599999
    endloop
  endfacet
  facet normal -0.568298 0.421475 -0.706679
    outer loop
      vertex -8.03931 6.59769 0
      vertex -8.64728 5.77793 0
      vertex -8.50311 6.97833 0.599999
    endloop
  endfacet
  facet normal 0.475151 -0.524247 -0.70668
    outer loop
      vertex 6.97833 -8.50311 0.599999
      vertex 6.59769 -8.03931 0
      vertex 7.35391 -7.35391 0
    endloop
  endfacet
  facet normal -0.171929 -0.686368 -0.70664
    outer loop
      vertex -2.14599 -10.7886 0.599999
      vertex -3.19313 -10.5263 0.599999
      vertex -2.02894 -10.2002 0
    endloop
  endfacet
  facet normal -0.302512 -0.639604 -0.706678
    outer loop
      vertex -3.97991 -9.60835 0
      vertex -5.18536 -9.70113 0.599999
      vertex -4.90253 -9.17198 0
    endloop
  endfacet
  facet normal -0.0347319 0.706686 0.706674
    outer loop
      vertex 0 10.4 4
      vertex -1.07819 10.947 3.4
      vertex -1.01938 10.3499 4
    endloop
  endfacet
  facet normal -0.336832 -0.941565 0
    outer loop
      vertex -4.20952 -10.1627 3.3
      vertex -3.19313 -10.5263 3.4
      vertex -4.20952 -10.1627 3.4
    endloop
  endfacet
  facet normal -0.336832 -0.941565 -0
    outer loop
      vertex -3.19313 -10.5263 3.4
      vertex -4.20952 -10.1627 3.3
      vertex -3.19313 -10.5263 3.3
    endloop
  endfacet
  facet normal -0.336832 -0.941565 0
    outer loop
      vertex -4.20952 -10.1627 0.599999
      vertex -3.19313 -10.5263 0.7
      vertex -4.20952 -10.1627 0.7
    endloop
  endfacet
  facet normal -0.336832 -0.941565 -0
    outer loop
      vertex -3.19313 -10.5263 0.7
      vertex -4.20952 -10.1627 0.599999
      vertex -3.19313 -10.5263 0.599999
    endloop
  endfacet
  facet normal -0.302513 -0.639604 0.706677
    outer loop
      vertex -4.90253 -9.17198 4
      vertex -5.18536 -9.70113 3.4
      vertex -3.97991 -9.60835 4
    endloop
  endfacet
  facet normal 0.146737 -0.989176 0
    outer loop
      vertex 1.07819 -10.947 0.599999
      vertex 2.14599 -10.7886 0.7
      vertex 1.07819 -10.947 0.7
    endloop
  endfacet
  facet normal 0.146737 -0.989176 0
    outer loop
      vertex 2.14599 -10.7886 0.7
      vertex 1.07819 -10.947 0.599999
      vertex 2.14599 -10.7886 0.599999
    endloop
  endfacet
  facet normal 0.146737 -0.989176 0
    outer loop
      vertex 1.07819 -10.947 3.3
      vertex 2.14599 -10.7886 3.4
      vertex 1.07819 -10.947 3.4
    endloop
  endfacet
  facet normal 0.146737 -0.989176 0
    outer loop
      vertex 2.14599 -10.7886 3.4
      vertex 1.07819 -10.947 3.3
      vertex 2.14599 -10.7886 3.3
    endloop
  endfacet
  facet normal 0.475152 -0.524247 0.706679
    outer loop
      vertex 7.35391 -7.35391 4
      vertex 6.59769 -8.03931 4
      vertex 6.97833 -8.50311 3.4
    endloop
  endfacet
  facet normal 0.998794 -0.0490972 0
    outer loop
      vertex 10.947 -1.07819 0.7
      vertex 11 0 0.599999
      vertex 11 0 0.7
    endloop
  endfacet
  facet normal 0.998794 -0.0490972 0
    outer loop
      vertex 11 0 0.599999
      vertex 10.947 -1.07819 0.7
      vertex 10.947 -1.07819 0.599999
    endloop
  endfacet
  facet normal 0.998794 -0.0490972 0
    outer loop
      vertex 10.947 -1.07819 3.4
      vertex 11 0 3.3
      vertex 11 0 3.4
    endloop
  endfacet
  facet normal 0.998794 -0.0490972 0
    outer loop
      vertex 11 0 3.3
      vertex 10.947 -1.07819 3.4
      vertex 10.947 -1.07819 3.3
    endloop
  endfacet
  facet normal -0.363749 0.606873 0.706677
    outer loop
      vertex -5.18536 9.70113 3.4
      vertex -5.77793 8.64728 4
      vertex -4.90253 9.17198 4
    endloop
  endfacet
  facet normal 0.568298 0.421475 -0.70668
    outer loop
      vertex 8.64728 5.77793 0
      vertex 8.50311 6.97833 0.599999
      vertex 9.14616 6.11127 0.599999
    endloop
  endfacet
  facet normal 0.97003 0.242985 0
    outer loop
      vertex 10.7886 2.14599 3.4
      vertex 10.5263 3.19313 3.3
      vertex 10.5263 3.19313 3.4
    endloop
  endfacet
  facet normal 0.97003 0.242985 0
    outer loop
      vertex 10.5263 3.19313 3.3
      vertex 10.7886 2.14599 3.4
      vertex 10.7886 2.14599 3.3
    endloop
  endfacet
  facet normal 0.97003 0.242985 0
    outer loop
      vertex 10.7886 2.14599 0.7
      vertex 10.5263 3.19313 0.599999
      vertex 10.5263 3.19313 0.7
    endloop
  endfacet
  facet normal 0.97003 0.242985 0
    outer loop
      vertex 10.5263 3.19313 0.599999
      vertex 10.7886 2.14599 0.7
      vertex 10.7886 2.14599 0.599999
    endloop
  endfacet
  facet normal -0.639584 -0.302522 0.706692
    outer loop
      vertex -9.60835 -3.97991 4
      vertex -10.1627 -4.20952 3.4
      vertex -9.70113 -5.18536 3.4
    endloop
  endfacet
  facet normal 0.857728 -0.514103 0
    outer loop
      vertex 9.14616 -6.11127 3.4
      vertex 9.70113 -5.18536 3.3
      vertex 9.70113 -5.18536 3.4
    endloop
  endfacet
  facet normal 0.857728 -0.514103 0
    outer loop
      vertex 9.70113 -5.18536 3.3
      vertex 9.14616 -6.11127 3.4
      vertex 9.14616 -6.11127 3.3
    endloop
  endfacet
  facet normal 0.857728 -0.514103 0
    outer loop
      vertex 9.14616 -6.11127 0.7
      vertex 9.70113 -5.18536 0.599999
      vertex 9.70113 -5.18536 0.7
    endloop
  endfacet
  facet normal 0.857728 -0.514103 0
    outer loop
      vertex 9.70113 -5.18536 0.599999
      vertex 9.14616 -6.11127 0.7
      vertex 9.14616 -6.11127 0.599999
    endloop
  endfacet
  facet normal 0.699885 0.103781 -0.706676
    outer loop
      vertex 10.3499 1.01938 0
      vertex 10.2002 2.02894 0
      vertex 10.947 1.07819 0.599999
    endloop
  endfacet
  facet normal -0.238316 -0.666177 -0.706692
    outer loop
      vertex -3.19313 -10.5263 0.599999
      vertex -4.20952 -10.1627 0.599999
      vertex -3.97991 -9.60835 0
    endloop
  endfacet
  facet normal -0.706685 0.0347318 -0.706675
    outer loop
      vertex -10.4 0 0
      vertex -10.947 1.07819 0.599999
      vertex -10.3499 1.01938 0
    endloop
  endfacet
  facet normal 0.0347379 0.706679 -0.706681
    outer loop
      vertex 1.07819 10.947 0.599999
      vertex 0 10.4 0
      vertex 0 11 0.599999
    endloop
  endfacet
  facet normal 0.475154 0.524247 -0.706678
    outer loop
      vertex 7.35391 7.35391 0
      vertex 6.97833 8.50311 0.599999
      vertex 7.77817 7.77817 0.599999
    endloop
  endfacet
  facet normal 0.171929 -0.686368 -0.70664
    outer loop
      vertex 2.14599 -10.7886 0.599999
      vertex 2.02894 -10.2002 0
      vertex 3.19313 -10.5263 0.599999
    endloop
  endfacet
  facet normal 0.242985 -0.97003 0
    outer loop
      vertex 2.14599 -10.7886 0.599999
      vertex 3.19313 -10.5263 0.7
      vertex 2.14599 -10.7886 0.7
    endloop
  endfacet
  facet normal 0.242985 -0.97003 0
    outer loop
      vertex 3.19313 -10.5263 0.7
      vertex 2.14599 -10.7886 0.599999
      vertex 3.19313 -10.5263 0.599999
    endloop
  endfacet
  facet normal 0.242985 -0.97003 0
    outer loop
      vertex 2.14599 -10.7886 3.3
      vertex 3.19313 -10.5263 3.4
      vertex 2.14599 -10.7886 3.4
    endloop
  endfacet
  facet normal 0.242985 -0.97003 0
    outer loop
      vertex 3.19313 -10.5263 3.4
      vertex 2.14599 -10.7886 3.3
      vertex 3.19313 -10.5263 3.3
    endloop
  endfacet
  facet normal -0.903978 0.427579 0
    outer loop
      vertex -10.1627 4.20952 3.3
      vertex -9.70113 5.18536 3.4
      vertex -9.70113 5.18536 3.3
    endloop
  endfacet
  facet normal -0.903978 0.427579 0
    outer loop
      vertex -9.70113 5.18536 3.4
      vertex -10.1627 4.20952 3.3
      vertex -10.1627 4.20952 3.4
    endloop
  endfacet
  facet normal -0.903978 0.427579 0
    outer loop
      vertex -10.1627 4.20952 0.599999
      vertex -9.70113 5.18536 0.7
      vertex -9.70113 5.18536 0.599999
    endloop
  endfacet
  facet normal -0.903978 0.427579 0
    outer loop
      vertex -9.70113 5.18536 0.7
      vertex -10.1627 4.20952 0.599999
      vertex -10.1627 4.20952 0.7
    endloop
  endfacet
  facet normal -0.606872 0.363749 -0.706677
    outer loop
      vertex -9.17198 4.90253 0
      vertex -9.70113 5.18536 0.599999
      vertex -8.64728 5.77793 0
    endloop
  endfacet
  facet normal 0.568298 -0.421475 -0.706679
    outer loop
      vertex 8.50311 -6.97833 0.599999
      vertex 8.03931 -6.59769 0
      vertex 8.64728 -5.77793 0
    endloop
  endfacet
  facet normal 0.524247 0.475152 0.706679
    outer loop
      vertex 8.50311 6.97833 3.4
      vertex 7.35391 7.35391 4
      vertex 8.03931 6.59769 4
    endloop
  endfacet
  facet normal 0.475155 0.524247 0.706677
    outer loop
      vertex 7.77817 7.77817 3.4
      vertex 6.97833 8.50311 3.4
      vertex 7.35391 7.35391 4
    endloop
  endfacet
  facet normal -0.699915 -0.103827 -0.706639
    outer loop
      vertex -10.7886 -2.14599 0.599999
      vertex -10.947 -1.07819 0.599999
      vertex -10.2002 -2.02894 0
    endloop
  endfacet
  facet normal -0.302512 0.639604 -0.706678
    outer loop
      vertex -4.90253 9.17198 0
      vertex -5.18536 9.70113 0.599999
      vertex -3.97991 9.60835 0
    endloop
  endfacet
  facet normal -0.989176 0.146737 0
    outer loop
      vertex -10.947 1.07819 3.3
      vertex -10.7886 2.14599 3.4
      vertex -10.7886 2.14599 3.3
    endloop
  endfacet
  facet normal -0.989176 0.146737 0
    outer loop
      vertex -10.7886 2.14599 3.4
      vertex -10.947 1.07819 3.3
      vertex -10.947 1.07819 3.4
    endloop
  endfacet
  facet normal -0.989176 0.146737 0
    outer loop
      vertex -10.947 1.07819 0.599999
      vertex -10.7886 2.14599 0.7
      vertex -10.7886 2.14599 0.599999
    endloop
  endfacet
  facet normal -0.989176 0.146737 0
    outer loop
      vertex -10.7886 2.14599 0.7
      vertex -10.947 1.07819 0.599999
      vertex -10.947 1.07819 0.7
    endloop
  endfacet
  facet normal -0.363749 -0.606873 0.706677
    outer loop
      vertex -4.90253 -9.17198 4
      vertex -5.77793 -8.64728 4
      vertex -5.18536 -9.70113 3.4
    endloop
  endfacet
  facet normal -0.421475 -0.568299 0.706679
    outer loop
      vertex -5.77793 -8.64728 4
      vertex -6.97833 -8.50311 3.4
      vertex -6.11127 -9.14616 3.4
    endloop
  endfacet
  facet normal 0.171944 0.686347 -0.706656
    outer loop
      vertex 3.01896 9.95218 0
      vertex 2.02894 10.2002 0
      vertex 3.19313 10.5263 0.599999
    endloop
  endfacet
  facet normal 0.740948 0.671563 0
    outer loop
      vertex 8.50311 6.97833 0.7
      vertex 7.77817 7.77817 0.599999
      vertex 7.77817 7.77817 0.7
    endloop
  endfacet
  facet normal 0.740948 0.671563 0
    outer loop
      vertex 7.77817 7.77817 0.599999
      vertex 8.50311 6.97833 0.7
      vertex 8.50311 6.97833 0.599999
    endloop
  endfacet
  facet normal 0.740948 0.671563 0
    outer loop
      vertex 8.50311 6.97833 3.4
      vertex 7.77817 7.77817 3.3
      vertex 7.77817 7.77817 3.4
    endloop
  endfacet
  facet normal 0.740948 0.671563 0
    outer loop
      vertex 7.77817 7.77817 3.3
      vertex 8.50311 6.97833 3.4
      vertex 8.50311 6.97833 3.3
    endloop
  endfacet
  facet normal -0.699886 0.103781 0.706675
    outer loop
      vertex -10.2002 2.02894 4
      vertex -10.947 1.07819 3.4
      vertex -10.3499 1.01938 4
    endloop
  endfacet
  facet normal -0.103781 0.699885 -0.706676
    outer loop
      vertex -1.01938 10.3499 0
      vertex -2.02894 10.2002 0
      vertex -1.07819 10.947 0.599999
    endloop
  endfacet
  facet normal 0.363749 0.606872 -0.706677
    outer loop
      vertex 5.77793 8.64728 0
      vertex 4.90253 9.17198 0
      vertex 5.18536 9.70113 0.599999
    endloop
  endfacet
  facet normal 0.103781 0.699886 0.706675
    outer loop
      vertex 1.07819 10.947 3.4
      vertex 1.01938 10.3499 4
      vertex 2.02894 10.2002 4
    endloop
  endfacet
  facet normal 0.524247 0.475155 0.706677
    outer loop
      vertex 7.77817 7.77817 3.4
      vertex 7.35391 7.35391 4
      vertex 8.50311 6.97833 3.4
    endloop
  endfacet
  facet normal 0.666177 -0.238316 0.706692
    outer loop
      vertex 10.5263 -3.19313 3.4
      vertex 9.60835 -3.97991 4
      vertex 10.1627 -4.20952 3.4
    endloop
  endfacet
  facet normal 0.639584 -0.302522 0.706692
    outer loop
      vertex 10.1627 -4.20952 3.4
      vertex 9.60835 -3.97991 4
      vertex 9.70113 -5.18536 3.4
    endloop
  endfacet
  facet normal -0.0347379 0.70668 0.70668
    outer loop
      vertex 0 11 3.4
      vertex -1.07819 10.947 3.4
      vertex 0 10.4 4
    endloop
  endfacet
  facet normal -0.363746 0.606872 0.706679
    outer loop
      vertex -5.18536 9.70113 3.4
      vertex -6.11127 9.14616 3.4
      vertex -5.77793 8.64728 4
    endloop
  endfacet
  facet normal -0.70668 0.0347379 0.70668
    outer loop
      vertex -10.947 1.07819 3.4
      vertex -11 0 3.4
      vertex -10.4 0 4
    endloop
  endfacet
  facet normal -0.666177 0.238316 0.706692
    outer loop
      vertex -10.1627 4.20952 3.4
      vertex -10.5263 3.19313 3.4
      vertex -9.60835 3.97991 4
    endloop
  endfacet
  facet normal -0.421475 0.568299 0.706679
    outer loop
      vertex -5.77793 8.64728 4
      vertex -6.97833 8.50311 3.4
      vertex -6.59769 8.03931 4
    endloop
  endfacet
  facet normal 0.595696 0.80321 -0
    outer loop
      vertex 6.97833 8.50311 3.3
      vertex 6.11127 9.14616 3.4
      vertex 6.97833 8.50311 3.4
    endloop
  endfacet
  facet normal 0.595696 0.80321 0
    outer loop
      vertex 6.11127 9.14616 3.4
      vertex 6.97833 8.50311 3.3
      vertex 6.11127 9.14616 3.3
    endloop
  endfacet
  facet normal 0.595696 0.80321 -0
    outer loop
      vertex 6.97833 8.50311 0.599999
      vertex 6.11127 9.14616 0.7
      vertex 6.97833 8.50311 0.7
    endloop
  endfacet
  facet normal 0.595696 0.80321 0
    outer loop
      vertex 6.11127 9.14616 0.7
      vertex 6.97833 8.50311 0.599999
      vertex 6.11127 9.14616 0.599999
    endloop
  endfacet
  facet normal 0.666177 0.238316 0.706692
    outer loop
      vertex 10.1627 4.20952 3.4
      vertex 9.60835 3.97991 4
      vertex 10.5263 3.19313 3.4
    endloop
  endfacet
  facet normal -0.0490972 0.998794 0
    outer loop
      vertex 0 11 3.3
      vertex -1.07819 10.947 3.4
      vertex 0 11 3.4
    endloop
  endfacet
  facet normal -0.0490972 0.998794 0
    outer loop
      vertex -1.07819 10.947 3.4
      vertex 0 11 3.3
      vertex -1.07819 10.947 3.3
    endloop
  endfacet
  facet normal -0.0490972 0.998794 0
    outer loop
      vertex 0 11 0.599999
      vertex -1.07819 10.947 0.7
      vertex 0 11 0.7
    endloop
  endfacet
  facet normal -0.0490972 0.998794 0
    outer loop
      vertex -1.07819 10.947 0.7
      vertex 0 11 0.599999
      vertex -1.07819 10.947 0.599999
    endloop
  endfacet
  facet normal -0.606873 0.363749 0.706677
    outer loop
      vertex -8.64728 5.77793 4
      vertex -9.70113 5.18536 3.4
      vertex -9.17198 4.90253 4
    endloop
  endfacet
  facet normal -0.475155 -0.524247 0.706677
    outer loop
      vertex -7.35391 -7.35391 4
      vertex -7.77817 -7.77817 3.4
      vertex -6.97833 -8.50311 3.4
    endloop
  endfacet
  facet normal -0.740948 -0.671563 0
    outer loop
      vertex -7.77817 -7.77817 3.3
      vertex -8.50311 -6.97833 3.4
      vertex -8.50311 -6.97833 3.3
    endloop
  endfacet
  facet normal -0.740948 -0.671563 0
    outer loop
      vertex -8.50311 -6.97833 3.4
      vertex -7.77817 -7.77817 3.3
      vertex -7.77817 -7.77817 3.4
    endloop
  endfacet
  facet normal -0.740948 -0.671563 0
    outer loop
      vertex -7.77817 -7.77817 0.599999
      vertex -8.50311 -6.97833 0.7
      vertex -8.50311 -6.97833 0.599999
    endloop
  endfacet
  facet normal -0.740948 -0.671563 0
    outer loop
      vertex -8.50311 -6.97833 0.7
      vertex -7.77817 -7.77817 0.599999
      vertex -7.77817 -7.77817 0.7
    endloop
  endfacet
  facet normal 0.421475 0.568299 0.706679
    outer loop
      vertex 6.97833 8.50311 3.4
      vertex 5.77793 8.64728 4
      vertex 6.59769 8.03931 4
    endloop
  endfacet
  facet normal -0.686368 -0.17193 0.706639
    outer loop
      vertex -10.2002 -2.02894 4
      vertex -10.7886 -2.14599 3.4
      vertex -10.5263 -3.19313 3.4
    endloop
  endfacet
  facet normal -0.0490972 -0.998794 0
    outer loop
      vertex -1.07819 -10.947 0.599999
      vertex 0 -11 0.7
      vertex -1.07819 -10.947 0.7
    endloop
  endfacet
  facet normal -0.0490972 -0.998794 -0
    outer loop
      vertex 0 -11 0.7
      vertex -1.07819 -10.947 0.599999
      vertex 0 -11 0.599999
    endloop
  endfacet
  facet normal -0.0490972 -0.998794 0
    outer loop
      vertex -1.07819 -10.947 3.3
      vertex 0 -11 3.4
      vertex -1.07819 -10.947 3.4
    endloop
  endfacet
  facet normal -0.0490972 -0.998794 -0
    outer loop
      vertex 0 -11 3.4
      vertex -1.07819 -10.947 3.3
      vertex 0 -11 3.3
    endloop
  endfacet
  facet normal -0.686347 0.171944 -0.706656
    outer loop
      vertex -10.2002 2.02894 0
      vertex -10.5263 3.19313 0.599999
      vertex -9.95218 3.01896 0
    endloop
  endfacet
  facet normal -0.686368 -0.171929 -0.70664
    outer loop
      vertex -10.5263 -3.19313 0.599999
      vertex -10.7886 -2.14599 0.599999
      vertex -10.2002 -2.02894 0
    endloop
  endfacet
  facet normal 0.706679 -0.0347379 -0.706681
    outer loop
      vertex 10.947 -1.07819 0.599999
      vertex 10.4 0 0
      vertex 11 0 0.599999
    endloop
  endfacet
  facet normal -0.302522 -0.639584 0.706692
    outer loop
      vertex -3.97991 -9.60835 4
      vertex -5.18536 -9.70113 3.4
      vertex -4.20952 -10.1627 3.4
    endloop
  endfacet
  facet normal -0.421475 -0.568299 0.706679
    outer loop
      vertex -6.59769 -8.03931 4
      vertex -6.97833 -8.50311 3.4
      vertex -5.77793 -8.64728 4
    endloop
  endfacet
  facet normal -0.363745 -0.606872 -0.70668
    outer loop
      vertex -5.18536 -9.70113 0.599999
      vertex -6.11127 -9.14616 0.599999
      vertex -5.77793 -8.64728 0
    endloop
  endfacet
  facet normal 0.427579 -0.903978 0
    outer loop
      vertex 4.20952 -10.1627 0.599999
      vertex 5.18536 -9.70113 0.7
      vertex 4.20952 -10.1627 0.7
    endloop
  endfacet
  facet normal 0.427579 -0.903978 0
    outer loop
      vertex 5.18536 -9.70113 0.7
      vertex 4.20952 -10.1627 0.599999
      vertex 5.18536 -9.70113 0.599999
    endloop
  endfacet
  facet normal 0.427579 -0.903978 0
    outer loop
      vertex 4.20952 -10.1627 3.3
      vertex 5.18536 -9.70113 3.4
      vertex 4.20952 -10.1627 3.4
    endloop
  endfacet
  facet normal 0.427579 -0.903978 0
    outer loop
      vertex 5.18536 -9.70113 3.4
      vertex 4.20952 -10.1627 3.3
      vertex 5.18536 -9.70113 3.3
    endloop
  endfacet
  facet normal 0.171944 0.686348 0.706656
    outer loop
      vertex 3.19313 10.5263 3.4
      vertex 2.02894 10.2002 4
      vertex 3.01896 9.95218 4
    endloop
  endfacet
  facet normal 0.706686 -0.0347319 0.706674
    outer loop
      vertex 10.4 0 4
      vertex 10.3499 -1.01938 4
      vertex 10.947 -1.07819 3.4
    endloop
  endfacet
  facet normal 0.421475 0.568298 -0.706679
    outer loop
      vertex 6.59769 8.03931 0
      vertex 5.77793 8.64728 0
      vertex 6.97833 8.50311 0.599999
    endloop
  endfacet
  facet normal 0.524247 -0.475152 0.706679
    outer loop
      vertex 8.03931 -6.59769 4
      vertex 7.35391 -7.35391 4
      vertex 8.50311 -6.97833 3.4
    endloop
  endfacet
  facet normal 0.568299 -0.421475 0.706679
    outer loop
      vertex 8.64728 -5.77793 4
      vertex 8.03931 -6.59769 4
      vertex 8.50311 -6.97833 3.4
    endloop
  endfacet
  facet normal 0.524247 -0.475155 0.706677
    outer loop
      vertex 8.50311 -6.97833 3.4
      vertex 7.35391 -7.35391 4
      vertex 7.77817 -7.77817 3.4
    endloop
  endfacet
  facet normal 0.475155 -0.524247 0.706677
    outer loop
      vertex 7.35391 -7.35391 4
      vertex 6.97833 -8.50311 3.4
      vertex 7.77817 -7.77817 3.4
    endloop
  endfacet
  facet normal 0.606873 0.363749 0.706677
    outer loop
      vertex 9.70113 5.18536 3.4
      vertex 8.64728 5.77793 4
      vertex 9.17198 4.90253 4
    endloop
  endfacet
  facet normal -0.699915 -0.103827 0.706639
    outer loop
      vertex -10.2002 -2.02894 4
      vertex -10.947 -1.07819 3.4
      vertex -10.7886 -2.14599 3.4
    endloop
  endfacet
  facet normal -0.606872 0.363746 0.706679
    outer loop
      vertex -9.14616 6.11127 3.4
      vertex -9.70113 5.18536 3.4
      vertex -8.64728 5.77793 4
    endloop
  endfacet
  facet normal -0.568299 0.421475 0.706679
    outer loop
      vertex -8.50311 6.97833 3.4
      vertex -8.64728 5.77793 4
      vertex -8.03931 6.59769 4
    endloop
  endfacet
  facet normal -0.595696 0.80321 0
    outer loop
      vertex -6.11127 9.14616 0.599999
      vertex -6.97833 8.50311 0.7
      vertex -6.11127 9.14616 0.7
    endloop
  endfacet
  facet normal -0.595696 0.80321 0
    outer loop
      vertex -6.97833 8.50311 0.7
      vertex -6.11127 9.14616 0.599999
      vertex -6.97833 8.50311 0.599999
    endloop
  endfacet
  facet normal -0.595696 0.80321 0
    outer loop
      vertex -6.11127 9.14616 3.3
      vertex -6.97833 8.50311 3.4
      vertex -6.11127 9.14616 3.4
    endloop
  endfacet
  facet normal -0.595696 0.80321 0
    outer loop
      vertex -6.97833 8.50311 3.4
      vertex -6.11127 9.14616 3.3
      vertex -6.97833 8.50311 3.3
    endloop
  endfacet
  facet normal -0.421475 -0.568298 -0.706679
    outer loop
      vertex -5.77793 -8.64728 0
      vertex -6.97833 -8.50311 0.599999
      vertex -6.59769 -8.03931 0
    endloop
  endfacet
  facet normal -0.70668 -0.0347379 0.70668
    outer loop
      vertex -10.4 0 4
      vertex -11 0 3.4
      vertex -10.947 -1.07819 3.4
    endloop
  endfacet
  facet normal -0.941565 0.336832 0
    outer loop
      vertex -10.5263 3.19313 3.3
      vertex -10.1627 4.20952 3.4
      vertex -10.1627 4.20952 3.3
    endloop
  endfacet
  facet normal -0.941565 0.336832 0
    outer loop
      vertex -10.1627 4.20952 3.4
      vertex -10.5263 3.19313 3.3
      vertex -10.5263 3.19313 3.4
    endloop
  endfacet
  facet normal -0.941565 0.336832 0
    outer loop
      vertex -10.5263 3.19313 0.599999
      vertex -10.1627 4.20952 0.7
      vertex -10.1627 4.20952 0.599999
    endloop
  endfacet
  facet normal -0.941565 0.336832 0
    outer loop
      vertex -10.1627 4.20952 0.7
      vertex -10.5263 3.19313 0.599999
      vertex -10.5263 3.19313 0.7
    endloop
  endfacet
  facet normal 0.639604 0.302513 0.706677
    outer loop
      vertex 9.70113 5.18536 3.4
      vertex 9.17198 4.90253 4
      vertex 9.60835 3.97991 4
    endloop
  endfacet
  facet normal -0.17193 0.686368 0.706639
    outer loop
      vertex -2.14599 10.7886 3.4
      vertex -3.19313 10.5263 3.4
      vertex -2.02894 10.2002 4
    endloop
  endfacet
  facet normal -0.639583 0.302521 -0.706693
    outer loop
      vertex -9.60835 3.97991 0
      vertex -10.1627 4.20952 0.599999
      vertex -9.70113 5.18536 0.599999
    endloop
  endfacet
  facet normal 0.363745 0.606872 -0.70668
    outer loop
      vertex 5.77793 8.64728 0
      vertex 5.18536 9.70113 0.599999
      vertex 6.11127 9.14616 0.599999
    endloop
  endfacet
  facet normal -0.97003 -0.242985 0
    outer loop
      vertex -10.5263 -3.19313 3.3
      vertex -10.7886 -2.14599 3.4
      vertex -10.7886 -2.14599 3.3
    endloop
  endfacet
  facet normal -0.97003 -0.242985 0
    outer loop
      vertex -10.7886 -2.14599 3.4
      vertex -10.5263 -3.19313 3.3
      vertex -10.5263 -3.19313 3.4
    endloop
  endfacet
  facet normal -0.97003 -0.242985 0
    outer loop
      vertex -10.5263 -3.19313 0.599999
      vertex -10.7886 -2.14599 0.7
      vertex -10.7886 -2.14599 0.599999
    endloop
  endfacet
  facet normal -0.97003 -0.242985 0
    outer loop
      vertex -10.7886 -2.14599 0.7
      vertex -10.5263 -3.19313 0.599999
      vertex -10.5263 -3.19313 0.7
    endloop
  endfacet
  facet normal -0.998794 -0.0490972 0
    outer loop
      vertex -10.947 -1.07819 0.599999
      vertex -11 0 0.7
      vertex -11 0 0.599999
    endloop
  endfacet
  facet normal -0.998794 -0.0490972 0
    outer loop
      vertex -11 0 0.7
      vertex -10.947 -1.07819 0.599999
      vertex -10.947 -1.07819 0.7
    endloop
  endfacet
  facet normal -0.998794 -0.0490972 0
    outer loop
      vertex -10.947 -1.07819 3.3
      vertex -11 0 3.4
      vertex -11 0 3.3
    endloop
  endfacet
  facet normal -0.998794 -0.0490972 0
    outer loop
      vertex -11 0 3.4
      vertex -10.947 -1.07819 3.3
      vertex -10.947 -1.07819 3.4
    endloop
  endfacet
  facet normal -0.706686 0.0347319 0.706674
    outer loop
      vertex -10.3499 1.01938 4
      vertex -10.947 1.07819 3.4
      vertex -10.4 0 4
    endloop
  endfacet
  facet normal 0.0347379 0.70668 0.70668
    outer loop
      vertex 0 11 3.4
      vertex 0 10.4 4
      vertex 1.07819 10.947 3.4
    endloop
  endfacet
  facet normal -0.666197 0.238367 -0.706656
    outer loop
      vertex -9.95218 3.01896 0
      vertex -10.5263 3.19313 0.599999
      vertex -9.60835 3.97991 0
    endloop
  endfacet
  facet normal 0.699886 -0.103781 0.706675
    outer loop
      vertex 10.3499 -1.01938 4
      vertex 10.2002 -2.02894 4
      vertex 10.947 -1.07819 3.4
    endloop
  endfacet
  facet normal 0.606872 0.363749 -0.706677
    outer loop
      vertex 9.17198 4.90253 0
      vertex 8.64728 5.77793 0
      vertex 9.70113 5.18536 0.599999
    endloop
  endfacet
  facet normal -0.639604 -0.302512 -0.706678
    outer loop
      vertex -9.17198 -4.90253 0
      vertex -9.70113 -5.18536 0.599999
      vertex -9.60835 -3.97991 0
    endloop
  endfacet
  facet normal -0.568298 -0.421475 -0.70668
    outer loop
      vertex -8.50311 -6.97833 0.599999
      vertex -9.14616 -6.11127 0.599999
      vertex -8.64728 -5.77793 0
    endloop
  endfacet
  facet normal 0.336832 0.941565 -0
    outer loop
      vertex 4.20952 10.1627 3.3
      vertex 3.19313 10.5263 3.4
      vertex 4.20952 10.1627 3.4
    endloop
  endfacet
  facet normal 0.336832 0.941565 0
    outer loop
      vertex 3.19313 10.5263 3.4
      vertex 4.20952 10.1627 3.3
      vertex 3.19313 10.5263 3.3
    endloop
  endfacet
  facet normal 0.336832 0.941565 -0
    outer loop
      vertex 4.20952 10.1627 0.599999
      vertex 3.19313 10.5263 0.7
      vertex 4.20952 10.1627 0.7
    endloop
  endfacet
  facet normal 0.336832 0.941565 0
    outer loop
      vertex 3.19313 10.5263 0.7
      vertex 4.20952 10.1627 0.599999
      vertex 3.19313 10.5263 0.599999
    endloop
  endfacet
  facet normal -0.639604 0.302512 -0.706678
    outer loop
      vertex -9.60835 3.97991 0
      vertex -9.70113 5.18536 0.599999
      vertex -9.17198 4.90253 0
    endloop
  endfacet
  facet normal -0.666177 0.238316 -0.706692
    outer loop
      vertex -9.60835 3.97991 0
      vertex -10.5263 3.19313 0.599999
      vertex -10.1627 4.20952 0.599999
    endloop
  endfacet
  facet normal -0.857728 -0.514103 0
    outer loop
      vertex -9.14616 -6.11127 3.3
      vertex -9.70113 -5.18536 3.4
      vertex -9.70113 -5.18536 3.3
    endloop
  endfacet
  facet normal -0.857728 -0.514103 0
    outer loop
      vertex -9.70113 -5.18536 3.4
      vertex -9.14616 -6.11127 3.3
      vertex -9.14616 -6.11127 3.4
    endloop
  endfacet
  facet normal -0.857728 -0.514103 0
    outer loop
      vertex -9.14616 -6.11127 0.599999
      vertex -9.70113 -5.18536 0.7
      vertex -9.70113 -5.18536 0.599999
    endloop
  endfacet
  facet normal -0.857728 -0.514103 0
    outer loop
      vertex -9.70113 -5.18536 0.7
      vertex -9.14616 -6.11127 0.599999
      vertex -9.14616 -6.11127 0.7
    endloop
  endfacet
  facet normal 0.421475 0.568298 -0.70668
    outer loop
      vertex 6.97833 8.50311 0.599999
      vertex 5.77793 8.64728 0
      vertex 6.11127 9.14616 0.599999
    endloop
  endfacet
  facet normal 0.699885 -0.103781 -0.706676
    outer loop
      vertex 10.947 -1.07819 0.599999
      vertex 10.2002 -2.02894 0
      vertex 10.3499 -1.01938 0
    endloop
  endfacet
  facet normal -0.639604 0.302513 0.706677
    outer loop
      vertex -9.17198 4.90253 4
      vertex -9.70113 5.18536 3.4
      vertex -9.60835 3.97991 4
    endloop
  endfacet
  facet normal 0.941565 0.336832 0
    outer loop
      vertex 10.5263 3.19313 3.4
      vertex 10.1627 4.20952 3.3
      vertex 10.1627 4.20952 3.4
    endloop
  endfacet
  facet normal 0.941565 0.336832 0
    outer loop
      vertex 10.1627 4.20952 3.3
      vertex 10.5263 3.19313 3.4
      vertex 10.5263 3.19313 3.3
    endloop
  endfacet
  facet normal 0.941565 0.336832 0
    outer loop
      vertex 10.5263 3.19313 0.7
      vertex 10.1627 4.20952 0.599999
      vertex 10.1627 4.20952 0.7
    endloop
  endfacet
  facet normal 0.941565 0.336832 0
    outer loop
      vertex 10.1627 4.20952 0.599999
      vertex 10.5263 3.19313 0.7
      vertex 10.5263 3.19313 0.599999
    endloop
  endfacet
  facet normal -0.686348 0.171944 0.706656
    outer loop
      vertex -9.95218 3.01896 4
      vertex -10.5263 3.19313 3.4
      vertex -10.2002 2.02894 4
    endloop
  endfacet
  facet normal -0.686368 0.17193 0.706639
    outer loop
      vertex -10.5263 3.19313 3.4
      vertex -10.7886 2.14599 3.4
      vertex -10.2002 2.02894 4
    endloop
  endfacet
  facet normal -0.606872 -0.363745 -0.70668
    outer loop
      vertex -9.14616 -6.11127 0.599999
      vertex -9.70113 -5.18536 0.599999
      vertex -8.64728 -5.77793 0
    endloop
  endfacet
  facet normal 0.903978 0.427579 0
    outer loop
      vertex 10.1627 4.20952 3.4
      vertex 9.70113 5.18536 3.3
      vertex 9.70113 5.18536 3.4
    endloop
  endfacet
  facet normal 0.903978 0.427579 0
    outer loop
      vertex 9.70113 5.18536 3.3
      vertex 10.1627 4.20952 3.4
      vertex 10.1627 4.20952 3.3
    endloop
  endfacet
  facet normal 0.903978 0.427579 0
    outer loop
      vertex 10.1627 4.20952 0.7
      vertex 9.70113 5.18536 0.599999
      vertex 9.70113 5.18536 0.7
    endloop
  endfacet
  facet normal 0.903978 0.427579 0
    outer loop
      vertex 9.70113 5.18536 0.599999
      vertex 10.1627 4.20952 0.7
      vertex 10.1627 4.20952 0.599999
    endloop
  endfacet
  facet normal 0.80321 0.595696 0
    outer loop
      vertex 9.14616 6.11127 0.7
      vertex 8.50311 6.97833 0.599999
      vertex 8.50311 6.97833 0.7
    endloop
  endfacet
  facet normal 0.80321 0.595696 0
    outer loop
      vertex 8.50311 6.97833 0.599999
      vertex 9.14616 6.11127 0.7
      vertex 9.14616 6.11127 0.599999
    endloop
  endfacet
  facet normal 0.80321 0.595696 0
    outer loop
      vertex 9.14616 6.11127 3.4
      vertex 8.50311 6.97833 3.3
      vertex 8.50311 6.97833 3.4
    endloop
  endfacet
  facet normal 0.80321 0.595696 0
    outer loop
      vertex 8.50311 6.97833 3.3
      vertex 9.14616 6.11127 3.4
      vertex 9.14616 6.11127 3.3
    endloop
  endfacet
  facet normal 0.671563 0.740948 -0
    outer loop
      vertex 7.77817 7.77817 3.3
      vertex 6.97833 8.50311 3.4
      vertex 7.77817 7.77817 3.4
    endloop
  endfacet
  facet normal 0.671563 0.740948 0
    outer loop
      vertex 6.97833 8.50311 3.4
      vertex 7.77817 7.77817 3.3
      vertex 6.97833 8.50311 3.3
    endloop
  endfacet
  facet normal 0.671563 0.740948 -0
    outer loop
      vertex 7.77817 7.77817 0.599999
      vertex 6.97833 8.50311 0.7
      vertex 7.77817 7.77817 0.7
    endloop
  endfacet
  facet normal 0.671563 0.740948 0
    outer loop
      vertex 6.97833 8.50311 0.7
      vertex 7.77817 7.77817 0.599999
      vertex 6.97833 8.50311 0.599999
    endloop
  endfacet
  facet normal 0.238316 0.666177 0.706692
    outer loop
      vertex 4.20952 10.1627 3.4
      vertex 3.19313 10.5263 3.4
      vertex 3.97991 9.60835 4
    endloop
  endfacet
  facet normal 0.363746 0.606872 0.706679
    outer loop
      vertex 6.11127 9.14616 3.4
      vertex 5.18536 9.70113 3.4
      vertex 5.77793 8.64728 4
    endloop
  endfacet
  facet normal 0.421475 0.568299 0.706679
    outer loop
      vertex 6.11127 9.14616 3.4
      vertex 5.77793 8.64728 4
      vertex 6.97833 8.50311 3.4
    endloop
  endfacet
  facet normal 0.238316 0.666177 -0.706692
    outer loop
      vertex 3.97991 9.60835 0
      vertex 3.19313 10.5263 0.599999
      vertex 4.20952 10.1627 0.599999
    endloop
  endfacet
  facet normal 0.302521 0.639583 -0.706693
    outer loop
      vertex 5.18536 9.70113 0.599999
      vertex 3.97991 9.60835 0
      vertex 4.20952 10.1627 0.599999
    endloop
  endfacet
  facet normal 0 0 1
    outer loop
      vertex 4.5 0 4
      vertex 10.4 0 4
      vertex 10.3499 1.01938 4
    endloop
  endfacet
  facet normal 0 0 1
    outer loop
      vertex 4.47833 0.441076 4
      vertex 10.3499 1.01938 4
      vertex 10.2002 2.02894 4
    endloop
  endfacet
  facet normal 0 0 1
    outer loop
      vertex 10.4 0 4
      vertex 4.5 0 4
      vertex 10.3499 -1.01938 4
    endloop
  endfacet
  facet normal 0 0 1
    outer loop
      vertex 4.41353 0.877906 4
      vertex 10.2002 2.02894 4
      vertex 9.95218 3.01896 4
    endloop
  endfacet
  facet normal -0 0 1
    outer loop
      vertex 4.47833 -0.441076 4
      vertex 10.3499 -1.01938 4
      vertex 4.5 0 4
    endloop
  endfacet
  facet normal 0 0 1
    outer loop
      vertex 4.30623 1.30628 4
      vertex 9.95218 3.01896 4
      vertex 9.60835 3.97991 4
    endloop
  endfacet
  facet normal 0 0 1
    outer loop
      vertex 10.3499 -1.01938 4
      vertex 4.47833 -0.441076 4
      vertex 10.2002 -2.02894 4
    endloop
  endfacet
  facet normal 0 0 1
    outer loop
      vertex 4.15746 1.72207 4
      vertex 9.60835 3.97991 4
      vertex 9.17198 4.90253 4
    endloop
  endfacet
  facet normal -0 0 1
    outer loop
      vertex 4.41353 -0.877906 4
      vertex 10.2002 -2.02894 4
      vertex 4.47833 -0.441076 4
    endloop
  endfacet
  facet normal 0 0 1
    outer loop
      vertex 3.96865 2.12128 4
      vertex 9.17198 4.90253 4
      vertex 8.64728 5.77793 4
    endloop
  endfacet
  facet normal 0 0 1
    outer loop
      vertex 10.2002 -2.02894 4
      vertex 4.41353 -0.877906 4
      vertex 9.95218 -3.01896 4
    endloop
  endfacet
  facet normal 0 0 1
    outer loop
      vertex 3.74161 2.50007 4
      vertex 8.64728 5.77793 4
      vertex 8.03931 6.59769 4
    endloop
  endfacet
  facet normal -0 0 1
    outer loop
      vertex 4.30623 -1.30628 4
      vertex 9.95218 -3.01896 4
      vertex 4.41353 -0.877906 4
    endloop
  endfacet
  facet normal 0 0 1
    outer loop
      vertex 3.47855 2.85477 4
      vertex 8.03931 6.59769 4
      vertex 7.35391 7.35391 4
    endloop
  endfacet
  facet normal 0 0 1
    outer loop
      vertex 9.95218 -3.01896 4
      vertex 4.30623 -1.30628 4
      vertex 9.60835 -3.97991 4
    endloop
  endfacet
  facet normal 0 0 1
    outer loop
      vertex 3.18198 3.18198 4
      vertex 7.35391 7.35391 4
      vertex 6.59769 8.03931 4
    endloop
  endfacet
  facet normal -0 0 1
    outer loop
      vertex 4.15746 -1.72207 4
      vertex 9.60835 -3.97991 4
      vertex 4.30623 -1.30628 4
    endloop
  endfacet
  facet normal 0 0 1
    outer loop
      vertex 2.85477 3.47855 4
      vertex 6.59769 8.03931 4
      vertex 5.77793 8.64728 4
    endloop
  endfacet
  facet normal 0 0 1
    outer loop
      vertex 9.60835 -3.97991 4
      vertex 4.15746 -1.72207 4
      vertex 9.17198 -4.90253 4
    endloop
  endfacet
  facet normal 0 0 1
    outer loop
      vertex 2.50007 3.74161 4
      vertex 5.77793 8.64728 4
      vertex 4.90253 9.17198 4
    endloop
  endfacet
  facet normal -0 0 1
    outer loop
      vertex 3.96865 -2.12128 4
      vertex 9.17198 -4.90253 4
      vertex 4.15746 -1.72207 4
    endloop
  endfacet
  facet normal 0 0 1
    outer loop
      vertex 9.17198 -4.90253 4
      vertex 3.96865 -2.12128 4
      vertex 8.64728 -5.77793 4
    endloop
  endfacet
  facet normal 0 0 1
    outer loop
      vertex 10.3499 1.01938 4
      vertex 4.47833 0.441076 4
      vertex 4.5 0 4
    endloop
  endfacet
  facet normal 0 0 1
    outer loop
      vertex 10.2002 2.02894 4
      vertex 4.41353 0.877906 4
      vertex 4.47833 0.441076 4
    endloop
  endfacet
  facet normal 0 0 1
    outer loop
      vertex 9.95218 3.01896 4
      vertex 4.30623 1.30628 4
      vertex 4.41353 0.877906 4
    endloop
  endfacet
  facet normal 0 0 1
    outer loop
      vertex 9.60835 3.97991 4
      vertex 4.15746 1.72207 4
      vertex 4.30623 1.30628 4
    endloop
  endfacet
  facet normal 0 0 1
    outer loop
      vertex 2.12128 3.96865 4
      vertex 4.90253 9.17198 4
      vertex 3.97991 9.60835 4
    endloop
  endfacet
  facet normal 0 0 1
    outer loop
      vertex 9.17198 4.90253 4
      vertex 3.96865 2.12128 4
      vertex 4.15746 1.72207 4
    endloop
  endfacet
  facet normal 0 0 1
    outer loop
      vertex 8.64728 5.77793 4
      vertex 3.74161 2.50007 4
      vertex 3.96865 2.12128 4
    endloop
  endfacet
  facet normal 0 0 1
    outer loop
      vertex 8.03931 6.59769 4
      vertex 3.47855 2.85477 4
      vertex 3.74161 2.50007 4
    endloop
  endfacet
  facet normal 0 0 1
    outer loop
      vertex 7.35391 7.35391 4
      vertex 3.18198 3.18198 4
      vertex 3.47855 2.85477 4
    endloop
  endfacet
  facet normal 0 0 1
    outer loop
      vertex 1.72207 4.15746 4
      vertex 3.97991 9.60835 4
      vertex 3.01896 9.95218 4
    endloop
  endfacet
  facet normal 0 0 1
    outer loop
      vertex 6.59769 8.03931 4
      vertex 2.85477 3.47855 4
      vertex 3.18198 3.18198 4
    endloop
  endfacet
  facet normal 0 0 1
    outer loop
      vertex 5.77793 8.64728 4
      vertex 2.50007 3.74161 4
      vertex 2.85477 3.47855 4
    endloop
  endfacet
  facet normal 0 0 1
    outer loop
      vertex 4.90253 9.17198 4
      vertex 2.12128 3.96865 4
      vertex 2.50007 3.74161 4
    endloop
  endfacet
  facet normal 0 0 1
    outer loop
      vertex 1.30628 4.30623 4
      vertex 3.01896 9.95218 4
      vertex 2.02894 10.2002 4
    endloop
  endfacet
  facet normal 0 0 1
    outer loop
      vertex 3.97991 9.60835 4
      vertex 1.72207 4.15746 4
      vertex 2.12128 3.96865 4
    endloop
  endfacet
  facet normal 0 0 1
    outer loop
      vertex 3.01896 9.95218 4
      vertex 1.30628 4.30623 4
      vertex 1.72207 4.15746 4
    endloop
  endfacet
  facet normal 0 0 1
    outer loop
      vertex 0.877906 4.41353 4
      vertex 2.02894 10.2002 4
      vertex 1.01938 10.3499 4
    endloop
  endfacet
  facet normal 0 0 1
    outer loop
      vertex 2.02894 10.2002 4
      vertex 0.877906 4.41353 4
      vertex 1.30628 4.30623 4
    endloop
  endfacet
  facet normal 0 0 1
    outer loop
      vertex 1.01938 10.3499 4
      vertex 0.441076 4.47833 4
      vertex 0.877906 4.41353 4
    endloop
  endfacet
  facet normal 0 0 1
    outer loop
      vertex 0 10.4 4
      vertex 0.441076 4.47833 4
      vertex 1.01938 10.3499 4
    endloop
  endfacet
  facet normal 0 0 1
    outer loop
      vertex 0 10.4 4
      vertex 0 4.5 4
      vertex 0.441076 4.47833 4
    endloop
  endfacet
  facet normal 0 0 1
    outer loop
      vertex 0 10.4 4
      vertex -0.441076 4.47833 4
      vertex 0 4.5 4
    endloop
  endfacet
  facet normal -0 0 1
    outer loop
      vertex -1.01938 10.3499 4
      vertex -0.441076 4.47833 4
      vertex 0 10.4 4
    endloop
  endfacet
  facet normal 0 0 1
    outer loop
      vertex -0.441076 4.47833 4
      vertex -1.01938 10.3499 4
      vertex -0.877906 4.41353 4
    endloop
  endfacet
  facet normal -0 0 1
    outer loop
      vertex -2.02894 10.2002 4
      vertex -0.877906 4.41353 4
      vertex -1.01938 10.3499 4
    endloop
  endfacet
  facet normal 0 0 1
    outer loop
      vertex -0.877906 4.41353 4
      vertex -2.02894 10.2002 4
      vertex -1.30628 4.30623 4
    endloop
  endfacet
  facet normal -0 0 1
    outer loop
      vertex -3.01896 9.95218 4
      vertex -1.30628 4.30623 4
      vertex -2.02894 10.2002 4
    endloop
  endfacet
  facet normal 0 0 1
    outer loop
      vertex -1.30628 4.30623 4
      vertex -3.01896 9.95218 4
      vertex -1.72207 4.15746 4
    endloop
  endfacet
  facet normal -0 0 1
    outer loop
      vertex -3.97991 9.60835 4
      vertex -1.72207 4.15746 4
      vertex -3.01896 9.95218 4
    endloop
  endfacet
  facet normal 0 0 1
    outer loop
      vertex -1.72207 4.15746 4
      vertex -3.97991 9.60835 4
      vertex -2.12128 3.96865 4
    endloop
  endfacet
  facet normal -0 0 1
    outer loop
      vertex -4.90253 9.17198 4
      vertex -2.12128 3.96865 4
      vertex -3.97991 9.60835 4
    endloop
  endfacet
  facet normal 0 0 1
    outer loop
      vertex -2.12128 3.96865 4
      vertex -4.90253 9.17198 4
      vertex -2.50007 3.74161 4
    endloop
  endfacet
  facet normal -0 0 1
    outer loop
      vertex -5.77793 8.64728 4
      vertex -2.50007 3.74161 4
      vertex -4.90253 9.17198 4
    endloop
  endfacet
  facet normal 0 0 1
    outer loop
      vertex -2.50007 3.74161 4
      vertex -5.77793 8.64728 4
      vertex -2.85477 3.47855 4
    endloop
  endfacet
  facet normal -0 0 1
    outer loop
      vertex -6.59769 8.03931 4
      vertex -2.85477 3.47855 4
      vertex -5.77793 8.64728 4
    endloop
  endfacet
  facet normal 0 0 1
    outer loop
      vertex -2.85477 3.47855 4
      vertex -6.59769 8.03931 4
      vertex -3.18198 3.18198 4
    endloop
  endfacet
  facet normal -0 0 1
    outer loop
      vertex -7.35391 7.35391 4
      vertex -3.18198 3.18198 4
      vertex -6.59769 8.03931 4
    endloop
  endfacet
  facet normal 0 0 1
    outer loop
      vertex -3.18198 3.18198 4
      vertex -7.35391 7.35391 4
      vertex -3.47855 2.85477 4
    endloop
  endfacet
  facet normal -0 0 1
    outer loop
      vertex -8.03931 6.59769 4
      vertex -3.47855 2.85477 4
      vertex -7.35391 7.35391 4
    endloop
  endfacet
  facet normal 0 0 1
    outer loop
      vertex -3.47855 2.85477 4
      vertex -8.03931 6.59769 4
      vertex -3.74161 2.50007 4
    endloop
  endfacet
  facet normal 0 0 1
    outer loop
      vertex -3.74161 2.50007 4
      vertex -8.64728 5.77793 4
      vertex -3.96865 2.12128 4
    endloop
  endfacet
  facet normal -0 0 1
    outer loop
      vertex -8.64728 5.77793 4
      vertex -3.74161 2.50007 4
      vertex -8.03931 6.59769 4
    endloop
  endfacet
  facet normal -0 0 1
    outer loop
      vertex 3.74161 -2.50007 4
      vertex 8.64728 -5.77793 4
      vertex 3.96865 -2.12128 4
    endloop
  endfacet
  facet normal 0 0 1
    outer loop
      vertex 8.64728 -5.77793 4
      vertex 3.74161 -2.50007 4
      vertex 8.03931 -6.59769 4
    endloop
  endfacet
  facet normal -0 0 1
    outer loop
      vertex 3.47855 -2.85477 4
      vertex 8.03931 -6.59769 4
      vertex 3.74161 -2.50007 4
    endloop
  endfacet
  facet normal 0 0 1
    outer loop
      vertex 8.03931 -6.59769 4
      vertex 3.47855 -2.85477 4
      vertex 7.35391 -7.35391 4
    endloop
  endfacet
  facet normal -0 0 1
    outer loop
      vertex 3.18198 -3.18198 4
      vertex 7.35391 -7.35391 4
      vertex 3.47855 -2.85477 4
    endloop
  endfacet
  facet normal 0 0 1
    outer loop
      vertex 7.35391 -7.35391 4
      vertex 3.18198 -3.18198 4
      vertex 6.59769 -8.03931 4
    endloop
  endfacet
  facet normal -0 0 1
    outer loop
      vertex 2.85477 -3.47855 4
      vertex 6.59769 -8.03931 4
      vertex 3.18198 -3.18198 4
    endloop
  endfacet
  facet normal 0 0 1
    outer loop
      vertex 6.59769 -8.03931 4
      vertex 2.85477 -3.47855 4
      vertex 5.77793 -8.64728 4
    endloop
  endfacet
  facet normal -0 0 1
    outer loop
      vertex 2.50007 -3.74161 4
      vertex 5.77793 -8.64728 4
      vertex 2.85477 -3.47855 4
    endloop
  endfacet
  facet normal 0 0 1
    outer loop
      vertex 5.77793 -8.64728 4
      vertex 2.50007 -3.74161 4
      vertex 4.90253 -9.17198 4
    endloop
  endfacet
  facet normal -0 0 1
    outer loop
      vertex 2.12128 -3.96865 4
      vertex 4.90253 -9.17198 4
      vertex 2.50007 -3.74161 4
    endloop
  endfacet
  facet normal 0 0 1
    outer loop
      vertex 4.90253 -9.17198 4
      vertex 2.12128 -3.96865 4
      vertex 3.97991 -9.60835 4
    endloop
  endfacet
  facet normal -0 0 1
    outer loop
      vertex 1.72207 -4.15746 4
      vertex 3.97991 -9.60835 4
      vertex 2.12128 -3.96865 4
    endloop
  endfacet
  facet normal 0 0 1
    outer loop
      vertex 3.97991 -9.60835 4
      vertex 1.72207 -4.15746 4
      vertex 3.01896 -9.95218 4
    endloop
  endfacet
  facet normal -0 0 1
    outer loop
      vertex 1.30628 -4.30623 4
      vertex 3.01896 -9.95218 4
      vertex 1.72207 -4.15746 4
    endloop
  endfacet
  facet normal 0 0 1
    outer loop
      vertex 3.01896 -9.95218 4
      vertex 1.30628 -4.30623 4
      vertex 2.02894 -10.2002 4
    endloop
  endfacet
  facet normal -0 0 1
    outer loop
      vertex 0.877906 -4.41353 4
      vertex 2.02894 -10.2002 4
      vertex 1.30628 -4.30623 4
    endloop
  endfacet
  facet normal 0 0 1
    outer loop
      vertex 2.02894 -10.2002 4
      vertex 0.877906 -4.41353 4
      vertex 1.01938 -10.3499 4
    endloop
  endfacet
  facet normal -0 0 1
    outer loop
      vertex 0.441076 -4.47833 4
      vertex 1.01938 -10.3499 4
      vertex 0.877906 -4.41353 4
    endloop
  endfacet
  facet normal -0 0 1
    outer loop
      vertex 0 -4.5 4
      vertex 1.01938 -10.3499 4
      vertex 0.441076 -4.47833 4
    endloop
  endfacet
  facet normal 0 0 1
    outer loop
      vertex 0 -4.5 4
      vertex 0 -10.4 4
      vertex 1.01938 -10.3499 4
    endloop
  endfacet
  facet normal 0 0 1
    outer loop
      vertex -0.441076 -4.47833 4
      vertex 0 -10.4 4
      vertex 0 -4.5 4
    endloop
  endfacet
  facet normal 0 0 1
    outer loop
      vertex -1.01938 -10.3499 4
      vertex -0.441076 -4.47833 4
      vertex -0.877906 -4.41353 4
    endloop
  endfacet
  facet normal 0 0 1
    outer loop
      vertex -0.441076 -4.47833 4
      vertex -1.01938 -10.3499 4
      vertex 0 -10.4 4
    endloop
  endfacet
  facet normal 0 0 1
    outer loop
      vertex -2.02894 -10.2002 4
      vertex -0.877906 -4.41353 4
      vertex -1.30628 -4.30623 4
    endloop
  endfacet
  facet normal 0 0 1
    outer loop
      vertex -3.01896 -9.95218 4
      vertex -1.30628 -4.30623 4
      vertex -1.72207 -4.15746 4
    endloop
  endfacet
  facet normal 0 0 1
    outer loop
      vertex -0.877906 -4.41353 4
      vertex -2.02894 -10.2002 4
      vertex -1.01938 -10.3499 4
    endloop
  endfacet
  facet normal 0 0 1
    outer loop
      vertex -3.97991 -9.60835 4
      vertex -1.72207 -4.15746 4
      vertex -2.12128 -3.96865 4
    endloop
  endfacet
  facet normal 0 0 1
    outer loop
      vertex -4.90253 -9.17198 4
      vertex -2.12128 -3.96865 4
      vertex -2.50007 -3.74161 4
    endloop
  endfacet
  facet normal 0 0 1
    outer loop
      vertex -5.77793 -8.64728 4
      vertex -2.50007 -3.74161 4
      vertex -2.85477 -3.47855 4
    endloop
  endfacet
  facet normal 0 0 1
    outer loop
      vertex -1.30628 -4.30623 4
      vertex -3.01896 -9.95218 4
      vertex -2.02894 -10.2002 4
    endloop
  endfacet
  facet normal 0 0 1
    outer loop
      vertex -6.59769 -8.03931 4
      vertex -2.85477 -3.47855 4
      vertex -3.18198 -3.18198 4
    endloop
  endfacet
  facet normal 0 0 1
    outer loop
      vertex -7.35391 -7.35391 4
      vertex -3.18198 -3.18198 4
      vertex -3.47855 -2.85477 4
    endloop
  endfacet
  facet normal 0 0 1
    outer loop
      vertex -8.03931 -6.59769 4
      vertex -3.47855 -2.85477 4
      vertex -3.74161 -2.50007 4
    endloop
  endfacet
  facet normal 0 0 1
    outer loop
      vertex -8.64728 -5.77793 4
      vertex -3.74161 -2.50007 4
      vertex -3.96865 -2.12128 4
    endloop
  endfacet
  facet normal 0 0 1
    outer loop
      vertex -1.72207 -4.15746 4
      vertex -3.97991 -9.60835 4
      vertex -3.01896 -9.95218 4
    endloop
  endfacet
  facet normal 0 0 1
    outer loop
      vertex -9.17198 -4.90253 4
      vertex -3.96865 -2.12128 4
      vertex -4.15746 -1.72207 4
    endloop
  endfacet
  facet normal 0 0 1
    outer loop
      vertex -9.60835 -3.97991 4
      vertex -4.15746 -1.72207 4
      vertex -4.30623 -1.30628 4
    endloop
  endfacet
  facet normal 0 0 1
    outer loop
      vertex -9.95218 -3.01896 4
      vertex -4.30623 -1.30628 4
      vertex -4.41353 -0.877906 4
    endloop
  endfacet
  facet normal 0 0 1
    outer loop
      vertex -10.2002 -2.02894 4
      vertex -4.41353 -0.877906 4
      vertex -4.47833 -0.441076 4
    endloop
  endfacet
  facet normal 0 0 1
    outer loop
      vertex -2.12128 -3.96865 4
      vertex -4.90253 -9.17198 4
      vertex -3.97991 -9.60835 4
    endloop
  endfacet
  facet normal 0 0 1
    outer loop
      vertex -10.3499 -1.01938 4
      vertex -4.47833 -0.441076 4
      vertex -4.5 0 4
    endloop
  endfacet
  facet normal -0 0 1
    outer loop
      vertex -9.17198 4.90253 4
      vertex -3.96865 2.12128 4
      vertex -8.64728 5.77793 4
    endloop
  endfacet
  facet normal 0 0 1
    outer loop
      vertex -3.96865 2.12128 4
      vertex -9.17198 4.90253 4
      vertex -4.15746 1.72207 4
    endloop
  endfacet
  facet normal 0 0 1
    outer loop
      vertex -2.50007 -3.74161 4
      vertex -5.77793 -8.64728 4
      vertex -4.90253 -9.17198 4
    endloop
  endfacet
  facet normal -0 0 1
    outer loop
      vertex -9.60835 3.97991 4
      vertex -4.15746 1.72207 4
      vertex -9.17198 4.90253 4
    endloop
  endfacet
  facet normal 0 0 1
    outer loop
      vertex -2.85477 -3.47855 4
      vertex -6.59769 -8.03931 4
      vertex -5.77793 -8.64728 4
    endloop
  endfacet
  facet normal 0 0 1
    outer loop
      vertex -4.15746 1.72207 4
      vertex -9.60835 3.97991 4
      vertex -4.30623 1.30628 4
    endloop
  endfacet
  facet normal 0 0 1
    outer loop
      vertex -3.18198 -3.18198 4
      vertex -7.35391 -7.35391 4
      vertex -6.59769 -8.03931 4
    endloop
  endfacet
  facet normal -0 0 1
    outer loop
      vertex -9.95218 3.01896 4
      vertex -4.30623 1.30628 4
      vertex -9.60835 3.97991 4
    endloop
  endfacet
  facet normal 0 0 1
    outer loop
      vertex -3.47855 -2.85477 4
      vertex -8.03931 -6.59769 4
      vertex -7.35391 -7.35391 4
    endloop
  endfacet
  facet normal 0 0 1
    outer loop
      vertex -4.30623 1.30628 4
      vertex -9.95218 3.01896 4
      vertex -4.41353 0.877906 4
    endloop
  endfacet
  facet normal 0 0 1
    outer loop
      vertex -3.74161 -2.50007 4
      vertex -8.64728 -5.77793 4
      vertex -8.03931 -6.59769 4
    endloop
  endfacet
  facet normal -0 0 1
    outer loop
      vertex -10.2002 2.02894 4
      vertex -4.41353 0.877906 4
      vertex -9.95218 3.01896 4
    endloop
  endfacet
  facet normal 0 0 1
    outer loop
      vertex -3.96865 -2.12128 4
      vertex -9.17198 -4.90253 4
      vertex -8.64728 -5.77793 4
    endloop
  endfacet
  facet normal 0 0 1
    outer loop
      vertex -4.41353 0.877906 4
      vertex -10.2002 2.02894 4
      vertex -4.47833 0.441076 4
    endloop
  endfacet
  facet normal 0 0 1
    outer loop
      vertex -4.15746 -1.72207 4
      vertex -9.60835 -3.97991 4
      vertex -9.17198 -4.90253 4
    endloop
  endfacet
  facet normal -0 0 1
    outer loop
      vertex -10.3499 1.01938 4
      vertex -4.47833 0.441076 4
      vertex -10.2002 2.02894 4
    endloop
  endfacet
  facet normal 0 0 1
    outer loop
      vertex -4.30623 -1.30628 4
      vertex -9.95218 -3.01896 4
      vertex -9.60835 -3.97991 4
    endloop
  endfacet
  facet normal 0 0 1
    outer loop
      vertex -4.47833 0.441076 4
      vertex -10.3499 1.01938 4
      vertex -4.5 0 4
    endloop
  endfacet
  facet normal 0 0 1
    outer loop
      vertex -4.41353 -0.877906 4
      vertex -10.2002 -2.02894 4
      vertex -9.95218 -3.01896 4
    endloop
  endfacet
  facet normal 0 0 1
    outer loop
      vertex -10.4 0 4
      vertex -4.5 0 4
      vertex -10.3499 1.01938 4
    endloop
  endfacet
  facet normal 0 0 1
    outer loop
      vertex -4.47833 -0.441076 4
      vertex -10.3499 -1.01938 4
      vertex -10.2002 -2.02894 4
    endloop
  endfacet
  facet normal 0 0 1
    outer loop
      vertex -4.5 0 4
      vertex -10.4 0 4
      vertex -10.3499 -1.01938 4
    endloop
  endfacet
  facet normal -0.97003 0.242985 0
    outer loop
      vertex -10.7886 2.14599 3.3
      vertex -10.5263 3.19313 3.4
      vertex -10.5263 3.19313 3.3
    endloop
  endfacet
  facet normal -0.97003 0.242985 0
    outer loop
      vertex -10.5263 3.19313 3.4
      vertex -10.7886 2.14599 3.3
      vertex -10.7886 2.14599 3.4
    endloop
  endfacet
  facet normal -0.97003 0.242985 0
    outer loop
      vertex -10.7886 2.14599 0.599999
      vertex -10.5263 3.19313 0.7
      vertex -10.5263 3.19313 0.599999
    endloop
  endfacet
  facet normal -0.97003 0.242985 0
    outer loop
      vertex -10.5263 3.19313 0.7
      vertex -10.7886 2.14599 0.599999
      vertex -10.7886 2.14599 0.7
    endloop
  endfacet
  facet normal -0.238316 0.666177 0.706692
    outer loop
      vertex -3.19313 10.5263 3.4
      vertex -4.20952 10.1627 3.4
      vertex -3.97991 9.60835 4
    endloop
  endfacet
  facet normal -0.475152 0.524247 0.706679
    outer loop
      vertex -6.97833 8.50311 3.4
      vertex -7.35391 7.35391 4
      vertex -6.59769 8.03931 4
    endloop
  endfacet
  facet normal -0.363746 -0.606872 0.706679
    outer loop
      vertex -5.77793 -8.64728 4
      vertex -6.11127 -9.14616 3.4
      vertex -5.18536 -9.70113 3.4
    endloop
  endfacet
  facet normal -0.302522 0.639584 0.706692
    outer loop
      vertex -4.20952 10.1627 3.4
      vertex -5.18536 9.70113 3.4
      vertex -3.97991 9.60835 4
    endloop
  endfacet
  facet normal -0.302513 0.639604 0.706677
    outer loop
      vertex -3.97991 9.60835 4
      vertex -5.18536 9.70113 3.4
      vertex -4.90253 9.17198 4
    endloop
  endfacet
  facet normal 0.427579 0.903978 -0
    outer loop
      vertex 5.18536 9.70113 3.3
      vertex 4.20952 10.1627 3.4
      vertex 5.18536 9.70113 3.4
    endloop
  endfacet
  facet normal 0.427579 0.903978 0
    outer loop
      vertex 4.20952 10.1627 3.4
      vertex 5.18536 9.70113 3.3
      vertex 4.20952 10.1627 3.3
    endloop
  endfacet
  facet normal 0.427579 0.903978 -0
    outer loop
      vertex 5.18536 9.70113 0.599999
      vertex 4.20952 10.1627 0.7
      vertex 5.18536 9.70113 0.7
    endloop
  endfacet
  facet normal 0.427579 0.903978 0
    outer loop
      vertex 4.20952 10.1627 0.7
      vertex 5.18536 9.70113 0.599999
      vertex 4.20952 10.1627 0.599999
    endloop
  endfacet
  facet normal -0.103827 -0.699915 -0.706639
    outer loop
      vertex -1.07819 -10.947 0.599999
      vertex -2.14599 -10.7886 0.599999
      vertex -2.02894 -10.2002 0
    endloop
  endfacet
  facet normal -0.706685 -0.0347318 -0.706675
    outer loop
      vertex -10.3499 -1.01938 0
      vertex -10.947 -1.07819 0.599999
      vertex -10.4 0 0
    endloop
  endfacet
  facet normal -0.699885 -0.103781 -0.706676
    outer loop
      vertex -10.2002 -2.02894 0
      vertex -10.947 -1.07819 0.599999
      vertex -10.3499 -1.01938 0
    endloop
  endfacet
  facet normal -0.903978 -0.427579 0
    outer loop
      vertex -9.70113 -5.18536 0.599999
      vertex -10.1627 -4.20952 0.7
      vertex -10.1627 -4.20952 0.599999
    endloop
  endfacet
  facet normal -0.903978 -0.427579 0
    outer loop
      vertex -10.1627 -4.20952 0.7
      vertex -9.70113 -5.18536 0.599999
      vertex -9.70113 -5.18536 0.7
    endloop
  endfacet
  facet normal -0.903978 -0.427579 0
    outer loop
      vertex -9.70113 -5.18536 3.3
      vertex -10.1627 -4.20952 3.4
      vertex -10.1627 -4.20952 3.3
    endloop
  endfacet
  facet normal -0.903978 -0.427579 0
    outer loop
      vertex -10.1627 -4.20952 3.4
      vertex -9.70113 -5.18536 3.3
      vertex -9.70113 -5.18536 3.4
    endloop
  endfacet
  facet normal -0.639583 -0.302521 -0.706693
    outer loop
      vertex -9.70113 -5.18536 0.599999
      vertex -10.1627 -4.20952 0.599999
      vertex -9.60835 -3.97991 0
    endloop
  endfacet
  facet normal -0.524247 -0.475154 -0.706678
    outer loop
      vertex -7.77817 -7.77817 0.599999
      vertex -8.50311 -6.97833 0.599999
      vertex -7.35391 -7.35391 0
    endloop
  endfacet
  facet normal -0.475154 -0.524247 -0.706678
    outer loop
      vertex -6.97833 -8.50311 0.599999
      vertex -7.77817 -7.77817 0.599999
      vertex -7.35391 -7.35391 0
    endloop
  endfacet
  facet normal 0.606872 0.363746 0.706679
    outer loop
      vertex 9.14616 6.11127 3.4
      vertex 8.64728 5.77793 4
      vertex 9.70113 5.18536 3.4
    endloop
  endfacet
  facet normal 0.70668 0.0347379 0.70668
    outer loop
      vertex 10.947 1.07819 3.4
      vertex 10.4 0 4
      vertex 11 0 3.4
    endloop
  endfacet
  facet normal -0.595696 -0.80321 0
    outer loop
      vertex -6.97833 -8.50311 0.599999
      vertex -6.11127 -9.14616 0.7
      vertex -6.97833 -8.50311 0.7
    endloop
  endfacet
  facet normal -0.595696 -0.80321 -0
    outer loop
      vertex -6.11127 -9.14616 0.7
      vertex -6.97833 -8.50311 0.599999
      vertex -6.11127 -9.14616 0.599999
    endloop
  endfacet
  facet normal -0.595696 -0.80321 0
    outer loop
      vertex -6.97833 -8.50311 3.3
      vertex -6.11127 -9.14616 3.4
      vertex -6.97833 -8.50311 3.4
    endloop
  endfacet
  facet normal -0.595696 -0.80321 -0
    outer loop
      vertex -6.11127 -9.14616 3.4
      vertex -6.97833 -8.50311 3.3
      vertex -6.11127 -9.14616 3.3
    endloop
  endfacet
  facet normal 0.302513 0.639604 0.706677
    outer loop
      vertex 5.18536 9.70113 3.4
      vertex 3.97991 9.60835 4
      vertex 4.90253 9.17198 4
    endloop
  endfacet
  facet normal 0.686368 0.171929 -0.70664
    outer loop
      vertex 10.7886 2.14599 0.599999
      vertex 10.2002 2.02894 0
      vertex 10.5263 3.19313 0.599999
    endloop
  endfacet
  facet normal 0.568298 0.421475 -0.706679
    outer loop
      vertex 8.64728 5.77793 0
      vertex 8.03931 6.59769 0
      vertex 8.50311 6.97833 0.599999
    endloop
  endfacet
  facet normal -0.475151 0.524247 -0.70668
    outer loop
      vertex -6.59769 8.03931 0
      vertex -7.35391 7.35391 0
      vertex -6.97833 8.50311 0.599999
    endloop
  endfacet
  facet normal 0.639584 0.302522 0.706692
    outer loop
      vertex 9.70113 5.18536 3.4
      vertex 9.60835 3.97991 4
      vertex 10.1627 4.20952 3.4
    endloop
  endfacet
  facet normal -0.171929 0.686368 -0.70664
    outer loop
      vertex -2.02894 10.2002 0
      vertex -3.19313 10.5263 0.599999
      vertex -2.14599 10.7886 0.599999
    endloop
  endfacet
  facet normal 0.302512 0.639604 -0.706678
    outer loop
      vertex 4.90253 9.17198 0
      vertex 3.97991 9.60835 0
      vertex 5.18536 9.70113 0.599999
    endloop
  endfacet
  facet normal -0.699885 0.103781 -0.706676
    outer loop
      vertex -10.3499 1.01938 0
      vertex -10.947 1.07819 0.599999
      vertex -10.2002 2.02894 0
    endloop
  endfacet
  facet normal 0.146737 0.989176 -0
    outer loop
      vertex 2.14599 10.7886 0.599999
      vertex 1.07819 10.947 0.7
      vertex 2.14599 10.7886 0.7
    endloop
  endfacet
  facet normal 0.146737 0.989176 0
    outer loop
      vertex 1.07819 10.947 0.7
      vertex 2.14599 10.7886 0.599999
      vertex 1.07819 10.947 0.599999
    endloop
  endfacet
  facet normal 0.146737 0.989176 -0
    outer loop
      vertex 2.14599 10.7886 3.3
      vertex 1.07819 10.947 3.4
      vertex 2.14599 10.7886 3.4
    endloop
  endfacet
  facet normal 0.146737 0.989176 0
    outer loop
      vertex 1.07819 10.947 3.4
      vertex 2.14599 10.7886 3.3
      vertex 1.07819 10.947 3.3
    endloop
  endfacet
  facet normal -0.0347318 -0.706685 -0.706675
    outer loop
      vertex 0 -10.4 0
      vertex -1.07819 -10.947 0.599999
      vertex -1.01938 -10.3499 0
    endloop
  endfacet
  facet normal 0.475151 0.524247 -0.70668
    outer loop
      vertex 7.35391 7.35391 0
      vertex 6.59769 8.03931 0
      vertex 6.97833 8.50311 0.599999
    endloop
  endfacet
  facet normal -0.238367 -0.666197 -0.706656
    outer loop
      vertex -3.19313 -10.5263 0.599999
      vertex -3.97991 -9.60835 0
      vertex -3.01896 -9.95218 0
    endloop
  endfacet
  facet normal -0.421475 0.568299 0.706679
    outer loop
      vertex -6.11127 9.14616 3.4
      vertex -6.97833 8.50311 3.4
      vertex -5.77793 8.64728 4
    endloop
  endfacet
  facet normal -0.80321 0.595696 0
    outer loop
      vertex -9.14616 6.11127 0.599999
      vertex -8.50311 6.97833 0.7
      vertex -8.50311 6.97833 0.599999
    endloop
  endfacet
  facet normal -0.80321 0.595696 0
    outer loop
      vertex -8.50311 6.97833 0.7
      vertex -9.14616 6.11127 0.599999
      vertex -9.14616 6.11127 0.7
    endloop
  endfacet
  facet normal -0.80321 0.595696 0
    outer loop
      vertex -9.14616 6.11127 3.3
      vertex -8.50311 6.97833 3.4
      vertex -8.50311 6.97833 3.3
    endloop
  endfacet
  facet normal -0.80321 0.595696 0
    outer loop
      vertex -8.50311 6.97833 3.4
      vertex -9.14616 6.11127 3.3
      vertex -9.14616 6.11127 3.4
    endloop
  endfacet
  facet normal -0.103781 -0.699885 -0.706676
    outer loop
      vertex -1.07819 -10.947 0.599999
      vertex -2.02894 -10.2002 0
      vertex -1.01938 -10.3499 0
    endloop
  endfacet
  facet normal 0.103827 0.699915 -0.706639
    outer loop
      vertex 2.02894 10.2002 0
      vertex 1.07819 10.947 0.599999
      vertex 2.14599 10.7886 0.599999
    endloop
  endfacet
  facet normal 0.302522 0.639584 0.706692
    outer loop
      vertex 4.20952 10.1627 3.4
      vertex 3.97991 9.60835 4
      vertex 5.18536 9.70113 3.4
    endloop
  endfacet
  facet normal 0.238367 0.666197 0.706656
    outer loop
      vertex 3.19313 10.5263 3.4
      vertex 3.01896 9.95218 4
      vertex 3.97991 9.60835 4
    endloop
  endfacet
  facet normal 0.699886 0.103781 0.706675
    outer loop
      vertex 10.947 1.07819 3.4
      vertex 10.2002 2.02894 4
      vertex 10.3499 1.01938 4
    endloop
  endfacet
  facet normal -0.524247 0.475152 0.706679
    outer loop
      vertex -7.35391 7.35391 4
      vertex -8.50311 6.97833 3.4
      vertex -8.03931 6.59769 4
    endloop
  endfacet
  facet normal 0.666197 -0.238367 -0.706656
    outer loop
      vertex 10.5263 -3.19313 0.599999
      vertex 9.60835 -3.97991 0
      vertex 9.95218 -3.01896 0
    endloop
  endfacet
  facet normal -0.302521 -0.639583 -0.706693
    outer loop
      vertex -4.20952 -10.1627 0.599999
      vertex -5.18536 -9.70113 0.599999
      vertex -3.97991 -9.60835 0
    endloop
  endfacet
  facet normal 0.857728 0.514103 0
    outer loop
      vertex 9.70113 5.18536 0.7
      vertex 9.14616 6.11127 0.599999
      vertex 9.14616 6.11127 0.7
    endloop
  endfacet
  facet normal 0.857728 0.514103 0
    outer loop
      vertex 9.14616 6.11127 0.599999
      vertex 9.70113 5.18536 0.7
      vertex 9.70113 5.18536 0.599999
    endloop
  endfacet
  facet normal 0.857728 0.514103 0
    outer loop
      vertex 9.70113 5.18536 3.4
      vertex 9.14616 6.11127 3.3
      vertex 9.14616 6.11127 3.4
    endloop
  endfacet
  facet normal 0.857728 0.514103 0
    outer loop
      vertex 9.14616 6.11127 3.3
      vertex 9.70113 5.18536 3.4
      vertex 9.70113 5.18536 3.3
    endloop
  endfacet
  facet normal 0.706686 0.0347319 0.706674
    outer loop
      vertex 10.947 1.07819 3.4
      vertex 10.3499 1.01938 4
      vertex 10.4 0 4
    endloop
  endfacet
  facet normal -0.686347 -0.171944 -0.706656
    outer loop
      vertex -9.95218 -3.01896 0
      vertex -10.5263 -3.19313 0.599999
      vertex -10.2002 -2.02894 0
    endloop
  endfacet
  facet normal -0.666197 -0.238367 -0.706656
    outer loop
      vertex -9.60835 -3.97991 0
      vertex -10.5263 -3.19313 0.599999
      vertex -9.95218 -3.01896 0
    endloop
  endfacet
  facet normal 0.706679 0.0347379 -0.706681
    outer loop
      vertex 11 0 0.599999
      vertex 10.4 0 0
      vertex 10.947 1.07819 0.599999
    endloop
  endfacet
  facet normal -0.671563 -0.740948 0
    outer loop
      vertex -7.77817 -7.77817 3.3
      vertex -6.97833 -8.50311 3.4
      vertex -7.77817 -7.77817 3.4
    endloop
  endfacet
  facet normal -0.671563 -0.740948 -0
    outer loop
      vertex -6.97833 -8.50311 3.4
      vertex -7.77817 -7.77817 3.3
      vertex -6.97833 -8.50311 3.3
    endloop
  endfacet
  facet normal -0.671563 -0.740948 0
    outer loop
      vertex -7.77817 -7.77817 0.599999
      vertex -6.97833 -8.50311 0.7
      vertex -7.77817 -7.77817 0.7
    endloop
  endfacet
  facet normal -0.671563 -0.740948 -0
    outer loop
      vertex -6.97833 -8.50311 0.7
      vertex -7.77817 -7.77817 0.599999
      vertex -6.97833 -8.50311 0.599999
    endloop
  endfacet
  facet normal -0.238316 -0.666177 0.706692
    outer loop
      vertex -3.97991 -9.60835 4
      vertex -4.20952 -10.1627 3.4
      vertex -3.19313 -10.5263 3.4
    endloop
  endfacet
  facet normal 0.70668 -0.0347379 0.70668
    outer loop
      vertex 11 0 3.4
      vertex 10.4 0 4
      vertex 10.947 -1.07819 3.4
    endloop
  endfacet
  facet normal -0.706686 -0.0347319 0.706674
    outer loop
      vertex -10.4 0 4
      vertex -10.947 -1.07819 3.4
      vertex -10.3499 -1.01938 4
    endloop
  endfacet
  facet normal -0.639604 -0.302513 0.706677
    outer loop
      vertex -9.60835 -3.97991 4
      vertex -9.70113 -5.18536 3.4
      vertex -9.17198 -4.90253 4
    endloop
  endfacet
  facet normal -0.475155 0.524247 0.706677
    outer loop
      vertex -6.97833 8.50311 3.4
      vertex -7.77817 7.77817 3.4
      vertex -7.35391 7.35391 4
    endloop
  endfacet
  facet normal -0.524247 0.475155 0.706677
    outer loop
      vertex -7.77817 7.77817 3.4
      vertex -8.50311 6.97833 3.4
      vertex -7.35391 7.35391 4
    endloop
  endfacet
  facet normal -0.238367 0.666197 0.706656
    outer loop
      vertex -3.19313 10.5263 3.4
      vertex -3.97991 9.60835 4
      vertex -3.01896 9.95218 4
    endloop
  endfacet
  facet normal -0.427579 0.903978 0
    outer loop
      vertex -4.20952 10.1627 0.599999
      vertex -5.18536 9.70113 0.7
      vertex -4.20952 10.1627 0.7
    endloop
  endfacet
  facet normal -0.427579 0.903978 0
    outer loop
      vertex -5.18536 9.70113 0.7
      vertex -4.20952 10.1627 0.599999
      vertex -5.18536 9.70113 0.599999
    endloop
  endfacet
  facet normal -0.427579 0.903978 0
    outer loop
      vertex -4.20952 10.1627 3.3
      vertex -5.18536 9.70113 3.4
      vertex -4.20952 10.1627 3.4
    endloop
  endfacet
  facet normal -0.427579 0.903978 0
    outer loop
      vertex -5.18536 9.70113 3.4
      vertex -4.20952 10.1627 3.3
      vertex -5.18536 9.70113 3.3
    endloop
  endfacet
  facet normal 0.171929 0.686368 -0.70664
    outer loop
      vertex 3.19313 10.5263 0.599999
      vertex 2.02894 10.2002 0
      vertex 2.14599 10.7886 0.599999
    endloop
  endfacet
  facet normal 0.514103 0.857728 -0
    outer loop
      vertex 6.11127 9.14616 3.3
      vertex 5.18536 9.70113 3.4
      vertex 6.11127 9.14616 3.4
    endloop
  endfacet
  facet normal 0.514103 0.857728 0
    outer loop
      vertex 5.18536 9.70113 3.4
      vertex 6.11127 9.14616 3.3
      vertex 5.18536 9.70113 3.3
    endloop
  endfacet
  facet normal 0.514103 0.857728 -0
    outer loop
      vertex 6.11127 9.14616 0.599999
      vertex 5.18536 9.70113 0.7
      vertex 6.11127 9.14616 0.7
    endloop
  endfacet
  facet normal 0.514103 0.857728 0
    outer loop
      vertex 5.18536 9.70113 0.7
      vertex 6.11127 9.14616 0.599999
      vertex 5.18536 9.70113 0.599999
    endloop
  endfacet
  facet normal 0.238367 0.666197 -0.706656
    outer loop
      vertex 3.97991 9.60835 0
      vertex 3.01896 9.95218 0
      vertex 3.19313 10.5263 0.599999
    endloop
  endfacet
  facet normal 0.103827 0.699915 0.706639
    outer loop
      vertex 2.14599 10.7886 3.4
      vertex 1.07819 10.947 3.4
      vertex 2.02894 10.2002 4
    endloop
  endfacet
  facet normal 0.0347319 0.706686 0.706674
    outer loop
      vertex 1.07819 10.947 3.4
      vertex 0 10.4 4
      vertex 1.01938 10.3499 4
    endloop
  endfacet
  facet normal 0.242985 0.97003 -0
    outer loop
      vertex 3.19313 10.5263 3.3
      vertex 2.14599 10.7886 3.4
      vertex 3.19313 10.5263 3.4
    endloop
  endfacet
  facet normal 0.242985 0.97003 0
    outer loop
      vertex 2.14599 10.7886 3.4
      vertex 3.19313 10.5263 3.3
      vertex 2.14599 10.7886 3.3
    endloop
  endfacet
  facet normal 0.242985 0.97003 -0
    outer loop
      vertex 3.19313 10.5263 0.599999
      vertex 2.14599 10.7886 0.7
      vertex 3.19313 10.5263 0.7
    endloop
  endfacet
  facet normal 0.242985 0.97003 0
    outer loop
      vertex 2.14599 10.7886 0.7
      vertex 3.19313 10.5263 0.599999
      vertex 2.14599 10.7886 0.599999
    endloop
  endfacet
  facet normal -0.103781 0.699886 0.706675
    outer loop
      vertex -1.07819 10.947 3.4
      vertex -2.02894 10.2002 4
      vertex -1.01938 10.3499 4
    endloop
  endfacet
  facet normal -0.0347379 0.706679 -0.706681
    outer loop
      vertex 0 10.4 0
      vertex -1.07819 10.947 0.599999
      vertex 0 11 0.599999
    endloop
  endfacet
  facet normal 0.666197 0.238367 -0.706656
    outer loop
      vertex 9.95218 3.01896 0
      vertex 9.60835 3.97991 0
      vertex 10.5263 3.19313 0.599999
    endloop
  endfacet
  facet normal 0.699915 -0.103827 0.706639
    outer loop
      vertex 10.947 -1.07819 3.4
      vertex 10.2002 -2.02894 4
      vertex 10.7886 -2.14599 3.4
    endloop
  endfacet
  facet normal 0.989176 -0.146737 0
    outer loop
      vertex 10.7886 -2.14599 0.7
      vertex 10.947 -1.07819 0.599999
      vertex 10.947 -1.07819 0.7
    endloop
  endfacet
  facet normal 0.989176 -0.146737 0
    outer loop
      vertex 10.947 -1.07819 0.599999
      vertex 10.7886 -2.14599 0.7
      vertex 10.7886 -2.14599 0.599999
    endloop
  endfacet
  facet normal 0.989176 -0.146737 0
    outer loop
      vertex 10.7886 -2.14599 3.4
      vertex 10.947 -1.07819 3.3
      vertex 10.947 -1.07819 3.4
    endloop
  endfacet
  facet normal 0.989176 -0.146737 0
    outer loop
      vertex 10.947 -1.07819 3.3
      vertex 10.7886 -2.14599 3.4
      vertex 10.7886 -2.14599 3.3
    endloop
  endfacet
  facet normal 0.998794 0.0490972 0
    outer loop
      vertex 11 0 0.7
      vertex 10.947 1.07819 0.599999
      vertex 10.947 1.07819 0.7
    endloop
  endfacet
  facet normal 0.998794 0.0490972 0
    outer loop
      vertex 10.947 1.07819 0.599999
      vertex 11 0 0.7
      vertex 11 0 0.599999
    endloop
  endfacet
  facet normal 0.998794 0.0490972 0
    outer loop
      vertex 11 0 3.4
      vertex 10.947 1.07819 3.3
      vertex 10.947 1.07819 3.4
    endloop
  endfacet
  facet normal 0.998794 0.0490972 0
    outer loop
      vertex 10.947 1.07819 3.3
      vertex 11 0 3.4
      vertex 11 0 3.3
    endloop
  endfacet
  facet normal 0.699915 0.103827 0.706639
    outer loop
      vertex 10.7886 2.14599 3.4
      vertex 10.2002 2.02894 4
      vertex 10.947 1.07819 3.4
    endloop
  endfacet
  facet normal -0.699886 -0.103781 0.706675
    outer loop
      vertex -10.3499 -1.01938 4
      vertex -10.947 -1.07819 3.4
      vertex -10.2002 -2.02894 4
    endloop
  endfacet
  facet normal 0.666197 0.238367 0.706656
    outer loop
      vertex 10.5263 3.19313 3.4
      vertex 9.60835 3.97991 4
      vertex 9.95218 3.01896 4
    endloop
  endfacet
  facet normal 0.686348 0.171944 0.706656
    outer loop
      vertex 10.5263 3.19313 3.4
      vertex 9.95218 3.01896 4
      vertex 10.2002 2.02894 4
    endloop
  endfacet
  facet normal 0.686368 0.17193 0.706639
    outer loop
      vertex 10.5263 3.19313 3.4
      vertex 10.2002 2.02894 4
      vertex 10.7886 2.14599 3.4
    endloop
  endfacet
  facet normal 0.17193 0.686368 0.706639
    outer loop
      vertex 2.14599 10.7886 3.4
      vertex 2.02894 10.2002 4
      vertex 3.19313 10.5263 3.4
    endloop
  endfacet
  facet normal 0.568299 0.421475 0.706679
    outer loop
      vertex 8.50311 6.97833 3.4
      vertex 8.03931 6.59769 4
      vertex 8.64728 5.77793 4
    endloop
  endfacet
  facet normal -0.80321 -0.595696 0
    outer loop
      vertex -8.50311 -6.97833 3.3
      vertex -9.14616 -6.11127 3.4
      vertex -9.14616 -6.11127 3.3
    endloop
  endfacet
  facet normal -0.80321 -0.595696 0
    outer loop
      vertex -9.14616 -6.11127 3.4
      vertex -8.50311 -6.97833 3.3
      vertex -8.50311 -6.97833 3.4
    endloop
  endfacet
  facet normal -0.80321 -0.595696 0
    outer loop
      vertex -8.50311 -6.97833 0.599999
      vertex -9.14616 -6.11127 0.7
      vertex -9.14616 -6.11127 0.599999
    endloop
  endfacet
  facet normal -0.80321 -0.595696 0
    outer loop
      vertex -9.14616 -6.11127 0.7
      vertex -8.50311 -6.97833 0.599999
      vertex -8.50311 -6.97833 0.7
    endloop
  endfacet
  facet normal -0.475154 0.524247 -0.706678
    outer loop
      vertex -7.35391 7.35391 0
      vertex -7.77817 7.77817 0.599999
      vertex -6.97833 8.50311 0.599999
    endloop
  endfacet
  facet normal -0.524247 0.475154 -0.706678
    outer loop
      vertex -7.35391 7.35391 0
      vertex -8.50311 6.97833 0.599999
      vertex -7.77817 7.77817 0.599999
    endloop
  endfacet
  facet normal -0.568299 0.421475 0.706679
    outer loop
      vertex -8.50311 6.97833 3.4
      vertex -9.14616 6.11127 3.4
      vertex -8.64728 5.77793 4
    endloop
  endfacet
  facet normal -0.671563 0.740948 0
    outer loop
      vertex -6.97833 8.50311 3.3
      vertex -7.77817 7.77817 3.4
      vertex -6.97833 8.50311 3.4
    endloop
  endfacet
  facet normal -0.671563 0.740948 0
    outer loop
      vertex -7.77817 7.77817 3.4
      vertex -6.97833 8.50311 3.3
      vertex -7.77817 7.77817 3.3
    endloop
  endfacet
  facet normal -0.671563 0.740948 0
    outer loop
      vertex -6.97833 8.50311 0.599999
      vertex -7.77817 7.77817 0.7
      vertex -6.97833 8.50311 0.7
    endloop
  endfacet
  facet normal -0.671563 0.740948 0
    outer loop
      vertex -7.77817 7.77817 0.7
      vertex -6.97833 8.50311 0.599999
      vertex -7.77817 7.77817 0.599999
    endloop
  endfacet
  facet normal -0.514103 0.857728 0
    outer loop
      vertex -5.18536 9.70113 0.599999
      vertex -6.11127 9.14616 0.7
      vertex -5.18536 9.70113 0.7
    endloop
  endfacet
  facet normal -0.514103 0.857728 0
    outer loop
      vertex -6.11127 9.14616 0.7
      vertex -5.18536 9.70113 0.599999
      vertex -6.11127 9.14616 0.599999
    endloop
  endfacet
  facet normal -0.514103 0.857728 0
    outer loop
      vertex -5.18536 9.70113 3.3
      vertex -6.11127 9.14616 3.4
      vertex -5.18536 9.70113 3.4
    endloop
  endfacet
  facet normal -0.514103 0.857728 0
    outer loop
      vertex -6.11127 9.14616 3.4
      vertex -5.18536 9.70113 3.3
      vertex -6.11127 9.14616 3.3
    endloop
  endfacet
  facet normal -0.363745 0.606872 -0.70668
    outer loop
      vertex -5.77793 8.64728 0
      vertex -6.11127 9.14616 0.599999
      vertex -5.18536 9.70113 0.599999
    endloop
  endfacet
  facet normal 0.568299 0.421475 0.706679
    outer loop
      vertex 9.14616 6.11127 3.4
      vertex 8.50311 6.97833 3.4
      vertex 8.64728 5.77793 4
    endloop
  endfacet
  facet normal -0.686348 -0.171944 0.706656
    outer loop
      vertex -10.2002 -2.02894 4
      vertex -10.5263 -3.19313 3.4
      vertex -9.95218 -3.01896 4
    endloop
  endfacet
  facet normal -0.666197 -0.238367 0.706656
    outer loop
      vertex -9.95218 -3.01896 4
      vertex -10.5263 -3.19313 3.4
      vertex -9.60835 -3.97991 4
    endloop
  endfacet
  facet normal -0.238316 0.666177 -0.706692
    outer loop
      vertex -3.97991 9.60835 0
      vertex -4.20952 10.1627 0.599999
      vertex -3.19313 10.5263 0.599999
    endloop
  endfacet
  facet normal -0.302521 0.639583 -0.706693
    outer loop
      vertex -3.97991 9.60835 0
      vertex -5.18536 9.70113 0.599999
      vertex -4.20952 10.1627 0.599999
    endloop
  endfacet
  facet normal -0.568298 -0.421475 -0.706679
    outer loop
      vertex -8.50311 -6.97833 0.599999
      vertex -8.64728 -5.77793 0
      vertex -8.03931 -6.59769 0
    endloop
  endfacet
  facet normal 0.103781 0.699885 -0.706676
    outer loop
      vertex 2.02894 10.2002 0
      vertex 1.01938 10.3499 0
      vertex 1.07819 10.947 0.599999
    endloop
  endfacet
  facet normal 0.0347318 0.706685 -0.706675
    outer loop
      vertex 1.01938 10.3499 0
      vertex 0 10.4 0
      vertex 1.07819 10.947 0.599999
    endloop
  endfacet
  facet normal -0.606872 -0.363749 -0.706677
    outer loop
      vertex -8.64728 -5.77793 0
      vertex -9.70113 -5.18536 0.599999
      vertex -9.17198 -4.90253 0
    endloop
  endfacet
  facet normal -0.242985 0.97003 0
    outer loop
      vertex -2.14599 10.7886 0.599999
      vertex -3.19313 10.5263 0.7
      vertex -2.14599 10.7886 0.7
    endloop
  endfacet
  facet normal -0.242985 0.97003 0
    outer loop
      vertex -3.19313 10.5263 0.7
      vertex -2.14599 10.7886 0.599999
      vertex -3.19313 10.5263 0.599999
    endloop
  endfacet
  facet normal -0.242985 0.97003 0
    outer loop
      vertex -2.14599 10.7886 3.3
      vertex -3.19313 10.5263 3.4
      vertex -2.14599 10.7886 3.4
    endloop
  endfacet
  facet normal -0.242985 0.97003 0
    outer loop
      vertex -3.19313 10.5263 3.4
      vertex -2.14599 10.7886 3.3
      vertex -3.19313 10.5263 3.3
    endloop
  endfacet
  facet normal -0.146737 0.989176 0
    outer loop
      vertex -1.07819 10.947 3.3
      vertex -2.14599 10.7886 3.4
      vertex -1.07819 10.947 3.4
    endloop
  endfacet
  facet normal -0.146737 0.989176 0
    outer loop
      vertex -2.14599 10.7886 3.4
      vertex -1.07819 10.947 3.3
      vertex -2.14599 10.7886 3.3
    endloop
  endfacet
  facet normal -0.146737 0.989176 0
    outer loop
      vertex -1.07819 10.947 0.599999
      vertex -2.14599 10.7886 0.7
      vertex -1.07819 10.947 0.7
    endloop
  endfacet
  facet normal -0.146737 0.989176 0
    outer loop
      vertex -2.14599 10.7886 0.7
      vertex -1.07819 10.947 0.599999
      vertex -2.14599 10.7886 0.599999
    endloop
  endfacet
  facet normal 0.666177 0.238316 -0.706692
    outer loop
      vertex 10.5263 3.19313 0.599999
      vertex 9.60835 3.97991 0
      vertex 10.1627 4.20952 0.599999
    endloop
  endfacet
  facet normal 0.639583 0.302521 -0.706693
    outer loop
      vertex 10.1627 4.20952 0.599999
      vertex 9.60835 3.97991 0
      vertex 9.70113 5.18536 0.599999
    endloop
  endfacet
  facet normal 0.989176 0.146737 0
    outer loop
      vertex 10.947 1.07819 0.7
      vertex 10.7886 2.14599 0.599999
      vertex 10.7886 2.14599 0.7
    endloop
  endfacet
  facet normal 0.989176 0.146737 0
    outer loop
      vertex 10.7886 2.14599 0.599999
      vertex 10.947 1.07819 0.7
      vertex 10.947 1.07819 0.599999
    endloop
  endfacet
  facet normal 0.989176 0.146737 0
    outer loop
      vertex 10.947 1.07819 3.4
      vertex 10.7886 2.14599 3.3
      vertex 10.7886 2.14599 3.4
    endloop
  endfacet
  facet normal 0.989176 0.146737 0
    outer loop
      vertex 10.7886 2.14599 3.3
      vertex 10.947 1.07819 3.4
      vertex 10.947 1.07819 3.3
    endloop
  endfacet
  facet normal 0.699915 0.103827 -0.706639
    outer loop
      vertex 10.947 1.07819 0.599999
      vertex 10.2002 2.02894 0
      vertex 10.7886 2.14599 0.599999
    endloop
  endfacet
  facet normal -0.606873 -0.363749 0.706677
    outer loop
      vertex -9.17198 -4.90253 4
      vertex -9.70113 -5.18536 3.4
      vertex -8.64728 -5.77793 4
    endloop
  endfacet
  facet normal 0.989176 0.146736 0
    outer loop
      vertex 4.47833 0.441076 4.4
      vertex 4.41353 0.877906 4
      vertex 4.41353 0.877906 4.4
    endloop
  endfacet
  facet normal 0.989176 0.146736 0
    outer loop
      vertex 4.41353 0.877906 4
      vertex 4.47833 0.441076 4.4
      vertex 4.47833 0.441076 4
    endloop
  endfacet
  facet normal 0.998795 0.0490707 0
    outer loop
      vertex 4.5 0 4.4
      vertex 4.47833 0.441076 4
      vertex 4.47833 0.441076 4.4
    endloop
  endfacet
  facet normal 0.998795 0.0490707 0
    outer loop
      vertex 4.47833 0.441076 4
      vertex 4.5 0 4.4
      vertex 4.5 0 4
    endloop
  endfacet
  facet normal 0.970032 0.242976 0
    outer loop
      vertex 4.41353 0.877906 4.4
      vertex 4.30623 1.30628 4
      vertex 4.30623 1.30628 4.4
    endloop
  endfacet
  facet normal 0.970032 0.242976 0
    outer loop
      vertex 4.30623 1.30628 4
      vertex 4.41353 0.877906 4.4
      vertex 4.41353 0.877906 4
    endloop
  endfacet
  facet normal 0.336886 -0.941546 0
    outer loop
      vertex 1.30628 -4.30623 4
      vertex 1.72207 -4.15746 4.4
      vertex 1.30628 -4.30623 4.4
    endloop
  endfacet
  facet normal 0.336886 -0.941546 0
    outer loop
      vertex 1.72207 -4.15746 4.4
      vertex 1.30628 -4.30623 4
      vertex 1.72207 -4.15746 4
    endloop
  endfacet
  facet normal 0.671564 0.740946 -0
    outer loop
      vertex 3.18198 3.18198 4
      vertex 2.85477 3.47855 4.4
      vertex 3.18198 3.18198 4.4
    endloop
  endfacet
  facet normal 0.671564 0.740946 0
    outer loop
      vertex 2.85477 3.47855 4.4
      vertex 3.18198 3.18198 4
      vertex 2.85477 3.47855 4
    endloop
  endfacet
  facet normal 0.941546 0.336886 0
    outer loop
      vertex 4.30623 1.30628 4.4
      vertex 4.15746 1.72207 4
      vertex 4.15746 1.72207 4.4
    endloop
  endfacet
  facet normal 0.941546 0.336886 0
    outer loop
      vertex 4.15746 1.72207 4
      vertex 4.30623 1.30628 4.4
      vertex 4.30623 1.30628 4
    endloop
  endfacet
  facet normal -0.0490707 0.998795 0
    outer loop
      vertex 0 4.5 4
      vertex -0.441076 4.47833 4.4
      vertex 0 4.5 4.4
    endloop
  endfacet
  facet normal -0.0490707 0.998795 0
    outer loop
      vertex -0.441076 4.47833 4.4
      vertex 0 4.5 4
      vertex -0.441076 4.47833 4
    endloop
  endfacet
  facet normal 0.0490707 -0.998795 0
    outer loop
      vertex 0 -4.5 4
      vertex 0.441076 -4.47833 4.4
      vertex 0 -4.5 4.4
    endloop
  endfacet
  facet normal 0.0490707 -0.998795 0
    outer loop
      vertex 0.441076 -4.47833 4.4
      vertex 0 -4.5 4
      vertex 0.441076 -4.47833 4
    endloop
  endfacet
  facet normal -0.595694 -0.803211 0
    outer loop
      vertex -2.85477 -3.47855 4
      vertex -2.50007 -3.74161 4.4
      vertex -2.85477 -3.47855 4.4
    endloop
  endfacet
  facet normal -0.595694 -0.803211 -0
    outer loop
      vertex -2.50007 -3.74161 4.4
      vertex -2.85477 -3.47855 4
      vertex -2.50007 -3.74161 4
    endloop
  endfacet
  facet normal 0.514106 -0.857727 0
    outer loop
      vertex 2.12128 -3.96865 4
      vertex 2.50007 -3.74161 4.4
      vertex 2.12128 -3.96865 4.4
    endloop
  endfacet
  facet normal 0.514106 -0.857727 0
    outer loop
      vertex 2.50007 -3.74161 4.4
      vertex 2.12128 -3.96865 4
      vertex 2.50007 -3.74161 4
    endloop
  endfacet
  facet normal -0.242976 -0.970032 0
    outer loop
      vertex -1.30628 -4.30623 4
      vertex -0.877906 -4.41353 4.4
      vertex -1.30628 -4.30623 4.4
    endloop
  endfacet
  facet normal -0.242976 -0.970032 -0
    outer loop
      vertex -0.877906 -4.41353 4.4
      vertex -1.30628 -4.30623 4
      vertex -0.877906 -4.41353 4
    endloop
  endfacet
  facet normal 0.857727 0.514106 0
    outer loop
      vertex 3.96865 2.12128 4.4
      vertex 3.74161 2.50007 4
      vertex 3.74161 2.50007 4.4
    endloop
  endfacet
  facet normal 0.857727 0.514106 0
    outer loop
      vertex 3.74161 2.50007 4
      vertex 3.96865 2.12128 4.4
      vertex 3.96865 2.12128 4
    endloop
  endfacet
  facet normal -0.998795 -0.0490707 0
    outer loop
      vertex -4.47833 -0.441076 4
      vertex -4.5 0 4.4
      vertex -4.5 0 4
    endloop
  endfacet
  facet normal -0.998795 -0.0490707 0
    outer loop
      vertex -4.5 0 4.4
      vertex -4.47833 -0.441076 4
      vertex -4.47833 -0.441076 4.4
    endloop
  endfacet
  facet normal -0.903991 -0.427551 0
    outer loop
      vertex -3.96865 -2.12128 4
      vertex -4.15746 -1.72207 4.4
      vertex -4.15746 -1.72207 4
    endloop
  endfacet
  facet normal -0.903991 -0.427551 0
    outer loop
      vertex -4.15746 -1.72207 4.4
      vertex -3.96865 -2.12128 4
      vertex -3.96865 -2.12128 4.4
    endloop
  endfacet
  facet normal 0.903991 0.427551 0
    outer loop
      vertex 4.15746 1.72207 4.4
      vertex 3.96865 2.12128 4
      vertex 3.96865 2.12128 4.4
    endloop
  endfacet
  facet normal 0.903991 0.427551 0
    outer loop
      vertex 3.96865 2.12128 4
      vertex 4.15746 1.72207 4.4
      vertex 4.15746 1.72207 4
    endloop
  endfacet
  facet normal 0.970032 -0.242976 0
    outer loop
      vertex 4.30623 -1.30628 4.4
      vertex 4.41353 -0.877906 4
      vertex 4.41353 -0.877906 4.4
    endloop
  endfacet
  facet normal 0.970032 -0.242976 0
    outer loop
      vertex 4.41353 -0.877906 4
      vertex 4.30623 -1.30628 4.4
      vertex 4.30623 -1.30628 4
    endloop
  endfacet
  facet normal -0.514106 0.857727 0
    outer loop
      vertex -2.12128 3.96865 4
      vertex -2.50007 3.74161 4.4
      vertex -2.12128 3.96865 4.4
    endloop
  endfacet
  facet normal -0.514106 0.857727 0
    outer loop
      vertex -2.50007 3.74161 4.4
      vertex -2.12128 3.96865 4
      vertex -2.50007 3.74161 4
    endloop
  endfacet
  facet normal -0.970032 -0.242976 0
    outer loop
      vertex -4.30623 -1.30628 4
      vertex -4.41353 -0.877906 4.4
      vertex -4.41353 -0.877906 4
    endloop
  endfacet
  facet normal -0.970032 -0.242976 0
    outer loop
      vertex -4.41353 -0.877906 4.4
      vertex -4.30623 -1.30628 4
      vertex -4.30623 -1.30628 4.4
    endloop
  endfacet
  facet normal 0.242976 0.970032 -0
    outer loop
      vertex 1.30628 4.30623 4
      vertex 0.877906 4.41353 4.4
      vertex 1.30628 4.30623 4.4
    endloop
  endfacet
  facet normal 0.242976 0.970032 0
    outer loop
      vertex 0.877906 4.41353 4.4
      vertex 1.30628 4.30623 4
      vertex 0.877906 4.41353 4
    endloop
  endfacet
  facet normal 0.941546 -0.336886 0
    outer loop
      vertex 4.15746 -1.72207 4.4
      vertex 4.30623 -1.30628 4
      vertex 4.30623 -1.30628 4.4
    endloop
  endfacet
  facet normal 0.941546 -0.336886 0
    outer loop
      vertex 4.30623 -1.30628 4
      vertex 4.15746 -1.72207 4.4
      vertex 4.15746 -1.72207 4
    endloop
  endfacet
  facet normal 0.989176 -0.146736 0
    outer loop
      vertex 4.41353 -0.877906 4.4
      vertex 4.47833 -0.441076 4
      vertex 4.47833 -0.441076 4.4
    endloop
  endfacet
  facet normal 0.989176 -0.146736 0
    outer loop
      vertex 4.47833 -0.441076 4
      vertex 4.41353 -0.877906 4.4
      vertex 4.41353 -0.877906 4
    endloop
  endfacet
  facet normal 0.146736 0.989176 -0
    outer loop
      vertex 0.877906 4.41353 4
      vertex 0.441076 4.47833 4.4
      vertex 0.877906 4.41353 4.4
    endloop
  endfacet
  facet normal 0.146736 0.989176 0
    outer loop
      vertex 0.441076 4.47833 4.4
      vertex 0.877906 4.41353 4
      vertex 0.441076 4.47833 4
    endloop
  endfacet
  facet normal -0.427551 0.903991 0
    outer loop
      vertex -1.72207 4.15746 4
      vertex -2.12128 3.96865 4.4
      vertex -1.72207 4.15746 4.4
    endloop
  endfacet
  facet normal -0.427551 0.903991 0
    outer loop
      vertex -2.12128 3.96865 4.4
      vertex -1.72207 4.15746 4
      vertex -2.12128 3.96865 4
    endloop
  endfacet
  facet normal -0.146736 0.989176 0
    outer loop
      vertex -0.441076 4.47833 4
      vertex -0.877906 4.41353 4.4
      vertex -0.441076 4.47833 4.4
    endloop
  endfacet
  facet normal -0.146736 0.989176 0
    outer loop
      vertex -0.877906 4.41353 4.4
      vertex -0.441076 4.47833 4
      vertex -0.877906 4.41353 4
    endloop
  endfacet
  facet normal 0.427551 -0.903991 0
    outer loop
      vertex 1.72207 -4.15746 4
      vertex 2.12128 -3.96865 4.4
      vertex 1.72207 -4.15746 4.4
    endloop
  endfacet
  facet normal 0.427551 -0.903991 0
    outer loop
      vertex 2.12128 -3.96865 4.4
      vertex 1.72207 -4.15746 4
      vertex 2.12128 -3.96865 4
    endloop
  endfacet
  facet normal -0.671564 0.740946 0
    outer loop
      vertex -2.85477 3.47855 4
      vertex -3.18198 3.18198 4.4
      vertex -2.85477 3.47855 4.4
    endloop
  endfacet
  facet normal -0.671564 0.740946 0
    outer loop
      vertex -3.18198 3.18198 4.4
      vertex -2.85477 3.47855 4
      vertex -3.18198 3.18198 4
    endloop
  endfacet
  facet normal 0.857727 -0.514106 0
    outer loop
      vertex 3.74161 -2.50007 4.4
      vertex 3.96865 -2.12128 4
      vertex 3.96865 -2.12128 4.4
    endloop
  endfacet
  facet normal 0.857727 -0.514106 0
    outer loop
      vertex 3.96865 -2.12128 4
      vertex 3.74161 -2.50007 4.4
      vertex 3.74161 -2.50007 4
    endloop
  endfacet
  facet normal -0.595694 0.803211 0
    outer loop
      vertex -2.50007 3.74161 4
      vertex -2.85477 3.47855 4.4
      vertex -2.50007 3.74161 4.4
    endloop
  endfacet
  facet normal -0.595694 0.803211 0
    outer loop
      vertex -2.85477 3.47855 4.4
      vertex -2.50007 3.74161 4
      vertex -2.85477 3.47855 4
    endloop
  endfacet
  facet normal 0.903991 -0.427551 0
    outer loop
      vertex 3.96865 -2.12128 4.4
      vertex 4.15746 -1.72207 4
      vertex 4.15746 -1.72207 4.4
    endloop
  endfacet
  facet normal 0.903991 -0.427551 0
    outer loop
      vertex 4.15746 -1.72207 4
      vertex 3.96865 -2.12128 4.4
      vertex 3.96865 -2.12128 4
    endloop
  endfacet
  facet normal 0.998795 -0.0490707 0
    outer loop
      vertex 4.47833 -0.441076 4.4
      vertex 4.5 0 4
      vertex 4.5 0 4.4
    endloop
  endfacet
  facet normal 0.998795 -0.0490707 0
    outer loop
      vertex 4.5 0 4
      vertex 4.47833 -0.441076 4.4
      vertex 4.47833 -0.441076 4
    endloop
  endfacet
  facet normal -0.740946 0.671564 0
    outer loop
      vertex -3.47855 2.85477 4
      vertex -3.18198 3.18198 4.4
      vertex -3.18198 3.18198 4
    endloop
  endfacet
  facet normal -0.740946 0.671564 0
    outer loop
      vertex -3.18198 3.18198 4.4
      vertex -3.47855 2.85477 4
      vertex -3.47855 2.85477 4.4
    endloop
  endfacet
  facet normal -0.941546 -0.336886 0
    outer loop
      vertex -4.15746 -1.72207 4
      vertex -4.30623 -1.30628 4.4
      vertex -4.30623 -1.30628 4
    endloop
  endfacet
  facet normal -0.941546 -0.336886 0
    outer loop
      vertex -4.30623 -1.30628 4.4
      vertex -4.15746 -1.72207 4
      vertex -4.15746 -1.72207 4.4
    endloop
  endfacet
  facet normal 0.514106 0.857727 -0
    outer loop
      vertex 2.50007 3.74161 4
      vertex 2.12128 3.96865 4.4
      vertex 2.50007 3.74161 4.4
    endloop
  endfacet
  facet normal 0.514106 0.857727 0
    outer loop
      vertex 2.12128 3.96865 4.4
      vertex 2.50007 3.74161 4
      vertex 2.12128 3.96865 4
    endloop
  endfacet
  facet normal 0.595694 0.803211 -0
    outer loop
      vertex 2.85477 3.47855 4
      vertex 2.50007 3.74161 4.4
      vertex 2.85477 3.47855 4.4
    endloop
  endfacet
  facet normal 0.595694 0.803211 0
    outer loop
      vertex 2.50007 3.74161 4.4
      vertex 2.85477 3.47855 4
      vertex 2.50007 3.74161 4
    endloop
  endfacet
  facet normal 0.146736 -0.989176 0
    outer loop
      vertex 0.441076 -4.47833 4
      vertex 0.877906 -4.41353 4.4
      vertex 0.441076 -4.47833 4.4
    endloop
  endfacet
  facet normal 0.146736 -0.989176 0
    outer loop
      vertex 0.877906 -4.41353 4.4
      vertex 0.441076 -4.47833 4
      vertex 0.877906 -4.41353 4
    endloop
  endfacet
  facet normal 0.740946 -0.671564 0
    outer loop
      vertex 3.18198 -3.18198 4.4
      vertex 3.47855 -2.85477 4
      vertex 3.47855 -2.85477 4.4
    endloop
  endfacet
  facet normal 0.740946 -0.671564 0
    outer loop
      vertex 3.47855 -2.85477 4
      vertex 3.18198 -3.18198 4.4
      vertex 3.18198 -3.18198 4
    endloop
  endfacet
  facet normal 0.803211 -0.595694 0
    outer loop
      vertex 3.47855 -2.85477 4.4
      vertex 3.74161 -2.50007 4
      vertex 3.74161 -2.50007 4.4
    endloop
  endfacet
  facet normal 0.803211 -0.595694 0
    outer loop
      vertex 3.74161 -2.50007 4
      vertex 3.47855 -2.85477 4.4
      vertex 3.47855 -2.85477 4
    endloop
  endfacet
  facet normal 0.242976 -0.970032 0
    outer loop
      vertex 0.877906 -4.41353 4
      vertex 1.30628 -4.30623 4.4
      vertex 0.877906 -4.41353 4.4
    endloop
  endfacet
  facet normal 0.242976 -0.970032 0
    outer loop
      vertex 1.30628 -4.30623 4.4
      vertex 0.877906 -4.41353 4
      vertex 1.30628 -4.30623 4
    endloop
  endfacet
  facet normal -0.242976 0.970032 0
    outer loop
      vertex -0.877906 4.41353 4
      vertex -1.30628 4.30623 4.4
      vertex -0.877906 4.41353 4.4
    endloop
  endfacet
  facet normal -0.242976 0.970032 0
    outer loop
      vertex -1.30628 4.30623 4.4
      vertex -0.877906 4.41353 4
      vertex -1.30628 4.30623 4
    endloop
  endfacet
  facet normal 0.803211 0.595694 0
    outer loop
      vertex 3.74161 2.50007 4.4
      vertex 3.47855 2.85477 4
      vertex 3.47855 2.85477 4.4
    endloop
  endfacet
  facet normal 0.803211 0.595694 0
    outer loop
      vertex 3.47855 2.85477 4
      vertex 3.74161 2.50007 4.4
      vertex 3.74161 2.50007 4
    endloop
  endfacet
  facet normal 0.0490707 0.998795 -0
    outer loop
      vertex 0.441076 4.47833 4
      vertex 0 4.5 4.4
      vertex 0.441076 4.47833 4.4
    endloop
  endfacet
  facet normal 0.0490707 0.998795 0
    outer loop
      vertex 0 4.5 4.4
      vertex 0.441076 4.47833 4
      vertex 0 4.5 4
    endloop
  endfacet
  facet normal -0.857727 0.514106 0
    outer loop
      vertex -3.96865 2.12128 4
      vertex -3.74161 2.50007 4.4
      vertex -3.74161 2.50007 4
    endloop
  endfacet
  facet normal -0.857727 0.514106 0
    outer loop
      vertex -3.74161 2.50007 4.4
      vertex -3.96865 2.12128 4
      vertex -3.96865 2.12128 4.4
    endloop
  endfacet
  facet normal 0.427551 0.903991 -0
    outer loop
      vertex 2.12128 3.96865 4
      vertex 1.72207 4.15746 4.4
      vertex 2.12128 3.96865 4.4
    endloop
  endfacet
  facet normal 0.427551 0.903991 0
    outer loop
      vertex 1.72207 4.15746 4.4
      vertex 2.12128 3.96865 4
      vertex 1.72207 4.15746 4
    endloop
  endfacet
  facet normal -0.857727 -0.514106 0
    outer loop
      vertex -3.74161 -2.50007 4
      vertex -3.96865 -2.12128 4.4
      vertex -3.96865 -2.12128 4
    endloop
  endfacet
  facet normal -0.857727 -0.514106 0
    outer loop
      vertex -3.96865 -2.12128 4.4
      vertex -3.74161 -2.50007 4
      vertex -3.74161 -2.50007 4.4
    endloop
  endfacet
  facet normal -0.427551 -0.903991 0
    outer loop
      vertex -2.12128 -3.96865 4
      vertex -1.72207 -4.15746 4.4
      vertex -2.12128 -3.96865 4.4
    endloop
  endfacet
  facet normal -0.427551 -0.903991 -0
    outer loop
      vertex -1.72207 -4.15746 4.4
      vertex -2.12128 -3.96865 4
      vertex -1.72207 -4.15746 4
    endloop
  endfacet
  facet normal -0.740946 -0.671564 0
    outer loop
      vertex -3.18198 -3.18198 4
      vertex -3.47855 -2.85477 4.4
      vertex -3.47855 -2.85477 4
    endloop
  endfacet
  facet normal -0.740946 -0.671564 0
    outer loop
      vertex -3.47855 -2.85477 4.4
      vertex -3.18198 -3.18198 4
      vertex -3.18198 -3.18198 4.4
    endloop
  endfacet
  facet normal -0.336886 0.941546 0
    outer loop
      vertex -1.30628 4.30623 4
      vertex -1.72207 4.15746 4.4
      vertex -1.30628 4.30623 4.4
    endloop
  endfacet
  facet normal -0.336886 0.941546 0
    outer loop
      vertex -1.72207 4.15746 4.4
      vertex -1.30628 4.30623 4
      vertex -1.72207 4.15746 4
    endloop
  endfacet
  facet normal -0.514106 -0.857727 0
    outer loop
      vertex -2.50007 -3.74161 4
      vertex -2.12128 -3.96865 4.4
      vertex -2.50007 -3.74161 4.4
    endloop
  endfacet
  facet normal -0.514106 -0.857727 -0
    outer loop
      vertex -2.12128 -3.96865 4.4
      vertex -2.50007 -3.74161 4
      vertex -2.12128 -3.96865 4
    endloop
  endfacet
  facet normal 0.740946 0.671564 0
    outer loop
      vertex 3.47855 2.85477 4.4
      vertex 3.18198 3.18198 4
      vertex 3.18198 3.18198 4.4
    endloop
  endfacet
  facet normal 0.740946 0.671564 0
    outer loop
      vertex 3.18198 3.18198 4
      vertex 3.47855 2.85477 4.4
      vertex 3.47855 2.85477 4
    endloop
  endfacet
  facet normal 0.595694 -0.803211 0
    outer loop
      vertex 2.50007 -3.74161 4
      vertex 2.85477 -3.47855 4.4
      vertex 2.50007 -3.74161 4.4
    endloop
  endfacet
  facet normal 0.595694 -0.803211 0
    outer loop
      vertex 2.85477 -3.47855 4.4
      vertex 2.50007 -3.74161 4
      vertex 2.85477 -3.47855 4
    endloop
  endfacet
  facet normal -0.941546 0.336886 0
    outer loop
      vertex -4.30623 1.30628 4
      vertex -4.15746 1.72207 4.4
      vertex -4.15746 1.72207 4
    endloop
  endfacet
  facet normal -0.941546 0.336886 0
    outer loop
      vertex -4.15746 1.72207 4.4
      vertex -4.30623 1.30628 4
      vertex -4.30623 1.30628 4.4
    endloop
  endfacet
  facet normal -0.989176 -0.146736 0
    outer loop
      vertex -4.41353 -0.877906 4
      vertex -4.47833 -0.441076 4.4
      vertex -4.47833 -0.441076 4
    endloop
  endfacet
  facet normal -0.989176 -0.146736 0
    outer loop
      vertex -4.47833 -0.441076 4.4
      vertex -4.41353 -0.877906 4
      vertex -4.41353 -0.877906 4.4
    endloop
  endfacet
  facet normal 0.336886 0.941546 -0
    outer loop
      vertex 1.72207 4.15746 4
      vertex 1.30628 4.30623 4.4
      vertex 1.72207 4.15746 4.4
    endloop
  endfacet
  facet normal 0.336886 0.941546 0
    outer loop
      vertex 1.30628 4.30623 4.4
      vertex 1.72207 4.15746 4
      vertex 1.30628 4.30623 4
    endloop
  endfacet
  facet normal -0.803211 -0.595694 0
    outer loop
      vertex -3.47855 -2.85477 4
      vertex -3.74161 -2.50007 4.4
      vertex -3.74161 -2.50007 4
    endloop
  endfacet
  facet normal -0.803211 -0.595694 0
    outer loop
      vertex -3.74161 -2.50007 4.4
      vertex -3.47855 -2.85477 4
      vertex -3.47855 -2.85477 4.4
    endloop
  endfacet
  facet normal -0.970032 0.242976 0
    outer loop
      vertex -4.41353 0.877906 4
      vertex -4.30623 1.30628 4.4
      vertex -4.30623 1.30628 4
    endloop
  endfacet
  facet normal -0.970032 0.242976 0
    outer loop
      vertex -4.30623 1.30628 4.4
      vertex -4.41353 0.877906 4
      vertex -4.41353 0.877906 4.4
    endloop
  endfacet
  facet normal -0.903991 0.427551 0
    outer loop
      vertex -4.15746 1.72207 4
      vertex -3.96865 2.12128 4.4
      vertex -3.96865 2.12128 4
    endloop
  endfacet
  facet normal -0.903991 0.427551 0
    outer loop
      vertex -3.96865 2.12128 4.4
      vertex -4.15746 1.72207 4
      vertex -4.15746 1.72207 4.4
    endloop
  endfacet
  facet normal -0.671564 -0.740946 0
    outer loop
      vertex -3.18198 -3.18198 4
      vertex -2.85477 -3.47855 4.4
      vertex -3.18198 -3.18198 4.4
    endloop
  endfacet
  facet normal -0.671564 -0.740946 -0
    outer loop
      vertex -2.85477 -3.47855 4.4
      vertex -3.18198 -3.18198 4
      vertex -2.85477 -3.47855 4
    endloop
  endfacet
  facet normal -0.803211 0.595694 0
    outer loop
      vertex -3.74161 2.50007 4
      vertex -3.47855 2.85477 4.4
      vertex -3.47855 2.85477 4
    endloop
  endfacet
  facet normal -0.803211 0.595694 0
    outer loop
      vertex -3.47855 2.85477 4.4
      vertex -3.74161 2.50007 4
      vertex -3.74161 2.50007 4.4
    endloop
  endfacet
  facet normal -0.0490707 -0.998795 0
    outer loop
      vertex -0.441076 -4.47833 4
      vertex 0 -4.5 4.4
      vertex -0.441076 -4.47833 4.4
    endloop
  endfacet
  facet normal -0.0490707 -0.998795 -0
    outer loop
      vertex 0 -4.5 4.4
      vertex -0.441076 -4.47833 4
      vertex 0 -4.5 4
    endloop
  endfacet
  facet normal -0.146736 -0.989176 0
    outer loop
      vertex -0.877906 -4.41353 4
      vertex -0.441076 -4.47833 4.4
      vertex -0.877906 -4.41353 4.4
    endloop
  endfacet
  facet normal -0.146736 -0.989176 -0
    outer loop
      vertex -0.441076 -4.47833 4.4
      vertex -0.877906 -4.41353 4
      vertex -0.441076 -4.47833 4
    endloop
  endfacet
  facet normal -0.989176 0.146736 0
    outer loop
      vertex -4.47833 0.441076 4
      vertex -4.41353 0.877906 4.4
      vertex -4.41353 0.877906 4
    endloop
  endfacet
  facet normal -0.989176 0.146736 0
    outer loop
      vertex -4.41353 0.877906 4.4
      vertex -4.47833 0.441076 4
      vertex -4.47833 0.441076 4.4
    endloop
  endfacet
  facet normal -0.998795 0.0490707 0
    outer loop
      vertex -4.5 0 4
      vertex -4.47833 0.441076 4.4
      vertex -4.47833 0.441076 4
    endloop
  endfacet
  facet normal -0.998795 0.0490707 0
    outer loop
      vertex -4.47833 0.441076 4.4
      vertex -4.5 0 4
      vertex -4.5 0 4.4
    endloop
  endfacet
  facet normal -0.336886 -0.941546 0
    outer loop
      vertex -1.72207 -4.15746 4
      vertex -1.30628 -4.30623 4.4
      vertex -1.72207 -4.15746 4.4
    endloop
  endfacet
  facet normal -0.336886 -0.941546 -0
    outer loop
      vertex -1.30628 -4.30623 4.4
      vertex -1.72207 -4.15746 4
      vertex -1.30628 -4.30623 4
    endloop
  endfacet
  facet normal 0.671564 -0.740946 0
    outer loop
      vertex 2.85477 -3.47855 4
      vertex 3.18198 -3.18198 4.4
      vertex 2.85477 -3.47855 4.4
    endloop
  endfacet
  facet normal 0.671564 -0.740946 0
    outer loop
      vertex 3.18198 -3.18198 4.4
      vertex 2.85477 -3.47855 4
      vertex 3.18198 -3.18198 4
    endloop
  endfacet
  facet normal 0 0 1
    outer loop
      vertex 3.5 0 4.4
      vertex 4.5 0 4.4
      vertex 4.47833 0.441076 4.4
    endloop
  endfacet
  facet normal 0 0 1
    outer loop
      vertex 3.48315 0.34306 4.4
      vertex 4.47833 0.441076 4.4
      vertex 4.41353 0.877906 4.4
    endloop
  endfacet
  facet normal 0 0 1
    outer loop
      vertex 4.5 0 4.4
      vertex 3.5 0 4.4
      vertex 4.47833 -0.441076 4.4
    endloop
  endfacet
  facet normal 0 0 1
    outer loop
      vertex 3.43275 0.682816 4.4
      vertex 4.41353 0.877906 4.4
      vertex 4.30623 1.30628 4.4
    endloop
  endfacet
  facet normal -0 0 1
    outer loop
      vertex 3.48315 -0.34306 4.4
      vertex 4.47833 -0.441076 4.4
      vertex 3.5 0 4.4
    endloop
  endfacet
  facet normal 0 0 1
    outer loop
      vertex 3.34929 1.016 4.4
      vertex 4.30623 1.30628 4.4
      vertex 4.15746 1.72207 4.4
    endloop
  endfacet
  facet normal 0 0 1
    outer loop
      vertex 4.47833 -0.441076 4.4
      vertex 3.48315 -0.34306 4.4
      vertex 4.41353 -0.877906 4.4
    endloop
  endfacet
  facet normal 0 0 1
    outer loop
      vertex 3.23358 1.33939 4.4
      vertex 4.15746 1.72207 4.4
      vertex 3.96865 2.12128 4.4
    endloop
  endfacet
  facet normal -0 0 1
    outer loop
      vertex 3.43275 -0.682816 4.4
      vertex 4.41353 -0.877906 4.4
      vertex 3.48315 -0.34306 4.4
    endloop
  endfacet
  facet normal 0 0 1
    outer loop
      vertex 3.08672 1.64989 4.4
      vertex 3.96865 2.12128 4.4
      vertex 3.74161 2.50007 4.4
    endloop
  endfacet
  facet normal 0 0 1
    outer loop
      vertex 4.41353 -0.877906 4.4
      vertex 3.43275 -0.682816 4.4
      vertex 4.30623 -1.30628 4.4
    endloop
  endfacet
  facet normal -0 0 1
    outer loop
      vertex 3.34929 -1.016 4.4
      vertex 4.30623 -1.30628 4.4
      vertex 3.43275 -0.682816 4.4
    endloop
  endfacet
  facet normal 0 0 1
    outer loop
      vertex 4.47833 0.441076 4.4
      vertex 3.48315 0.34306 4.4
      vertex 3.5 0 4.4
    endloop
  endfacet
  facet normal 0 0 1
    outer loop
      vertex 2.91014 1.9445 4.4
      vertex 3.74161 2.50007 4.4
      vertex 3.47855 2.85477 4.4
    endloop
  endfacet
  facet normal 0 0 1
    outer loop
      vertex 4.41353 0.877906 4.4
      vertex 3.43275 0.682816 4.4
      vertex 3.48315 0.34306 4.4
    endloop
  endfacet
  facet normal 0 0 1
    outer loop
      vertex 4.30623 1.30628 4.4
      vertex 3.34929 1.016 4.4
      vertex 3.43275 0.682816 4.4
    endloop
  endfacet
  facet normal 0 0 1
    outer loop
      vertex 4.15746 1.72207 4.4
      vertex 3.23358 1.33939 4.4
      vertex 3.34929 1.016 4.4
    endloop
  endfacet
  facet normal 0 0 1
    outer loop
      vertex 2.70554 2.22038 4.4
      vertex 3.47855 2.85477 4.4
      vertex 3.18198 3.18198 4.4
    endloop
  endfacet
  facet normal 0 0 1
    outer loop
      vertex 3.96865 2.12128 4.4
      vertex 3.08672 1.64989 4.4
      vertex 3.23358 1.33939 4.4
    endloop
  endfacet
  facet normal 0 0 1
    outer loop
      vertex 3.74161 2.50007 4.4
      vertex 2.91014 1.9445 4.4
      vertex 3.08672 1.64989 4.4
    endloop
  endfacet
  facet normal 0 0 1
    outer loop
      vertex 2.47487 2.47487 4.4
      vertex 3.18198 3.18198 4.4
      vertex 2.85477 3.47855 4.4
    endloop
  endfacet
  facet normal 0 0 1
    outer loop
      vertex 3.47855 2.85477 4.4
      vertex 2.70554 2.22038 4.4
      vertex 2.91014 1.9445 4.4
    endloop
  endfacet
  facet normal 0 0 1
    outer loop
      vertex 2.22038 2.70554 4.4
      vertex 2.85477 3.47855 4.4
      vertex 2.50007 3.74161 4.4
    endloop
  endfacet
  facet normal 0 0 1
    outer loop
      vertex 3.18198 3.18198 4.4
      vertex 2.47487 2.47487 4.4
      vertex 2.70554 2.22038 4.4
    endloop
  endfacet
  facet normal 0 0 1
    outer loop
      vertex 2.85477 3.47855 4.4
      vertex 2.22038 2.70554 4.4
      vertex 2.47487 2.47487 4.4
    endloop
  endfacet
  facet normal 0 0 1
    outer loop
      vertex 1.9445 2.91014 4.4
      vertex 2.50007 3.74161 4.4
      vertex 2.12128 3.96865 4.4
    endloop
  endfacet
  facet normal 0 0 1
    outer loop
      vertex 2.50007 3.74161 4.4
      vertex 1.9445 2.91014 4.4
      vertex 2.22038 2.70554 4.4
    endloop
  endfacet
  facet normal 0 0 1
    outer loop
      vertex 1.64989 3.08672 4.4
      vertex 2.12128 3.96865 4.4
      vertex 1.72207 4.15746 4.4
    endloop
  endfacet
  facet normal 0 0 1
    outer loop
      vertex 2.12128 3.96865 4.4
      vertex 1.64989 3.08672 4.4
      vertex 1.9445 2.91014 4.4
    endloop
  endfacet
  facet normal 0 0 1
    outer loop
      vertex 1.72207 4.15746 4.4
      vertex 1.33939 3.23358 4.4
      vertex 1.64989 3.08672 4.4
    endloop
  endfacet
  facet normal 0 0 1
    outer loop
      vertex 1.30628 4.30623 4.4
      vertex 1.33939 3.23358 4.4
      vertex 1.72207 4.15746 4.4
    endloop
  endfacet
  facet normal 0 0 1
    outer loop
      vertex 1.30628 4.30623 4.4
      vertex 1.016 3.34929 4.4
      vertex 1.33939 3.23358 4.4
    endloop
  endfacet
  facet normal 0 0 1
    outer loop
      vertex 0.877906 4.41353 4.4
      vertex 1.016 3.34929 4.4
      vertex 1.30628 4.30623 4.4
    endloop
  endfacet
  facet normal 0 0 1
    outer loop
      vertex 0.877906 4.41353 4.4
      vertex 0.682816 3.43275 4.4
      vertex 1.016 3.34929 4.4
    endloop
  endfacet
  facet normal 0 0 1
    outer loop
      vertex 0.441076 4.47833 4.4
      vertex 0.682816 3.43275 4.4
      vertex 0.877906 4.41353 4.4
    endloop
  endfacet
  facet normal 0 0 1
    outer loop
      vertex 0.441076 4.47833 4.4
      vertex 0.34306 3.48315 4.4
      vertex 0.682816 3.43275 4.4
    endloop
  endfacet
  facet normal 0 0 1
    outer loop
      vertex 0 4.5 4.4
      vertex 0.34306 3.48315 4.4
      vertex 0.441076 4.47833 4.4
    endloop
  endfacet
  facet normal 0 0 1
    outer loop
      vertex 0 4.5 4.4
      vertex 0 3.5 4.4
      vertex 0.34306 3.48315 4.4
    endloop
  endfacet
  facet normal 0 0 1
    outer loop
      vertex 0 4.5 4.4
      vertex -0.34306 3.48315 4.4
      vertex 0 3.5 4.4
    endloop
  endfacet
  facet normal -0 0 1
    outer loop
      vertex -0.441076 4.47833 4.4
      vertex -0.34306 3.48315 4.4
      vertex 0 4.5 4.4
    endloop
  endfacet
  facet normal 0 0 1
    outer loop
      vertex -0.441076 4.47833 4.4
      vertex -0.682816 3.43275 4.4
      vertex -0.34306 3.48315 4.4
    endloop
  endfacet
  facet normal -0 0 1
    outer loop
      vertex -0.877906 4.41353 4.4
      vertex -0.682816 3.43275 4.4
      vertex -0.441076 4.47833 4.4
    endloop
  endfacet
  facet normal 0 0 1
    outer loop
      vertex -0.877906 4.41353 4.4
      vertex -1.016 3.34929 4.4
      vertex -0.682816 3.43275 4.4
    endloop
  endfacet
  facet normal -0 0 1
    outer loop
      vertex -1.30628 4.30623 4.4
      vertex -1.016 3.34929 4.4
      vertex -0.877906 4.41353 4.4
    endloop
  endfacet
  facet normal 0 0 1
    outer loop
      vertex -1.30628 4.30623 4.4
      vertex -1.33939 3.23358 4.4
      vertex -1.016 3.34929 4.4
    endloop
  endfacet
  facet normal -0 0 1
    outer loop
      vertex -1.72207 4.15746 4.4
      vertex -1.33939 3.23358 4.4
      vertex -1.30628 4.30623 4.4
    endloop
  endfacet
  facet normal 0 0 1
    outer loop
      vertex -1.33939 3.23358 4.4
      vertex -1.72207 4.15746 4.4
      vertex -1.64989 3.08672 4.4
    endloop
  endfacet
  facet normal -0 0 1
    outer loop
      vertex -2.12128 3.96865 4.4
      vertex -1.64989 3.08672 4.4
      vertex -1.72207 4.15746 4.4
    endloop
  endfacet
  facet normal 0 0 1
    outer loop
      vertex -1.64989 3.08672 4.4
      vertex -2.12128 3.96865 4.4
      vertex -1.9445 2.91014 4.4
    endloop
  endfacet
  facet normal -0 0 1
    outer loop
      vertex -2.50007 3.74161 4.4
      vertex -1.9445 2.91014 4.4
      vertex -2.12128 3.96865 4.4
    endloop
  endfacet
  facet normal 0 0 1
    outer loop
      vertex -1.9445 2.91014 4.4
      vertex -2.50007 3.74161 4.4
      vertex -2.22038 2.70554 4.4
    endloop
  endfacet
  facet normal -0 0 1
    outer loop
      vertex -2.85477 3.47855 4.4
      vertex -2.22038 2.70554 4.4
      vertex -2.50007 3.74161 4.4
    endloop
  endfacet
  facet normal 0 0 1
    outer loop
      vertex -2.22038 2.70554 4.4
      vertex -2.85477 3.47855 4.4
      vertex -2.47487 2.47487 4.4
    endloop
  endfacet
  facet normal -0 0 1
    outer loop
      vertex -3.18198 3.18198 4.4
      vertex -2.47487 2.47487 4.4
      vertex -2.85477 3.47855 4.4
    endloop
  endfacet
  facet normal 0 0 1
    outer loop
      vertex -2.47487 2.47487 4.4
      vertex -3.18198 3.18198 4.4
      vertex -2.70554 2.22038 4.4
    endloop
  endfacet
  facet normal -0 0 1
    outer loop
      vertex -3.47855 2.85477 4.4
      vertex -2.70554 2.22038 4.4
      vertex -3.18198 3.18198 4.4
    endloop
  endfacet
  facet normal 0 0 1
    outer loop
      vertex -2.70554 2.22038 4.4
      vertex -3.47855 2.85477 4.4
      vertex -2.91014 1.9445 4.4
    endloop
  endfacet
  facet normal -0 0 1
    outer loop
      vertex -3.74161 2.50007 4.4
      vertex -2.91014 1.9445 4.4
      vertex -3.47855 2.85477 4.4
    endloop
  endfacet
  facet normal 0 0 1
    outer loop
      vertex -2.91014 1.9445 4.4
      vertex -3.74161 2.50007 4.4
      vertex -3.08672 1.64989 4.4
    endloop
  endfacet
  facet normal -0 0 1
    outer loop
      vertex -3.96865 2.12128 4.4
      vertex -3.08672 1.64989 4.4
      vertex -3.74161 2.50007 4.4
    endloop
  endfacet
  facet normal 0 0 1
    outer loop
      vertex -3.08672 1.64989 4.4
      vertex -3.96865 2.12128 4.4
      vertex -3.23358 1.33939 4.4
    endloop
  endfacet
  facet normal -0 0 1
    outer loop
      vertex -4.15746 1.72207 4.4
      vertex -3.23358 1.33939 4.4
      vertex -3.96865 2.12128 4.4
    endloop
  endfacet
  facet normal 0 0 1
    outer loop
      vertex -3.23358 1.33939 4.4
      vertex -4.15746 1.72207 4.4
      vertex -3.34929 1.016 4.4
    endloop
  endfacet
  facet normal -0 0 1
    outer loop
      vertex -4.30623 1.30628 4.4
      vertex -3.34929 1.016 4.4
      vertex -4.15746 1.72207 4.4
    endloop
  endfacet
  facet normal 0 0 1
    outer loop
      vertex 4.30623 -1.30628 4.4
      vertex 3.34929 -1.016 4.4
      vertex 4.15746 -1.72207 4.4
    endloop
  endfacet
  facet normal -0 0 1
    outer loop
      vertex 3.23358 -1.33939 4.4
      vertex 4.15746 -1.72207 4.4
      vertex 3.34929 -1.016 4.4
    endloop
  endfacet
  facet normal 0 0 1
    outer loop
      vertex 4.15746 -1.72207 4.4
      vertex 3.23358 -1.33939 4.4
      vertex 3.96865 -2.12128 4.4
    endloop
  endfacet
  facet normal -0 0 1
    outer loop
      vertex 3.08672 -1.64989 4.4
      vertex 3.96865 -2.12128 4.4
      vertex 3.23358 -1.33939 4.4
    endloop
  endfacet
  facet normal 0 0 1
    outer loop
      vertex 3.96865 -2.12128 4.4
      vertex 3.08672 -1.64989 4.4
      vertex 3.74161 -2.50007 4.4
    endloop
  endfacet
  facet normal -0 0 1
    outer loop
      vertex 2.91014 -1.9445 4.4
      vertex 3.74161 -2.50007 4.4
      vertex 3.08672 -1.64989 4.4
    endloop
  endfacet
  facet normal 0 0 1
    outer loop
      vertex 3.74161 -2.50007 4.4
      vertex 2.91014 -1.9445 4.4
      vertex 3.47855 -2.85477 4.4
    endloop
  endfacet
  facet normal -0 0 1
    outer loop
      vertex 2.70554 -2.22038 4.4
      vertex 3.47855 -2.85477 4.4
      vertex 2.91014 -1.9445 4.4
    endloop
  endfacet
  facet normal 0 0 1
    outer loop
      vertex 3.47855 -2.85477 4.4
      vertex 2.70554 -2.22038 4.4
      vertex 3.18198 -3.18198 4.4
    endloop
  endfacet
  facet normal -0 0 1
    outer loop
      vertex 2.47487 -2.47487 4.4
      vertex 3.18198 -3.18198 4.4
      vertex 2.70554 -2.22038 4.4
    endloop
  endfacet
  facet normal 0 0 1
    outer loop
      vertex 3.18198 -3.18198 4.4
      vertex 2.47487 -2.47487 4.4
      vertex 2.85477 -3.47855 4.4
    endloop
  endfacet
  facet normal -0 0 1
    outer loop
      vertex 2.22038 -2.70554 4.4
      vertex 2.85477 -3.47855 4.4
      vertex 2.47487 -2.47487 4.4
    endloop
  endfacet
  facet normal 0 0 1
    outer loop
      vertex 2.85477 -3.47855 4.4
      vertex 2.22038 -2.70554 4.4
      vertex 2.50007 -3.74161 4.4
    endloop
  endfacet
  facet normal -0 0 1
    outer loop
      vertex 1.9445 -2.91014 4.4
      vertex 2.50007 -3.74161 4.4
      vertex 2.22038 -2.70554 4.4
    endloop
  endfacet
  facet normal 0 0 1
    outer loop
      vertex 2.50007 -3.74161 4.4
      vertex 1.9445 -2.91014 4.4
      vertex 2.12128 -3.96865 4.4
    endloop
  endfacet
  facet normal -0 0 1
    outer loop
      vertex 1.64989 -3.08672 4.4
      vertex 2.12128 -3.96865 4.4
      vertex 1.9445 -2.91014 4.4
    endloop
  endfacet
  facet normal 0 0 1
    outer loop
      vertex 2.12128 -3.96865 4.4
      vertex 1.64989 -3.08672 4.4
      vertex 1.72207 -4.15746 4.4
    endloop
  endfacet
  facet normal -0 0 1
    outer loop
      vertex 1.33939 -3.23358 4.4
      vertex 1.72207 -4.15746 4.4
      vertex 1.64989 -3.08672 4.4
    endloop
  endfacet
  facet normal 0 0 1
    outer loop
      vertex 1.33939 -3.23358 4.4
      vertex 1.30628 -4.30623 4.4
      vertex 1.72207 -4.15746 4.4
    endloop
  endfacet
  facet normal -0 0 1
    outer loop
      vertex 1.016 -3.34929 4.4
      vertex 1.30628 -4.30623 4.4
      vertex 1.33939 -3.23358 4.4
    endloop
  endfacet
  facet normal 0 0 1
    outer loop
      vertex 1.016 -3.34929 4.4
      vertex 0.877906 -4.41353 4.4
      vertex 1.30628 -4.30623 4.4
    endloop
  endfacet
  facet normal -0 0 1
    outer loop
      vertex 0.682816 -3.43275 4.4
      vertex 0.877906 -4.41353 4.4
      vertex 1.016 -3.34929 4.4
    endloop
  endfacet
  facet normal 0 0 1
    outer loop
      vertex 0.682816 -3.43275 4.4
      vertex 0.441076 -4.47833 4.4
      vertex 0.877906 -4.41353 4.4
    endloop
  endfacet
  facet normal -0 0 1
    outer loop
      vertex 0.34306 -3.48315 4.4
      vertex 0.441076 -4.47833 4.4
      vertex 0.682816 -3.43275 4.4
    endloop
  endfacet
  facet normal -0 0 1
    outer loop
      vertex 0 -3.5 4.4
      vertex 0.441076 -4.47833 4.4
      vertex 0.34306 -3.48315 4.4
    endloop
  endfacet
  facet normal 0 0 1
    outer loop
      vertex 0 -3.5 4.4
      vertex 0 -4.5 4.4
      vertex 0.441076 -4.47833 4.4
    endloop
  endfacet
  facet normal 0 0 1
    outer loop
      vertex -0.34306 -3.48315 4.4
      vertex 0 -4.5 4.4
      vertex 0 -3.5 4.4
    endloop
  endfacet
  facet normal 0 0 1
    outer loop
      vertex -0.34306 -3.48315 4.4
      vertex -0.441076 -4.47833 4.4
      vertex 0 -4.5 4.4
    endloop
  endfacet
  facet normal 0 0 1
    outer loop
      vertex -0.682816 -3.43275 4.4
      vertex -0.441076 -4.47833 4.4
      vertex -0.34306 -3.48315 4.4
    endloop
  endfacet
  facet normal 0 0 1
    outer loop
      vertex -0.682816 -3.43275 4.4
      vertex -0.877906 -4.41353 4.4
      vertex -0.441076 -4.47833 4.4
    endloop
  endfacet
  facet normal 0 0 1
    outer loop
      vertex -1.016 -3.34929 4.4
      vertex -0.877906 -4.41353 4.4
      vertex -0.682816 -3.43275 4.4
    endloop
  endfacet
  facet normal 0 0 1
    outer loop
      vertex -1.016 -3.34929 4.4
      vertex -1.30628 -4.30623 4.4
      vertex -0.877906 -4.41353 4.4
    endloop
  endfacet
  facet normal 0 0 1
    outer loop
      vertex -1.33939 -3.23358 4.4
      vertex -1.30628 -4.30623 4.4
      vertex -1.016 -3.34929 4.4
    endloop
  endfacet
  facet normal 0 0 1
    outer loop
      vertex -1.72207 -4.15746 4.4
      vertex -1.33939 -3.23358 4.4
      vertex -1.64989 -3.08672 4.4
    endloop
  endfacet
  facet normal 0 0 1
    outer loop
      vertex -1.33939 -3.23358 4.4
      vertex -1.72207 -4.15746 4.4
      vertex -1.30628 -4.30623 4.4
    endloop
  endfacet
  facet normal 0 0 1
    outer loop
      vertex -2.12128 -3.96865 4.4
      vertex -1.64989 -3.08672 4.4
      vertex -1.9445 -2.91014 4.4
    endloop
  endfacet
  facet normal 0 0 1
    outer loop
      vertex -1.64989 -3.08672 4.4
      vertex -2.12128 -3.96865 4.4
      vertex -1.72207 -4.15746 4.4
    endloop
  endfacet
  facet normal 0 0 1
    outer loop
      vertex -2.50007 -3.74161 4.4
      vertex -1.9445 -2.91014 4.4
      vertex -2.22038 -2.70554 4.4
    endloop
  endfacet
  facet normal 0 0 1
    outer loop
      vertex -2.85477 -3.47855 4.4
      vertex -2.22038 -2.70554 4.4
      vertex -2.47487 -2.47487 4.4
    endloop
  endfacet
  facet normal 0 0 1
    outer loop
      vertex -1.9445 -2.91014 4.4
      vertex -2.50007 -3.74161 4.4
      vertex -2.12128 -3.96865 4.4
    endloop
  endfacet
  facet normal 0 0 1
    outer loop
      vertex -3.18198 -3.18198 4.4
      vertex -2.47487 -2.47487 4.4
      vertex -2.70554 -2.22038 4.4
    endloop
  endfacet
  facet normal 0 0 1
    outer loop
      vertex -2.22038 -2.70554 4.4
      vertex -2.85477 -3.47855 4.4
      vertex -2.50007 -3.74161 4.4
    endloop
  endfacet
  facet normal 0 0 1
    outer loop
      vertex -3.47855 -2.85477 4.4
      vertex -2.70554 -2.22038 4.4
      vertex -2.91014 -1.9445 4.4
    endloop
  endfacet
  facet normal 0 0 1
    outer loop
      vertex -3.74161 -2.50007 4.4
      vertex -2.91014 -1.9445 4.4
      vertex -3.08672 -1.64989 4.4
    endloop
  endfacet
  facet normal 0 0 1
    outer loop
      vertex -2.47487 -2.47487 4.4
      vertex -3.18198 -3.18198 4.4
      vertex -2.85477 -3.47855 4.4
    endloop
  endfacet
  facet normal 0 0 1
    outer loop
      vertex -3.96865 -2.12128 4.4
      vertex -3.08672 -1.64989 4.4
      vertex -3.23358 -1.33939 4.4
    endloop
  endfacet
  facet normal 0 0 1
    outer loop
      vertex -4.15746 -1.72207 4.4
      vertex -3.23358 -1.33939 4.4
      vertex -3.34929 -1.016 4.4
    endloop
  endfacet
  facet normal 0 0 1
    outer loop
      vertex -4.30623 -1.30628 4.4
      vertex -3.34929 -1.016 4.4
      vertex -3.43275 -0.682816 4.4
    endloop
  endfacet
  facet normal 0 0 1
    outer loop
      vertex -2.70554 -2.22038 4.4
      vertex -3.47855 -2.85477 4.4
      vertex -3.18198 -3.18198 4.4
    endloop
  endfacet
  facet normal 0 0 1
    outer loop
      vertex -4.41353 -0.877906 4.4
      vertex -3.43275 -0.682816 4.4
      vertex -3.48315 -0.34306 4.4
    endloop
  endfacet
  facet normal 0 0 1
    outer loop
      vertex -4.47833 -0.441076 4.4
      vertex -3.48315 -0.34306 4.4
      vertex -3.5 0 4.4
    endloop
  endfacet
  facet normal 0 0 1
    outer loop
      vertex -3.34929 1.016 4.4
      vertex -4.30623 1.30628 4.4
      vertex -3.43275 0.682816 4.4
    endloop
  endfacet
  facet normal 0 0 1
    outer loop
      vertex -2.91014 -1.9445 4.4
      vertex -3.74161 -2.50007 4.4
      vertex -3.47855 -2.85477 4.4
    endloop
  endfacet
  facet normal -0 0 1
    outer loop
      vertex -4.41353 0.877906 4.4
      vertex -3.43275 0.682816 4.4
      vertex -4.30623 1.30628 4.4
    endloop
  endfacet
  facet normal 0 0 1
    outer loop
      vertex -3.08672 -1.64989 4.4
      vertex -3.96865 -2.12128 4.4
      vertex -3.74161 -2.50007 4.4
    endloop
  endfacet
  facet normal 0 0 1
    outer loop
      vertex -3.43275 0.682816 4.4
      vertex -4.41353 0.877906 4.4
      vertex -3.48315 0.34306 4.4
    endloop
  endfacet
  facet normal 0 0 1
    outer loop
      vertex -3.23358 -1.33939 4.4
      vertex -4.15746 -1.72207 4.4
      vertex -3.96865 -2.12128 4.4
    endloop
  endfacet
  facet normal -0 0 1
    outer loop
      vertex -4.47833 0.441076 4.4
      vertex -3.48315 0.34306 4.4
      vertex -4.41353 0.877906 4.4
    endloop
  endfacet
  facet normal 0 0 1
    outer loop
      vertex -3.34929 -1.016 4.4
      vertex -4.30623 -1.30628 4.4
      vertex -4.15746 -1.72207 4.4
    endloop
  endfacet
  facet normal 0 0 1
    outer loop
      vertex -3.48315 0.34306 4.4
      vertex -4.47833 0.441076 4.4
      vertex -3.5 0 4.4
    endloop
  endfacet
  facet normal 0 0 1
    outer loop
      vertex -3.43275 -0.682816 4.4
      vertex -4.41353 -0.877906 4.4
      vertex -4.30623 -1.30628 4.4
    endloop
  endfacet
  facet normal 0 0 1
    outer loop
      vertex -4.5 0 4.4
      vertex -3.5 0 4.4
      vertex -4.47833 0.441076 4.4
    endloop
  endfacet
  facet normal 0 0 1
    outer loop
      vertex -3.48315 -0.34306 4.4
      vertex -4.47833 -0.441076 4.4
      vertex -4.41353 -0.877906 4.4
    endloop
  endfacet
  facet normal 0 0 1
    outer loop
      vertex -3.5 0 4.4
      vertex -4.5 0 4.4
      vertex -4.47833 -0.441076 4.4
    endloop
  endfacet
  facet normal 0.989176 0.146736 0
    outer loop
      vertex 3.48315 0.34306 6.3
      vertex 3.43275 0.682816 4.4
      vertex 3.43275 0.682816 6.3
    endloop
  endfacet
  facet normal 0.989176 0.146736 0
    outer loop
      vertex 3.43275 0.682816 4.4
      vertex 3.48315 0.34306 6.3
      vertex 3.48315 0.34306 4.4
    endloop
  endfacet
  facet normal 0.998796 0.0490576 0
    outer loop
      vertex 3.5 0 6.3
      vertex 3.48315 0.34306 4.4
      vertex 3.48315 0.34306 6.3
    endloop
  endfacet
  facet normal 0.998796 0.0490576 0
    outer loop
      vertex 3.48315 0.34306 4.4
      vertex 3.5 0 6.3
      vertex 3.5 0 4.4
    endloop
  endfacet
  facet normal 0.97003 0.242985 0
    outer loop
      vertex 3.43275 0.682816 6.3
      vertex 3.34929 1.016 4.4
      vertex 3.34929 1.016 6.3
    endloop
  endfacet
  facet normal 0.97003 0.242985 0
    outer loop
      vertex 3.34929 1.016 4.4
      vertex 3.43275 0.682816 6.3
      vertex 3.43275 0.682816 4.4
    endloop
  endfacet
  facet normal 0.595687 -0.803217 0
    outer loop
      vertex 1.9445 -2.91014 4.4
      vertex 2.22038 -2.70554 6.3
      vertex 1.9445 -2.91014 6.3
    endloop
  endfacet
  facet normal 0.595687 -0.803217 0
    outer loop
      vertex 2.22038 -2.70554 6.3
      vertex 1.9445 -2.91014 4.4
      vertex 2.22038 -2.70554 4.4
    endloop
  endfacet
  facet normal 0.427566 -0.903984 0
    outer loop
      vertex 1.33939 -3.23358 4.4
      vertex 1.64989 -3.08672 6.3
      vertex 1.33939 -3.23358 6.3
    endloop
  endfacet
  facet normal 0.427566 -0.903984 0
    outer loop
      vertex 1.64989 -3.08672 6.3
      vertex 1.33939 -3.23358 4.4
      vertex 1.64989 -3.08672 4.4
    endloop
  endfacet
  facet normal -0.671581 -0.740931 0
    outer loop
      vertex -2.47487 -2.47487 4.4
      vertex -2.22038 -2.70554 6.3
      vertex -2.47487 -2.47487 6.3
    endloop
  endfacet
  facet normal -0.671581 -0.740931 -0
    outer loop
      vertex -2.22038 -2.70554 6.3
      vertex -2.47487 -2.47487 4.4
      vertex -2.22038 -2.70554 4.4
    endloop
  endfacet
  facet normal 0.514098 0.857732 -0
    outer loop
      vertex 1.9445 2.91014 4.4
      vertex 1.64989 3.08672 6.3
      vertex 1.9445 2.91014 6.3
    endloop
  endfacet
  facet normal 0.514098 0.857732 0
    outer loop
      vertex 1.64989 3.08672 6.3
      vertex 1.9445 2.91014 4.4
      vertex 1.64989 3.08672 4.4
    endloop
  endfacet
  facet normal -0.146736 -0.989176 0
    outer loop
      vertex -0.682816 -3.43275 4.4
      vertex -0.34306 -3.48315 6.3
      vertex -0.682816 -3.43275 6.3
    endloop
  endfacet
  facet normal -0.146736 -0.989176 -0
    outer loop
      vertex -0.34306 -3.48315 6.3
      vertex -0.682816 -3.43275 4.4
      vertex -0.34306 -3.48315 4.4
    endloop
  endfacet
  facet normal -0.242985 0.97003 0
    outer loop
      vertex -0.682816 3.43275 4.4
      vertex -1.016 3.34929 6.3
      vertex -0.682816 3.43275 6.3
    endloop
  endfacet
  facet normal -0.242985 0.97003 0
    outer loop
      vertex -1.016 3.34929 6.3
      vertex -0.682816 3.43275 4.4
      vertex -1.016 3.34929 4.4
    endloop
  endfacet
  facet normal 0.740931 0.671581 0
    outer loop
      vertex 2.70554 2.22038 6.3
      vertex 2.47487 2.47487 4.4
      vertex 2.47487 2.47487 6.3
    endloop
  endfacet
  facet normal 0.740931 0.671581 0
    outer loop
      vertex 2.47487 2.47487 4.4
      vertex 2.70554 2.22038 6.3
      vertex 2.70554 2.22038 4.4
    endloop
  endfacet
  facet normal -0.97003 -0.242985 0
    outer loop
      vertex -3.34929 -1.016 4.4
      vertex -3.43275 -0.682816 6.3
      vertex -3.43275 -0.682816 4.4
    endloop
  endfacet
  facet normal -0.97003 -0.242985 0
    outer loop
      vertex -3.43275 -0.682816 6.3
      vertex -3.34929 -1.016 4.4
      vertex -3.34929 -1.016 6.3
    endloop
  endfacet
  facet normal 0.857732 0.514098 0
    outer loop
      vertex 3.08672 1.64989 6.3
      vertex 2.91014 1.9445 4.4
      vertex 2.91014 1.9445 6.3
    endloop
  endfacet
  facet normal 0.857732 0.514098 0
    outer loop
      vertex 2.91014 1.9445 4.4
      vertex 3.08672 1.64989 6.3
      vertex 3.08672 1.64989 4.4
    endloop
  endfacet
  facet normal 0.671581 0.740931 -0
    outer loop
      vertex 2.47487 2.47487 4.4
      vertex 2.22038 2.70554 6.3
      vertex 2.47487 2.47487 6.3
    endloop
  endfacet
  facet normal 0.671581 0.740931 0
    outer loop
      vertex 2.22038 2.70554 6.3
      vertex 2.47487 2.47487 4.4
      vertex 2.22038 2.70554 4.4
    endloop
  endfacet
  facet normal -0.941545 -0.336888 0
    outer loop
      vertex -3.23358 -1.33939 4.4
      vertex -3.34929 -1.016 6.3
      vertex -3.34929 -1.016 4.4
    endloop
  endfacet
  facet normal -0.941545 -0.336888 0
    outer loop
      vertex -3.34929 -1.016 6.3
      vertex -3.23358 -1.33939 4.4
      vertex -3.23358 -1.33939 6.3
    endloop
  endfacet
  facet normal 0.336888 -0.941545 0
    outer loop
      vertex 1.016 -3.34929 4.4
      vertex 1.33939 -3.23358 6.3
      vertex 1.016 -3.34929 6.3
    endloop
  endfacet
  facet normal 0.336888 -0.941545 0
    outer loop
      vertex 1.33939 -3.23358 6.3
      vertex 1.016 -3.34929 4.4
      vertex 1.33939 -3.23358 4.4
    endloop
  endfacet
  facet normal 0.941545 0.336888 0
    outer loop
      vertex 3.34929 1.016 6.3
      vertex 3.23358 1.33939 4.4
      vertex 3.23358 1.33939 6.3
    endloop
  endfacet
  facet normal 0.941545 0.336888 0
    outer loop
      vertex 3.23358 1.33939 4.4
      vertex 3.34929 1.016 6.3
      vertex 3.34929 1.016 4.4
    endloop
  endfacet
  facet normal -0.998796 -0.0490576 0
    outer loop
      vertex -3.48315 -0.34306 4.4
      vertex -3.5 0 6.3
      vertex -3.5 0 4.4
    endloop
  endfacet
  facet normal -0.998796 -0.0490576 0
    outer loop
      vertex -3.5 0 6.3
      vertex -3.48315 -0.34306 4.4
      vertex -3.48315 -0.34306 6.3
    endloop
  endfacet
  facet normal -0.0490576 0.998796 0
    outer loop
      vertex 0 3.5 4.4
      vertex -0.34306 3.48315 6.3
      vertex 0 3.5 6.3
    endloop
  endfacet
  facet normal -0.0490576 0.998796 0
    outer loop
      vertex -0.34306 3.48315 6.3
      vertex 0 3.5 4.4
      vertex -0.34306 3.48315 4.4
    endloop
  endfacet
  facet normal 0.903984 -0.427566 0
    outer loop
      vertex 3.08672 -1.64989 6.3
      vertex 3.23358 -1.33939 4.4
      vertex 3.23358 -1.33939 6.3
    endloop
  endfacet
  facet normal 0.903984 -0.427566 0
    outer loop
      vertex 3.23358 -1.33939 4.4
      vertex 3.08672 -1.64989 6.3
      vertex 3.08672 -1.64989 4.4
    endloop
  endfacet
  facet normal 0.595687 0.803217 -0
    outer loop
      vertex 2.22038 2.70554 4.4
      vertex 1.9445 2.91014 6.3
      vertex 2.22038 2.70554 6.3
    endloop
  endfacet
  facet normal 0.595687 0.803217 0
    outer loop
      vertex 1.9445 2.91014 6.3
      vertex 2.22038 2.70554 4.4
      vertex 1.9445 2.91014 4.4
    endloop
  endfacet
  facet normal 0.998796 -0.0490576 0
    outer loop
      vertex 3.48315 -0.34306 6.3
      vertex 3.5 0 4.4
      vertex 3.5 0 6.3
    endloop
  endfacet
  facet normal 0.998796 -0.0490576 0
    outer loop
      vertex 3.5 0 4.4
      vertex 3.48315 -0.34306 6.3
      vertex 3.48315 -0.34306 4.4
    endloop
  endfacet
  facet normal -0.336888 -0.941545 0
    outer loop
      vertex -1.33939 -3.23358 4.4
      vertex -1.016 -3.34929 6.3
      vertex -1.33939 -3.23358 6.3
    endloop
  endfacet
  facet normal -0.336888 -0.941545 -0
    outer loop
      vertex -1.016 -3.34929 6.3
      vertex -1.33939 -3.23358 4.4
      vertex -1.016 -3.34929 4.4
    endloop
  endfacet
  facet normal -0.0490576 -0.998796 0
    outer loop
      vertex -0.34306 -3.48315 4.4
      vertex 0 -3.5 6.3
      vertex -0.34306 -3.48315 6.3
    endloop
  endfacet
  facet normal -0.0490576 -0.998796 -0
    outer loop
      vertex 0 -3.5 6.3
      vertex -0.34306 -3.48315 4.4
      vertex 0 -3.5 4.4
    endloop
  endfacet
  facet normal 0.0490576 -0.998796 0
    outer loop
      vertex 0 -3.5 4.4
      vertex 0.34306 -3.48315 6.3
      vertex 0 -3.5 6.3
    endloop
  endfacet
  facet normal 0.0490576 -0.998796 0
    outer loop
      vertex 0.34306 -3.48315 6.3
      vertex 0 -3.5 4.4
      vertex 0.34306 -3.48315 4.4
    endloop
  endfacet
  facet normal 0.803217 0.595687 0
    outer loop
      vertex 2.91014 1.9445 6.3
      vertex 2.70554 2.22038 4.4
      vertex 2.70554 2.22038 6.3
    endloop
  endfacet
  facet normal 0.803217 0.595687 0
    outer loop
      vertex 2.70554 2.22038 4.4
      vertex 2.91014 1.9445 6.3
      vertex 2.91014 1.9445 4.4
    endloop
  endfacet
  facet normal -0.671581 0.740931 0
    outer loop
      vertex -2.22038 2.70554 4.4
      vertex -2.47487 2.47487 6.3
      vertex -2.22038 2.70554 6.3
    endloop
  endfacet
  facet normal -0.671581 0.740931 0
    outer loop
      vertex -2.47487 2.47487 6.3
      vertex -2.22038 2.70554 4.4
      vertex -2.47487 2.47487 4.4
    endloop
  endfacet
  facet normal 0.146736 0.989176 -0
    outer loop
      vertex 0.682816 3.43275 4.4
      vertex 0.34306 3.48315 6.3
      vertex 0.682816 3.43275 6.3
    endloop
  endfacet
  facet normal 0.146736 0.989176 0
    outer loop
      vertex 0.34306 3.48315 6.3
      vertex 0.682816 3.43275 4.4
      vertex 0.34306 3.48315 4.4
    endloop
  endfacet
  facet normal 0.146736 -0.989176 0
    outer loop
      vertex 0.34306 -3.48315 4.4
      vertex 0.682816 -3.43275 6.3
      vertex 0.34306 -3.48315 6.3
    endloop
  endfacet
  facet normal 0.146736 -0.989176 0
    outer loop
      vertex 0.682816 -3.43275 6.3
      vertex 0.34306 -3.48315 4.4
      vertex 0.682816 -3.43275 4.4
    endloop
  endfacet
  facet normal 0.427566 0.903984 -0
    outer loop
      vertex 1.64989 3.08672 4.4
      vertex 1.33939 3.23358 6.3
      vertex 1.64989 3.08672 6.3
    endloop
  endfacet
  facet normal 0.427566 0.903984 0
    outer loop
      vertex 1.33939 3.23358 6.3
      vertex 1.64989 3.08672 4.4
      vertex 1.33939 3.23358 4.4
    endloop
  endfacet
  facet normal 0.941545 -0.336888 0
    outer loop
      vertex 3.23358 -1.33939 6.3
      vertex 3.34929 -1.016 4.4
      vertex 3.34929 -1.016 6.3
    endloop
  endfacet
  facet normal 0.941545 -0.336888 0
    outer loop
      vertex 3.34929 -1.016 4.4
      vertex 3.23358 -1.33939 6.3
      vertex 3.23358 -1.33939 4.4
    endloop
  endfacet
  facet normal 0.740931 -0.671581 0
    outer loop
      vertex 2.47487 -2.47487 6.3
      vertex 2.70554 -2.22038 4.4
      vertex 2.70554 -2.22038 6.3
    endloop
  endfacet
  facet normal 0.740931 -0.671581 0
    outer loop
      vertex 2.70554 -2.22038 4.4
      vertex 2.47487 -2.47487 6.3
      vertex 2.47487 -2.47487 4.4
    endloop
  endfacet
  facet normal -0.740931 0.671581 0
    outer loop
      vertex -2.70554 2.22038 4.4
      vertex -2.47487 2.47487 6.3
      vertex -2.47487 2.47487 4.4
    endloop
  endfacet
  facet normal -0.740931 0.671581 0
    outer loop
      vertex -2.47487 2.47487 6.3
      vertex -2.70554 2.22038 4.4
      vertex -2.70554 2.22038 6.3
    endloop
  endfacet
  facet normal -0.857732 0.514098 0
    outer loop
      vertex -3.08672 1.64989 4.4
      vertex -2.91014 1.9445 6.3
      vertex -2.91014 1.9445 4.4
    endloop
  endfacet
  facet normal -0.857732 0.514098 0
    outer loop
      vertex -2.91014 1.9445 6.3
      vertex -3.08672 1.64989 4.4
      vertex -3.08672 1.64989 6.3
    endloop
  endfacet
  facet normal 0.903984 0.427566 0
    outer loop
      vertex 3.23358 1.33939 6.3
      vertex 3.08672 1.64989 4.4
      vertex 3.08672 1.64989 6.3
    endloop
  endfacet
  facet normal 0.903984 0.427566 0
    outer loop
      vertex 3.08672 1.64989 4.4
      vertex 3.23358 1.33939 6.3
      vertex 3.23358 1.33939 4.4
    endloop
  endfacet
  facet normal -0.514098 0.857732 0
    outer loop
      vertex -1.64989 3.08672 4.4
      vertex -1.9445 2.91014 6.3
      vertex -1.64989 3.08672 6.3
    endloop
  endfacet
  facet normal -0.514098 0.857732 0
    outer loop
      vertex -1.9445 2.91014 6.3
      vertex -1.64989 3.08672 4.4
      vertex -1.9445 2.91014 4.4
    endloop
  endfacet
  facet normal 0.989176 -0.146736 0
    outer loop
      vertex 3.43275 -0.682816 6.3
      vertex 3.48315 -0.34306 4.4
      vertex 3.48315 -0.34306 6.3
    endloop
  endfacet
  facet normal 0.989176 -0.146736 0
    outer loop
      vertex 3.48315 -0.34306 4.4
      vertex 3.43275 -0.682816 6.3
      vertex 3.43275 -0.682816 4.4
    endloop
  endfacet
  facet normal 0.514098 -0.857732 0
    outer loop
      vertex 1.64989 -3.08672 4.4
      vertex 1.9445 -2.91014 6.3
      vertex 1.64989 -3.08672 6.3
    endloop
  endfacet
  facet normal 0.514098 -0.857732 0
    outer loop
      vertex 1.9445 -2.91014 6.3
      vertex 1.64989 -3.08672 4.4
      vertex 1.9445 -2.91014 4.4
    endloop
  endfacet
  facet normal -0.941545 0.336888 0
    outer loop
      vertex -3.34929 1.016 4.4
      vertex -3.23358 1.33939 6.3
      vertex -3.23358 1.33939 4.4
    endloop
  endfacet
  facet normal -0.941545 0.336888 0
    outer loop
      vertex -3.23358 1.33939 6.3
      vertex -3.34929 1.016 4.4
      vertex -3.34929 1.016 6.3
    endloop
  endfacet
  facet normal 0.336888 0.941545 -0
    outer loop
      vertex 1.33939 3.23358 4.4
      vertex 1.016 3.34929 6.3
      vertex 1.33939 3.23358 6.3
    endloop
  endfacet
  facet normal 0.336888 0.941545 0
    outer loop
      vertex 1.016 3.34929 6.3
      vertex 1.33939 3.23358 4.4
      vertex 1.016 3.34929 4.4
    endloop
  endfacet
  facet normal 0.242985 0.97003 -0
    outer loop
      vertex 1.016 3.34929 4.4
      vertex 0.682816 3.43275 6.3
      vertex 1.016 3.34929 6.3
    endloop
  endfacet
  facet normal 0.242985 0.97003 0
    outer loop
      vertex 0.682816 3.43275 6.3
      vertex 1.016 3.34929 4.4
      vertex 0.682816 3.43275 4.4
    endloop
  endfacet
  facet normal -0.427566 0.903984 0
    outer loop
      vertex -1.33939 3.23358 4.4
      vertex -1.64989 3.08672 6.3
      vertex -1.33939 3.23358 6.3
    endloop
  endfacet
  facet normal -0.427566 0.903984 0
    outer loop
      vertex -1.64989 3.08672 6.3
      vertex -1.33939 3.23358 4.4
      vertex -1.64989 3.08672 4.4
    endloop
  endfacet
  facet normal -0.595687 0.803217 0
    outer loop
      vertex -1.9445 2.91014 4.4
      vertex -2.22038 2.70554 6.3
      vertex -1.9445 2.91014 6.3
    endloop
  endfacet
  facet normal -0.595687 0.803217 0
    outer loop
      vertex -2.22038 2.70554 6.3
      vertex -1.9445 2.91014 4.4
      vertex -2.22038 2.70554 4.4
    endloop
  endfacet
  facet normal -0.146736 0.989176 0
    outer loop
      vertex -0.34306 3.48315 4.4
      vertex -0.682816 3.43275 6.3
      vertex -0.34306 3.48315 6.3
    endloop
  endfacet
  facet normal -0.146736 0.989176 0
    outer loop
      vertex -0.682816 3.43275 6.3
      vertex -0.34306 3.48315 4.4
      vertex -0.682816 3.43275 4.4
    endloop
  endfacet
  facet normal 0.242985 -0.97003 0
    outer loop
      vertex 0.682816 -3.43275 4.4
      vertex 1.016 -3.34929 6.3
      vertex 0.682816 -3.43275 6.3
    endloop
  endfacet
  facet normal 0.242985 -0.97003 0
    outer loop
      vertex 1.016 -3.34929 6.3
      vertex 0.682816 -3.43275 4.4
      vertex 1.016 -3.34929 4.4
    endloop
  endfacet
  facet normal -0.903984 -0.427566 0
    outer loop
      vertex -3.08672 -1.64989 4.4
      vertex -3.23358 -1.33939 6.3
      vertex -3.23358 -1.33939 4.4
    endloop
  endfacet
  facet normal -0.903984 -0.427566 0
    outer loop
      vertex -3.23358 -1.33939 6.3
      vertex -3.08672 -1.64989 4.4
      vertex -3.08672 -1.64989 6.3
    endloop
  endfacet
  facet normal -0.97003 0.242985 0
    outer loop
      vertex -3.43275 0.682816 4.4
      vertex -3.34929 1.016 6.3
      vertex -3.34929 1.016 4.4
    endloop
  endfacet
  facet normal -0.97003 0.242985 0
    outer loop
      vertex -3.34929 1.016 6.3
      vertex -3.43275 0.682816 4.4
      vertex -3.43275 0.682816 6.3
    endloop
  endfacet
  facet normal -0.740931 -0.671581 0
    outer loop
      vertex -2.47487 -2.47487 4.4
      vertex -2.70554 -2.22038 6.3
      vertex -2.70554 -2.22038 4.4
    endloop
  endfacet
  facet normal -0.740931 -0.671581 0
    outer loop
      vertex -2.70554 -2.22038 6.3
      vertex -2.47487 -2.47487 4.4
      vertex -2.47487 -2.47487 6.3
    endloop
  endfacet
  facet normal -0.336888 0.941545 0
    outer loop
      vertex -1.016 3.34929 4.4
      vertex -1.33939 3.23358 6.3
      vertex -1.016 3.34929 6.3
    endloop
  endfacet
  facet normal -0.336888 0.941545 0
    outer loop
      vertex -1.33939 3.23358 6.3
      vertex -1.016 3.34929 4.4
      vertex -1.33939 3.23358 4.4
    endloop
  endfacet
  facet normal -0.989176 0.146736 0
    outer loop
      vertex -3.48315 0.34306 4.4
      vertex -3.43275 0.682816 6.3
      vertex -3.43275 0.682816 4.4
    endloop
  endfacet
  facet normal -0.989176 0.146736 0
    outer loop
      vertex -3.43275 0.682816 6.3
      vertex -3.48315 0.34306 4.4
      vertex -3.48315 0.34306 6.3
    endloop
  endfacet
  facet normal -0.998796 0.0490576 0
    outer loop
      vertex -3.5 0 4.4
      vertex -3.48315 0.34306 6.3
      vertex -3.48315 0.34306 4.4
    endloop
  endfacet
  facet normal -0.998796 0.0490576 0
    outer loop
      vertex -3.48315 0.34306 6.3
      vertex -3.5 0 4.4
      vertex -3.5 0 6.3
    endloop
  endfacet
  facet normal -0.989176 -0.146736 0
    outer loop
      vertex -3.43275 -0.682816 4.4
      vertex -3.48315 -0.34306 6.3
      vertex -3.48315 -0.34306 4.4
    endloop
  endfacet
  facet normal -0.989176 -0.146736 0
    outer loop
      vertex -3.48315 -0.34306 6.3
      vertex -3.43275 -0.682816 4.4
      vertex -3.43275 -0.682816 6.3
    endloop
  endfacet
  facet normal -0.803217 0.595687 0
    outer loop
      vertex -2.91014 1.9445 4.4
      vertex -2.70554 2.22038 6.3
      vertex -2.70554 2.22038 4.4
    endloop
  endfacet
  facet normal -0.803217 0.595687 0
    outer loop
      vertex -2.70554 2.22038 6.3
      vertex -2.91014 1.9445 4.4
      vertex -2.91014 1.9445 6.3
    endloop
  endfacet
  facet normal 0.97003 -0.242985 0
    outer loop
      vertex 3.34929 -1.016 6.3
      vertex 3.43275 -0.682816 4.4
      vertex 3.43275 -0.682816 6.3
    endloop
  endfacet
  facet normal 0.97003 -0.242985 0
    outer loop
      vertex 3.43275 -0.682816 4.4
      vertex 3.34929 -1.016 6.3
      vertex 3.34929 -1.016 4.4
    endloop
  endfacet
  facet normal -0.803217 -0.595687 0
    outer loop
      vertex -2.70554 -2.22038 4.4
      vertex -2.91014 -1.9445 6.3
      vertex -2.91014 -1.9445 4.4
    endloop
  endfacet
  facet normal -0.803217 -0.595687 0
    outer loop
      vertex -2.91014 -1.9445 6.3
      vertex -2.70554 -2.22038 4.4
      vertex -2.70554 -2.22038 6.3
    endloop
  endfacet
  facet normal 0.0490576 0.998796 -0
    outer loop
      vertex 0.34306 3.48315 4.4
      vertex 0 3.5 6.3
      vertex 0.34306 3.48315 6.3
    endloop
  endfacet
  facet normal 0.0490576 0.998796 0
    outer loop
      vertex 0 3.5 6.3
      vertex 0.34306 3.48315 4.4
      vertex 0 3.5 4.4
    endloop
  endfacet
  facet normal -0.514098 -0.857732 0
    outer loop
      vertex -1.9445 -2.91014 4.4
      vertex -1.64989 -3.08672 6.3
      vertex -1.9445 -2.91014 6.3
    endloop
  endfacet
  facet normal -0.514098 -0.857732 -0
    outer loop
      vertex -1.64989 -3.08672 6.3
      vertex -1.9445 -2.91014 4.4
      vertex -1.64989 -3.08672 4.4
    endloop
  endfacet
  facet normal -0.595687 -0.803217 0
    outer loop
      vertex -2.22038 -2.70554 4.4
      vertex -1.9445 -2.91014 6.3
      vertex -2.22038 -2.70554 6.3
    endloop
  endfacet
  facet normal -0.595687 -0.803217 -0
    outer loop
      vertex -1.9445 -2.91014 6.3
      vertex -2.22038 -2.70554 4.4
      vertex -1.9445 -2.91014 4.4
    endloop
  endfacet
  facet normal 0.857732 -0.514098 0
    outer loop
      vertex 2.91014 -1.9445 6.3
      vertex 3.08672 -1.64989 4.4
      vertex 3.08672 -1.64989 6.3
    endloop
  endfacet
  facet normal 0.857732 -0.514098 0
    outer loop
      vertex 3.08672 -1.64989 4.4
      vertex 2.91014 -1.9445 6.3
      vertex 2.91014 -1.9445 4.4
    endloop
  endfacet
  facet normal -0.427566 -0.903984 0
    outer loop
      vertex -1.64989 -3.08672 4.4
      vertex -1.33939 -3.23358 6.3
      vertex -1.64989 -3.08672 6.3
    endloop
  endfacet
  facet normal -0.427566 -0.903984 -0
    outer loop
      vertex -1.33939 -3.23358 6.3
      vertex -1.64989 -3.08672 4.4
      vertex -1.33939 -3.23358 4.4
    endloop
  endfacet
  facet normal 0.803217 -0.595687 0
    outer loop
      vertex 2.70554 -2.22038 6.3
      vertex 2.91014 -1.9445 4.4
      vertex 2.91014 -1.9445 6.3
    endloop
  endfacet
  facet normal 0.803217 -0.595687 0
    outer loop
      vertex 2.91014 -1.9445 4.4
      vertex 2.70554 -2.22038 6.3
      vertex 2.70554 -2.22038 4.4
    endloop
  endfacet
  facet normal -0.242985 -0.97003 0
    outer loop
      vertex -1.016 -3.34929 4.4
      vertex -0.682816 -3.43275 6.3
      vertex -1.016 -3.34929 6.3
    endloop
  endfacet
  facet normal -0.242985 -0.97003 -0
    outer loop
      vertex -0.682816 -3.43275 6.3
      vertex -1.016 -3.34929 4.4
      vertex -0.682816 -3.43275 4.4
    endloop
  endfacet
  facet normal -0.857732 -0.514098 0
    outer loop
      vertex -2.91014 -1.9445 4.4
      vertex -3.08672 -1.64989 6.3
      vertex -3.08672 -1.64989 4.4
    endloop
  endfacet
  facet normal -0.857732 -0.514098 0
    outer loop
      vertex -3.08672 -1.64989 6.3
      vertex -2.91014 -1.9445 4.4
      vertex -2.91014 -1.9445 6.3
    endloop
  endfacet
  facet normal -0.903984 0.427566 0
    outer loop
      vertex -3.23358 1.33939 4.4
      vertex -3.08672 1.64989 6.3
      vertex -3.08672 1.64989 4.4
    endloop
  endfacet
  facet normal -0.903984 0.427566 0
    outer loop
      vertex -3.08672 1.64989 6.3
      vertex -3.23358 1.33939 4.4
      vertex -3.23358 1.33939 6.3
    endloop
  endfacet
  facet normal 0.671581 -0.740931 0
    outer loop
      vertex 2.22038 -2.70554 4.4
      vertex 2.47487 -2.47487 6.3
      vertex 2.22038 -2.70554 6.3
    endloop
  endfacet
  facet normal 0.671581 -0.740931 0
    outer loop
      vertex 2.47487 -2.47487 6.3
      vertex 2.22038 -2.70554 4.4
      vertex 2.47487 -2.47487 4.4
    endloop
  endfacet
  facet normal 0 0 1
    outer loop
      vertex 1.52499 0 6.3
      vertex 3.5 0 6.3
      vertex 3.48315 0.34306 6.3
    endloop
  endfacet
  facet normal 0 0 1
    outer loop
      vertex 1.51765 0.149475 6.3
      vertex 3.48315 0.34306 6.3
      vertex 3.43275 0.682816 6.3
    endloop
  endfacet
  facet normal 0 0 1
    outer loop
      vertex 3.5 0 6.3
      vertex 1.52499 0 6.3
      vertex 3.48315 -0.34306 6.3
    endloop
  endfacet
  facet normal 0 0 1
    outer loop
      vertex 1.4957 0.297501 6.3
      vertex 3.43275 0.682816 6.3
      vertex 3.34929 1.016 6.3
    endloop
  endfacet
  facet normal -0 0 1
    outer loop
      vertex 1.51765 -0.149475 6.3
      vertex 3.48315 -0.34306 6.3
      vertex 1.52499 0 6.3
    endloop
  endfacet
  facet normal 0 0 1
    outer loop
      vertex 1.45932 0.442673 6.3
      vertex 3.34929 1.016 6.3
      vertex 3.23358 1.33939 6.3
    endloop
  endfacet
  facet normal 0 0 1
    outer loop
      vertex 3.48315 -0.34306 6.3
      vertex 1.51765 -0.149475 6.3
      vertex 3.43275 -0.682816 6.3
    endloop
  endfacet
  facet normal 0 0 1
    outer loop
      vertex 1.40891 0.583588 6.3
      vertex 3.23358 1.33939 6.3
      vertex 3.08672 1.64989 6.3
    endloop
  endfacet
  facet normal -0 0 1
    outer loop
      vertex 1.4957 -0.297501 6.3
      vertex 3.43275 -0.682816 6.3
      vertex 1.51765 -0.149475 6.3
    endloop
  endfacet
  facet normal 0 0 1
    outer loop
      vertex 1.34492 0.718872 6.3
      vertex 3.08672 1.64989 6.3
      vertex 2.91014 1.9445 6.3
    endloop
  endfacet
  facet normal 0 0 1
    outer loop
      vertex 3.43275 -0.682816 6.3
      vertex 1.4957 -0.297501 6.3
      vertex 3.34929 -1.016 6.3
    endloop
  endfacet
  facet normal 0 0 1
    outer loop
      vertex 1.26799 0.847244 6.3
      vertex 2.91014 1.9445 6.3
      vertex 2.70554 2.22038 6.3
    endloop
  endfacet
  facet normal -0 0 1
    outer loop
      vertex 1.45932 -0.442673 6.3
      vertex 3.34929 -1.016 6.3
      vertex 1.4957 -0.297501 6.3
    endloop
  endfacet
  facet normal 0 0 1
    outer loop
      vertex 1.12666 1.02499 6.3
      vertex 2.70554 2.22038 6.3
      vertex 2.47487 2.47487 6.3
    endloop
  endfacet
  facet normal 0 0 1
    outer loop
      vertex 3.34929 -1.016 6.3
      vertex 1.45932 -0.442673 6.3
      vertex 3.23358 -1.33939 6.3
    endloop
  endfacet
  facet normal 0 0 1
    outer loop
      vertex 1.12666 1.02499 6.3
      vertex 2.47487 2.47487 6.3
      vertex 2.22038 2.70554 6.3
    endloop
  endfacet
  facet normal -0 0 1
    outer loop
      vertex 1.40891 -0.583588 6.3
      vertex 3.23358 -1.33939 6.3
      vertex 1.45932 -0.442673 6.3
    endloop
  endfacet
  facet normal 0 0 1
    outer loop
      vertex 1.12666 1.02499 6.3
      vertex 2.22038 2.70554 6.3
      vertex 1.9445 2.91014 6.3
    endloop
  endfacet
  facet normal 0 0 1
    outer loop
      vertex 3.23358 -1.33939 6.3
      vertex 1.40891 -0.583588 6.3
      vertex 3.08672 -1.64989 6.3
    endloop
  endfacet
  facet normal 0 0 1
    outer loop
      vertex 1.12666 1.02499 6.3
      vertex 1.9445 2.91014 6.3
      vertex 1.64989 3.08672 6.3
    endloop
  endfacet
  facet normal -0 0 1
    outer loop
      vertex 1.34492 -0.718872 6.3
      vertex 3.08672 -1.64989 6.3
      vertex 1.40891 -0.583588 6.3
    endloop
  endfacet
  facet normal 0 0 1
    outer loop
      vertex 3.08672 -1.64989 6.3
      vertex 1.34492 -0.718872 6.3
      vertex 2.91014 -1.9445 6.3
    endloop
  endfacet
  facet normal 0 0 1
    outer loop
      vertex 3.48315 0.34306 6.3
      vertex 1.51765 0.149475 6.3
      vertex 1.52499 0 6.3
    endloop
  endfacet
  facet normal 0 0 1
    outer loop
      vertex 3.43275 0.682816 6.3
      vertex 1.4957 0.297501 6.3
      vertex 1.51765 0.149475 6.3
    endloop
  endfacet
  facet normal 0 0 1
    outer loop
      vertex 3.34929 1.016 6.3
      vertex 1.45932 0.442673 6.3
      vertex 1.4957 0.297501 6.3
    endloop
  endfacet
  facet normal 0 0 1
    outer loop
      vertex 3.23358 1.33939 6.3
      vertex 1.40891 0.583588 6.3
      vertex 1.45932 0.442673 6.3
    endloop
  endfacet
  facet normal 0 0 1
    outer loop
      vertex 3.08672 1.64989 6.3
      vertex 1.34492 0.718872 6.3
      vertex 1.40891 0.583588 6.3
    endloop
  endfacet
  facet normal 0 0 1
    outer loop
      vertex 1.12666 1.02499 6.3
      vertex 1.64989 3.08672 6.3
      vertex 1.33939 3.23358 6.3
    endloop
  endfacet
  facet normal 0 0 1
    outer loop
      vertex 2.91014 1.9445 6.3
      vertex 1.26799 0.847244 6.3
      vertex 1.34492 0.718872 6.3
    endloop
  endfacet
  facet normal 0 0 1
    outer loop
      vertex 2.70554 2.22038 6.3
      vertex 1.17883 0.967438 6.3
      vertex 1.26799 0.847244 6.3
    endloop
  endfacet
  facet normal 0 0 1
    outer loop
      vertex 2.70554 2.22038 6.3
      vertex 1.12666 1.02499 6.3
      vertex 1.17883 0.967438 6.3
    endloop
  endfacet
  facet normal 0 0 1
    outer loop
      vertex 1.016 3.34929 6.3
      vertex 1.12666 1.02499 6.3
      vertex 1.33939 3.23358 6.3
    endloop
  endfacet
  facet normal 0 0 1
    outer loop
      vertex 0.682816 3.43275 6.3
      vertex 1.12666 1.02499 6.3
      vertex 1.016 3.34929 6.3
    endloop
  endfacet
  facet normal 0 0 1
    outer loop
      vertex 0.34306 3.48315 6.3
      vertex 1.12666 1.02499 6.3
      vertex 0.682816 3.43275 6.3
    endloop
  endfacet
  facet normal 0 0 1
    outer loop
      vertex 0 3.5 6.3
      vertex 1.12666 1.02499 6.3
      vertex 0.34306 3.48315 6.3
    endloop
  endfacet
  facet normal 0 0 1
    outer loop
      vertex -1.12666 1.02499 6.3
      vertex 0 3.5 6.3
      vertex -0.34306 3.48315 6.3
    endloop
  endfacet
  facet normal 0 0 1
    outer loop
      vertex -1.12666 1.02499 6.3
      vertex -0.34306 3.48315 6.3
      vertex -0.682816 3.43275 6.3
    endloop
  endfacet
  facet normal 0 0 1
    outer loop
      vertex -1.12666 1.02499 6.3
      vertex -0.682816 3.43275 6.3
      vertex -1.016 3.34929 6.3
    endloop
  endfacet
  facet normal 0 0 1
    outer loop
      vertex 0 3.5 6.3
      vertex -1.12666 1.02499 6.3
      vertex 1.12666 1.02499 6.3
    endloop
  endfacet
  facet normal -0 0 1
    outer loop
      vertex -1.33939 3.23358 6.3
      vertex -1.12666 1.02499 6.3
      vertex -1.016 3.34929 6.3
    endloop
  endfacet
  facet normal -0 0 1
    outer loop
      vertex -1.64989 3.08672 6.3
      vertex -1.12666 1.02499 6.3
      vertex -1.33939 3.23358 6.3
    endloop
  endfacet
  facet normal -0 0 1
    outer loop
      vertex -1.9445 2.91014 6.3
      vertex -1.12666 1.02499 6.3
      vertex -1.64989 3.08672 6.3
    endloop
  endfacet
  facet normal -0 0 1
    outer loop
      vertex -2.22038 2.70554 6.3
      vertex -1.12666 1.02499 6.3
      vertex -1.9445 2.91014 6.3
    endloop
  endfacet
  facet normal -0 0 1
    outer loop
      vertex -2.47487 2.47487 6.3
      vertex -1.12666 1.02499 6.3
      vertex -2.22038 2.70554 6.3
    endloop
  endfacet
  facet normal -0 0 1
    outer loop
      vertex -2.70554 2.22038 6.3
      vertex -1.12666 1.02499 6.3
      vertex -2.47487 2.47487 6.3
    endloop
  endfacet
  facet normal 0 0 1
    outer loop
      vertex -1.12666 1.02499 6.3
      vertex -2.70554 2.22038 6.3
      vertex -1.17883 0.967438 6.3
    endloop
  endfacet
  facet normal 0 0 1
    outer loop
      vertex -1.17883 0.967438 6.3
      vertex -2.70554 2.22038 6.3
      vertex -1.26799 0.847244 6.3
    endloop
  endfacet
  facet normal 0 0 1
    outer loop
      vertex -1.26799 0.847244 6.3
      vertex -2.91014 1.9445 6.3
      vertex -1.34492 0.718872 6.3
    endloop
  endfacet
  facet normal -0 0 1
    outer loop
      vertex -2.91014 1.9445 6.3
      vertex -1.26799 0.847244 6.3
      vertex -2.70554 2.22038 6.3
    endloop
  endfacet
  facet normal -0 0 1
    outer loop
      vertex 1.26799 -0.847244 6.3
      vertex 2.91014 -1.9445 6.3
      vertex 1.34492 -0.718872 6.3
    endloop
  endfacet
  facet normal 0 0 1
    outer loop
      vertex 2.91014 -1.9445 6.3
      vertex 1.26799 -0.847244 6.3
      vertex 2.70554 -2.22038 6.3
    endloop
  endfacet
  facet normal -0 0 1
    outer loop
      vertex 1.17883 -0.967438 6.3
      vertex 2.70554 -2.22038 6.3
      vertex 1.26799 -0.847244 6.3
    endloop
  endfacet
  facet normal 0 0 1
    outer loop
      vertex 2.70554 -2.22038 6.3
      vertex 1.17883 -0.967438 6.3
      vertex 2.47487 -2.47487 6.3
    endloop
  endfacet
  facet normal -0 0 1
    outer loop
      vertex 1.07832 -1.07832 6.3
      vertex 2.47487 -2.47487 6.3
      vertex 1.17883 -0.967438 6.3
    endloop
  endfacet
  facet normal 0 0 1
    outer loop
      vertex 2.47487 -2.47487 6.3
      vertex 1.07832 -1.07832 6.3
      vertex 2.22038 -2.70554 6.3
    endloop
  endfacet
  facet normal -0 0 1
    outer loop
      vertex 0.967438 -1.17883 6.3
      vertex 2.22038 -2.70554 6.3
      vertex 1.07832 -1.07832 6.3
    endloop
  endfacet
  facet normal 0 0 1
    outer loop
      vertex 2.22038 -2.70554 6.3
      vertex 0.967438 -1.17883 6.3
      vertex 1.9445 -2.91014 6.3
    endloop
  endfacet
  facet normal -0 0 1
    outer loop
      vertex 0.847244 -1.26799 6.3
      vertex 1.9445 -2.91014 6.3
      vertex 0.967438 -1.17883 6.3
    endloop
  endfacet
  facet normal 0 0 1
    outer loop
      vertex 1.9445 -2.91014 6.3
      vertex 0.847244 -1.26799 6.3
      vertex 1.64989 -3.08672 6.3
    endloop
  endfacet
  facet normal -0 0 1
    outer loop
      vertex 0.718872 -1.34492 6.3
      vertex 1.64989 -3.08672 6.3
      vertex 0.847244 -1.26799 6.3
    endloop
  endfacet
  facet normal 0 0 1
    outer loop
      vertex 1.64989 -3.08672 6.3
      vertex 0.718872 -1.34492 6.3
      vertex 1.33939 -3.23358 6.3
    endloop
  endfacet
  facet normal -0 0 1
    outer loop
      vertex 0.583588 -1.40891 6.3
      vertex 1.33939 -3.23358 6.3
      vertex 0.718872 -1.34492 6.3
    endloop
  endfacet
  facet normal 0 0 1
    outer loop
      vertex 1.33939 -3.23358 6.3
      vertex 0.583588 -1.40891 6.3
      vertex 1.016 -3.34929 6.3
    endloop
  endfacet
  facet normal -0 0 1
    outer loop
      vertex 0.442673 -1.45932 6.3
      vertex 1.016 -3.34929 6.3
      vertex 0.583588 -1.40891 6.3
    endloop
  endfacet
  facet normal 0 0 1
    outer loop
      vertex 1.016 -3.34929 6.3
      vertex 0.442673 -1.45932 6.3
      vertex 0.682816 -3.43275 6.3
    endloop
  endfacet
  facet normal -0 0 1
    outer loop
      vertex 0.297501 -1.4957 6.3
      vertex 0.682816 -3.43275 6.3
      vertex 0.442673 -1.45932 6.3
    endloop
  endfacet
  facet normal 0 0 1
    outer loop
      vertex 0.682816 -3.43275 6.3
      vertex 0.297501 -1.4957 6.3
      vertex 0.34306 -3.48315 6.3
    endloop
  endfacet
  facet normal -0 0 1
    outer loop
      vertex 0.149475 -1.51765 6.3
      vertex 0.34306 -3.48315 6.3
      vertex 0.297501 -1.4957 6.3
    endloop
  endfacet
  facet normal -0 0 1
    outer loop
      vertex 0 -1.52499 6.3
      vertex 0.34306 -3.48315 6.3
      vertex 0.149475 -1.51765 6.3
    endloop
  endfacet
  facet normal 0 0 1
    outer loop
      vertex 0 -1.52499 6.3
      vertex 0 -3.5 6.3
      vertex 0.34306 -3.48315 6.3
    endloop
  endfacet
  facet normal 0 0 1
    outer loop
      vertex -0.149475 -1.51765 6.3
      vertex 0 -3.5 6.3
      vertex 0 -1.52499 6.3
    endloop
  endfacet
  facet normal 0 0 1
    outer loop
      vertex -0.34306 -3.48315 6.3
      vertex -0.149475 -1.51765 6.3
      vertex -0.297501 -1.4957 6.3
    endloop
  endfacet
  facet normal 0 0 1
    outer loop
      vertex -0.149475 -1.51765 6.3
      vertex -0.34306 -3.48315 6.3
      vertex 0 -3.5 6.3
    endloop
  endfacet
  facet normal 0 0 1
    outer loop
      vertex -0.682816 -3.43275 6.3
      vertex -0.297501 -1.4957 6.3
      vertex -0.442673 -1.45932 6.3
    endloop
  endfacet
  facet normal 0 0 1
    outer loop
      vertex -1.016 -3.34929 6.3
      vertex -0.442673 -1.45932 6.3
      vertex -0.583588 -1.40891 6.3
    endloop
  endfacet
  facet normal 0 0 1
    outer loop
      vertex -0.297501 -1.4957 6.3
      vertex -0.682816 -3.43275 6.3
      vertex -0.34306 -3.48315 6.3
    endloop
  endfacet
  facet normal 0 0 1
    outer loop
      vertex -1.33939 -3.23358 6.3
      vertex -0.583588 -1.40891 6.3
      vertex -0.718872 -1.34492 6.3
    endloop
  endfacet
  facet normal 0 0 1
    outer loop
      vertex -1.64989 -3.08672 6.3
      vertex -0.718872 -1.34492 6.3
      vertex -0.847244 -1.26799 6.3
    endloop
  endfacet
  facet normal 0 0 1
    outer loop
      vertex -1.9445 -2.91014 6.3
      vertex -0.847244 -1.26799 6.3
      vertex -0.967438 -1.17883 6.3
    endloop
  endfacet
  facet normal 0 0 1
    outer loop
      vertex -0.442673 -1.45932 6.3
      vertex -1.016 -3.34929 6.3
      vertex -0.682816 -3.43275 6.3
    endloop
  endfacet
  facet normal 0 0 1
    outer loop
      vertex -2.22038 -2.70554 6.3
      vertex -0.967438 -1.17883 6.3
      vertex -1.07832 -1.07832 6.3
    endloop
  endfacet
  facet normal 0 0 1
    outer loop
      vertex -2.47487 -2.47487 6.3
      vertex -1.07832 -1.07832 6.3
      vertex -1.17883 -0.967438 6.3
    endloop
  endfacet
  facet normal 0 0 1
    outer loop
      vertex -2.70554 -2.22038 6.3
      vertex -1.17883 -0.967438 6.3
      vertex -1.26799 -0.847244 6.3
    endloop
  endfacet
  facet normal 0 0 1
    outer loop
      vertex -0.583588 -1.40891 6.3
      vertex -1.33939 -3.23358 6.3
      vertex -1.016 -3.34929 6.3
    endloop
  endfacet
  facet normal 0 0 1
    outer loop
      vertex -2.91014 -1.9445 6.3
      vertex -1.26799 -0.847244 6.3
      vertex -1.34492 -0.718872 6.3
    endloop
  endfacet
  facet normal 0 0 1
    outer loop
      vertex -3.08672 -1.64989 6.3
      vertex -1.34492 -0.718872 6.3
      vertex -1.40891 -0.583588 6.3
    endloop
  endfacet
  facet normal 0 0 1
    outer loop
      vertex -3.23358 -1.33939 6.3
      vertex -1.40891 -0.583588 6.3
      vertex -1.45932 -0.442673 6.3
    endloop
  endfacet
  facet normal 0 0 1
    outer loop
      vertex -3.34929 -1.016 6.3
      vertex -1.45932 -0.442673 6.3
      vertex -1.4957 -0.297501 6.3
    endloop
  endfacet
  facet normal 0 0 1
    outer loop
      vertex -3.43275 -0.682816 6.3
      vertex -1.4957 -0.297501 6.3
      vertex -1.51765 -0.149475 6.3
    endloop
  endfacet
  facet normal 0 0 1
    outer loop
      vertex -0.718872 -1.34492 6.3
      vertex -1.64989 -3.08672 6.3
      vertex -1.33939 -3.23358 6.3
    endloop
  endfacet
  facet normal 0 0 1
    outer loop
      vertex -3.48315 -0.34306 6.3
      vertex -1.51765 -0.149475 6.3
      vertex -1.52499 0 6.3
    endloop
  endfacet
  facet normal -0 0 1
    outer loop
      vertex -3.08672 1.64989 6.3
      vertex -1.34492 0.718872 6.3
      vertex -2.91014 1.9445 6.3
    endloop
  endfacet
  facet normal 0 0 1
    outer loop
      vertex -1.34492 0.718872 6.3
      vertex -3.08672 1.64989 6.3
      vertex -1.40891 0.583588 6.3
    endloop
  endfacet
  facet normal 0 0 1
    outer loop
      vertex -0.847244 -1.26799 6.3
      vertex -1.9445 -2.91014 6.3
      vertex -1.64989 -3.08672 6.3
    endloop
  endfacet
  facet normal -0 0 1
    outer loop
      vertex -3.23358 1.33939 6.3
      vertex -1.40891 0.583588 6.3
      vertex -3.08672 1.64989 6.3
    endloop
  endfacet
  facet normal 0 0 1
    outer loop
      vertex -0.967438 -1.17883 6.3
      vertex -2.22038 -2.70554 6.3
      vertex -1.9445 -2.91014 6.3
    endloop
  endfacet
  facet normal 0 0 1
    outer loop
      vertex -1.40891 0.583588 6.3
      vertex -3.23358 1.33939 6.3
      vertex -1.45932 0.442673 6.3
    endloop
  endfacet
  facet normal 0 0 1
    outer loop
      vertex -1.07832 -1.07832 6.3
      vertex -2.47487 -2.47487 6.3
      vertex -2.22038 -2.70554 6.3
    endloop
  endfacet
  facet normal -0 0 1
    outer loop
      vertex -3.34929 1.016 6.3
      vertex -1.45932 0.442673 6.3
      vertex -3.23358 1.33939 6.3
    endloop
  endfacet
  facet normal 0 0 1
    outer loop
      vertex -1.17883 -0.967438 6.3
      vertex -2.70554 -2.22038 6.3
      vertex -2.47487 -2.47487 6.3
    endloop
  endfacet
  facet normal 0 0 1
    outer loop
      vertex -1.45932 0.442673 6.3
      vertex -3.34929 1.016 6.3
      vertex -1.4957 0.297501 6.3
    endloop
  endfacet
  facet normal 0 0 1
    outer loop
      vertex -1.26799 -0.847244 6.3
      vertex -2.91014 -1.9445 6.3
      vertex -2.70554 -2.22038 6.3
    endloop
  endfacet
  facet normal -0 0 1
    outer loop
      vertex -3.43275 0.682816 6.3
      vertex -1.4957 0.297501 6.3
      vertex -3.34929 1.016 6.3
    endloop
  endfacet
  facet normal 0 0 1
    outer loop
      vertex -1.34492 -0.718872 6.3
      vertex -3.08672 -1.64989 6.3
      vertex -2.91014 -1.9445 6.3
    endloop
  endfacet
  facet normal 0 0 1
    outer loop
      vertex -1.4957 0.297501 6.3
      vertex -3.43275 0.682816 6.3
      vertex -1.51765 0.149475 6.3
    endloop
  endfacet
  facet normal 0 0 1
    outer loop
      vertex -1.40891 -0.583588 6.3
      vertex -3.23358 -1.33939 6.3
      vertex -3.08672 -1.64989 6.3
    endloop
  endfacet
  facet normal -0 0 1
    outer loop
      vertex -3.48315 0.34306 6.3
      vertex -1.51765 0.149475 6.3
      vertex -3.43275 0.682816 6.3
    endloop
  endfacet
  facet normal 0 0 1
    outer loop
      vertex -1.45932 -0.442673 6.3
      vertex -3.34929 -1.016 6.3
      vertex -3.23358 -1.33939 6.3
    endloop
  endfacet
  facet normal 0 0 1
    outer loop
      vertex -1.51765 0.149475 6.3
      vertex -3.48315 0.34306 6.3
      vertex -1.52499 0 6.3
    endloop
  endfacet
  facet normal 0 0 1
    outer loop
      vertex -1.4957 -0.297501 6.3
      vertex -3.43275 -0.682816 6.3
      vertex -3.34929 -1.016 6.3
    endloop
  endfacet
  facet normal 0 0 1
    outer loop
      vertex -3.5 0 6.3
      vertex -1.52499 0 6.3
      vertex -3.48315 0.34306 6.3
    endloop
  endfacet
  facet normal 0 0 1
    outer loop
      vertex -1.51765 -0.149475 6.3
      vertex -3.48315 -0.34306 6.3
      vertex -3.43275 -0.682816 6.3
    endloop
  endfacet
  facet normal 0 0 1
    outer loop
      vertex -1.52499 0 6.3
      vertex -3.5 0 6.3
      vertex -3.48315 -0.34306 6.3
    endloop
  endfacet
  facet normal 0.97003 -0.242986 0
    outer loop
      vertex -7.35589 1.46318 2.39
      vertex -7.17705 2.17713 0
      vertex -7.17705 2.17713 2.39
    endloop
  endfacet
  facet normal 0.97003 -0.242986 0
    outer loop
      vertex -7.17705 2.17713 0
      vertex -7.35589 1.46318 2.39
      vertex -7.35589 1.46318 0
    endloop
  endfacet
  facet normal -0.146735 -0.989176 0
    outer loop
      vertex 0.735128 7.46389 0
      vertex 1.46318 7.35589 2.39
      vertex 0.735128 7.46389 2.39
    endloop
  endfacet
  facet normal -0.146735 -0.989176 -0
    outer loop
      vertex 1.46318 7.35589 2.39
      vertex 0.735128 7.46389 0
      vertex 1.46318 7.35589 0
    endloop
  endfacet
  facet normal 0.5141 -0.85773 0
    outer loop
      vertex -4.16678 6.23602 0
      vertex -3.53547 6.61441 2.39
      vertex -4.16678 6.23602 2.39
    endloop
  endfacet
  facet normal 0.5141 -0.85773 0
    outer loop
      vertex -3.53547 6.61441 2.39
      vertex -4.16678 6.23602 0
      vertex -3.53547 6.61441 0
    endloop
  endfacet
  facet normal 0.903988 -0.427558 0
    outer loop
      vertex -6.9291 2.87012 2.39
      vertex -6.61441 3.53547 0
      vertex -6.61441 3.53547 2.39
    endloop
  endfacet
  facet normal 0.903988 -0.427558 0
    outer loop
      vertex -6.61441 3.53547 0
      vertex -6.9291 2.87012 2.39
      vertex -6.9291 2.87012 0
    endloop
  endfacet
  facet normal 0.0490615 0.998796 -0
    outer loop
      vertex 0 -7.5 0
      vertex -0.735128 -7.46389 2.39
      vertex 0 -7.5 2.39
    endloop
  endfacet
  facet normal 0.0490615 0.998796 0
    outer loop
      vertex -0.735128 -7.46389 2.39
      vertex 0 -7.5 0
      vertex -0.735128 -7.46389 0
    endloop
  endfacet
  facet normal -0.85773 0.5141 0
    outer loop
      vertex 6.23602 -4.16678 0
      vertex 6.61441 -3.53547 2.39
      vertex 6.61441 -3.53547 0
    endloop
  endfacet
  facet normal -0.85773 0.5141 0
    outer loop
      vertex 6.61441 -3.53547 2.39
      vertex 6.23602 -4.16678 0
      vertex 6.23602 -4.16678 2.39
    endloop
  endfacet
  facet normal -0.803209 -0.595698 0
    outer loop
      vertex 6.23602 4.16678 0
      vertex 5.79758 4.75795 2.39
      vertex 5.79758 4.75795 0
    endloop
  endfacet
  facet normal -0.803209 -0.595698 0
    outer loop
      vertex 5.79758 4.75795 2.39
      vertex 6.23602 4.16678 0
      vertex 6.23602 4.16678 2.39
    endloop
  endfacet
  facet normal 0.336883 0.941547 -0
    outer loop
      vertex -2.17713 -7.17705 0
      vertex -2.87012 -6.9291 2.39
      vertex -2.17713 -7.17705 2.39
    endloop
  endfacet
  facet normal 0.336883 0.941547 0
    outer loop
      vertex -2.87012 -6.9291 2.39
      vertex -2.17713 -7.17705 0
      vertex -2.87012 -6.9291 0
    endloop
  endfacet
  facet normal 0.998796 0.0490615 0
    outer loop
      vertex -7.46389 -0.735128 2.39
      vertex -7.5 0 0
      vertex -7.5 0 2.39
    endloop
  endfacet
  facet normal 0.998796 0.0490615 0
    outer loop
      vertex -7.5 0 0
      vertex -7.46389 -0.735128 2.39
      vertex -7.46389 -0.735128 0
    endloop
  endfacet
  facet normal -0.242986 -0.97003 0
    outer loop
      vertex 1.46318 7.35589 0
      vertex 2.17713 7.17705 2.39
      vertex 1.46318 7.35589 2.39
    endloop
  endfacet
  facet normal -0.242986 -0.97003 -0
    outer loop
      vertex 2.17713 7.17705 2.39
      vertex 1.46318 7.35589 0
      vertex 2.17713 7.17705 0
    endloop
  endfacet
  facet normal 0.336883 -0.941547 0
    outer loop
      vertex -2.87012 6.9291 0
      vertex -2.17713 7.17705 2.39
      vertex -2.87012 6.9291 2.39
    endloop
  endfacet
  facet normal 0.336883 -0.941547 0
    outer loop
      vertex -2.17713 7.17705 2.39
      vertex -2.87012 6.9291 0
      vertex -2.17713 7.17705 0
    endloop
  endfacet
  facet normal -0.989176 -0.146735 0
    outer loop
      vertex 7.46389 0.735128 0
      vertex 7.35589 1.46318 2.39
      vertex 7.35589 1.46318 0
    endloop
  endfacet
  facet normal -0.989176 -0.146735 0
    outer loop
      vertex 7.35589 1.46318 2.39
      vertex 7.46389 0.735128 0
      vertex 7.46389 0.735128 2.39
    endloop
  endfacet
  facet normal 0.671562 0.740949 -0
    outer loop
      vertex -4.75795 -5.79758 0
      vertex -5.3033 -5.3033 2.39
      vertex -4.75795 -5.79758 2.39
    endloop
  endfacet
  facet normal 0.671562 0.740949 0
    outer loop
      vertex -5.3033 -5.3033 2.39
      vertex -4.75795 -5.79758 0
      vertex -5.3033 -5.3033 0
    endloop
  endfacet
  facet normal 0.97003 0.242986 0
    outer loop
      vertex -7.17705 -2.17713 2.39
      vertex -7.35589 -1.46318 0
      vertex -7.35589 -1.46318 2.39
    endloop
  endfacet
  facet normal 0.97003 0.242986 0
    outer loop
      vertex -7.35589 -1.46318 0
      vertex -7.17705 -2.17713 2.39
      vertex -7.17705 -2.17713 0
    endloop
  endfacet
  facet normal -0.903988 0.427558 0
    outer loop
      vertex 6.61441 -3.53547 0
      vertex 6.9291 -2.87012 2.39
      vertex 6.9291 -2.87012 0
    endloop
  endfacet
  facet normal -0.903988 0.427558 0
    outer loop
      vertex 6.9291 -2.87012 2.39
      vertex 6.61441 -3.53547 0
      vertex 6.61441 -3.53547 2.39
    endloop
  endfacet
  facet normal 0.671562 -0.740949 0
    outer loop
      vertex -5.3033 5.3033 0
      vertex -4.75795 5.79758 2.39
      vertex -5.3033 5.3033 2.39
    endloop
  endfacet
  facet normal 0.671562 -0.740949 0
    outer loop
      vertex -4.75795 5.79758 2.39
      vertex -5.3033 5.3033 0
      vertex -4.75795 5.79758 0
    endloop
  endfacet
  facet normal 0.595698 0.803209 -0
    outer loop
      vertex -4.16678 -6.23602 0
      vertex -4.75795 -5.79758 2.39
      vertex -4.16678 -6.23602 2.39
    endloop
  endfacet
  facet normal 0.595698 0.803209 0
    outer loop
      vertex -4.75795 -5.79758 2.39
      vertex -4.16678 -6.23602 0
      vertex -4.75795 -5.79758 0
    endloop
  endfacet
  facet normal -0.97003 -0.242986 0
    outer loop
      vertex 7.35589 1.46318 0
      vertex 7.17705 2.17713 2.39
      vertex 7.17705 2.17713 0
    endloop
  endfacet
  facet normal -0.97003 -0.242986 0
    outer loop
      vertex 7.17705 2.17713 2.39
      vertex 7.35589 1.46318 0
      vertex 7.35589 1.46318 2.39
    endloop
  endfacet
  facet normal -0.998796 -0.0490615 0
    outer loop
      vertex 7.5 0 0
      vertex 7.46389 0.735128 2.39
      vertex 7.46389 0.735128 0
    endloop
  endfacet
  facet normal -0.998796 -0.0490615 0
    outer loop
      vertex 7.46389 0.735128 2.39
      vertex 7.5 0 0
      vertex 7.5 0 2.39
    endloop
  endfacet
  facet normal -0.941547 -0.336883 0
    outer loop
      vertex 7.17705 2.17713 0
      vertex 6.9291 2.87012 2.39
      vertex 6.9291 2.87012 0
    endloop
  endfacet
  facet normal -0.941547 -0.336883 0
    outer loop
      vertex 6.9291 2.87012 2.39
      vertex 7.17705 2.17713 0
      vertex 7.17705 2.17713 2.39
    endloop
  endfacet
  facet normal 0.998796 -0.0490615 0
    outer loop
      vertex -7.5 0 2.39
      vertex -7.46389 0.735128 0
      vertex -7.46389 0.735128 2.39
    endloop
  endfacet
  facet normal 0.998796 -0.0490615 0
    outer loop
      vertex -7.46389 0.735128 0
      vertex -7.5 0 2.39
      vertex -7.5 0 0
    endloop
  endfacet
  facet normal -0.989176 0.146735 0
    outer loop
      vertex 7.35589 -1.46318 0
      vertex 7.46389 -0.735128 2.39
      vertex 7.46389 -0.735128 0
    endloop
  endfacet
  facet normal -0.989176 0.146735 0
    outer loop
      vertex 7.46389 -0.735128 2.39
      vertex 7.35589 -1.46318 0
      vertex 7.35589 -1.46318 2.39
    endloop
  endfacet
  facet normal 0.5141 0.85773 -0
    outer loop
      vertex -3.53547 -6.61441 0
      vertex -4.16678 -6.23602 2.39
      vertex -3.53547 -6.61441 2.39
    endloop
  endfacet
  facet normal 0.5141 0.85773 0
    outer loop
      vertex -4.16678 -6.23602 2.39
      vertex -3.53547 -6.61441 0
      vertex -4.16678 -6.23602 0
    endloop
  endfacet
  facet normal -0.740949 -0.671562 0
    outer loop
      vertex 5.79758 4.75795 0
      vertex 5.3033 5.3033 2.39
      vertex 5.3033 5.3033 0
    endloop
  endfacet
  facet normal -0.740949 -0.671562 0
    outer loop
      vertex 5.3033 5.3033 2.39
      vertex 5.79758 4.75795 0
      vertex 5.79758 4.75795 2.39
    endloop
  endfacet
  facet normal -0.998796 0.0490615 0
    outer loop
      vertex 7.46389 -0.735128 0
      vertex 7.5 0 2.39
      vertex 7.5 0 0
    endloop
  endfacet
  facet normal -0.998796 0.0490615 0
    outer loop
      vertex 7.5 0 2.39
      vertex 7.46389 -0.735128 0
      vertex 7.46389 -0.735128 2.39
    endloop
  endfacet
  facet normal -0.0490615 -0.998796 0
    outer loop
      vertex 0 7.5 0
      vertex 0.735128 7.46389 2.39
      vertex 0 7.5 2.39
    endloop
  endfacet
  facet normal -0.0490615 -0.998796 -0
    outer loop
      vertex 0.735128 7.46389 2.39
      vertex 0 7.5 0
      vertex 0.735128 7.46389 0
    endloop
  endfacet
  facet normal -0.671562 -0.740949 0
    outer loop
      vertex 4.75795 5.79758 0
      vertex 5.3033 5.3033 2.39
      vertex 4.75795 5.79758 2.39
    endloop
  endfacet
  facet normal -0.671562 -0.740949 -0
    outer loop
      vertex 5.3033 5.3033 2.39
      vertex 4.75795 5.79758 0
      vertex 5.3033 5.3033 0
    endloop
  endfacet
  facet normal -0.85773 -0.5141 0
    outer loop
      vertex 6.61441 3.53547 0
      vertex 6.23602 4.16678 2.39
      vertex 6.23602 4.16678 0
    endloop
  endfacet
  facet normal -0.85773 -0.5141 0
    outer loop
      vertex 6.23602 4.16678 2.39
      vertex 6.61441 3.53547 0
      vertex 6.61441 3.53547 2.39
    endloop
  endfacet
  facet normal -0.146735 0.989176 0
    outer loop
      vertex 1.46318 -7.35589 0
      vertex 0.735128 -7.46389 2.39
      vertex 1.46318 -7.35589 2.39
    endloop
  endfacet
  facet normal -0.146735 0.989176 0
    outer loop
      vertex 0.735128 -7.46389 2.39
      vertex 1.46318 -7.35589 0
      vertex 0.735128 -7.46389 0
    endloop
  endfacet
  facet normal -0.97003 0.242986 0
    outer loop
      vertex 7.17705 -2.17713 0
      vertex 7.35589 -1.46318 2.39
      vertex 7.35589 -1.46318 0
    endloop
  endfacet
  facet normal -0.97003 0.242986 0
    outer loop
      vertex 7.35589 -1.46318 2.39
      vertex 7.17705 -2.17713 0
      vertex 7.17705 -2.17713 2.39
    endloop
  endfacet
  facet normal -0.803209 0.595698 0
    outer loop
      vertex 5.79758 -4.75795 0
      vertex 6.23602 -4.16678 2.39
      vertex 6.23602 -4.16678 0
    endloop
  endfacet
  facet normal -0.803209 0.595698 0
    outer loop
      vertex 6.23602 -4.16678 2.39
      vertex 5.79758 -4.75795 0
      vertex 5.79758 -4.75795 2.39
    endloop
  endfacet
  facet normal -0.941547 0.336883 0
    outer loop
      vertex 6.9291 -2.87012 0
      vertex 7.17705 -2.17713 2.39
      vertex 7.17705 -2.17713 0
    endloop
  endfacet
  facet normal -0.941547 0.336883 0
    outer loop
      vertex 7.17705 -2.17713 2.39
      vertex 6.9291 -2.87012 0
      vertex 6.9291 -2.87012 2.39
    endloop
  endfacet
  facet normal 0.740949 0.671562 0
    outer loop
      vertex -5.3033 -5.3033 2.39
      vertex -5.79758 -4.75795 0
      vertex -5.79758 -4.75795 2.39
    endloop
  endfacet
  facet normal 0.740949 0.671562 0
    outer loop
      vertex -5.79758 -4.75795 0
      vertex -5.3033 -5.3033 2.39
      vertex -5.3033 -5.3033 0
    endloop
  endfacet
  facet normal 0.803209 0.595698 0
    outer loop
      vertex -5.79758 -4.75795 2.39
      vertex -6.23602 -4.16678 0
      vertex -6.23602 -4.16678 2.39
    endloop
  endfacet
  facet normal 0.803209 0.595698 0
    outer loop
      vertex -6.23602 -4.16678 0
      vertex -5.79758 -4.75795 2.39
      vertex -5.79758 -4.75795 0
    endloop
  endfacet
  facet normal 0.903988 0.427558 0
    outer loop
      vertex -6.61441 -3.53547 2.39
      vertex -6.9291 -2.87012 0
      vertex -6.9291 -2.87012 2.39
    endloop
  endfacet
  facet normal 0.903988 0.427558 0
    outer loop
      vertex -6.9291 -2.87012 0
      vertex -6.61441 -3.53547 2.39
      vertex -6.61441 -3.53547 0
    endloop
  endfacet
  facet normal 0.989176 -0.146735 0
    outer loop
      vertex -7.46389 0.735128 2.39
      vertex -7.35589 1.46318 0
      vertex -7.35589 1.46318 2.39
    endloop
  endfacet
  facet normal 0.989176 -0.146735 0
    outer loop
      vertex -7.35589 1.46318 0
      vertex -7.46389 0.735128 2.39
      vertex -7.46389 0.735128 0
    endloop
  endfacet
  facet normal -0.5141 0.85773 0
    outer loop
      vertex 4.16678 -6.23602 0
      vertex 3.53547 -6.61441 2.39
      vertex 4.16678 -6.23602 2.39
    endloop
  endfacet
  facet normal -0.5141 0.85773 0
    outer loop
      vertex 3.53547 -6.61441 2.39
      vertex 4.16678 -6.23602 0
      vertex 3.53547 -6.61441 0
    endloop
  endfacet
  facet normal 0.0490615 -0.998796 0
    outer loop
      vertex -0.735128 7.46389 0
      vertex 0 7.5 2.39
      vertex -0.735128 7.46389 2.39
    endloop
  endfacet
  facet normal 0.0490615 -0.998796 0
    outer loop
      vertex 0 7.5 2.39
      vertex -0.735128 7.46389 0
      vertex 0 7.5 0
    endloop
  endfacet
  facet normal 0.146735 -0.989176 0
    outer loop
      vertex -1.46318 7.35589 0
      vertex -0.735128 7.46389 2.39
      vertex -1.46318 7.35589 2.39
    endloop
  endfacet
  facet normal 0.146735 -0.989176 0
    outer loop
      vertex -0.735128 7.46389 2.39
      vertex -1.46318 7.35589 0
      vertex -0.735128 7.46389 0
    endloop
  endfacet
  facet normal 0.146735 0.989176 -0
    outer loop
      vertex -0.735128 -7.46389 0
      vertex -1.46318 -7.35589 2.39
      vertex -0.735128 -7.46389 2.39
    endloop
  endfacet
  facet normal 0.146735 0.989176 0
    outer loop
      vertex -1.46318 -7.35589 2.39
      vertex -0.735128 -7.46389 0
      vertex -1.46318 -7.35589 0
    endloop
  endfacet
  facet normal -0.595698 0.803209 0
    outer loop
      vertex 4.75795 -5.79758 0
      vertex 4.16678 -6.23602 2.39
      vertex 4.75795 -5.79758 2.39
    endloop
  endfacet
  facet normal -0.595698 0.803209 0
    outer loop
      vertex 4.16678 -6.23602 2.39
      vertex 4.75795 -5.79758 0
      vertex 4.16678 -6.23602 0
    endloop
  endfacet
  facet normal 0.941547 0.336883 0
    outer loop
      vertex -6.9291 -2.87012 2.39
      vertex -7.17705 -2.17713 0
      vertex -7.17705 -2.17713 2.39
    endloop
  endfacet
  facet normal 0.941547 0.336883 0
    outer loop
      vertex -7.17705 -2.17713 0
      vertex -6.9291 -2.87012 2.39
      vertex -6.9291 -2.87012 0
    endloop
  endfacet
  facet normal 0.242986 0.97003 -0
    outer loop
      vertex -1.46318 -7.35589 0
      vertex -2.17713 -7.17705 2.39
      vertex -1.46318 -7.35589 2.39
    endloop
  endfacet
  facet normal 0.242986 0.97003 0
    outer loop
      vertex -2.17713 -7.17705 2.39
      vertex -1.46318 -7.35589 0
      vertex -2.17713 -7.17705 0
    endloop
  endfacet
  facet normal -0.903988 -0.427558 0
    outer loop
      vertex 6.9291 2.87012 0
      vertex 6.61441 3.53547 2.39
      vertex 6.61441 3.53547 0
    endloop
  endfacet
  facet normal -0.903988 -0.427558 0
    outer loop
      vertex 6.61441 3.53547 2.39
      vertex 6.9291 2.87012 0
      vertex 6.9291 2.87012 2.39
    endloop
  endfacet
  facet normal -0.740949 0.671562 0
    outer loop
      vertex 5.3033 -5.3033 0
      vertex 5.79758 -4.75795 2.39
      vertex 5.79758 -4.75795 0
    endloop
  endfacet
  facet normal -0.740949 0.671562 0
    outer loop
      vertex 5.79758 -4.75795 2.39
      vertex 5.3033 -5.3033 0
      vertex 5.3033 -5.3033 2.39
    endloop
  endfacet
  facet normal -0.0490615 0.998796 0
    outer loop
      vertex 0.735128 -7.46389 0
      vertex 0 -7.5 2.39
      vertex 0.735128 -7.46389 2.39
    endloop
  endfacet
  facet normal -0.0490615 0.998796 0
    outer loop
      vertex 0 -7.5 2.39
      vertex 0.735128 -7.46389 0
      vertex 0 -7.5 0
    endloop
  endfacet
  facet normal 0.242986 -0.97003 0
    outer loop
      vertex -2.17713 7.17705 0
      vertex -1.46318 7.35589 2.39
      vertex -2.17713 7.17705 2.39
    endloop
  endfacet
  facet normal 0.242986 -0.97003 0
    outer loop
      vertex -1.46318 7.35589 2.39
      vertex -2.17713 7.17705 0
      vertex -1.46318 7.35589 0
    endloop
  endfacet
  facet normal -0.427558 -0.903988 0
    outer loop
      vertex 2.87012 6.9291 0
      vertex 3.53547 6.61441 2.39
      vertex 2.87012 6.9291 2.39
    endloop
  endfacet
  facet normal -0.427558 -0.903988 -0
    outer loop
      vertex 3.53547 6.61441 2.39
      vertex 2.87012 6.9291 0
      vertex 3.53547 6.61441 0
    endloop
  endfacet
  facet normal 0.595698 -0.803209 0
    outer loop
      vertex -4.75795 5.79758 0
      vertex -4.16678 6.23602 2.39
      vertex -4.75795 5.79758 2.39
    endloop
  endfacet
  facet normal 0.595698 -0.803209 0
    outer loop
      vertex -4.16678 6.23602 2.39
      vertex -4.75795 5.79758 0
      vertex -4.16678 6.23602 0
    endloop
  endfacet
  facet normal -0.5141 -0.85773 0
    outer loop
      vertex 3.53547 6.61441 0
      vertex 4.16678 6.23602 2.39
      vertex 3.53547 6.61441 2.39
    endloop
  endfacet
  facet normal -0.5141 -0.85773 -0
    outer loop
      vertex 4.16678 6.23602 2.39
      vertex 3.53547 6.61441 0
      vertex 4.16678 6.23602 0
    endloop
  endfacet
  facet normal -0.595698 -0.803209 0
    outer loop
      vertex 4.16678 6.23602 0
      vertex 4.75795 5.79758 2.39
      vertex 4.16678 6.23602 2.39
    endloop
  endfacet
  facet normal -0.595698 -0.803209 -0
    outer loop
      vertex 4.75795 5.79758 2.39
      vertex 4.16678 6.23602 0
      vertex 4.75795 5.79758 0
    endloop
  endfacet
  facet normal 0.941547 -0.336883 0
    outer loop
      vertex -7.17705 2.17713 2.39
      vertex -6.9291 2.87012 0
      vertex -6.9291 2.87012 2.39
    endloop
  endfacet
  facet normal 0.941547 -0.336883 0
    outer loop
      vertex -6.9291 2.87012 0
      vertex -7.17705 2.17713 2.39
      vertex -7.17705 2.17713 0
    endloop
  endfacet
  facet normal 0.427558 -0.903988 0
    outer loop
      vertex -3.53547 6.61441 0
      vertex -2.87012 6.9291 2.39
      vertex -3.53547 6.61441 2.39
    endloop
  endfacet
  facet normal 0.427558 -0.903988 0
    outer loop
      vertex -2.87012 6.9291 2.39
      vertex -3.53547 6.61441 0
      vertex -2.87012 6.9291 0
    endloop
  endfacet
  facet normal 0.989176 0.146735 0
    outer loop
      vertex -7.35589 -1.46318 2.39
      vertex -7.46389 -0.735128 0
      vertex -7.46389 -0.735128 2.39
    endloop
  endfacet
  facet normal 0.989176 0.146735 0
    outer loop
      vertex -7.46389 -0.735128 0
      vertex -7.35589 -1.46318 2.39
      vertex -7.35589 -1.46318 0
    endloop
  endfacet
  facet normal -0.427558 0.903988 0
    outer loop
      vertex 3.53547 -6.61441 0
      vertex 2.87012 -6.9291 2.39
      vertex 3.53547 -6.61441 2.39
    endloop
  endfacet
  facet normal -0.427558 0.903988 0
    outer loop
      vertex 2.87012 -6.9291 2.39
      vertex 3.53547 -6.61441 0
      vertex 2.87012 -6.9291 0
    endloop
  endfacet
  facet normal -0.336883 0.941547 0
    outer loop
      vertex 2.87012 -6.9291 0
      vertex 2.17713 -7.17705 2.39
      vertex 2.87012 -6.9291 2.39
    endloop
  endfacet
  facet normal -0.336883 0.941547 0
    outer loop
      vertex 2.17713 -7.17705 2.39
      vertex 2.87012 -6.9291 0
      vertex 2.17713 -7.17705 0
    endloop
  endfacet
  facet normal 0.427558 0.903988 -0
    outer loop
      vertex -2.87012 -6.9291 0
      vertex -3.53547 -6.61441 2.39
      vertex -2.87012 -6.9291 2.39
    endloop
  endfacet
  facet normal 0.427558 0.903988 0
    outer loop
      vertex -3.53547 -6.61441 2.39
      vertex -2.87012 -6.9291 0
      vertex -3.53547 -6.61441 0
    endloop
  endfacet
  facet normal -0.242986 0.97003 0
    outer loop
      vertex 2.17713 -7.17705 0
      vertex 1.46318 -7.35589 2.39
      vertex 2.17713 -7.17705 2.39
    endloop
  endfacet
  facet normal -0.242986 0.97003 0
    outer loop
      vertex 1.46318 -7.35589 2.39
      vertex 2.17713 -7.17705 0
      vertex 1.46318 -7.35589 0
    endloop
  endfacet
  facet normal 0.740949 -0.671562 0
    outer loop
      vertex -5.79758 4.75795 2.39
      vertex -5.3033 5.3033 0
      vertex -5.3033 5.3033 2.39
    endloop
  endfacet
  facet normal 0.740949 -0.671562 0
    outer loop
      vertex -5.3033 5.3033 0
      vertex -5.79758 4.75795 2.39
      vertex -5.79758 4.75795 0
    endloop
  endfacet
  facet normal 0 0 -1
    outer loop
      vertex 5.25 0 2.39
      vertex 7.5 0 2.39
      vertex 7.46389 -0.735128 2.39
    endloop
  endfacet
  facet normal 0 0 -1
    outer loop
      vertex 5.22472 -0.514589 2.39
      vertex 7.46389 -0.735128 2.39
      vertex 7.35589 -1.46318 2.39
    endloop
  endfacet
  facet normal 0 0 -1
    outer loop
      vertex 7.5 0 2.39
      vertex 5.25 0 2.39
      vertex 7.46389 0.735128 2.39
    endloop
  endfacet
  facet normal 0 0 -1
    outer loop
      vertex 5.14912 -1.02422 2.39
      vertex 7.35589 -1.46318 2.39
      vertex 7.17705 -2.17713 2.39
    endloop
  endfacet
  facet normal 0 0 -1
    outer loop
      vertex 5.22472 0.514589 2.39
      vertex 7.46389 0.735128 2.39
      vertex 5.25 0 2.39
    endloop
  endfacet
  facet normal 0 0 -1
    outer loop
      vertex 5.02394 -1.52399 2.39
      vertex 7.17705 -2.17713 2.39
      vertex 6.9291 -2.87012 2.39
    endloop
  endfacet
  facet normal -0 0 -1
    outer loop
      vertex 7.46389 0.735128 2.39
      vertex 5.22472 0.514589 2.39
      vertex 7.35589 1.46318 2.39
    endloop
  endfacet
  facet normal 0 0 -1
    outer loop
      vertex 4.85037 -2.00909 2.39
      vertex 6.9291 -2.87012 2.39
      vertex 6.61441 -3.53547 2.39
    endloop
  endfacet
  facet normal 0 0 -1
    outer loop
      vertex 5.14912 1.02422 2.39
      vertex 7.35589 1.46318 2.39
      vertex 5.22472 0.514589 2.39
    endloop
  endfacet
  facet normal 0 0 -1
    outer loop
      vertex 4.63009 -2.47483 2.39
      vertex 6.61441 -3.53547 2.39
      vertex 6.23602 -4.16678 2.39
    endloop
  endfacet
  facet normal -0 0 -1
    outer loop
      vertex 7.35589 1.46318 2.39
      vertex 5.14912 1.02422 2.39
      vertex 7.17705 2.17713 2.39
    endloop
  endfacet
  facet normal 0 0 -1
    outer loop
      vertex 4.36522 -2.91674 2.39
      vertex 6.23602 -4.16678 2.39
      vertex 5.79758 -4.75795 2.39
    endloop
  endfacet
  facet normal 0 0 -1
    outer loop
      vertex 5.02394 1.52399 2.39
      vertex 7.17705 2.17713 2.39
      vertex 5.14912 1.02422 2.39
    endloop
  endfacet
  facet normal 0 0 -1
    outer loop
      vertex 4.0583 -3.33056 2.39
      vertex 5.79758 -4.75795 2.39
      vertex 5.3033 -5.3033 2.39
    endloop
  endfacet
  facet normal -0 0 -1
    outer loop
      vertex 7.17705 2.17713 2.39
      vertex 5.02394 1.52399 2.39
      vertex 6.9291 2.87012 2.39
    endloop
  endfacet
  facet normal 0 0 -1
    outer loop
      vertex 4.85037 2.00909 2.39
      vertex 6.9291 2.87012 2.39
      vertex 5.02394 1.52399 2.39
    endloop
  endfacet
  facet normal 0 0 -1
    outer loop
      vertex 7.46389 -0.735128 2.39
      vertex 5.22472 -0.514589 2.39
      vertex 5.25 0 2.39
    endloop
  endfacet
  facet normal 0 0 -1
    outer loop
      vertex 7.35589 -1.46318 2.39
      vertex 5.14912 -1.02422 2.39
      vertex 5.22472 -0.514589 2.39
    endloop
  endfacet
  facet normal 0 0 -1
    outer loop
      vertex 7.17705 -2.17713 2.39
      vertex 5.02394 -1.52399 2.39
      vertex 5.14912 -1.02422 2.39
    endloop
  endfacet
  facet normal 0 0 -1
    outer loop
      vertex 6.9291 -2.87012 2.39
      vertex 4.85037 -2.00909 2.39
      vertex 5.02394 -1.52399 2.39
    endloop
  endfacet
  facet normal 0 0 -1
    outer loop
      vertex 3.71231 -3.71231 2.39
      vertex 5.3033 -5.3033 2.39
      vertex 4.75795 -5.79758 2.39
    endloop
  endfacet
  facet normal 0 0 -1
    outer loop
      vertex 6.61441 -3.53547 2.39
      vertex 4.63009 -2.47483 2.39
      vertex 4.85037 -2.00909 2.39
    endloop
  endfacet
  facet normal 0 0 -1
    outer loop
      vertex 6.23602 -4.16678 2.39
      vertex 4.36522 -2.91674 2.39
      vertex 4.63009 -2.47483 2.39
    endloop
  endfacet
  facet normal 0 0 -1
    outer loop
      vertex 3.33056 -4.0583 2.39
      vertex 4.75795 -5.79758 2.39
      vertex 4.16678 -6.23602 2.39
    endloop
  endfacet
  facet normal 0 0 -1
    outer loop
      vertex 5.79758 -4.75795 2.39
      vertex 4.0583 -3.33056 2.39
      vertex 4.36522 -2.91674 2.39
    endloop
  endfacet
  facet normal 0 0 -1
    outer loop
      vertex 5.3033 -5.3033 2.39
      vertex 3.71231 -3.71231 2.39
      vertex 4.0583 -3.33056 2.39
    endloop
  endfacet
  facet normal 0 0 -1
    outer loop
      vertex 2.91674 -4.36522 2.39
      vertex 4.16678 -6.23602 2.39
      vertex 3.53547 -6.61441 2.39
    endloop
  endfacet
  facet normal 0 0 -1
    outer loop
      vertex 4.75795 -5.79758 2.39
      vertex 3.33056 -4.0583 2.39
      vertex 3.71231 -3.71231 2.39
    endloop
  endfacet
  facet normal 0 0 -1
    outer loop
      vertex 4.16678 -6.23602 2.39
      vertex 2.91674 -4.36522 2.39
      vertex 3.33056 -4.0583 2.39
    endloop
  endfacet
  facet normal 0 0 -1
    outer loop
      vertex 2.47483 -4.63009 2.39
      vertex 3.53547 -6.61441 2.39
      vertex 2.87012 -6.9291 2.39
    endloop
  endfacet
  facet normal 0 0 -1
    outer loop
      vertex 3.53547 -6.61441 2.39
      vertex 2.47483 -4.63009 2.39
      vertex 2.91674 -4.36522 2.39
    endloop
  endfacet
  facet normal 0 0 -1
    outer loop
      vertex 2.00909 -4.85037 2.39
      vertex 2.87012 -6.9291 2.39
      vertex 2.17713 -7.17705 2.39
    endloop
  endfacet
  facet normal 0 0 -1
    outer loop
      vertex 2.87012 -6.9291 2.39
      vertex 2.00909 -4.85037 2.39
      vertex 2.47483 -4.63009 2.39
    endloop
  endfacet
  facet normal 0 0 -1
    outer loop
      vertex 2.17713 -7.17705 2.39
      vertex 1.52399 -5.02394 2.39
      vertex 2.00909 -4.85037 2.39
    endloop
  endfacet
  facet normal 0 0 -1
    outer loop
      vertex 1.46318 -7.35589 2.39
      vertex 1.52399 -5.02394 2.39
      vertex 2.17713 -7.17705 2.39
    endloop
  endfacet
  facet normal 0 0 -1
    outer loop
      vertex 1.46318 -7.35589 2.39
      vertex 1.02422 -5.14912 2.39
      vertex 1.52399 -5.02394 2.39
    endloop
  endfacet
  facet normal 0 0 -1
    outer loop
      vertex 0.735128 -7.46389 2.39
      vertex 1.02422 -5.14912 2.39
      vertex 1.46318 -7.35589 2.39
    endloop
  endfacet
  facet normal 0 0 -1
    outer loop
      vertex 0.735128 -7.46389 2.39
      vertex 0.514589 -5.22472 2.39
      vertex 1.02422 -5.14912 2.39
    endloop
  endfacet
  facet normal 0 0 -1
    outer loop
      vertex 0 -7.5 2.39
      vertex 0.514589 -5.22472 2.39
      vertex 0.735128 -7.46389 2.39
    endloop
  endfacet
  facet normal 0 0 -1
    outer loop
      vertex 0 -7.5 2.39
      vertex 0 -5.25 2.39
      vertex 0.514589 -5.22472 2.39
    endloop
  endfacet
  facet normal 0 0 -1
    outer loop
      vertex 0 -7.5 2.39
      vertex -0.514589 -5.22472 2.39
      vertex 0 -5.25 2.39
    endloop
  endfacet
  facet normal 0 0 -1
    outer loop
      vertex -0.735128 -7.46389 2.39
      vertex -0.514589 -5.22472 2.39
      vertex 0 -7.5 2.39
    endloop
  endfacet
  facet normal 0 0 -1
    outer loop
      vertex -0.735128 -7.46389 2.39
      vertex -1.02422 -5.14912 2.39
      vertex -0.514589 -5.22472 2.39
    endloop
  endfacet
  facet normal 0 0 -1
    outer loop
      vertex -1.46318 -7.35589 2.39
      vertex -1.02422 -5.14912 2.39
      vertex -0.735128 -7.46389 2.39
    endloop
  endfacet
  facet normal 0 0 -1
    outer loop
      vertex -1.46318 -7.35589 2.39
      vertex -1.52399 -5.02394 2.39
      vertex -1.02422 -5.14912 2.39
    endloop
  endfacet
  facet normal 0 0 -1
    outer loop
      vertex -2.17713 -7.17705 2.39
      vertex -1.52399 -5.02394 2.39
      vertex -1.46318 -7.35589 2.39
    endloop
  endfacet
  facet normal -0 0 -1
    outer loop
      vertex -1.52399 -5.02394 2.39
      vertex -2.17713 -7.17705 2.39
      vertex -2.00909 -4.85037 2.39
    endloop
  endfacet
  facet normal 0 0 -1
    outer loop
      vertex -2.87012 -6.9291 2.39
      vertex -2.00909 -4.85037 2.39
      vertex -2.17713 -7.17705 2.39
    endloop
  endfacet
  facet normal -0 0 -1
    outer loop
      vertex -2.00909 -4.85037 2.39
      vertex -2.87012 -6.9291 2.39
      vertex -2.47483 -4.63009 2.39
    endloop
  endfacet
  facet normal 0 0 -1
    outer loop
      vertex -3.53547 -6.61441 2.39
      vertex -2.47483 -4.63009 2.39
      vertex -2.87012 -6.9291 2.39
    endloop
  endfacet
  facet normal -0 0 -1
    outer loop
      vertex -2.47483 -4.63009 2.39
      vertex -3.53547 -6.61441 2.39
      vertex -2.91674 -4.36522 2.39
    endloop
  endfacet
  facet normal 0 0 -1
    outer loop
      vertex -4.16678 -6.23602 2.39
      vertex -2.91674 -4.36522 2.39
      vertex -3.53547 -6.61441 2.39
    endloop
  endfacet
  facet normal -0 0 -1
    outer loop
      vertex -2.91674 -4.36522 2.39
      vertex -4.16678 -6.23602 2.39
      vertex -3.33056 -4.0583 2.39
    endloop
  endfacet
  facet normal 0 0 -1
    outer loop
      vertex -4.75795 -5.79758 2.39
      vertex -3.33056 -4.0583 2.39
      vertex -4.16678 -6.23602 2.39
    endloop
  endfacet
  facet normal -0 0 -1
    outer loop
      vertex -3.33056 -4.0583 2.39
      vertex -4.75795 -5.79758 2.39
      vertex -3.71231 -3.71231 2.39
    endloop
  endfacet
  facet normal 0 0 -1
    outer loop
      vertex -5.3033 -5.3033 2.39
      vertex -3.71231 -3.71231 2.39
      vertex -4.75795 -5.79758 2.39
    endloop
  endfacet
  facet normal -0 0 -1
    outer loop
      vertex -3.71231 -3.71231 2.39
      vertex -5.3033 -5.3033 2.39
      vertex -4.0583 -3.33056 2.39
    endloop
  endfacet
  facet normal 0 0 -1
    outer loop
      vertex -5.79758 -4.75795 2.39
      vertex -4.0583 -3.33056 2.39
      vertex -5.3033 -5.3033 2.39
    endloop
  endfacet
  facet normal -0 0 -1
    outer loop
      vertex -4.0583 -3.33056 2.39
      vertex -5.79758 -4.75795 2.39
      vertex -4.36522 -2.91674 2.39
    endloop
  endfacet
  facet normal 0 0 -1
    outer loop
      vertex -6.23602 -4.16678 2.39
      vertex -4.36522 -2.91674 2.39
      vertex -5.79758 -4.75795 2.39
    endloop
  endfacet
  facet normal -0 0 -1
    outer loop
      vertex -4.36522 -2.91674 2.39
      vertex -6.23602 -4.16678 2.39
      vertex -4.63009 -2.47483 2.39
    endloop
  endfacet
  facet normal 0 0 -1
    outer loop
      vertex -6.61441 -3.53547 2.39
      vertex -4.63009 -2.47483 2.39
      vertex -6.23602 -4.16678 2.39
    endloop
  endfacet
  facet normal 0 0 -1
    outer loop
      vertex -6.9291 -2.87012 2.39
      vertex -4.85037 -2.00909 2.39
      vertex -6.61441 -3.53547 2.39
    endloop
  endfacet
  facet normal -0 0 -1
    outer loop
      vertex -4.63009 -2.47483 2.39
      vertex -6.61441 -3.53547 2.39
      vertex -4.85037 -2.00909 2.39
    endloop
  endfacet
  facet normal -0 0 -1
    outer loop
      vertex 6.9291 2.87012 2.39
      vertex 4.85037 2.00909 2.39
      vertex 6.61441 3.53547 2.39
    endloop
  endfacet
  facet normal 0 0 -1
    outer loop
      vertex 4.63009 2.47483 2.39
      vertex 6.61441 3.53547 2.39
      vertex 4.85037 2.00909 2.39
    endloop
  endfacet
  facet normal -0 0 -1
    outer loop
      vertex 6.61441 3.53547 2.39
      vertex 4.63009 2.47483 2.39
      vertex 6.23602 4.16678 2.39
    endloop
  endfacet
  facet normal 0 0 -1
    outer loop
      vertex 4.36522 2.91674 2.39
      vertex 6.23602 4.16678 2.39
      vertex 4.63009 2.47483 2.39
    endloop
  endfacet
  facet normal -0 0 -1
    outer loop
      vertex 6.23602 4.16678 2.39
      vertex 4.36522 2.91674 2.39
      vertex 5.79758 4.75795 2.39
    endloop
  endfacet
  facet normal 0 0 -1
    outer loop
      vertex 4.0583 3.33056 2.39
      vertex 5.79758 4.75795 2.39
      vertex 4.36522 2.91674 2.39
    endloop
  endfacet
  facet normal -0 0 -1
    outer loop
      vertex 5.79758 4.75795 2.39
      vertex 4.0583 3.33056 2.39
      vertex 5.3033 5.3033 2.39
    endloop
  endfacet
  facet normal 0 0 -1
    outer loop
      vertex 3.71231 3.71231 2.39
      vertex 5.3033 5.3033 2.39
      vertex 4.0583 3.33056 2.39
    endloop
  endfacet
  facet normal -0 0 -1
    outer loop
      vertex 5.3033 5.3033 2.39
      vertex 3.71231 3.71231 2.39
      vertex 4.75795 5.79758 2.39
    endloop
  endfacet
  facet normal 0 0 -1
    outer loop
      vertex 3.33056 4.0583 2.39
      vertex 4.75795 5.79758 2.39
      vertex 3.71231 3.71231 2.39
    endloop
  endfacet
  facet normal -0 0 -1
    outer loop
      vertex 4.75795 5.79758 2.39
      vertex 3.33056 4.0583 2.39
      vertex 4.16678 6.23602 2.39
    endloop
  endfacet
  facet normal 0 0 -1
    outer loop
      vertex 2.91674 4.36522 2.39
      vertex 4.16678 6.23602 2.39
      vertex 3.33056 4.0583 2.39
    endloop
  endfacet
  facet normal -0 0 -1
    outer loop
      vertex 4.16678 6.23602 2.39
      vertex 2.91674 4.36522 2.39
      vertex 3.53547 6.61441 2.39
    endloop
  endfacet
  facet normal 0 0 -1
    outer loop
      vertex 2.47483 4.63009 2.39
      vertex 3.53547 6.61441 2.39
      vertex 2.91674 4.36522 2.39
    endloop
  endfacet
  facet normal -0 0 -1
    outer loop
      vertex 3.53547 6.61441 2.39
      vertex 2.47483 4.63009 2.39
      vertex 2.87012 6.9291 2.39
    endloop
  endfacet
  facet normal 0 0 -1
    outer loop
      vertex 2.00909 4.85037 2.39
      vertex 2.87012 6.9291 2.39
      vertex 2.47483 4.63009 2.39
    endloop
  endfacet
  facet normal -0 0 -1
    outer loop
      vertex 2.87012 6.9291 2.39
      vertex 2.00909 4.85037 2.39
      vertex 2.17713 7.17705 2.39
    endloop
  endfacet
  facet normal 0 0 -1
    outer loop
      vertex 1.52399 5.02394 2.39
      vertex 2.17713 7.17705 2.39
      vertex 2.00909 4.85037 2.39
    endloop
  endfacet
  facet normal 0 0 -1
    outer loop
      vertex 1.52399 5.02394 2.39
      vertex 1.46318 7.35589 2.39
      vertex 2.17713 7.17705 2.39
    endloop
  endfacet
  facet normal 0 0 -1
    outer loop
      vertex 1.02422 5.14912 2.39
      vertex 1.46318 7.35589 2.39
      vertex 1.52399 5.02394 2.39
    endloop
  endfacet
  facet normal 0 0 -1
    outer loop
      vertex 1.02422 5.14912 2.39
      vertex 0.735128 7.46389 2.39
      vertex 1.46318 7.35589 2.39
    endloop
  endfacet
  facet normal 0 0 -1
    outer loop
      vertex 0.514589 5.22472 2.39
      vertex 0.735128 7.46389 2.39
      vertex 1.02422 5.14912 2.39
    endloop
  endfacet
  facet normal 0 0 -1
    outer loop
      vertex 0 5.25 2.39
      vertex 0.735128 7.46389 2.39
      vertex 0.514589 5.22472 2.39
    endloop
  endfacet
  facet normal 0 0 -1
    outer loop
      vertex 0 5.25 2.39
      vertex 0 7.5 2.39
      vertex 0.735128 7.46389 2.39
    endloop
  endfacet
  facet normal 0 0 -1
    outer loop
      vertex -0.514589 5.22472 2.39
      vertex 0 7.5 2.39
      vertex 0 5.25 2.39
    endloop
  endfacet
  facet normal 0 0 -1
    outer loop
      vertex -0.514589 5.22472 2.39
      vertex -0.735128 7.46389 2.39
      vertex 0 7.5 2.39
    endloop
  endfacet
  facet normal 0 0 -1
    outer loop
      vertex -1.02422 5.14912 2.39
      vertex -0.735128 7.46389 2.39
      vertex -0.514589 5.22472 2.39
    endloop
  endfacet
  facet normal 0 0 -1
    outer loop
      vertex -1.02422 5.14912 2.39
      vertex -1.46318 7.35589 2.39
      vertex -0.735128 7.46389 2.39
    endloop
  endfacet
  facet normal 0 0 -1
    outer loop
      vertex -1.52399 5.02394 2.39
      vertex -1.46318 7.35589 2.39
      vertex -1.02422 5.14912 2.39
    endloop
  endfacet
  facet normal 0 0 -1
    outer loop
      vertex -2.17713 7.17705 2.39
      vertex -1.52399 5.02394 2.39
      vertex -2.00909 4.85037 2.39
    endloop
  endfacet
  facet normal 0 0 -1
    outer loop
      vertex -1.52399 5.02394 2.39
      vertex -2.17713 7.17705 2.39
      vertex -1.46318 7.35589 2.39
    endloop
  endfacet
  facet normal 0 0 -1
    outer loop
      vertex -2.87012 6.9291 2.39
      vertex -2.00909 4.85037 2.39
      vertex -2.47483 4.63009 2.39
    endloop
  endfacet
  facet normal 0 0 -1
    outer loop
      vertex -2.00909 4.85037 2.39
      vertex -2.87012 6.9291 2.39
      vertex -2.17713 7.17705 2.39
    endloop
  endfacet
  facet normal 0 0 -1
    outer loop
      vertex -3.53547 6.61441 2.39
      vertex -2.47483 4.63009 2.39
      vertex -2.91674 4.36522 2.39
    endloop
  endfacet
  facet normal 0 0 -1
    outer loop
      vertex -4.16678 6.23602 2.39
      vertex -2.91674 4.36522 2.39
      vertex -3.33056 4.0583 2.39
    endloop
  endfacet
  facet normal 0 0 -1
    outer loop
      vertex -2.47483 4.63009 2.39
      vertex -3.53547 6.61441 2.39
      vertex -2.87012 6.9291 2.39
    endloop
  endfacet
  facet normal 0 0 -1
    outer loop
      vertex -4.75795 5.79758 2.39
      vertex -3.33056 4.0583 2.39
      vertex -3.71231 3.71231 2.39
    endloop
  endfacet
  facet normal 0 0 -1
    outer loop
      vertex -5.3033 5.3033 2.39
      vertex -3.71231 3.71231 2.39
      vertex -4.0583 3.33056 2.39
    endloop
  endfacet
  facet normal 0 0 -1
    outer loop
      vertex -2.91674 4.36522 2.39
      vertex -4.16678 6.23602 2.39
      vertex -3.53547 6.61441 2.39
    endloop
  endfacet
  facet normal 0 0 -1
    outer loop
      vertex -5.79758 4.75795 2.39
      vertex -4.0583 3.33056 2.39
      vertex -4.36522 2.91674 2.39
    endloop
  endfacet
  facet normal 0 0 -1
    outer loop
      vertex -6.23602 4.16678 2.39
      vertex -4.36522 2.91674 2.39
      vertex -4.63009 2.47483 2.39
    endloop
  endfacet
  facet normal 0 0 -1
    outer loop
      vertex -3.33056 4.0583 2.39
      vertex -4.75795 5.79758 2.39
      vertex -4.16678 6.23602 2.39
    endloop
  endfacet
  facet normal 0 0 -1
    outer loop
      vertex -6.61441 3.53547 2.39
      vertex -4.63009 2.47483 2.39
      vertex -4.85037 2.00909 2.39
    endloop
  endfacet
  facet normal 0 0 -1
    outer loop
      vertex -6.9291 2.87012 2.39
      vertex -4.85037 2.00909 2.39
      vertex -5.02394 1.52399 2.39
    endloop
  endfacet
  facet normal 0 0 -1
    outer loop
      vertex -7.17705 2.17713 2.39
      vertex -5.02394 1.52399 2.39
      vertex -5.14912 1.02422 2.39
    endloop
  endfacet
  facet normal 0 0 -1
    outer loop
      vertex -7.35589 1.46318 2.39
      vertex -5.14912 1.02422 2.39
      vertex -5.22472 0.514589 2.39
    endloop
  endfacet
  facet normal 0 0 -1
    outer loop
      vertex -3.71231 3.71231 2.39
      vertex -5.3033 5.3033 2.39
      vertex -4.75795 5.79758 2.39
    endloop
  endfacet
  facet normal 0 0 -1
    outer loop
      vertex -7.46389 0.735128 2.39
      vertex -5.22472 0.514589 2.39
      vertex -5.25 0 2.39
    endloop
  endfacet
  facet normal -0 0 -1
    outer loop
      vertex -4.85037 -2.00909 2.39
      vertex -6.9291 -2.87012 2.39
      vertex -5.02394 -1.52399 2.39
    endloop
  endfacet
  facet normal 0 0 -1
    outer loop
      vertex -7.17705 -2.17713 2.39
      vertex -5.02394 -1.52399 2.39
      vertex -6.9291 -2.87012 2.39
    endloop
  endfacet
  facet normal 0 0 -1
    outer loop
      vertex -4.0583 3.33056 2.39
      vertex -5.79758 4.75795 2.39
      vertex -5.3033 5.3033 2.39
    endloop
  endfacet
  facet normal -0 0 -1
    outer loop
      vertex -5.02394 -1.52399 2.39
      vertex -7.17705 -2.17713 2.39
      vertex -5.14912 -1.02422 2.39
    endloop
  endfacet
  facet normal 0 0 -1
    outer loop
      vertex -4.36522 2.91674 2.39
      vertex -6.23602 4.16678 2.39
      vertex -5.79758 4.75795 2.39
    endloop
  endfacet
  facet normal 0 0 -1
    outer loop
      vertex -7.35589 -1.46318 2.39
      vertex -5.14912 -1.02422 2.39
      vertex -7.17705 -2.17713 2.39
    endloop
  endfacet
  facet normal 0 0 -1
    outer loop
      vertex -4.63009 2.47483 2.39
      vertex -6.61441 3.53547 2.39
      vertex -6.23602 4.16678 2.39
    endloop
  endfacet
  facet normal -0 0 -1
    outer loop
      vertex -5.14912 -1.02422 2.39
      vertex -7.35589 -1.46318 2.39
      vertex -5.22472 -0.514589 2.39
    endloop
  endfacet
  facet normal 0 0 -1
    outer loop
      vertex -4.85037 2.00909 2.39
      vertex -6.9291 2.87012 2.39
      vertex -6.61441 3.53547 2.39
    endloop
  endfacet
  facet normal 0 0 -1
    outer loop
      vertex -7.46389 -0.735128 2.39
      vertex -5.22472 -0.514589 2.39
      vertex -7.35589 -1.46318 2.39
    endloop
  endfacet
  facet normal 0 0 -1
    outer loop
      vertex -5.02394 1.52399 2.39
      vertex -7.17705 2.17713 2.39
      vertex -6.9291 2.87012 2.39
    endloop
  endfacet
  facet normal -0 0 -1
    outer loop
      vertex -5.22472 -0.514589 2.39
      vertex -7.46389 -0.735128 2.39
      vertex -5.25 0 2.39
    endloop
  endfacet
  facet normal 0 0 -1
    outer loop
      vertex -5.14912 1.02422 2.39
      vertex -7.35589 1.46318 2.39
      vertex -7.17705 2.17713 2.39
    endloop
  endfacet
  facet normal 0 0 -1
    outer loop
      vertex -7.5 0 2.39
      vertex -5.25 0 2.39
      vertex -7.46389 -0.735128 2.39
    endloop
  endfacet
  facet normal 0 0 -1
    outer loop
      vertex -5.22472 0.514589 2.39
      vertex -7.46389 0.735128 2.39
      vertex -7.35589 1.46318 2.39
    endloop
  endfacet
  facet normal 0 0 -1
    outer loop
      vertex -5.25 0 2.39
      vertex -7.5 0 2.39
      vertex -7.46389 0.735128 2.39
    endloop
  endfacet
  facet normal 0.85773 0.5141 0
    outer loop
      vertex -6.23602 -4.16678 2.39
      vertex -6.61441 -3.53547 0
      vertex -6.61441 -3.53547 2.39
    endloop
  endfacet
  facet normal 0.85773 0.5141 0
    outer loop
      vertex -6.61441 -3.53547 0
      vertex -6.23602 -4.16678 2.39
      vertex -6.23602 -4.16678 0
    endloop
  endfacet
  facet normal -0.336883 -0.941547 0
    outer loop
      vertex 2.17713 7.17705 0
      vertex 2.87012 6.9291 2.39
      vertex 2.17713 7.17705 2.39
    endloop
  endfacet
  facet normal -0.336883 -0.941547 -0
    outer loop
      vertex 2.87012 6.9291 2.39
      vertex 2.17713 7.17705 0
      vertex 2.87012 6.9291 0
    endloop
  endfacet
  facet normal -0.671562 0.740949 0
    outer loop
      vertex 5.3033 -5.3033 0
      vertex 4.75795 -5.79758 2.39
      vertex 5.3033 -5.3033 2.39
    endloop
  endfacet
  facet normal -0.671562 0.740949 0
    outer loop
      vertex 4.75795 -5.79758 2.39
      vertex 5.3033 -5.3033 0
      vertex 4.75795 -5.79758 0
    endloop
  endfacet
  facet normal 0.85773 -0.5141 0
    outer loop
      vertex -6.61441 3.53547 2.39
      vertex -6.23602 4.16678 0
      vertex -6.23602 4.16678 2.39
    endloop
  endfacet
  facet normal 0.85773 -0.5141 0
    outer loop
      vertex -6.23602 4.16678 0
      vertex -6.61441 3.53547 2.39
      vertex -6.61441 3.53547 0
    endloop
  endfacet
  facet normal 0.803209 -0.595698 0
    outer loop
      vertex -6.23602 4.16678 2.39
      vertex -5.79758 4.75795 0
      vertex -5.79758 4.75795 2.39
    endloop
  endfacet
  facet normal 0.803209 -0.595698 0
    outer loop
      vertex -5.79758 4.75795 0
      vertex -6.23602 4.16678 2.39
      vertex -6.23602 4.16678 0
    endloop
  endfacet
  facet normal -0.0490674 -0.998795 0
    outer loop
      vertex -0.514589 -5.22472 0
      vertex 0 -5.25 2.39
      vertex -0.514589 -5.22472 2.39
    endloop
  endfacet
  facet normal -0.0490674 -0.998795 -0
    outer loop
      vertex 0 -5.25 2.39
      vertex -0.514589 -5.22472 0
      vertex 0 -5.25 0
    endloop
  endfacet
  facet normal 0.989176 0.146737 0
    outer loop
      vertex 5.22472 0.514589 2.39
      vertex 5.14912 1.02422 0
      vertex 5.14912 1.02422 2.39
    endloop
  endfacet
  facet normal 0.989176 0.146737 0
    outer loop
      vertex 5.14912 1.02422 0
      vertex 5.22472 0.514589 2.39
      vertex 5.22472 0.514589 0
    endloop
  endfacet
  facet normal 0.740959 -0.67155 0
    outer loop
      vertex 3.71231 -3.71231 2.39
      vertex 4.0583 -3.33056 0
      vertex 4.0583 -3.33056 2.39
    endloop
  endfacet
  facet normal 0.740959 -0.67155 0
    outer loop
      vertex 4.0583 -3.33056 0
      vertex 3.71231 -3.71231 2.39
      vertex 3.71231 -3.71231 0
    endloop
  endfacet
  facet normal -0.242969 0.970034 0
    outer loop
      vertex -1.02422 5.14912 0
      vertex -1.52399 5.02394 2.39
      vertex -1.02422 5.14912 2.39
    endloop
  endfacet
  facet normal -0.242969 0.970034 0
    outer loop
      vertex -1.52399 5.02394 2.39
      vertex -1.02422 5.14912 0
      vertex -1.52399 5.02394 0
    endloop
  endfacet
  facet normal 0.242969 -0.970034 0
    outer loop
      vertex 1.02422 -5.14912 0
      vertex 1.52399 -5.02394 2.39
      vertex 1.02422 -5.14912 2.39
    endloop
  endfacet
  facet normal 0.242969 -0.970034 0
    outer loop
      vertex 1.52399 -5.02394 2.39
      vertex 1.02422 -5.14912 0
      vertex 1.52399 -5.02394 0
    endloop
  endfacet
  facet normal 0.803198 -0.595712 0
    outer loop
      vertex 4.0583 -3.33056 2.39
      vertex 4.36522 -2.91674 0
      vertex 4.36522 -2.91674 2.39
    endloop
  endfacet
  facet normal 0.803198 -0.595712 0
    outer loop
      vertex 4.36522 -2.91674 0
      vertex 4.0583 -3.33056 2.39
      vertex 4.0583 -3.33056 0
    endloop
  endfacet
  facet normal 0.595712 -0.803198 0
    outer loop
      vertex 2.91674 -4.36522 0
      vertex 3.33056 -4.0583 2.39
      vertex 2.91674 -4.36522 2.39
    endloop
  endfacet
  facet normal 0.595712 -0.803198 0
    outer loop
      vertex 3.33056 -4.0583 2.39
      vertex 2.91674 -4.36522 0
      vertex 3.33056 -4.0583 0
    endloop
  endfacet
  facet normal -0.941545 0.336887 0
    outer loop
      vertex -5.02394 1.52399 0
      vertex -4.85037 2.00909 2.39
      vertex -4.85037 2.00909 0
    endloop
  endfacet
  facet normal -0.941545 0.336887 0
    outer loop
      vertex -4.85037 2.00909 2.39
      vertex -5.02394 1.52399 0
      vertex -5.02394 1.52399 2.39
    endloop
  endfacet
  facet normal -0.514102 -0.857729 0
    outer loop
      vertex -2.91674 -4.36522 0
      vertex -2.47483 -4.63009 2.39
      vertex -2.91674 -4.36522 2.39
    endloop
  endfacet
  facet normal -0.514102 -0.857729 -0
    outer loop
      vertex -2.47483 -4.63009 2.39
      vertex -2.91674 -4.36522 0
      vertex -2.47483 -4.63009 0
    endloop
  endfacet
  facet normal -0.336887 0.941545 0
    outer loop
      vertex -1.52399 5.02394 0
      vertex -2.00909 4.85037 2.39
      vertex -1.52399 5.02394 2.39
    endloop
  endfacet
  facet normal -0.336887 0.941545 0
    outer loop
      vertex -2.00909 4.85037 2.39
      vertex -1.52399 5.02394 0
      vertex -2.00909 4.85037 0
    endloop
  endfacet
  facet normal 0.67155 -0.740959 0
    outer loop
      vertex 3.33056 -4.0583 0
      vertex 3.71231 -3.71231 2.39
      vertex 3.33056 -4.0583 2.39
    endloop
  endfacet
  facet normal 0.67155 -0.740959 0
    outer loop
      vertex 3.71231 -3.71231 2.39
      vertex 3.33056 -4.0583 0
      vertex 3.71231 -3.71231 0
    endloop
  endfacet
  facet normal 0.336887 -0.941545 0
    outer loop
      vertex 1.52399 -5.02394 0
      vertex 2.00909 -4.85037 2.39
      vertex 1.52399 -5.02394 2.39
    endloop
  endfacet
  facet normal 0.336887 -0.941545 0
    outer loop
      vertex 2.00909 -4.85037 2.39
      vertex 1.52399 -5.02394 0
      vertex 2.00909 -4.85037 0
    endloop
  endfacet
  facet normal 0.803198 0.595712 0
    outer loop
      vertex 4.36522 2.91674 2.39
      vertex 4.0583 3.33056 0
      vertex 4.0583 3.33056 2.39
    endloop
  endfacet
  facet normal 0.803198 0.595712 0
    outer loop
      vertex 4.0583 3.33056 0
      vertex 4.36522 2.91674 2.39
      vertex 4.36522 2.91674 0
    endloop
  endfacet
  facet normal -0.903988 0.427557 0
    outer loop
      vertex -4.85037 2.00909 0
      vertex -4.63009 2.47483 2.39
      vertex -4.63009 2.47483 0
    endloop
  endfacet
  facet normal -0.903988 0.427557 0
    outer loop
      vertex -4.63009 2.47483 2.39
      vertex -4.85037 2.00909 0
      vertex -4.85037 2.00909 2.39
    endloop
  endfacet
  facet normal -0.941545 -0.336887 0
    outer loop
      vertex -4.85037 -2.00909 0
      vertex -5.02394 -1.52399 2.39
      vertex -5.02394 -1.52399 0
    endloop
  endfacet
  facet normal -0.941545 -0.336887 0
    outer loop
      vertex -5.02394 -1.52399 2.39
      vertex -4.85037 -2.00909 0
      vertex -4.85037 -2.00909 2.39
    endloop
  endfacet
  facet normal 0.336887 0.941545 -0
    outer loop
      vertex 2.00909 4.85037 0
      vertex 1.52399 5.02394 2.39
      vertex 2.00909 4.85037 2.39
    endloop
  endfacet
  facet normal 0.336887 0.941545 0
    outer loop
      vertex 1.52399 5.02394 2.39
      vertex 2.00909 4.85037 0
      vertex 1.52399 5.02394 0
    endloop
  endfacet
  facet normal 0.903988 0.427557 0
    outer loop
      vertex 4.85037 2.00909 2.39
      vertex 4.63009 2.47483 0
      vertex 4.63009 2.47483 2.39
    endloop
  endfacet
  facet normal 0.903988 0.427557 0
    outer loop
      vertex 4.63009 2.47483 0
      vertex 4.85037 2.00909 2.39
      vertex 4.85037 2.00909 0
    endloop
  endfacet
  facet normal 0.989176 -0.146737 0
    outer loop
      vertex 5.14912 -1.02422 2.39
      vertex 5.22472 -0.514589 0
      vertex 5.22472 -0.514589 2.39
    endloop
  endfacet
  facet normal 0.989176 -0.146737 0
    outer loop
      vertex 5.22472 -0.514589 0
      vertex 5.14912 -1.02422 2.39
      vertex 5.14912 -1.02422 0
    endloop
  endfacet
  facet normal 0.903988 -0.427557 0
    outer loop
      vertex 4.63009 -2.47483 2.39
      vertex 4.85037 -2.00909 0
      vertex 4.85037 -2.00909 2.39
    endloop
  endfacet
  facet normal 0.903988 -0.427557 0
    outer loop
      vertex 4.85037 -2.00909 0
      vertex 4.63009 -2.47483 2.39
      vertex 4.63009 -2.47483 0
    endloop
  endfacet
  facet normal -0.146737 -0.989176 0
    outer loop
      vertex -1.02422 -5.14912 0
      vertex -0.514589 -5.22472 2.39
      vertex -1.02422 -5.14912 2.39
    endloop
  endfacet
  facet normal -0.146737 -0.989176 -0
    outer loop
      vertex -0.514589 -5.22472 2.39
      vertex -1.02422 -5.14912 0
      vertex -0.514589 -5.22472 0
    endloop
  endfacet
  facet normal 0.998795 0.0490674 0
    outer loop
      vertex 5.25 0 2.39
      vertex 5.22472 0.514589 0
      vertex 5.22472 0.514589 2.39
    endloop
  endfacet
  facet normal 0.998795 0.0490674 0
    outer loop
      vertex 5.22472 0.514589 0
      vertex 5.25 0 2.39
      vertex 5.25 0 0
    endloop
  endfacet
  facet normal -0.857729 -0.514102 0
    outer loop
      vertex -4.36522 -2.91674 0
      vertex -4.63009 -2.47483 2.39
      vertex -4.63009 -2.47483 0
    endloop
  endfacet
  facet normal -0.857729 -0.514102 0
    outer loop
      vertex -4.63009 -2.47483 2.39
      vertex -4.36522 -2.91674 0
      vertex -4.36522 -2.91674 2.39
    endloop
  endfacet
  facet normal 0.514102 0.857729 -0
    outer loop
      vertex 2.91674 4.36522 0
      vertex 2.47483 4.63009 2.39
      vertex 2.91674 4.36522 2.39
    endloop
  endfacet
  facet normal 0.514102 0.857729 0
    outer loop
      vertex 2.47483 4.63009 2.39
      vertex 2.91674 4.36522 0
      vertex 2.47483 4.63009 0
    endloop
  endfacet
  facet normal -0.998795 0.0490674 0
    outer loop
      vertex -5.25 0 0
      vertex -5.22472 0.514589 2.39
      vertex -5.22472 0.514589 0
    endloop
  endfacet
  facet normal -0.998795 0.0490674 0
    outer loop
      vertex -5.22472 0.514589 2.39
      vertex -5.25 0 0
      vertex -5.25 0 2.39
    endloop
  endfacet
  facet normal 0.970034 0.242969 0
    outer loop
      vertex 5.14912 1.02422 2.39
      vertex 5.02394 1.52399 0
      vertex 5.02394 1.52399 2.39
    endloop
  endfacet
  facet normal 0.970034 0.242969 0
    outer loop
      vertex 5.02394 1.52399 0
      vertex 5.14912 1.02422 2.39
      vertex 5.14912 1.02422 0
    endloop
  endfacet
  facet normal -0.989176 0.146737 0
    outer loop
      vertex -5.22472 0.514589 0
      vertex -5.14912 1.02422 2.39
      vertex -5.14912 1.02422 0
    endloop
  endfacet
  facet normal -0.989176 0.146737 0
    outer loop
      vertex -5.14912 1.02422 2.39
      vertex -5.22472 0.514589 0
      vertex -5.22472 0.514589 2.39
    endloop
  endfacet
  facet normal -0.242969 -0.970034 0
    outer loop
      vertex -1.52399 -5.02394 0
      vertex -1.02422 -5.14912 2.39
      vertex -1.52399 -5.02394 2.39
    endloop
  endfacet
  facet normal -0.242969 -0.970034 -0
    outer loop
      vertex -1.02422 -5.14912 2.39
      vertex -1.52399 -5.02394 0
      vertex -1.02422 -5.14912 0
    endloop
  endfacet
  facet normal -0.146737 0.989176 0
    outer loop
      vertex -0.514589 5.22472 0
      vertex -1.02422 5.14912 2.39
      vertex -0.514589 5.22472 2.39
    endloop
  endfacet
  facet normal -0.146737 0.989176 0
    outer loop
      vertex -1.02422 5.14912 2.39
      vertex -0.514589 5.22472 0
      vertex -1.02422 5.14912 0
    endloop
  endfacet
  facet normal 0.67155 0.740959 -0
    outer loop
      vertex 3.71231 3.71231 0
      vertex 3.33056 4.0583 2.39
      vertex 3.71231 3.71231 2.39
    endloop
  endfacet
  facet normal 0.67155 0.740959 0
    outer loop
      vertex 3.33056 4.0583 2.39
      vertex 3.71231 3.71231 0
      vertex 3.33056 4.0583 0
    endloop
  endfacet
  facet normal 0.0490674 -0.998795 0
    outer loop
      vertex 0 -5.25 0
      vertex 0.514589 -5.22472 2.39
      vertex 0 -5.25 2.39
    endloop
  endfacet
  facet normal 0.0490674 -0.998795 0
    outer loop
      vertex 0.514589 -5.22472 2.39
      vertex 0 -5.25 0
      vertex 0.514589 -5.22472 0
    endloop
  endfacet
  facet normal -0.803198 -0.595712 0
    outer loop
      vertex -4.0583 -3.33056 0
      vertex -4.36522 -2.91674 2.39
      vertex -4.36522 -2.91674 0
    endloop
  endfacet
  facet normal -0.803198 -0.595712 0
    outer loop
      vertex -4.36522 -2.91674 2.39
      vertex -4.0583 -3.33056 0
      vertex -4.0583 -3.33056 2.39
    endloop
  endfacet
  facet normal -0.67155 0.740959 0
    outer loop
      vertex -3.33056 4.0583 0
      vertex -3.71231 3.71231 2.39
      vertex -3.33056 4.0583 2.39
    endloop
  endfacet
  facet normal -0.67155 0.740959 0
    outer loop
      vertex -3.71231 3.71231 2.39
      vertex -3.33056 4.0583 0
      vertex -3.71231 3.71231 0
    endloop
  endfacet
  facet normal -0.998795 -0.0490674 0
    outer loop
      vertex -5.22472 -0.514589 0
      vertex -5.25 0 2.39
      vertex -5.25 0 0
    endloop
  endfacet
  facet normal -0.998795 -0.0490674 0
    outer loop
      vertex -5.25 0 2.39
      vertex -5.22472 -0.514589 0
      vertex -5.22472 -0.514589 2.39
    endloop
  endfacet
  facet normal 0.242969 0.970034 -0
    outer loop
      vertex 1.52399 5.02394 0
      vertex 1.02422 5.14912 2.39
      vertex 1.52399 5.02394 2.39
    endloop
  endfacet
  facet normal 0.242969 0.970034 0
    outer loop
      vertex 1.02422 5.14912 2.39
      vertex 1.52399 5.02394 0
      vertex 1.02422 5.14912 0
    endloop
  endfacet
  facet normal 0.146737 -0.989176 0
    outer loop
      vertex 0.514589 -5.22472 0
      vertex 1.02422 -5.14912 2.39
      vertex 0.514589 -5.22472 2.39
    endloop
  endfacet
  facet normal 0.146737 -0.989176 0
    outer loop
      vertex 1.02422 -5.14912 2.39
      vertex 0.514589 -5.22472 0
      vertex 1.02422 -5.14912 0
    endloop
  endfacet
  facet normal 0.998795 -0.0490674 0
    outer loop
      vertex 5.22472 -0.514589 2.39
      vertex 5.25 0 0
      vertex 5.25 0 2.39
    endloop
  endfacet
  facet normal 0.998795 -0.0490674 0
    outer loop
      vertex 5.25 0 0
      vertex 5.22472 -0.514589 2.39
      vertex 5.22472 -0.514589 0
    endloop
  endfacet
  facet normal 0.0490674 0.998795 -0
    outer loop
      vertex 0.514589 5.22472 0
      vertex 0 5.25 2.39
      vertex 0.514589 5.22472 2.39
    endloop
  endfacet
  facet normal 0.0490674 0.998795 0
    outer loop
      vertex 0 5.25 2.39
      vertex 0.514589 5.22472 0
      vertex 0 5.25 0
    endloop
  endfacet
  facet normal -0.514102 0.857729 0
    outer loop
      vertex -2.47483 4.63009 0
      vertex -2.91674 4.36522 2.39
      vertex -2.47483 4.63009 2.39
    endloop
  endfacet
  facet normal -0.514102 0.857729 0
    outer loop
      vertex -2.91674 4.36522 2.39
      vertex -2.47483 4.63009 0
      vertex -2.91674 4.36522 0
    endloop
  endfacet
  facet normal -0.67155 -0.740959 0
    outer loop
      vertex -3.71231 -3.71231 0
      vertex -3.33056 -4.0583 2.39
      vertex -3.71231 -3.71231 2.39
    endloop
  endfacet
  facet normal -0.67155 -0.740959 -0
    outer loop
      vertex -3.33056 -4.0583 2.39
      vertex -3.71231 -3.71231 0
      vertex -3.33056 -4.0583 0
    endloop
  endfacet
  facet normal 0.857729 -0.514102 0
    outer loop
      vertex 4.36522 -2.91674 2.39
      vertex 4.63009 -2.47483 0
      vertex 4.63009 -2.47483 2.39
    endloop
  endfacet
  facet normal 0.857729 -0.514102 0
    outer loop
      vertex 4.63009 -2.47483 0
      vertex 4.36522 -2.91674 2.39
      vertex 4.36522 -2.91674 0
    endloop
  endfacet
  facet normal -0.740959 -0.67155 0
    outer loop
      vertex -3.71231 -3.71231 0
      vertex -4.0583 -3.33056 2.39
      vertex -4.0583 -3.33056 0
    endloop
  endfacet
  facet normal -0.740959 -0.67155 0
    outer loop
      vertex -4.0583 -3.33056 2.39
      vertex -3.71231 -3.71231 0
      vertex -3.71231 -3.71231 2.39
    endloop
  endfacet
  facet normal 0.146737 0.989176 -0
    outer loop
      vertex 1.02422 5.14912 0
      vertex 0.514589 5.22472 2.39
      vertex 1.02422 5.14912 2.39
    endloop
  endfacet
  facet normal 0.146737 0.989176 0
    outer loop
      vertex 0.514589 5.22472 2.39
      vertex 1.02422 5.14912 0
      vertex 0.514589 5.22472 0
    endloop
  endfacet
  facet normal -0.989176 -0.146737 0
    outer loop
      vertex -5.14912 -1.02422 0
      vertex -5.22472 -0.514589 2.39
      vertex -5.22472 -0.514589 0
    endloop
  endfacet
  facet normal -0.989176 -0.146737 0
    outer loop
      vertex -5.22472 -0.514589 2.39
      vertex -5.14912 -1.02422 0
      vertex -5.14912 -1.02422 2.39
    endloop
  endfacet
  facet normal 0.941545 0.336887 0
    outer loop
      vertex 5.02394 1.52399 2.39
      vertex 4.85037 2.00909 0
      vertex 4.85037 2.00909 2.39
    endloop
  endfacet
  facet normal 0.941545 0.336887 0
    outer loop
      vertex 4.85037 2.00909 0
      vertex 5.02394 1.52399 2.39
      vertex 5.02394 1.52399 0
    endloop
  endfacet
  facet normal -0.427557 -0.903988 0
    outer loop
      vertex -2.47483 -4.63009 0
      vertex -2.00909 -4.85037 2.39
      vertex -2.47483 -4.63009 2.39
    endloop
  endfacet
  facet normal -0.427557 -0.903988 -0
    outer loop
      vertex -2.00909 -4.85037 2.39
      vertex -2.47483 -4.63009 0
      vertex -2.00909 -4.85037 0
    endloop
  endfacet
  facet normal 0.970034 -0.242969 0
    outer loop
      vertex 5.02394 -1.52399 2.39
      vertex 5.14912 -1.02422 0
      vertex 5.14912 -1.02422 2.39
    endloop
  endfacet
  facet normal 0.970034 -0.242969 0
    outer loop
      vertex 5.14912 -1.02422 0
      vertex 5.02394 -1.52399 2.39
      vertex 5.02394 -1.52399 0
    endloop
  endfacet
  facet normal 0.941545 -0.336887 0
    outer loop
      vertex 4.85037 -2.00909 2.39
      vertex 5.02394 -1.52399 0
      vertex 5.02394 -1.52399 2.39
    endloop
  endfacet
  facet normal 0.941545 -0.336887 0
    outer loop
      vertex 5.02394 -1.52399 0
      vertex 4.85037 -2.00909 2.39
      vertex 4.85037 -2.00909 0
    endloop
  endfacet
  facet normal 0.595712 0.803198 -0
    outer loop
      vertex 3.33056 4.0583 0
      vertex 2.91674 4.36522 2.39
      vertex 3.33056 4.0583 2.39
    endloop
  endfacet
  facet normal 0.595712 0.803198 0
    outer loop
      vertex 2.91674 4.36522 2.39
      vertex 3.33056 4.0583 0
      vertex 2.91674 4.36522 0
    endloop
  endfacet
  facet normal 0.857729 0.514102 0
    outer loop
      vertex 4.63009 2.47483 2.39
      vertex 4.36522 2.91674 0
      vertex 4.36522 2.91674 2.39
    endloop
  endfacet
  facet normal 0.857729 0.514102 0
    outer loop
      vertex 4.36522 2.91674 0
      vertex 4.63009 2.47483 2.39
      vertex 4.63009 2.47483 0
    endloop
  endfacet
  facet normal 0.427557 0.903988 -0
    outer loop
      vertex 2.47483 4.63009 0
      vertex 2.00909 4.85037 2.39
      vertex 2.47483 4.63009 2.39
    endloop
  endfacet
  facet normal 0.427557 0.903988 0
    outer loop
      vertex 2.00909 4.85037 2.39
      vertex 2.47483 4.63009 0
      vertex 2.00909 4.85037 0
    endloop
  endfacet
  facet normal -0.595712 0.803198 0
    outer loop
      vertex -2.91674 4.36522 0
      vertex -3.33056 4.0583 2.39
      vertex -2.91674 4.36522 2.39
    endloop
  endfacet
  facet normal -0.595712 0.803198 0
    outer loop
      vertex -3.33056 4.0583 2.39
      vertex -2.91674 4.36522 0
      vertex -3.33056 4.0583 0
    endloop
  endfacet
  facet normal -0.0490674 0.998795 0
    outer loop
      vertex 0 5.25 0
      vertex -0.514589 5.22472 2.39
      vertex 0 5.25 2.39
    endloop
  endfacet
  facet normal -0.0490674 0.998795 0
    outer loop
      vertex -0.514589 5.22472 2.39
      vertex 0 5.25 0
      vertex -0.514589 5.22472 0
    endloop
  endfacet
  facet normal -0.857729 0.514102 0
    outer loop
      vertex -4.63009 2.47483 0
      vertex -4.36522 2.91674 2.39
      vertex -4.36522 2.91674 0
    endloop
  endfacet
  facet normal -0.857729 0.514102 0
    outer loop
      vertex -4.36522 2.91674 2.39
      vertex -4.63009 2.47483 0
      vertex -4.63009 2.47483 2.39
    endloop
  endfacet
  facet normal 0.740959 0.67155 0
    outer loop
      vertex 4.0583 3.33056 2.39
      vertex 3.71231 3.71231 0
      vertex 3.71231 3.71231 2.39
    endloop
  endfacet
  facet normal 0.740959 0.67155 0
    outer loop
      vertex 3.71231 3.71231 0
      vertex 4.0583 3.33056 2.39
      vertex 4.0583 3.33056 0
    endloop
  endfacet
  facet normal -0.336887 -0.941545 0
    outer loop
      vertex -2.00909 -4.85037 0
      vertex -1.52399 -5.02394 2.39
      vertex -2.00909 -4.85037 2.39
    endloop
  endfacet
  facet normal -0.336887 -0.941545 -0
    outer loop
      vertex -1.52399 -5.02394 2.39
      vertex -2.00909 -4.85037 0
      vertex -1.52399 -5.02394 0
    endloop
  endfacet
  facet normal -0.903988 -0.427557 0
    outer loop
      vertex -4.63009 -2.47483 0
      vertex -4.85037 -2.00909 2.39
      vertex -4.85037 -2.00909 0
    endloop
  endfacet
  facet normal -0.903988 -0.427557 0
    outer loop
      vertex -4.85037 -2.00909 2.39
      vertex -4.63009 -2.47483 0
      vertex -4.63009 -2.47483 2.39
    endloop
  endfacet
  facet normal -0.970034 0.242969 0
    outer loop
      vertex -5.14912 1.02422 0
      vertex -5.02394 1.52399 2.39
      vertex -5.02394 1.52399 0
    endloop
  endfacet
  facet normal -0.970034 0.242969 0
    outer loop
      vertex -5.02394 1.52399 2.39
      vertex -5.14912 1.02422 0
      vertex -5.14912 1.02422 2.39
    endloop
  endfacet
  facet normal -0.970034 -0.242969 0
    outer loop
      vertex -5.02394 -1.52399 0
      vertex -5.14912 -1.02422 2.39
      vertex -5.14912 -1.02422 0
    endloop
  endfacet
  facet normal -0.970034 -0.242969 0
    outer loop
      vertex -5.14912 -1.02422 2.39
      vertex -5.02394 -1.52399 0
      vertex -5.02394 -1.52399 2.39
    endloop
  endfacet
  facet normal 0.427557 -0.903988 0
    outer loop
      vertex 2.00909 -4.85037 0
      vertex 2.47483 -4.63009 2.39
      vertex 2.00909 -4.85037 2.39
    endloop
  endfacet
  facet normal 0.427557 -0.903988 0
    outer loop
      vertex 2.47483 -4.63009 2.39
      vertex 2.00909 -4.85037 0
      vertex 2.47483 -4.63009 0
    endloop
  endfacet
  facet normal 0.514102 -0.857729 0
    outer loop
      vertex 2.47483 -4.63009 0
      vertex 2.91674 -4.36522 2.39
      vertex 2.47483 -4.63009 2.39
    endloop
  endfacet
  facet normal 0.514102 -0.857729 0
    outer loop
      vertex 2.91674 -4.36522 2.39
      vertex 2.47483 -4.63009 0
      vertex 2.91674 -4.36522 0
    endloop
  endfacet
  facet normal -0.740959 0.67155 0
    outer loop
      vertex -4.0583 3.33056 0
      vertex -3.71231 3.71231 2.39
      vertex -3.71231 3.71231 0
    endloop
  endfacet
  facet normal -0.740959 0.67155 0
    outer loop
      vertex -3.71231 3.71231 2.39
      vertex -4.0583 3.33056 0
      vertex -4.0583 3.33056 2.39
    endloop
  endfacet
  facet normal -0.595712 -0.803198 0
    outer loop
      vertex -3.33056 -4.0583 0
      vertex -2.91674 -4.36522 2.39
      vertex -3.33056 -4.0583 2.39
    endloop
  endfacet
  facet normal -0.595712 -0.803198 -0
    outer loop
      vertex -2.91674 -4.36522 2.39
      vertex -3.33056 -4.0583 0
      vertex -2.91674 -4.36522 0
    endloop
  endfacet
  facet normal -0.803198 0.595712 0
    outer loop
      vertex -4.36522 2.91674 0
      vertex -4.0583 3.33056 2.39
      vertex -4.0583 3.33056 0
    endloop
  endfacet
  facet normal -0.803198 0.595712 0
    outer loop
      vertex -4.0583 3.33056 2.39
      vertex -4.36522 2.91674 0
      vertex -4.36522 2.91674 2.39
    endloop
  endfacet
  facet normal -0.427557 0.903988 0
    outer loop
      vertex -2.00909 4.85037 0
      vertex -2.47483 4.63009 2.39
      vertex -2.00909 4.85037 2.39
    endloop
  endfacet
  facet normal -0.427557 0.903988 0
    outer loop
      vertex -2.47483 4.63009 2.39
      vertex -2.00909 4.85037 0
      vertex -2.47483 4.63009 0
    endloop
  endfacet
  facet normal 0 0 1
    outer loop
      vertex 9.8 0 0.7
      vertex 11 0 0.7
      vertex 10.947 1.07819 0.7
    endloop
  endfacet
  facet normal 0 0 1
    outer loop
      vertex 9.75281 0.960567 0.7
      vertex 10.947 1.07819 0.7
      vertex 10.7886 2.14599 0.7
    endloop
  endfacet
  facet normal 0 0 1
    outer loop
      vertex 11 0 0.7
      vertex 9.8 0 0.7
      vertex 10.947 -1.07819 0.7
    endloop
  endfacet
  facet normal 0 0 1
    outer loop
      vertex 9.6117 1.91188 0.7
      vertex 10.7886 2.14599 0.7
      vertex 10.5263 3.19313 0.7
    endloop
  endfacet
  facet normal -0 0 1
    outer loop
      vertex 9.75281 -0.960567 0.7
      vertex 10.947 -1.07819 0.7
      vertex 9.8 0 0.7
    endloop
  endfacet
  facet normal 0 0 1
    outer loop
      vertex 9.37801 2.84479 0.7
      vertex 10.5263 3.19313 0.7
      vertex 10.1627 4.20952 0.7
    endloop
  endfacet
  facet normal 0 0 1
    outer loop
      vertex 10.947 -1.07819 0.7
      vertex 9.75281 -0.960567 0.7
      vertex 10.7886 -2.14599 0.7
    endloop
  endfacet
  facet normal -0 0 1
    outer loop
      vertex 9.6117 -1.91188 0.7
      vertex 10.7886 -2.14599 0.7
      vertex 9.75281 -0.960567 0.7
    endloop
  endfacet
  facet normal 0 0 1
    outer loop
      vertex 10.947 1.07819 0.7
      vertex 9.75281 0.960567 0.7
      vertex 9.8 0 0.7
    endloop
  endfacet
  facet normal 0 0 1
    outer loop
      vertex 9.05402 3.7503 0.7
      vertex 10.1627 4.20952 0.7
      vertex 9.70113 5.18536 0.7
    endloop
  endfacet
  facet normal 0 0 1
    outer loop
      vertex 10.7886 2.14599 0.7
      vertex 9.6117 1.91188 0.7
      vertex 9.75281 0.960567 0.7
    endloop
  endfacet
  facet normal 0 0 1
    outer loop
      vertex 10.5263 3.19313 0.7
      vertex 9.37801 2.84479 0.7
      vertex 9.6117 1.91188 0.7
    endloop
  endfacet
  facet normal 0 0 1
    outer loop
      vertex 8.64283 4.61969 0.7
      vertex 9.70113 5.18536 0.7
      vertex 9.14616 6.11127 0.7
    endloop
  endfacet
  facet normal 0 0 1
    outer loop
      vertex 10.1627 4.20952 0.7
      vertex 9.05402 3.7503 0.7
      vertex 9.37801 2.84479 0.7
    endloop
  endfacet
  facet normal 0 0 1
    outer loop
      vertex 9.70113 5.18536 0.7
      vertex 8.64283 4.61969 0.7
      vertex 9.05402 3.7503 0.7
    endloop
  endfacet
  facet normal 0 0 1
    outer loop
      vertex 8.1484 5.44459 0.7
      vertex 9.14616 6.11127 0.7
      vertex 8.50311 6.97833 0.7
    endloop
  endfacet
  facet normal 0 0 1
    outer loop
      vertex 9.14616 6.11127 0.7
      vertex 8.1484 5.44459 0.7
      vertex 8.64283 4.61969 0.7
    endloop
  endfacet
  facet normal 0 0 1
    outer loop
      vertex 7.5755 6.21705 0.7
      vertex 8.50311 6.97833 0.7
      vertex 7.77817 7.77817 0.7
    endloop
  endfacet
  facet normal 0 0 1
    outer loop
      vertex 8.50311 6.97833 0.7
      vertex 7.5755 6.21705 0.7
      vertex 8.1484 5.44459 0.7
    endloop
  endfacet
  facet normal 0 0 1
    outer loop
      vertex 6.92965 6.92965 0.7
      vertex 7.77817 7.77817 0.7
      vertex 6.97833 8.50311 0.7
    endloop
  endfacet
  facet normal 0 0 1
    outer loop
      vertex 7.77817 7.77817 0.7
      vertex 6.92965 6.92965 0.7
      vertex 7.5755 6.21705 0.7
    endloop
  endfacet
  facet normal 0 0 1
    outer loop
      vertex 6.97833 8.50311 0.7
      vertex 6.21705 7.5755 0.7
      vertex 6.92965 6.92965 0.7
    endloop
  endfacet
  facet normal 0 0 1
    outer loop
      vertex 6.11127 9.14616 0.7
      vertex 6.21705 7.5755 0.7
      vertex 6.97833 8.50311 0.7
    endloop
  endfacet
  facet normal 0 0 1
    outer loop
      vertex 6.11127 9.14616 0.7
      vertex 5.44459 8.1484 0.7
      vertex 6.21705 7.5755 0.7
    endloop
  endfacet
  facet normal 0 0 1
    outer loop
      vertex 5.18536 9.70113 0.7
      vertex 5.44459 8.1484 0.7
      vertex 6.11127 9.14616 0.7
    endloop
  endfacet
  facet normal 0 0 1
    outer loop
      vertex 5.18536 9.70113 0.7
      vertex 4.61969 8.64283 0.7
      vertex 5.44459 8.1484 0.7
    endloop
  endfacet
  facet normal 0 0 1
    outer loop
      vertex 4.20952 10.1627 0.7
      vertex 4.61969 8.64283 0.7
      vertex 5.18536 9.70113 0.7
    endloop
  endfacet
  facet normal 0 0 1
    outer loop
      vertex 4.20952 10.1627 0.7
      vertex 3.7503 9.05402 0.7
      vertex 4.61969 8.64283 0.7
    endloop
  endfacet
  facet normal 0 0 1
    outer loop
      vertex 3.19313 10.5263 0.7
      vertex 3.7503 9.05402 0.7
      vertex 4.20952 10.1627 0.7
    endloop
  endfacet
  facet normal 0 0 1
    outer loop
      vertex 3.19313 10.5263 0.7
      vertex 2.84479 9.37801 0.7
      vertex 3.7503 9.05402 0.7
    endloop
  endfacet
  facet normal 0 0 1
    outer loop
      vertex 2.14599 10.7886 0.7
      vertex 2.84479 9.37801 0.7
      vertex 3.19313 10.5263 0.7
    endloop
  endfacet
  facet normal 0 0 1
    outer loop
      vertex 2.14599 10.7886 0.7
      vertex 1.91188 9.6117 0.7
      vertex 2.84479 9.37801 0.7
    endloop
  endfacet
  facet normal 0 0 1
    outer loop
      vertex 1.07819 10.947 0.7
      vertex 1.91188 9.6117 0.7
      vertex 2.14599 10.7886 0.7
    endloop
  endfacet
  facet normal 0 0 1
    outer loop
      vertex 1.07819 10.947 0.7
      vertex 0.960567 9.75281 0.7
      vertex 1.91188 9.6117 0.7
    endloop
  endfacet
  facet normal 0 0 1
    outer loop
      vertex 0 11 0.7
      vertex 0.960567 9.75281 0.7
      vertex 1.07819 10.947 0.7
    endloop
  endfacet
  facet normal 0 0 1
    outer loop
      vertex 0 11 0.7
      vertex 0 9.8 0.7
      vertex 0.960567 9.75281 0.7
    endloop
  endfacet
  facet normal 0 0 1
    outer loop
      vertex 0 11 0.7
      vertex -0.960567 9.75281 0.7
      vertex 0 9.8 0.7
    endloop
  endfacet
  facet normal -0 0 1
    outer loop
      vertex -1.07819 10.947 0.7
      vertex -0.960567 9.75281 0.7
      vertex 0 11 0.7
    endloop
  endfacet
  facet normal 0 0 1
    outer loop
      vertex -1.07819 10.947 0.7
      vertex -1.91188 9.6117 0.7
      vertex -0.960567 9.75281 0.7
    endloop
  endfacet
  facet normal -0 0 1
    outer loop
      vertex -2.14599 10.7886 0.7
      vertex -1.91188 9.6117 0.7
      vertex -1.07819 10.947 0.7
    endloop
  endfacet
  facet normal 0 0 1
    outer loop
      vertex -2.14599 10.7886 0.7
      vertex -2.84479 9.37801 0.7
      vertex -1.91188 9.6117 0.7
    endloop
  endfacet
  facet normal -0 0 1
    outer loop
      vertex -3.19313 10.5263 0.7
      vertex -2.84479 9.37801 0.7
      vertex -2.14599 10.7886 0.7
    endloop
  endfacet
  facet normal 0 0 1
    outer loop
      vertex -3.19313 10.5263 0.7
      vertex -3.7503 9.05402 0.7
      vertex -2.84479 9.37801 0.7
    endloop
  endfacet
  facet normal -0 0 1
    outer loop
      vertex -4.20952 10.1627 0.7
      vertex -3.7503 9.05402 0.7
      vertex -3.19313 10.5263 0.7
    endloop
  endfacet
  facet normal 0 0 1
    outer loop
      vertex -4.20952 10.1627 0.7
      vertex -4.61969 8.64283 0.7
      vertex -3.7503 9.05402 0.7
    endloop
  endfacet
  facet normal -0 0 1
    outer loop
      vertex -5.18536 9.70113 0.7
      vertex -4.61969 8.64283 0.7
      vertex -4.20952 10.1627 0.7
    endloop
  endfacet
  facet normal 0 0 1
    outer loop
      vertex -5.18536 9.70113 0.7
      vertex -5.44459 8.1484 0.7
      vertex -4.61969 8.64283 0.7
    endloop
  endfacet
  facet normal -0 0 1
    outer loop
      vertex -6.11127 9.14616 0.7
      vertex -5.44459 8.1484 0.7
      vertex -5.18536 9.70113 0.7
    endloop
  endfacet
  facet normal 0 0 1
    outer loop
      vertex -6.11127 9.14616 0.7
      vertex -6.21705 7.5755 0.7
      vertex -5.44459 8.1484 0.7
    endloop
  endfacet
  facet normal -0 0 1
    outer loop
      vertex -6.97833 8.50311 0.7
      vertex -6.21705 7.5755 0.7
      vertex -6.11127 9.14616 0.7
    endloop
  endfacet
  facet normal 0 0 1
    outer loop
      vertex -6.21705 7.5755 0.7
      vertex -6.97833 8.50311 0.7
      vertex -6.92965 6.92965 0.7
    endloop
  endfacet
  facet normal -0 0 1
    outer loop
      vertex -7.77817 7.77817 0.7
      vertex -6.92965 6.92965 0.7
      vertex -6.97833 8.50311 0.7
    endloop
  endfacet
  facet normal 0 0 1
    outer loop
      vertex -6.92965 6.92965 0.7
      vertex -7.77817 7.77817 0.7
      vertex -7.5755 6.21705 0.7
    endloop
  endfacet
  facet normal -0 0 1
    outer loop
      vertex -8.50311 6.97833 0.7
      vertex -7.5755 6.21705 0.7
      vertex -7.77817 7.77817 0.7
    endloop
  endfacet
  facet normal 0 0 1
    outer loop
      vertex -7.5755 6.21705 0.7
      vertex -8.50311 6.97833 0.7
      vertex -8.1484 5.44459 0.7
    endloop
  endfacet
  facet normal -0 0 1
    outer loop
      vertex -9.14616 6.11127 0.7
      vertex -8.1484 5.44459 0.7
      vertex -8.50311 6.97833 0.7
    endloop
  endfacet
  facet normal 0 0 1
    outer loop
      vertex -8.1484 5.44459 0.7
      vertex -9.14616 6.11127 0.7
      vertex -8.64283 4.61969 0.7
    endloop
  endfacet
  facet normal -0 0 1
    outer loop
      vertex -9.70113 5.18536 0.7
      vertex -8.64283 4.61969 0.7
      vertex -9.14616 6.11127 0.7
    endloop
  endfacet
  facet normal 0 0 1
    outer loop
      vertex -8.64283 4.61969 0.7
      vertex -9.70113 5.18536 0.7
      vertex -9.05402 3.7503 0.7
    endloop
  endfacet
  facet normal -0 0 1
    outer loop
      vertex -10.1627 4.20952 0.7
      vertex -9.05402 3.7503 0.7
      vertex -9.70113 5.18536 0.7
    endloop
  endfacet
  facet normal 0 0 1
    outer loop
      vertex -9.05402 3.7503 0.7
      vertex -10.1627 4.20952 0.7
      vertex -9.37801 2.84479 0.7
    endloop
  endfacet
  facet normal -0 0 1
    outer loop
      vertex -10.5263 3.19313 0.7
      vertex -9.37801 2.84479 0.7
      vertex -10.1627 4.20952 0.7
    endloop
  endfacet
  facet normal 0 0 1
    outer loop
      vertex -9.37801 2.84479 0.7
      vertex -10.5263 3.19313 0.7
      vertex -9.6117 1.91188 0.7
    endloop
  endfacet
  facet normal -0 0 1
    outer loop
      vertex -10.7886 2.14599 0.7
      vertex -9.6117 1.91188 0.7
      vertex -10.5263 3.19313 0.7
    endloop
  endfacet
  facet normal 0 0 1
    outer loop
      vertex 10.7886 -2.14599 0.7
      vertex 9.6117 -1.91188 0.7
      vertex 10.5263 -3.19313 0.7
    endloop
  endfacet
  facet normal -0 0 1
    outer loop
      vertex 9.37801 -2.84479 0.7
      vertex 10.5263 -3.19313 0.7
      vertex 9.6117 -1.91188 0.7
    endloop
  endfacet
  facet normal 0 0 1
    outer loop
      vertex 10.5263 -3.19313 0.7
      vertex 9.37801 -2.84479 0.7
      vertex 10.1627 -4.20952 0.7
    endloop
  endfacet
  facet normal -0 0 1
    outer loop
      vertex 9.05402 -3.7503 0.7
      vertex 10.1627 -4.20952 0.7
      vertex 9.37801 -2.84479 0.7
    endloop
  endfacet
  facet normal 0 0 1
    outer loop
      vertex 10.1627 -4.20952 0.7
      vertex 9.05402 -3.7503 0.7
      vertex 9.70113 -5.18536 0.7
    endloop
  endfacet
  facet normal -0 0 1
    outer loop
      vertex 8.64283 -4.61969 0.7
      vertex 9.70113 -5.18536 0.7
      vertex 9.05402 -3.7503 0.7
    endloop
  endfacet
  facet normal 0 0 1
    outer loop
      vertex 9.70113 -5.18536 0.7
      vertex 8.64283 -4.61969 0.7
      vertex 9.14616 -6.11127 0.7
    endloop
  endfacet
  facet normal -0 0 1
    outer loop
      vertex 8.1484 -5.44459 0.7
      vertex 9.14616 -6.11127 0.7
      vertex 8.64283 -4.61969 0.7
    endloop
  endfacet
  facet normal 0 0 1
    outer loop
      vertex 9.14616 -6.11127 0.7
      vertex 8.1484 -5.44459 0.7
      vertex 8.50311 -6.97833 0.7
    endloop
  endfacet
  facet normal -0 0 1
    outer loop
      vertex 7.5755 -6.21705 0.7
      vertex 8.50311 -6.97833 0.7
      vertex 8.1484 -5.44459 0.7
    endloop
  endfacet
  facet normal 0 0 1
    outer loop
      vertex 8.50311 -6.97833 0.7
      vertex 7.5755 -6.21705 0.7
      vertex 7.77817 -7.77817 0.7
    endloop
  endfacet
  facet normal -0 0 1
    outer loop
      vertex 6.92965 -6.92965 0.7
      vertex 7.77817 -7.77817 0.7
      vertex 7.5755 -6.21705 0.7
    endloop
  endfacet
  facet normal 0 0 1
    outer loop
      vertex 7.77817 -7.77817 0.7
      vertex 6.92965 -6.92965 0.7
      vertex 6.97833 -8.50311 0.7
    endloop
  endfacet
  facet normal -0 0 1
    outer loop
      vertex 6.21705 -7.5755 0.7
      vertex 6.97833 -8.50311 0.7
      vertex 6.92965 -6.92965 0.7
    endloop
  endfacet
  facet normal 0 0 1
    outer loop
      vertex 6.21705 -7.5755 0.7
      vertex 6.11127 -9.14616 0.7
      vertex 6.97833 -8.50311 0.7
    endloop
  endfacet
  facet normal -0 0 1
    outer loop
      vertex 5.44459 -8.1484 0.7
      vertex 6.11127 -9.14616 0.7
      vertex 6.21705 -7.5755 0.7
    endloop
  endfacet
  facet normal 0 0 1
    outer loop
      vertex 5.44459 -8.1484 0.7
      vertex 5.18536 -9.70113 0.7
      vertex 6.11127 -9.14616 0.7
    endloop
  endfacet
  facet normal -0 0 1
    outer loop
      vertex 4.61969 -8.64283 0.7
      vertex 5.18536 -9.70113 0.7
      vertex 5.44459 -8.1484 0.7
    endloop
  endfacet
  facet normal 0 0 1
    outer loop
      vertex 4.61969 -8.64283 0.7
      vertex 4.20952 -10.1627 0.7
      vertex 5.18536 -9.70113 0.7
    endloop
  endfacet
  facet normal -0 0 1
    outer loop
      vertex 3.7503 -9.05402 0.7
      vertex 4.20952 -10.1627 0.7
      vertex 4.61969 -8.64283 0.7
    endloop
  endfacet
  facet normal 0 0 1
    outer loop
      vertex 3.7503 -9.05402 0.7
      vertex 3.19313 -10.5263 0.7
      vertex 4.20952 -10.1627 0.7
    endloop
  endfacet
  facet normal -0 0 1
    outer loop
      vertex 2.84479 -9.37801 0.7
      vertex 3.19313 -10.5263 0.7
      vertex 3.7503 -9.05402 0.7
    endloop
  endfacet
  facet normal 0 0 1
    outer loop
      vertex 2.84479 -9.37801 0.7
      vertex 2.14599 -10.7886 0.7
      vertex 3.19313 -10.5263 0.7
    endloop
  endfacet
  facet normal -0 0 1
    outer loop
      vertex 1.91188 -9.6117 0.7
      vertex 2.14599 -10.7886 0.7
      vertex 2.84479 -9.37801 0.7
    endloop
  endfacet
  facet normal 0 0 1
    outer loop
      vertex 1.91188 -9.6117 0.7
      vertex 1.07819 -10.947 0.7
      vertex 2.14599 -10.7886 0.7
    endloop
  endfacet
  facet normal -0 0 1
    outer loop
      vertex 0.960567 -9.75281 0.7
      vertex 1.07819 -10.947 0.7
      vertex 1.91188 -9.6117 0.7
    endloop
  endfacet
  facet normal -0 0 1
    outer loop
      vertex 0 -9.8 0.7
      vertex 1.07819 -10.947 0.7
      vertex 0.960567 -9.75281 0.7
    endloop
  endfacet
  facet normal 0 0 1
    outer loop
      vertex 0 -9.8 0.7
      vertex 0 -11 0.7
      vertex 1.07819 -10.947 0.7
    endloop
  endfacet
  facet normal 0 0 1
    outer loop
      vertex -0.960567 -9.75281 0.7
      vertex 0 -11 0.7
      vertex 0 -9.8 0.7
    endloop
  endfacet
  facet normal 0 0 1
    outer loop
      vertex -0.960567 -9.75281 0.7
      vertex -1.07819 -10.947 0.7
      vertex 0 -11 0.7
    endloop
  endfacet
  facet normal 0 0 1
    outer loop
      vertex -1.91188 -9.6117 0.7
      vertex -1.07819 -10.947 0.7
      vertex -0.960567 -9.75281 0.7
    endloop
  endfacet
  facet normal 0 0 1
    outer loop
      vertex -1.91188 -9.6117 0.7
      vertex -2.14599 -10.7886 0.7
      vertex -1.07819 -10.947 0.7
    endloop
  endfacet
  facet normal 0 0 1
    outer loop
      vertex -2.84479 -9.37801 0.7
      vertex -2.14599 -10.7886 0.7
      vertex -1.91188 -9.6117 0.7
    endloop
  endfacet
  facet normal 0 0 1
    outer loop
      vertex -2.84479 -9.37801 0.7
      vertex -3.19313 -10.5263 0.7
      vertex -2.14599 -10.7886 0.7
    endloop
  endfacet
  facet normal 0 0 1
    outer loop
      vertex -3.7503 -9.05402 0.7
      vertex -3.19313 -10.5263 0.7
      vertex -2.84479 -9.37801 0.7
    endloop
  endfacet
  facet normal 0 0 1
    outer loop
      vertex -3.7503 -9.05402 0.7
      vertex -4.20952 -10.1627 0.7
      vertex -3.19313 -10.5263 0.7
    endloop
  endfacet
  facet normal 0 0 1
    outer loop
      vertex -4.61969 -8.64283 0.7
      vertex -4.20952 -10.1627 0.7
      vertex -3.7503 -9.05402 0.7
    endloop
  endfacet
  facet normal 0 0 1
    outer loop
      vertex -4.61969 -8.64283 0.7
      vertex -5.18536 -9.70113 0.7
      vertex -4.20952 -10.1627 0.7
    endloop
  endfacet
  facet normal 0 0 1
    outer loop
      vertex -5.44459 -8.1484 0.7
      vertex -5.18536 -9.70113 0.7
      vertex -4.61969 -8.64283 0.7
    endloop
  endfacet
  facet normal 0 0 1
    outer loop
      vertex -5.44459 -8.1484 0.7
      vertex -6.11127 -9.14616 0.7
      vertex -5.18536 -9.70113 0.7
    endloop
  endfacet
  facet normal 0 0 1
    outer loop
      vertex -6.21705 -7.5755 0.7
      vertex -6.11127 -9.14616 0.7
      vertex -5.44459 -8.1484 0.7
    endloop
  endfacet
  facet normal 0 0 1
    outer loop
      vertex -6.97833 -8.50311 0.7
      vertex -6.21705 -7.5755 0.7
      vertex -6.92965 -6.92965 0.7
    endloop
  endfacet
  facet normal 0 0 1
    outer loop
      vertex -6.21705 -7.5755 0.7
      vertex -6.97833 -8.50311 0.7
      vertex -6.11127 -9.14616 0.7
    endloop
  endfacet
  facet normal 0 0 1
    outer loop
      vertex -7.77817 -7.77817 0.7
      vertex -6.92965 -6.92965 0.7
      vertex -7.5755 -6.21705 0.7
    endloop
  endfacet
  facet normal 0 0 1
    outer loop
      vertex -6.92965 -6.92965 0.7
      vertex -7.77817 -7.77817 0.7
      vertex -6.97833 -8.50311 0.7
    endloop
  endfacet
  facet normal 0 0 1
    outer loop
      vertex -8.50311 -6.97833 0.7
      vertex -7.5755 -6.21705 0.7
      vertex -8.1484 -5.44459 0.7
    endloop
  endfacet
  facet normal 0 0 1
    outer loop
      vertex -7.5755 -6.21705 0.7
      vertex -8.50311 -6.97833 0.7
      vertex -7.77817 -7.77817 0.7
    endloop
  endfacet
  facet normal 0 0 1
    outer loop
      vertex -9.14616 -6.11127 0.7
      vertex -8.1484 -5.44459 0.7
      vertex -8.64283 -4.61969 0.7
    endloop
  endfacet
  facet normal 0 0 1
    outer loop
      vertex -9.70113 -5.18536 0.7
      vertex -8.64283 -4.61969 0.7
      vertex -9.05402 -3.7503 0.7
    endloop
  endfacet
  facet normal 0 0 1
    outer loop
      vertex -8.1484 -5.44459 0.7
      vertex -9.14616 -6.11127 0.7
      vertex -8.50311 -6.97833 0.7
    endloop
  endfacet
  facet normal 0 0 1
    outer loop
      vertex -10.1627 -4.20952 0.7
      vertex -9.05402 -3.7503 0.7
      vertex -9.37801 -2.84479 0.7
    endloop
  endfacet
  facet normal 0 0 1
    outer loop
      vertex -10.5263 -3.19313 0.7
      vertex -9.37801 -2.84479 0.7
      vertex -9.6117 -1.91188 0.7
    endloop
  endfacet
  facet normal 0 0 1
    outer loop
      vertex -8.64283 -4.61969 0.7
      vertex -9.70113 -5.18536 0.7
      vertex -9.14616 -6.11127 0.7
    endloop
  endfacet
  facet normal 0 0 1
    outer loop
      vertex -10.7886 -2.14599 0.7
      vertex -9.6117 -1.91188 0.7
      vertex -9.75281 -0.960567 0.7
    endloop
  endfacet
  facet normal 0 0 1
    outer loop
      vertex -10.947 -1.07819 0.7
      vertex -9.75281 -0.960567 0.7
      vertex -9.8 0 0.7
    endloop
  endfacet
  facet normal 0 0 1
    outer loop
      vertex -9.6117 1.91188 0.7
      vertex -10.7886 2.14599 0.7
      vertex -9.75281 0.960567 0.7
    endloop
  endfacet
  facet normal 0 0 1
    outer loop
      vertex -9.05402 -3.7503 0.7
      vertex -10.1627 -4.20952 0.7
      vertex -9.70113 -5.18536 0.7
    endloop
  endfacet
  facet normal -0 0 1
    outer loop
      vertex -10.947 1.07819 0.7
      vertex -9.75281 0.960567 0.7
      vertex -10.7886 2.14599 0.7
    endloop
  endfacet
  facet normal 0 0 1
    outer loop
      vertex -9.37801 -2.84479 0.7
      vertex -10.5263 -3.19313 0.7
      vertex -10.1627 -4.20952 0.7
    endloop
  endfacet
  facet normal 0 0 1
    outer loop
      vertex -9.75281 0.960567 0.7
      vertex -10.947 1.07819 0.7
      vertex -9.8 0 0.7
    endloop
  endfacet
  facet normal 0 0 1
    outer loop
      vertex -9.6117 -1.91188 0.7
      vertex -10.7886 -2.14599 0.7
      vertex -10.5263 -3.19313 0.7
    endloop
  endfacet
  facet normal 0 0 1
    outer loop
      vertex -11 0 0.7
      vertex -9.8 0 0.7
      vertex -10.947 1.07819 0.7
    endloop
  endfacet
  facet normal 0 0 1
    outer loop
      vertex -9.75281 -0.960567 0.7
      vertex -10.947 -1.07819 0.7
      vertex -10.7886 -2.14599 0.7
    endloop
  endfacet
  facet normal 0 0 1
    outer loop
      vertex -9.8 0 0.7
      vertex -11 0 0.7
      vertex -10.947 -1.07819 0.7
    endloop
  endfacet
  facet normal 0 0 -1
    outer loop
      vertex 9.8 0 3.3
      vertex 11 0 3.3
      vertex 10.947 -1.07819 3.3
    endloop
  endfacet
  facet normal 0 0 -1
    outer loop
      vertex 9.75281 -0.960567 3.3
      vertex 10.947 -1.07819 3.3
      vertex 10.7886 -2.14599 3.3
    endloop
  endfacet
  facet normal 0 0 -1
    outer loop
      vertex 11 0 3.3
      vertex 9.8 0 3.3
      vertex 10.947 1.07819 3.3
    endloop
  endfacet
  facet normal 0 0 -1
    outer loop
      vertex 9.6117 -1.91188 3.3
      vertex 10.7886 -2.14599 3.3
      vertex 10.5263 -3.19313 3.3
    endloop
  endfacet
  facet normal 0 0 -1
    outer loop
      vertex 9.75281 0.960567 3.3
      vertex 10.947 1.07819 3.3
      vertex 9.8 0 3.3
    endloop
  endfacet
  facet normal 0 0 -1
    outer loop
      vertex 9.37801 -2.84479 3.3
      vertex 10.5263 -3.19313 3.3
      vertex 10.1627 -4.20952 3.3
    endloop
  endfacet
  facet normal -0 0 -1
    outer loop
      vertex 10.947 1.07819 3.3
      vertex 9.75281 0.960567 3.3
      vertex 10.7886 2.14599 3.3
    endloop
  endfacet
  facet normal 0 0 -1
    outer loop
      vertex 9.6117 1.91188 3.3
      vertex 10.7886 2.14599 3.3
      vertex 9.75281 0.960567 3.3
    endloop
  endfacet
  facet normal 0 0 -1
    outer loop
      vertex 10.947 -1.07819 3.3
      vertex 9.75281 -0.960567 3.3
      vertex 9.8 0 3.3
    endloop
  endfacet
  facet normal 0 0 -1
    outer loop
      vertex 9.05402 -3.7503 3.3
      vertex 10.1627 -4.20952 3.3
      vertex 9.70113 -5.18536 3.3
    endloop
  endfacet
  facet normal 0 0 -1
    outer loop
      vertex 10.7886 -2.14599 3.3
      vertex 9.6117 -1.91188 3.3
      vertex 9.75281 -0.960567 3.3
    endloop
  endfacet
  facet normal 0 0 -1
    outer loop
      vertex 10.5263 -3.19313 3.3
      vertex 9.37801 -2.84479 3.3
      vertex 9.6117 -1.91188 3.3
    endloop
  endfacet
  facet normal 0 0 -1
    outer loop
      vertex 8.64283 -4.61969 3.3
      vertex 9.70113 -5.18536 3.3
      vertex 9.14616 -6.11127 3.3
    endloop
  endfacet
  facet normal 0 0 -1
    outer loop
      vertex 10.1627 -4.20952 3.3
      vertex 9.05402 -3.7503 3.3
      vertex 9.37801 -2.84479 3.3
    endloop
  endfacet
  facet normal 0 0 -1
    outer loop
      vertex 9.70113 -5.18536 3.3
      vertex 8.64283 -4.61969 3.3
      vertex 9.05402 -3.7503 3.3
    endloop
  endfacet
  facet normal 0 0 -1
    outer loop
      vertex 8.1484 -5.44459 3.3
      vertex 9.14616 -6.11127 3.3
      vertex 8.50311 -6.97833 3.3
    endloop
  endfacet
  facet normal 0 0 -1
    outer loop
      vertex 9.14616 -6.11127 3.3
      vertex 8.1484 -5.44459 3.3
      vertex 8.64283 -4.61969 3.3
    endloop
  endfacet
  facet normal 0 0 -1
    outer loop
      vertex 7.5755 -6.21705 3.3
      vertex 8.50311 -6.97833 3.3
      vertex 7.77817 -7.77817 3.3
    endloop
  endfacet
  facet normal 0 0 -1
    outer loop
      vertex 8.50311 -6.97833 3.3
      vertex 7.5755 -6.21705 3.3
      vertex 8.1484 -5.44459 3.3
    endloop
  endfacet
  facet normal 0 0 -1
    outer loop
      vertex 6.92965 -6.92965 3.3
      vertex 7.77817 -7.77817 3.3
      vertex 6.97833 -8.50311 3.3
    endloop
  endfacet
  facet normal 0 0 -1
    outer loop
      vertex 7.77817 -7.77817 3.3
      vertex 6.92965 -6.92965 3.3
      vertex 7.5755 -6.21705 3.3
    endloop
  endfacet
  facet normal 0 0 -1
    outer loop
      vertex 6.97833 -8.50311 3.3
      vertex 6.21705 -7.5755 3.3
      vertex 6.92965 -6.92965 3.3
    endloop
  endfacet
  facet normal 0 0 -1
    outer loop
      vertex 6.11127 -9.14616 3.3
      vertex 6.21705 -7.5755 3.3
      vertex 6.97833 -8.50311 3.3
    endloop
  endfacet
  facet normal 0 0 -1
    outer loop
      vertex 6.11127 -9.14616 3.3
      vertex 5.44459 -8.1484 3.3
      vertex 6.21705 -7.5755 3.3
    endloop
  endfacet
  facet normal 0 0 -1
    outer loop
      vertex 5.18536 -9.70113 3.3
      vertex 5.44459 -8.1484 3.3
      vertex 6.11127 -9.14616 3.3
    endloop
  endfacet
  facet normal 0 0 -1
    outer loop
      vertex 5.18536 -9.70113 3.3
      vertex 4.61969 -8.64283 3.3
      vertex 5.44459 -8.1484 3.3
    endloop
  endfacet
  facet normal 0 0 -1
    outer loop
      vertex 4.20952 -10.1627 3.3
      vertex 4.61969 -8.64283 3.3
      vertex 5.18536 -9.70113 3.3
    endloop
  endfacet
  facet normal 0 0 -1
    outer loop
      vertex 4.20952 -10.1627 3.3
      vertex 3.7503 -9.05402 3.3
      vertex 4.61969 -8.64283 3.3
    endloop
  endfacet
  facet normal 0 0 -1
    outer loop
      vertex 3.19313 -10.5263 3.3
      vertex 3.7503 -9.05402 3.3
      vertex 4.20952 -10.1627 3.3
    endloop
  endfacet
  facet normal 0 0 -1
    outer loop
      vertex 3.19313 -10.5263 3.3
      vertex 2.84479 -9.37801 3.3
      vertex 3.7503 -9.05402 3.3
    endloop
  endfacet
  facet normal 0 0 -1
    outer loop
      vertex 2.14599 -10.7886 3.3
      vertex 2.84479 -9.37801 3.3
      vertex 3.19313 -10.5263 3.3
    endloop
  endfacet
  facet normal 0 0 -1
    outer loop
      vertex 2.14599 -10.7886 3.3
      vertex 1.91188 -9.6117 3.3
      vertex 2.84479 -9.37801 3.3
    endloop
  endfacet
  facet normal 0 0 -1
    outer loop
      vertex 1.07819 -10.947 3.3
      vertex 1.91188 -9.6117 3.3
      vertex 2.14599 -10.7886 3.3
    endloop
  endfacet
  facet normal 0 0 -1
    outer loop
      vertex 1.07819 -10.947 3.3
      vertex 0.960567 -9.75281 3.3
      vertex 1.91188 -9.6117 3.3
    endloop
  endfacet
  facet normal 0 0 -1
    outer loop
      vertex 0 -11 3.3
      vertex 0.960567 -9.75281 3.3
      vertex 1.07819 -10.947 3.3
    endloop
  endfacet
  facet normal 0 0 -1
    outer loop
      vertex 0 -11 3.3
      vertex 0 -9.8 3.3
      vertex 0.960567 -9.75281 3.3
    endloop
  endfacet
  facet normal 0 0 -1
    outer loop
      vertex 0 -11 3.3
      vertex -0.960567 -9.75281 3.3
      vertex 0 -9.8 3.3
    endloop
  endfacet
  facet normal 0 0 -1
    outer loop
      vertex -1.07819 -10.947 3.3
      vertex -0.960567 -9.75281 3.3
      vertex 0 -11 3.3
    endloop
  endfacet
  facet normal 0 0 -1
    outer loop
      vertex -1.07819 -10.947 3.3
      vertex -1.91188 -9.6117 3.3
      vertex -0.960567 -9.75281 3.3
    endloop
  endfacet
  facet normal 0 0 -1
    outer loop
      vertex -2.14599 -10.7886 3.3
      vertex -1.91188 -9.6117 3.3
      vertex -1.07819 -10.947 3.3
    endloop
  endfacet
  facet normal 0 0 -1
    outer loop
      vertex -2.14599 -10.7886 3.3
      vertex -2.84479 -9.37801 3.3
      vertex -1.91188 -9.6117 3.3
    endloop
  endfacet
  facet normal 0 0 -1
    outer loop
      vertex -3.19313 -10.5263 3.3
      vertex -2.84479 -9.37801 3.3
      vertex -2.14599 -10.7886 3.3
    endloop
  endfacet
  facet normal 0 0 -1
    outer loop
      vertex -3.19313 -10.5263 3.3
      vertex -3.7503 -9.05402 3.3
      vertex -2.84479 -9.37801 3.3
    endloop
  endfacet
  facet normal 0 0 -1
    outer loop
      vertex -4.20952 -10.1627 3.3
      vertex -3.7503 -9.05402 3.3
      vertex -3.19313 -10.5263 3.3
    endloop
  endfacet
  facet normal 0 0 -1
    outer loop
      vertex -4.20952 -10.1627 3.3
      vertex -4.61969 -8.64283 3.3
      vertex -3.7503 -9.05402 3.3
    endloop
  endfacet
  facet normal 0 0 -1
    outer loop
      vertex -5.18536 -9.70113 3.3
      vertex -4.61969 -8.64283 3.3
      vertex -4.20952 -10.1627 3.3
    endloop
  endfacet
  facet normal 0 0 -1
    outer loop
      vertex -5.18536 -9.70113 3.3
      vertex -5.44459 -8.1484 3.3
      vertex -4.61969 -8.64283 3.3
    endloop
  endfacet
  facet normal 0 0 -1
    outer loop
      vertex -6.11127 -9.14616 3.3
      vertex -5.44459 -8.1484 3.3
      vertex -5.18536 -9.70113 3.3
    endloop
  endfacet
  facet normal 0 0 -1
    outer loop
      vertex -6.11127 -9.14616 3.3
      vertex -6.21705 -7.5755 3.3
      vertex -5.44459 -8.1484 3.3
    endloop
  endfacet
  facet normal 0 0 -1
    outer loop
      vertex -6.97833 -8.50311 3.3
      vertex -6.21705 -7.5755 3.3
      vertex -6.11127 -9.14616 3.3
    endloop
  endfacet
  facet normal -0 0 -1
    outer loop
      vertex -6.21705 -7.5755 3.3
      vertex -6.97833 -8.50311 3.3
      vertex -6.92965 -6.92965 3.3
    endloop
  endfacet
  facet normal 0 0 -1
    outer loop
      vertex -7.77817 -7.77817 3.3
      vertex -6.92965 -6.92965 3.3
      vertex -6.97833 -8.50311 3.3
    endloop
  endfacet
  facet normal -0 0 -1
    outer loop
      vertex -6.92965 -6.92965 3.3
      vertex -7.77817 -7.77817 3.3
      vertex -7.5755 -6.21705 3.3
    endloop
  endfacet
  facet normal 0 0 -1
    outer loop
      vertex -8.50311 -6.97833 3.3
      vertex -7.5755 -6.21705 3.3
      vertex -7.77817 -7.77817 3.3
    endloop
  endfacet
  facet normal -0 0 -1
    outer loop
      vertex -7.5755 -6.21705 3.3
      vertex -8.50311 -6.97833 3.3
      vertex -8.1484 -5.44459 3.3
    endloop
  endfacet
  facet normal 0 0 -1
    outer loop
      vertex -9.14616 -6.11127 3.3
      vertex -8.1484 -5.44459 3.3
      vertex -8.50311 -6.97833 3.3
    endloop
  endfacet
  facet normal -0 0 -1
    outer loop
      vertex -8.1484 -5.44459 3.3
      vertex -9.14616 -6.11127 3.3
      vertex -8.64283 -4.61969 3.3
    endloop
  endfacet
  facet normal 0 0 -1
    outer loop
      vertex -9.70113 -5.18536 3.3
      vertex -8.64283 -4.61969 3.3
      vertex -9.14616 -6.11127 3.3
    endloop
  endfacet
  facet normal -0 0 -1
    outer loop
      vertex -8.64283 -4.61969 3.3
      vertex -9.70113 -5.18536 3.3
      vertex -9.05402 -3.7503 3.3
    endloop
  endfacet
  facet normal 0 0 -1
    outer loop
      vertex -10.1627 -4.20952 3.3
      vertex -9.05402 -3.7503 3.3
      vertex -9.70113 -5.18536 3.3
    endloop
  endfacet
  facet normal -0 0 -1
    outer loop
      vertex -9.05402 -3.7503 3.3
      vertex -10.1627 -4.20952 3.3
      vertex -9.37801 -2.84479 3.3
    endloop
  endfacet
  facet normal 0 0 -1
    outer loop
      vertex -10.5263 -3.19313 3.3
      vertex -9.37801 -2.84479 3.3
      vertex -10.1627 -4.20952 3.3
    endloop
  endfacet
  facet normal -0 0 -1
    outer loop
      vertex -9.37801 -2.84479 3.3
      vertex -10.5263 -3.19313 3.3
      vertex -9.6117 -1.91188 3.3
    endloop
  endfacet
  facet normal 0 0 -1
    outer loop
      vertex -10.7886 -2.14599 3.3
      vertex -9.6117 -1.91188 3.3
      vertex -10.5263 -3.19313 3.3
    endloop
  endfacet
  facet normal -0 0 -1
    outer loop
      vertex 10.7886 2.14599 3.3
      vertex 9.6117 1.91188 3.3
      vertex 10.5263 3.19313 3.3
    endloop
  endfacet
  facet normal 0 0 -1
    outer loop
      vertex 9.37801 2.84479 3.3
      vertex 10.5263 3.19313 3.3
      vertex 9.6117 1.91188 3.3
    endloop
  endfacet
  facet normal -0 0 -1
    outer loop
      vertex 10.5263 3.19313 3.3
      vertex 9.37801 2.84479 3.3
      vertex 10.1627 4.20952 3.3
    endloop
  endfacet
  facet normal 0 0 -1
    outer loop
      vertex 9.05402 3.7503 3.3
      vertex 10.1627 4.20952 3.3
      vertex 9.37801 2.84479 3.3
    endloop
  endfacet
  facet normal -0 0 -1
    outer loop
      vertex 10.1627 4.20952 3.3
      vertex 9.05402 3.7503 3.3
      vertex 9.70113 5.18536 3.3
    endloop
  endfacet
  facet normal 0 0 -1
    outer loop
      vertex 8.64283 4.61969 3.3
      vertex 9.70113 5.18536 3.3
      vertex 9.05402 3.7503 3.3
    endloop
  endfacet
  facet normal -0 0 -1
    outer loop
      vertex 9.70113 5.18536 3.3
      vertex 8.64283 4.61969 3.3
      vertex 9.14616 6.11127 3.3
    endloop
  endfacet
  facet normal 0 0 -1
    outer loop
      vertex 8.1484 5.44459 3.3
      vertex 9.14616 6.11127 3.3
      vertex 8.64283 4.61969 3.3
    endloop
  endfacet
  facet normal -0 0 -1
    outer loop
      vertex 9.14616 6.11127 3.3
      vertex 8.1484 5.44459 3.3
      vertex 8.50311 6.97833 3.3
    endloop
  endfacet
  facet normal 0 0 -1
    outer loop
      vertex 7.5755 6.21705 3.3
      vertex 8.50311 6.97833 3.3
      vertex 8.1484 5.44459 3.3
    endloop
  endfacet
  facet normal -0 0 -1
    outer loop
      vertex 8.50311 6.97833 3.3
      vertex 7.5755 6.21705 3.3
      vertex 7.77817 7.77817 3.3
    endloop
  endfacet
  facet normal 0 0 -1
    outer loop
      vertex 6.92965 6.92965 3.3
      vertex 7.77817 7.77817 3.3
      vertex 7.5755 6.21705 3.3
    endloop
  endfacet
  facet normal -0 0 -1
    outer loop
      vertex 7.77817 7.77817 3.3
      vertex 6.92965 6.92965 3.3
      vertex 6.97833 8.50311 3.3
    endloop
  endfacet
  facet normal 0 0 -1
    outer loop
      vertex 6.21705 7.5755 3.3
      vertex 6.97833 8.50311 3.3
      vertex 6.92965 6.92965 3.3
    endloop
  endfacet
  facet normal 0 0 -1
    outer loop
      vertex 6.21705 7.5755 3.3
      vertex 6.11127 9.14616 3.3
      vertex 6.97833 8.50311 3.3
    endloop
  endfacet
  facet normal 0 0 -1
    outer loop
      vertex 5.44459 8.1484 3.3
      vertex 6.11127 9.14616 3.3
      vertex 6.21705 7.5755 3.3
    endloop
  endfacet
  facet normal 0 0 -1
    outer loop
      vertex 5.44459 8.1484 3.3
      vertex 5.18536 9.70113 3.3
      vertex 6.11127 9.14616 3.3
    endloop
  endfacet
  facet normal 0 0 -1
    outer loop
      vertex 4.61969 8.64283 3.3
      vertex 5.18536 9.70113 3.3
      vertex 5.44459 8.1484 3.3
    endloop
  endfacet
  facet normal 0 0 -1
    outer loop
      vertex 4.61969 8.64283 3.3
      vertex 4.20952 10.1627 3.3
      vertex 5.18536 9.70113 3.3
    endloop
  endfacet
  facet normal 0 0 -1
    outer loop
      vertex 3.7503 9.05402 3.3
      vertex 4.20952 10.1627 3.3
      vertex 4.61969 8.64283 3.3
    endloop
  endfacet
  facet normal 0 0 -1
    outer loop
      vertex 3.7503 9.05402 3.3
      vertex 3.19313 10.5263 3.3
      vertex 4.20952 10.1627 3.3
    endloop
  endfacet
  facet normal 0 0 -1
    outer loop
      vertex 2.84479 9.37801 3.3
      vertex 3.19313 10.5263 3.3
      vertex 3.7503 9.05402 3.3
    endloop
  endfacet
  facet normal 0 0 -1
    outer loop
      vertex 2.84479 9.37801 3.3
      vertex 2.14599 10.7886 3.3
      vertex 3.19313 10.5263 3.3
    endloop
  endfacet
  facet normal 0 0 -1
    outer loop
      vertex 1.91188 9.6117 3.3
      vertex 2.14599 10.7886 3.3
      vertex 2.84479 9.37801 3.3
    endloop
  endfacet
  facet normal 0 0 -1
    outer loop
      vertex 1.91188 9.6117 3.3
      vertex 1.07819 10.947 3.3
      vertex 2.14599 10.7886 3.3
    endloop
  endfacet
  facet normal 0 0 -1
    outer loop
      vertex 0.960567 9.75281 3.3
      vertex 1.07819 10.947 3.3
      vertex 1.91188 9.6117 3.3
    endloop
  endfacet
  facet normal 0 0 -1
    outer loop
      vertex 0 9.8 3.3
      vertex 1.07819 10.947 3.3
      vertex 0.960567 9.75281 3.3
    endloop
  endfacet
  facet normal 0 0 -1
    outer loop
      vertex 0 9.8 3.3
      vertex 0 11 3.3
      vertex 1.07819 10.947 3.3
    endloop
  endfacet
  facet normal 0 0 -1
    outer loop
      vertex -0.960567 9.75281 3.3
      vertex 0 11 3.3
      vertex 0 9.8 3.3
    endloop
  endfacet
  facet normal 0 0 -1
    outer loop
      vertex -0.960567 9.75281 3.3
      vertex -1.07819 10.947 3.3
      vertex 0 11 3.3
    endloop
  endfacet
  facet normal 0 0 -1
    outer loop
      vertex -1.91188 9.6117 3.3
      vertex -1.07819 10.947 3.3
      vertex -0.960567 9.75281 3.3
    endloop
  endfacet
  facet normal 0 0 -1
    outer loop
      vertex -1.91188 9.6117 3.3
      vertex -2.14599 10.7886 3.3
      vertex -1.07819 10.947 3.3
    endloop
  endfacet
  facet normal 0 0 -1
    outer loop
      vertex -2.84479 9.37801 3.3
      vertex -2.14599 10.7886 3.3
      vertex -1.91188 9.6117 3.3
    endloop
  endfacet
  facet normal 0 0 -1
    outer loop
      vertex -2.84479 9.37801 3.3
      vertex -3.19313 10.5263 3.3
      vertex -2.14599 10.7886 3.3
    endloop
  endfacet
  facet normal 0 0 -1
    outer loop
      vertex -3.7503 9.05402 3.3
      vertex -3.19313 10.5263 3.3
      vertex -2.84479 9.37801 3.3
    endloop
  endfacet
  facet normal 0 0 -1
    outer loop
      vertex -3.7503 9.05402 3.3
      vertex -4.20952 10.1627 3.3
      vertex -3.19313 10.5263 3.3
    endloop
  endfacet
  facet normal 0 0 -1
    outer loop
      vertex -4.61969 8.64283 3.3
      vertex -4.20952 10.1627 3.3
      vertex -3.7503 9.05402 3.3
    endloop
  endfacet
  facet normal 0 0 -1
    outer loop
      vertex -4.61969 8.64283 3.3
      vertex -5.18536 9.70113 3.3
      vertex -4.20952 10.1627 3.3
    endloop
  endfacet
  facet normal 0 0 -1
    outer loop
      vertex -5.44459 8.1484 3.3
      vertex -5.18536 9.70113 3.3
      vertex -4.61969 8.64283 3.3
    endloop
  endfacet
  facet normal 0 0 -1
    outer loop
      vertex -5.44459 8.1484 3.3
      vertex -6.11127 9.14616 3.3
      vertex -5.18536 9.70113 3.3
    endloop
  endfacet
  facet normal 0 0 -1
    outer loop
      vertex -6.21705 7.5755 3.3
      vertex -6.11127 9.14616 3.3
      vertex -5.44459 8.1484 3.3
    endloop
  endfacet
  facet normal 0 0 -1
    outer loop
      vertex -6.97833 8.50311 3.3
      vertex -6.21705 7.5755 3.3
      vertex -6.92965 6.92965 3.3
    endloop
  endfacet
  facet normal 0 0 -1
    outer loop
      vertex -6.21705 7.5755 3.3
      vertex -6.97833 8.50311 3.3
      vertex -6.11127 9.14616 3.3
    endloop
  endfacet
  facet normal 0 0 -1
    outer loop
      vertex -7.77817 7.77817 3.3
      vertex -6.92965 6.92965 3.3
      vertex -7.5755 6.21705 3.3
    endloop
  endfacet
  facet normal 0 0 -1
    outer loop
      vertex -6.92965 6.92965 3.3
      vertex -7.77817 7.77817 3.3
      vertex -6.97833 8.50311 3.3
    endloop
  endfacet
  facet normal 0 0 -1
    outer loop
      vertex -8.50311 6.97833 3.3
      vertex -7.5755 6.21705 3.3
      vertex -8.1484 5.44459 3.3
    endloop
  endfacet
  facet normal 0 0 -1
    outer loop
      vertex -7.5755 6.21705 3.3
      vertex -8.50311 6.97833 3.3
      vertex -7.77817 7.77817 3.3
    endloop
  endfacet
  facet normal 0 0 -1
    outer loop
      vertex -9.14616 6.11127 3.3
      vertex -8.1484 5.44459 3.3
      vertex -8.64283 4.61969 3.3
    endloop
  endfacet
  facet normal 0 0 -1
    outer loop
      vertex -9.70113 5.18536 3.3
      vertex -8.64283 4.61969 3.3
      vertex -9.05402 3.7503 3.3
    endloop
  endfacet
  facet normal 0 0 -1
    outer loop
      vertex -8.1484 5.44459 3.3
      vertex -9.14616 6.11127 3.3
      vertex -8.50311 6.97833 3.3
    endloop
  endfacet
  facet normal 0 0 -1
    outer loop
      vertex -10.1627 4.20952 3.3
      vertex -9.05402 3.7503 3.3
      vertex -9.37801 2.84479 3.3
    endloop
  endfacet
  facet normal 0 0 -1
    outer loop
      vertex -10.5263 3.19313 3.3
      vertex -9.37801 2.84479 3.3
      vertex -9.6117 1.91188 3.3
    endloop
  endfacet
  facet normal 0 0 -1
    outer loop
      vertex -8.64283 4.61969 3.3
      vertex -9.70113 5.18536 3.3
      vertex -9.14616 6.11127 3.3
    endloop
  endfacet
  facet normal 0 0 -1
    outer loop
      vertex -10.7886 2.14599 3.3
      vertex -9.6117 1.91188 3.3
      vertex -9.75281 0.960567 3.3
    endloop
  endfacet
  facet normal 0 0 -1
    outer loop
      vertex -10.947 1.07819 3.3
      vertex -9.75281 0.960567 3.3
      vertex -9.8 0 3.3
    endloop
  endfacet
  facet normal -0 0 -1
    outer loop
      vertex -9.6117 -1.91188 3.3
      vertex -10.7886 -2.14599 3.3
      vertex -9.75281 -0.960567 3.3
    endloop
  endfacet
  facet normal 0 0 -1
    outer loop
      vertex -9.05402 3.7503 3.3
      vertex -10.1627 4.20952 3.3
      vertex -9.70113 5.18536 3.3
    endloop
  endfacet
  facet normal 0 0 -1
    outer loop
      vertex -10.947 -1.07819 3.3
      vertex -9.75281 -0.960567 3.3
      vertex -10.7886 -2.14599 3.3
    endloop
  endfacet
  facet normal 0 0 -1
    outer loop
      vertex -9.37801 2.84479 3.3
      vertex -10.5263 3.19313 3.3
      vertex -10.1627 4.20952 3.3
    endloop
  endfacet
  facet normal -0 0 -1
    outer loop
      vertex -9.75281 -0.960567 3.3
      vertex -10.947 -1.07819 3.3
      vertex -9.8 0 3.3
    endloop
  endfacet
  facet normal 0 0 -1
    outer loop
      vertex -9.6117 1.91188 3.3
      vertex -10.7886 2.14599 3.3
      vertex -10.5263 3.19313 3.3
    endloop
  endfacet
  facet normal 0 0 -1
    outer loop
      vertex -11 0 3.3
      vertex -9.8 0 3.3
      vertex -10.947 -1.07819 3.3
    endloop
  endfacet
  facet normal 0 0 -1
    outer loop
      vertex -9.75281 0.960567 3.3
      vertex -10.947 1.07819 3.3
      vertex -10.7886 2.14599 3.3
    endloop
  endfacet
  facet normal 0 0 -1
    outer loop
      vertex -9.8 0 3.3
      vertex -11 0 3.3
      vertex -10.947 1.07819 3.3
    endloop
  endfacet
  facet normal 0.989177 0.146726 0
    outer loop
      vertex 9.75281 0.960567 3.3
      vertex 9.6117 1.91188 0.7
      vertex 9.6117 1.91188 3.3
    endloop
  endfacet
  facet normal 0.989177 0.146726 0
    outer loop
      vertex 9.6117 1.91188 0.7
      vertex 9.75281 0.960567 3.3
      vertex 9.75281 0.960567 0.7
    endloop
  endfacet
  facet normal 0.998795 0.0490681 0
    outer loop
      vertex 9.8 0 3.3
      vertex 9.75281 0.960567 0.7
      vertex 9.75281 0.960567 3.3
    endloop
  endfacet
  facet normal 0.998795 0.0490681 0
    outer loop
      vertex 9.75281 0.960567 0.7
      vertex 9.8 0 3.3
      vertex 9.8 0 0.7
    endloop
  endfacet
  facet normal 0.970029 0.242988 0
    outer loop
      vertex 9.6117 1.91188 3.3
      vertex 9.37801 2.84479 0.7
      vertex 9.37801 2.84479 3.3
    endloop
  endfacet
  facet normal 0.970029 0.242988 0
    outer loop
      vertex 9.37801 2.84479 0.7
      vertex 9.6117 1.91188 3.3
      vertex 9.6117 1.91188 0.7
    endloop
  endfacet
  facet normal 0.336884 -0.941546 0
    outer loop
      vertex 2.84479 -9.37801 0.7
      vertex 3.7503 -9.05402 3.3
      vertex 2.84479 -9.37801 3.3
    endloop
  endfacet
  facet normal 0.336884 -0.941546 0
    outer loop
      vertex 3.7503 -9.05402 3.3
      vertex 2.84479 -9.37801 0.7
      vertex 3.7503 -9.05402 0.7
    endloop
  endfacet
  facet normal 0.427554 0.90399 -0
    outer loop
      vertex 4.61969 8.64283 0.7
      vertex 3.7503 9.05402 3.3
      vertex 4.61969 8.64283 3.3
    endloop
  endfacet
  facet normal 0.427554 0.90399 0
    outer loop
      vertex 3.7503 9.05402 3.3
      vertex 4.61969 8.64283 0.7
      vertex 3.7503 9.05402 0.7
    endloop
  endfacet
  facet normal 0.998795 -0.0490681 0
    outer loop
      vertex 9.75281 -0.960567 3.3
      vertex 9.8 0 0.7
      vertex 9.8 0 3.3
    endloop
  endfacet
  facet normal 0.998795 -0.0490681 0
    outer loop
      vertex 9.8 0 0.7
      vertex 9.75281 -0.960567 3.3
      vertex 9.75281 -0.960567 0.7
    endloop
  endfacet
  facet normal 0.989177 -0.146726 0
    outer loop
      vertex 9.6117 -1.91188 3.3
      vertex 9.75281 -0.960567 0.7
      vertex 9.75281 -0.960567 3.3
    endloop
  endfacet
  facet normal 0.989177 -0.146726 0
    outer loop
      vertex 9.75281 -0.960567 0.7
      vertex 9.6117 -1.91188 3.3
      vertex 9.6117 -1.91188 0.7
    endloop
  endfacet
  facet normal 0.595702 0.803205 -0
    outer loop
      vertex 6.21705 7.5755 0.7
      vertex 5.44459 8.1484 3.3
      vertex 6.21705 7.5755 3.3
    endloop
  endfacet
  facet normal 0.595702 0.803205 0
    outer loop
      vertex 5.44459 8.1484 3.3
      vertex 6.21705 7.5755 0.7
      vertex 5.44459 8.1484 0.7
    endloop
  endfacet
  facet normal 0.427554 -0.90399 0
    outer loop
      vertex 3.7503 -9.05402 0.7
      vertex 4.61969 -8.64283 3.3
      vertex 3.7503 -9.05402 3.3
    endloop
  endfacet
  facet normal 0.427554 -0.90399 0
    outer loop
      vertex 4.61969 -8.64283 3.3
      vertex 3.7503 -9.05402 0.7
      vertex 4.61969 -8.64283 0.7
    endloop
  endfacet
  facet normal -0.336884 -0.941546 0
    outer loop
      vertex -3.7503 -9.05402 0.7
      vertex -2.84479 -9.37801 3.3
      vertex -3.7503 -9.05402 3.3
    endloop
  endfacet
  facet normal -0.336884 -0.941546 -0
    outer loop
      vertex -2.84479 -9.37801 3.3
      vertex -3.7503 -9.05402 0.7
      vertex -2.84479 -9.37801 0.7
    endloop
  endfacet
  facet normal 0.90399 -0.427554 0
    outer loop
      vertex 8.64283 -4.61969 3.3
      vertex 9.05402 -3.7503 0.7
      vertex 9.05402 -3.7503 3.3
    endloop
  endfacet
  facet normal 0.90399 -0.427554 0
    outer loop
      vertex 9.05402 -3.7503 0.7
      vertex 8.64283 -4.61969 3.3
      vertex 8.64283 -4.61969 0.7
    endloop
  endfacet
  facet normal -0.514106 0.857727 0
    outer loop
      vertex -4.61969 8.64283 0.7
      vertex -5.44459 8.1484 3.3
      vertex -4.61969 8.64283 3.3
    endloop
  endfacet
  facet normal -0.514106 0.857727 0
    outer loop
      vertex -5.44459 8.1484 3.3
      vertex -4.61969 8.64283 0.7
      vertex -5.44459 8.1484 0.7
    endloop
  endfacet
  facet normal 0.90399 0.427554 0
    outer loop
      vertex 9.05402 3.7503 3.3
      vertex 8.64283 4.61969 0.7
      vertex 8.64283 4.61969 3.3
    endloop
  endfacet
  facet normal 0.90399 0.427554 0
    outer loop
      vertex 8.64283 4.61969 0.7
      vertex 9.05402 3.7503 3.3
      vertex 9.05402 3.7503 0.7
    endloop
  endfacet
  facet normal -0.90399 -0.427554 0
    outer loop
      vertex -8.64283 -4.61969 0.7
      vertex -9.05402 -3.7503 3.3
      vertex -9.05402 -3.7503 0.7
    endloop
  endfacet
  facet normal -0.90399 -0.427554 0
    outer loop
      vertex -9.05402 -3.7503 3.3
      vertex -8.64283 -4.61969 0.7
      vertex -8.64283 -4.61969 3.3
    endloop
  endfacet
  facet normal -0.242988 0.970029 0
    outer loop
      vertex -1.91188 9.6117 0.7
      vertex -2.84479 9.37801 3.3
      vertex -1.91188 9.6117 3.3
    endloop
  endfacet
  facet normal -0.242988 0.970029 0
    outer loop
      vertex -2.84479 9.37801 3.3
      vertex -1.91188 9.6117 0.7
      vertex -2.84479 9.37801 0.7
    endloop
  endfacet
  facet normal 0.514106 0.857727 -0
    outer loop
      vertex 5.44459 8.1484 0.7
      vertex 4.61969 8.64283 3.3
      vertex 5.44459 8.1484 3.3
    endloop
  endfacet
  facet normal 0.514106 0.857727 0
    outer loop
      vertex 4.61969 8.64283 3.3
      vertex 5.44459 8.1484 0.7
      vertex 4.61969 8.64283 0.7
    endloop
  endfacet
  facet normal -0.595702 -0.803205 0
    outer loop
      vertex -6.21705 -7.5755 0.7
      vertex -5.44459 -8.1484 3.3
      vertex -6.21705 -7.5755 3.3
    endloop
  endfacet
  facet normal -0.595702 -0.803205 -0
    outer loop
      vertex -5.44459 -8.1484 3.3
      vertex -6.21705 -7.5755 0.7
      vertex -5.44459 -8.1484 0.7
    endloop
  endfacet
  facet normal -0.427554 0.90399 0
    outer loop
      vertex -3.7503 9.05402 0.7
      vertex -4.61969 8.64283 3.3
      vertex -3.7503 9.05402 3.3
    endloop
  endfacet
  facet normal -0.427554 0.90399 0
    outer loop
      vertex -4.61969 8.64283 3.3
      vertex -3.7503 9.05402 0.7
      vertex -4.61969 8.64283 0.7
    endloop
  endfacet
  facet normal 0.595702 -0.803205 0
    outer loop
      vertex 5.44459 -8.1484 0.7
      vertex 6.21705 -7.5755 3.3
      vertex 5.44459 -8.1484 3.3
    endloop
  endfacet
  facet normal 0.595702 -0.803205 0
    outer loop
      vertex 6.21705 -7.5755 3.3
      vertex 5.44459 -8.1484 0.7
      vertex 6.21705 -7.5755 0.7
    endloop
  endfacet
  facet normal 0.803205 0.595702 0
    outer loop
      vertex 8.1484 5.44459 3.3
      vertex 7.5755 6.21705 0.7
      vertex 7.5755 6.21705 3.3
    endloop
  endfacet
  facet normal 0.803205 0.595702 0
    outer loop
      vertex 7.5755 6.21705 0.7
      vertex 8.1484 5.44459 3.3
      vertex 8.1484 5.44459 0.7
    endloop
  endfacet
  facet normal 0.146726 -0.989177 0
    outer loop
      vertex 0.960567 -9.75281 0.7
      vertex 1.91188 -9.6117 3.3
      vertex 0.960567 -9.75281 3.3
    endloop
  endfacet
  facet normal 0.146726 -0.989177 0
    outer loop
      vertex 1.91188 -9.6117 3.3
      vertex 0.960567 -9.75281 0.7
      vertex 1.91188 -9.6117 0.7
    endloop
  endfacet
  facet normal -0.941546 -0.336884 0
    outer loop
      vertex -9.05402 -3.7503 0.7
      vertex -9.37801 -2.84479 3.3
      vertex -9.37801 -2.84479 0.7
    endloop
  endfacet
  facet normal -0.941546 -0.336884 0
    outer loop
      vertex -9.37801 -2.84479 3.3
      vertex -9.05402 -3.7503 0.7
      vertex -9.05402 -3.7503 3.3
    endloop
  endfacet
  facet normal -0.989177 0.146726 0
    outer loop
      vertex -9.75281 0.960567 0.7
      vertex -9.6117 1.91188 3.3
      vertex -9.6117 1.91188 0.7
    endloop
  endfacet
  facet normal -0.989177 0.146726 0
    outer loop
      vertex -9.6117 1.91188 3.3
      vertex -9.75281 0.960567 0.7
      vertex -9.75281 0.960567 3.3
    endloop
  endfacet
  facet normal -0.595702 0.803205 0
    outer loop
      vertex -5.44459 8.1484 0.7
      vertex -6.21705 7.5755 3.3
      vertex -5.44459 8.1484 3.3
    endloop
  endfacet
  facet normal -0.595702 0.803205 0
    outer loop
      vertex -6.21705 7.5755 3.3
      vertex -5.44459 8.1484 0.7
      vertex -6.21705 7.5755 0.7
    endloop
  endfacet
  facet normal -0.427554 -0.90399 0
    outer loop
      vertex -4.61969 -8.64283 0.7
      vertex -3.7503 -9.05402 3.3
      vertex -4.61969 -8.64283 3.3
    endloop
  endfacet
  facet normal -0.427554 -0.90399 -0
    outer loop
      vertex -3.7503 -9.05402 3.3
      vertex -4.61969 -8.64283 0.7
      vertex -3.7503 -9.05402 0.7
    endloop
  endfacet
  facet normal -0.970029 -0.242988 0
    outer loop
      vertex -9.37801 -2.84479 0.7
      vertex -9.6117 -1.91188 3.3
      vertex -9.6117 -1.91188 0.7
    endloop
  endfacet
  facet normal -0.970029 -0.242988 0
    outer loop
      vertex -9.6117 -1.91188 3.3
      vertex -9.37801 -2.84479 0.7
      vertex -9.37801 -2.84479 3.3
    endloop
  endfacet
  facet normal -0.998795 -0.0490681 0
    outer loop
      vertex -9.75281 -0.960567 0.7
      vertex -9.8 0 3.3
      vertex -9.8 0 0.7
    endloop
  endfacet
  facet normal -0.998795 -0.0490681 0
    outer loop
      vertex -9.8 0 3.3
      vertex -9.75281 -0.960567 0.7
      vertex -9.75281 -0.960567 3.3
    endloop
  endfacet
  facet normal 0.970029 -0.242988 0
    outer loop
      vertex 9.37801 -2.84479 3.3
      vertex 9.6117 -1.91188 0.7
      vertex 9.6117 -1.91188 3.3
    endloop
  endfacet
  facet normal 0.970029 -0.242988 0
    outer loop
      vertex 9.6117 -1.91188 0.7
      vertex 9.37801 -2.84479 3.3
      vertex 9.37801 -2.84479 0.7
    endloop
  endfacet
  facet normal 0.941546 -0.336884 0
    outer loop
      vertex 9.05402 -3.7503 3.3
      vertex 9.37801 -2.84479 0.7
      vertex 9.37801 -2.84479 3.3
    endloop
  endfacet
  facet normal 0.941546 -0.336884 0
    outer loop
      vertex 9.37801 -2.84479 0.7
      vertex 9.05402 -3.7503 3.3
      vertex 9.05402 -3.7503 0.7
    endloop
  endfacet
  facet normal 0.941546 0.336884 0
    outer loop
      vertex 9.37801 2.84479 3.3
      vertex 9.05402 3.7503 0.7
      vertex 9.05402 3.7503 3.3
    endloop
  endfacet
  facet normal 0.941546 0.336884 0
    outer loop
      vertex 9.05402 3.7503 0.7
      vertex 9.37801 2.84479 3.3
      vertex 9.37801 2.84479 0.7
    endloop
  endfacet
  facet normal 0.242988 0.970029 -0
    outer loop
      vertex 2.84479 9.37801 0.7
      vertex 1.91188 9.6117 3.3
      vertex 2.84479 9.37801 3.3
    endloop
  endfacet
  facet normal 0.242988 0.970029 0
    outer loop
      vertex 1.91188 9.6117 3.3
      vertex 2.84479 9.37801 0.7
      vertex 1.91188 9.6117 0.7
    endloop
  endfacet
  facet normal -0.0490681 0.998795 0
    outer loop
      vertex 0 9.8 0.7
      vertex -0.960567 9.75281 3.3
      vertex 0 9.8 3.3
    endloop
  endfacet
  facet normal -0.0490681 0.998795 0
    outer loop
      vertex -0.960567 9.75281 3.3
      vertex 0 9.8 0.7
      vertex -0.960567 9.75281 0.7
    endloop
  endfacet
  facet normal 0.0490681 0.998795 -0
    outer loop
      vertex 0.960567 9.75281 0.7
      vertex 0 9.8 3.3
      vertex 0.960567 9.75281 3.3
    endloop
  endfacet
  facet normal 0.0490681 0.998795 0
    outer loop
      vertex 0 9.8 3.3
      vertex 0.960567 9.75281 0.7
      vertex 0 9.8 0.7
    endloop
  endfacet
  facet normal -0.941546 0.336884 0
    outer loop
      vertex -9.37801 2.84479 0.7
      vertex -9.05402 3.7503 3.3
      vertex -9.05402 3.7503 0.7
    endloop
  endfacet
  facet normal -0.941546 0.336884 0
    outer loop
      vertex -9.05402 3.7503 3.3
      vertex -9.37801 2.84479 0.7
      vertex -9.37801 2.84479 3.3
    endloop
  endfacet
  facet normal -0.740958 0.671552 0
    outer loop
      vertex -7.5755 6.21705 0.7
      vertex -6.92965 6.92965 3.3
      vertex -6.92965 6.92965 0.7
    endloop
  endfacet
  facet normal -0.740958 0.671552 0
    outer loop
      vertex -6.92965 6.92965 3.3
      vertex -7.5755 6.21705 0.7
      vertex -7.5755 6.21705 3.3
    endloop
  endfacet
  facet normal -0.90399 0.427554 0
    outer loop
      vertex -9.05402 3.7503 0.7
      vertex -8.64283 4.61969 3.3
      vertex -8.64283 4.61969 0.7
    endloop
  endfacet
  facet normal -0.90399 0.427554 0
    outer loop
      vertex -8.64283 4.61969 3.3
      vertex -9.05402 3.7503 0.7
      vertex -9.05402 3.7503 3.3
    endloop
  endfacet
  facet normal -0.146726 0.989177 0
    outer loop
      vertex -0.960567 9.75281 0.7
      vertex -1.91188 9.6117 3.3
      vertex -0.960567 9.75281 3.3
    endloop
  endfacet
  facet normal -0.146726 0.989177 0
    outer loop
      vertex -1.91188 9.6117 3.3
      vertex -0.960567 9.75281 0.7
      vertex -1.91188 9.6117 0.7
    endloop
  endfacet
  facet normal 0.0490681 -0.998795 0
    outer loop
      vertex 0 -9.8 0.7
      vertex 0.960567 -9.75281 3.3
      vertex 0 -9.8 3.3
    endloop
  endfacet
  facet normal 0.0490681 -0.998795 0
    outer loop
      vertex 0.960567 -9.75281 3.3
      vertex 0 -9.8 0.7
      vertex 0.960567 -9.75281 0.7
    endloop
  endfacet
  facet normal 0.242988 -0.970029 0
    outer loop
      vertex 1.91188 -9.6117 0.7
      vertex 2.84479 -9.37801 3.3
      vertex 1.91188 -9.6117 3.3
    endloop
  endfacet
  facet normal 0.242988 -0.970029 0
    outer loop
      vertex 2.84479 -9.37801 3.3
      vertex 1.91188 -9.6117 0.7
      vertex 2.84479 -9.37801 0.7
    endloop
  endfacet
  facet normal 0.803205 -0.595702 0
    outer loop
      vertex 7.5755 -6.21705 3.3
      vertex 8.1484 -5.44459 0.7
      vertex 8.1484 -5.44459 3.3
    endloop
  endfacet
  facet normal 0.803205 -0.595702 0
    outer loop
      vertex 8.1484 -5.44459 0.7
      vertex 7.5755 -6.21705 3.3
      vertex 7.5755 -6.21705 0.7
    endloop
  endfacet
  facet normal 0.514106 -0.857727 0
    outer loop
      vertex 4.61969 -8.64283 0.7
      vertex 5.44459 -8.1484 3.3
      vertex 4.61969 -8.64283 3.3
    endloop
  endfacet
  facet normal 0.514106 -0.857727 0
    outer loop
      vertex 5.44459 -8.1484 3.3
      vertex 4.61969 -8.64283 0.7
      vertex 5.44459 -8.1484 0.7
    endloop
  endfacet
  facet normal 0.857727 -0.514106 0
    outer loop
      vertex 8.1484 -5.44459 3.3
      vertex 8.64283 -4.61969 0.7
      vertex 8.64283 -4.61969 3.3
    endloop
  endfacet
  facet normal 0.857727 -0.514106 0
    outer loop
      vertex 8.64283 -4.61969 0.7
      vertex 8.1484 -5.44459 3.3
      vertex 8.1484 -5.44459 0.7
    endloop
  endfacet
  facet normal -0.146726 -0.989177 0
    outer loop
      vertex -1.91188 -9.6117 0.7
      vertex -0.960567 -9.75281 3.3
      vertex -1.91188 -9.6117 3.3
    endloop
  endfacet
  facet normal -0.146726 -0.989177 -0
    outer loop
      vertex -0.960567 -9.75281 3.3
      vertex -1.91188 -9.6117 0.7
      vertex -0.960567 -9.75281 0.7
    endloop
  endfacet
  facet normal -0.857727 -0.514106 0
    outer loop
      vertex -8.1484 -5.44459 0.7
      vertex -8.64283 -4.61969 3.3
      vertex -8.64283 -4.61969 0.7
    endloop
  endfacet
  facet normal -0.857727 -0.514106 0
    outer loop
      vertex -8.64283 -4.61969 3.3
      vertex -8.1484 -5.44459 0.7
      vertex -8.1484 -5.44459 3.3
    endloop
  endfacet
  facet normal 0.857727 0.514106 0
    outer loop
      vertex 8.64283 4.61969 3.3
      vertex 8.1484 5.44459 0.7
      vertex 8.1484 5.44459 3.3
    endloop
  endfacet
  facet normal 0.857727 0.514106 0
    outer loop
      vertex 8.1484 5.44459 0.7
      vertex 8.64283 4.61969 3.3
      vertex 8.64283 4.61969 0.7
    endloop
  endfacet
  facet normal 0.671552 0.740958 -0
    outer loop
      vertex 6.92965 6.92965 0.7
      vertex 6.21705 7.5755 3.3
      vertex 6.92965 6.92965 3.3
    endloop
  endfacet
  facet normal 0.671552 0.740958 0
    outer loop
      vertex 6.21705 7.5755 3.3
      vertex 6.92965 6.92965 0.7
      vertex 6.21705 7.5755 0.7
    endloop
  endfacet
  facet normal -0.336884 0.941546 0
    outer loop
      vertex -2.84479 9.37801 0.7
      vertex -3.7503 9.05402 3.3
      vertex -2.84479 9.37801 3.3
    endloop
  endfacet
  facet normal -0.336884 0.941546 0
    outer loop
      vertex -3.7503 9.05402 3.3
      vertex -2.84479 9.37801 0.7
      vertex -3.7503 9.05402 0.7
    endloop
  endfacet
  facet normal -0.740958 -0.671552 0
    outer loop
      vertex -6.92965 -6.92965 0.7
      vertex -7.5755 -6.21705 3.3
      vertex -7.5755 -6.21705 0.7
    endloop
  endfacet
  facet normal -0.740958 -0.671552 0
    outer loop
      vertex -7.5755 -6.21705 3.3
      vertex -6.92965 -6.92965 0.7
      vertex -6.92965 -6.92965 3.3
    endloop
  endfacet
  facet normal -0.671552 0.740958 0
    outer loop
      vertex -6.21705 7.5755 0.7
      vertex -6.92965 6.92965 3.3
      vertex -6.21705 7.5755 3.3
    endloop
  endfacet
  facet normal -0.671552 0.740958 0
    outer loop
      vertex -6.92965 6.92965 3.3
      vertex -6.21705 7.5755 0.7
      vertex -6.92965 6.92965 0.7
    endloop
  endfacet
  facet normal -0.514106 -0.857727 0
    outer loop
      vertex -5.44459 -8.1484 0.7
      vertex -4.61969 -8.64283 3.3
      vertex -5.44459 -8.1484 3.3
    endloop
  endfacet
  facet normal -0.514106 -0.857727 -0
    outer loop
      vertex -4.61969 -8.64283 3.3
      vertex -5.44459 -8.1484 0.7
      vertex -4.61969 -8.64283 0.7
    endloop
  endfacet
  facet normal 0.146726 0.989177 -0
    outer loop
      vertex 1.91188 9.6117 0.7
      vertex 0.960567 9.75281 3.3
      vertex 1.91188 9.6117 3.3
    endloop
  endfacet
  facet normal 0.146726 0.989177 0
    outer loop
      vertex 0.960567 9.75281 3.3
      vertex 1.91188 9.6117 0.7
      vertex 0.960567 9.75281 0.7
    endloop
  endfacet
  facet normal -0.803205 -0.595702 0
    outer loop
      vertex -7.5755 -6.21705 0.7
      vertex -8.1484 -5.44459 3.3
      vertex -8.1484 -5.44459 0.7
    endloop
  endfacet
  facet normal -0.803205 -0.595702 0
    outer loop
      vertex -8.1484 -5.44459 3.3
      vertex -7.5755 -6.21705 0.7
      vertex -7.5755 -6.21705 3.3
    endloop
  endfacet
  facet normal -0.989177 -0.146726 0
    outer loop
      vertex -9.6117 -1.91188 0.7
      vertex -9.75281 -0.960567 3.3
      vertex -9.75281 -0.960567 0.7
    endloop
  endfacet
  facet normal -0.989177 -0.146726 0
    outer loop
      vertex -9.75281 -0.960567 3.3
      vertex -9.6117 -1.91188 0.7
      vertex -9.6117 -1.91188 3.3
    endloop
  endfacet
  facet normal -0.970029 0.242988 0
    outer loop
      vertex -9.6117 1.91188 0.7
      vertex -9.37801 2.84479 3.3
      vertex -9.37801 2.84479 0.7
    endloop
  endfacet
  facet normal -0.970029 0.242988 0
    outer loop
      vertex -9.37801 2.84479 3.3
      vertex -9.6117 1.91188 0.7
      vertex -9.6117 1.91188 3.3
    endloop
  endfacet
  facet normal -0.671552 -0.740958 0
    outer loop
      vertex -6.92965 -6.92965 0.7
      vertex -6.21705 -7.5755 3.3
      vertex -6.92965 -6.92965 3.3
    endloop
  endfacet
  facet normal -0.671552 -0.740958 -0
    outer loop
      vertex -6.21705 -7.5755 3.3
      vertex -6.92965 -6.92965 0.7
      vertex -6.21705 -7.5755 0.7
    endloop
  endfacet
  facet normal -0.242988 -0.970029 0
    outer loop
      vertex -2.84479 -9.37801 0.7
      vertex -1.91188 -9.6117 3.3
      vertex -2.84479 -9.37801 3.3
    endloop
  endfacet
  facet normal -0.242988 -0.970029 -0
    outer loop
      vertex -1.91188 -9.6117 3.3
      vertex -2.84479 -9.37801 0.7
      vertex -1.91188 -9.6117 0.7
    endloop
  endfacet
  facet normal 0.740958 0.671552 0
    outer loop
      vertex 7.5755 6.21705 3.3
      vertex 6.92965 6.92965 0.7
      vertex 6.92965 6.92965 3.3
    endloop
  endfacet
  facet normal 0.740958 0.671552 0
    outer loop
      vertex 6.92965 6.92965 0.7
      vertex 7.5755 6.21705 3.3
      vertex 7.5755 6.21705 0.7
    endloop
  endfacet
  facet normal -0.803205 0.595702 0
    outer loop
      vertex -8.1484 5.44459 0.7
      vertex -7.5755 6.21705 3.3
      vertex -7.5755 6.21705 0.7
    endloop
  endfacet
  facet normal -0.803205 0.595702 0
    outer loop
      vertex -7.5755 6.21705 3.3
      vertex -8.1484 5.44459 0.7
      vertex -8.1484 5.44459 3.3
    endloop
  endfacet
  facet normal -0.857727 0.514106 0
    outer loop
      vertex -8.64283 4.61969 0.7
      vertex -8.1484 5.44459 3.3
      vertex -8.1484 5.44459 0.7
    endloop
  endfacet
  facet normal -0.857727 0.514106 0
    outer loop
      vertex -8.1484 5.44459 3.3
      vertex -8.64283 4.61969 0.7
      vertex -8.64283 4.61969 3.3
    endloop
  endfacet
  facet normal -0.0490681 -0.998795 0
    outer loop
      vertex -0.960567 -9.75281 0.7
      vertex 0 -9.8 3.3
      vertex -0.960567 -9.75281 3.3
    endloop
  endfacet
  facet normal -0.0490681 -0.998795 -0
    outer loop
      vertex 0 -9.8 3.3
      vertex -0.960567 -9.75281 0.7
      vertex 0 -9.8 0.7
    endloop
  endfacet
  facet normal -0.998795 0.0490681 0
    outer loop
      vertex -9.8 0 0.7
      vertex -9.75281 0.960567 3.3
      vertex -9.75281 0.960567 0.7
    endloop
  endfacet
  facet normal -0.998795 0.0490681 0
    outer loop
      vertex -9.75281 0.960567 3.3
      vertex -9.8 0 0.7
      vertex -9.8 0 3.3
    endloop
  endfacet
  facet normal 0.336884 0.941546 -0
    outer loop
      vertex 3.7503 9.05402 0.7
      vertex 2.84479 9.37801 3.3
      vertex 3.7503 9.05402 3.3
    endloop
  endfacet
  facet normal 0.336884 0.941546 0
    outer loop
      vertex 2.84479 9.37801 3.3
      vertex 3.7503 9.05402 0.7
      vertex 2.84479 9.37801 0.7
    endloop
  endfacet
  facet normal 0.740958 -0.671552 0
    outer loop
      vertex 6.92965 -6.92965 3.3
      vertex 7.5755 -6.21705 0.7
      vertex 7.5755 -6.21705 3.3
    endloop
  endfacet
  facet normal 0.740958 -0.671552 0
    outer loop
      vertex 7.5755 -6.21705 0.7
      vertex 6.92965 -6.92965 3.3
      vertex 6.92965 -6.92965 0.7
    endloop
  endfacet
  facet normal 0.671552 -0.740958 0
    outer loop
      vertex 6.21705 -7.5755 0.7
      vertex 6.92965 -6.92965 3.3
      vertex 6.21705 -7.5755 3.3
    endloop
  endfacet
  facet normal 0.671552 -0.740958 0
    outer loop
      vertex 6.92965 -6.92965 3.3
      vertex 6.21705 -7.5755 0.7
      vertex 6.92965 -6.92965 0.7
    endloop
  endfacet
  facet normal -0.0490461 0.998797 0
    outer loop
      vertex 0.149475 -1.51765 0
      vertex 0 -1.52499 6.3
      vertex 0.149475 -1.51765 6.3
    endloop
  endfacet
  facet normal -0.0490461 0.998797 0
    outer loop
      vertex 0 -1.52499 6.3
      vertex 0.149475 -1.51765 0
      vertex 0 -1.52499 0
    endloop
  endfacet
  facet normal -0.243083 0.970006 0
    outer loop
      vertex 0.442673 -1.45932 0
      vertex 0.297501 -1.4957 6.3
      vertex 0.442673 -1.45932 6.3
    endloop
  endfacet
  facet normal -0.243083 0.970006 0
    outer loop
      vertex 0.297501 -1.4957 6.3
      vertex 0.442673 -1.45932 0
      vertex 0.297501 -1.4957 0
    endloop
  endfacet
  facet normal -0.903975 -0.427585 0
    outer loop
      vertex 1.40891 0.583588 0
      vertex 1.34492 0.718872 6.3
      vertex 1.34492 0.718872 0
    endloop
  endfacet
  facet normal -0.903975 -0.427585 0
    outer loop
      vertex 1.34492 0.718872 6.3
      vertex 1.40891 0.583588 0
      vertex 1.40891 0.583588 6.3
    endloop
  endfacet
  facet normal -0.146681 0.989184 0
    outer loop
      vertex 0.297501 -1.4957 0
      vertex 0.149475 -1.51765 6.3
      vertex 0.297501 -1.4957 6.3
    endloop
  endfacet
  facet normal -0.146681 0.989184 0
    outer loop
      vertex 0.149475 -1.51765 6.3
      vertex 0.297501 -1.4957 0
      vertex 0.149475 -1.51765 0
    endloop
  endfacet
  facet normal 0 -1 0
    outer loop
      vertex -1.12666 1.02499 0
      vertex 1.12666 1.02499 6.3
      vertex -1.12666 1.02499 6.3
    endloop
  endfacet
  facet normal 0 -1 -0
    outer loop
      vertex 1.12666 1.02499 6.3
      vertex -1.12666 1.02499 0
      vertex 1.12666 1.02499 0
    endloop
  endfacet
  facet normal -0.970006 0.243083 0
    outer loop
      vertex 1.45932 -0.442673 0
      vertex 1.4957 -0.297501 6.3
      vertex 1.4957 -0.297501 0
    endloop
  endfacet
  facet normal -0.970006 0.243083 0
    outer loop
      vertex 1.4957 -0.297501 6.3
      vertex 1.45932 -0.442673 0
      vertex 1.45932 -0.442673 6.3
    endloop
  endfacet
  facet normal 0.970006 -0.243083 0
    outer loop
      vertex -1.4957 0.297501 6.3
      vertex -1.45932 0.442673 0
      vertex -1.45932 0.442673 6.3
    endloop
  endfacet
  facet normal 0.970006 -0.243083 0
    outer loop
      vertex -1.45932 0.442673 0
      vertex -1.4957 0.297501 6.3
      vertex -1.4957 0.297501 0
    endloop
  endfacet
  facet normal -0.80315 -0.595777 0
    outer loop
      vertex 1.26799 0.847244 0
      vertex 1.17883 0.967438 6.3
      vertex 1.17883 0.967438 0
    endloop
  endfacet
  facet normal -0.80315 -0.595777 0
    outer loop
      vertex 1.17883 0.967438 6.3
      vertex 1.26799 0.847244 0
      vertex 1.26799 0.847244 6.3
    endloop
  endfacet
  facet normal -0.7409 -0.671615 0
    outer loop
      vertex 1.17883 0.967438 0
      vertex 1.12666 1.02499 6.3
      vertex 1.12666 1.02499 0
    endloop
  endfacet
  facet normal -0.7409 -0.671615 0
    outer loop
      vertex 1.12666 1.02499 6.3
      vertex 1.17883 0.967438 0
      vertex 1.17883 0.967438 6.3
    endloop
  endfacet
  facet normal 0.671604 0.74091 -0
    outer loop
      vertex -0.967438 -1.17883 0
      vertex -1.07832 -1.07832 6.3
      vertex -0.967438 -1.17883 6.3
    endloop
  endfacet
  facet normal 0.671604 0.74091 0
    outer loop
      vertex -1.07832 -1.07832 6.3
      vertex -0.967438 -1.17883 0
      vertex -1.07832 -1.07832 0
    endloop
  endfacet
  facet normal 0.857768 0.514038 0
    outer loop
      vertex -1.26799 -0.847244 6.3
      vertex -1.34492 -0.718872 0
      vertex -1.34492 -0.718872 6.3
    endloop
  endfacet
  facet normal 0.857768 0.514038 0
    outer loop
      vertex -1.34492 -0.718872 0
      vertex -1.26799 -0.847244 6.3
      vertex -1.26799 -0.847244 0
    endloop
  endfacet
  facet normal 0.146681 0.989184 -0
    outer loop
      vertex -0.149475 -1.51765 0
      vertex -0.297501 -1.4957 6.3
      vertex -0.149475 -1.51765 6.3
    endloop
  endfacet
  facet normal 0.146681 0.989184 0
    outer loop
      vertex -0.297501 -1.4957 6.3
      vertex -0.149475 -1.51765 0
      vertex -0.297501 -1.4957 0
    endloop
  endfacet
  facet normal -0.970006 -0.243083 0
    outer loop
      vertex 1.4957 0.297501 0
      vertex 1.45932 0.442673 6.3
      vertex 1.45932 0.442673 0
    endloop
  endfacet
  facet normal -0.970006 -0.243083 0
    outer loop
      vertex 1.45932 0.442673 6.3
      vertex 1.4957 0.297501 0
      vertex 1.4957 0.297501 6.3
    endloop
  endfacet
  facet normal 0.336829 0.941566 -0
    outer loop
      vertex -0.442673 -1.45932 0
      vertex -0.583588 -1.40891 6.3
      vertex -0.442673 -1.45932 6.3
    endloop
  endfacet
  facet normal 0.336829 0.941566 0
    outer loop
      vertex -0.583588 -1.40891 6.3
      vertex -0.442673 -1.45932 0
      vertex -0.583588 -1.40891 0
    endloop
  endfacet
  facet normal 0.74091 0.671604 0
    outer loop
      vertex -1.07832 -1.07832 6.3
      vertex -1.17883 -0.967438 0
      vertex -1.17883 -0.967438 6.3
    endloop
  endfacet
  facet normal 0.74091 0.671604 0
    outer loop
      vertex -1.17883 -0.967438 0
      vertex -1.07832 -1.07832 6.3
      vertex -1.07832 -1.07832 0
    endloop
  endfacet
  facet normal 0.989184 0.146681 0
    outer loop
      vertex -1.4957 -0.297501 6.3
      vertex -1.51765 -0.149475 0
      vertex -1.51765 -0.149475 6.3
    endloop
  endfacet
  facet normal 0.989184 0.146681 0
    outer loop
      vertex -1.51765 -0.149475 0
      vertex -1.4957 -0.297501 6.3
      vertex -1.4957 -0.297501 0
    endloop
  endfacet
  facet normal 0.998797 0.0490461 0
    outer loop
      vertex -1.51765 -0.149475 6.3
      vertex -1.52499 0 0
      vertex -1.52499 0 6.3
    endloop
  endfacet
  facet normal 0.998797 0.0490461 0
    outer loop
      vertex -1.52499 0 0
      vertex -1.51765 -0.149475 6.3
      vertex -1.51765 -0.149475 0
    endloop
  endfacet
  facet normal 0.941566 -0.336829 0
    outer loop
      vertex -1.45932 0.442673 6.3
      vertex -1.40891 0.583588 0
      vertex -1.40891 0.583588 6.3
    endloop
  endfacet
  facet normal 0.941566 -0.336829 0
    outer loop
      vertex -1.40891 0.583588 0
      vertex -1.45932 0.442673 6.3
      vertex -1.45932 0.442673 0
    endloop
  endfacet
  facet normal 0.243083 0.970006 -0
    outer loop
      vertex -0.297501 -1.4957 0
      vertex -0.442673 -1.45932 6.3
      vertex -0.297501 -1.4957 6.3
    endloop
  endfacet
  facet normal 0.243083 0.970006 0
    outer loop
      vertex -0.442673 -1.45932 6.3
      vertex -0.297501 -1.4957 0
      vertex -0.442673 -1.45932 0
    endloop
  endfacet
  facet normal -0.941566 0.336829 0
    outer loop
      vertex 1.40891 -0.583588 0
      vertex 1.45932 -0.442673 6.3
      vertex 1.45932 -0.442673 0
    endloop
  endfacet
  facet normal -0.941566 0.336829 0
    outer loop
      vertex 1.45932 -0.442673 6.3
      vertex 1.40891 -0.583588 0
      vertex 1.40891 -0.583588 6.3
    endloop
  endfacet
  facet normal 0.903975 -0.427585 0
    outer loop
      vertex -1.40891 0.583588 6.3
      vertex -1.34492 0.718872 0
      vertex -1.34492 0.718872 6.3
    endloop
  endfacet
  facet normal 0.903975 -0.427585 0
    outer loop
      vertex -1.34492 0.718872 0
      vertex -1.40891 0.583588 6.3
      vertex -1.40891 0.583588 0
    endloop
  endfacet
  facet normal 0.989184 -0.146681 0
    outer loop
      vertex -1.51765 0.149475 6.3
      vertex -1.4957 0.297501 0
      vertex -1.4957 0.297501 6.3
    endloop
  endfacet
  facet normal 0.989184 -0.146681 0
    outer loop
      vertex -1.4957 0.297501 0
      vertex -1.51765 0.149475 6.3
      vertex -1.51765 0.149475 0
    endloop
  endfacet
  facet normal 0.0490461 0.998797 -0
    outer loop
      vertex 0 -1.52499 0
      vertex -0.149475 -1.51765 6.3
      vertex 0 -1.52499 6.3
    endloop
  endfacet
  facet normal 0.0490461 0.998797 0
    outer loop
      vertex -0.149475 -1.51765 6.3
      vertex 0 -1.52499 0
      vertex -0.149475 -1.51765 0
    endloop
  endfacet
  facet normal 0.7409 -0.671615 0
    outer loop
      vertex -1.17883 0.967438 6.3
      vertex -1.12666 1.02499 0
      vertex -1.12666 1.02499 6.3
    endloop
  endfacet
  facet normal 0.7409 -0.671615 0
    outer loop
      vertex -1.12666 1.02499 0
      vertex -1.17883 0.967438 6.3
      vertex -1.17883 0.967438 0
    endloop
  endfacet
  facet normal -0.857768 0.514038 0
    outer loop
      vertex 1.26799 -0.847244 0
      vertex 1.34492 -0.718872 6.3
      vertex 1.34492 -0.718872 0
    endloop
  endfacet
  facet normal -0.857768 0.514038 0
    outer loop
      vertex 1.34492 -0.718872 6.3
      vertex 1.26799 -0.847244 0
      vertex 1.26799 -0.847244 6.3
    endloop
  endfacet
  facet normal 0.427585 0.903975 -0
    outer loop
      vertex -0.583588 -1.40891 0
      vertex -0.718872 -1.34492 6.3
      vertex -0.583588 -1.40891 6.3
    endloop
  endfacet
  facet normal 0.427585 0.903975 0
    outer loop
      vertex -0.718872 -1.34492 6.3
      vertex -0.583588 -1.40891 0
      vertex -0.718872 -1.34492 0
    endloop
  endfacet
  facet normal 0.80315 0.595777 0
    outer loop
      vertex -1.17883 -0.967438 6.3
      vertex -1.26799 -0.847244 0
      vertex -1.26799 -0.847244 6.3
    endloop
  endfacet
  facet normal 0.80315 0.595777 0
    outer loop
      vertex -1.26799 -0.847244 0
      vertex -1.17883 -0.967438 6.3
      vertex -1.17883 -0.967438 0
    endloop
  endfacet
  facet normal 0.80315 -0.595777 0
    outer loop
      vertex -1.26799 0.847244 6.3
      vertex -1.17883 0.967438 0
      vertex -1.17883 0.967438 6.3
    endloop
  endfacet
  facet normal 0.80315 -0.595777 0
    outer loop
      vertex -1.17883 0.967438 0
      vertex -1.26799 0.847244 6.3
      vertex -1.26799 0.847244 0
    endloop
  endfacet
  facet normal 0.857768 -0.514038 0
    outer loop
      vertex -1.34492 0.718872 6.3
      vertex -1.26799 0.847244 0
      vertex -1.26799 0.847244 6.3
    endloop
  endfacet
  facet normal 0.857768 -0.514038 0
    outer loop
      vertex -1.26799 0.847244 0
      vertex -1.34492 0.718872 6.3
      vertex -1.34492 0.718872 0
    endloop
  endfacet
  facet normal 0.903975 0.427585 0
    outer loop
      vertex -1.34492 -0.718872 6.3
      vertex -1.40891 -0.583588 0
      vertex -1.40891 -0.583588 6.3
    endloop
  endfacet
  facet normal 0.903975 0.427585 0
    outer loop
      vertex -1.40891 -0.583588 0
      vertex -1.34492 -0.718872 6.3
      vertex -1.34492 -0.718872 0
    endloop
  endfacet
  facet normal -0.595777 0.80315 0
    outer loop
      vertex 0.967438 -1.17883 0
      vertex 0.847244 -1.26799 6.3
      vertex 0.967438 -1.17883 6.3
    endloop
  endfacet
  facet normal -0.595777 0.80315 0
    outer loop
      vertex 0.847244 -1.26799 6.3
      vertex 0.967438 -1.17883 0
      vertex 0.847244 -1.26799 0
    endloop
  endfacet
  facet normal 0.595777 0.80315 -0
    outer loop
      vertex -0.847244 -1.26799 0
      vertex -0.967438 -1.17883 6.3
      vertex -0.847244 -1.26799 6.3
    endloop
  endfacet
  facet normal 0.595777 0.80315 0
    outer loop
      vertex -0.967438 -1.17883 6.3
      vertex -0.847244 -1.26799 0
      vertex -0.967438 -1.17883 0
    endloop
  endfacet
  facet normal -0.80315 0.595777 0
    outer loop
      vertex 1.17883 -0.967438 0
      vertex 1.26799 -0.847244 6.3
      vertex 1.26799 -0.847244 0
    endloop
  endfacet
  facet normal -0.80315 0.595777 0
    outer loop
      vertex 1.26799 -0.847244 6.3
      vertex 1.17883 -0.967438 0
      vertex 1.17883 -0.967438 6.3
    endloop
  endfacet
  facet normal 0.998797 -0.0490461 0
    outer loop
      vertex -1.52499 0 6.3
      vertex -1.51765 0.149475 0
      vertex -1.51765 0.149475 6.3
    endloop
  endfacet
  facet normal 0.998797 -0.0490461 0
    outer loop
      vertex -1.51765 0.149475 0
      vertex -1.52499 0 6.3
      vertex -1.52499 0 0
    endloop
  endfacet
  facet normal 0.514038 0.857768 -0
    outer loop
      vertex -0.718872 -1.34492 0
      vertex -0.847244 -1.26799 6.3
      vertex -0.718872 -1.34492 6.3
    endloop
  endfacet
  facet normal 0.514038 0.857768 0
    outer loop
      vertex -0.847244 -1.26799 6.3
      vertex -0.718872 -1.34492 0
      vertex -0.847244 -1.26799 0
    endloop
  endfacet
  facet normal -0.989184 -0.146681 0
    outer loop
      vertex 1.51765 0.149475 0
      vertex 1.4957 0.297501 6.3
      vertex 1.4957 0.297501 0
    endloop
  endfacet
  facet normal -0.989184 -0.146681 0
    outer loop
      vertex 1.4957 0.297501 6.3
      vertex 1.51765 0.149475 0
      vertex 1.51765 0.149475 6.3
    endloop
  endfacet
  facet normal -0.998797 0.0490461 0
    outer loop
      vertex 1.51765 -0.149475 0
      vertex 1.52499 0 6.3
      vertex 1.52499 0 0
    endloop
  endfacet
  facet normal -0.998797 0.0490461 0
    outer loop
      vertex 1.52499 0 6.3
      vertex 1.51765 -0.149475 0
      vertex 1.51765 -0.149475 6.3
    endloop
  endfacet
  facet normal -0.857768 -0.514038 0
    outer loop
      vertex 1.34492 0.718872 0
      vertex 1.26799 0.847244 6.3
      vertex 1.26799 0.847244 0
    endloop
  endfacet
  facet normal -0.857768 -0.514038 0
    outer loop
      vertex 1.26799 0.847244 6.3
      vertex 1.34492 0.718872 0
      vertex 1.34492 0.718872 6.3
    endloop
  endfacet
  facet normal -0.427585 0.903975 0
    outer loop
      vertex 0.718872 -1.34492 0
      vertex 0.583588 -1.40891 6.3
      vertex 0.718872 -1.34492 6.3
    endloop
  endfacet
  facet normal -0.427585 0.903975 0
    outer loop
      vertex 0.583588 -1.40891 6.3
      vertex 0.718872 -1.34492 0
      vertex 0.583588 -1.40891 0
    endloop
  endfacet
  facet normal 0.970006 0.243083 0
    outer loop
      vertex -1.45932 -0.442673 6.3
      vertex -1.4957 -0.297501 0
      vertex -1.4957 -0.297501 6.3
    endloop
  endfacet
  facet normal 0.970006 0.243083 0
    outer loop
      vertex -1.4957 -0.297501 0
      vertex -1.45932 -0.442673 6.3
      vertex -1.45932 -0.442673 0
    endloop
  endfacet
  facet normal -0.941566 -0.336829 0
    outer loop
      vertex 1.45932 0.442673 0
      vertex 1.40891 0.583588 6.3
      vertex 1.40891 0.583588 0
    endloop
  endfacet
  facet normal -0.941566 -0.336829 0
    outer loop
      vertex 1.40891 0.583588 6.3
      vertex 1.45932 0.442673 0
      vertex 1.45932 0.442673 6.3
    endloop
  endfacet
  facet normal -0.989184 0.146681 0
    outer loop
      vertex 1.4957 -0.297501 0
      vertex 1.51765 -0.149475 6.3
      vertex 1.51765 -0.149475 0
    endloop
  endfacet
  facet normal -0.989184 0.146681 0
    outer loop
      vertex 1.51765 -0.149475 6.3
      vertex 1.4957 -0.297501 0
      vertex 1.4957 -0.297501 6.3
    endloop
  endfacet
  facet normal 0.941566 0.336829 0
    outer loop
      vertex -1.40891 -0.583588 6.3
      vertex -1.45932 -0.442673 0
      vertex -1.45932 -0.442673 6.3
    endloop
  endfacet
  facet normal 0.941566 0.336829 0
    outer loop
      vertex -1.45932 -0.442673 0
      vertex -1.40891 -0.583588 6.3
      vertex -1.40891 -0.583588 0
    endloop
  endfacet
  facet normal -0.514038 0.857768 0
    outer loop
      vertex 0.847244 -1.26799 0
      vertex 0.718872 -1.34492 6.3
      vertex 0.847244 -1.26799 6.3
    endloop
  endfacet
  facet normal -0.514038 0.857768 0
    outer loop
      vertex 0.718872 -1.34492 6.3
      vertex 0.847244 -1.26799 0
      vertex 0.718872 -1.34492 0
    endloop
  endfacet
  facet normal -0.903975 0.427585 0
    outer loop
      vertex 1.34492 -0.718872 0
      vertex 1.40891 -0.583588 6.3
      vertex 1.40891 -0.583588 0
    endloop
  endfacet
  facet normal -0.903975 0.427585 0
    outer loop
      vertex 1.40891 -0.583588 6.3
      vertex 1.34492 -0.718872 0
      vertex 1.34492 -0.718872 6.3
    endloop
  endfacet
  facet normal -0.998797 -0.0490461 0
    outer loop
      vertex 1.52499 0 0
      vertex 1.51765 0.149475 6.3
      vertex 1.51765 0.149475 0
    endloop
  endfacet
  facet normal -0.998797 -0.0490461 0
    outer loop
      vertex 1.51765 0.149475 6.3
      vertex 1.52499 0 0
      vertex 1.52499 0 6.3
    endloop
  endfacet
  facet normal -0.671604 0.74091 0
    outer loop
      vertex 1.07832 -1.07832 0
      vertex 0.967438 -1.17883 6.3
      vertex 1.07832 -1.07832 6.3
    endloop
  endfacet
  facet normal -0.671604 0.74091 0
    outer loop
      vertex 0.967438 -1.17883 6.3
      vertex 1.07832 -1.07832 0
      vertex 0.967438 -1.17883 0
    endloop
  endfacet
  facet normal -0.74091 0.671604 0
    outer loop
      vertex 1.07832 -1.07832 0
      vertex 1.17883 -0.967438 6.3
      vertex 1.17883 -0.967438 0
    endloop
  endfacet
  facet normal -0.74091 0.671604 0
    outer loop
      vertex 1.17883 -0.967438 6.3
      vertex 1.07832 -1.07832 0
      vertex 1.07832 -1.07832 6.3
    endloop
  endfacet
  facet normal -0.336829 0.941566 0
    outer loop
      vertex 0.583588 -1.40891 0
      vertex 0.442673 -1.45932 6.3
      vertex 0.583588 -1.40891 6.3
    endloop
  endfacet
  facet normal -0.336829 0.941566 0
    outer loop
      vertex 0.442673 -1.45932 6.3
      vertex 0.583588 -1.40891 0
      vertex 0.442673 -1.45932 0
    endloop
  endfacet
endsolid OpenSCAD_Model
