solid OpenSCAD_Model
  facet normal -0.421462 0.568296 0.706689
    outer loop
      vertex -7.22241 10.8091 3.4
      vertex -7.86648 9.58533 4
      vertex -6.88907 10.3102 4
    endloop
  endfacet
  facet normal 0.17192 0.686311 -0.706697
    outer loop
      vertex 3.7737 12.4402 0.599999
      vertex 2.41912 12.1617 0
      vertex 2.53617 12.7502 0.599999
    endloop
  endfacet
  facet normal -0.103818 -0.699858 0.706697
    outer loop
      vertex -2.41912 -12.1617 4
      vertex -2.53617 -12.7502 3.4
      vertex -1.27422 -12.9374 3.4
    endloop
  endfacet
  facet normal 0.475134 -0.524255 0.706685
    outer loop
      vertex 8.76812 -8.76812 4
      vertex 8.24711 -10.0491 3.4
      vertex 9.19239 -9.19239 3.4
    endloop
  endfacet
  facet normal -0.686376 -0.171883 -0.706643
    outer loop
      vertex -11.8661 -3.59953 0
      vertex -12.4402 -3.7737 0.599999
      vertex -12.1617 -2.41912 0
    endloop
  endfacet
  facet normal -0.706686 -0.0347181 -0.706675
    outer loop
      vertex -12.9374 -1.27422 0.599999
      vertex -13 0 0.599999
      vertex -12.3403 -1.21541 0
    endloop
  endfacet
  facet normal 0.171883 0.686376 -0.706643
    outer loop
      vertex 3.59953 11.8661 0
      vertex 2.41912 12.1617 0
      vertex 3.7737 12.4402 0.599999
    endloop
  endfacet
  facet normal 0.514121 0.857718 -0
    outer loop
      vertex 7.22241 10.8091 0.599999
      vertex 6.12816 11.465 0.6
      vertex 7.22241 10.8091 0.6
    endloop
  endfacet
  facet normal 0.514121 0.857718 0
    outer loop
      vertex 6.12816 11.465 0.6
      vertex 7.22241 10.8091 0.599999
      vertex 6.12816 11.465 0.599999
    endloop
  endfacet
  facet normal 0.475134 0.524255 0.706685
    outer loop
      vertex 9.19239 9.19239 3.4
      vertex 8.24711 10.0491 3.4
      vertex 8.76812 8.76812 4
    endloop
  endfacet
  facet normal -0.17192 0.686311 -0.706697
    outer loop
      vertex -2.41912 12.1617 0
      vertex -3.7737 12.4402 0.599999
      vertex -2.53617 12.7502 0.599999
    endloop
  endfacet
  facet normal -0.686376 0.171883 0.706643
    outer loop
      vertex -11.8661 3.59953 4
      vertex -12.4402 3.7737 3.4
      vertex -12.1617 2.41912 4
    endloop
  endfacet
  facet normal 0.475166 0.524258 0.706662
    outer loop
      vertex 8.24711 10.0491 3.4
      vertex 7.86648 9.58533 4
      vertex 8.76812 8.76812 4
    endloop
  endfacet
  facet normal 0.568303 0.421499 0.706662
    outer loop
      vertex 10.0491 8.24711 3.4
      vertex 9.58533 7.86648 4
      vertex 10.8091 7.22241 3.4
    endloop
  endfacet
  facet normal 0.363745 0.606842 -0.706705
    outer loop
      vertex 7.22241 10.8091 0.599999
      vertex 5.84532 10.9358 0
      vertex 6.12816 11.465 0.599999
    endloop
  endfacet
  facet normal -0.36374 0.606863 -0.70669
    outer loop
      vertex -6.88907 10.3102 0
      vertex -7.22241 10.8091 0.599999
      vertex -5.84532 10.9358 0
    endloop
  endfacet
  facet normal -0.238397 -0.666198 -0.706645
    outer loop
      vertex -3.7737 -12.4402 0.599999
      vertex -4.74527 -11.4561 0
      vertex -3.59953 -11.8661 0
    endloop
  endfacet
  facet normal 0.70668 0.0347116 -0.706681
    outer loop
      vertex 12.4 0 0
      vertex 12.3403 1.21541 0
      vertex 13 0 0.599999
    endloop
  endfacet
  facet normal -0.475166 0.524258 0.706662
    outer loop
      vertex -8.24711 10.0491 3.4
      vertex -8.76812 8.76812 4
      vertex -7.86648 9.58533 4
    endloop
  endfacet
  facet normal -0.427516 0.904008 0
    outer loop
      vertex -4.97488 12.0104 0.599999
      vertex -6.12816 11.465 0.6
      vertex -4.97488 12.0104 0.6
    endloop
  endfacet
  facet normal -0.427516 0.904008 0
    outer loop
      vertex -6.12816 11.465 0.6
      vertex -4.97488 12.0104 0.599999
      vertex -6.12816 11.465 0.599999
    endloop
  endfacet
  facet normal 0.302488 0.639628 0.706666
    outer loop
      vertex 4.97488 12.0104 3.4
      vertex 4.74527 11.4561 4
      vertex 6.12816 11.465 3.4
    endloop
  endfacet
  facet normal -0.363745 0.606843 0.706705
    outer loop
      vertex -6.12816 11.465 3.4
      vertex -7.22241 10.8091 3.4
      vertex -5.84532 10.9358 4
    endloop
  endfacet
  facet normal -0.671541 0.740967 0
    outer loop
      vertex -8.24711 10.0491 0.599999
      vertex -9.19239 9.19239 0.6
      vertex -8.24711 10.0491 0.6
    endloop
  endfacet
  facet normal -0.671541 0.740967 0
    outer loop
      vertex -9.19239 9.19239 0.6
      vertex -8.24711 10.0491 0.599999
      vertex -9.19239 9.19239 0.599999
    endloop
  endfacet
  facet normal -0.606863 -0.36374 -0.70669
    outer loop
      vertex -10.8091 -7.22241 0.599999
      vertex -10.9358 -5.84532 0
      vertex -10.3102 -6.88907 0
    endloop
  endfacet
  facet normal -0.706681 -0.0347116 0.706681
    outer loop
      vertex -12.4 0 4
      vertex -13 0 3.4
      vertex -12.3403 -1.21541 4
    endloop
  endfacet
  facet normal 0.238397 0.666198 -0.706645
    outer loop
      vertex 4.74527 11.4561 0
      vertex 3.59953 11.8661 0
      vertex 3.7737 12.4402 0.599999
    endloop
  endfacet
  facet normal 0.242991 0.970029 -0
    outer loop
      vertex 3.7737 12.4402 0.599999
      vertex 2.53617 12.7502 0.6
      vertex 3.7737 12.4402 0.6
    endloop
  endfacet
  facet normal 0.242991 0.970029 0
    outer loop
      vertex 2.53617 12.7502 0.6
      vertex 3.7737 12.4402 0.599999
      vertex 2.53617 12.7502 0.599999
    endloop
  endfacet
  facet normal -0.238371 0.666185 -0.706666
    outer loop
      vertex -4.74527 11.4561 0
      vertex -4.97488 12.0104 0.599999
      vertex -3.7737 12.4402 0.599999
    endloop
  endfacet
  facet normal 0.0347182 0.706687 0.706674
    outer loop
      vertex 1.27422 12.9374 3.4
      vertex 0 13 3.4
      vertex 1.21541 12.3403 4
    endloop
  endfacet
  facet normal 0.524255 0.475134 0.706685
    outer loop
      vertex 9.19239 9.19239 3.4
      vertex 8.76812 8.76812 4
      vertex 10.0491 8.24711 3.4
    endloop
  endfacet
  facet normal 0.568296 -0.421462 -0.706689
    outer loop
      vertex 10.8091 -7.22241 0.599999
      vertex 9.58533 -7.86648 0
      vertex 10.3102 -6.88907 0
    endloop
  endfacet
  facet normal 0.699858 0.103818 0.706697
    outer loop
      vertex 12.7502 2.53617 3.4
      vertex 12.1617 2.41912 4
      vertex 12.9374 1.27422 3.4
    endloop
  endfacet
  facet normal 0.0347181 -0.706686 -0.706675
    outer loop
      vertex 1.27422 -12.9374 0.599999
      vertex 0 -13 0.599999
      vertex 1.21541 -12.3403 0
    endloop
  endfacet
  facet normal -0.686376 0.171883 -0.706643
    outer loop
      vertex -12.1617 2.41912 0
      vertex -12.4402 3.7737 0.599999
      vertex -11.8661 3.59953 0
    endloop
  endfacet
  facet normal 0.686312 -0.17192 0.706696
    outer loop
      vertex 12.7502 -2.53617 3.4
      vertex 12.1617 -2.41912 4
      vertex 12.4402 -3.7737 3.4
    endloop
  endfacet
  facet normal -0.699878 0.103844 0.706674
    outer loop
      vertex -12.1617 2.41912 4
      vertex -12.9374 1.27422 3.4
      vertex -12.3403 1.21541 4
    endloop
  endfacet
  facet normal -0.970029 -0.242991 0
    outer loop
      vertex -12.4402 -3.7737 0.599999
      vertex -12.7502 -2.53617 0.6
      vertex -12.7502 -2.53617 0.599999
    endloop
  endfacet
  facet normal -0.970029 -0.242991 0
    outer loop
      vertex -12.7502 -2.53617 0.6
      vertex -12.4402 -3.7737 0.599999
      vertex -12.4402 -3.7737 0.6
    endloop
  endfacet
  facet normal -0.699877 -0.103844 -0.706674
    outer loop
      vertex -12.1617 -2.41912 0
      vertex -12.9374 -1.27422 0.599999
      vertex -12.3403 -1.21541 0
    endloop
  endfacet
  facet normal -0.302505 -0.639575 -0.706707
    outer loop
      vertex -4.74527 -11.4561 0
      vertex -6.12816 -11.465 0.599999
      vertex -5.84532 -10.9358 0
    endloop
  endfacet
  facet normal 0.238397 -0.666198 -0.706645
    outer loop
      vertex 3.7737 -12.4402 0.599999
      vertex 3.59953 -11.8661 0
      vertex 4.74527 -11.4561 0
    endloop
  endfacet
  facet normal 0.238371 0.666185 -0.706666
    outer loop
      vertex 4.74527 11.4561 0
      vertex 3.7737 12.4402 0.599999
      vertex 4.97488 12.0104 0.599999
    endloop
  endfacet
  facet normal -0.740967 -0.671541 0
    outer loop
      vertex -9.19239 -9.19239 0.599999
      vertex -10.0491 -8.24711 0.6
      vertex -10.0491 -8.24711 0.599999
    endloop
  endfacet
  facet normal -0.740967 -0.671541 0
    outer loop
      vertex -10.0491 -8.24711 0.6
      vertex -9.19239 -9.19239 0.599999
      vertex -9.19239 -9.19239 0.6
    endloop
  endfacet
  facet normal -0.363745 0.606842 -0.706705
    outer loop
      vertex -5.84532 10.9358 0
      vertex -7.22241 10.8091 0.599999
      vertex -6.12816 11.465 0.599999
    endloop
  endfacet
  facet normal 0.0490689 0.998795 -0
    outer loop
      vertex 1.27422 12.9374 0.599999
      vertex 0 13 0.6
      vertex 1.27422 12.9374 0.6
    endloop
  endfacet
  facet normal 0.0490689 0.998795 0
    outer loop
      vertex 0 13 0.6
      vertex 1.27422 12.9374 0.599999
      vertex 0 13 0.599999
    endloop
  endfacet
  facet normal 0.699878 -0.103844 0.706674
    outer loop
      vertex 12.3403 -1.21541 4
      vertex 12.1617 -2.41912 4
      vertex 12.9374 -1.27422 3.4
    endloop
  endfacet
  facet normal 0.699857 -0.103818 -0.706698
    outer loop
      vertex 12.7502 -2.53617 0.599999
      vertex 12.1617 -2.41912 0
      vertex 12.9374 -1.27422 0.599999
    endloop
  endfacet
  facet normal 0.475134 0.524255 -0.706686
    outer loop
      vertex 8.76812 8.76812 0
      vertex 8.24711 10.0491 0.599999
      vertex 9.19239 9.19239 0.599999
    endloop
  endfacet
  facet normal -0.706687 0.0347182 0.706674
    outer loop
      vertex -12.9374 1.27422 3.4
      vertex -13 0 3.4
      vertex -12.3403 1.21541 4
    endloop
  endfacet
  facet normal 0.998795 -0.0490689 0
    outer loop
      vertex 12.9374 -1.27422 0.6
      vertex 13 0 0.599999
      vertex 13 0 0.6
    endloop
  endfacet
  facet normal 0.998795 -0.0490689 0
    outer loop
      vertex 13 0 0.599999
      vertex 12.9374 -1.27422 0.6
      vertex 12.9374 -1.27422 0.599999
    endloop
  endfacet
  facet normal -0.70668 0.0347116 -0.706681
    outer loop
      vertex -12.4 0 0
      vertex -13 0 0.599999
      vertex -12.3403 1.21541 0
    endloop
  endfacet
  facet normal -0.421462 -0.568296 -0.706689
    outer loop
      vertex -7.22241 -10.8091 0.599999
      vertex -7.86648 -9.58533 0
      vertex -6.88907 -10.3102 0
    endloop
  endfacet
  facet normal 0.606843 0.363745 0.706705
    outer loop
      vertex 11.465 6.12816 3.4
      vertex 10.8091 7.22241 3.4
      vertex 10.9358 5.84532 4
    endloop
  endfacet
  facet normal -0.421499 0.568303 0.706662
    outer loop
      vertex -7.22241 10.8091 3.4
      vertex -8.24711 10.0491 3.4
      vertex -7.86648 9.58533 4
    endloop
  endfacet
  facet normal 0.238371 -0.666186 0.706665
    outer loop
      vertex 4.74527 -11.4561 4
      vertex 3.7737 -12.4402 3.4
      vertex 4.97488 -12.0104 3.4
    endloop
  endfacet
  facet normal -0.639575 0.302505 -0.706707
    outer loop
      vertex -11.4561 4.74527 0
      vertex -11.465 6.12816 0.599999
      vertex -10.9358 5.84532 0
    endloop
  endfacet
  facet normal -0.242991 0.970029 0
    outer loop
      vertex -2.53617 12.7502 0.599999
      vertex -3.7737 12.4402 0.6
      vertex -2.53617 12.7502 0.6
    endloop
  endfacet
  facet normal -0.242991 0.970029 0
    outer loop
      vertex -3.7737 12.4402 0.6
      vertex -2.53617 12.7502 0.599999
      vertex -3.7737 12.4402 0.599999
    endloop
  endfacet
  facet normal -0.666185 0.238371 -0.706666
    outer loop
      vertex -11.4561 4.74527 0
      vertex -12.4402 3.7737 0.599999
      vertex -12.0104 4.97488 0.599999
    endloop
  endfacet
  facet normal 0.0347182 -0.706687 0.706674
    outer loop
      vertex 1.21541 -12.3403 4
      vertex 0 -13 3.4
      vertex 1.27422 -12.9374 3.4
    endloop
  endfacet
  facet normal -0.970029 0.242991 0
    outer loop
      vertex -12.7502 2.53617 0.599999
      vertex -12.4402 3.7737 0.6
      vertex -12.4402 3.7737 0.599999
    endloop
  endfacet
  facet normal -0.970029 0.242991 0
    outer loop
      vertex -12.4402 3.7737 0.6
      vertex -12.7502 2.53617 0.599999
      vertex -12.7502 2.53617 0.6
    endloop
  endfacet
  facet normal -0.998795 -0.0490689 0
    outer loop
      vertex -12.9374 -1.27422 0.599999
      vertex -13 0 0.6
      vertex -13 0 0.599999
    endloop
  endfacet
  facet normal -0.998795 -0.0490689 0
    outer loop
      vertex -13 0 0.6
      vertex -12.9374 -1.27422 0.599999
      vertex -12.9374 -1.27422 0.6
    endloop
  endfacet
  facet normal 0.568296 -0.421462 0.706689
    outer loop
      vertex 10.3102 -6.88907 4
      vertex 9.58533 -7.86648 4
      vertex 10.8091 -7.22241 3.4
    endloop
  endfacet
  facet normal -0.699877 0.103844 -0.706674
    outer loop
      vertex -12.3403 1.21541 0
      vertex -12.9374 1.27422 0.599999
      vertex -12.1617 2.41912 0
    endloop
  endfacet
  facet normal -0.857718 -0.514121 0
    outer loop
      vertex -10.8091 -7.22241 0.599999
      vertex -11.465 -6.12816 0.6
      vertex -11.465 -6.12816 0.599999
    endloop
  endfacet
  facet normal -0.857718 -0.514121 0
    outer loop
      vertex -11.465 -6.12816 0.6
      vertex -10.8091 -7.22241 0.599999
      vertex -10.8091 -7.22241 0.6
    endloop
  endfacet
  facet normal 0.904008 0.427516 0
    outer loop
      vertex 12.0104 4.97488 0.6
      vertex 11.465 6.12816 0.599999
      vertex 11.465 6.12816 0.6
    endloop
  endfacet
  facet normal 0.904008 0.427516 0
    outer loop
      vertex 11.465 6.12816 0.599999
      vertex 12.0104 4.97488 0.6
      vertex 12.0104 4.97488 0.599999
    endloop
  endfacet
  facet normal -0.803196 0.595715 0
    outer loop
      vertex -10.8091 7.22241 0.599999
      vertex -10.0491 8.24711 0.6
      vertex -10.0491 8.24711 0.599999
    endloop
  endfacet
  facet normal -0.803196 0.595715 0
    outer loop
      vertex -10.0491 8.24711 0.6
      vertex -10.8091 7.22241 0.599999
      vertex -10.8091 7.22241 0.6
    endloop
  endfacet
  facet normal -0.238397 0.666198 -0.706645
    outer loop
      vertex -3.59953 11.8661 0
      vertex -4.74527 11.4561 0
      vertex -3.7737 12.4402 0.599999
    endloop
  endfacet
  facet normal -0.302488 0.639628 0.706666
    outer loop
      vertex -4.97488 12.0104 3.4
      vertex -6.12816 11.465 3.4
      vertex -4.74527 11.4561 4
    endloop
  endfacet
  facet normal -0.302505 0.639575 -0.706707
    outer loop
      vertex -5.84532 10.9358 0
      vertex -6.12816 11.465 0.599999
      vertex -4.74527 11.4561 0
    endloop
  endfacet
  facet normal -0.514121 0.857718 0
    outer loop
      vertex -6.12816 11.465 0.599999
      vertex -7.22241 10.8091 0.6
      vertex -6.12816 11.465 0.6
    endloop
  endfacet
  facet normal -0.514121 0.857718 0
    outer loop
      vertex -7.22241 10.8091 0.6
      vertex -6.12816 11.465 0.599999
      vertex -7.22241 10.8091 0.599999
    endloop
  endfacet
  facet normal 0.568303 -0.421499 0.706662
    outer loop
      vertex 10.8091 -7.22241 3.4
      vertex 9.58533 -7.86648 4
      vertex 10.0491 -8.24711 3.4
    endloop
  endfacet
  facet normal 0.302505 -0.639575 -0.706707
    outer loop
      vertex 6.12816 -11.465 0.599999
      vertex 4.74527 -11.4561 0
      vertex 5.84532 -10.9358 0
    endloop
  endfacet
  facet normal 0.103818 0.699857 -0.706698
    outer loop
      vertex 2.41912 12.1617 0
      vertex 1.27422 12.9374 0.599999
      vertex 2.53617 12.7502 0.599999
    endloop
  endfacet
  facet normal 0.421462 0.568296 -0.706689
    outer loop
      vertex 7.86648 9.58533 0
      vertex 6.88907 10.3102 0
      vertex 7.22241 10.8091 0.599999
    endloop
  endfacet
  facet normal 0.595715 0.803196 -0
    outer loop
      vertex 8.24711 10.0491 0.599999
      vertex 7.22241 10.8091 0.6
      vertex 8.24711 10.0491 0.6
    endloop
  endfacet
  facet normal 0.595715 0.803196 0
    outer loop
      vertex 7.22241 10.8091 0.6
      vertex 8.24711 10.0491 0.599999
      vertex 7.22241 10.8091 0.599999
    endloop
  endfacet
  facet normal 0.699877 -0.103844 -0.706674
    outer loop
      vertex 12.9374 -1.27422 0.599999
      vertex 12.1617 -2.41912 0
      vertex 12.3403 -1.21541 0
    endloop
  endfacet
  facet normal 0.639627 -0.302487 -0.706667
    outer loop
      vertex 11.465 -6.12816 0.599999
      vertex 11.4561 -4.74527 0
      vertex 12.0104 -4.97488 0.599999
    endloop
  endfacet
  facet normal 0.17192 -0.686312 0.706696
    outer loop
      vertex 3.7737 -12.4402 3.4
      vertex 2.41912 -12.1617 4
      vertex 2.53617 -12.7502 3.4
    endloop
  endfacet
  facet normal 0.686376 -0.171883 0.706643
    outer loop
      vertex 12.1617 -2.41912 4
      vertex 11.8661 -3.59953 4
      vertex 12.4402 -3.7737 3.4
    endloop
  endfacet
  facet normal -0.0347182 0.706687 0.706674
    outer loop
      vertex 0 13 3.4
      vertex -1.27422 12.9374 3.4
      vertex -1.21541 12.3403 4
    endloop
  endfacet
  facet normal 0.524255 -0.475134 -0.706686
    outer loop
      vertex 9.19239 -9.19239 0.599999
      vertex 8.76812 -8.76812 0
      vertex 10.0491 -8.24711 0.599999
    endloop
  endfacet
  facet normal 0.639575 -0.302505 -0.706707
    outer loop
      vertex 11.465 -6.12816 0.599999
      vertex 10.9358 -5.84532 0
      vertex 11.4561 -4.74527 0
    endloop
  endfacet
  facet normal 0.970029 0.242991 0
    outer loop
      vertex 12.7502 2.53617 0.6
      vertex 12.4402 3.7737 0.599999
      vertex 12.4402 3.7737 0.6
    endloop
  endfacet
  facet normal 0.970029 0.242991 0
    outer loop
      vertex 12.4402 3.7737 0.599999
      vertex 12.7502 2.53617 0.6
      vertex 12.7502 2.53617 0.599999
    endloop
  endfacet
  facet normal 0.666199 -0.238397 0.706644
    outer loop
      vertex 11.8661 -3.59953 4
      vertex 11.4561 -4.74527 4
      vertex 12.4402 -3.7737 3.4
    endloop
  endfacet
  facet normal -0.421499 -0.568303 0.706662
    outer loop
      vertex -7.86648 -9.58533 4
      vertex -8.24711 -10.0491 3.4
      vertex -7.22241 -10.8091 3.4
    endloop
  endfacet
  facet normal -0.706687 -0.0347182 0.706674
    outer loop
      vertex -12.3403 -1.21541 4
      vertex -13 0 3.4
      vertex -12.9374 -1.27422 3.4
    endloop
  endfacet
  facet normal 0.514121 -0.857718 0
    outer loop
      vertex 6.12816 -11.465 0.599999
      vertex 7.22241 -10.8091 0.6
      vertex 6.12816 -11.465 0.6
    endloop
  endfacet
  facet normal 0.514121 -0.857718 0
    outer loop
      vertex 7.22241 -10.8091 0.6
      vertex 6.12816 -11.465 0.599999
      vertex 7.22241 -10.8091 0.599999
    endloop
  endfacet
  facet normal -0.0347116 -0.706681 0.706681
    outer loop
      vertex 0 -12.4 4
      vertex -1.21541 -12.3403 4
      vertex 0 -13 3.4
    endloop
  endfacet
  facet normal -0.666198 0.238397 -0.706645
    outer loop
      vertex -11.8661 3.59953 0
      vertex -12.4402 3.7737 0.599999
      vertex -11.4561 4.74527 0
    endloop
  endfacet
  facet normal 0.0347181 0.706686 -0.706675
    outer loop
      vertex 1.21541 12.3403 0
      vertex 0 13 0.599999
      vertex 1.27422 12.9374 0.599999
    endloop
  endfacet
  facet normal 0.302487 -0.639627 -0.706667
    outer loop
      vertex 4.97488 -12.0104 0.599999
      vertex 4.74527 -11.4561 0
      vertex 6.12816 -11.465 0.599999
    endloop
  endfacet
  facet normal -0.238371 0.666186 0.706665
    outer loop
      vertex -3.7737 12.4402 3.4
      vertex -4.97488 12.0104 3.4
      vertex -4.74527 11.4561 4
    endloop
  endfacet
  facet normal -0.904008 0.427516 0
    outer loop
      vertex -12.0104 4.97488 0.599999
      vertex -11.465 6.12816 0.6
      vertex -11.465 6.12816 0.599999
    endloop
  endfacet
  facet normal -0.904008 0.427516 0
    outer loop
      vertex -11.465 6.12816 0.6
      vertex -12.0104 4.97488 0.599999
      vertex -12.0104 4.97488 0.6
    endloop
  endfacet
  facet normal 0.336897 0.941541 -0
    outer loop
      vertex 4.97488 12.0104 0.599999
      vertex 3.7737 12.4402 0.6
      vertex 4.97488 12.0104 0.6
    endloop
  endfacet
  facet normal 0.336897 0.941541 0
    outer loop
      vertex 3.7737 12.4402 0.6
      vertex 4.97488 12.0104 0.599999
      vertex 3.7737 12.4402 0.599999
    endloop
  endfacet
  facet normal -0.17192 0.686312 0.706696
    outer loop
      vertex -2.53617 12.7502 3.4
      vertex -3.7737 12.4402 3.4
      vertex -2.41912 12.1617 4
    endloop
  endfacet
  facet normal -0.666198 -0.238397 -0.706645
    outer loop
      vertex -11.4561 -4.74527 0
      vertex -12.4402 -3.7737 0.599999
      vertex -11.8661 -3.59953 0
    endloop
  endfacet
  facet normal -0.699858 0.103818 0.706697
    outer loop
      vertex -12.7502 2.53617 3.4
      vertex -12.9374 1.27422 3.4
      vertex -12.1617 2.41912 4
    endloop
  endfacet
  facet normal 0.686376 -0.171883 -0.706643
    outer loop
      vertex 12.4402 -3.7737 0.599999
      vertex 11.8661 -3.59953 0
      vertex 12.1617 -2.41912 0
    endloop
  endfacet
  facet normal 0.103844 0.699877 -0.706674
    outer loop
      vertex 2.41912 12.1617 0
      vertex 1.21541 12.3403 0
      vertex 1.27422 12.9374 0.599999
    endloop
  endfacet
  facet normal -0.686311 -0.17192 -0.706697
    outer loop
      vertex -12.4402 -3.7737 0.599999
      vertex -12.7502 -2.53617 0.599999
      vertex -12.1617 -2.41912 0
    endloop
  endfacet
  facet normal -0.639575 0.302505 0.706706
    outer loop
      vertex -10.9358 5.84532 4
      vertex -11.465 6.12816 3.4
      vertex -11.4561 4.74527 4
    endloop
  endfacet
  facet normal 0.363745 0.606843 0.706705
    outer loop
      vertex 6.12816 11.465 3.4
      vertex 5.84532 10.9358 4
      vertex 7.22241 10.8091 3.4
    endloop
  endfacet
  facet normal -0.666185 -0.238371 -0.706666
    outer loop
      vertex -12.0104 -4.97488 0.599999
      vertex -12.4402 -3.7737 0.599999
      vertex -11.4561 -4.74527 0
    endloop
  endfacet
  facet normal 0.666198 -0.238397 -0.706645
    outer loop
      vertex 12.4402 -3.7737 0.599999
      vertex 11.4561 -4.74527 0
      vertex 11.8661 -3.59953 0
    endloop
  endfacet
  facet normal 0.475166 -0.524258 0.706662
    outer loop
      vertex 8.76812 -8.76812 4
      vertex 7.86648 -9.58533 4
      vertex 8.24711 -10.0491 3.4
    endloop
  endfacet
  facet normal -0.671541 -0.740967 0
    outer loop
      vertex -9.19239 -9.19239 0.599999
      vertex -8.24711 -10.0491 0.6
      vertex -9.19239 -9.19239 0.6
    endloop
  endfacet
  facet normal -0.671541 -0.740967 -0
    outer loop
      vertex -8.24711 -10.0491 0.6
      vertex -9.19239 -9.19239 0.599999
      vertex -8.24711 -10.0491 0.599999
    endloop
  endfacet
  facet normal -0.568296 -0.421462 -0.706689
    outer loop
      vertex -9.58533 -7.86648 0
      vertex -10.8091 -7.22241 0.599999
      vertex -10.3102 -6.88907 0
    endloop
  endfacet
  facet normal 0.857718 0.514121 0
    outer loop
      vertex 11.465 6.12816 0.6
      vertex 10.8091 7.22241 0.599999
      vertex 10.8091 7.22241 0.6
    endloop
  endfacet
  facet normal 0.857718 0.514121 0
    outer loop
      vertex 10.8091 7.22241 0.599999
      vertex 11.465 6.12816 0.6
      vertex 11.465 6.12816 0.599999
    endloop
  endfacet
  facet normal -0.524255 -0.475134 0.706685
    outer loop
      vertex -8.76812 -8.76812 4
      vertex -10.0491 -8.24711 3.4
      vertex -9.19239 -9.19239 3.4
    endloop
  endfacet
  facet normal 0.639575 -0.302505 0.706706
    outer loop
      vertex 11.4561 -4.74527 4
      vertex 10.9358 -5.84532 4
      vertex 11.465 -6.12816 3.4
    endloop
  endfacet
  facet normal -0.363745 -0.606842 -0.706705
    outer loop
      vertex -6.12816 -11.465 0.599999
      vertex -7.22241 -10.8091 0.599999
      vertex -5.84532 -10.9358 0
    endloop
  endfacet
  facet normal -0.238371 -0.666186 0.706665
    outer loop
      vertex -4.74527 -11.4561 4
      vertex -4.97488 -12.0104 3.4
      vertex -3.7737 -12.4402 3.4
    endloop
  endfacet
  facet normal -0.475134 -0.524255 -0.706686
    outer loop
      vertex -8.24711 -10.0491 0.599999
      vertex -9.19239 -9.19239 0.599999
      vertex -8.76812 -8.76812 0
    endloop
  endfacet
  facet normal 0.699857 0.103818 -0.706698
    outer loop
      vertex 12.9374 1.27422 0.599999
      vertex 12.1617 2.41912 0
      vertex 12.7502 2.53617 0.599999
    endloop
  endfacet
  facet normal -0.0490689 0.998795 0
    outer loop
      vertex 0 13 0.599999
      vertex -1.27422 12.9374 0.6
      vertex 0 13 0.6
    endloop
  endfacet
  facet normal -0.0490689 0.998795 0
    outer loop
      vertex -1.27422 12.9374 0.6
      vertex 0 13 0.599999
      vertex -1.27422 12.9374 0.599999
    endloop
  endfacet
  facet normal -0.595715 0.803196 0
    outer loop
      vertex -7.22241 10.8091 0.599999
      vertex -8.24711 10.0491 0.6
      vertex -7.22241 10.8091 0.6
    endloop
  endfacet
  facet normal -0.595715 0.803196 0
    outer loop
      vertex -8.24711 10.0491 0.6
      vertex -7.22241 10.8091 0.599999
      vertex -8.24711 10.0491 0.599999
    endloop
  endfacet
  facet normal -0.336897 -0.941541 0
    outer loop
      vertex -4.97488 -12.0104 0.599999
      vertex -3.7737 -12.4402 0.6
      vertex -4.97488 -12.0104 0.6
    endloop
  endfacet
  facet normal -0.336897 -0.941541 -0
    outer loop
      vertex -3.7737 -12.4402 0.6
      vertex -4.97488 -12.0104 0.599999
      vertex -3.7737 -12.4402 0.599999
    endloop
  endfacet
  facet normal -0.0347116 -0.70668 -0.706681
    outer loop
      vertex 0 -13 0.599999
      vertex -1.21541 -12.3403 0
      vertex 0 -12.4 0
    endloop
  endfacet
  facet normal -0.70668 -0.0347116 -0.706681
    outer loop
      vertex -12.3403 -1.21541 0
      vertex -13 0 0.599999
      vertex -12.4 0 0
    endloop
  endfacet
  facet normal 0.941541 -0.336897 0
    outer loop
      vertex 12.0104 -4.97488 0.6
      vertex 12.4402 -3.7737 0.599999
      vertex 12.4402 -3.7737 0.6
    endloop
  endfacet
  facet normal 0.941541 -0.336897 0
    outer loop
      vertex 12.4402 -3.7737 0.599999
      vertex 12.0104 -4.97488 0.6
      vertex 12.0104 -4.97488 0.599999
    endloop
  endfacet
  facet normal 0.238397 -0.666199 0.706644
    outer loop
      vertex 4.74527 -11.4561 4
      vertex 3.59953 -11.8661 4
      vertex 3.7737 -12.4402 3.4
    endloop
  endfacet
  facet normal 0.302505 0.639575 -0.706707
    outer loop
      vertex 5.84532 10.9358 0
      vertex 4.74527 11.4561 0
      vertex 6.12816 11.465 0.599999
    endloop
  endfacet
  facet normal 0.302487 0.639627 -0.706667
    outer loop
      vertex 6.12816 11.465 0.599999
      vertex 4.74527 11.4561 0
      vertex 4.97488 12.0104 0.599999
    endloop
  endfacet
  facet normal -0.0347181 0.706686 -0.706675
    outer loop
      vertex -1.21541 12.3403 0
      vertex -1.27422 12.9374 0.599999
      vertex 0 13 0.599999
    endloop
  endfacet
  facet normal -0.36374 -0.606863 -0.70669
    outer loop
      vertex -5.84532 -10.9358 0
      vertex -7.22241 -10.8091 0.599999
      vertex -6.88907 -10.3102 0
    endloop
  endfacet
  facet normal 0.639628 0.302488 0.706666
    outer loop
      vertex 11.465 6.12816 3.4
      vertex 11.4561 4.74527 4
      vertex 12.0104 4.97488 3.4
    endloop
  endfacet
  facet normal 0.242991 -0.970029 0
    outer loop
      vertex 2.53617 -12.7502 0.599999
      vertex 3.7737 -12.4402 0.6
      vertex 2.53617 -12.7502 0.6
    endloop
  endfacet
  facet normal 0.242991 -0.970029 0
    outer loop
      vertex 3.7737 -12.4402 0.6
      vertex 2.53617 -12.7502 0.599999
      vertex 3.7737 -12.4402 0.599999
    endloop
  endfacet
  facet normal 0.639575 0.302505 0.706706
    outer loop
      vertex 11.465 6.12816 3.4
      vertex 10.9358 5.84532 4
      vertex 11.4561 4.74527 4
    endloop
  endfacet
  facet normal 0.17192 -0.686311 -0.706697
    outer loop
      vertex 2.53617 -12.7502 0.599999
      vertex 2.41912 -12.1617 0
      vertex 3.7737 -12.4402 0.599999
    endloop
  endfacet
  facet normal 0.103844 -0.699877 -0.706674
    outer loop
      vertex 1.27422 -12.9374 0.599999
      vertex 1.21541 -12.3403 0
      vertex 2.41912 -12.1617 0
    endloop
  endfacet
  facet normal -0.302505 0.639575 0.706706
    outer loop
      vertex -4.74527 11.4561 4
      vertex -6.12816 11.465 3.4
      vertex -5.84532 10.9358 4
    endloop
  endfacet
  facet normal 0.524257 -0.475165 -0.706663
    outer loop
      vertex 10.0491 -8.24711 0.599999
      vertex 8.76812 -8.76812 0
      vertex 9.58533 -7.86648 0
    endloop
  endfacet
  facet normal 0.989176 -0.146736 0
    outer loop
      vertex 12.7502 -2.53617 0.6
      vertex 12.9374 -1.27422 0.599999
      vertex 12.9374 -1.27422 0.6
    endloop
  endfacet
  facet normal 0.989176 -0.146736 0
    outer loop
      vertex 12.9374 -1.27422 0.599999
      vertex 12.7502 -2.53617 0.6
      vertex 12.7502 -2.53617 0.599999
    endloop
  endfacet
  facet normal 0.970029 -0.242991 0
    outer loop
      vertex 12.4402 -3.7737 0.6
      vertex 12.7502 -2.53617 0.599999
      vertex 12.7502 -2.53617 0.6
    endloop
  endfacet
  facet normal 0.970029 -0.242991 0
    outer loop
      vertex 12.7502 -2.53617 0.599999
      vertex 12.4402 -3.7737 0.6
      vertex 12.4402 -3.7737 0.599999
    endloop
  endfacet
  facet normal -0.524258 -0.475166 0.706662
    outer loop
      vertex -9.58533 -7.86648 4
      vertex -10.0491 -8.24711 3.4
      vertex -8.76812 -8.76812 4
    endloop
  endfacet
  facet normal 0.989176 0.146736 0
    outer loop
      vertex 12.9374 1.27422 0.6
      vertex 12.7502 2.53617 0.599999
      vertex 12.7502 2.53617 0.6
    endloop
  endfacet
  facet normal 0.989176 0.146736 0
    outer loop
      vertex 12.7502 2.53617 0.599999
      vertex 12.9374 1.27422 0.6
      vertex 12.9374 1.27422 0.599999
    endloop
  endfacet
  facet normal 0.699878 0.103844 0.706674
    outer loop
      vertex 12.9374 1.27422 3.4
      vertex 12.1617 2.41912 4
      vertex 12.3403 1.21541 4
    endloop
  endfacet
  facet normal 0.336897 -0.941541 0
    outer loop
      vertex 3.7737 -12.4402 0.599999
      vertex 4.97488 -12.0104 0.6
      vertex 3.7737 -12.4402 0.6
    endloop
  endfacet
  facet normal 0.336897 -0.941541 0
    outer loop
      vertex 4.97488 -12.0104 0.6
      vertex 3.7737 -12.4402 0.599999
      vertex 4.97488 -12.0104 0.599999
    endloop
  endfacet
  facet normal -0.0347182 -0.706687 0.706674
    outer loop
      vertex -1.21541 -12.3403 4
      vertex -1.27422 -12.9374 3.4
      vertex 0 -13 3.4
    endloop
  endfacet
  facet normal 0.0347116 0.706681 0.706681
    outer loop
      vertex 0 13 3.4
      vertex 0 12.4 4
      vertex 1.21541 12.3403 4
    endloop
  endfacet
  facet normal 0.606864 0.36374 0.706689
    outer loop
      vertex 10.8091 7.22241 3.4
      vertex 10.3102 6.88907 4
      vertex 10.9358 5.84532 4
    endloop
  endfacet
  facet normal -0.0490689 -0.998795 0
    outer loop
      vertex -1.27422 -12.9374 0.599999
      vertex 0 -13 0.6
      vertex -1.27422 -12.9374 0.6
    endloop
  endfacet
  facet normal -0.0490689 -0.998795 -0
    outer loop
      vertex 0 -13 0.6
      vertex -1.27422 -12.9374 0.599999
      vertex 0 -13 0.599999
    endloop
  endfacet
  facet normal 0.103818 -0.699858 0.706697
    outer loop
      vertex 2.41912 -12.1617 4
      vertex 1.27422 -12.9374 3.4
      vertex 2.53617 -12.7502 3.4
    endloop
  endfacet
  facet normal 0.0347116 0.70668 -0.706681
    outer loop
      vertex 1.21541 12.3403 0
      vertex 0 12.4 0
      vertex 0 13 0.599999
    endloop
  endfacet
  facet normal 0.686311 -0.17192 -0.706697
    outer loop
      vertex 12.4402 -3.7737 0.599999
      vertex 12.1617 -2.41912 0
      vertex 12.7502 -2.53617 0.599999
    endloop
  endfacet
  facet normal 0.421499 -0.568302 -0.706662
    outer loop
      vertex 8.24711 -10.0491 0.599999
      vertex 7.22241 -10.8091 0.599999
      vertex 7.86648 -9.58533 0
    endloop
  endfacet
  facet normal -0.103844 0.699878 0.706674
    outer loop
      vertex -1.27422 12.9374 3.4
      vertex -2.41912 12.1617 4
      vertex -1.21541 12.3403 4
    endloop
  endfacet
  facet normal -0.706681 0.0347116 0.706681
    outer loop
      vertex -12.3403 1.21541 4
      vertex -13 0 3.4
      vertex -12.4 0 4
    endloop
  endfacet
  facet normal 0.941541 0.336897 0
    outer loop
      vertex 12.4402 3.7737 0.6
      vertex 12.0104 4.97488 0.599999
      vertex 12.0104 4.97488 0.6
    endloop
  endfacet
  facet normal 0.941541 0.336897 0
    outer loop
      vertex 12.0104 4.97488 0.599999
      vertex 12.4402 3.7737 0.6
      vertex 12.4402 3.7737 0.599999
    endloop
  endfacet
  facet normal -0.103818 0.699858 0.706697
    outer loop
      vertex -1.27422 12.9374 3.4
      vertex -2.53617 12.7502 3.4
      vertex -2.41912 12.1617 4
    endloop
  endfacet
  facet normal -0.421462 -0.568296 0.706689
    outer loop
      vertex -6.88907 -10.3102 4
      vertex -7.86648 -9.58533 4
      vertex -7.22241 -10.8091 3.4
    endloop
  endfacet
  facet normal 0.171883 0.686376 0.706643
    outer loop
      vertex 3.7737 12.4402 3.4
      vertex 2.41912 12.1617 4
      vertex 3.59953 11.8661 4
    endloop
  endfacet
  facet normal -0.524255 -0.475134 -0.706686
    outer loop
      vertex -9.19239 -9.19239 0.599999
      vertex -10.0491 -8.24711 0.599999
      vertex -8.76812 -8.76812 0
    endloop
  endfacet
  facet normal -0.171883 -0.686376 0.706643
    outer loop
      vertex -3.59953 -11.8661 4
      vertex -3.7737 -12.4402 3.4
      vertex -2.41912 -12.1617 4
    endloop
  endfacet
  facet normal -0.686311 0.17192 -0.706697
    outer loop
      vertex -12.1617 2.41912 0
      vertex -12.7502 2.53617 0.599999
      vertex -12.4402 3.7737 0.599999
    endloop
  endfacet
  facet normal -0.686312 0.17192 0.706696
    outer loop
      vertex -12.4402 3.7737 3.4
      vertex -12.7502 2.53617 3.4
      vertex -12.1617 2.41912 4
    endloop
  endfacet
  facet normal 0.17192 0.686312 0.706696
    outer loop
      vertex 2.53617 12.7502 3.4
      vertex 2.41912 12.1617 4
      vertex 3.7737 12.4402 3.4
    endloop
  endfacet
  facet normal -0.998795 0.0490689 0
    outer loop
      vertex -13 0 0.599999
      vertex -12.9374 1.27422 0.6
      vertex -12.9374 1.27422 0.599999
    endloop
  endfacet
  facet normal -0.998795 0.0490689 0
    outer loop
      vertex -12.9374 1.27422 0.6
      vertex -13 0 0.599999
      vertex -13 0 0.6
    endloop
  endfacet
  facet normal 0.70668 -0.0347116 -0.706681
    outer loop
      vertex 13 0 0.599999
      vertex 12.3403 -1.21541 0
      vertex 12.4 0 0
    endloop
  endfacet
  facet normal 0.36374 0.606863 -0.70669
    outer loop
      vertex 6.88907 10.3102 0
      vertex 5.84532 10.9358 0
      vertex 7.22241 10.8091 0.599999
    endloop
  endfacet
  facet normal -0.302505 -0.639575 0.706706
    outer loop
      vertex -5.84532 -10.9358 4
      vertex -6.12816 -11.465 3.4
      vertex -4.74527 -11.4561 4
    endloop
  endfacet
  facet normal -0.699857 -0.103818 -0.706698
    outer loop
      vertex -12.7502 -2.53617 0.599999
      vertex -12.9374 -1.27422 0.599999
      vertex -12.1617 -2.41912 0
    endloop
  endfacet
  facet normal -0.666186 -0.238371 0.706665
    outer loop
      vertex -11.4561 -4.74527 4
      vertex -12.4402 -3.7737 3.4
      vertex -12.0104 -4.97488 3.4
    endloop
  endfacet
  facet normal -0.103844 -0.699877 -0.706674
    outer loop
      vertex -1.27422 -12.9374 0.599999
      vertex -2.41912 -12.1617 0
      vertex -1.21541 -12.3403 0
    endloop
  endfacet
  facet normal -0.639627 -0.302487 -0.706667
    outer loop
      vertex -11.465 -6.12816 0.599999
      vertex -12.0104 -4.97488 0.599999
      vertex -11.4561 -4.74527 0
    endloop
  endfacet
  facet normal -0.606864 -0.36374 0.706689
    outer loop
      vertex -10.3102 -6.88907 4
      vertex -10.9358 -5.84532 4
      vertex -10.8091 -7.22241 3.4
    endloop
  endfacet
  facet normal -0.568302 -0.421499 -0.706662
    outer loop
      vertex -10.0491 -8.24711 0.599999
      vertex -10.8091 -7.22241 0.599999
      vertex -9.58533 -7.86648 0
    endloop
  endfacet
  facet normal -0.524257 -0.475165 -0.706663
    outer loop
      vertex -8.76812 -8.76812 0
      vertex -10.0491 -8.24711 0.599999
      vertex -9.58533 -7.86648 0
    endloop
  endfacet
  facet normal -0.0347116 0.70668 -0.706681
    outer loop
      vertex 0 12.4 0
      vertex -1.21541 12.3403 0
      vertex 0 13 0.599999
    endloop
  endfacet
  facet normal -0.706686 0.0347181 -0.706675
    outer loop
      vertex -12.3403 1.21541 0
      vertex -13 0 0.599999
      vertex -12.9374 1.27422 0.599999
    endloop
  endfacet
  facet normal 0.606843 -0.363745 0.706705
    outer loop
      vertex 10.9358 -5.84532 4
      vertex 10.8091 -7.22241 3.4
      vertex 11.465 -6.12816 3.4
    endloop
  endfacet
  facet normal -0.475134 -0.524255 0.706685
    outer loop
      vertex -8.76812 -8.76812 4
      vertex -9.19239 -9.19239 3.4
      vertex -8.24711 -10.0491 3.4
    endloop
  endfacet
  facet normal -0.427516 -0.904008 0
    outer loop
      vertex -6.12816 -11.465 0.599999
      vertex -4.97488 -12.0104 0.6
      vertex -6.12816 -11.465 0.6
    endloop
  endfacet
  facet normal -0.427516 -0.904008 -0
    outer loop
      vertex -4.97488 -12.0104 0.6
      vertex -6.12816 -11.465 0.599999
      vertex -4.97488 -12.0104 0.599999
    endloop
  endfacet
  facet normal -0.171883 0.686376 -0.706643
    outer loop
      vertex -3.59953 11.8661 0
      vertex -3.7737 12.4402 0.599999
      vertex -2.41912 12.1617 0
    endloop
  endfacet
  facet normal -0.302487 0.639627 -0.706667
    outer loop
      vertex -4.74527 11.4561 0
      vertex -6.12816 11.465 0.599999
      vertex -4.97488 12.0104 0.599999
    endloop
  endfacet
  facet normal -0.606843 0.363745 0.706705
    outer loop
      vertex -10.8091 7.22241 3.4
      vertex -11.465 6.12816 3.4
      vertex -10.9358 5.84532 4
    endloop
  endfacet
  facet normal -0.639627 0.302487 -0.706667
    outer loop
      vertex -11.4561 4.74527 0
      vertex -12.0104 4.97488 0.599999
      vertex -11.465 6.12816 0.599999
    endloop
  endfacet
  facet normal -0.524257 0.475165 -0.706663
    outer loop
      vertex -9.58533 7.86648 0
      vertex -10.0491 8.24711 0.599999
      vertex -8.76812 8.76812 0
    endloop
  endfacet
  facet normal -0.475165 0.524257 -0.706663
    outer loop
      vertex -7.86648 9.58533 0
      vertex -8.76812 8.76812 0
      vertex -8.24711 10.0491 0.599999
    endloop
  endfacet
  facet normal -0.421462 0.568296 -0.706689
    outer loop
      vertex -6.88907 10.3102 0
      vertex -7.86648 9.58533 0
      vertex -7.22241 10.8091 0.599999
    endloop
  endfacet
  facet normal -0.17192 -0.686311 -0.706697
    outer loop
      vertex -2.53617 -12.7502 0.599999
      vertex -3.7737 -12.4402 0.599999
      vertex -2.41912 -12.1617 0
    endloop
  endfacet
  facet normal -0.171883 -0.686376 -0.706643
    outer loop
      vertex -2.41912 -12.1617 0
      vertex -3.7737 -12.4402 0.599999
      vertex -3.59953 -11.8661 0
    endloop
  endfacet
  facet normal 0.699877 0.103844 -0.706674
    outer loop
      vertex 12.3403 1.21541 0
      vertex 12.1617 2.41912 0
      vertex 12.9374 1.27422 0.599999
    endloop
  endfacet
  facet normal 0.568302 -0.421499 -0.706662
    outer loop
      vertex 10.0491 -8.24711 0.599999
      vertex 9.58533 -7.86648 0
      vertex 10.8091 -7.22241 0.599999
    endloop
  endfacet
  facet normal 0.639575 0.302505 -0.706707
    outer loop
      vertex 11.4561 4.74527 0
      vertex 10.9358 5.84532 0
      vertex 11.465 6.12816 0.599999
    endloop
  endfacet
  facet normal 0.740967 0.671541 0
    outer loop
      vertex 10.0491 8.24711 0.6
      vertex 9.19239 9.19239 0.599999
      vertex 9.19239 9.19239 0.6
    endloop
  endfacet
  facet normal 0.740967 0.671541 0
    outer loop
      vertex 9.19239 9.19239 0.599999
      vertex 10.0491 8.24711 0.6
      vertex 10.0491 8.24711 0.599999
    endloop
  endfacet
  facet normal 0.103818 0.699858 0.706697
    outer loop
      vertex 2.53617 12.7502 3.4
      vertex 1.27422 12.9374 3.4
      vertex 2.41912 12.1617 4
    endloop
  endfacet
  facet normal 0.302505 0.639575 0.706706
    outer loop
      vertex 6.12816 11.465 3.4
      vertex 4.74527 11.4561 4
      vertex 5.84532 10.9358 4
    endloop
  endfacet
  facet normal 0.36374 0.606864 0.706689
    outer loop
      vertex 7.22241 10.8091 3.4
      vertex 5.84532 10.9358 4
      vertex 6.88907 10.3102 4
    endloop
  endfacet
  facet normal 0.171883 -0.686376 0.706643
    outer loop
      vertex 3.59953 -11.8661 4
      vertex 2.41912 -12.1617 4
      vertex 3.7737 -12.4402 3.4
    endloop
  endfacet
  facet normal -0.103844 -0.699878 0.706674
    outer loop
      vertex -1.21541 -12.3403 4
      vertex -2.41912 -12.1617 4
      vertex -1.27422 -12.9374 3.4
    endloop
  endfacet
  facet normal 0.524258 0.475166 0.706662
    outer loop
      vertex 10.0491 8.24711 3.4
      vertex 8.76812 8.76812 4
      vertex 9.58533 7.86648 4
    endloop
  endfacet
  facet normal 0.857718 -0.514121 0
    outer loop
      vertex 10.8091 -7.22241 0.6
      vertex 11.465 -6.12816 0.599999
      vertex 11.465 -6.12816 0.6
    endloop
  endfacet
  facet normal 0.857718 -0.514121 0
    outer loop
      vertex 11.465 -6.12816 0.599999
      vertex 10.8091 -7.22241 0.6
      vertex 10.8091 -7.22241 0.599999
    endloop
  endfacet
  facet normal 0.686376 0.171883 0.706643
    outer loop
      vertex 12.4402 3.7737 3.4
      vertex 11.8661 3.59953 4
      vertex 12.1617 2.41912 4
    endloop
  endfacet
  facet normal -0.568303 -0.421499 0.706662
    outer loop
      vertex -9.58533 -7.86648 4
      vertex -10.8091 -7.22241 3.4
      vertex -10.0491 -8.24711 3.4
    endloop
  endfacet
  facet normal 0.706686 0.0347181 -0.706675
    outer loop
      vertex 13 0 0.599999
      vertex 12.3403 1.21541 0
      vertex 12.9374 1.27422 0.599999
    endloop
  endfacet
  facet normal 0.686312 0.17192 0.706696
    outer loop
      vertex 12.4402 3.7737 3.4
      vertex 12.1617 2.41912 4
      vertex 12.7502 2.53617 3.4
    endloop
  endfacet
  facet normal 0.568296 0.421462 -0.706689
    outer loop
      vertex 10.3102 6.88907 0
      vertex 9.58533 7.86648 0
      vertex 10.8091 7.22241 0.599999
    endloop
  endfacet
  facet normal -0.475165 -0.524257 -0.706663
    outer loop
      vertex -8.24711 -10.0491 0.599999
      vertex -8.76812 -8.76812 0
      vertex -7.86648 -9.58533 0
    endloop
  endfacet
  facet normal 0.524257 0.475165 -0.706663
    outer loop
      vertex 9.58533 7.86648 0
      vertex 8.76812 8.76812 0
      vertex 10.0491 8.24711 0.599999
    endloop
  endfacet
  facet normal 0.103818 -0.699857 -0.706698
    outer loop
      vertex 2.53617 -12.7502 0.599999
      vertex 1.27422 -12.9374 0.599999
      vertex 2.41912 -12.1617 0
    endloop
  endfacet
  facet normal -0.699878 -0.103844 0.706674
    outer loop
      vertex -12.3403 -1.21541 4
      vertex -12.9374 -1.27422 3.4
      vertex -12.1617 -2.41912 4
    endloop
  endfacet
  facet normal -0.606864 0.36374 0.706689
    outer loop
      vertex -10.8091 7.22241 3.4
      vertex -10.9358 5.84532 4
      vertex -10.3102 6.88907 4
    endloop
  endfacet
  facet normal 0.666199 0.238397 0.706644
    outer loop
      vertex 12.4402 3.7737 3.4
      vertex 11.4561 4.74527 4
      vertex 11.8661 3.59953 4
    endloop
  endfacet
  facet normal -0.242991 -0.970029 0
    outer loop
      vertex -3.7737 -12.4402 0.599999
      vertex -2.53617 -12.7502 0.6
      vertex -3.7737 -12.4402 0.6
    endloop
  endfacet
  facet normal -0.242991 -0.970029 -0
    outer loop
      vertex -2.53617 -12.7502 0.6
      vertex -3.7737 -12.4402 0.599999
      vertex -2.53617 -12.7502 0.599999
    endloop
  endfacet
  facet normal -0.17192 -0.686312 0.706696
    outer loop
      vertex -2.41912 -12.1617 4
      vertex -3.7737 -12.4402 3.4
      vertex -2.53617 -12.7502 3.4
    endloop
  endfacet
  facet normal -0.0347116 0.706681 0.706681
    outer loop
      vertex 0 13 3.4
      vertex -1.21541 12.3403 4
      vertex 0 12.4 4
    endloop
  endfacet
  facet normal -0.302488 -0.639628 0.706666
    outer loop
      vertex -4.74527 -11.4561 4
      vertex -6.12816 -11.465 3.4
      vertex -4.97488 -12.0104 3.4
    endloop
  endfacet
  facet normal 0.524255 0.475134 -0.706686
    outer loop
      vertex 10.0491 8.24711 0.599999
      vertex 8.76812 8.76812 0
      vertex 9.19239 9.19239 0.599999
    endloop
  endfacet
  facet normal 0.595715 -0.803196 0
    outer loop
      vertex 7.22241 -10.8091 0.599999
      vertex 8.24711 -10.0491 0.6
      vertex 7.22241 -10.8091 0.6
    endloop
  endfacet
  facet normal 0.595715 -0.803196 0
    outer loop
      vertex 8.24711 -10.0491 0.6
      vertex 7.22241 -10.8091 0.599999
      vertex 8.24711 -10.0491 0.599999
    endloop
  endfacet
  facet normal -0.421499 -0.568302 -0.706662
    outer loop
      vertex -7.22241 -10.8091 0.599999
      vertex -8.24711 -10.0491 0.599999
      vertex -7.86648 -9.58533 0
    endloop
  endfacet
  facet normal 0.363745 -0.606842 -0.706705
    outer loop
      vertex 6.12816 -11.465 0.599999
      vertex 5.84532 -10.9358 0
      vertex 7.22241 -10.8091 0.599999
    endloop
  endfacet
  facet normal 0.427516 -0.904008 0
    outer loop
      vertex 4.97488 -12.0104 0.599999
      vertex 6.12816 -11.465 0.6
      vertex 4.97488 -12.0104 0.6
    endloop
  endfacet
  facet normal 0.427516 -0.904008 0
    outer loop
      vertex 6.12816 -11.465 0.6
      vertex 4.97488 -12.0104 0.599999
      vertex 6.12816 -11.465 0.599999
    endloop
  endfacet
  facet normal 0.363745 -0.606843 0.706705
    outer loop
      vertex 7.22241 -10.8091 3.4
      vertex 5.84532 -10.9358 4
      vertex 6.12816 -11.465 3.4
    endloop
  endfacet
  facet normal 0.103844 0.699878 0.706674
    outer loop
      vertex 1.27422 12.9374 3.4
      vertex 1.21541 12.3403 4
      vertex 2.41912 12.1617 4
    endloop
  endfacet
  facet normal -0.421499 0.568302 -0.706662
    outer loop
      vertex -7.86648 9.58533 0
      vertex -8.24711 10.0491 0.599999
      vertex -7.22241 10.8091 0.599999
    endloop
  endfacet
  facet normal -0.146736 0.989176 0
    outer loop
      vertex -1.27422 12.9374 0.599999
      vertex -2.53617 12.7502 0.6
      vertex -1.27422 12.9374 0.6
    endloop
  endfacet
  facet normal -0.146736 0.989176 0
    outer loop
      vertex -2.53617 12.7502 0.6
      vertex -1.27422 12.9374 0.599999
      vertex -2.53617 12.7502 0.599999
    endloop
  endfacet
  facet normal 0.146736 0.989176 -0
    outer loop
      vertex 2.53617 12.7502 0.599999
      vertex 1.27422 12.9374 0.6
      vertex 2.53617 12.7502 0.6
    endloop
  endfacet
  facet normal 0.146736 0.989176 0
    outer loop
      vertex 1.27422 12.9374 0.6
      vertex 2.53617 12.7502 0.599999
      vertex 1.27422 12.9374 0.599999
    endloop
  endfacet
  facet normal -0.666199 -0.238397 0.706644
    outer loop
      vertex -11.8661 -3.59953 4
      vertex -12.4402 -3.7737 3.4
      vertex -11.4561 -4.74527 4
    endloop
  endfacet
  facet normal -0.699857 0.103818 -0.706698
    outer loop
      vertex -12.1617 2.41912 0
      vertex -12.9374 1.27422 0.599999
      vertex -12.7502 2.53617 0.599999
    endloop
  endfacet
  facet normal -0.989176 0.146736 0
    outer loop
      vertex -12.9374 1.27422 0.599999
      vertex -12.7502 2.53617 0.6
      vertex -12.7502 2.53617 0.599999
    endloop
  endfacet
  facet normal -0.989176 0.146736 0
    outer loop
      vertex -12.7502 2.53617 0.6
      vertex -12.9374 1.27422 0.599999
      vertex -12.9374 1.27422 0.6
    endloop
  endfacet
  facet normal 0.666185 0.238371 -0.706666
    outer loop
      vertex 12.4402 3.7737 0.599999
      vertex 11.4561 4.74527 0
      vertex 12.0104 4.97488 0.599999
    endloop
  endfacet
  facet normal -0.904008 -0.427516 0
    outer loop
      vertex -11.465 -6.12816 0.599999
      vertex -12.0104 -4.97488 0.6
      vertex -12.0104 -4.97488 0.599999
    endloop
  endfacet
  facet normal -0.904008 -0.427516 0
    outer loop
      vertex -12.0104 -4.97488 0.6
      vertex -11.465 -6.12816 0.599999
      vertex -11.465 -6.12816 0.6
    endloop
  endfacet
  facet normal -0.639575 -0.302505 0.706706
    outer loop
      vertex -11.4561 -4.74527 4
      vertex -11.465 -6.12816 3.4
      vertex -10.9358 -5.84532 4
    endloop
  endfacet
  facet normal -0.568296 -0.421462 0.706689
    outer loop
      vertex -10.3102 -6.88907 4
      vertex -10.8091 -7.22241 3.4
      vertex -9.58533 -7.86648 4
    endloop
  endfacet
  facet normal -0.989176 -0.146736 0
    outer loop
      vertex -12.7502 -2.53617 0.599999
      vertex -12.9374 -1.27422 0.6
      vertex -12.9374 -1.27422 0.599999
    endloop
  endfacet
  facet normal -0.989176 -0.146736 0
    outer loop
      vertex -12.9374 -1.27422 0.6
      vertex -12.7502 -2.53617 0.599999
      vertex -12.7502 -2.53617 0.6
    endloop
  endfacet
  facet normal 0.706686 -0.0347181 -0.706675
    outer loop
      vertex 12.9374 -1.27422 0.599999
      vertex 12.3403 -1.21541 0
      vertex 13 0 0.599999
    endloop
  endfacet
  facet normal -0.238397 0.666199 0.706644
    outer loop
      vertex -3.7737 12.4402 3.4
      vertex -4.74527 11.4561 4
      vertex -3.59953 11.8661 4
    endloop
  endfacet
  facet normal 0.568296 0.421462 0.706689
    outer loop
      vertex 10.8091 7.22241 3.4
      vertex 9.58533 7.86648 4
      vertex 10.3102 6.88907 4
    endloop
  endfacet
  facet normal 0 0 1
    outer loop
      vertex 4.5 0 4
      vertex 12.4 0 4
      vertex 12.3403 1.21541 4
    endloop
  endfacet
  facet normal 0 0 1
    outer loop
      vertex 4.47833 0.441076 4
      vertex 12.3403 1.21541 4
      vertex 12.1617 2.41912 4
    endloop
  endfacet
  facet normal 0 0 1
    outer loop
      vertex 12.4 0 4
      vertex 4.5 0 4
      vertex 12.3403 -1.21541 4
    endloop
  endfacet
  facet normal 0 0 1
    outer loop
      vertex 4.41353 0.877906 4
      vertex 12.1617 2.41912 4
      vertex 11.8661 3.59953 4
    endloop
  endfacet
  facet normal -0 0 1
    outer loop
      vertex 4.47833 -0.441076 4
      vertex 12.3403 -1.21541 4
      vertex 4.5 0 4
    endloop
  endfacet
  facet normal 0 0 1
    outer loop
      vertex 4.30623 1.30628 4
      vertex 11.8661 3.59953 4
      vertex 11.4561 4.74527 4
    endloop
  endfacet
  facet normal 0 0 1
    outer loop
      vertex 12.3403 -1.21541 4
      vertex 4.47833 -0.441076 4
      vertex 12.1617 -2.41912 4
    endloop
  endfacet
  facet normal 0 0 1
    outer loop
      vertex 4.15746 1.72207 4
      vertex 11.4561 4.74527 4
      vertex 10.9358 5.84532 4
    endloop
  endfacet
  facet normal -0 0 1
    outer loop
      vertex 4.41353 -0.877906 4
      vertex 12.1617 -2.41912 4
      vertex 4.47833 -0.441076 4
    endloop
  endfacet
  facet normal 0 0 1
    outer loop
      vertex 3.96865 2.12128 4
      vertex 10.9358 5.84532 4
      vertex 10.3102 6.88907 4
    endloop
  endfacet
  facet normal 0 0 1
    outer loop
      vertex 12.1617 -2.41912 4
      vertex 4.41353 -0.877906 4
      vertex 11.8661 -3.59953 4
    endloop
  endfacet
  facet normal 0 0 1
    outer loop
      vertex 3.74161 2.50007 4
      vertex 10.3102 6.88907 4
      vertex 9.58533 7.86648 4
    endloop
  endfacet
  facet normal -0 0 1
    outer loop
      vertex 4.30623 -1.30628 4
      vertex 11.8661 -3.59953 4
      vertex 4.41353 -0.877906 4
    endloop
  endfacet
  facet normal 0 0 1
    outer loop
      vertex 3.47855 2.85477 4
      vertex 9.58533 7.86648 4
      vertex 8.76812 8.76812 4
    endloop
  endfacet
  facet normal 0 0 1
    outer loop
      vertex 11.8661 -3.59953 4
      vertex 4.30623 -1.30628 4
      vertex 11.4561 -4.74527 4
    endloop
  endfacet
  facet normal 0 0 1
    outer loop
      vertex 3.18198 3.18198 4
      vertex 8.76812 8.76812 4
      vertex 7.86648 9.58533 4
    endloop
  endfacet
  facet normal -0 0 1
    outer loop
      vertex 4.15746 -1.72207 4
      vertex 11.4561 -4.74527 4
      vertex 4.30623 -1.30628 4
    endloop
  endfacet
  facet normal 0 0 1
    outer loop
      vertex 2.85477 3.47855 4
      vertex 7.86648 9.58533 4
      vertex 6.88907 10.3102 4
    endloop
  endfacet
  facet normal 0 0 1
    outer loop
      vertex 11.4561 -4.74527 4
      vertex 4.15746 -1.72207 4
      vertex 10.9358 -5.84532 4
    endloop
  endfacet
  facet normal 0 0 1
    outer loop
      vertex 2.50007 3.74161 4
      vertex 6.88907 10.3102 4
      vertex 5.84532 10.9358 4
    endloop
  endfacet
  facet normal -0 0 1
    outer loop
      vertex 3.96865 -2.12128 4
      vertex 10.9358 -5.84532 4
      vertex 4.15746 -1.72207 4
    endloop
  endfacet
  facet normal 0 0 1
    outer loop
      vertex 2.12128 3.96865 4
      vertex 5.84532 10.9358 4
      vertex 4.74527 11.4561 4
    endloop
  endfacet
  facet normal 0 0 1
    outer loop
      vertex 10.9358 -5.84532 4
      vertex 3.96865 -2.12128 4
      vertex 10.3102 -6.88907 4
    endloop
  endfacet
  facet normal -0 0 1
    outer loop
      vertex 3.74161 -2.50007 4
      vertex 10.3102 -6.88907 4
      vertex 3.96865 -2.12128 4
    endloop
  endfacet
  facet normal 0 0 1
    outer loop
      vertex 12.3403 1.21541 4
      vertex 4.47833 0.441076 4
      vertex 4.5 0 4
    endloop
  endfacet
  facet normal 0 0 1
    outer loop
      vertex 12.1617 2.41912 4
      vertex 4.41353 0.877906 4
      vertex 4.47833 0.441076 4
    endloop
  endfacet
  facet normal 0 0 1
    outer loop
      vertex 11.8661 3.59953 4
      vertex 4.30623 1.30628 4
      vertex 4.41353 0.877906 4
    endloop
  endfacet
  facet normal 0 0 1
    outer loop
      vertex 11.4561 4.74527 4
      vertex 4.15746 1.72207 4
      vertex 4.30623 1.30628 4
    endloop
  endfacet
  facet normal 0 0 1
    outer loop
      vertex 10.9358 5.84532 4
      vertex 3.96865 2.12128 4
      vertex 4.15746 1.72207 4
    endloop
  endfacet
  facet normal 0 0 1
    outer loop
      vertex 10.3102 6.88907 4
      vertex 3.74161 2.50007 4
      vertex 3.96865 2.12128 4
    endloop
  endfacet
  facet normal 0 0 1
    outer loop
      vertex 1.72207 4.15746 4
      vertex 4.74527 11.4561 4
      vertex 3.59953 11.8661 4
    endloop
  endfacet
  facet normal 0 0 1
    outer loop
      vertex 9.58533 7.86648 4
      vertex 3.47855 2.85477 4
      vertex 3.74161 2.50007 4
    endloop
  endfacet
  facet normal 0 0 1
    outer loop
      vertex 8.76812 8.76812 4
      vertex 3.18198 3.18198 4
      vertex 3.47855 2.85477 4
    endloop
  endfacet
  facet normal 0 0 1
    outer loop
      vertex 7.86648 9.58533 4
      vertex 2.85477 3.47855 4
      vertex 3.18198 3.18198 4
    endloop
  endfacet
  facet normal 0 0 1
    outer loop
      vertex 6.88907 10.3102 4
      vertex 2.50007 3.74161 4
      vertex 2.85477 3.47855 4
    endloop
  endfacet
  facet normal 0 0 1
    outer loop
      vertex 1.30628 4.30623 4
      vertex 3.59953 11.8661 4
      vertex 2.41912 12.1617 4
    endloop
  endfacet
  facet normal 0 0 1
    outer loop
      vertex 5.84532 10.9358 4
      vertex 2.12128 3.96865 4
      vertex 2.50007 3.74161 4
    endloop
  endfacet
  facet normal 0 0 1
    outer loop
      vertex 4.74527 11.4561 4
      vertex 1.72207 4.15746 4
      vertex 2.12128 3.96865 4
    endloop
  endfacet
  facet normal 0 0 1
    outer loop
      vertex 3.59953 11.8661 4
      vertex 1.30628 4.30623 4
      vertex 1.72207 4.15746 4
    endloop
  endfacet
  facet normal 0 0 1
    outer loop
      vertex 0.877906 4.41353 4
      vertex 2.41912 12.1617 4
      vertex 1.21541 12.3403 4
    endloop
  endfacet
  facet normal 0 0 1
    outer loop
      vertex 2.41912 12.1617 4
      vertex 0.877906 4.41353 4
      vertex 1.30628 4.30623 4
    endloop
  endfacet
  facet normal 0 0 1
    outer loop
      vertex 1.21541 12.3403 4
      vertex 0.441076 4.47833 4
      vertex 0.877906 4.41353 4
    endloop
  endfacet
  facet normal 0 0 1
    outer loop
      vertex 0 12.4 4
      vertex 0.441076 4.47833 4
      vertex 1.21541 12.3403 4
    endloop
  endfacet
  facet normal 0 0 1
    outer loop
      vertex 0 12.4 4
      vertex 0 4.5 4
      vertex 0.441076 4.47833 4
    endloop
  endfacet
  facet normal 0 0 1
    outer loop
      vertex 0 12.4 4
      vertex -0.441076 4.47833 4
      vertex 0 4.5 4
    endloop
  endfacet
  facet normal -0 0 1
    outer loop
      vertex -1.21541 12.3403 4
      vertex -0.441076 4.47833 4
      vertex 0 12.4 4
    endloop
  endfacet
  facet normal 0 0 1
    outer loop
      vertex -0.441076 4.47833 4
      vertex -1.21541 12.3403 4
      vertex -0.877906 4.41353 4
    endloop
  endfacet
  facet normal -0 0 1
    outer loop
      vertex -2.41912 12.1617 4
      vertex -0.877906 4.41353 4
      vertex -1.21541 12.3403 4
    endloop
  endfacet
  facet normal 0 0 1
    outer loop
      vertex -0.877906 4.41353 4
      vertex -2.41912 12.1617 4
      vertex -1.30628 4.30623 4
    endloop
  endfacet
  facet normal -0 0 1
    outer loop
      vertex -3.59953 11.8661 4
      vertex -1.30628 4.30623 4
      vertex -2.41912 12.1617 4
    endloop
  endfacet
  facet normal 0 0 1
    outer loop
      vertex -1.30628 4.30623 4
      vertex -3.59953 11.8661 4
      vertex -1.72207 4.15746 4
    endloop
  endfacet
  facet normal -0 0 1
    outer loop
      vertex -4.74527 11.4561 4
      vertex -1.72207 4.15746 4
      vertex -3.59953 11.8661 4
    endloop
  endfacet
  facet normal 0 0 1
    outer loop
      vertex -1.72207 4.15746 4
      vertex -4.74527 11.4561 4
      vertex -2.12128 3.96865 4
    endloop
  endfacet
  facet normal -0 0 1
    outer loop
      vertex -5.84532 10.9358 4
      vertex -2.12128 3.96865 4
      vertex -4.74527 11.4561 4
    endloop
  endfacet
  facet normal 0 0 1
    outer loop
      vertex -2.12128 3.96865 4
      vertex -5.84532 10.9358 4
      vertex -2.50007 3.74161 4
    endloop
  endfacet
  facet normal -0 0 1
    outer loop
      vertex -6.88907 10.3102 4
      vertex -2.50007 3.74161 4
      vertex -5.84532 10.9358 4
    endloop
  endfacet
  facet normal 0 0 1
    outer loop
      vertex -2.50007 3.74161 4
      vertex -6.88907 10.3102 4
      vertex -2.85477 3.47855 4
    endloop
  endfacet
  facet normal -0 0 1
    outer loop
      vertex -7.86648 9.58533 4
      vertex -2.85477 3.47855 4
      vertex -6.88907 10.3102 4
    endloop
  endfacet
  facet normal 0 0 1
    outer loop
      vertex -2.85477 3.47855 4
      vertex -7.86648 9.58533 4
      vertex -3.18198 3.18198 4
    endloop
  endfacet
  facet normal -0 0 1
    outer loop
      vertex -8.76812 8.76812 4
      vertex -3.18198 3.18198 4
      vertex -7.86648 9.58533 4
    endloop
  endfacet
  facet normal 0 0 1
    outer loop
      vertex -3.18198 3.18198 4
      vertex -8.76812 8.76812 4
      vertex -3.47855 2.85477 4
    endloop
  endfacet
  facet normal -0 0 1
    outer loop
      vertex -9.58533 7.86648 4
      vertex -3.47855 2.85477 4
      vertex -8.76812 8.76812 4
    endloop
  endfacet
  facet normal -0 0 1
    outer loop
      vertex -10.3102 6.88907 4
      vertex -3.74161 2.50007 4
      vertex -9.58533 7.86648 4
    endloop
  endfacet
  facet normal 0 0 1
    outer loop
      vertex -3.47855 2.85477 4
      vertex -9.58533 7.86648 4
      vertex -3.74161 2.50007 4
    endloop
  endfacet
  facet normal 0 0 1
    outer loop
      vertex 10.3102 -6.88907 4
      vertex 3.74161 -2.50007 4
      vertex 9.58533 -7.86648 4
    endloop
  endfacet
  facet normal -0 0 1
    outer loop
      vertex 3.47855 -2.85477 4
      vertex 9.58533 -7.86648 4
      vertex 3.74161 -2.50007 4
    endloop
  endfacet
  facet normal 0 0 1
    outer loop
      vertex 9.58533 -7.86648 4
      vertex 3.47855 -2.85477 4
      vertex 8.76812 -8.76812 4
    endloop
  endfacet
  facet normal -0 0 1
    outer loop
      vertex 3.18198 -3.18198 4
      vertex 8.76812 -8.76812 4
      vertex 3.47855 -2.85477 4
    endloop
  endfacet
  facet normal 0 0 1
    outer loop
      vertex 8.76812 -8.76812 4
      vertex 3.18198 -3.18198 4
      vertex 7.86648 -9.58533 4
    endloop
  endfacet
  facet normal -0 0 1
    outer loop
      vertex 2.85477 -3.47855 4
      vertex 7.86648 -9.58533 4
      vertex 3.18198 -3.18198 4
    endloop
  endfacet
  facet normal 0 0 1
    outer loop
      vertex 7.86648 -9.58533 4
      vertex 2.85477 -3.47855 4
      vertex 6.88907 -10.3102 4
    endloop
  endfacet
  facet normal -0 0 1
    outer loop
      vertex 2.50007 -3.74161 4
      vertex 6.88907 -10.3102 4
      vertex 2.85477 -3.47855 4
    endloop
  endfacet
  facet normal 0 0 1
    outer loop
      vertex 6.88907 -10.3102 4
      vertex 2.50007 -3.74161 4
      vertex 5.84532 -10.9358 4
    endloop
  endfacet
  facet normal -0 0 1
    outer loop
      vertex 2.12128 -3.96865 4
      vertex 5.84532 -10.9358 4
      vertex 2.50007 -3.74161 4
    endloop
  endfacet
  facet normal 0 0 1
    outer loop
      vertex 5.84532 -10.9358 4
      vertex 2.12128 -3.96865 4
      vertex 4.74527 -11.4561 4
    endloop
  endfacet
  facet normal -0 0 1
    outer loop
      vertex 1.72207 -4.15746 4
      vertex 4.74527 -11.4561 4
      vertex 2.12128 -3.96865 4
    endloop
  endfacet
  facet normal 0 0 1
    outer loop
      vertex 4.74527 -11.4561 4
      vertex 1.72207 -4.15746 4
      vertex 3.59953 -11.8661 4
    endloop
  endfacet
  facet normal -0 0 1
    outer loop
      vertex 1.30628 -4.30623 4
      vertex 3.59953 -11.8661 4
      vertex 1.72207 -4.15746 4
    endloop
  endfacet
  facet normal 0 0 1
    outer loop
      vertex 3.59953 -11.8661 4
      vertex 1.30628 -4.30623 4
      vertex 2.41912 -12.1617 4
    endloop
  endfacet
  facet normal -0 0 1
    outer loop
      vertex 0.877906 -4.41353 4
      vertex 2.41912 -12.1617 4
      vertex 1.30628 -4.30623 4
    endloop
  endfacet
  facet normal 0 0 1
    outer loop
      vertex 2.41912 -12.1617 4
      vertex 0.877906 -4.41353 4
      vertex 1.21541 -12.3403 4
    endloop
  endfacet
  facet normal -0 0 1
    outer loop
      vertex 0.441076 -4.47833 4
      vertex 1.21541 -12.3403 4
      vertex 0.877906 -4.41353 4
    endloop
  endfacet
  facet normal -0 0 1
    outer loop
      vertex 0 -4.5 4
      vertex 1.21541 -12.3403 4
      vertex 0.441076 -4.47833 4
    endloop
  endfacet
  facet normal 0 0 1
    outer loop
      vertex 0 -4.5 4
      vertex 0 -12.4 4
      vertex 1.21541 -12.3403 4
    endloop
  endfacet
  facet normal 0 0 1
    outer loop
      vertex -0.441076 -4.47833 4
      vertex 0 -12.4 4
      vertex 0 -4.5 4
    endloop
  endfacet
  facet normal 0 0 1
    outer loop
      vertex -1.21541 -12.3403 4
      vertex -0.441076 -4.47833 4
      vertex -0.877906 -4.41353 4
    endloop
  endfacet
  facet normal 0 0 1
    outer loop
      vertex -0.441076 -4.47833 4
      vertex -1.21541 -12.3403 4
      vertex 0 -12.4 4
    endloop
  endfacet
  facet normal 0 0 1
    outer loop
      vertex -2.41912 -12.1617 4
      vertex -0.877906 -4.41353 4
      vertex -1.30628 -4.30623 4
    endloop
  endfacet
  facet normal 0 0 1
    outer loop
      vertex -3.59953 -11.8661 4
      vertex -1.30628 -4.30623 4
      vertex -1.72207 -4.15746 4
    endloop
  endfacet
  facet normal 0 0 1
    outer loop
      vertex -4.74527 -11.4561 4
      vertex -1.72207 -4.15746 4
      vertex -2.12128 -3.96865 4
    endloop
  endfacet
  facet normal 0 0 1
    outer loop
      vertex -0.877906 -4.41353 4
      vertex -2.41912 -12.1617 4
      vertex -1.21541 -12.3403 4
    endloop
  endfacet
  facet normal 0 0 1
    outer loop
      vertex -5.84532 -10.9358 4
      vertex -2.12128 -3.96865 4
      vertex -2.50007 -3.74161 4
    endloop
  endfacet
  facet normal 0 0 1
    outer loop
      vertex -6.88907 -10.3102 4
      vertex -2.50007 -3.74161 4
      vertex -2.85477 -3.47855 4
    endloop
  endfacet
  facet normal 0 0 1
    outer loop
      vertex -7.86648 -9.58533 4
      vertex -2.85477 -3.47855 4
      vertex -3.18198 -3.18198 4
    endloop
  endfacet
  facet normal 0 0 1
    outer loop
      vertex -8.76812 -8.76812 4
      vertex -3.18198 -3.18198 4
      vertex -3.47855 -2.85477 4
    endloop
  endfacet
  facet normal 0 0 1
    outer loop
      vertex -1.30628 -4.30623 4
      vertex -3.59953 -11.8661 4
      vertex -2.41912 -12.1617 4
    endloop
  endfacet
  facet normal 0 0 1
    outer loop
      vertex -9.58533 -7.86648 4
      vertex -3.47855 -2.85477 4
      vertex -3.74161 -2.50007 4
    endloop
  endfacet
  facet normal 0 0 1
    outer loop
      vertex -10.3102 -6.88907 4
      vertex -3.74161 -2.50007 4
      vertex -3.96865 -2.12128 4
    endloop
  endfacet
  facet normal 0 0 1
    outer loop
      vertex -10.9358 -5.84532 4
      vertex -3.96865 -2.12128 4
      vertex -4.15746 -1.72207 4
    endloop
  endfacet
  facet normal 0 0 1
    outer loop
      vertex -11.4561 -4.74527 4
      vertex -4.15746 -1.72207 4
      vertex -4.30623 -1.30628 4
    endloop
  endfacet
  facet normal 0 0 1
    outer loop
      vertex -11.8661 -3.59953 4
      vertex -4.30623 -1.30628 4
      vertex -4.41353 -0.877906 4
    endloop
  endfacet
  facet normal 0 0 1
    outer loop
      vertex -12.1617 -2.41912 4
      vertex -4.41353 -0.877906 4
      vertex -4.47833 -0.441076 4
    endloop
  endfacet
  facet normal 0 0 1
    outer loop
      vertex -1.72207 -4.15746 4
      vertex -4.74527 -11.4561 4
      vertex -3.59953 -11.8661 4
    endloop
  endfacet
  facet normal 0 0 1
    outer loop
      vertex -12.3403 -1.21541 4
      vertex -4.47833 -0.441076 4
      vertex -4.5 0 4
    endloop
  endfacet
  facet normal 0 0 1
    outer loop
      vertex -3.74161 2.50007 4
      vertex -10.3102 6.88907 4
      vertex -3.96865 2.12128 4
    endloop
  endfacet
  facet normal -0 0 1
    outer loop
      vertex -10.9358 5.84532 4
      vertex -3.96865 2.12128 4
      vertex -10.3102 6.88907 4
    endloop
  endfacet
  facet normal 0 0 1
    outer loop
      vertex -2.12128 -3.96865 4
      vertex -5.84532 -10.9358 4
      vertex -4.74527 -11.4561 4
    endloop
  endfacet
  facet normal 0 0 1
    outer loop
      vertex -3.96865 2.12128 4
      vertex -10.9358 5.84532 4
      vertex -4.15746 1.72207 4
    endloop
  endfacet
  facet normal 0 0 1
    outer loop
      vertex -2.50007 -3.74161 4
      vertex -6.88907 -10.3102 4
      vertex -5.84532 -10.9358 4
    endloop
  endfacet
  facet normal -0 0 1
    outer loop
      vertex -11.4561 4.74527 4
      vertex -4.15746 1.72207 4
      vertex -10.9358 5.84532 4
    endloop
  endfacet
  facet normal 0 0 1
    outer loop
      vertex -2.85477 -3.47855 4
      vertex -7.86648 -9.58533 4
      vertex -6.88907 -10.3102 4
    endloop
  endfacet
  facet normal 0 0 1
    outer loop
      vertex -4.15746 1.72207 4
      vertex -11.4561 4.74527 4
      vertex -4.30623 1.30628 4
    endloop
  endfacet
  facet normal 0 0 1
    outer loop
      vertex -3.18198 -3.18198 4
      vertex -8.76812 -8.76812 4
      vertex -7.86648 -9.58533 4
    endloop
  endfacet
  facet normal -0 0 1
    outer loop
      vertex -11.8661 3.59953 4
      vertex -4.30623 1.30628 4
      vertex -11.4561 4.74527 4
    endloop
  endfacet
  facet normal 0 0 1
    outer loop
      vertex -3.47855 -2.85477 4
      vertex -9.58533 -7.86648 4
      vertex -8.76812 -8.76812 4
    endloop
  endfacet
  facet normal 0 0 1
    outer loop
      vertex -4.30623 1.30628 4
      vertex -11.8661 3.59953 4
      vertex -4.41353 0.877906 4
    endloop
  endfacet
  facet normal 0 0 1
    outer loop
      vertex -3.74161 -2.50007 4
      vertex -10.3102 -6.88907 4
      vertex -9.58533 -7.86648 4
    endloop
  endfacet
  facet normal -0 0 1
    outer loop
      vertex -12.1617 2.41912 4
      vertex -4.41353 0.877906 4
      vertex -11.8661 3.59953 4
    endloop
  endfacet
  facet normal 0 0 1
    outer loop
      vertex -3.96865 -2.12128 4
      vertex -10.9358 -5.84532 4
      vertex -10.3102 -6.88907 4
    endloop
  endfacet
  facet normal 0 0 1
    outer loop
      vertex -4.41353 0.877906 4
      vertex -12.1617 2.41912 4
      vertex -4.47833 0.441076 4
    endloop
  endfacet
  facet normal 0 0 1
    outer loop
      vertex -4.15746 -1.72207 4
      vertex -11.4561 -4.74527 4
      vertex -10.9358 -5.84532 4
    endloop
  endfacet
  facet normal -0 0 1
    outer loop
      vertex -12.3403 1.21541 4
      vertex -4.47833 0.441076 4
      vertex -12.1617 2.41912 4
    endloop
  endfacet
  facet normal 0 0 1
    outer loop
      vertex -4.30623 -1.30628 4
      vertex -11.8661 -3.59953 4
      vertex -11.4561 -4.74527 4
    endloop
  endfacet
  facet normal 0 0 1
    outer loop
      vertex -4.47833 0.441076 4
      vertex -12.3403 1.21541 4
      vertex -4.5 0 4
    endloop
  endfacet
  facet normal 0 0 1
    outer loop
      vertex -4.41353 -0.877906 4
      vertex -12.1617 -2.41912 4
      vertex -11.8661 -3.59953 4
    endloop
  endfacet
  facet normal 0 0 1
    outer loop
      vertex -12.4 0 4
      vertex -4.5 0 4
      vertex -12.3403 1.21541 4
    endloop
  endfacet
  facet normal 0 0 1
    outer loop
      vertex -4.47833 -0.441076 4
      vertex -12.3403 -1.21541 4
      vertex -12.1617 -2.41912 4
    endloop
  endfacet
  facet normal 0 0 1
    outer loop
      vertex -4.5 0 4
      vertex -12.4 0 4
      vertex -12.3403 -1.21541 4
    endloop
  endfacet
  facet normal -0.803196 -0.595715 0
    outer loop
      vertex -10.0491 -8.24711 0.599999
      vertex -10.8091 -7.22241 0.6
      vertex -10.8091 -7.22241 0.599999
    endloop
  endfacet
  facet normal -0.803196 -0.595715 0
    outer loop
      vertex -10.8091 -7.22241 0.6
      vertex -10.0491 -8.24711 0.599999
      vertex -10.0491 -8.24711 0.6
    endloop
  endfacet
  facet normal -0.0347181 -0.706686 -0.706675
    outer loop
      vertex 0 -13 0.599999
      vertex -1.27422 -12.9374 0.599999
      vertex -1.21541 -12.3403 0
    endloop
  endfacet
  facet normal 0.568302 0.421499 -0.706662
    outer loop
      vertex 10.8091 7.22241 0.599999
      vertex 9.58533 7.86648 0
      vertex 10.0491 8.24711 0.599999
    endloop
  endfacet
  facet normal 0.238371 0.666186 0.706665
    outer loop
      vertex 4.97488 12.0104 3.4
      vertex 3.7737 12.4402 3.4
      vertex 4.74527 11.4561 4
    endloop
  endfacet
  facet normal -0.595715 -0.803196 0
    outer loop
      vertex -8.24711 -10.0491 0.599999
      vertex -7.22241 -10.8091 0.6
      vertex -8.24711 -10.0491 0.6
    endloop
  endfacet
  facet normal -0.595715 -0.803196 -0
    outer loop
      vertex -7.22241 -10.8091 0.6
      vertex -8.24711 -10.0491 0.599999
      vertex -7.22241 -10.8091 0.599999
    endloop
  endfacet
  facet normal -0.302487 -0.639627 -0.706667
    outer loop
      vertex -4.97488 -12.0104 0.599999
      vertex -6.12816 -11.465 0.599999
      vertex -4.74527 -11.4561 0
    endloop
  endfacet
  facet normal -0.238371 -0.666185 -0.706666
    outer loop
      vertex -3.7737 -12.4402 0.599999
      vertex -4.97488 -12.0104 0.599999
      vertex -4.74527 -11.4561 0
    endloop
  endfacet
  facet normal -0.363745 -0.606843 0.706705
    outer loop
      vertex -5.84532 -10.9358 4
      vertex -7.22241 -10.8091 3.4
      vertex -6.12816 -11.465 3.4
    endloop
  endfacet
  facet normal -0.514121 -0.857718 0
    outer loop
      vertex -7.22241 -10.8091 0.599999
      vertex -6.12816 -11.465 0.6
      vertex -7.22241 -10.8091 0.6
    endloop
  endfacet
  facet normal -0.514121 -0.857718 -0
    outer loop
      vertex -6.12816 -11.465 0.6
      vertex -7.22241 -10.8091 0.599999
      vertex -6.12816 -11.465 0.599999
    endloop
  endfacet
  facet normal -0.524255 0.475134 -0.706686
    outer loop
      vertex -8.76812 8.76812 0
      vertex -10.0491 8.24711 0.599999
      vertex -9.19239 9.19239 0.599999
    endloop
  endfacet
  facet normal -0.568303 0.421499 0.706662
    outer loop
      vertex -10.0491 8.24711 3.4
      vertex -10.8091 7.22241 3.4
      vertex -9.58533 7.86648 4
    endloop
  endfacet
  facet normal 0.606842 -0.363745 -0.706705
    outer loop
      vertex 11.465 -6.12816 0.599999
      vertex 10.8091 -7.22241 0.599999
      vertex 10.9358 -5.84532 0
    endloop
  endfacet
  facet normal 0.606863 0.36374 -0.70669
    outer loop
      vertex 10.9358 5.84532 0
      vertex 10.3102 6.88907 0
      vertex 10.8091 7.22241 0.599999
    endloop
  endfacet
  facet normal 0.803196 0.595715 0
    outer loop
      vertex 10.8091 7.22241 0.6
      vertex 10.0491 8.24711 0.599999
      vertex 10.0491 8.24711 0.6
    endloop
  endfacet
  facet normal 0.803196 0.595715 0
    outer loop
      vertex 10.0491 8.24711 0.599999
      vertex 10.8091 7.22241 0.6
      vertex 10.8091 7.22241 0.599999
    endloop
  endfacet
  facet normal 0.699858 -0.103818 0.706697
    outer loop
      vertex 12.9374 -1.27422 3.4
      vertex 12.1617 -2.41912 4
      vertex 12.7502 -2.53617 3.4
    endloop
  endfacet
  facet normal 0.475165 0.524257 -0.706663
    outer loop
      vertex 8.76812 8.76812 0
      vertex 7.86648 9.58533 0
      vertex 8.24711 10.0491 0.599999
    endloop
  endfacet
  facet normal 0.421499 0.568302 -0.706662
    outer loop
      vertex 7.86648 9.58533 0
      vertex 7.22241 10.8091 0.599999
      vertex 8.24711 10.0491 0.599999
    endloop
  endfacet
  facet normal -0.171883 0.686376 0.706643
    outer loop
      vertex -2.41912 12.1617 4
      vertex -3.7737 12.4402 3.4
      vertex -3.59953 11.8661 4
    endloop
  endfacet
  facet normal -0.686376 -0.171883 0.706643
    outer loop
      vertex -12.1617 -2.41912 4
      vertex -12.4402 -3.7737 3.4
      vertex -11.8661 -3.59953 4
    endloop
  endfacet
  facet normal 0.427516 0.904008 -0
    outer loop
      vertex 6.12816 11.465 0.599999
      vertex 4.97488 12.0104 0.6
      vertex 6.12816 11.465 0.6
    endloop
  endfacet
  facet normal 0.427516 0.904008 0
    outer loop
      vertex 4.97488 12.0104 0.6
      vertex 6.12816 11.465 0.599999
      vertex 4.97488 12.0104 0.599999
    endloop
  endfacet
  facet normal 0.421462 0.568296 0.706689
    outer loop
      vertex 7.22241 10.8091 3.4
      vertex 6.88907 10.3102 4
      vertex 7.86648 9.58533 4
    endloop
  endfacet
  facet normal 0.421499 0.568303 0.706662
    outer loop
      vertex 8.24711 10.0491 3.4
      vertex 7.22241 10.8091 3.4
      vertex 7.86648 9.58533 4
    endloop
  endfacet
  facet normal -0.36374 0.606864 0.706689
    outer loop
      vertex -5.84532 10.9358 4
      vertex -7.22241 10.8091 3.4
      vertex -6.88907 10.3102 4
    endloop
  endfacet
  facet normal -0.238397 -0.666199 0.706644
    outer loop
      vertex -3.59953 -11.8661 4
      vertex -4.74527 -11.4561 4
      vertex -3.7737 -12.4402 3.4
    endloop
  endfacet
  facet normal 0.103844 -0.699878 0.706674
    outer loop
      vertex 2.41912 -12.1617 4
      vertex 1.21541 -12.3403 4
      vertex 1.27422 -12.9374 3.4
    endloop
  endfacet
  facet normal 0.666186 0.238371 0.706665
    outer loop
      vertex 12.0104 4.97488 3.4
      vertex 11.4561 4.74527 4
      vertex 12.4402 3.7737 3.4
    endloop
  endfacet
  facet normal -0.475166 -0.524258 0.706662
    outer loop
      vertex -7.86648 -9.58533 4
      vertex -8.76812 -8.76812 4
      vertex -8.24711 -10.0491 3.4
    endloop
  endfacet
  facet normal 0.686376 0.171883 -0.706643
    outer loop
      vertex 12.1617 2.41912 0
      vertex 11.8661 3.59953 0
      vertex 12.4402 3.7737 0.599999
    endloop
  endfacet
  facet normal 0.639628 -0.302488 0.706666
    outer loop
      vertex 12.0104 -4.97488 3.4
      vertex 11.4561 -4.74527 4
      vertex 11.465 -6.12816 3.4
    endloop
  endfacet
  facet normal 0.904008 -0.427516 0
    outer loop
      vertex 11.465 -6.12816 0.6
      vertex 12.0104 -4.97488 0.599999
      vertex 12.0104 -4.97488 0.6
    endloop
  endfacet
  facet normal 0.904008 -0.427516 0
    outer loop
      vertex 12.0104 -4.97488 0.599999
      vertex 11.465 -6.12816 0.6
      vertex 11.465 -6.12816 0.599999
    endloop
  endfacet
  facet normal -0.36374 -0.606864 0.706689
    outer loop
      vertex -6.88907 -10.3102 4
      vertex -7.22241 -10.8091 3.4
      vertex -5.84532 -10.9358 4
    endloop
  endfacet
  facet normal 0.238397 0.666199 0.706644
    outer loop
      vertex 3.7737 12.4402 3.4
      vertex 3.59953 11.8661 4
      vertex 4.74527 11.4561 4
    endloop
  endfacet
  facet normal 0.0347116 -0.706681 0.706681
    outer loop
      vertex 0 -12.4 4
      vertex 0 -13 3.4
      vertex 1.21541 -12.3403 4
    endloop
  endfacet
  facet normal 0.706687 0.0347182 0.706674
    outer loop
      vertex 12.9374 1.27422 3.4
      vertex 12.3403 1.21541 4
      vertex 13 0 3.4
    endloop
  endfacet
  facet normal 0.998795 0.0490689 0
    outer loop
      vertex 13 0 0.6
      vertex 12.9374 1.27422 0.599999
      vertex 12.9374 1.27422 0.6
    endloop
  endfacet
  facet normal 0.998795 0.0490689 0
    outer loop
      vertex 12.9374 1.27422 0.599999
      vertex 13 0 0.6
      vertex 13 0 0.599999
    endloop
  endfacet
  facet normal 0.686311 0.17192 -0.706697
    outer loop
      vertex 12.7502 2.53617 0.599999
      vertex 12.1617 2.41912 0
      vertex 12.4402 3.7737 0.599999
    endloop
  endfacet
  facet normal 0.36374 -0.606863 -0.70669
    outer loop
      vertex 7.22241 -10.8091 0.599999
      vertex 5.84532 -10.9358 0
      vertex 6.88907 -10.3102 0
    endloop
  endfacet
  facet normal 0.421462 -0.568296 -0.706689
    outer loop
      vertex 7.22241 -10.8091 0.599999
      vertex 6.88907 -10.3102 0
      vertex 7.86648 -9.58533 0
    endloop
  endfacet
  facet normal 0.238371 -0.666185 -0.706666
    outer loop
      vertex 4.97488 -12.0104 0.599999
      vertex 3.7737 -12.4402 0.599999
      vertex 4.74527 -11.4561 0
    endloop
  endfacet
  facet normal 0.0490689 -0.998795 0
    outer loop
      vertex 0 -13 0.599999
      vertex 1.27422 -12.9374 0.6
      vertex 0 -13 0.6
    endloop
  endfacet
  facet normal 0.0490689 -0.998795 0
    outer loop
      vertex 1.27422 -12.9374 0.6
      vertex 0 -13 0.599999
      vertex 1.27422 -12.9374 0.599999
    endloop
  endfacet
  facet normal -0.146736 -0.989176 0
    outer loop
      vertex -2.53617 -12.7502 0.599999
      vertex -1.27422 -12.9374 0.6
      vertex -2.53617 -12.7502 0.6
    endloop
  endfacet
  facet normal -0.146736 -0.989176 -0
    outer loop
      vertex -1.27422 -12.9374 0.6
      vertex -2.53617 -12.7502 0.599999
      vertex -1.27422 -12.9374 0.599999
    endloop
  endfacet
  facet normal 0.421462 -0.568296 0.706689
    outer loop
      vertex 7.86648 -9.58533 4
      vertex 6.88907 -10.3102 4
      vertex 7.22241 -10.8091 3.4
    endloop
  endfacet
  facet normal 0.666185 -0.238371 -0.706666
    outer loop
      vertex 12.0104 -4.97488 0.599999
      vertex 11.4561 -4.74527 0
      vertex 12.4402 -3.7737 0.599999
    endloop
  endfacet
  facet normal 0.302505 -0.639575 0.706706
    outer loop
      vertex 5.84532 -10.9358 4
      vertex 4.74527 -11.4561 4
      vertex 6.12816 -11.465 3.4
    endloop
  endfacet
  facet normal 0.302488 -0.639628 0.706666
    outer loop
      vertex 6.12816 -11.465 3.4
      vertex 4.74527 -11.4561 4
      vertex 4.97488 -12.0104 3.4
    endloop
  endfacet
  facet normal 0.171883 -0.686376 -0.706643
    outer loop
      vertex 3.7737 -12.4402 0.599999
      vertex 2.41912 -12.1617 0
      vertex 3.59953 -11.8661 0
    endloop
  endfacet
  facet normal 0.475165 -0.524257 -0.706663
    outer loop
      vertex 8.24711 -10.0491 0.599999
      vertex 7.86648 -9.58533 0
      vertex 8.76812 -8.76812 0
    endloop
  endfacet
  facet normal 0.475134 -0.524255 -0.706686
    outer loop
      vertex 9.19239 -9.19239 0.599999
      vertex 8.24711 -10.0491 0.599999
      vertex 8.76812 -8.76812 0
    endloop
  endfacet
  facet normal 0.606842 0.363745 -0.706705
    outer loop
      vertex 10.9358 5.84532 0
      vertex 10.8091 7.22241 0.599999
      vertex 11.465 6.12816 0.599999
    endloop
  endfacet
  facet normal 0.671541 -0.740967 0
    outer loop
      vertex 8.24711 -10.0491 0.599999
      vertex 9.19239 -9.19239 0.6
      vertex 8.24711 -10.0491 0.6
    endloop
  endfacet
  facet normal 0.671541 -0.740967 0
    outer loop
      vertex 9.19239 -9.19239 0.6
      vertex 8.24711 -10.0491 0.599999
      vertex 9.19239 -9.19239 0.599999
    endloop
  endfacet
  facet normal -0.606842 0.363745 -0.706705
    outer loop
      vertex -10.9358 5.84532 0
      vertex -11.465 6.12816 0.599999
      vertex -10.8091 7.22241 0.599999
    endloop
  endfacet
  facet normal -0.336897 0.941541 0
    outer loop
      vertex -3.7737 12.4402 0.599999
      vertex -4.97488 12.0104 0.6
      vertex -3.7737 12.4402 0.6
    endloop
  endfacet
  facet normal -0.336897 0.941541 0
    outer loop
      vertex -4.97488 12.0104 0.6
      vertex -3.7737 12.4402 0.599999
      vertex -4.97488 12.0104 0.599999
    endloop
  endfacet
  facet normal -0.606843 -0.363745 0.706705
    outer loop
      vertex -10.9358 -5.84532 4
      vertex -11.465 -6.12816 3.4
      vertex -10.8091 -7.22241 3.4
    endloop
  endfacet
  facet normal -0.666186 0.238371 0.706665
    outer loop
      vertex -12.0104 4.97488 3.4
      vertex -12.4402 3.7737 3.4
      vertex -11.4561 4.74527 4
    endloop
  endfacet
  facet normal -0.103844 0.699877 -0.706674
    outer loop
      vertex -1.21541 12.3403 0
      vertex -2.41912 12.1617 0
      vertex -1.27422 12.9374 0.599999
    endloop
  endfacet
  facet normal -0.103818 0.699857 -0.706698
    outer loop
      vertex -2.41912 12.1617 0
      vertex -2.53617 12.7502 0.599999
      vertex -1.27422 12.9374 0.599999
    endloop
  endfacet
  facet normal -0.524258 0.475166 0.706662
    outer loop
      vertex -8.76812 8.76812 4
      vertex -10.0491 8.24711 3.4
      vertex -9.58533 7.86648 4
    endloop
  endfacet
  facet normal -0.740967 0.671541 0
    outer loop
      vertex -10.0491 8.24711 0.599999
      vertex -9.19239 9.19239 0.6
      vertex -9.19239 9.19239 0.599999
    endloop
  endfacet
  facet normal -0.740967 0.671541 0
    outer loop
      vertex -9.19239 9.19239 0.6
      vertex -10.0491 8.24711 0.599999
      vertex -10.0491 8.24711 0.6
    endloop
  endfacet
  facet normal -0.941541 0.336897 0
    outer loop
      vertex -12.4402 3.7737 0.599999
      vertex -12.0104 4.97488 0.6
      vertex -12.0104 4.97488 0.599999
    endloop
  endfacet
  facet normal -0.941541 0.336897 0
    outer loop
      vertex -12.0104 4.97488 0.6
      vertex -12.4402 3.7737 0.599999
      vertex -12.4402 3.7737 0.6
    endloop
  endfacet
  facet normal 0.606863 -0.36374 -0.70669
    outer loop
      vertex 10.8091 -7.22241 0.599999
      vertex 10.3102 -6.88907 0
      vertex 10.9358 -5.84532 0
    endloop
  endfacet
  facet normal -0.639628 0.302488 0.706666
    outer loop
      vertex -11.465 6.12816 3.4
      vertex -12.0104 4.97488 3.4
      vertex -11.4561 4.74527 4
    endloop
  endfacet
  facet normal -0.639628 -0.302488 0.706666
    outer loop
      vertex -11.4561 -4.74527 4
      vertex -12.0104 -4.97488 3.4
      vertex -11.465 -6.12816 3.4
    endloop
  endfacet
  facet normal -0.639575 -0.302505 -0.706707
    outer loop
      vertex -10.9358 -5.84532 0
      vertex -11.465 -6.12816 0.599999
      vertex -11.4561 -4.74527 0
    endloop
  endfacet
  facet normal -0.606842 -0.363745 -0.706705
    outer loop
      vertex -10.8091 -7.22241 0.599999
      vertex -11.465 -6.12816 0.599999
      vertex -10.9358 -5.84532 0
    endloop
  endfacet
  facet normal -0.686312 -0.17192 0.706696
    outer loop
      vertex -12.1617 -2.41912 4
      vertex -12.7502 -2.53617 3.4
      vertex -12.4402 -3.7737 3.4
    endloop
  endfacet
  facet normal -0.699858 -0.103818 0.706697
    outer loop
      vertex -12.1617 -2.41912 4
      vertex -12.9374 -1.27422 3.4
      vertex -12.7502 -2.53617 3.4
    endloop
  endfacet
  facet normal 0.606864 -0.36374 0.706689
    outer loop
      vertex 10.9358 -5.84532 4
      vertex 10.3102 -6.88907 4
      vertex 10.8091 -7.22241 3.4
    endloop
  endfacet
  facet normal 0.36374 -0.606864 0.706689
    outer loop
      vertex 6.88907 -10.3102 4
      vertex 5.84532 -10.9358 4
      vertex 7.22241 -10.8091 3.4
    endloop
  endfacet
  facet normal 0.524258 -0.475166 0.706662
    outer loop
      vertex 9.58533 -7.86648 4
      vertex 8.76812 -8.76812 4
      vertex 10.0491 -8.24711 3.4
    endloop
  endfacet
  facet normal -0.475134 0.524255 -0.706686
    outer loop
      vertex -8.76812 8.76812 0
      vertex -9.19239 9.19239 0.599999
      vertex -8.24711 10.0491 0.599999
    endloop
  endfacet
  facet normal 0.639627 0.302487 -0.706667
    outer loop
      vertex 12.0104 4.97488 0.599999
      vertex 11.4561 4.74527 0
      vertex 11.465 6.12816 0.599999
    endloop
  endfacet
  facet normal 0.671541 0.740967 -0
    outer loop
      vertex 9.19239 9.19239 0.599999
      vertex 8.24711 10.0491 0.6
      vertex 9.19239 9.19239 0.6
    endloop
  endfacet
  facet normal 0.671541 0.740967 0
    outer loop
      vertex 8.24711 10.0491 0.6
      vertex 9.19239 9.19239 0.599999
      vertex 8.24711 10.0491 0.599999
    endloop
  endfacet
  facet normal 0.666186 -0.238371 0.706665
    outer loop
      vertex 12.4402 -3.7737 3.4
      vertex 11.4561 -4.74527 4
      vertex 12.0104 -4.97488 3.4
    endloop
  endfacet
  facet normal 0.803196 -0.595715 0
    outer loop
      vertex 10.0491 -8.24711 0.6
      vertex 10.8091 -7.22241 0.599999
      vertex 10.8091 -7.22241 0.6
    endloop
  endfacet
  facet normal 0.803196 -0.595715 0
    outer loop
      vertex 10.8091 -7.22241 0.599999
      vertex 10.0491 -8.24711 0.6
      vertex 10.0491 -8.24711 0.599999
    endloop
  endfacet
  facet normal 0.0347116 -0.70668 -0.706681
    outer loop
      vertex 1.21541 -12.3403 0
      vertex 0 -13 0.599999
      vertex 0 -12.4 0
    endloop
  endfacet
  facet normal 0 0 -1
    outer loop
      vertex 9.5 0 0
      vertex 12.4 0 0
      vertex 12.3403 -1.21541 0
    endloop
  endfacet
  facet normal 0 0 -1
    outer loop
      vertex 9.45425 -0.931162 0
      vertex 12.3403 -1.21541 0
      vertex 12.1617 -2.41912 0
    endloop
  endfacet
  facet normal 0 0 -1
    outer loop
      vertex 12.4 0 0
      vertex 9.5 0 0
      vertex 12.3403 1.21541 0
    endloop
  endfacet
  facet normal 0 0 -1
    outer loop
      vertex 9.31746 -1.85336 0
      vertex 12.1617 -2.41912 0
      vertex 11.8661 -3.59953 0
    endloop
  endfacet
  facet normal 0 0 -1
    outer loop
      vertex 9.45425 0.931162 0
      vertex 12.3403 1.21541 0
      vertex 9.5 0 0
    endloop
  endfacet
  facet normal 0 0 -1
    outer loop
      vertex 9.09093 -2.7577 0
      vertex 11.8661 -3.59953 0
      vertex 11.4561 -4.74527 0
    endloop
  endfacet
  facet normal -0 0 -1
    outer loop
      vertex 12.3403 1.21541 0
      vertex 9.45425 0.931162 0
      vertex 12.1617 2.41912 0
    endloop
  endfacet
  facet normal 0 0 -1
    outer loop
      vertex 8.77686 -3.63549 0
      vertex 11.4561 -4.74527 0
      vertex 10.9358 -5.84532 0
    endloop
  endfacet
  facet normal 0 0 -1
    outer loop
      vertex 9.31746 1.85336 0
      vertex 12.1617 2.41912 0
      vertex 9.45425 0.931162 0
    endloop
  endfacet
  facet normal 0 0 -1
    outer loop
      vertex 8.37825 -4.47827 0
      vertex 10.9358 -5.84532 0
      vertex 10.3102 -6.88907 0
    endloop
  endfacet
  facet normal -0 0 -1
    outer loop
      vertex 12.1617 2.41912 0
      vertex 9.31746 1.85336 0
      vertex 11.8661 3.59953 0
    endloop
  endfacet
  facet normal 0 0 -1
    outer loop
      vertex 7.89896 -5.27792 0
      vertex 10.3102 -6.88907 0
      vertex 9.58533 -7.86648 0
    endloop
  endfacet
  facet normal 0 0 -1
    outer loop
      vertex 9.09093 2.7577 0
      vertex 11.8661 3.59953 0
      vertex 9.31746 1.85336 0
    endloop
  endfacet
  facet normal -0 0 -1
    outer loop
      vertex 11.8661 3.59953 0
      vertex 9.09093 2.7577 0
      vertex 11.4561 4.74527 0
    endloop
  endfacet
  facet normal 0 0 -1
    outer loop
      vertex 12.3403 -1.21541 0
      vertex 9.45425 -0.931162 0
      vertex 9.5 0 0
    endloop
  endfacet
  facet normal 0 0 -1
    outer loop
      vertex 12.1617 -2.41912 0
      vertex 9.31746 -1.85336 0
      vertex 9.45425 -0.931162 0
    endloop
  endfacet
  facet normal 0 0 -1
    outer loop
      vertex 11.8661 -3.59953 0
      vertex 9.09093 -2.7577 0
      vertex 9.31746 -1.85336 0
    endloop
  endfacet
  facet normal 0 0 -1
    outer loop
      vertex 11.4561 -4.74527 0
      vertex 8.77686 -3.63549 0
      vertex 9.09093 -2.7577 0
    endloop
  endfacet
  facet normal 0 0 -1
    outer loop
      vertex 7.3436 -6.02674 0
      vertex 9.58533 -7.86648 0
      vertex 8.76812 -8.76812 0
    endloop
  endfacet
  facet normal 0 0 -1
    outer loop
      vertex 10.9358 -5.84532 0
      vertex 8.37825 -4.47827 0
      vertex 8.77686 -3.63549 0
    endloop
  endfacet
  facet normal 0 0 -1
    outer loop
      vertex 10.3102 -6.88907 0
      vertex 7.89896 -5.27792 0
      vertex 8.37825 -4.47827 0
    endloop
  endfacet
  facet normal 0 0 -1
    outer loop
      vertex 6.71751 -6.71751 0
      vertex 8.76812 -8.76812 0
      vertex 7.86648 -9.58533 0
    endloop
  endfacet
  facet normal 0 0 -1
    outer loop
      vertex 9.58533 -7.86648 0
      vertex 7.3436 -6.02674 0
      vertex 7.89896 -5.27792 0
    endloop
  endfacet
  facet normal 0 0 -1
    outer loop
      vertex 6.02674 -7.3436 0
      vertex 7.86648 -9.58533 0
      vertex 6.88907 -10.3102 0
    endloop
  endfacet
  facet normal 0 0 -1
    outer loop
      vertex 8.76812 -8.76812 0
      vertex 6.71751 -6.71751 0
      vertex 7.3436 -6.02674 0
    endloop
  endfacet
  facet normal 0 0 -1
    outer loop
      vertex 7.86648 -9.58533 0
      vertex 6.02674 -7.3436 0
      vertex 6.71751 -6.71751 0
    endloop
  endfacet
  facet normal 0 0 -1
    outer loop
      vertex 5.27792 -7.89896 0
      vertex 6.88907 -10.3102 0
      vertex 5.84532 -10.9358 0
    endloop
  endfacet
  facet normal 0 0 -1
    outer loop
      vertex 6.88907 -10.3102 0
      vertex 5.27792 -7.89896 0
      vertex 6.02674 -7.3436 0
    endloop
  endfacet
  facet normal 0 0 -1
    outer loop
      vertex 4.47827 -8.37825 0
      vertex 5.84532 -10.9358 0
      vertex 4.74527 -11.4561 0
    endloop
  endfacet
  facet normal 0 0 -1
    outer loop
      vertex 5.84532 -10.9358 0
      vertex 4.47827 -8.37825 0
      vertex 5.27792 -7.89896 0
    endloop
  endfacet
  facet normal 0 0 -1
    outer loop
      vertex 4.74527 -11.4561 0
      vertex 3.63549 -8.77686 0
      vertex 4.47827 -8.37825 0
    endloop
  endfacet
  facet normal 0 0 -1
    outer loop
      vertex 3.59953 -11.8661 0
      vertex 3.63549 -8.77686 0
      vertex 4.74527 -11.4561 0
    endloop
  endfacet
  facet normal 0 0 -1
    outer loop
      vertex 3.59953 -11.8661 0
      vertex 2.7577 -9.09093 0
      vertex 3.63549 -8.77686 0
    endloop
  endfacet
  facet normal 0 0 -1
    outer loop
      vertex 2.41912 -12.1617 0
      vertex 2.7577 -9.09093 0
      vertex 3.59953 -11.8661 0
    endloop
  endfacet
  facet normal 0 0 -1
    outer loop
      vertex 2.41912 -12.1617 0
      vertex 1.85336 -9.31746 0
      vertex 2.7577 -9.09093 0
    endloop
  endfacet
  facet normal 0 0 -1
    outer loop
      vertex 1.21541 -12.3403 0
      vertex 1.85336 -9.31746 0
      vertex 2.41912 -12.1617 0
    endloop
  endfacet
  facet normal 0 0 -1
    outer loop
      vertex 1.21541 -12.3403 0
      vertex 0.931162 -9.45425 0
      vertex 1.85336 -9.31746 0
    endloop
  endfacet
  facet normal 0 0 -1
    outer loop
      vertex 0 -12.4 0
      vertex 0.931162 -9.45425 0
      vertex 1.21541 -12.3403 0
    endloop
  endfacet
  facet normal 0 0 -1
    outer loop
      vertex 0 -12.4 0
      vertex 0 -9.5 0
      vertex 0.931162 -9.45425 0
    endloop
  endfacet
  facet normal 0 0 -1
    outer loop
      vertex 0 -12.4 0
      vertex -0.931162 -9.45425 0
      vertex 0 -9.5 0
    endloop
  endfacet
  facet normal 0 0 -1
    outer loop
      vertex -1.21541 -12.3403 0
      vertex -0.931162 -9.45425 0
      vertex 0 -12.4 0
    endloop
  endfacet
  facet normal 0 0 -1
    outer loop
      vertex -1.21541 -12.3403 0
      vertex -1.85336 -9.31746 0
      vertex -0.931162 -9.45425 0
    endloop
  endfacet
  facet normal 0 0 -1
    outer loop
      vertex -2.41912 -12.1617 0
      vertex -1.85336 -9.31746 0
      vertex -1.21541 -12.3403 0
    endloop
  endfacet
  facet normal 0 0 -1
    outer loop
      vertex -2.41912 -12.1617 0
      vertex -2.7577 -9.09093 0
      vertex -1.85336 -9.31746 0
    endloop
  endfacet
  facet normal 0 0 -1
    outer loop
      vertex -3.59953 -11.8661 0
      vertex -2.7577 -9.09093 0
      vertex -2.41912 -12.1617 0
    endloop
  endfacet
  facet normal 0 0 -1
    outer loop
      vertex -3.59953 -11.8661 0
      vertex -3.63549 -8.77686 0
      vertex -2.7577 -9.09093 0
    endloop
  endfacet
  facet normal 0 0 -1
    outer loop
      vertex -4.74527 -11.4561 0
      vertex -3.63549 -8.77686 0
      vertex -3.59953 -11.8661 0
    endloop
  endfacet
  facet normal -0 0 -1
    outer loop
      vertex -3.63549 -8.77686 0
      vertex -4.74527 -11.4561 0
      vertex -4.47827 -8.37825 0
    endloop
  endfacet
  facet normal 0 0 -1
    outer loop
      vertex -5.84532 -10.9358 0
      vertex -4.47827 -8.37825 0
      vertex -4.74527 -11.4561 0
    endloop
  endfacet
  facet normal -0 0 -1
    outer loop
      vertex -4.47827 -8.37825 0
      vertex -5.84532 -10.9358 0
      vertex -5.27792 -7.89896 0
    endloop
  endfacet
  facet normal 0 0 -1
    outer loop
      vertex -6.88907 -10.3102 0
      vertex -5.27792 -7.89896 0
      vertex -5.84532 -10.9358 0
    endloop
  endfacet
  facet normal -0 0 -1
    outer loop
      vertex -5.27792 -7.89896 0
      vertex -6.88907 -10.3102 0
      vertex -6.02674 -7.3436 0
    endloop
  endfacet
  facet normal 0 0 -1
    outer loop
      vertex -7.86648 -9.58533 0
      vertex -6.02674 -7.3436 0
      vertex -6.88907 -10.3102 0
    endloop
  endfacet
  facet normal -0 0 -1
    outer loop
      vertex -6.02674 -7.3436 0
      vertex -7.86648 -9.58533 0
      vertex -6.71751 -6.71751 0
    endloop
  endfacet
  facet normal 0 0 -1
    outer loop
      vertex -8.76812 -8.76812 0
      vertex -6.71751 -6.71751 0
      vertex -7.86648 -9.58533 0
    endloop
  endfacet
  facet normal -0 0 -1
    outer loop
      vertex -6.71751 -6.71751 0
      vertex -8.76812 -8.76812 0
      vertex -7.3436 -6.02674 0
    endloop
  endfacet
  facet normal 0 0 -1
    outer loop
      vertex -9.58533 -7.86648 0
      vertex -7.3436 -6.02674 0
      vertex -8.76812 -8.76812 0
    endloop
  endfacet
  facet normal -0 0 -1
    outer loop
      vertex -7.3436 -6.02674 0
      vertex -9.58533 -7.86648 0
      vertex -7.89896 -5.27792 0
    endloop
  endfacet
  facet normal 0 0 -1
    outer loop
      vertex -10.3102 -6.88907 0
      vertex -7.89896 -5.27792 0
      vertex -9.58533 -7.86648 0
    endloop
  endfacet
  facet normal -0 0 -1
    outer loop
      vertex -7.89896 -5.27792 0
      vertex -10.3102 -6.88907 0
      vertex -8.37825 -4.47827 0
    endloop
  endfacet
  facet normal 0 0 -1
    outer loop
      vertex -10.9358 -5.84532 0
      vertex -8.37825 -4.47827 0
      vertex -10.3102 -6.88907 0
    endloop
  endfacet
  facet normal -0 0 -1
    outer loop
      vertex -8.37825 -4.47827 0
      vertex -10.9358 -5.84532 0
      vertex -8.77686 -3.63549 0
    endloop
  endfacet
  facet normal -0 0 -1
    outer loop
      vertex -8.77686 -3.63549 0
      vertex -11.4561 -4.74527 0
      vertex -9.09093 -2.7577 0
    endloop
  endfacet
  facet normal 0 0 -1
    outer loop
      vertex -11.4561 -4.74527 0
      vertex -8.77686 -3.63549 0
      vertex -10.9358 -5.84532 0
    endloop
  endfacet
  facet normal 0 0 -1
    outer loop
      vertex 8.77686 3.63549 0
      vertex 11.4561 4.74527 0
      vertex 9.09093 2.7577 0
    endloop
  endfacet
  facet normal -0 0 -1
    outer loop
      vertex 11.4561 4.74527 0
      vertex 8.77686 3.63549 0
      vertex 10.9358 5.84532 0
    endloop
  endfacet
  facet normal 0 0 -1
    outer loop
      vertex 8.37825 4.47827 0
      vertex 10.9358 5.84532 0
      vertex 8.77686 3.63549 0
    endloop
  endfacet
  facet normal -0 0 -1
    outer loop
      vertex 10.9358 5.84532 0
      vertex 8.37825 4.47827 0
      vertex 10.3102 6.88907 0
    endloop
  endfacet
  facet normal 0 0 -1
    outer loop
      vertex 7.89896 5.27792 0
      vertex 10.3102 6.88907 0
      vertex 8.37825 4.47827 0
    endloop
  endfacet
  facet normal -0 0 -1
    outer loop
      vertex 10.3102 6.88907 0
      vertex 7.89896 5.27792 0
      vertex 9.58533 7.86648 0
    endloop
  endfacet
  facet normal 0 0 -1
    outer loop
      vertex 7.3436 6.02674 0
      vertex 9.58533 7.86648 0
      vertex 7.89896 5.27792 0
    endloop
  endfacet
  facet normal -0 0 -1
    outer loop
      vertex 9.58533 7.86648 0
      vertex 7.3436 6.02674 0
      vertex 8.76812 8.76812 0
    endloop
  endfacet
  facet normal 0 0 -1
    outer loop
      vertex 6.71751 6.71751 0
      vertex 8.76812 8.76812 0
      vertex 7.3436 6.02674 0
    endloop
  endfacet
  facet normal -0 0 -1
    outer loop
      vertex 8.76812 8.76812 0
      vertex 6.71751 6.71751 0
      vertex 7.86648 9.58533 0
    endloop
  endfacet
  facet normal 0 0 -1
    outer loop
      vertex 6.02674 7.3436 0
      vertex 7.86648 9.58533 0
      vertex 6.71751 6.71751 0
    endloop
  endfacet
  facet normal -0 0 -1
    outer loop
      vertex 7.86648 9.58533 0
      vertex 6.02674 7.3436 0
      vertex 6.88907 10.3102 0
    endloop
  endfacet
  facet normal 0 0 -1
    outer loop
      vertex 5.27792 7.89896 0
      vertex 6.88907 10.3102 0
      vertex 6.02674 7.3436 0
    endloop
  endfacet
  facet normal -0 0 -1
    outer loop
      vertex 6.88907 10.3102 0
      vertex 5.27792 7.89896 0
      vertex 5.84532 10.9358 0
    endloop
  endfacet
  facet normal 0 0 -1
    outer loop
      vertex 4.47827 8.37825 0
      vertex 5.84532 10.9358 0
      vertex 5.27792 7.89896 0
    endloop
  endfacet
  facet normal -0 0 -1
    outer loop
      vertex 5.84532 10.9358 0
      vertex 4.47827 8.37825 0
      vertex 4.74527 11.4561 0
    endloop
  endfacet
  facet normal 0 0 -1
    outer loop
      vertex 3.63549 8.77686 0
      vertex 4.74527 11.4561 0
      vertex 4.47827 8.37825 0
    endloop
  endfacet
  facet normal 0 0 -1
    outer loop
      vertex 3.63549 8.77686 0
      vertex 3.59953 11.8661 0
      vertex 4.74527 11.4561 0
    endloop
  endfacet
  facet normal 0 0 -1
    outer loop
      vertex 2.7577 9.09093 0
      vertex 3.59953 11.8661 0
      vertex 3.63549 8.77686 0
    endloop
  endfacet
  facet normal 0 0 -1
    outer loop
      vertex 2.7577 9.09093 0
      vertex 2.41912 12.1617 0
      vertex 3.59953 11.8661 0
    endloop
  endfacet
  facet normal 0 0 -1
    outer loop
      vertex 1.85336 9.31746 0
      vertex 2.41912 12.1617 0
      vertex 2.7577 9.09093 0
    endloop
  endfacet
  facet normal 0 0 -1
    outer loop
      vertex 1.85336 9.31746 0
      vertex 1.21541 12.3403 0
      vertex 2.41912 12.1617 0
    endloop
  endfacet
  facet normal 0 0 -1
    outer loop
      vertex 0.931162 9.45425 0
      vertex 1.21541 12.3403 0
      vertex 1.85336 9.31746 0
    endloop
  endfacet
  facet normal 0 0 -1
    outer loop
      vertex 0 9.5 0
      vertex 1.21541 12.3403 0
      vertex 0.931162 9.45425 0
    endloop
  endfacet
  facet normal 0 0 -1
    outer loop
      vertex 0 9.5 0
      vertex 0 12.4 0
      vertex 1.21541 12.3403 0
    endloop
  endfacet
  facet normal 0 0 -1
    outer loop
      vertex -0.931162 9.45425 0
      vertex 0 12.4 0
      vertex 0 9.5 0
    endloop
  endfacet
  facet normal 0 0 -1
    outer loop
      vertex -0.931162 9.45425 0
      vertex -1.21541 12.3403 0
      vertex 0 12.4 0
    endloop
  endfacet
  facet normal 0 0 -1
    outer loop
      vertex -1.85336 9.31746 0
      vertex -1.21541 12.3403 0
      vertex -0.931162 9.45425 0
    endloop
  endfacet
  facet normal 0 0 -1
    outer loop
      vertex -1.85336 9.31746 0
      vertex -2.41912 12.1617 0
      vertex -1.21541 12.3403 0
    endloop
  endfacet
  facet normal 0 0 -1
    outer loop
      vertex -2.7577 9.09093 0
      vertex -2.41912 12.1617 0
      vertex -1.85336 9.31746 0
    endloop
  endfacet
  facet normal 0 0 -1
    outer loop
      vertex -2.7577 9.09093 0
      vertex -3.59953 11.8661 0
      vertex -2.41912 12.1617 0
    endloop
  endfacet
  facet normal 0 0 -1
    outer loop
      vertex -3.63549 8.77686 0
      vertex -3.59953 11.8661 0
      vertex -2.7577 9.09093 0
    endloop
  endfacet
  facet normal 0 0 -1
    outer loop
      vertex -4.74527 11.4561 0
      vertex -3.63549 8.77686 0
      vertex -4.47827 8.37825 0
    endloop
  endfacet
  facet normal 0 0 -1
    outer loop
      vertex -3.63549 8.77686 0
      vertex -4.74527 11.4561 0
      vertex -3.59953 11.8661 0
    endloop
  endfacet
  facet normal 0 0 -1
    outer loop
      vertex -5.84532 10.9358 0
      vertex -4.47827 8.37825 0
      vertex -5.27792 7.89896 0
    endloop
  endfacet
  facet normal 0 0 -1
    outer loop
      vertex -4.47827 8.37825 0
      vertex -5.84532 10.9358 0
      vertex -4.74527 11.4561 0
    endloop
  endfacet
  facet normal 0 0 -1
    outer loop
      vertex -6.88907 10.3102 0
      vertex -5.27792 7.89896 0
      vertex -6.02674 7.3436 0
    endloop
  endfacet
  facet normal 0 0 -1
    outer loop
      vertex -7.86648 9.58533 0
      vertex -6.02674 7.3436 0
      vertex -6.71751 6.71751 0
    endloop
  endfacet
  facet normal 0 0 -1
    outer loop
      vertex -5.27792 7.89896 0
      vertex -6.88907 10.3102 0
      vertex -5.84532 10.9358 0
    endloop
  endfacet
  facet normal 0 0 -1
    outer loop
      vertex -8.76812 8.76812 0
      vertex -6.71751 6.71751 0
      vertex -7.3436 6.02674 0
    endloop
  endfacet
  facet normal 0 0 -1
    outer loop
      vertex -6.02674 7.3436 0
      vertex -7.86648 9.58533 0
      vertex -6.88907 10.3102 0
    endloop
  endfacet
  facet normal 0 0 -1
    outer loop
      vertex -9.58533 7.86648 0
      vertex -7.3436 6.02674 0
      vertex -7.89896 5.27792 0
    endloop
  endfacet
  facet normal 0 0 -1
    outer loop
      vertex -10.3102 6.88907 0
      vertex -7.89896 5.27792 0
      vertex -8.37825 4.47827 0
    endloop
  endfacet
  facet normal 0 0 -1
    outer loop
      vertex -6.71751 6.71751 0
      vertex -8.76812 8.76812 0
      vertex -7.86648 9.58533 0
    endloop
  endfacet
  facet normal 0 0 -1
    outer loop
      vertex -10.9358 5.84532 0
      vertex -8.37825 4.47827 0
      vertex -8.77686 3.63549 0
    endloop
  endfacet
  facet normal 0 0 -1
    outer loop
      vertex -11.4561 4.74527 0
      vertex -8.77686 3.63549 0
      vertex -9.09093 2.7577 0
    endloop
  endfacet
  facet normal 0 0 -1
    outer loop
      vertex -11.8661 3.59953 0
      vertex -9.09093 2.7577 0
      vertex -9.31746 1.85336 0
    endloop
  endfacet
  facet normal 0 0 -1
    outer loop
      vertex -12.1617 2.41912 0
      vertex -9.31746 1.85336 0
      vertex -9.45425 0.931162 0
    endloop
  endfacet
  facet normal 0 0 -1
    outer loop
      vertex -7.3436 6.02674 0
      vertex -9.58533 7.86648 0
      vertex -8.76812 8.76812 0
    endloop
  endfacet
  facet normal 0 0 -1
    outer loop
      vertex -12.3403 1.21541 0
      vertex -9.45425 0.931162 0
      vertex -9.5 0 0
    endloop
  endfacet
  facet normal 0 0 -1
    outer loop
      vertex -11.8661 -3.59953 0
      vertex -9.09093 -2.7577 0
      vertex -11.4561 -4.74527 0
    endloop
  endfacet
  facet normal -0 0 -1
    outer loop
      vertex -9.09093 -2.7577 0
      vertex -11.8661 -3.59953 0
      vertex -9.31746 -1.85336 0
    endloop
  endfacet
  facet normal 0 0 -1
    outer loop
      vertex -7.89896 5.27792 0
      vertex -10.3102 6.88907 0
      vertex -9.58533 7.86648 0
    endloop
  endfacet
  facet normal 0 0 -1
    outer loop
      vertex -12.1617 -2.41912 0
      vertex -9.31746 -1.85336 0
      vertex -11.8661 -3.59953 0
    endloop
  endfacet
  facet normal 0 0 -1
    outer loop
      vertex -8.37825 4.47827 0
      vertex -10.9358 5.84532 0
      vertex -10.3102 6.88907 0
    endloop
  endfacet
  facet normal -0 0 -1
    outer loop
      vertex -9.31746 -1.85336 0
      vertex -12.1617 -2.41912 0
      vertex -9.45425 -0.931162 0
    endloop
  endfacet
  facet normal 0 0 -1
    outer loop
      vertex -8.77686 3.63549 0
      vertex -11.4561 4.74527 0
      vertex -10.9358 5.84532 0
    endloop
  endfacet
  facet normal 0 0 -1
    outer loop
      vertex -12.3403 -1.21541 0
      vertex -9.45425 -0.931162 0
      vertex -12.1617 -2.41912 0
    endloop
  endfacet
  facet normal 0 0 -1
    outer loop
      vertex -9.09093 2.7577 0
      vertex -11.8661 3.59953 0
      vertex -11.4561 4.74527 0
    endloop
  endfacet
  facet normal -0 0 -1
    outer loop
      vertex -9.45425 -0.931162 0
      vertex -12.3403 -1.21541 0
      vertex -9.5 0 0
    endloop
  endfacet
  facet normal 0 0 -1
    outer loop
      vertex -9.31746 1.85336 0
      vertex -12.1617 2.41912 0
      vertex -11.8661 3.59953 0
    endloop
  endfacet
  facet normal 0 0 -1
    outer loop
      vertex -12.4 0 0
      vertex -9.5 0 0
      vertex -12.3403 -1.21541 0
    endloop
  endfacet
  facet normal 0 0 -1
    outer loop
      vertex -9.45425 0.931162 0
      vertex -12.3403 1.21541 0
      vertex -12.1617 2.41912 0
    endloop
  endfacet
  facet normal 0 0 -1
    outer loop
      vertex -9.5 0 0
      vertex -12.4 0 0
      vertex -12.3403 1.21541 0
    endloop
  endfacet
  facet normal 0 0 -1
    outer loop
      vertex 1.52499 0 0
      vertex 5.25 0 0
      vertex 5.22472 -0.514589 0
    endloop
  endfacet
  facet normal 0 0 -1
    outer loop
      vertex 1.51765 -0.149475 0
      vertex 5.22472 -0.514589 0
      vertex 5.14912 -1.02422 0
    endloop
  endfacet
  facet normal 0 0 -1
    outer loop
      vertex 5.25 0 0
      vertex 1.52499 0 0
      vertex 5.22472 0.514589 0
    endloop
  endfacet
  facet normal 0 0 -1
    outer loop
      vertex 1.4957 -0.297501 0
      vertex 5.14912 -1.02422 0
      vertex 5.02394 -1.52399 0
    endloop
  endfacet
  facet normal 0 0 -1
    outer loop
      vertex 1.51765 0.149475 0
      vertex 5.22472 0.514589 0
      vertex 1.52499 0 0
    endloop
  endfacet
  facet normal 0 0 -1
    outer loop
      vertex 1.45932 -0.442673 0
      vertex 5.02394 -1.52399 0
      vertex 4.85037 -2.00909 0
    endloop
  endfacet
  facet normal -0 0 -1
    outer loop
      vertex 5.22472 0.514589 0
      vertex 1.51765 0.149475 0
      vertex 5.14912 1.02422 0
    endloop
  endfacet
  facet normal 0 0 -1
    outer loop
      vertex 1.40891 -0.583588 0
      vertex 4.85037 -2.00909 0
      vertex 4.63009 -2.47483 0
    endloop
  endfacet
  facet normal 0 0 -1
    outer loop
      vertex 1.4957 0.297501 0
      vertex 5.14912 1.02422 0
      vertex 1.51765 0.149475 0
    endloop
  endfacet
  facet normal 0 0 -1
    outer loop
      vertex 1.34492 -0.718872 0
      vertex 4.63009 -2.47483 0
      vertex 4.36522 -2.91674 0
    endloop
  endfacet
  facet normal -0 0 -1
    outer loop
      vertex 5.14912 1.02422 0
      vertex 1.4957 0.297501 0
      vertex 5.02394 1.52399 0
    endloop
  endfacet
  facet normal 0 0 -1
    outer loop
      vertex 1.26799 -0.847244 0
      vertex 4.36522 -2.91674 0
      vertex 4.0583 -3.33056 0
    endloop
  endfacet
  facet normal 0 0 -1
    outer loop
      vertex 1.45932 0.442673 0
      vertex 5.02394 1.52399 0
      vertex 1.4957 0.297501 0
    endloop
  endfacet
  facet normal 0 0 -1
    outer loop
      vertex 1.17883 -0.967438 0
      vertex 4.0583 -3.33056 0
      vertex 3.71231 -3.71231 0
    endloop
  endfacet
  facet normal -0 0 -1
    outer loop
      vertex 5.02394 1.52399 0
      vertex 1.45932 0.442673 0
      vertex 4.85037 2.00909 0
    endloop
  endfacet
  facet normal 0 0 -1
    outer loop
      vertex 1.07832 -1.07832 0
      vertex 3.71231 -3.71231 0
      vertex 3.33056 -4.0583 0
    endloop
  endfacet
  facet normal 0 0 -1
    outer loop
      vertex 1.40891 0.583588 0
      vertex 4.85037 2.00909 0
      vertex 1.45932 0.442673 0
    endloop
  endfacet
  facet normal 0 0 -1
    outer loop
      vertex 0.967438 -1.17883 0
      vertex 3.33056 -4.0583 0
      vertex 2.91674 -4.36522 0
    endloop
  endfacet
  facet normal -0 0 -1
    outer loop
      vertex 4.85037 2.00909 0
      vertex 1.40891 0.583588 0
      vertex 4.63009 2.47483 0
    endloop
  endfacet
  facet normal 0 0 -1
    outer loop
      vertex 0.847244 -1.26799 0
      vertex 2.91674 -4.36522 0
      vertex 2.47483 -4.63009 0
    endloop
  endfacet
  facet normal 0 0 -1
    outer loop
      vertex 1.34492 0.718872 0
      vertex 4.63009 2.47483 0
      vertex 1.40891 0.583588 0
    endloop
  endfacet
  facet normal 0 0 -1
    outer loop
      vertex 0.718872 -1.34492 0
      vertex 2.47483 -4.63009 0
      vertex 2.00909 -4.85037 0
    endloop
  endfacet
  facet normal -0 0 -1
    outer loop
      vertex 4.63009 2.47483 0
      vertex 1.34492 0.718872 0
      vertex 4.36522 2.91674 0
    endloop
  endfacet
  facet normal 0 0 -1
    outer loop
      vertex 1.26799 0.847244 0
      vertex 4.36522 2.91674 0
      vertex 1.34492 0.718872 0
    endloop
  endfacet
  facet normal 0 0 -1
    outer loop
      vertex 0.583588 -1.40891 0
      vertex 2.00909 -4.85037 0
      vertex 1.52399 -5.02394 0
    endloop
  endfacet
  facet normal 0 0 -1
    outer loop
      vertex 5.22472 -0.514589 0
      vertex 1.51765 -0.149475 0
      vertex 1.52499 0 0
    endloop
  endfacet
  facet normal 0 0 -1
    outer loop
      vertex 5.14912 -1.02422 0
      vertex 1.4957 -0.297501 0
      vertex 1.51765 -0.149475 0
    endloop
  endfacet
  facet normal 0 0 -1
    outer loop
      vertex 5.02394 -1.52399 0
      vertex 1.45932 -0.442673 0
      vertex 1.4957 -0.297501 0
    endloop
  endfacet
  facet normal 0 0 -1
    outer loop
      vertex 4.85037 -2.00909 0
      vertex 1.40891 -0.583588 0
      vertex 1.45932 -0.442673 0
    endloop
  endfacet
  facet normal 0 0 -1
    outer loop
      vertex 4.63009 -2.47483 0
      vertex 1.34492 -0.718872 0
      vertex 1.40891 -0.583588 0
    endloop
  endfacet
  facet normal 0 0 -1
    outer loop
      vertex 4.36522 -2.91674 0
      vertex 1.26799 -0.847244 0
      vertex 1.34492 -0.718872 0
    endloop
  endfacet
  facet normal 0 0 -1
    outer loop
      vertex 4.0583 -3.33056 0
      vertex 1.17883 -0.967438 0
      vertex 1.26799 -0.847244 0
    endloop
  endfacet
  facet normal 0 0 -1
    outer loop
      vertex 3.71231 -3.71231 0
      vertex 1.07832 -1.07832 0
      vertex 1.17883 -0.967438 0
    endloop
  endfacet
  facet normal 0 0 -1
    outer loop
      vertex 0.442673 -1.45932 0
      vertex 1.52399 -5.02394 0
      vertex 1.02422 -5.14912 0
    endloop
  endfacet
  facet normal 0 0 -1
    outer loop
      vertex 3.33056 -4.0583 0
      vertex 0.967438 -1.17883 0
      vertex 1.07832 -1.07832 0
    endloop
  endfacet
  facet normal 0 0 -1
    outer loop
      vertex 2.91674 -4.36522 0
      vertex 0.847244 -1.26799 0
      vertex 0.967438 -1.17883 0
    endloop
  endfacet
  facet normal 0 0 -1
    outer loop
      vertex 2.47483 -4.63009 0
      vertex 0.718872 -1.34492 0
      vertex 0.847244 -1.26799 0
    endloop
  endfacet
  facet normal 0 0 -1
    outer loop
      vertex 2.00909 -4.85037 0
      vertex 0.583588 -1.40891 0
      vertex 0.718872 -1.34492 0
    endloop
  endfacet
  facet normal 0 0 -1
    outer loop
      vertex 0.297501 -1.4957 0
      vertex 1.02422 -5.14912 0
      vertex 0.514589 -5.22472 0
    endloop
  endfacet
  facet normal 0 0 -1
    outer loop
      vertex 1.52399 -5.02394 0
      vertex 0.442673 -1.45932 0
      vertex 0.583588 -1.40891 0
    endloop
  endfacet
  facet normal 0 0 -1
    outer loop
      vertex 1.02422 -5.14912 0
      vertex 0.297501 -1.4957 0
      vertex 0.442673 -1.45932 0
    endloop
  endfacet
  facet normal 0 0 -1
    outer loop
      vertex 0.514589 -5.22472 0
      vertex 0.149475 -1.51765 0
      vertex 0.297501 -1.4957 0
    endloop
  endfacet
  facet normal 0 0 -1
    outer loop
      vertex 0 -5.25 0
      vertex 0.149475 -1.51765 0
      vertex 0.514589 -5.22472 0
    endloop
  endfacet
  facet normal 0 0 -1
    outer loop
      vertex 0 -5.25 0
      vertex 0 -1.52499 0
      vertex 0.149475 -1.51765 0
    endloop
  endfacet
  facet normal 0 0 -1
    outer loop
      vertex 0 -5.25 0
      vertex -0.149475 -1.51765 0
      vertex 0 -1.52499 0
    endloop
  endfacet
  facet normal 0 0 -1
    outer loop
      vertex -0.514589 -5.22472 0
      vertex -0.149475 -1.51765 0
      vertex 0 -5.25 0
    endloop
  endfacet
  facet normal -0 0 -1
    outer loop
      vertex -0.149475 -1.51765 0
      vertex -0.514589 -5.22472 0
      vertex -0.297501 -1.4957 0
    endloop
  endfacet
  facet normal 0 0 -1
    outer loop
      vertex -1.02422 -5.14912 0
      vertex -0.297501 -1.4957 0
      vertex -0.514589 -5.22472 0
    endloop
  endfacet
  facet normal -0 0 -1
    outer loop
      vertex -0.297501 -1.4957 0
      vertex -1.02422 -5.14912 0
      vertex -0.442673 -1.45932 0
    endloop
  endfacet
  facet normal 0 0 -1
    outer loop
      vertex -1.52399 -5.02394 0
      vertex -0.442673 -1.45932 0
      vertex -1.02422 -5.14912 0
    endloop
  endfacet
  facet normal -0 0 -1
    outer loop
      vertex -0.442673 -1.45932 0
      vertex -1.52399 -5.02394 0
      vertex -0.583588 -1.40891 0
    endloop
  endfacet
  facet normal 0 0 -1
    outer loop
      vertex -2.00909 -4.85037 0
      vertex -0.583588 -1.40891 0
      vertex -1.52399 -5.02394 0
    endloop
  endfacet
  facet normal -0 0 -1
    outer loop
      vertex -0.583588 -1.40891 0
      vertex -2.00909 -4.85037 0
      vertex -0.718872 -1.34492 0
    endloop
  endfacet
  facet normal 0 0 -1
    outer loop
      vertex -2.47483 -4.63009 0
      vertex -0.718872 -1.34492 0
      vertex -2.00909 -4.85037 0
    endloop
  endfacet
  facet normal -0 0 -1
    outer loop
      vertex -0.718872 -1.34492 0
      vertex -2.47483 -4.63009 0
      vertex -0.847244 -1.26799 0
    endloop
  endfacet
  facet normal 0 0 -1
    outer loop
      vertex -2.91674 -4.36522 0
      vertex -0.847244 -1.26799 0
      vertex -2.47483 -4.63009 0
    endloop
  endfacet
  facet normal -0 0 -1
    outer loop
      vertex -0.847244 -1.26799 0
      vertex -2.91674 -4.36522 0
      vertex -0.967438 -1.17883 0
    endloop
  endfacet
  facet normal 0 0 -1
    outer loop
      vertex -3.33056 -4.0583 0
      vertex -0.967438 -1.17883 0
      vertex -2.91674 -4.36522 0
    endloop
  endfacet
  facet normal -0 0 -1
    outer loop
      vertex -0.967438 -1.17883 0
      vertex -3.33056 -4.0583 0
      vertex -1.07832 -1.07832 0
    endloop
  endfacet
  facet normal 0 0 -1
    outer loop
      vertex -3.71231 -3.71231 0
      vertex -1.07832 -1.07832 0
      vertex -3.33056 -4.0583 0
    endloop
  endfacet
  facet normal -0 0 -1
    outer loop
      vertex -1.07832 -1.07832 0
      vertex -3.71231 -3.71231 0
      vertex -1.17883 -0.967438 0
    endloop
  endfacet
  facet normal 0 0 -1
    outer loop
      vertex -4.0583 -3.33056 0
      vertex -1.17883 -0.967438 0
      vertex -3.71231 -3.71231 0
    endloop
  endfacet
  facet normal -0 0 -1
    outer loop
      vertex -1.17883 -0.967438 0
      vertex -4.0583 -3.33056 0
      vertex -1.26799 -0.847244 0
    endloop
  endfacet
  facet normal 0 0 -1
    outer loop
      vertex -4.36522 -2.91674 0
      vertex -1.26799 -0.847244 0
      vertex -4.0583 -3.33056 0
    endloop
  endfacet
  facet normal -0 0 -1
    outer loop
      vertex 4.36522 2.91674 0
      vertex 1.26799 0.847244 0
      vertex 4.0583 3.33056 0
    endloop
  endfacet
  facet normal 0 0 -1
    outer loop
      vertex 1.17883 0.967438 0
      vertex 4.0583 3.33056 0
      vertex 1.26799 0.847244 0
    endloop
  endfacet
  facet normal 0 0 -1
    outer loop
      vertex 1.12666 1.02499 0
      vertex 4.0583 3.33056 0
      vertex 1.17883 0.967438 0
    endloop
  endfacet
  facet normal -0 0 -1
    outer loop
      vertex 4.0583 3.33056 0
      vertex 1.12666 1.02499 0
      vertex 3.71231 3.71231 0
    endloop
  endfacet
  facet normal -0 0 -1
    outer loop
      vertex 3.71231 3.71231 0
      vertex 1.12666 1.02499 0
      vertex 3.33056 4.0583 0
    endloop
  endfacet
  facet normal -0 0 -1
    outer loop
      vertex 3.33056 4.0583 0
      vertex 1.12666 1.02499 0
      vertex 2.91674 4.36522 0
    endloop
  endfacet
  facet normal -0 0 -1
    outer loop
      vertex 2.91674 4.36522 0
      vertex 1.12666 1.02499 0
      vertex 2.47483 4.63009 0
    endloop
  endfacet
  facet normal -0 0 -1
    outer loop
      vertex 2.47483 4.63009 0
      vertex 1.12666 1.02499 0
      vertex 2.00909 4.85037 0
    endloop
  endfacet
  facet normal -0 0 -1
    outer loop
      vertex 2.00909 4.85037 0
      vertex 1.12666 1.02499 0
      vertex 1.52399 5.02394 0
    endloop
  endfacet
  facet normal 0 0 -1
    outer loop
      vertex 1.12666 1.02499 0
      vertex 1.02422 5.14912 0
      vertex 1.52399 5.02394 0
    endloop
  endfacet
  facet normal 0 0 -1
    outer loop
      vertex 1.12666 1.02499 0
      vertex 0.514589 5.22472 0
      vertex 1.02422 5.14912 0
    endloop
  endfacet
  facet normal 0 0 -1
    outer loop
      vertex 1.12666 1.02499 0
      vertex 0 5.25 0
      vertex 0.514589 5.22472 0
    endloop
  endfacet
  facet normal 0 0 -1
    outer loop
      vertex -1.12666 1.02499 0
      vertex 0 5.25 0
      vertex 1.12666 1.02499 0
    endloop
  endfacet
  facet normal 0 0 -1
    outer loop
      vertex 0 5.25 0
      vertex -1.12666 1.02499 0
      vertex -0.514589 5.22472 0
    endloop
  endfacet
  facet normal 0 0 -1
    outer loop
      vertex -0.514589 5.22472 0
      vertex -1.12666 1.02499 0
      vertex -1.02422 5.14912 0
    endloop
  endfacet
  facet normal 0 0 -1
    outer loop
      vertex -4.0583 3.33056 0
      vertex -1.12666 1.02499 0
      vertex -1.17883 0.967438 0
    endloop
  endfacet
  facet normal 0 0 -1
    outer loop
      vertex -4.0583 3.33056 0
      vertex -1.17883 0.967438 0
      vertex -1.26799 0.847244 0
    endloop
  endfacet
  facet normal 0 0 -1
    outer loop
      vertex -4.36522 2.91674 0
      vertex -1.26799 0.847244 0
      vertex -1.34492 0.718872 0
    endloop
  endfacet
  facet normal 0 0 -1
    outer loop
      vertex -4.63009 2.47483 0
      vertex -1.34492 0.718872 0
      vertex -1.40891 0.583588 0
    endloop
  endfacet
  facet normal 0 0 -1
    outer loop
      vertex -4.85037 2.00909 0
      vertex -1.40891 0.583588 0
      vertex -1.45932 0.442673 0
    endloop
  endfacet
  facet normal 0 0 -1
    outer loop
      vertex -5.02394 1.52399 0
      vertex -1.45932 0.442673 0
      vertex -1.4957 0.297501 0
    endloop
  endfacet
  facet normal 0 0 -1
    outer loop
      vertex -5.14912 1.02422 0
      vertex -1.4957 0.297501 0
      vertex -1.51765 0.149475 0
    endloop
  endfacet
  facet normal 0 0 -1
    outer loop
      vertex -1.12666 1.02499 0
      vertex -1.52399 5.02394 0
      vertex -1.02422 5.14912 0
    endloop
  endfacet
  facet normal 0 0 -1
    outer loop
      vertex -5.22472 0.514589 0
      vertex -1.51765 0.149475 0
      vertex -1.52499 0 0
    endloop
  endfacet
  facet normal -0 0 -1
    outer loop
      vertex -1.26799 -0.847244 0
      vertex -4.36522 -2.91674 0
      vertex -1.34492 -0.718872 0
    endloop
  endfacet
  facet normal 0 0 -1
    outer loop
      vertex -1.12666 1.02499 0
      vertex -2.00909 4.85037 0
      vertex -1.52399 5.02394 0
    endloop
  endfacet
  facet normal 0 0 -1
    outer loop
      vertex -4.63009 -2.47483 0
      vertex -1.34492 -0.718872 0
      vertex -4.36522 -2.91674 0
    endloop
  endfacet
  facet normal 0 0 -1
    outer loop
      vertex -1.12666 1.02499 0
      vertex -2.47483 4.63009 0
      vertex -2.00909 4.85037 0
    endloop
  endfacet
  facet normal -0 0 -1
    outer loop
      vertex -1.34492 -0.718872 0
      vertex -4.63009 -2.47483 0
      vertex -1.40891 -0.583588 0
    endloop
  endfacet
  facet normal 0 0 -1
    outer loop
      vertex -1.12666 1.02499 0
      vertex -2.91674 4.36522 0
      vertex -2.47483 4.63009 0
    endloop
  endfacet
  facet normal 0 0 -1
    outer loop
      vertex -4.85037 -2.00909 0
      vertex -1.40891 -0.583588 0
      vertex -4.63009 -2.47483 0
    endloop
  endfacet
  facet normal 0 0 -1
    outer loop
      vertex -1.12666 1.02499 0
      vertex -3.33056 4.0583 0
      vertex -2.91674 4.36522 0
    endloop
  endfacet
  facet normal -0 0 -1
    outer loop
      vertex -1.40891 -0.583588 0
      vertex -4.85037 -2.00909 0
      vertex -1.45932 -0.442673 0
    endloop
  endfacet
  facet normal 0 0 -1
    outer loop
      vertex -1.12666 1.02499 0
      vertex -3.71231 3.71231 0
      vertex -3.33056 4.0583 0
    endloop
  endfacet
  facet normal 0 0 -1
    outer loop
      vertex -5.02394 -1.52399 0
      vertex -1.45932 -0.442673 0
      vertex -4.85037 -2.00909 0
    endloop
  endfacet
  facet normal 0 0 -1
    outer loop
      vertex -1.12666 1.02499 0
      vertex -4.0583 3.33056 0
      vertex -3.71231 3.71231 0
    endloop
  endfacet
  facet normal -0 0 -1
    outer loop
      vertex -1.45932 -0.442673 0
      vertex -5.02394 -1.52399 0
      vertex -1.4957 -0.297501 0
    endloop
  endfacet
  facet normal 0 0 -1
    outer loop
      vertex -1.26799 0.847244 0
      vertex -4.36522 2.91674 0
      vertex -4.0583 3.33056 0
    endloop
  endfacet
  facet normal 0 0 -1
    outer loop
      vertex -5.14912 -1.02422 0
      vertex -1.4957 -0.297501 0
      vertex -5.02394 -1.52399 0
    endloop
  endfacet
  facet normal 0 0 -1
    outer loop
      vertex -1.34492 0.718872 0
      vertex -4.63009 2.47483 0
      vertex -4.36522 2.91674 0
    endloop
  endfacet
  facet normal -0 0 -1
    outer loop
      vertex -1.4957 -0.297501 0
      vertex -5.14912 -1.02422 0
      vertex -1.51765 -0.149475 0
    endloop
  endfacet
  facet normal 0 0 -1
    outer loop
      vertex -1.40891 0.583588 0
      vertex -4.85037 2.00909 0
      vertex -4.63009 2.47483 0
    endloop
  endfacet
  facet normal 0 0 -1
    outer loop
      vertex -5.22472 -0.514589 0
      vertex -1.51765 -0.149475 0
      vertex -5.14912 -1.02422 0
    endloop
  endfacet
  facet normal 0 0 -1
    outer loop
      vertex -1.45932 0.442673 0
      vertex -5.02394 1.52399 0
      vertex -4.85037 2.00909 0
    endloop
  endfacet
  facet normal -0 0 -1
    outer loop
      vertex -1.51765 -0.149475 0
      vertex -5.22472 -0.514589 0
      vertex -1.52499 0 0
    endloop
  endfacet
  facet normal 0 0 -1
    outer loop
      vertex -1.4957 0.297501 0
      vertex -5.14912 1.02422 0
      vertex -5.02394 1.52399 0
    endloop
  endfacet
  facet normal 0 0 -1
    outer loop
      vertex -5.25 0 0
      vertex -1.52499 0 0
      vertex -5.22472 -0.514589 0
    endloop
  endfacet
  facet normal 0 0 -1
    outer loop
      vertex -1.51765 0.149475 0
      vertex -5.22472 0.514589 0
      vertex -5.14912 1.02422 0
    endloop
  endfacet
  facet normal 0 0 -1
    outer loop
      vertex -1.52499 0 0
      vertex -5.25 0 0
      vertex -5.22472 0.514589 0
    endloop
  endfacet
  facet normal 0.706681 -0.0347116 0.706681
    outer loop
      vertex 12.4 0 4
      vertex 12.3403 -1.21541 4
      vertex 13 0 3.4
    endloop
  endfacet
  facet normal 0.706681 0.0347116 0.706681
    outer loop
      vertex 13 0 3.4
      vertex 12.3403 1.21541 4
      vertex 12.4 0 4
    endloop
  endfacet
  facet normal 0.706687 -0.0347182 0.706674
    outer loop
      vertex 13 0 3.4
      vertex 12.3403 -1.21541 4
      vertex 12.9374 -1.27422 3.4
    endloop
  endfacet
  facet normal 0.146736 -0.989176 0
    outer loop
      vertex 1.27422 -12.9374 0.599999
      vertex 2.53617 -12.7502 0.6
      vertex 1.27422 -12.9374 0.6
    endloop
  endfacet
  facet normal 0.146736 -0.989176 0
    outer loop
      vertex 2.53617 -12.7502 0.6
      vertex 1.27422 -12.9374 0.599999
      vertex 2.53617 -12.7502 0.599999
    endloop
  endfacet
  facet normal -0.103818 -0.699857 -0.706698
    outer loop
      vertex -1.27422 -12.9374 0.599999
      vertex -2.53617 -12.7502 0.599999
      vertex -2.41912 -12.1617 0
    endloop
  endfacet
  facet normal 0.666198 0.238397 -0.706645
    outer loop
      vertex 11.8661 3.59953 0
      vertex 11.4561 4.74527 0
      vertex 12.4402 3.7737 0.599999
    endloop
  endfacet
  facet normal 0.421499 -0.568303 0.706662
    outer loop
      vertex 7.86648 -9.58533 4
      vertex 7.22241 -10.8091 3.4
      vertex 8.24711 -10.0491 3.4
    endloop
  endfacet
  facet normal -0.524255 0.475134 0.706685
    outer loop
      vertex -9.19239 9.19239 3.4
      vertex -10.0491 8.24711 3.4
      vertex -8.76812 8.76812 4
    endloop
  endfacet
  facet normal -0.475134 0.524255 0.706685
    outer loop
      vertex -8.24711 10.0491 3.4
      vertex -9.19239 9.19239 3.4
      vertex -8.76812 8.76812 4
    endloop
  endfacet
  facet normal -0.857718 0.514121 0
    outer loop
      vertex -11.465 6.12816 0.599999
      vertex -10.8091 7.22241 0.6
      vertex -10.8091 7.22241 0.599999
    endloop
  endfacet
  facet normal -0.857718 0.514121 0
    outer loop
      vertex -10.8091 7.22241 0.6
      vertex -11.465 6.12816 0.599999
      vertex -11.465 6.12816 0.6
    endloop
  endfacet
  facet normal -0.606863 0.36374 -0.70669
    outer loop
      vertex -10.3102 6.88907 0
      vertex -10.9358 5.84532 0
      vertex -10.8091 7.22241 0.599999
    endloop
  endfacet
  facet normal -0.666199 0.238397 0.706644
    outer loop
      vertex -11.4561 4.74527 4
      vertex -12.4402 3.7737 3.4
      vertex -11.8661 3.59953 4
    endloop
  endfacet
  facet normal -0.941541 -0.336897 0
    outer loop
      vertex -12.0104 -4.97488 0.599999
      vertex -12.4402 -3.7737 0.6
      vertex -12.4402 -3.7737 0.599999
    endloop
  endfacet
  facet normal -0.941541 -0.336897 0
    outer loop
      vertex -12.4402 -3.7737 0.6
      vertex -12.0104 -4.97488 0.599999
      vertex -12.0104 -4.97488 0.6
    endloop
  endfacet
  facet normal 0.524255 -0.475134 0.706685
    outer loop
      vertex 10.0491 -8.24711 3.4
      vertex 8.76812 -8.76812 4
      vertex 9.19239 -9.19239 3.4
    endloop
  endfacet
  facet normal 0.740967 -0.671541 0
    outer loop
      vertex 9.19239 -9.19239 0.6
      vertex 10.0491 -8.24711 0.599999
      vertex 10.0491 -8.24711 0.6
    endloop
  endfacet
  facet normal 0.740967 -0.671541 0
    outer loop
      vertex 10.0491 -8.24711 0.599999
      vertex 9.19239 -9.19239 0.6
      vertex 9.19239 -9.19239 0.599999
    endloop
  endfacet
  facet normal -0.568296 0.421462 0.706689
    outer loop
      vertex -9.58533 7.86648 4
      vertex -10.8091 7.22241 3.4
      vertex -10.3102 6.88907 4
    endloop
  endfacet
  facet normal -0.568302 0.421499 -0.706662
    outer loop
      vertex -9.58533 7.86648 0
      vertex -10.8091 7.22241 0.599999
      vertex -10.0491 8.24711 0.599999
    endloop
  endfacet
  facet normal -0.568296 0.421462 -0.706689
    outer loop
      vertex -10.3102 6.88907 0
      vertex -10.8091 7.22241 0.599999
      vertex -9.58533 7.86648 0
    endloop
  endfacet
  facet normal 0.941546 -0.336886 0
    outer loop
      vertex 4.15746 -1.72207 6.4
      vertex 4.30623 -1.30628 4
      vertex 4.30623 -1.30628 6.4
    endloop
  endfacet
  facet normal 0.941546 -0.336886 0
    outer loop
      vertex 4.30623 -1.30628 4
      vertex 4.15746 -1.72207 6.4
      vertex 4.15746 -1.72207 4
    endloop
  endfacet
  facet normal 0.803211 0.595694 0
    outer loop
      vertex 3.74161 2.50007 6.4
      vertex 3.47855 2.85477 4
      vertex 3.47855 2.85477 6.4
    endloop
  endfacet
  facet normal 0.803211 0.595694 0
    outer loop
      vertex 3.47855 2.85477 4
      vertex 3.74161 2.50007 6.4
      vertex 3.74161 2.50007 4
    endloop
  endfacet
  facet normal -0.998795 0.0490707 0
    outer loop
      vertex -4.5 0 4
      vertex -4.47833 0.441076 6.4
      vertex -4.47833 0.441076 4
    endloop
  endfacet
  facet normal -0.998795 0.0490707 0
    outer loop
      vertex -4.47833 0.441076 6.4
      vertex -4.5 0 4
      vertex -4.5 0 6.4
    endloop
  endfacet
  facet normal 0.989176 0.146736 0
    outer loop
      vertex 4.47833 0.441076 6.4
      vertex 4.41353 0.877906 4
      vertex 4.41353 0.877906 6.4
    endloop
  endfacet
  facet normal 0.989176 0.146736 0
    outer loop
      vertex 4.41353 0.877906 4
      vertex 4.47833 0.441076 6.4
      vertex 4.47833 0.441076 4
    endloop
  endfacet
  facet normal 0.0490707 -0.998795 0
    outer loop
      vertex 0 -4.5 4
      vertex 0.441076 -4.47833 6.4
      vertex 0 -4.5 6.4
    endloop
  endfacet
  facet normal 0.0490707 -0.998795 0
    outer loop
      vertex 0.441076 -4.47833 6.4
      vertex 0 -4.5 4
      vertex 0.441076 -4.47833 4
    endloop
  endfacet
  facet normal -0.903991 -0.427551 0
    outer loop
      vertex -3.96865 -2.12128 4
      vertex -4.15746 -1.72207 6.4
      vertex -4.15746 -1.72207 4
    endloop
  endfacet
  facet normal -0.903991 -0.427551 0
    outer loop
      vertex -4.15746 -1.72207 6.4
      vertex -3.96865 -2.12128 4
      vertex -3.96865 -2.12128 6.4
    endloop
  endfacet
  facet normal -0.336886 0.941546 0
    outer loop
      vertex -1.30628 4.30623 4
      vertex -1.72207 4.15746 6.4
      vertex -1.30628 4.30623 6.4
    endloop
  endfacet
  facet normal -0.336886 0.941546 0
    outer loop
      vertex -1.72207 4.15746 6.4
      vertex -1.30628 4.30623 4
      vertex -1.72207 4.15746 4
    endloop
  endfacet
  facet normal 0.514106 -0.857727 0
    outer loop
      vertex 2.12128 -3.96865 4
      vertex 2.50007 -3.74161 6.4
      vertex 2.12128 -3.96865 6.4
    endloop
  endfacet
  facet normal 0.514106 -0.857727 0
    outer loop
      vertex 2.50007 -3.74161 6.4
      vertex 2.12128 -3.96865 4
      vertex 2.50007 -3.74161 4
    endloop
  endfacet
  facet normal 0.740946 0.671564 0
    outer loop
      vertex 3.47855 2.85477 6.4
      vertex 3.18198 3.18198 4
      vertex 3.18198 3.18198 6.4
    endloop
  endfacet
  facet normal 0.740946 0.671564 0
    outer loop
      vertex 3.18198 3.18198 4
      vertex 3.47855 2.85477 6.4
      vertex 3.47855 2.85477 4
    endloop
  endfacet
  facet normal 0.740946 -0.671564 0
    outer loop
      vertex 3.18198 -3.18198 6.4
      vertex 3.47855 -2.85477 4
      vertex 3.47855 -2.85477 6.4
    endloop
  endfacet
  facet normal 0.740946 -0.671564 0
    outer loop
      vertex 3.47855 -2.85477 4
      vertex 3.18198 -3.18198 6.4
      vertex 3.18198 -3.18198 4
    endloop
  endfacet
  facet normal -0.514106 0.857727 0
    outer loop
      vertex -2.12128 3.96865 4
      vertex -2.50007 3.74161 6.4
      vertex -2.12128 3.96865 6.4
    endloop
  endfacet
  facet normal -0.514106 0.857727 0
    outer loop
      vertex -2.50007 3.74161 6.4
      vertex -2.12128 3.96865 4
      vertex -2.50007 3.74161 4
    endloop
  endfacet
  facet normal 0.242976 -0.970032 0
    outer loop
      vertex 0.877906 -4.41353 4
      vertex 1.30628 -4.30623 6.4
      vertex 0.877906 -4.41353 6.4
    endloop
  endfacet
  facet normal 0.242976 -0.970032 0
    outer loop
      vertex 1.30628 -4.30623 6.4
      vertex 0.877906 -4.41353 4
      vertex 1.30628 -4.30623 4
    endloop
  endfacet
  facet normal -0.803211 -0.595694 0
    outer loop
      vertex -3.47855 -2.85477 4
      vertex -3.74161 -2.50007 6.4
      vertex -3.74161 -2.50007 4
    endloop
  endfacet
  facet normal -0.803211 -0.595694 0
    outer loop
      vertex -3.74161 -2.50007 6.4
      vertex -3.47855 -2.85477 4
      vertex -3.47855 -2.85477 6.4
    endloop
  endfacet
  facet normal 0.941546 0.336886 0
    outer loop
      vertex 4.30623 1.30628 6.4
      vertex 4.15746 1.72207 4
      vertex 4.15746 1.72207 6.4
    endloop
  endfacet
  facet normal 0.941546 0.336886 0
    outer loop
      vertex 4.15746 1.72207 4
      vertex 4.30623 1.30628 6.4
      vertex 4.30623 1.30628 4
    endloop
  endfacet
  facet normal 0.146736 -0.989176 0
    outer loop
      vertex 0.441076 -4.47833 4
      vertex 0.877906 -4.41353 6.4
      vertex 0.441076 -4.47833 6.4
    endloop
  endfacet
  facet normal 0.146736 -0.989176 0
    outer loop
      vertex 0.877906 -4.41353 6.4
      vertex 0.441076 -4.47833 4
      vertex 0.877906 -4.41353 4
    endloop
  endfacet
  facet normal 0.857727 0.514106 0
    outer loop
      vertex 3.96865 2.12128 6.4
      vertex 3.74161 2.50007 4
      vertex 3.74161 2.50007 6.4
    endloop
  endfacet
  facet normal 0.857727 0.514106 0
    outer loop
      vertex 3.74161 2.50007 4
      vertex 3.96865 2.12128 6.4
      vertex 3.96865 2.12128 4
    endloop
  endfacet
  facet normal -0.857727 -0.514106 0
    outer loop
      vertex -3.74161 -2.50007 4
      vertex -3.96865 -2.12128 6.4
      vertex -3.96865 -2.12128 4
    endloop
  endfacet
  facet normal -0.857727 -0.514106 0
    outer loop
      vertex -3.96865 -2.12128 6.4
      vertex -3.74161 -2.50007 4
      vertex -3.74161 -2.50007 6.4
    endloop
  endfacet
  facet normal -0.989176 -0.146736 0
    outer loop
      vertex -4.41353 -0.877906 4
      vertex -4.47833 -0.441076 6.4
      vertex -4.47833 -0.441076 4
    endloop
  endfacet
  facet normal -0.989176 -0.146736 0
    outer loop
      vertex -4.47833 -0.441076 6.4
      vertex -4.41353 -0.877906 4
      vertex -4.41353 -0.877906 6.4
    endloop
  endfacet
  facet normal -0.514106 -0.857727 0
    outer loop
      vertex -2.50007 -3.74161 4
      vertex -2.12128 -3.96865 6.4
      vertex -2.50007 -3.74161 6.4
    endloop
  endfacet
  facet normal -0.514106 -0.857727 -0
    outer loop
      vertex -2.12128 -3.96865 6.4
      vertex -2.50007 -3.74161 4
      vertex -2.12128 -3.96865 4
    endloop
  endfacet
  facet normal -0.740946 -0.671564 0
    outer loop
      vertex -3.18198 -3.18198 4
      vertex -3.47855 -2.85477 6.4
      vertex -3.47855 -2.85477 4
    endloop
  endfacet
  facet normal -0.740946 -0.671564 0
    outer loop
      vertex -3.47855 -2.85477 6.4
      vertex -3.18198 -3.18198 4
      vertex -3.18198 -3.18198 6.4
    endloop
  endfacet
  facet normal 0.903991 0.427551 0
    outer loop
      vertex 4.15746 1.72207 6.4
      vertex 3.96865 2.12128 4
      vertex 3.96865 2.12128 6.4
    endloop
  endfacet
  facet normal 0.903991 0.427551 0
    outer loop
      vertex 3.96865 2.12128 4
      vertex 4.15746 1.72207 6.4
      vertex 4.15746 1.72207 4
    endloop
  endfacet
  facet normal 0.998795 0.0490707 0
    outer loop
      vertex 4.5 0 6.4
      vertex 4.47833 0.441076 4
      vertex 4.47833 0.441076 6.4
    endloop
  endfacet
  facet normal 0.998795 0.0490707 0
    outer loop
      vertex 4.47833 0.441076 4
      vertex 4.5 0 6.4
      vertex 4.5 0 4
    endloop
  endfacet
  facet normal -0.970032 -0.242976 0
    outer loop
      vertex -4.30623 -1.30628 4
      vertex -4.41353 -0.877906 6.4
      vertex -4.41353 -0.877906 4
    endloop
  endfacet
  facet normal -0.970032 -0.242976 0
    outer loop
      vertex -4.41353 -0.877906 6.4
      vertex -4.30623 -1.30628 4
      vertex -4.30623 -1.30628 6.4
    endloop
  endfacet
  facet normal 0.989176 -0.146736 0
    outer loop
      vertex 4.41353 -0.877906 6.4
      vertex 4.47833 -0.441076 4
      vertex 4.47833 -0.441076 6.4
    endloop
  endfacet
  facet normal 0.989176 -0.146736 0
    outer loop
      vertex 4.47833 -0.441076 4
      vertex 4.41353 -0.877906 6.4
      vertex 4.41353 -0.877906 4
    endloop
  endfacet
  facet normal -0.0490707 0.998795 0
    outer loop
      vertex 0 4.5 4
      vertex -0.441076 4.47833 6.4
      vertex 0 4.5 6.4
    endloop
  endfacet
  facet normal -0.0490707 0.998795 0
    outer loop
      vertex -0.441076 4.47833 6.4
      vertex 0 4.5 4
      vertex -0.441076 4.47833 4
    endloop
  endfacet
  facet normal -0.242976 -0.970032 0
    outer loop
      vertex -1.30628 -4.30623 4
      vertex -0.877906 -4.41353 6.4
      vertex -1.30628 -4.30623 6.4
    endloop
  endfacet
  facet normal -0.242976 -0.970032 -0
    outer loop
      vertex -0.877906 -4.41353 6.4
      vertex -1.30628 -4.30623 4
      vertex -0.877906 -4.41353 4
    endloop
  endfacet
  facet normal -0.427551 -0.903991 0
    outer loop
      vertex -2.12128 -3.96865 4
      vertex -1.72207 -4.15746 6.4
      vertex -2.12128 -3.96865 6.4
    endloop
  endfacet
  facet normal -0.427551 -0.903991 -0
    outer loop
      vertex -1.72207 -4.15746 6.4
      vertex -2.12128 -3.96865 4
      vertex -1.72207 -4.15746 4
    endloop
  endfacet
  facet normal -0.595694 -0.803211 0
    outer loop
      vertex -2.85477 -3.47855 4
      vertex -2.50007 -3.74161 6.4
      vertex -2.85477 -3.47855 6.4
    endloop
  endfacet
  facet normal -0.595694 -0.803211 -0
    outer loop
      vertex -2.50007 -3.74161 6.4
      vertex -2.85477 -3.47855 4
      vertex -2.50007 -3.74161 4
    endloop
  endfacet
  facet normal 0.998795 -0.0490707 0
    outer loop
      vertex 4.47833 -0.441076 6.4
      vertex 4.5 0 4
      vertex 4.5 0 6.4
    endloop
  endfacet
  facet normal 0.998795 -0.0490707 0
    outer loop
      vertex 4.5 0 4
      vertex 4.47833 -0.441076 6.4
      vertex 4.47833 -0.441076 4
    endloop
  endfacet
  facet normal 0.970032 0.242976 0
    outer loop
      vertex 4.41353 0.877906 6.4
      vertex 4.30623 1.30628 4
      vertex 4.30623 1.30628 6.4
    endloop
  endfacet
  facet normal 0.970032 0.242976 0
    outer loop
      vertex 4.30623 1.30628 4
      vertex 4.41353 0.877906 6.4
      vertex 4.41353 0.877906 4
    endloop
  endfacet
  facet normal -0.989176 0.146736 0
    outer loop
      vertex -4.47833 0.441076 4
      vertex -4.41353 0.877906 6.4
      vertex -4.41353 0.877906 4
    endloop
  endfacet
  facet normal -0.989176 0.146736 0
    outer loop
      vertex -4.41353 0.877906 6.4
      vertex -4.47833 0.441076 4
      vertex -4.47833 0.441076 6.4
    endloop
  endfacet
  facet normal -0.146736 0.989176 0
    outer loop
      vertex -0.441076 4.47833 4
      vertex -0.877906 4.41353 6.4
      vertex -0.441076 4.47833 6.4
    endloop
  endfacet
  facet normal -0.146736 0.989176 0
    outer loop
      vertex -0.877906 4.41353 6.4
      vertex -0.441076 4.47833 4
      vertex -0.877906 4.41353 4
    endloop
  endfacet
  facet normal -0.970032 0.242976 0
    outer loop
      vertex -4.41353 0.877906 4
      vertex -4.30623 1.30628 6.4
      vertex -4.30623 1.30628 4
    endloop
  endfacet
  facet normal -0.970032 0.242976 0
    outer loop
      vertex -4.30623 1.30628 6.4
      vertex -4.41353 0.877906 4
      vertex -4.41353 0.877906 6.4
    endloop
  endfacet
  facet normal -0.941546 0.336886 0
    outer loop
      vertex -4.30623 1.30628 4
      vertex -4.15746 1.72207 6.4
      vertex -4.15746 1.72207 4
    endloop
  endfacet
  facet normal -0.941546 0.336886 0
    outer loop
      vertex -4.15746 1.72207 6.4
      vertex -4.30623 1.30628 4
      vertex -4.30623 1.30628 6.4
    endloop
  endfacet
  facet normal 0.857727 -0.514106 0
    outer loop
      vertex 3.74161 -2.50007 6.4
      vertex 3.96865 -2.12128 4
      vertex 3.96865 -2.12128 6.4
    endloop
  endfacet
  facet normal 0.857727 -0.514106 0
    outer loop
      vertex 3.96865 -2.12128 4
      vertex 3.74161 -2.50007 6.4
      vertex 3.74161 -2.50007 4
    endloop
  endfacet
  facet normal 0.803211 -0.595694 0
    outer loop
      vertex 3.47855 -2.85477 6.4
      vertex 3.74161 -2.50007 4
      vertex 3.74161 -2.50007 6.4
    endloop
  endfacet
  facet normal 0.803211 -0.595694 0
    outer loop
      vertex 3.74161 -2.50007 4
      vertex 3.47855 -2.85477 6.4
      vertex 3.47855 -2.85477 4
    endloop
  endfacet
  facet normal 0.671564 0.740946 -0
    outer loop
      vertex 3.18198 3.18198 4
      vertex 2.85477 3.47855 6.4
      vertex 3.18198 3.18198 6.4
    endloop
  endfacet
  facet normal 0.671564 0.740946 0
    outer loop
      vertex 2.85477 3.47855 6.4
      vertex 3.18198 3.18198 4
      vertex 2.85477 3.47855 4
    endloop
  endfacet
  facet normal -0.595694 0.803211 0
    outer loop
      vertex -2.50007 3.74161 4
      vertex -2.85477 3.47855 6.4
      vertex -2.50007 3.74161 6.4
    endloop
  endfacet
  facet normal -0.595694 0.803211 0
    outer loop
      vertex -2.85477 3.47855 6.4
      vertex -2.50007 3.74161 4
      vertex -2.85477 3.47855 4
    endloop
  endfacet
  facet normal 0.595694 -0.803211 0
    outer loop
      vertex 2.50007 -3.74161 4
      vertex 2.85477 -3.47855 6.4
      vertex 2.50007 -3.74161 6.4
    endloop
  endfacet
  facet normal 0.595694 -0.803211 0
    outer loop
      vertex 2.85477 -3.47855 6.4
      vertex 2.50007 -3.74161 4
      vertex 2.85477 -3.47855 4
    endloop
  endfacet
  facet normal -0.998795 -0.0490707 0
    outer loop
      vertex -4.47833 -0.441076 4
      vertex -4.5 0 6.4
      vertex -4.5 0 4
    endloop
  endfacet
  facet normal -0.998795 -0.0490707 0
    outer loop
      vertex -4.5 0 6.4
      vertex -4.47833 -0.441076 4
      vertex -4.47833 -0.441076 6.4
    endloop
  endfacet
  facet normal -0.903991 0.427551 0
    outer loop
      vertex -4.15746 1.72207 4
      vertex -3.96865 2.12128 6.4
      vertex -3.96865 2.12128 4
    endloop
  endfacet
  facet normal -0.903991 0.427551 0
    outer loop
      vertex -3.96865 2.12128 6.4
      vertex -4.15746 1.72207 4
      vertex -4.15746 1.72207 6.4
    endloop
  endfacet
  facet normal -0.146736 -0.989176 0
    outer loop
      vertex -0.877906 -4.41353 4
      vertex -0.441076 -4.47833 6.4
      vertex -0.877906 -4.41353 6.4
    endloop
  endfacet
  facet normal -0.146736 -0.989176 -0
    outer loop
      vertex -0.441076 -4.47833 6.4
      vertex -0.877906 -4.41353 4
      vertex -0.441076 -4.47833 4
    endloop
  endfacet
  facet normal 0.146736 0.989176 -0
    outer loop
      vertex 0.877906 4.41353 4
      vertex 0.441076 4.47833 6.4
      vertex 0.877906 4.41353 6.4
    endloop
  endfacet
  facet normal 0.146736 0.989176 0
    outer loop
      vertex 0.441076 4.47833 6.4
      vertex 0.877906 4.41353 4
      vertex 0.441076 4.47833 4
    endloop
  endfacet
  facet normal 0.0490707 0.998795 -0
    outer loop
      vertex 0.441076 4.47833 4
      vertex 0 4.5 6.4
      vertex 0.441076 4.47833 6.4
    endloop
  endfacet
  facet normal 0.0490707 0.998795 0
    outer loop
      vertex 0 4.5 6.4
      vertex 0.441076 4.47833 4
      vertex 0 4.5 4
    endloop
  endfacet
  facet normal 0.427551 0.903991 -0
    outer loop
      vertex 2.12128 3.96865 4
      vertex 1.72207 4.15746 6.4
      vertex 2.12128 3.96865 6.4
    endloop
  endfacet
  facet normal 0.427551 0.903991 0
    outer loop
      vertex 1.72207 4.15746 6.4
      vertex 2.12128 3.96865 4
      vertex 1.72207 4.15746 4
    endloop
  endfacet
  facet normal -0.941546 -0.336886 0
    outer loop
      vertex -4.15746 -1.72207 4
      vertex -4.30623 -1.30628 6.4
      vertex -4.30623 -1.30628 4
    endloop
  endfacet
  facet normal -0.941546 -0.336886 0
    outer loop
      vertex -4.30623 -1.30628 6.4
      vertex -4.15746 -1.72207 4
      vertex -4.15746 -1.72207 6.4
    endloop
  endfacet
  facet normal 0.595694 0.803211 -0
    outer loop
      vertex 2.85477 3.47855 4
      vertex 2.50007 3.74161 6.4
      vertex 2.85477 3.47855 6.4
    endloop
  endfacet
  facet normal 0.595694 0.803211 0
    outer loop
      vertex 2.50007 3.74161 6.4
      vertex 2.85477 3.47855 4
      vertex 2.50007 3.74161 4
    endloop
  endfacet
  facet normal 0.336886 0.941546 -0
    outer loop
      vertex 1.72207 4.15746 4
      vertex 1.30628 4.30623 6.4
      vertex 1.72207 4.15746 6.4
    endloop
  endfacet
  facet normal 0.336886 0.941546 0
    outer loop
      vertex 1.30628 4.30623 6.4
      vertex 1.72207 4.15746 4
      vertex 1.30628 4.30623 4
    endloop
  endfacet
  facet normal 0.903991 -0.427551 0
    outer loop
      vertex 3.96865 -2.12128 6.4
      vertex 4.15746 -1.72207 4
      vertex 4.15746 -1.72207 6.4
    endloop
  endfacet
  facet normal 0.903991 -0.427551 0
    outer loop
      vertex 4.15746 -1.72207 4
      vertex 3.96865 -2.12128 6.4
      vertex 3.96865 -2.12128 4
    endloop
  endfacet
  facet normal -0.0490707 -0.998795 0
    outer loop
      vertex -0.441076 -4.47833 4
      vertex 0 -4.5 6.4
      vertex -0.441076 -4.47833 6.4
    endloop
  endfacet
  facet normal -0.0490707 -0.998795 -0
    outer loop
      vertex 0 -4.5 6.4
      vertex -0.441076 -4.47833 4
      vertex 0 -4.5 4
    endloop
  endfacet
  facet normal 0.514106 0.857727 -0
    outer loop
      vertex 2.50007 3.74161 4
      vertex 2.12128 3.96865 6.4
      vertex 2.50007 3.74161 6.4
    endloop
  endfacet
  facet normal 0.514106 0.857727 0
    outer loop
      vertex 2.12128 3.96865 6.4
      vertex 2.50007 3.74161 4
      vertex 2.12128 3.96865 4
    endloop
  endfacet
  facet normal -0.671564 0.740946 0
    outer loop
      vertex -2.85477 3.47855 4
      vertex -3.18198 3.18198 6.4
      vertex -2.85477 3.47855 6.4
    endloop
  endfacet
  facet normal -0.671564 0.740946 0
    outer loop
      vertex -3.18198 3.18198 6.4
      vertex -2.85477 3.47855 4
      vertex -3.18198 3.18198 4
    endloop
  endfacet
  facet normal 0.242976 0.970032 -0
    outer loop
      vertex 1.30628 4.30623 4
      vertex 0.877906 4.41353 6.4
      vertex 1.30628 4.30623 6.4
    endloop
  endfacet
  facet normal 0.242976 0.970032 0
    outer loop
      vertex 0.877906 4.41353 6.4
      vertex 1.30628 4.30623 4
      vertex 0.877906 4.41353 4
    endloop
  endfacet
  facet normal -0.336886 -0.941546 0
    outer loop
      vertex -1.72207 -4.15746 4
      vertex -1.30628 -4.30623 6.4
      vertex -1.72207 -4.15746 6.4
    endloop
  endfacet
  facet normal -0.336886 -0.941546 -0
    outer loop
      vertex -1.30628 -4.30623 6.4
      vertex -1.72207 -4.15746 4
      vertex -1.30628 -4.30623 4
    endloop
  endfacet
  facet normal -0.242976 0.970032 0
    outer loop
      vertex -0.877906 4.41353 4
      vertex -1.30628 4.30623 6.4
      vertex -0.877906 4.41353 6.4
    endloop
  endfacet
  facet normal -0.242976 0.970032 0
    outer loop
      vertex -1.30628 4.30623 6.4
      vertex -0.877906 4.41353 4
      vertex -1.30628 4.30623 4
    endloop
  endfacet
  facet normal 0.671564 -0.740946 0
    outer loop
      vertex 2.85477 -3.47855 4
      vertex 3.18198 -3.18198 6.4
      vertex 2.85477 -3.47855 6.4
    endloop
  endfacet
  facet normal 0.671564 -0.740946 0
    outer loop
      vertex 3.18198 -3.18198 6.4
      vertex 2.85477 -3.47855 4
      vertex 3.18198 -3.18198 4
    endloop
  endfacet
  facet normal 0.970032 -0.242976 0
    outer loop
      vertex 4.30623 -1.30628 6.4
      vertex 4.41353 -0.877906 4
      vertex 4.41353 -0.877906 6.4
    endloop
  endfacet
  facet normal 0.970032 -0.242976 0
    outer loop
      vertex 4.41353 -0.877906 4
      vertex 4.30623 -1.30628 6.4
      vertex 4.30623 -1.30628 4
    endloop
  endfacet
  facet normal -0.671564 -0.740946 0
    outer loop
      vertex -3.18198 -3.18198 4
      vertex -2.85477 -3.47855 6.4
      vertex -3.18198 -3.18198 6.4
    endloop
  endfacet
  facet normal -0.671564 -0.740946 -0
    outer loop
      vertex -2.85477 -3.47855 6.4
      vertex -3.18198 -3.18198 4
      vertex -2.85477 -3.47855 4
    endloop
  endfacet
  facet normal 0.336886 -0.941546 0
    outer loop
      vertex 1.30628 -4.30623 4
      vertex 1.72207 -4.15746 6.4
      vertex 1.30628 -4.30623 6.4
    endloop
  endfacet
  facet normal 0.336886 -0.941546 0
    outer loop
      vertex 1.72207 -4.15746 6.4
      vertex 1.30628 -4.30623 4
      vertex 1.72207 -4.15746 4
    endloop
  endfacet
  facet normal -0.803211 0.595694 0
    outer loop
      vertex -3.74161 2.50007 4
      vertex -3.47855 2.85477 6.4
      vertex -3.47855 2.85477 4
    endloop
  endfacet
  facet normal -0.803211 0.595694 0
    outer loop
      vertex -3.47855 2.85477 6.4
      vertex -3.74161 2.50007 4
      vertex -3.74161 2.50007 6.4
    endloop
  endfacet
  facet normal 0.427551 -0.903991 0
    outer loop
      vertex 1.72207 -4.15746 4
      vertex 2.12128 -3.96865 6.4
      vertex 1.72207 -4.15746 6.4
    endloop
  endfacet
  facet normal 0.427551 -0.903991 0
    outer loop
      vertex 2.12128 -3.96865 6.4
      vertex 1.72207 -4.15746 4
      vertex 2.12128 -3.96865 4
    endloop
  endfacet
  facet normal -0.740946 0.671564 0
    outer loop
      vertex -3.47855 2.85477 4
      vertex -3.18198 3.18198 6.4
      vertex -3.18198 3.18198 4
    endloop
  endfacet
  facet normal -0.740946 0.671564 0
    outer loop
      vertex -3.18198 3.18198 6.4
      vertex -3.47855 2.85477 4
      vertex -3.47855 2.85477 6.4
    endloop
  endfacet
  facet normal -0.427551 0.903991 0
    outer loop
      vertex -1.72207 4.15746 4
      vertex -2.12128 3.96865 6.4
      vertex -1.72207 4.15746 6.4
    endloop
  endfacet
  facet normal -0.427551 0.903991 0
    outer loop
      vertex -2.12128 3.96865 6.4
      vertex -1.72207 4.15746 4
      vertex -2.12128 3.96865 4
    endloop
  endfacet
  facet normal -0.857727 0.514106 0
    outer loop
      vertex -3.96865 2.12128 4
      vertex -3.74161 2.50007 6.4
      vertex -3.74161 2.50007 4
    endloop
  endfacet
  facet normal -0.857727 0.514106 0
    outer loop
      vertex -3.74161 2.50007 6.4
      vertex -3.96865 2.12128 4
      vertex -3.96865 2.12128 6.4
    endloop
  endfacet
  facet normal 0 0 1
    outer loop
      vertex 3.5 0 6.4
      vertex 4.5 0 6.4
      vertex 4.47833 0.441076 6.4
    endloop
  endfacet
  facet normal 0 0 1
    outer loop
      vertex 3.48315 0.34306 6.4
      vertex 4.47833 0.441076 6.4
      vertex 4.41353 0.877906 6.4
    endloop
  endfacet
  facet normal 0 0 1
    outer loop
      vertex 4.5 0 6.4
      vertex 3.5 0 6.4
      vertex 4.47833 -0.441076 6.4
    endloop
  endfacet
  facet normal 0 0 1
    outer loop
      vertex 3.43275 0.682816 6.4
      vertex 4.41353 0.877906 6.4
      vertex 4.30623 1.30628 6.4
    endloop
  endfacet
  facet normal -0 0 1
    outer loop
      vertex 3.48315 -0.34306 6.4
      vertex 4.47833 -0.441076 6.4
      vertex 3.5 0 6.4
    endloop
  endfacet
  facet normal 0 0 1
    outer loop
      vertex 3.34929 1.016 6.4
      vertex 4.30623 1.30628 6.4
      vertex 4.15746 1.72207 6.4
    endloop
  endfacet
  facet normal 0 0 1
    outer loop
      vertex 4.47833 -0.441076 6.4
      vertex 3.48315 -0.34306 6.4
      vertex 4.41353 -0.877906 6.4
    endloop
  endfacet
  facet normal 0 0 1
    outer loop
      vertex 3.23358 1.33939 6.4
      vertex 4.15746 1.72207 6.4
      vertex 3.96865 2.12128 6.4
    endloop
  endfacet
  facet normal -0 0 1
    outer loop
      vertex 3.43275 -0.682816 6.4
      vertex 4.41353 -0.877906 6.4
      vertex 3.48315 -0.34306 6.4
    endloop
  endfacet
  facet normal 0 0 1
    outer loop
      vertex 3.08672 1.64989 6.4
      vertex 3.96865 2.12128 6.4
      vertex 3.74161 2.50007 6.4
    endloop
  endfacet
  facet normal 0 0 1
    outer loop
      vertex 4.41353 -0.877906 6.4
      vertex 3.43275 -0.682816 6.4
      vertex 4.30623 -1.30628 6.4
    endloop
  endfacet
  facet normal -0 0 1
    outer loop
      vertex 3.34929 -1.016 6.4
      vertex 4.30623 -1.30628 6.4
      vertex 3.43275 -0.682816 6.4
    endloop
  endfacet
  facet normal 0 0 1
    outer loop
      vertex 4.47833 0.441076 6.4
      vertex 3.48315 0.34306 6.4
      vertex 3.5 0 6.4
    endloop
  endfacet
  facet normal 0 0 1
    outer loop
      vertex 2.91014 1.9445 6.4
      vertex 3.74161 2.50007 6.4
      vertex 3.47855 2.85477 6.4
    endloop
  endfacet
  facet normal 0 0 1
    outer loop
      vertex 4.41353 0.877906 6.4
      vertex 3.43275 0.682816 6.4
      vertex 3.48315 0.34306 6.4
    endloop
  endfacet
  facet normal 0 0 1
    outer loop
      vertex 4.30623 1.30628 6.4
      vertex 3.34929 1.016 6.4
      vertex 3.43275 0.682816 6.4
    endloop
  endfacet
  facet normal 0 0 1
    outer loop
      vertex 4.15746 1.72207 6.4
      vertex 3.23358 1.33939 6.4
      vertex 3.34929 1.016 6.4
    endloop
  endfacet
  facet normal 0 0 1
    outer loop
      vertex 2.70554 2.22038 6.4
      vertex 3.47855 2.85477 6.4
      vertex 3.18198 3.18198 6.4
    endloop
  endfacet
  facet normal 0 0 1
    outer loop
      vertex 3.96865 2.12128 6.4
      vertex 3.08672 1.64989 6.4
      vertex 3.23358 1.33939 6.4
    endloop
  endfacet
  facet normal 0 0 1
    outer loop
      vertex 3.74161 2.50007 6.4
      vertex 2.91014 1.9445 6.4
      vertex 3.08672 1.64989 6.4
    endloop
  endfacet
  facet normal 0 0 1
    outer loop
      vertex 2.47487 2.47487 6.4
      vertex 3.18198 3.18198 6.4
      vertex 2.85477 3.47855 6.4
    endloop
  endfacet
  facet normal 0 0 1
    outer loop
      vertex 3.47855 2.85477 6.4
      vertex 2.70554 2.22038 6.4
      vertex 2.91014 1.9445 6.4
    endloop
  endfacet
  facet normal 0 0 1
    outer loop
      vertex 2.22038 2.70554 6.4
      vertex 2.85477 3.47855 6.4
      vertex 2.50007 3.74161 6.4
    endloop
  endfacet
  facet normal 0 0 1
    outer loop
      vertex 3.18198 3.18198 6.4
      vertex 2.47487 2.47487 6.4
      vertex 2.70554 2.22038 6.4
    endloop
  endfacet
  facet normal 0 0 1
    outer loop
      vertex 2.85477 3.47855 6.4
      vertex 2.22038 2.70554 6.4
      vertex 2.47487 2.47487 6.4
    endloop
  endfacet
  facet normal 0 0 1
    outer loop
      vertex 1.9445 2.91014 6.4
      vertex 2.50007 3.74161 6.4
      vertex 2.12128 3.96865 6.4
    endloop
  endfacet
  facet normal 0 0 1
    outer loop
      vertex 2.50007 3.74161 6.4
      vertex 1.9445 2.91014 6.4
      vertex 2.22038 2.70554 6.4
    endloop
  endfacet
  facet normal 0 0 1
    outer loop
      vertex 1.64989 3.08672 6.4
      vertex 2.12128 3.96865 6.4
      vertex 1.72207 4.15746 6.4
    endloop
  endfacet
  facet normal 0 0 1
    outer loop
      vertex 2.12128 3.96865 6.4
      vertex 1.64989 3.08672 6.4
      vertex 1.9445 2.91014 6.4
    endloop
  endfacet
  facet normal 0 0 1
    outer loop
      vertex 1.72207 4.15746 6.4
      vertex 1.33939 3.23358 6.4
      vertex 1.64989 3.08672 6.4
    endloop
  endfacet
  facet normal 0 0 1
    outer loop
      vertex 1.30628 4.30623 6.4
      vertex 1.33939 3.23358 6.4
      vertex 1.72207 4.15746 6.4
    endloop
  endfacet
  facet normal 0 0 1
    outer loop
      vertex 1.30628 4.30623 6.4
      vertex 1.016 3.34929 6.4
      vertex 1.33939 3.23358 6.4
    endloop
  endfacet
  facet normal 0 0 1
    outer loop
      vertex 0.877906 4.41353 6.4
      vertex 1.016 3.34929 6.4
      vertex 1.30628 4.30623 6.4
    endloop
  endfacet
  facet normal 0 0 1
    outer loop
      vertex 0.877906 4.41353 6.4
      vertex 0.682816 3.43275 6.4
      vertex 1.016 3.34929 6.4
    endloop
  endfacet
  facet normal 0 0 1
    outer loop
      vertex 0.441076 4.47833 6.4
      vertex 0.682816 3.43275 6.4
      vertex 0.877906 4.41353 6.4
    endloop
  endfacet
  facet normal 0 0 1
    outer loop
      vertex 0.441076 4.47833 6.4
      vertex 0.34306 3.48315 6.4
      vertex 0.682816 3.43275 6.4
    endloop
  endfacet
  facet normal 0 0 1
    outer loop
      vertex 0 4.5 6.4
      vertex 0.34306 3.48315 6.4
      vertex 0.441076 4.47833 6.4
    endloop
  endfacet
  facet normal 0 0 1
    outer loop
      vertex 0 4.5 6.4
      vertex 0 3.5 6.4
      vertex 0.34306 3.48315 6.4
    endloop
  endfacet
  facet normal 0 0 1
    outer loop
      vertex 0 4.5 6.4
      vertex -0.34306 3.48315 6.4
      vertex 0 3.5 6.4
    endloop
  endfacet
  facet normal -0 0 1
    outer loop
      vertex -0.441076 4.47833 6.4
      vertex -0.34306 3.48315 6.4
      vertex 0 4.5 6.4
    endloop
  endfacet
  facet normal 0 0 1
    outer loop
      vertex -0.441076 4.47833 6.4
      vertex -0.682816 3.43275 6.4
      vertex -0.34306 3.48315 6.4
    endloop
  endfacet
  facet normal -0 0 1
    outer loop
      vertex -0.877906 4.41353 6.4
      vertex -0.682816 3.43275 6.4
      vertex -0.441076 4.47833 6.4
    endloop
  endfacet
  facet normal 0 0 1
    outer loop
      vertex -0.877906 4.41353 6.4
      vertex -1.016 3.34929 6.4
      vertex -0.682816 3.43275 6.4
    endloop
  endfacet
  facet normal -0 0 1
    outer loop
      vertex -1.30628 4.30623 6.4
      vertex -1.016 3.34929 6.4
      vertex -0.877906 4.41353 6.4
    endloop
  endfacet
  facet normal 0 0 1
    outer loop
      vertex -1.30628 4.30623 6.4
      vertex -1.33939 3.23358 6.4
      vertex -1.016 3.34929 6.4
    endloop
  endfacet
  facet normal -0 0 1
    outer loop
      vertex -1.72207 4.15746 6.4
      vertex -1.33939 3.23358 6.4
      vertex -1.30628 4.30623 6.4
    endloop
  endfacet
  facet normal 0 0 1
    outer loop
      vertex -1.33939 3.23358 6.4
      vertex -1.72207 4.15746 6.4
      vertex -1.64989 3.08672 6.4
    endloop
  endfacet
  facet normal -0 0 1
    outer loop
      vertex -2.12128 3.96865 6.4
      vertex -1.64989 3.08672 6.4
      vertex -1.72207 4.15746 6.4
    endloop
  endfacet
  facet normal 0 0 1
    outer loop
      vertex -1.64989 3.08672 6.4
      vertex -2.12128 3.96865 6.4
      vertex -1.9445 2.91014 6.4
    endloop
  endfacet
  facet normal -0 0 1
    outer loop
      vertex -2.50007 3.74161 6.4
      vertex -1.9445 2.91014 6.4
      vertex -2.12128 3.96865 6.4
    endloop
  endfacet
  facet normal 0 0 1
    outer loop
      vertex -1.9445 2.91014 6.4
      vertex -2.50007 3.74161 6.4
      vertex -2.22038 2.70554 6.4
    endloop
  endfacet
  facet normal -0 0 1
    outer loop
      vertex -2.85477 3.47855 6.4
      vertex -2.22038 2.70554 6.4
      vertex -2.50007 3.74161 6.4
    endloop
  endfacet
  facet normal 0 0 1
    outer loop
      vertex -2.22038 2.70554 6.4
      vertex -2.85477 3.47855 6.4
      vertex -2.47487 2.47487 6.4
    endloop
  endfacet
  facet normal -0 0 1
    outer loop
      vertex -3.18198 3.18198 6.4
      vertex -2.47487 2.47487 6.4
      vertex -2.85477 3.47855 6.4
    endloop
  endfacet
  facet normal 0 0 1
    outer loop
      vertex -2.47487 2.47487 6.4
      vertex -3.18198 3.18198 6.4
      vertex -2.70554 2.22038 6.4
    endloop
  endfacet
  facet normal -0 0 1
    outer loop
      vertex -3.47855 2.85477 6.4
      vertex -2.70554 2.22038 6.4
      vertex -3.18198 3.18198 6.4
    endloop
  endfacet
  facet normal 0 0 1
    outer loop
      vertex -2.70554 2.22038 6.4
      vertex -3.47855 2.85477 6.4
      vertex -2.91014 1.9445 6.4
    endloop
  endfacet
  facet normal -0 0 1
    outer loop
      vertex -3.74161 2.50007 6.4
      vertex -2.91014 1.9445 6.4
      vertex -3.47855 2.85477 6.4
    endloop
  endfacet
  facet normal 0 0 1
    outer loop
      vertex -2.91014 1.9445 6.4
      vertex -3.74161 2.50007 6.4
      vertex -3.08672 1.64989 6.4
    endloop
  endfacet
  facet normal -0 0 1
    outer loop
      vertex -3.96865 2.12128 6.4
      vertex -3.08672 1.64989 6.4
      vertex -3.74161 2.50007 6.4
    endloop
  endfacet
  facet normal 0 0 1
    outer loop
      vertex -3.08672 1.64989 6.4
      vertex -3.96865 2.12128 6.4
      vertex -3.23358 1.33939 6.4
    endloop
  endfacet
  facet normal -0 0 1
    outer loop
      vertex -4.15746 1.72207 6.4
      vertex -3.23358 1.33939 6.4
      vertex -3.96865 2.12128 6.4
    endloop
  endfacet
  facet normal 0 0 1
    outer loop
      vertex -3.23358 1.33939 6.4
      vertex -4.15746 1.72207 6.4
      vertex -3.34929 1.016 6.4
    endloop
  endfacet
  facet normal -0 0 1
    outer loop
      vertex -4.30623 1.30628 6.4
      vertex -3.34929 1.016 6.4
      vertex -4.15746 1.72207 6.4
    endloop
  endfacet
  facet normal 0 0 1
    outer loop
      vertex 4.30623 -1.30628 6.4
      vertex 3.34929 -1.016 6.4
      vertex 4.15746 -1.72207 6.4
    endloop
  endfacet
  facet normal -0 0 1
    outer loop
      vertex 3.23358 -1.33939 6.4
      vertex 4.15746 -1.72207 6.4
      vertex 3.34929 -1.016 6.4
    endloop
  endfacet
  facet normal 0 0 1
    outer loop
      vertex 4.15746 -1.72207 6.4
      vertex 3.23358 -1.33939 6.4
      vertex 3.96865 -2.12128 6.4
    endloop
  endfacet
  facet normal -0 0 1
    outer loop
      vertex 3.08672 -1.64989 6.4
      vertex 3.96865 -2.12128 6.4
      vertex 3.23358 -1.33939 6.4
    endloop
  endfacet
  facet normal 0 0 1
    outer loop
      vertex 3.96865 -2.12128 6.4
      vertex 3.08672 -1.64989 6.4
      vertex 3.74161 -2.50007 6.4
    endloop
  endfacet
  facet normal -0 0 1
    outer loop
      vertex 2.91014 -1.9445 6.4
      vertex 3.74161 -2.50007 6.4
      vertex 3.08672 -1.64989 6.4
    endloop
  endfacet
  facet normal 0 0 1
    outer loop
      vertex 3.74161 -2.50007 6.4
      vertex 2.91014 -1.9445 6.4
      vertex 3.47855 -2.85477 6.4
    endloop
  endfacet
  facet normal -0 0 1
    outer loop
      vertex 2.70554 -2.22038 6.4
      vertex 3.47855 -2.85477 6.4
      vertex 2.91014 -1.9445 6.4
    endloop
  endfacet
  facet normal 0 0 1
    outer loop
      vertex 3.47855 -2.85477 6.4
      vertex 2.70554 -2.22038 6.4
      vertex 3.18198 -3.18198 6.4
    endloop
  endfacet
  facet normal -0 0 1
    outer loop
      vertex 2.47487 -2.47487 6.4
      vertex 3.18198 -3.18198 6.4
      vertex 2.70554 -2.22038 6.4
    endloop
  endfacet
  facet normal 0 0 1
    outer loop
      vertex 3.18198 -3.18198 6.4
      vertex 2.47487 -2.47487 6.4
      vertex 2.85477 -3.47855 6.4
    endloop
  endfacet
  facet normal -0 0 1
    outer loop
      vertex 2.22038 -2.70554 6.4
      vertex 2.85477 -3.47855 6.4
      vertex 2.47487 -2.47487 6.4
    endloop
  endfacet
  facet normal 0 0 1
    outer loop
      vertex 2.85477 -3.47855 6.4
      vertex 2.22038 -2.70554 6.4
      vertex 2.50007 -3.74161 6.4
    endloop
  endfacet
  facet normal -0 0 1
    outer loop
      vertex 1.9445 -2.91014 6.4
      vertex 2.50007 -3.74161 6.4
      vertex 2.22038 -2.70554 6.4
    endloop
  endfacet
  facet normal 0 0 1
    outer loop
      vertex 2.50007 -3.74161 6.4
      vertex 1.9445 -2.91014 6.4
      vertex 2.12128 -3.96865 6.4
    endloop
  endfacet
  facet normal -0 0 1
    outer loop
      vertex 1.64989 -3.08672 6.4
      vertex 2.12128 -3.96865 6.4
      vertex 1.9445 -2.91014 6.4
    endloop
  endfacet
  facet normal 0 0 1
    outer loop
      vertex 2.12128 -3.96865 6.4
      vertex 1.64989 -3.08672 6.4
      vertex 1.72207 -4.15746 6.4
    endloop
  endfacet
  facet normal -0 0 1
    outer loop
      vertex 1.33939 -3.23358 6.4
      vertex 1.72207 -4.15746 6.4
      vertex 1.64989 -3.08672 6.4
    endloop
  endfacet
  facet normal 0 0 1
    outer loop
      vertex 1.33939 -3.23358 6.4
      vertex 1.30628 -4.30623 6.4
      vertex 1.72207 -4.15746 6.4
    endloop
  endfacet
  facet normal -0 0 1
    outer loop
      vertex 1.016 -3.34929 6.4
      vertex 1.30628 -4.30623 6.4
      vertex 1.33939 -3.23358 6.4
    endloop
  endfacet
  facet normal 0 0 1
    outer loop
      vertex 1.016 -3.34929 6.4
      vertex 0.877906 -4.41353 6.4
      vertex 1.30628 -4.30623 6.4
    endloop
  endfacet
  facet normal -0 0 1
    outer loop
      vertex 0.682816 -3.43275 6.4
      vertex 0.877906 -4.41353 6.4
      vertex 1.016 -3.34929 6.4
    endloop
  endfacet
  facet normal 0 0 1
    outer loop
      vertex 0.682816 -3.43275 6.4
      vertex 0.441076 -4.47833 6.4
      vertex 0.877906 -4.41353 6.4
    endloop
  endfacet
  facet normal -0 0 1
    outer loop
      vertex 0.34306 -3.48315 6.4
      vertex 0.441076 -4.47833 6.4
      vertex 0.682816 -3.43275 6.4
    endloop
  endfacet
  facet normal -0 0 1
    outer loop
      vertex 0 -3.5 6.4
      vertex 0.441076 -4.47833 6.4
      vertex 0.34306 -3.48315 6.4
    endloop
  endfacet
  facet normal 0 0 1
    outer loop
      vertex 0 -3.5 6.4
      vertex 0 -4.5 6.4
      vertex 0.441076 -4.47833 6.4
    endloop
  endfacet
  facet normal 0 0 1
    outer loop
      vertex -0.34306 -3.48315 6.4
      vertex 0 -4.5 6.4
      vertex 0 -3.5 6.4
    endloop
  endfacet
  facet normal 0 0 1
    outer loop
      vertex -0.34306 -3.48315 6.4
      vertex -0.441076 -4.47833 6.4
      vertex 0 -4.5 6.4
    endloop
  endfacet
  facet normal 0 0 1
    outer loop
      vertex -0.682816 -3.43275 6.4
      vertex -0.441076 -4.47833 6.4
      vertex -0.34306 -3.48315 6.4
    endloop
  endfacet
  facet normal 0 0 1
    outer loop
      vertex -0.682816 -3.43275 6.4
      vertex -0.877906 -4.41353 6.4
      vertex -0.441076 -4.47833 6.4
    endloop
  endfacet
  facet normal 0 0 1
    outer loop
      vertex -1.016 -3.34929 6.4
      vertex -0.877906 -4.41353 6.4
      vertex -0.682816 -3.43275 6.4
    endloop
  endfacet
  facet normal 0 0 1
    outer loop
      vertex -1.016 -3.34929 6.4
      vertex -1.30628 -4.30623 6.4
      vertex -0.877906 -4.41353 6.4
    endloop
  endfacet
  facet normal 0 0 1
    outer loop
      vertex -1.33939 -3.23358 6.4
      vertex -1.30628 -4.30623 6.4
      vertex -1.016 -3.34929 6.4
    endloop
  endfacet
  facet normal 0 0 1
    outer loop
      vertex -1.72207 -4.15746 6.4
      vertex -1.33939 -3.23358 6.4
      vertex -1.64989 -3.08672 6.4
    endloop
  endfacet
  facet normal 0 0 1
    outer loop
      vertex -1.33939 -3.23358 6.4
      vertex -1.72207 -4.15746 6.4
      vertex -1.30628 -4.30623 6.4
    endloop
  endfacet
  facet normal 0 0 1
    outer loop
      vertex -2.12128 -3.96865 6.4
      vertex -1.64989 -3.08672 6.4
      vertex -1.9445 -2.91014 6.4
    endloop
  endfacet
  facet normal 0 0 1
    outer loop
      vertex -1.64989 -3.08672 6.4
      vertex -2.12128 -3.96865 6.4
      vertex -1.72207 -4.15746 6.4
    endloop
  endfacet
  facet normal 0 0 1
    outer loop
      vertex -2.50007 -3.74161 6.4
      vertex -1.9445 -2.91014 6.4
      vertex -2.22038 -2.70554 6.4
    endloop
  endfacet
  facet normal 0 0 1
    outer loop
      vertex -2.85477 -3.47855 6.4
      vertex -2.22038 -2.70554 6.4
      vertex -2.47487 -2.47487 6.4
    endloop
  endfacet
  facet normal 0 0 1
    outer loop
      vertex -1.9445 -2.91014 6.4
      vertex -2.50007 -3.74161 6.4
      vertex -2.12128 -3.96865 6.4
    endloop
  endfacet
  facet normal 0 0 1
    outer loop
      vertex -3.18198 -3.18198 6.4
      vertex -2.47487 -2.47487 6.4
      vertex -2.70554 -2.22038 6.4
    endloop
  endfacet
  facet normal 0 0 1
    outer loop
      vertex -2.22038 -2.70554 6.4
      vertex -2.85477 -3.47855 6.4
      vertex -2.50007 -3.74161 6.4
    endloop
  endfacet
  facet normal 0 0 1
    outer loop
      vertex -3.47855 -2.85477 6.4
      vertex -2.70554 -2.22038 6.4
      vertex -2.91014 -1.9445 6.4
    endloop
  endfacet
  facet normal 0 0 1
    outer loop
      vertex -3.74161 -2.50007 6.4
      vertex -2.91014 -1.9445 6.4
      vertex -3.08672 -1.64989 6.4
    endloop
  endfacet
  facet normal 0 0 1
    outer loop
      vertex -2.47487 -2.47487 6.4
      vertex -3.18198 -3.18198 6.4
      vertex -2.85477 -3.47855 6.4
    endloop
  endfacet
  facet normal 0 0 1
    outer loop
      vertex -3.96865 -2.12128 6.4
      vertex -3.08672 -1.64989 6.4
      vertex -3.23358 -1.33939 6.4
    endloop
  endfacet
  facet normal 0 0 1
    outer loop
      vertex -4.15746 -1.72207 6.4
      vertex -3.23358 -1.33939 6.4
      vertex -3.34929 -1.016 6.4
    endloop
  endfacet
  facet normal 0 0 1
    outer loop
      vertex -4.30623 -1.30628 6.4
      vertex -3.34929 -1.016 6.4
      vertex -3.43275 -0.682816 6.4
    endloop
  endfacet
  facet normal 0 0 1
    outer loop
      vertex -2.70554 -2.22038 6.4
      vertex -3.47855 -2.85477 6.4
      vertex -3.18198 -3.18198 6.4
    endloop
  endfacet
  facet normal 0 0 1
    outer loop
      vertex -4.41353 -0.877906 6.4
      vertex -3.43275 -0.682816 6.4
      vertex -3.48315 -0.34306 6.4
    endloop
  endfacet
  facet normal 0 0 1
    outer loop
      vertex -4.47833 -0.441076 6.4
      vertex -3.48315 -0.34306 6.4
      vertex -3.5 0 6.4
    endloop
  endfacet
  facet normal 0 0 1
    outer loop
      vertex -3.34929 1.016 6.4
      vertex -4.30623 1.30628 6.4
      vertex -3.43275 0.682816 6.4
    endloop
  endfacet
  facet normal 0 0 1
    outer loop
      vertex -2.91014 -1.9445 6.4
      vertex -3.74161 -2.50007 6.4
      vertex -3.47855 -2.85477 6.4
    endloop
  endfacet
  facet normal -0 0 1
    outer loop
      vertex -4.41353 0.877906 6.4
      vertex -3.43275 0.682816 6.4
      vertex -4.30623 1.30628 6.4
    endloop
  endfacet
  facet normal 0 0 1
    outer loop
      vertex -3.08672 -1.64989 6.4
      vertex -3.96865 -2.12128 6.4
      vertex -3.74161 -2.50007 6.4
    endloop
  endfacet
  facet normal 0 0 1
    outer loop
      vertex -3.43275 0.682816 6.4
      vertex -4.41353 0.877906 6.4
      vertex -3.48315 0.34306 6.4
    endloop
  endfacet
  facet normal 0 0 1
    outer loop
      vertex -3.23358 -1.33939 6.4
      vertex -4.15746 -1.72207 6.4
      vertex -3.96865 -2.12128 6.4
    endloop
  endfacet
  facet normal -0 0 1
    outer loop
      vertex -4.47833 0.441076 6.4
      vertex -3.48315 0.34306 6.4
      vertex -4.41353 0.877906 6.4
    endloop
  endfacet
  facet normal 0 0 1
    outer loop
      vertex -3.34929 -1.016 6.4
      vertex -4.30623 -1.30628 6.4
      vertex -4.15746 -1.72207 6.4
    endloop
  endfacet
  facet normal 0 0 1
    outer loop
      vertex -3.48315 0.34306 6.4
      vertex -4.47833 0.441076 6.4
      vertex -3.5 0 6.4
    endloop
  endfacet
  facet normal 0 0 1
    outer loop
      vertex -3.43275 -0.682816 6.4
      vertex -4.41353 -0.877906 6.4
      vertex -4.30623 -1.30628 6.4
    endloop
  endfacet
  facet normal 0 0 1
    outer loop
      vertex -4.5 0 6.4
      vertex -3.5 0 6.4
      vertex -4.47833 0.441076 6.4
    endloop
  endfacet
  facet normal 0 0 1
    outer loop
      vertex -3.48315 -0.34306 6.4
      vertex -4.47833 -0.441076 6.4
      vertex -4.41353 -0.877906 6.4
    endloop
  endfacet
  facet normal 0 0 1
    outer loop
      vertex -3.5 0 6.4
      vertex -4.5 0 6.4
      vertex -4.47833 -0.441076 6.4
    endloop
  endfacet
  facet normal 0.989176 0.146736 0
    outer loop
      vertex 3.48315 0.34306 8.3
      vertex 3.43275 0.682816 6.4
      vertex 3.43275 0.682816 8.3
    endloop
  endfacet
  facet normal 0.989176 0.146736 0
    outer loop
      vertex 3.43275 0.682816 6.4
      vertex 3.48315 0.34306 8.3
      vertex 3.48315 0.34306 6.4
    endloop
  endfacet
  facet normal 0.998796 0.0490576 0
    outer loop
      vertex 3.5 0 8.3
      vertex 3.48315 0.34306 6.4
      vertex 3.48315 0.34306 8.3
    endloop
  endfacet
  facet normal 0.998796 0.0490576 0
    outer loop
      vertex 3.48315 0.34306 6.4
      vertex 3.5 0 8.3
      vertex 3.5 0 6.4
    endloop
  endfacet
  facet normal 0.97003 0.242985 0
    outer loop
      vertex 3.43275 0.682816 8.3
      vertex 3.34929 1.016 6.4
      vertex 3.34929 1.016 8.3
    endloop
  endfacet
  facet normal 0.97003 0.242985 0
    outer loop
      vertex 3.34929 1.016 6.4
      vertex 3.43275 0.682816 8.3
      vertex 3.43275 0.682816 6.4
    endloop
  endfacet
  facet normal 0.595687 -0.803217 0
    outer loop
      vertex 1.9445 -2.91014 6.4
      vertex 2.22038 -2.70554 8.3
      vertex 1.9445 -2.91014 8.3
    endloop
  endfacet
  facet normal 0.595687 -0.803217 0
    outer loop
      vertex 2.22038 -2.70554 8.3
      vertex 1.9445 -2.91014 6.4
      vertex 2.22038 -2.70554 6.4
    endloop
  endfacet
  facet normal 0.427566 -0.903984 0
    outer loop
      vertex 1.33939 -3.23358 6.4
      vertex 1.64989 -3.08672 8.3
      vertex 1.33939 -3.23358 8.3
    endloop
  endfacet
  facet normal 0.427566 -0.903984 0
    outer loop
      vertex 1.64989 -3.08672 8.3
      vertex 1.33939 -3.23358 6.4
      vertex 1.64989 -3.08672 6.4
    endloop
  endfacet
  facet normal -0.671581 -0.740931 0
    outer loop
      vertex -2.47487 -2.47487 6.4
      vertex -2.22038 -2.70554 8.3
      vertex -2.47487 -2.47487 8.3
    endloop
  endfacet
  facet normal -0.671581 -0.740931 -0
    outer loop
      vertex -2.22038 -2.70554 8.3
      vertex -2.47487 -2.47487 6.4
      vertex -2.22038 -2.70554 6.4
    endloop
  endfacet
  facet normal 0.514098 0.857732 -0
    outer loop
      vertex 1.9445 2.91014 6.4
      vertex 1.64989 3.08672 8.3
      vertex 1.9445 2.91014 8.3
    endloop
  endfacet
  facet normal 0.514098 0.857732 0
    outer loop
      vertex 1.64989 3.08672 8.3
      vertex 1.9445 2.91014 6.4
      vertex 1.64989 3.08672 6.4
    endloop
  endfacet
  facet normal -0.146736 -0.989176 0
    outer loop
      vertex -0.682816 -3.43275 6.4
      vertex -0.34306 -3.48315 8.3
      vertex -0.682816 -3.43275 8.3
    endloop
  endfacet
  facet normal -0.146736 -0.989176 -0
    outer loop
      vertex -0.34306 -3.48315 8.3
      vertex -0.682816 -3.43275 6.4
      vertex -0.34306 -3.48315 6.4
    endloop
  endfacet
  facet normal -0.242985 0.97003 0
    outer loop
      vertex -0.682816 3.43275 6.4
      vertex -1.016 3.34929 8.3
      vertex -0.682816 3.43275 8.3
    endloop
  endfacet
  facet normal -0.242985 0.97003 0
    outer loop
      vertex -1.016 3.34929 8.3
      vertex -0.682816 3.43275 6.4
      vertex -1.016 3.34929 6.4
    endloop
  endfacet
  facet normal 0.740931 0.671581 0
    outer loop
      vertex 2.70554 2.22038 8.3
      vertex 2.47487 2.47487 6.4
      vertex 2.47487 2.47487 8.3
    endloop
  endfacet
  facet normal 0.740931 0.671581 0
    outer loop
      vertex 2.47487 2.47487 6.4
      vertex 2.70554 2.22038 8.3
      vertex 2.70554 2.22038 6.4
    endloop
  endfacet
  facet normal -0.97003 -0.242985 0
    outer loop
      vertex -3.34929 -1.016 6.4
      vertex -3.43275 -0.682816 8.3
      vertex -3.43275 -0.682816 6.4
    endloop
  endfacet
  facet normal -0.97003 -0.242985 0
    outer loop
      vertex -3.43275 -0.682816 8.3
      vertex -3.34929 -1.016 6.4
      vertex -3.34929 -1.016 8.3
    endloop
  endfacet
  facet normal 0.857732 0.514098 0
    outer loop
      vertex 3.08672 1.64989 8.3
      vertex 2.91014 1.9445 6.4
      vertex 2.91014 1.9445 8.3
    endloop
  endfacet
  facet normal 0.857732 0.514098 0
    outer loop
      vertex 2.91014 1.9445 6.4
      vertex 3.08672 1.64989 8.3
      vertex 3.08672 1.64989 6.4
    endloop
  endfacet
  facet normal 0.671581 0.740931 -0
    outer loop
      vertex 2.47487 2.47487 6.4
      vertex 2.22038 2.70554 8.3
      vertex 2.47487 2.47487 8.3
    endloop
  endfacet
  facet normal 0.671581 0.740931 0
    outer loop
      vertex 2.22038 2.70554 8.3
      vertex 2.47487 2.47487 6.4
      vertex 2.22038 2.70554 6.4
    endloop
  endfacet
  facet normal -0.941545 -0.336888 0
    outer loop
      vertex -3.23358 -1.33939 6.4
      vertex -3.34929 -1.016 8.3
      vertex -3.34929 -1.016 6.4
    endloop
  endfacet
  facet normal -0.941545 -0.336888 0
    outer loop
      vertex -3.34929 -1.016 8.3
      vertex -3.23358 -1.33939 6.4
      vertex -3.23358 -1.33939 8.3
    endloop
  endfacet
  facet normal 0.336888 -0.941545 0
    outer loop
      vertex 1.016 -3.34929 6.4
      vertex 1.33939 -3.23358 8.3
      vertex 1.016 -3.34929 8.3
    endloop
  endfacet
  facet normal 0.336888 -0.941545 0
    outer loop
      vertex 1.33939 -3.23358 8.3
      vertex 1.016 -3.34929 6.4
      vertex 1.33939 -3.23358 6.4
    endloop
  endfacet
  facet normal 0.941545 0.336888 0
    outer loop
      vertex 3.34929 1.016 8.3
      vertex 3.23358 1.33939 6.4
      vertex 3.23358 1.33939 8.3
    endloop
  endfacet
  facet normal 0.941545 0.336888 0
    outer loop
      vertex 3.23358 1.33939 6.4
      vertex 3.34929 1.016 8.3
      vertex 3.34929 1.016 6.4
    endloop
  endfacet
  facet normal -0.998796 -0.0490576 0
    outer loop
      vertex -3.48315 -0.34306 6.4
      vertex -3.5 0 8.3
      vertex -3.5 0 6.4
    endloop
  endfacet
  facet normal -0.998796 -0.0490576 0
    outer loop
      vertex -3.5 0 8.3
      vertex -3.48315 -0.34306 6.4
      vertex -3.48315 -0.34306 8.3
    endloop
  endfacet
  facet normal -0.0490576 0.998796 0
    outer loop
      vertex 0 3.5 6.4
      vertex -0.34306 3.48315 8.3
      vertex 0 3.5 8.3
    endloop
  endfacet
  facet normal -0.0490576 0.998796 0
    outer loop
      vertex -0.34306 3.48315 8.3
      vertex 0 3.5 6.4
      vertex -0.34306 3.48315 6.4
    endloop
  endfacet
  facet normal 0.903984 -0.427566 0
    outer loop
      vertex 3.08672 -1.64989 8.3
      vertex 3.23358 -1.33939 6.4
      vertex 3.23358 -1.33939 8.3
    endloop
  endfacet
  facet normal 0.903984 -0.427566 0
    outer loop
      vertex 3.23358 -1.33939 6.4
      vertex 3.08672 -1.64989 8.3
      vertex 3.08672 -1.64989 6.4
    endloop
  endfacet
  facet normal 0.595687 0.803217 -0
    outer loop
      vertex 2.22038 2.70554 6.4
      vertex 1.9445 2.91014 8.3
      vertex 2.22038 2.70554 8.3
    endloop
  endfacet
  facet normal 0.595687 0.803217 0
    outer loop
      vertex 1.9445 2.91014 8.3
      vertex 2.22038 2.70554 6.4
      vertex 1.9445 2.91014 6.4
    endloop
  endfacet
  facet normal 0.998796 -0.0490576 0
    outer loop
      vertex 3.48315 -0.34306 8.3
      vertex 3.5 0 6.4
      vertex 3.5 0 8.3
    endloop
  endfacet
  facet normal 0.998796 -0.0490576 0
    outer loop
      vertex 3.5 0 6.4
      vertex 3.48315 -0.34306 8.3
      vertex 3.48315 -0.34306 6.4
    endloop
  endfacet
  facet normal -0.336888 -0.941545 0
    outer loop
      vertex -1.33939 -3.23358 6.4
      vertex -1.016 -3.34929 8.3
      vertex -1.33939 -3.23358 8.3
    endloop
  endfacet
  facet normal -0.336888 -0.941545 -0
    outer loop
      vertex -1.016 -3.34929 8.3
      vertex -1.33939 -3.23358 6.4
      vertex -1.016 -3.34929 6.4
    endloop
  endfacet
  facet normal -0.0490576 -0.998796 0
    outer loop
      vertex -0.34306 -3.48315 6.4
      vertex 0 -3.5 8.3
      vertex -0.34306 -3.48315 8.3
    endloop
  endfacet
  facet normal -0.0490576 -0.998796 -0
    outer loop
      vertex 0 -3.5 8.3
      vertex -0.34306 -3.48315 6.4
      vertex 0 -3.5 6.4
    endloop
  endfacet
  facet normal 0.0490576 -0.998796 0
    outer loop
      vertex 0 -3.5 6.4
      vertex 0.34306 -3.48315 8.3
      vertex 0 -3.5 8.3
    endloop
  endfacet
  facet normal 0.0490576 -0.998796 0
    outer loop
      vertex 0.34306 -3.48315 8.3
      vertex 0 -3.5 6.4
      vertex 0.34306 -3.48315 6.4
    endloop
  endfacet
  facet normal 0.803217 0.595687 0
    outer loop
      vertex 2.91014 1.9445 8.3
      vertex 2.70554 2.22038 6.4
      vertex 2.70554 2.22038 8.3
    endloop
  endfacet
  facet normal 0.803217 0.595687 0
    outer loop
      vertex 2.70554 2.22038 6.4
      vertex 2.91014 1.9445 8.3
      vertex 2.91014 1.9445 6.4
    endloop
  endfacet
  facet normal -0.671581 0.740931 0
    outer loop
      vertex -2.22038 2.70554 6.4
      vertex -2.47487 2.47487 8.3
      vertex -2.22038 2.70554 8.3
    endloop
  endfacet
  facet normal -0.671581 0.740931 0
    outer loop
      vertex -2.47487 2.47487 8.3
      vertex -2.22038 2.70554 6.4
      vertex -2.47487 2.47487 6.4
    endloop
  endfacet
  facet normal 0.146736 0.989176 -0
    outer loop
      vertex 0.682816 3.43275 6.4
      vertex 0.34306 3.48315 8.3
      vertex 0.682816 3.43275 8.3
    endloop
  endfacet
  facet normal 0.146736 0.989176 0
    outer loop
      vertex 0.34306 3.48315 8.3
      vertex 0.682816 3.43275 6.4
      vertex 0.34306 3.48315 6.4
    endloop
  endfacet
  facet normal 0.146736 -0.989176 0
    outer loop
      vertex 0.34306 -3.48315 6.4
      vertex 0.682816 -3.43275 8.3
      vertex 0.34306 -3.48315 8.3
    endloop
  endfacet
  facet normal 0.146736 -0.989176 0
    outer loop
      vertex 0.682816 -3.43275 8.3
      vertex 0.34306 -3.48315 6.4
      vertex 0.682816 -3.43275 6.4
    endloop
  endfacet
  facet normal 0.427566 0.903984 -0
    outer loop
      vertex 1.64989 3.08672 6.4
      vertex 1.33939 3.23358 8.3
      vertex 1.64989 3.08672 8.3
    endloop
  endfacet
  facet normal 0.427566 0.903984 0
    outer loop
      vertex 1.33939 3.23358 8.3
      vertex 1.64989 3.08672 6.4
      vertex 1.33939 3.23358 6.4
    endloop
  endfacet
  facet normal 0.941545 -0.336888 0
    outer loop
      vertex 3.23358 -1.33939 8.3
      vertex 3.34929 -1.016 6.4
      vertex 3.34929 -1.016 8.3
    endloop
  endfacet
  facet normal 0.941545 -0.336888 0
    outer loop
      vertex 3.34929 -1.016 6.4
      vertex 3.23358 -1.33939 8.3
      vertex 3.23358 -1.33939 6.4
    endloop
  endfacet
  facet normal 0.740931 -0.671581 0
    outer loop
      vertex 2.47487 -2.47487 8.3
      vertex 2.70554 -2.22038 6.4
      vertex 2.70554 -2.22038 8.3
    endloop
  endfacet
  facet normal 0.740931 -0.671581 0
    outer loop
      vertex 2.70554 -2.22038 6.4
      vertex 2.47487 -2.47487 8.3
      vertex 2.47487 -2.47487 6.4
    endloop
  endfacet
  facet normal -0.740931 0.671581 0
    outer loop
      vertex -2.70554 2.22038 6.4
      vertex -2.47487 2.47487 8.3
      vertex -2.47487 2.47487 6.4
    endloop
  endfacet
  facet normal -0.740931 0.671581 0
    outer loop
      vertex -2.47487 2.47487 8.3
      vertex -2.70554 2.22038 6.4
      vertex -2.70554 2.22038 8.3
    endloop
  endfacet
  facet normal -0.857732 0.514098 0
    outer loop
      vertex -3.08672 1.64989 6.4
      vertex -2.91014 1.9445 8.3
      vertex -2.91014 1.9445 6.4
    endloop
  endfacet
  facet normal -0.857732 0.514098 0
    outer loop
      vertex -2.91014 1.9445 8.3
      vertex -3.08672 1.64989 6.4
      vertex -3.08672 1.64989 8.3
    endloop
  endfacet
  facet normal 0.903984 0.427566 0
    outer loop
      vertex 3.23358 1.33939 8.3
      vertex 3.08672 1.64989 6.4
      vertex 3.08672 1.64989 8.3
    endloop
  endfacet
  facet normal 0.903984 0.427566 0
    outer loop
      vertex 3.08672 1.64989 6.4
      vertex 3.23358 1.33939 8.3
      vertex 3.23358 1.33939 6.4
    endloop
  endfacet
  facet normal -0.514098 0.857732 0
    outer loop
      vertex -1.64989 3.08672 6.4
      vertex -1.9445 2.91014 8.3
      vertex -1.64989 3.08672 8.3
    endloop
  endfacet
  facet normal -0.514098 0.857732 0
    outer loop
      vertex -1.9445 2.91014 8.3
      vertex -1.64989 3.08672 6.4
      vertex -1.9445 2.91014 6.4
    endloop
  endfacet
  facet normal 0.989176 -0.146736 0
    outer loop
      vertex 3.43275 -0.682816 8.3
      vertex 3.48315 -0.34306 6.4
      vertex 3.48315 -0.34306 8.3
    endloop
  endfacet
  facet normal 0.989176 -0.146736 0
    outer loop
      vertex 3.48315 -0.34306 6.4
      vertex 3.43275 -0.682816 8.3
      vertex 3.43275 -0.682816 6.4
    endloop
  endfacet
  facet normal 0.514098 -0.857732 0
    outer loop
      vertex 1.64989 -3.08672 6.4
      vertex 1.9445 -2.91014 8.3
      vertex 1.64989 -3.08672 8.3
    endloop
  endfacet
  facet normal 0.514098 -0.857732 0
    outer loop
      vertex 1.9445 -2.91014 8.3
      vertex 1.64989 -3.08672 6.4
      vertex 1.9445 -2.91014 6.4
    endloop
  endfacet
  facet normal -0.941545 0.336888 0
    outer loop
      vertex -3.34929 1.016 6.4
      vertex -3.23358 1.33939 8.3
      vertex -3.23358 1.33939 6.4
    endloop
  endfacet
  facet normal -0.941545 0.336888 0
    outer loop
      vertex -3.23358 1.33939 8.3
      vertex -3.34929 1.016 6.4
      vertex -3.34929 1.016 8.3
    endloop
  endfacet
  facet normal 0.336888 0.941545 -0
    outer loop
      vertex 1.33939 3.23358 6.4
      vertex 1.016 3.34929 8.3
      vertex 1.33939 3.23358 8.3
    endloop
  endfacet
  facet normal 0.336888 0.941545 0
    outer loop
      vertex 1.016 3.34929 8.3
      vertex 1.33939 3.23358 6.4
      vertex 1.016 3.34929 6.4
    endloop
  endfacet
  facet normal 0.242985 0.97003 -0
    outer loop
      vertex 1.016 3.34929 6.4
      vertex 0.682816 3.43275 8.3
      vertex 1.016 3.34929 8.3
    endloop
  endfacet
  facet normal 0.242985 0.97003 0
    outer loop
      vertex 0.682816 3.43275 8.3
      vertex 1.016 3.34929 6.4
      vertex 0.682816 3.43275 6.4
    endloop
  endfacet
  facet normal -0.427566 0.903984 0
    outer loop
      vertex -1.33939 3.23358 6.4
      vertex -1.64989 3.08672 8.3
      vertex -1.33939 3.23358 8.3
    endloop
  endfacet
  facet normal -0.427566 0.903984 0
    outer loop
      vertex -1.64989 3.08672 8.3
      vertex -1.33939 3.23358 6.4
      vertex -1.64989 3.08672 6.4
    endloop
  endfacet
  facet normal -0.595687 0.803217 0
    outer loop
      vertex -1.9445 2.91014 6.4
      vertex -2.22038 2.70554 8.3
      vertex -1.9445 2.91014 8.3
    endloop
  endfacet
  facet normal -0.595687 0.803217 0
    outer loop
      vertex -2.22038 2.70554 8.3
      vertex -1.9445 2.91014 6.4
      vertex -2.22038 2.70554 6.4
    endloop
  endfacet
  facet normal 0.97003 -0.242985 0
    outer loop
      vertex 3.34929 -1.016 8.3
      vertex 3.43275 -0.682816 6.4
      vertex 3.43275 -0.682816 8.3
    endloop
  endfacet
  facet normal 0.97003 -0.242985 0
    outer loop
      vertex 3.43275 -0.682816 6.4
      vertex 3.34929 -1.016 8.3
      vertex 3.34929 -1.016 6.4
    endloop
  endfacet
  facet normal -0.146736 0.989176 0
    outer loop
      vertex -0.34306 3.48315 6.4
      vertex -0.682816 3.43275 8.3
      vertex -0.34306 3.48315 8.3
    endloop
  endfacet
  facet normal -0.146736 0.989176 0
    outer loop
      vertex -0.682816 3.43275 8.3
      vertex -0.34306 3.48315 6.4
      vertex -0.682816 3.43275 6.4
    endloop
  endfacet
  facet normal 0.242985 -0.97003 0
    outer loop
      vertex 0.682816 -3.43275 6.4
      vertex 1.016 -3.34929 8.3
      vertex 0.682816 -3.43275 8.3
    endloop
  endfacet
  facet normal 0.242985 -0.97003 0
    outer loop
      vertex 1.016 -3.34929 8.3
      vertex 0.682816 -3.43275 6.4
      vertex 1.016 -3.34929 6.4
    endloop
  endfacet
  facet normal -0.903984 -0.427566 0
    outer loop
      vertex -3.08672 -1.64989 6.4
      vertex -3.23358 -1.33939 8.3
      vertex -3.23358 -1.33939 6.4
    endloop
  endfacet
  facet normal -0.903984 -0.427566 0
    outer loop
      vertex -3.23358 -1.33939 8.3
      vertex -3.08672 -1.64989 6.4
      vertex -3.08672 -1.64989 8.3
    endloop
  endfacet
  facet normal -0.97003 0.242985 0
    outer loop
      vertex -3.43275 0.682816 6.4
      vertex -3.34929 1.016 8.3
      vertex -3.34929 1.016 6.4
    endloop
  endfacet
  facet normal -0.97003 0.242985 0
    outer loop
      vertex -3.34929 1.016 8.3
      vertex -3.43275 0.682816 6.4
      vertex -3.43275 0.682816 8.3
    endloop
  endfacet
  facet normal -0.740931 -0.671581 0
    outer loop
      vertex -2.47487 -2.47487 6.4
      vertex -2.70554 -2.22038 8.3
      vertex -2.70554 -2.22038 6.4
    endloop
  endfacet
  facet normal -0.740931 -0.671581 0
    outer loop
      vertex -2.70554 -2.22038 8.3
      vertex -2.47487 -2.47487 6.4
      vertex -2.47487 -2.47487 8.3
    endloop
  endfacet
  facet normal -0.336888 0.941545 0
    outer loop
      vertex -1.016 3.34929 6.4
      vertex -1.33939 3.23358 8.3
      vertex -1.016 3.34929 8.3
    endloop
  endfacet
  facet normal -0.336888 0.941545 0
    outer loop
      vertex -1.33939 3.23358 8.3
      vertex -1.016 3.34929 6.4
      vertex -1.33939 3.23358 6.4
    endloop
  endfacet
  facet normal -0.989176 0.146736 0
    outer loop
      vertex -3.48315 0.34306 6.4
      vertex -3.43275 0.682816 8.3
      vertex -3.43275 0.682816 6.4
    endloop
  endfacet
  facet normal -0.989176 0.146736 0
    outer loop
      vertex -3.43275 0.682816 8.3
      vertex -3.48315 0.34306 6.4
      vertex -3.48315 0.34306 8.3
    endloop
  endfacet
  facet normal -0.998796 0.0490576 0
    outer loop
      vertex -3.5 0 6.4
      vertex -3.48315 0.34306 8.3
      vertex -3.48315 0.34306 6.4
    endloop
  endfacet
  facet normal -0.998796 0.0490576 0
    outer loop
      vertex -3.48315 0.34306 8.3
      vertex -3.5 0 6.4
      vertex -3.5 0 8.3
    endloop
  endfacet
  facet normal -0.989176 -0.146736 0
    outer loop
      vertex -3.43275 -0.682816 6.4
      vertex -3.48315 -0.34306 8.3
      vertex -3.48315 -0.34306 6.4
    endloop
  endfacet
  facet normal -0.989176 -0.146736 0
    outer loop
      vertex -3.48315 -0.34306 8.3
      vertex -3.43275 -0.682816 6.4
      vertex -3.43275 -0.682816 8.3
    endloop
  endfacet
  facet normal -0.803217 0.595687 0
    outer loop
      vertex -2.91014 1.9445 6.4
      vertex -2.70554 2.22038 8.3
      vertex -2.70554 2.22038 6.4
    endloop
  endfacet
  facet normal -0.803217 0.595687 0
    outer loop
      vertex -2.70554 2.22038 8.3
      vertex -2.91014 1.9445 6.4
      vertex -2.91014 1.9445 8.3
    endloop
  endfacet
  facet normal -0.803217 -0.595687 0
    outer loop
      vertex -2.70554 -2.22038 6.4
      vertex -2.91014 -1.9445 8.3
      vertex -2.91014 -1.9445 6.4
    endloop
  endfacet
  facet normal -0.803217 -0.595687 0
    outer loop
      vertex -2.91014 -1.9445 8.3
      vertex -2.70554 -2.22038 6.4
      vertex -2.70554 -2.22038 8.3
    endloop
  endfacet
  facet normal 0.0490576 0.998796 -0
    outer loop
      vertex 0.34306 3.48315 6.4
      vertex 0 3.5 8.3
      vertex 0.34306 3.48315 8.3
    endloop
  endfacet
  facet normal 0.0490576 0.998796 0
    outer loop
      vertex 0 3.5 8.3
      vertex 0.34306 3.48315 6.4
      vertex 0 3.5 6.4
    endloop
  endfacet
  facet normal 0.857732 -0.514098 0
    outer loop
      vertex 2.91014 -1.9445 8.3
      vertex 3.08672 -1.64989 6.4
      vertex 3.08672 -1.64989 8.3
    endloop
  endfacet
  facet normal 0.857732 -0.514098 0
    outer loop
      vertex 3.08672 -1.64989 6.4
      vertex 2.91014 -1.9445 8.3
      vertex 2.91014 -1.9445 6.4
    endloop
  endfacet
  facet normal -0.514098 -0.857732 0
    outer loop
      vertex -1.9445 -2.91014 6.4
      vertex -1.64989 -3.08672 8.3
      vertex -1.9445 -2.91014 8.3
    endloop
  endfacet
  facet normal -0.514098 -0.857732 -0
    outer loop
      vertex -1.64989 -3.08672 8.3
      vertex -1.9445 -2.91014 6.4
      vertex -1.64989 -3.08672 6.4
    endloop
  endfacet
  facet normal -0.595687 -0.803217 0
    outer loop
      vertex -2.22038 -2.70554 6.4
      vertex -1.9445 -2.91014 8.3
      vertex -2.22038 -2.70554 8.3
    endloop
  endfacet
  facet normal -0.595687 -0.803217 -0
    outer loop
      vertex -1.9445 -2.91014 8.3
      vertex -2.22038 -2.70554 6.4
      vertex -1.9445 -2.91014 6.4
    endloop
  endfacet
  facet normal -0.427566 -0.903984 0
    outer loop
      vertex -1.64989 -3.08672 6.4
      vertex -1.33939 -3.23358 8.3
      vertex -1.64989 -3.08672 8.3
    endloop
  endfacet
  facet normal -0.427566 -0.903984 -0
    outer loop
      vertex -1.33939 -3.23358 8.3
      vertex -1.64989 -3.08672 6.4
      vertex -1.33939 -3.23358 6.4
    endloop
  endfacet
  facet normal 0.803217 -0.595687 0
    outer loop
      vertex 2.70554 -2.22038 8.3
      vertex 2.91014 -1.9445 6.4
      vertex 2.91014 -1.9445 8.3
    endloop
  endfacet
  facet normal 0.803217 -0.595687 0
    outer loop
      vertex 2.91014 -1.9445 6.4
      vertex 2.70554 -2.22038 8.3
      vertex 2.70554 -2.22038 6.4
    endloop
  endfacet
  facet normal -0.242985 -0.97003 0
    outer loop
      vertex -1.016 -3.34929 6.4
      vertex -0.682816 -3.43275 8.3
      vertex -1.016 -3.34929 8.3
    endloop
  endfacet
  facet normal -0.242985 -0.97003 -0
    outer loop
      vertex -0.682816 -3.43275 8.3
      vertex -1.016 -3.34929 6.4
      vertex -0.682816 -3.43275 6.4
    endloop
  endfacet
  facet normal -0.857732 -0.514098 0
    outer loop
      vertex -2.91014 -1.9445 6.4
      vertex -3.08672 -1.64989 8.3
      vertex -3.08672 -1.64989 6.4
    endloop
  endfacet
  facet normal -0.857732 -0.514098 0
    outer loop
      vertex -3.08672 -1.64989 8.3
      vertex -2.91014 -1.9445 6.4
      vertex -2.91014 -1.9445 8.3
    endloop
  endfacet
  facet normal -0.903984 0.427566 0
    outer loop
      vertex -3.23358 1.33939 6.4
      vertex -3.08672 1.64989 8.3
      vertex -3.08672 1.64989 6.4
    endloop
  endfacet
  facet normal -0.903984 0.427566 0
    outer loop
      vertex -3.08672 1.64989 8.3
      vertex -3.23358 1.33939 6.4
      vertex -3.23358 1.33939 8.3
    endloop
  endfacet
  facet normal 0.671581 -0.740931 0
    outer loop
      vertex 2.22038 -2.70554 6.4
      vertex 2.47487 -2.47487 8.3
      vertex 2.22038 -2.70554 8.3
    endloop
  endfacet
  facet normal 0.671581 -0.740931 0
    outer loop
      vertex 2.47487 -2.47487 8.3
      vertex 2.22038 -2.70554 6.4
      vertex 2.47487 -2.47487 6.4
    endloop
  endfacet
  facet normal 0 0 1
    outer loop
      vertex 1.52499 0 8.3
      vertex 3.5 0 8.3
      vertex 3.48315 0.34306 8.3
    endloop
  endfacet
  facet normal 0 0 1
    outer loop
      vertex 1.51765 0.149475 8.3
      vertex 3.48315 0.34306 8.3
      vertex 3.43275 0.682816 8.3
    endloop
  endfacet
  facet normal 0 0 1
    outer loop
      vertex 3.5 0 8.3
      vertex 1.52499 0 8.3
      vertex 3.48315 -0.34306 8.3
    endloop
  endfacet
  facet normal 0 0 1
    outer loop
      vertex 1.4957 0.297501 8.3
      vertex 3.43275 0.682816 8.3
      vertex 3.34929 1.016 8.3
    endloop
  endfacet
  facet normal -0 0 1
    outer loop
      vertex 1.51765 -0.149475 8.3
      vertex 3.48315 -0.34306 8.3
      vertex 1.52499 0 8.3
    endloop
  endfacet
  facet normal 0 0 1
    outer loop
      vertex 1.45932 0.442673 8.3
      vertex 3.34929 1.016 8.3
      vertex 3.23358 1.33939 8.3
    endloop
  endfacet
  facet normal 0 0 1
    outer loop
      vertex 3.48315 -0.34306 8.3
      vertex 1.51765 -0.149475 8.3
      vertex 3.43275 -0.682816 8.3
    endloop
  endfacet
  facet normal 0 0 1
    outer loop
      vertex 1.40891 0.583588 8.3
      vertex 3.23358 1.33939 8.3
      vertex 3.08672 1.64989 8.3
    endloop
  endfacet
  facet normal -0 0 1
    outer loop
      vertex 1.4957 -0.297501 8.3
      vertex 3.43275 -0.682816 8.3
      vertex 1.51765 -0.149475 8.3
    endloop
  endfacet
  facet normal 0 0 1
    outer loop
      vertex 1.34492 0.718872 8.3
      vertex 3.08672 1.64989 8.3
      vertex 2.91014 1.9445 8.3
    endloop
  endfacet
  facet normal 0 0 1
    outer loop
      vertex 3.43275 -0.682816 8.3
      vertex 1.4957 -0.297501 8.3
      vertex 3.34929 -1.016 8.3
    endloop
  endfacet
  facet normal 0 0 1
    outer loop
      vertex 1.26799 0.847244 8.3
      vertex 2.91014 1.9445 8.3
      vertex 2.70554 2.22038 8.3
    endloop
  endfacet
  facet normal -0 0 1
    outer loop
      vertex 1.45932 -0.442673 8.3
      vertex 3.34929 -1.016 8.3
      vertex 1.4957 -0.297501 8.3
    endloop
  endfacet
  facet normal 0 0 1
    outer loop
      vertex 1.12666 1.02499 8.3
      vertex 2.70554 2.22038 8.3
      vertex 2.47487 2.47487 8.3
    endloop
  endfacet
  facet normal 0 0 1
    outer loop
      vertex 3.34929 -1.016 8.3
      vertex 1.45932 -0.442673 8.3
      vertex 3.23358 -1.33939 8.3
    endloop
  endfacet
  facet normal 0 0 1
    outer loop
      vertex 1.12666 1.02499 8.3
      vertex 2.47487 2.47487 8.3
      vertex 2.22038 2.70554 8.3
    endloop
  endfacet
  facet normal -0 0 1
    outer loop
      vertex 1.40891 -0.583588 8.3
      vertex 3.23358 -1.33939 8.3
      vertex 1.45932 -0.442673 8.3
    endloop
  endfacet
  facet normal 0 0 1
    outer loop
      vertex 1.12666 1.02499 8.3
      vertex 2.22038 2.70554 8.3
      vertex 1.9445 2.91014 8.3
    endloop
  endfacet
  facet normal 0 0 1
    outer loop
      vertex 3.23358 -1.33939 8.3
      vertex 1.40891 -0.583588 8.3
      vertex 3.08672 -1.64989 8.3
    endloop
  endfacet
  facet normal 0 0 1
    outer loop
      vertex 1.12666 1.02499 8.3
      vertex 1.9445 2.91014 8.3
      vertex 1.64989 3.08672 8.3
    endloop
  endfacet
  facet normal -0 0 1
    outer loop
      vertex 1.34492 -0.718872 8.3
      vertex 3.08672 -1.64989 8.3
      vertex 1.40891 -0.583588 8.3
    endloop
  endfacet
  facet normal 0 0 1
    outer loop
      vertex 3.08672 -1.64989 8.3
      vertex 1.34492 -0.718872 8.3
      vertex 2.91014 -1.9445 8.3
    endloop
  endfacet
  facet normal 0 0 1
    outer loop
      vertex 3.48315 0.34306 8.3
      vertex 1.51765 0.149475 8.3
      vertex 1.52499 0 8.3
    endloop
  endfacet
  facet normal 0 0 1
    outer loop
      vertex 3.43275 0.682816 8.3
      vertex 1.4957 0.297501 8.3
      vertex 1.51765 0.149475 8.3
    endloop
  endfacet
  facet normal 0 0 1
    outer loop
      vertex 3.34929 1.016 8.3
      vertex 1.45932 0.442673 8.3
      vertex 1.4957 0.297501 8.3
    endloop
  endfacet
  facet normal 0 0 1
    outer loop
      vertex 3.23358 1.33939 8.3
      vertex 1.40891 0.583588 8.3
      vertex 1.45932 0.442673 8.3
    endloop
  endfacet
  facet normal 0 0 1
    outer loop
      vertex 3.08672 1.64989 8.3
      vertex 1.34492 0.718872 8.3
      vertex 1.40891 0.583588 8.3
    endloop
  endfacet
  facet normal 0 0 1
    outer loop
      vertex 1.12666 1.02499 8.3
      vertex 1.64989 3.08672 8.3
      vertex 1.33939 3.23358 8.3
    endloop
  endfacet
  facet normal 0 0 1
    outer loop
      vertex 2.91014 1.9445 8.3
      vertex 1.26799 0.847244 8.3
      vertex 1.34492 0.718872 8.3
    endloop
  endfacet
  facet normal 0 0 1
    outer loop
      vertex 2.70554 2.22038 8.3
      vertex 1.17883 0.967438 8.3
      vertex 1.26799 0.847244 8.3
    endloop
  endfacet
  facet normal 0 0 1
    outer loop
      vertex 2.70554 2.22038 8.3
      vertex 1.12666 1.02499 8.3
      vertex 1.17883 0.967438 8.3
    endloop
  endfacet
  facet normal 0 0 1
    outer loop
      vertex 1.016 3.34929 8.3
      vertex 1.12666 1.02499 8.3
      vertex 1.33939 3.23358 8.3
    endloop
  endfacet
  facet normal 0 0 1
    outer loop
      vertex 0.682816 3.43275 8.3
      vertex 1.12666 1.02499 8.3
      vertex 1.016 3.34929 8.3
    endloop
  endfacet
  facet normal 0 0 1
    outer loop
      vertex 0.34306 3.48315 8.3
      vertex 1.12666 1.02499 8.3
      vertex 0.682816 3.43275 8.3
    endloop
  endfacet
  facet normal 0 0 1
    outer loop
      vertex 0 3.5 8.3
      vertex 1.12666 1.02499 8.3
      vertex 0.34306 3.48315 8.3
    endloop
  endfacet
  facet normal 0 0 1
    outer loop
      vertex -1.12666 1.02499 8.3
      vertex 0 3.5 8.3
      vertex -0.34306 3.48315 8.3
    endloop
  endfacet
  facet normal 0 0 1
    outer loop
      vertex -1.12666 1.02499 8.3
      vertex -0.34306 3.48315 8.3
      vertex -0.682816 3.43275 8.3
    endloop
  endfacet
  facet normal 0 0 1
    outer loop
      vertex -1.12666 1.02499 8.3
      vertex -0.682816 3.43275 8.3
      vertex -1.016 3.34929 8.3
    endloop
  endfacet
  facet normal 0 0 1
    outer loop
      vertex 0 3.5 8.3
      vertex -1.12666 1.02499 8.3
      vertex 1.12666 1.02499 8.3
    endloop
  endfacet
  facet normal -0 0 1
    outer loop
      vertex -1.33939 3.23358 8.3
      vertex -1.12666 1.02499 8.3
      vertex -1.016 3.34929 8.3
    endloop
  endfacet
  facet normal -0 0 1
    outer loop
      vertex -1.64989 3.08672 8.3
      vertex -1.12666 1.02499 8.3
      vertex -1.33939 3.23358 8.3
    endloop
  endfacet
  facet normal -0 0 1
    outer loop
      vertex -1.9445 2.91014 8.3
      vertex -1.12666 1.02499 8.3
      vertex -1.64989 3.08672 8.3
    endloop
  endfacet
  facet normal -0 0 1
    outer loop
      vertex -2.22038 2.70554 8.3
      vertex -1.12666 1.02499 8.3
      vertex -1.9445 2.91014 8.3
    endloop
  endfacet
  facet normal -0 0 1
    outer loop
      vertex -2.47487 2.47487 8.3
      vertex -1.12666 1.02499 8.3
      vertex -2.22038 2.70554 8.3
    endloop
  endfacet
  facet normal -0 0 1
    outer loop
      vertex -2.70554 2.22038 8.3
      vertex -1.12666 1.02499 8.3
      vertex -2.47487 2.47487 8.3
    endloop
  endfacet
  facet normal 0 0 1
    outer loop
      vertex -1.12666 1.02499 8.3
      vertex -2.70554 2.22038 8.3
      vertex -1.17883 0.967438 8.3
    endloop
  endfacet
  facet normal 0 0 1
    outer loop
      vertex -1.17883 0.967438 8.3
      vertex -2.70554 2.22038 8.3
      vertex -1.26799 0.847244 8.3
    endloop
  endfacet
  facet normal 0 0 1
    outer loop
      vertex -1.26799 0.847244 8.3
      vertex -2.91014 1.9445 8.3
      vertex -1.34492 0.718872 8.3
    endloop
  endfacet
  facet normal -0 0 1
    outer loop
      vertex -2.91014 1.9445 8.3
      vertex -1.26799 0.847244 8.3
      vertex -2.70554 2.22038 8.3
    endloop
  endfacet
  facet normal -0 0 1
    outer loop
      vertex 1.26799 -0.847244 8.3
      vertex 2.91014 -1.9445 8.3
      vertex 1.34492 -0.718872 8.3
    endloop
  endfacet
  facet normal 0 0 1
    outer loop
      vertex 2.91014 -1.9445 8.3
      vertex 1.26799 -0.847244 8.3
      vertex 2.70554 -2.22038 8.3
    endloop
  endfacet
  facet normal -0 0 1
    outer loop
      vertex 1.17883 -0.967438 8.3
      vertex 2.70554 -2.22038 8.3
      vertex 1.26799 -0.847244 8.3
    endloop
  endfacet
  facet normal 0 0 1
    outer loop
      vertex 2.70554 -2.22038 8.3
      vertex 1.17883 -0.967438 8.3
      vertex 2.47487 -2.47487 8.3
    endloop
  endfacet
  facet normal -0 0 1
    outer loop
      vertex 1.07832 -1.07832 8.3
      vertex 2.47487 -2.47487 8.3
      vertex 1.17883 -0.967438 8.3
    endloop
  endfacet
  facet normal 0 0 1
    outer loop
      vertex 2.47487 -2.47487 8.3
      vertex 1.07832 -1.07832 8.3
      vertex 2.22038 -2.70554 8.3
    endloop
  endfacet
  facet normal -0 0 1
    outer loop
      vertex 0.967438 -1.17883 8.3
      vertex 2.22038 -2.70554 8.3
      vertex 1.07832 -1.07832 8.3
    endloop
  endfacet
  facet normal 0 0 1
    outer loop
      vertex 2.22038 -2.70554 8.3
      vertex 0.967438 -1.17883 8.3
      vertex 1.9445 -2.91014 8.3
    endloop
  endfacet
  facet normal -0 0 1
    outer loop
      vertex 0.847244 -1.26799 8.3
      vertex 1.9445 -2.91014 8.3
      vertex 0.967438 -1.17883 8.3
    endloop
  endfacet
  facet normal 0 0 1
    outer loop
      vertex 1.9445 -2.91014 8.3
      vertex 0.847244 -1.26799 8.3
      vertex 1.64989 -3.08672 8.3
    endloop
  endfacet
  facet normal -0 0 1
    outer loop
      vertex 0.718872 -1.34492 8.3
      vertex 1.64989 -3.08672 8.3
      vertex 0.847244 -1.26799 8.3
    endloop
  endfacet
  facet normal 0 0 1
    outer loop
      vertex 1.64989 -3.08672 8.3
      vertex 0.718872 -1.34492 8.3
      vertex 1.33939 -3.23358 8.3
    endloop
  endfacet
  facet normal -0 0 1
    outer loop
      vertex 0.583588 -1.40891 8.3
      vertex 1.33939 -3.23358 8.3
      vertex 0.718872 -1.34492 8.3
    endloop
  endfacet
  facet normal 0 0 1
    outer loop
      vertex 1.33939 -3.23358 8.3
      vertex 0.583588 -1.40891 8.3
      vertex 1.016 -3.34929 8.3
    endloop
  endfacet
  facet normal -0 0 1
    outer loop
      vertex 0.442673 -1.45932 8.3
      vertex 1.016 -3.34929 8.3
      vertex 0.583588 -1.40891 8.3
    endloop
  endfacet
  facet normal 0 0 1
    outer loop
      vertex 1.016 -3.34929 8.3
      vertex 0.442673 -1.45932 8.3
      vertex 0.682816 -3.43275 8.3
    endloop
  endfacet
  facet normal -0 0 1
    outer loop
      vertex 0.297501 -1.4957 8.3
      vertex 0.682816 -3.43275 8.3
      vertex 0.442673 -1.45932 8.3
    endloop
  endfacet
  facet normal 0 0 1
    outer loop
      vertex 0.682816 -3.43275 8.3
      vertex 0.297501 -1.4957 8.3
      vertex 0.34306 -3.48315 8.3
    endloop
  endfacet
  facet normal -0 0 1
    outer loop
      vertex 0.149475 -1.51765 8.3
      vertex 0.34306 -3.48315 8.3
      vertex 0.297501 -1.4957 8.3
    endloop
  endfacet
  facet normal -0 0 1
    outer loop
      vertex 0 -1.52499 8.3
      vertex 0.34306 -3.48315 8.3
      vertex 0.149475 -1.51765 8.3
    endloop
  endfacet
  facet normal 0 0 1
    outer loop
      vertex 0 -1.52499 8.3
      vertex 0 -3.5 8.3
      vertex 0.34306 -3.48315 8.3
    endloop
  endfacet
  facet normal 0 0 1
    outer loop
      vertex -0.149475 -1.51765 8.3
      vertex 0 -3.5 8.3
      vertex 0 -1.52499 8.3
    endloop
  endfacet
  facet normal 0 0 1
    outer loop
      vertex -0.34306 -3.48315 8.3
      vertex -0.149475 -1.51765 8.3
      vertex -0.297501 -1.4957 8.3
    endloop
  endfacet
  facet normal 0 0 1
    outer loop
      vertex -0.149475 -1.51765 8.3
      vertex -0.34306 -3.48315 8.3
      vertex 0 -3.5 8.3
    endloop
  endfacet
  facet normal 0 0 1
    outer loop
      vertex -0.682816 -3.43275 8.3
      vertex -0.297501 -1.4957 8.3
      vertex -0.442673 -1.45932 8.3
    endloop
  endfacet
  facet normal 0 0 1
    outer loop
      vertex -1.016 -3.34929 8.3
      vertex -0.442673 -1.45932 8.3
      vertex -0.583588 -1.40891 8.3
    endloop
  endfacet
  facet normal 0 0 1
    outer loop
      vertex -0.297501 -1.4957 8.3
      vertex -0.682816 -3.43275 8.3
      vertex -0.34306 -3.48315 8.3
    endloop
  endfacet
  facet normal 0 0 1
    outer loop
      vertex -1.33939 -3.23358 8.3
      vertex -0.583588 -1.40891 8.3
      vertex -0.718872 -1.34492 8.3
    endloop
  endfacet
  facet normal 0 0 1
    outer loop
      vertex -1.64989 -3.08672 8.3
      vertex -0.718872 -1.34492 8.3
      vertex -0.847244 -1.26799 8.3
    endloop
  endfacet
  facet normal 0 0 1
    outer loop
      vertex -1.9445 -2.91014 8.3
      vertex -0.847244 -1.26799 8.3
      vertex -0.967438 -1.17883 8.3
    endloop
  endfacet
  facet normal 0 0 1
    outer loop
      vertex -0.442673 -1.45932 8.3
      vertex -1.016 -3.34929 8.3
      vertex -0.682816 -3.43275 8.3
    endloop
  endfacet
  facet normal 0 0 1
    outer loop
      vertex -2.22038 -2.70554 8.3
      vertex -0.967438 -1.17883 8.3
      vertex -1.07832 -1.07832 8.3
    endloop
  endfacet
  facet normal 0 0 1
    outer loop
      vertex -2.47487 -2.47487 8.3
      vertex -1.07832 -1.07832 8.3
      vertex -1.17883 -0.967438 8.3
    endloop
  endfacet
  facet normal 0 0 1
    outer loop
      vertex -2.70554 -2.22038 8.3
      vertex -1.17883 -0.967438 8.3
      vertex -1.26799 -0.847244 8.3
    endloop
  endfacet
  facet normal 0 0 1
    outer loop
      vertex -0.583588 -1.40891 8.3
      vertex -1.33939 -3.23358 8.3
      vertex -1.016 -3.34929 8.3
    endloop
  endfacet
  facet normal 0 0 1
    outer loop
      vertex -2.91014 -1.9445 8.3
      vertex -1.26799 -0.847244 8.3
      vertex -1.34492 -0.718872 8.3
    endloop
  endfacet
  facet normal 0 0 1
    outer loop
      vertex -3.08672 -1.64989 8.3
      vertex -1.34492 -0.718872 8.3
      vertex -1.40891 -0.583588 8.3
    endloop
  endfacet
  facet normal 0 0 1
    outer loop
      vertex -3.23358 -1.33939 8.3
      vertex -1.40891 -0.583588 8.3
      vertex -1.45932 -0.442673 8.3
    endloop
  endfacet
  facet normal 0 0 1
    outer loop
      vertex -3.34929 -1.016 8.3
      vertex -1.45932 -0.442673 8.3
      vertex -1.4957 -0.297501 8.3
    endloop
  endfacet
  facet normal 0 0 1
    outer loop
      vertex -3.43275 -0.682816 8.3
      vertex -1.4957 -0.297501 8.3
      vertex -1.51765 -0.149475 8.3
    endloop
  endfacet
  facet normal 0 0 1
    outer loop
      vertex -0.718872 -1.34492 8.3
      vertex -1.64989 -3.08672 8.3
      vertex -1.33939 -3.23358 8.3
    endloop
  endfacet
  facet normal 0 0 1
    outer loop
      vertex -3.48315 -0.34306 8.3
      vertex -1.51765 -0.149475 8.3
      vertex -1.52499 0 8.3
    endloop
  endfacet
  facet normal -0 0 1
    outer loop
      vertex -3.08672 1.64989 8.3
      vertex -1.34492 0.718872 8.3
      vertex -2.91014 1.9445 8.3
    endloop
  endfacet
  facet normal 0 0 1
    outer loop
      vertex -1.34492 0.718872 8.3
      vertex -3.08672 1.64989 8.3
      vertex -1.40891 0.583588 8.3
    endloop
  endfacet
  facet normal 0 0 1
    outer loop
      vertex -0.847244 -1.26799 8.3
      vertex -1.9445 -2.91014 8.3
      vertex -1.64989 -3.08672 8.3
    endloop
  endfacet
  facet normal -0 0 1
    outer loop
      vertex -3.23358 1.33939 8.3
      vertex -1.40891 0.583588 8.3
      vertex -3.08672 1.64989 8.3
    endloop
  endfacet
  facet normal 0 0 1
    outer loop
      vertex -0.967438 -1.17883 8.3
      vertex -2.22038 -2.70554 8.3
      vertex -1.9445 -2.91014 8.3
    endloop
  endfacet
  facet normal 0 0 1
    outer loop
      vertex -1.40891 0.583588 8.3
      vertex -3.23358 1.33939 8.3
      vertex -1.45932 0.442673 8.3
    endloop
  endfacet
  facet normal 0 0 1
    outer loop
      vertex -1.07832 -1.07832 8.3
      vertex -2.47487 -2.47487 8.3
      vertex -2.22038 -2.70554 8.3
    endloop
  endfacet
  facet normal -0 0 1
    outer loop
      vertex -3.34929 1.016 8.3
      vertex -1.45932 0.442673 8.3
      vertex -3.23358 1.33939 8.3
    endloop
  endfacet
  facet normal 0 0 1
    outer loop
      vertex -1.17883 -0.967438 8.3
      vertex -2.70554 -2.22038 8.3
      vertex -2.47487 -2.47487 8.3
    endloop
  endfacet
  facet normal 0 0 1
    outer loop
      vertex -1.45932 0.442673 8.3
      vertex -3.34929 1.016 8.3
      vertex -1.4957 0.297501 8.3
    endloop
  endfacet
  facet normal 0 0 1
    outer loop
      vertex -1.26799 -0.847244 8.3
      vertex -2.91014 -1.9445 8.3
      vertex -2.70554 -2.22038 8.3
    endloop
  endfacet
  facet normal -0 0 1
    outer loop
      vertex -3.43275 0.682816 8.3
      vertex -1.4957 0.297501 8.3
      vertex -3.34929 1.016 8.3
    endloop
  endfacet
  facet normal 0 0 1
    outer loop
      vertex -1.34492 -0.718872 8.3
      vertex -3.08672 -1.64989 8.3
      vertex -2.91014 -1.9445 8.3
    endloop
  endfacet
  facet normal 0 0 1
    outer loop
      vertex -1.4957 0.297501 8.3
      vertex -3.43275 0.682816 8.3
      vertex -1.51765 0.149475 8.3
    endloop
  endfacet
  facet normal 0 0 1
    outer loop
      vertex -1.40891 -0.583588 8.3
      vertex -3.23358 -1.33939 8.3
      vertex -3.08672 -1.64989 8.3
    endloop
  endfacet
  facet normal -0 0 1
    outer loop
      vertex -3.48315 0.34306 8.3
      vertex -1.51765 0.149475 8.3
      vertex -3.43275 0.682816 8.3
    endloop
  endfacet
  facet normal 0 0 1
    outer loop
      vertex -1.45932 -0.442673 8.3
      vertex -3.34929 -1.016 8.3
      vertex -3.23358 -1.33939 8.3
    endloop
  endfacet
  facet normal 0 0 1
    outer loop
      vertex -1.51765 0.149475 8.3
      vertex -3.48315 0.34306 8.3
      vertex -1.52499 0 8.3
    endloop
  endfacet
  facet normal 0 0 1
    outer loop
      vertex -1.4957 -0.297501 8.3
      vertex -3.43275 -0.682816 8.3
      vertex -3.34929 -1.016 8.3
    endloop
  endfacet
  facet normal 0 0 1
    outer loop
      vertex -3.5 0 8.3
      vertex -1.52499 0 8.3
      vertex -3.48315 0.34306 8.3
    endloop
  endfacet
  facet normal 0 0 1
    outer loop
      vertex -1.51765 -0.149475 8.3
      vertex -3.48315 -0.34306 8.3
      vertex -3.43275 -0.682816 8.3
    endloop
  endfacet
  facet normal 0 0 1
    outer loop
      vertex -1.52499 0 8.3
      vertex -3.5 0 8.3
      vertex -3.48315 -0.34306 8.3
    endloop
  endfacet
  facet normal 0.671566 0.740944 -0
    outer loop
      vertex -6.02674 -7.3436 0
      vertex -6.71751 -6.71751 1.99
      vertex -6.02674 -7.3436 1.99
    endloop
  endfacet
  facet normal 0.671566 0.740944 0
    outer loop
      vertex -6.71751 -6.71751 1.99
      vertex -6.02674 -7.3436 0
      vertex -6.71751 -6.71751 0
    endloop
  endfacet
  facet normal 0.941547 -0.336882 0
    outer loop
      vertex -9.09093 2.7577 1.99
      vertex -8.77686 3.63549 0
      vertex -8.77686 3.63549 1.99
    endloop
  endfacet
  facet normal 0.941547 -0.336882 0
    outer loop
      vertex -8.77686 3.63549 0
      vertex -9.09093 2.7577 1.99
      vertex -9.09093 2.7577 0
    endloop
  endfacet
  facet normal -0.989177 -0.146725 0
    outer loop
      vertex 9.45425 0.931162 0
      vertex 9.31746 1.85336 1.99
      vertex 9.31746 1.85336 0
    endloop
  endfacet
  facet normal -0.989177 -0.146725 0
    outer loop
      vertex 9.31746 1.85336 1.99
      vertex 9.45425 0.931162 0
      vertex 9.45425 0.931162 1.99
    endloop
  endfacet
  facet normal -0.998795 -0.049073 0
    outer loop
      vertex 9.5 0 0
      vertex 9.45425 0.931162 1.99
      vertex 9.45425 0.931162 0
    endloop
  endfacet
  facet normal -0.998795 -0.049073 0
    outer loop
      vertex 9.45425 0.931162 1.99
      vertex 9.5 0 0
      vertex 9.5 0 1.99
    endloop
  endfacet
  facet normal 0.514101 0.857729 -0
    outer loop
      vertex -4.47827 -8.37825 0
      vertex -5.27792 -7.89896 1.99
      vertex -4.47827 -8.37825 1.99
    endloop
  endfacet
  facet normal 0.514101 0.857729 0
    outer loop
      vertex -5.27792 -7.89896 1.99
      vertex -4.47827 -8.37825 0
      vertex -5.27792 -7.89896 0
    endloop
  endfacet
  facet normal -0.671566 -0.740944 0
    outer loop
      vertex 6.02674 7.3436 0
      vertex 6.71751 6.71751 1.99
      vertex 6.02674 7.3436 1.99
    endloop
  endfacet
  facet normal -0.671566 -0.740944 -0
    outer loop
      vertex 6.71751 6.71751 1.99
      vertex 6.02674 7.3436 0
      vertex 6.71751 6.71751 0
    endloop
  endfacet
  facet normal 0.146725 0.989177 -0
    outer loop
      vertex -0.931162 -9.45425 0
      vertex -1.85336 -9.31746 1.99
      vertex -0.931162 -9.45425 1.99
    endloop
  endfacet
  facet normal 0.146725 0.989177 0
    outer loop
      vertex -1.85336 -9.31746 1.99
      vertex -0.931162 -9.45425 0
      vertex -1.85336 -9.31746 0
    endloop
  endfacet
  facet normal -0.740944 -0.671566 0
    outer loop
      vertex 7.3436 6.02674 0
      vertex 6.71751 6.71751 1.99
      vertex 6.71751 6.71751 0
    endloop
  endfacet
  facet normal -0.740944 -0.671566 0
    outer loop
      vertex 6.71751 6.71751 1.99
      vertex 7.3436 6.02674 0
      vertex 7.3436 6.02674 1.99
    endloop
  endfacet
  facet normal -0.427559 -0.903987 0
    outer loop
      vertex 3.63549 8.77686 0
      vertex 4.47827 8.37825 1.99
      vertex 3.63549 8.77686 1.99
    endloop
  endfacet
  facet normal -0.427559 -0.903987 -0
    outer loop
      vertex 4.47827 8.37825 1.99
      vertex 3.63549 8.77686 0
      vertex 4.47827 8.37825 0
    endloop
  endfacet
  facet normal -0.049073 0.998795 0
    outer loop
      vertex 0.931162 -9.45425 0
      vertex 0 -9.5 1.99
      vertex 0.931162 -9.45425 1.99
    endloop
  endfacet
  facet normal -0.049073 0.998795 0
    outer loop
      vertex 0 -9.5 1.99
      vertex 0.931162 -9.45425 0
      vertex 0 -9.5 0
    endloop
  endfacet
  facet normal 0.740944 -0.671566 0
    outer loop
      vertex -7.3436 6.02674 1.99
      vertex -6.71751 6.71751 0
      vertex -6.71751 6.71751 1.99
    endloop
  endfacet
  facet normal 0.740944 -0.671566 0
    outer loop
      vertex -6.71751 6.71751 0
      vertex -7.3436 6.02674 1.99
      vertex -7.3436 6.02674 0
    endloop
  endfacet
  facet normal -0.989177 0.146725 0
    outer loop
      vertex 9.31746 -1.85336 0
      vertex 9.45425 -0.931162 1.99
      vertex 9.45425 -0.931162 0
    endloop
  endfacet
  facet normal -0.989177 0.146725 0
    outer loop
      vertex 9.45425 -0.931162 1.99
      vertex 9.31746 -1.85336 0
      vertex 9.31746 -1.85336 1.99
    endloop
  endfacet
  facet normal -0.903987 -0.427559 0
    outer loop
      vertex 8.77686 3.63549 0
      vertex 8.37825 4.47827 1.99
      vertex 8.37825 4.47827 0
    endloop
  endfacet
  facet normal -0.903987 -0.427559 0
    outer loop
      vertex 8.37825 4.47827 1.99
      vertex 8.77686 3.63549 0
      vertex 8.77686 3.63549 1.99
    endloop
  endfacet
  facet normal 0.242985 -0.97003 0
    outer loop
      vertex -2.7577 9.09093 0
      vertex -1.85336 9.31746 1.99
      vertex -2.7577 9.09093 1.99
    endloop
  endfacet
  facet normal 0.242985 -0.97003 0
    outer loop
      vertex -1.85336 9.31746 1.99
      vertex -2.7577 9.09093 0
      vertex -1.85336 9.31746 0
    endloop
  endfacet
  facet normal 0.803209 -0.595697 0
    outer loop
      vertex -7.89896 5.27792 1.99
      vertex -7.3436 6.02674 0
      vertex -7.3436 6.02674 1.99
    endloop
  endfacet
  facet normal 0.803209 -0.595697 0
    outer loop
      vertex -7.3436 6.02674 0
      vertex -7.89896 5.27792 1.99
      vertex -7.89896 5.27792 0
    endloop
  endfacet
  facet normal -0.242985 -0.97003 0
    outer loop
      vertex 1.85336 9.31746 0
      vertex 2.7577 9.09093 1.99
      vertex 1.85336 9.31746 1.99
    endloop
  endfacet
  facet normal -0.242985 -0.97003 -0
    outer loop
      vertex 2.7577 9.09093 1.99
      vertex 1.85336 9.31746 0
      vertex 2.7577 9.09093 0
    endloop
  endfacet
  facet normal -0.336882 -0.941547 0
    outer loop
      vertex 2.7577 9.09093 0
      vertex 3.63549 8.77686 1.99
      vertex 2.7577 9.09093 1.99
    endloop
  endfacet
  facet normal -0.336882 -0.941547 -0
    outer loop
      vertex 3.63549 8.77686 1.99
      vertex 2.7577 9.09093 0
      vertex 3.63549 8.77686 0
    endloop
  endfacet
  facet normal -0.941547 -0.336882 0
    outer loop
      vertex 9.09093 2.7577 0
      vertex 8.77686 3.63549 1.99
      vertex 8.77686 3.63549 0
    endloop
  endfacet
  facet normal -0.941547 -0.336882 0
    outer loop
      vertex 8.77686 3.63549 1.99
      vertex 9.09093 2.7577 0
      vertex 9.09093 2.7577 1.99
    endloop
  endfacet
  facet normal -0.595697 -0.803209 0
    outer loop
      vertex 5.27792 7.89896 0
      vertex 6.02674 7.3436 1.99
      vertex 5.27792 7.89896 1.99
    endloop
  endfacet
  facet normal -0.595697 -0.803209 -0
    outer loop
      vertex 6.02674 7.3436 1.99
      vertex 5.27792 7.89896 0
      vertex 6.02674 7.3436 0
    endloop
  endfacet
  facet normal 0.857729 0.514101 0
    outer loop
      vertex -7.89896 -5.27792 1.99
      vertex -8.37825 -4.47827 0
      vertex -8.37825 -4.47827 1.99
    endloop
  endfacet
  facet normal 0.857729 0.514101 0
    outer loop
      vertex -8.37825 -4.47827 0
      vertex -7.89896 -5.27792 1.99
      vertex -7.89896 -5.27792 0
    endloop
  endfacet
  facet normal -0.514101 -0.857729 0
    outer loop
      vertex 4.47827 8.37825 0
      vertex 5.27792 7.89896 1.99
      vertex 4.47827 8.37825 1.99
    endloop
  endfacet
  facet normal -0.514101 -0.857729 -0
    outer loop
      vertex 5.27792 7.89896 1.99
      vertex 4.47827 8.37825 0
      vertex 5.27792 7.89896 0
    endloop
  endfacet
  facet normal -0.941547 0.336882 0
    outer loop
      vertex 8.77686 -3.63549 0
      vertex 9.09093 -2.7577 1.99
      vertex 9.09093 -2.7577 0
    endloop
  endfacet
  facet normal -0.941547 0.336882 0
    outer loop
      vertex 9.09093 -2.7577 1.99
      vertex 8.77686 -3.63549 0
      vertex 8.77686 -3.63549 1.99
    endloop
  endfacet
  facet normal 0.857729 -0.514101 0
    outer loop
      vertex -8.37825 4.47827 1.99
      vertex -7.89896 5.27792 0
      vertex -7.89896 5.27792 1.99
    endloop
  endfacet
  facet normal 0.857729 -0.514101 0
    outer loop
      vertex -7.89896 5.27792 0
      vertex -8.37825 4.47827 1.99
      vertex -8.37825 4.47827 0
    endloop
  endfacet
  facet normal 0.97003 0.242985 0
    outer loop
      vertex -9.09093 -2.7577 1.99
      vertex -9.31746 -1.85336 0
      vertex -9.31746 -1.85336 1.99
    endloop
  endfacet
  facet normal 0.97003 0.242985 0
    outer loop
      vertex -9.31746 -1.85336 0
      vertex -9.09093 -2.7577 1.99
      vertex -9.09093 -2.7577 0
    endloop
  endfacet
  facet normal -0.049073 -0.998795 0
    outer loop
      vertex 0 9.5 0
      vertex 0.931162 9.45425 1.99
      vertex 0 9.5 1.99
    endloop
  endfacet
  facet normal -0.049073 -0.998795 -0
    outer loop
      vertex 0.931162 9.45425 1.99
      vertex 0 9.5 0
      vertex 0.931162 9.45425 0
    endloop
  endfacet
  facet normal -0.857729 -0.514101 0
    outer loop
      vertex 8.37825 4.47827 0
      vertex 7.89896 5.27792 1.99
      vertex 7.89896 5.27792 0
    endloop
  endfacet
  facet normal -0.857729 -0.514101 0
    outer loop
      vertex 7.89896 5.27792 1.99
      vertex 8.37825 4.47827 0
      vertex 8.37825 4.47827 1.99
    endloop
  endfacet
  facet normal 0.941547 0.336882 0
    outer loop
      vertex -8.77686 -3.63549 1.99
      vertex -9.09093 -2.7577 0
      vertex -9.09093 -2.7577 1.99
    endloop
  endfacet
  facet normal 0.941547 0.336882 0
    outer loop
      vertex -9.09093 -2.7577 0
      vertex -8.77686 -3.63549 1.99
      vertex -8.77686 -3.63549 0
    endloop
  endfacet
  facet normal 0.671566 -0.740944 0
    outer loop
      vertex -6.71751 6.71751 0
      vertex -6.02674 7.3436 1.99
      vertex -6.71751 6.71751 1.99
    endloop
  endfacet
  facet normal 0.671566 -0.740944 0
    outer loop
      vertex -6.02674 7.3436 1.99
      vertex -6.71751 6.71751 0
      vertex -6.02674 7.3436 0
    endloop
  endfacet
  facet normal -0.97003 0.242985 0
    outer loop
      vertex 9.09093 -2.7577 0
      vertex 9.31746 -1.85336 1.99
      vertex 9.31746 -1.85336 0
    endloop
  endfacet
  facet normal -0.97003 0.242985 0
    outer loop
      vertex 9.31746 -1.85336 1.99
      vertex 9.09093 -2.7577 0
      vertex 9.09093 -2.7577 1.99
    endloop
  endfacet
  facet normal 0.514101 -0.857729 0
    outer loop
      vertex -5.27792 7.89896 0
      vertex -4.47827 8.37825 1.99
      vertex -5.27792 7.89896 1.99
    endloop
  endfacet
  facet normal 0.514101 -0.857729 0
    outer loop
      vertex -4.47827 8.37825 1.99
      vertex -5.27792 7.89896 0
      vertex -4.47827 8.37825 0
    endloop
  endfacet
  facet normal 0.998795 0.049073 0
    outer loop
      vertex -9.45425 -0.931162 1.99
      vertex -9.5 0 0
      vertex -9.5 0 1.99
    endloop
  endfacet
  facet normal 0.998795 0.049073 0
    outer loop
      vertex -9.5 0 0
      vertex -9.45425 -0.931162 1.99
      vertex -9.45425 -0.931162 0
    endloop
  endfacet
  facet normal 0.97003 -0.242985 0
    outer loop
      vertex -9.31746 1.85336 1.99
      vertex -9.09093 2.7577 0
      vertex -9.09093 2.7577 1.99
    endloop
  endfacet
  facet normal 0.97003 -0.242985 0
    outer loop
      vertex -9.09093 2.7577 0
      vertex -9.31746 1.85336 1.99
      vertex -9.31746 1.85336 0
    endloop
  endfacet
  facet normal -0.427559 0.903987 0
    outer loop
      vertex 4.47827 -8.37825 0
      vertex 3.63549 -8.77686 1.99
      vertex 4.47827 -8.37825 1.99
    endloop
  endfacet
  facet normal -0.427559 0.903987 0
    outer loop
      vertex 3.63549 -8.77686 1.99
      vertex 4.47827 -8.37825 0
      vertex 3.63549 -8.77686 0
    endloop
  endfacet
  facet normal 0.336882 -0.941547 0
    outer loop
      vertex -3.63549 8.77686 0
      vertex -2.7577 9.09093 1.99
      vertex -3.63549 8.77686 1.99
    endloop
  endfacet
  facet normal 0.336882 -0.941547 0
    outer loop
      vertex -2.7577 9.09093 1.99
      vertex -3.63549 8.77686 0
      vertex -2.7577 9.09093 0
    endloop
  endfacet
  facet normal -0.514101 0.857729 0
    outer loop
      vertex 5.27792 -7.89896 0
      vertex 4.47827 -8.37825 1.99
      vertex 5.27792 -7.89896 1.99
    endloop
  endfacet
  facet normal -0.514101 0.857729 0
    outer loop
      vertex 4.47827 -8.37825 1.99
      vertex 5.27792 -7.89896 0
      vertex 4.47827 -8.37825 0
    endloop
  endfacet
  facet normal -0.146725 0.989177 0
    outer loop
      vertex 1.85336 -9.31746 0
      vertex 0.931162 -9.45425 1.99
      vertex 1.85336 -9.31746 1.99
    endloop
  endfacet
  facet normal -0.146725 0.989177 0
    outer loop
      vertex 0.931162 -9.45425 1.99
      vertex 1.85336 -9.31746 0
      vertex 0.931162 -9.45425 0
    endloop
  endfacet
  facet normal -0.740944 0.671566 0
    outer loop
      vertex 6.71751 -6.71751 0
      vertex 7.3436 -6.02674 1.99
      vertex 7.3436 -6.02674 0
    endloop
  endfacet
  facet normal -0.740944 0.671566 0
    outer loop
      vertex 7.3436 -6.02674 1.99
      vertex 6.71751 -6.71751 0
      vertex 6.71751 -6.71751 1.99
    endloop
  endfacet
  facet normal -0.803209 0.595697 0
    outer loop
      vertex 7.3436 -6.02674 0
      vertex 7.89896 -5.27792 1.99
      vertex 7.89896 -5.27792 0
    endloop
  endfacet
  facet normal -0.803209 0.595697 0
    outer loop
      vertex 7.89896 -5.27792 1.99
      vertex 7.3436 -6.02674 0
      vertex 7.3436 -6.02674 1.99
    endloop
  endfacet
  facet normal 0.427559 -0.903987 0
    outer loop
      vertex -4.47827 8.37825 0
      vertex -3.63549 8.77686 1.99
      vertex -4.47827 8.37825 1.99
    endloop
  endfacet
  facet normal 0.427559 -0.903987 0
    outer loop
      vertex -3.63549 8.77686 1.99
      vertex -4.47827 8.37825 0
      vertex -3.63549 8.77686 0
    endloop
  endfacet
  facet normal 0.595697 -0.803209 0
    outer loop
      vertex -6.02674 7.3436 0
      vertex -5.27792 7.89896 1.99
      vertex -6.02674 7.3436 1.99
    endloop
  endfacet
  facet normal 0.595697 -0.803209 0
    outer loop
      vertex -5.27792 7.89896 1.99
      vertex -6.02674 7.3436 0
      vertex -5.27792 7.89896 0
    endloop
  endfacet
  facet normal 0.989177 -0.146725 0
    outer loop
      vertex -9.45425 0.931162 1.99
      vertex -9.31746 1.85336 0
      vertex -9.31746 1.85336 1.99
    endloop
  endfacet
  facet normal 0.989177 -0.146725 0
    outer loop
      vertex -9.31746 1.85336 0
      vertex -9.45425 0.931162 1.99
      vertex -9.45425 0.931162 0
    endloop
  endfacet
  facet normal 0.242985 0.97003 -0
    outer loop
      vertex -1.85336 -9.31746 0
      vertex -2.7577 -9.09093 1.99
      vertex -1.85336 -9.31746 1.99
    endloop
  endfacet
  facet normal 0.242985 0.97003 0
    outer loop
      vertex -2.7577 -9.09093 1.99
      vertex -1.85336 -9.31746 0
      vertex -2.7577 -9.09093 0
    endloop
  endfacet
  facet normal -0.97003 -0.242985 0
    outer loop
      vertex 9.31746 1.85336 0
      vertex 9.09093 2.7577 1.99
      vertex 9.09093 2.7577 0
    endloop
  endfacet
  facet normal -0.97003 -0.242985 0
    outer loop
      vertex 9.09093 2.7577 1.99
      vertex 9.31746 1.85336 0
      vertex 9.31746 1.85336 1.99
    endloop
  endfacet
  facet normal -0.803209 -0.595697 0
    outer loop
      vertex 7.89896 5.27792 0
      vertex 7.3436 6.02674 1.99
      vertex 7.3436 6.02674 0
    endloop
  endfacet
  facet normal -0.803209 -0.595697 0
    outer loop
      vertex 7.3436 6.02674 1.99
      vertex 7.89896 5.27792 0
      vertex 7.89896 5.27792 1.99
    endloop
  endfacet
  facet normal 0.803209 0.595697 0
    outer loop
      vertex -7.3436 -6.02674 1.99
      vertex -7.89896 -5.27792 0
      vertex -7.89896 -5.27792 1.99
    endloop
  endfacet
  facet normal 0.803209 0.595697 0
    outer loop
      vertex -7.89896 -5.27792 0
      vertex -7.3436 -6.02674 1.99
      vertex -7.3436 -6.02674 0
    endloop
  endfacet
  facet normal 0.903987 0.427559 0
    outer loop
      vertex -8.37825 -4.47827 1.99
      vertex -8.77686 -3.63549 0
      vertex -8.77686 -3.63549 1.99
    endloop
  endfacet
  facet normal 0.903987 0.427559 0
    outer loop
      vertex -8.77686 -3.63549 0
      vertex -8.37825 -4.47827 1.99
      vertex -8.37825 -4.47827 0
    endloop
  endfacet
  facet normal -0.146725 -0.989177 0
    outer loop
      vertex 0.931162 9.45425 0
      vertex 1.85336 9.31746 1.99
      vertex 0.931162 9.45425 1.99
    endloop
  endfacet
  facet normal -0.146725 -0.989177 -0
    outer loop
      vertex 1.85336 9.31746 1.99
      vertex 0.931162 9.45425 0
      vertex 1.85336 9.31746 0
    endloop
  endfacet
  facet normal 0.049073 -0.998795 0
    outer loop
      vertex -0.931162 9.45425 0
      vertex 0 9.5 1.99
      vertex -0.931162 9.45425 1.99
    endloop
  endfacet
  facet normal 0.049073 -0.998795 0
    outer loop
      vertex 0 9.5 1.99
      vertex -0.931162 9.45425 0
      vertex 0 9.5 0
    endloop
  endfacet
  facet normal 0.427559 0.903987 -0
    outer loop
      vertex -3.63549 -8.77686 0
      vertex -4.47827 -8.37825 1.99
      vertex -3.63549 -8.77686 1.99
    endloop
  endfacet
  facet normal 0.427559 0.903987 0
    outer loop
      vertex -4.47827 -8.37825 1.99
      vertex -3.63549 -8.77686 0
      vertex -4.47827 -8.37825 0
    endloop
  endfacet
  facet normal -0.595697 0.803209 0
    outer loop
      vertex 6.02674 -7.3436 0
      vertex 5.27792 -7.89896 1.99
      vertex 6.02674 -7.3436 1.99
    endloop
  endfacet
  facet normal -0.595697 0.803209 0
    outer loop
      vertex 5.27792 -7.89896 1.99
      vertex 6.02674 -7.3436 0
      vertex 5.27792 -7.89896 0
    endloop
  endfacet
  facet normal -0.998795 0.049073 0
    outer loop
      vertex 9.45425 -0.931162 0
      vertex 9.5 0 1.99
      vertex 9.5 0 0
    endloop
  endfacet
  facet normal -0.998795 0.049073 0
    outer loop
      vertex 9.5 0 1.99
      vertex 9.45425 -0.931162 0
      vertex 9.45425 -0.931162 1.99
    endloop
  endfacet
  facet normal 0.146725 -0.989177 0
    outer loop
      vertex -1.85336 9.31746 0
      vertex -0.931162 9.45425 1.99
      vertex -1.85336 9.31746 1.99
    endloop
  endfacet
  facet normal 0.146725 -0.989177 0
    outer loop
      vertex -0.931162 9.45425 1.99
      vertex -1.85336 9.31746 0
      vertex -0.931162 9.45425 0
    endloop
  endfacet
  facet normal 0.989177 0.146725 0
    outer loop
      vertex -9.31746 -1.85336 1.99
      vertex -9.45425 -0.931162 0
      vertex -9.45425 -0.931162 1.99
    endloop
  endfacet
  facet normal 0.989177 0.146725 0
    outer loop
      vertex -9.45425 -0.931162 0
      vertex -9.31746 -1.85336 1.99
      vertex -9.31746 -1.85336 0
    endloop
  endfacet
  facet normal -0.336882 0.941547 0
    outer loop
      vertex 3.63549 -8.77686 0
      vertex 2.7577 -9.09093 1.99
      vertex 3.63549 -8.77686 1.99
    endloop
  endfacet
  facet normal -0.336882 0.941547 0
    outer loop
      vertex 2.7577 -9.09093 1.99
      vertex 3.63549 -8.77686 0
      vertex 2.7577 -9.09093 0
    endloop
  endfacet
  facet normal -0.242985 0.97003 0
    outer loop
      vertex 2.7577 -9.09093 0
      vertex 1.85336 -9.31746 1.99
      vertex 2.7577 -9.09093 1.99
    endloop
  endfacet
  facet normal -0.242985 0.97003 0
    outer loop
      vertex 1.85336 -9.31746 1.99
      vertex 2.7577 -9.09093 0
      vertex 1.85336 -9.31746 0
    endloop
  endfacet
  facet normal 0.740944 0.671566 0
    outer loop
      vertex -6.71751 -6.71751 1.99
      vertex -7.3436 -6.02674 0
      vertex -7.3436 -6.02674 1.99
    endloop
  endfacet
  facet normal 0.740944 0.671566 0
    outer loop
      vertex -7.3436 -6.02674 0
      vertex -6.71751 -6.71751 1.99
      vertex -6.71751 -6.71751 0
    endloop
  endfacet
  facet normal 0.903987 -0.427559 0
    outer loop
      vertex -8.77686 3.63549 1.99
      vertex -8.37825 4.47827 0
      vertex -8.37825 4.47827 1.99
    endloop
  endfacet
  facet normal 0.903987 -0.427559 0
    outer loop
      vertex -8.37825 4.47827 0
      vertex -8.77686 3.63549 1.99
      vertex -8.77686 3.63549 0
    endloop
  endfacet
  facet normal 0.595697 0.803209 -0
    outer loop
      vertex -5.27792 -7.89896 0
      vertex -6.02674 -7.3436 1.99
      vertex -5.27792 -7.89896 1.99
    endloop
  endfacet
  facet normal 0.595697 0.803209 0
    outer loop
      vertex -6.02674 -7.3436 1.99
      vertex -5.27792 -7.89896 0
      vertex -6.02674 -7.3436 0
    endloop
  endfacet
  facet normal -0.903987 0.427559 0
    outer loop
      vertex 8.37825 -4.47827 0
      vertex 8.77686 -3.63549 1.99
      vertex 8.77686 -3.63549 0
    endloop
  endfacet
  facet normal -0.903987 0.427559 0
    outer loop
      vertex 8.77686 -3.63549 1.99
      vertex 8.37825 -4.47827 0
      vertex 8.37825 -4.47827 1.99
    endloop
  endfacet
  facet normal -0.857729 0.514101 0
    outer loop
      vertex 7.89896 -5.27792 0
      vertex 8.37825 -4.47827 1.99
      vertex 8.37825 -4.47827 0
    endloop
  endfacet
  facet normal -0.857729 0.514101 0
    outer loop
      vertex 8.37825 -4.47827 1.99
      vertex 7.89896 -5.27792 0
      vertex 7.89896 -5.27792 1.99
    endloop
  endfacet
  facet normal 0.049073 0.998795 -0
    outer loop
      vertex 0 -9.5 0
      vertex -0.931162 -9.45425 1.99
      vertex 0 -9.5 1.99
    endloop
  endfacet
  facet normal 0.049073 0.998795 0
    outer loop
      vertex -0.931162 -9.45425 1.99
      vertex 0 -9.5 0
      vertex -0.931162 -9.45425 0
    endloop
  endfacet
  facet normal 0 0 -1
    outer loop
      vertex 5.25 0 1.99
      vertex 9.5 0 1.99
      vertex 9.45425 -0.931162 1.99
    endloop
  endfacet
  facet normal 0 0 -1
    outer loop
      vertex 5.22472 -0.514589 1.99
      vertex 9.45425 -0.931162 1.99
      vertex 9.31746 -1.85336 1.99
    endloop
  endfacet
  facet normal 0 0 -1
    outer loop
      vertex 9.5 0 1.99
      vertex 5.25 0 1.99
      vertex 9.45425 0.931162 1.99
    endloop
  endfacet
  facet normal 0 0 -1
    outer loop
      vertex 5.14912 -1.02422 1.99
      vertex 9.31746 -1.85336 1.99
      vertex 9.09093 -2.7577 1.99
    endloop
  endfacet
  facet normal 0 0 -1
    outer loop
      vertex 5.22472 0.514589 1.99
      vertex 9.45425 0.931162 1.99
      vertex 5.25 0 1.99
    endloop
  endfacet
  facet normal 0 0 -1
    outer loop
      vertex 5.02394 -1.52399 1.99
      vertex 9.09093 -2.7577 1.99
      vertex 8.77686 -3.63549 1.99
    endloop
  endfacet
  facet normal -0 0 -1
    outer loop
      vertex 9.45425 0.931162 1.99
      vertex 5.22472 0.514589 1.99
      vertex 9.31746 1.85336 1.99
    endloop
  endfacet
  facet normal 0 0 -1
    outer loop
      vertex 4.85037 -2.00909 1.99
      vertex 8.77686 -3.63549 1.99
      vertex 8.37825 -4.47827 1.99
    endloop
  endfacet
  facet normal 0 0 -1
    outer loop
      vertex 5.14912 1.02422 1.99
      vertex 9.31746 1.85336 1.99
      vertex 5.22472 0.514589 1.99
    endloop
  endfacet
  facet normal 0 0 -1
    outer loop
      vertex 4.63009 -2.47483 1.99
      vertex 8.37825 -4.47827 1.99
      vertex 7.89896 -5.27792 1.99
    endloop
  endfacet
  facet normal -0 0 -1
    outer loop
      vertex 9.31746 1.85336 1.99
      vertex 5.14912 1.02422 1.99
      vertex 9.09093 2.7577 1.99
    endloop
  endfacet
  facet normal 0 0 -1
    outer loop
      vertex 4.36522 -2.91674 1.99
      vertex 7.89896 -5.27792 1.99
      vertex 7.3436 -6.02674 1.99
    endloop
  endfacet
  facet normal 0 0 -1
    outer loop
      vertex 5.02394 1.52399 1.99
      vertex 9.09093 2.7577 1.99
      vertex 5.14912 1.02422 1.99
    endloop
  endfacet
  facet normal 0 0 -1
    outer loop
      vertex 4.0583 -3.33056 1.99
      vertex 7.3436 -6.02674 1.99
      vertex 6.71751 -6.71751 1.99
    endloop
  endfacet
  facet normal -0 0 -1
    outer loop
      vertex 9.09093 2.7577 1.99
      vertex 5.02394 1.52399 1.99
      vertex 8.77686 3.63549 1.99
    endloop
  endfacet
  facet normal 0 0 -1
    outer loop
      vertex 3.71231 -3.71231 1.99
      vertex 6.71751 -6.71751 1.99
      vertex 6.02674 -7.3436 1.99
    endloop
  endfacet
  facet normal 0 0 -1
    outer loop
      vertex 4.85037 2.00909 1.99
      vertex 8.77686 3.63549 1.99
      vertex 5.02394 1.52399 1.99
    endloop
  endfacet
  facet normal 0 0 -1
    outer loop
      vertex 3.33056 -4.0583 1.99
      vertex 6.02674 -7.3436 1.99
      vertex 5.27792 -7.89896 1.99
    endloop
  endfacet
  facet normal -0 0 -1
    outer loop
      vertex 8.77686 3.63549 1.99
      vertex 4.85037 2.00909 1.99
      vertex 8.37825 4.47827 1.99
    endloop
  endfacet
  facet normal 0 0 -1
    outer loop
      vertex 4.63009 2.47483 1.99
      vertex 8.37825 4.47827 1.99
      vertex 4.85037 2.00909 1.99
    endloop
  endfacet
  facet normal 0 0 -1
    outer loop
      vertex 9.45425 -0.931162 1.99
      vertex 5.22472 -0.514589 1.99
      vertex 5.25 0 1.99
    endloop
  endfacet
  facet normal 0 0 -1
    outer loop
      vertex 9.31746 -1.85336 1.99
      vertex 5.14912 -1.02422 1.99
      vertex 5.22472 -0.514589 1.99
    endloop
  endfacet
  facet normal 0 0 -1
    outer loop
      vertex 9.09093 -2.7577 1.99
      vertex 5.02394 -1.52399 1.99
      vertex 5.14912 -1.02422 1.99
    endloop
  endfacet
  facet normal 0 0 -1
    outer loop
      vertex 8.77686 -3.63549 1.99
      vertex 4.85037 -2.00909 1.99
      vertex 5.02394 -1.52399 1.99
    endloop
  endfacet
  facet normal 0 0 -1
    outer loop
      vertex 8.37825 -4.47827 1.99
      vertex 4.63009 -2.47483 1.99
      vertex 4.85037 -2.00909 1.99
    endloop
  endfacet
  facet normal 0 0 -1
    outer loop
      vertex 2.91674 -4.36522 1.99
      vertex 5.27792 -7.89896 1.99
      vertex 4.47827 -8.37825 1.99
    endloop
  endfacet
  facet normal 0 0 -1
    outer loop
      vertex 7.89896 -5.27792 1.99
      vertex 4.36522 -2.91674 1.99
      vertex 4.63009 -2.47483 1.99
    endloop
  endfacet
  facet normal 0 0 -1
    outer loop
      vertex 7.3436 -6.02674 1.99
      vertex 4.0583 -3.33056 1.99
      vertex 4.36522 -2.91674 1.99
    endloop
  endfacet
  facet normal 0 0 -1
    outer loop
      vertex 6.71751 -6.71751 1.99
      vertex 3.71231 -3.71231 1.99
      vertex 4.0583 -3.33056 1.99
    endloop
  endfacet
  facet normal 0 0 -1
    outer loop
      vertex 2.47483 -4.63009 1.99
      vertex 4.47827 -8.37825 1.99
      vertex 3.63549 -8.77686 1.99
    endloop
  endfacet
  facet normal 0 0 -1
    outer loop
      vertex 6.02674 -7.3436 1.99
      vertex 3.33056 -4.0583 1.99
      vertex 3.71231 -3.71231 1.99
    endloop
  endfacet
  facet normal 0 0 -1
    outer loop
      vertex 5.27792 -7.89896 1.99
      vertex 2.91674 -4.36522 1.99
      vertex 3.33056 -4.0583 1.99
    endloop
  endfacet
  facet normal 0 0 -1
    outer loop
      vertex 2.00909 -4.85037 1.99
      vertex 3.63549 -8.77686 1.99
      vertex 2.7577 -9.09093 1.99
    endloop
  endfacet
  facet normal 0 0 -1
    outer loop
      vertex 4.47827 -8.37825 1.99
      vertex 2.47483 -4.63009 1.99
      vertex 2.91674 -4.36522 1.99
    endloop
  endfacet
  facet normal 0 0 -1
    outer loop
      vertex 3.63549 -8.77686 1.99
      vertex 2.00909 -4.85037 1.99
      vertex 2.47483 -4.63009 1.99
    endloop
  endfacet
  facet normal 0 0 -1
    outer loop
      vertex 1.52399 -5.02394 1.99
      vertex 2.7577 -9.09093 1.99
      vertex 1.85336 -9.31746 1.99
    endloop
  endfacet
  facet normal 0 0 -1
    outer loop
      vertex 2.7577 -9.09093 1.99
      vertex 1.52399 -5.02394 1.99
      vertex 2.00909 -4.85037 1.99
    endloop
  endfacet
  facet normal 0 0 -1
    outer loop
      vertex 1.85336 -9.31746 1.99
      vertex 1.02422 -5.14912 1.99
      vertex 1.52399 -5.02394 1.99
    endloop
  endfacet
  facet normal 0 0 -1
    outer loop
      vertex 0.931162 -9.45425 1.99
      vertex 1.02422 -5.14912 1.99
      vertex 1.85336 -9.31746 1.99
    endloop
  endfacet
  facet normal 0 0 -1
    outer loop
      vertex 0.931162 -9.45425 1.99
      vertex 0.514589 -5.22472 1.99
      vertex 1.02422 -5.14912 1.99
    endloop
  endfacet
  facet normal 0 0 -1
    outer loop
      vertex 0 -9.5 1.99
      vertex 0.514589 -5.22472 1.99
      vertex 0.931162 -9.45425 1.99
    endloop
  endfacet
  facet normal 0 0 -1
    outer loop
      vertex 0 -9.5 1.99
      vertex 0 -5.25 1.99
      vertex 0.514589 -5.22472 1.99
    endloop
  endfacet
  facet normal 0 0 -1
    outer loop
      vertex 0 -9.5 1.99
      vertex -0.514589 -5.22472 1.99
      vertex 0 -5.25 1.99
    endloop
  endfacet
  facet normal 0 0 -1
    outer loop
      vertex -0.931162 -9.45425 1.99
      vertex -0.514589 -5.22472 1.99
      vertex 0 -9.5 1.99
    endloop
  endfacet
  facet normal 0 0 -1
    outer loop
      vertex -0.931162 -9.45425 1.99
      vertex -1.02422 -5.14912 1.99
      vertex -0.514589 -5.22472 1.99
    endloop
  endfacet
  facet normal 0 0 -1
    outer loop
      vertex -1.85336 -9.31746 1.99
      vertex -1.02422 -5.14912 1.99
      vertex -0.931162 -9.45425 1.99
    endloop
  endfacet
  facet normal -0 0 -1
    outer loop
      vertex -1.02422 -5.14912 1.99
      vertex -1.85336 -9.31746 1.99
      vertex -1.52399 -5.02394 1.99
    endloop
  endfacet
  facet normal 0 0 -1
    outer loop
      vertex -2.7577 -9.09093 1.99
      vertex -1.52399 -5.02394 1.99
      vertex -1.85336 -9.31746 1.99
    endloop
  endfacet
  facet normal -0 0 -1
    outer loop
      vertex -1.52399 -5.02394 1.99
      vertex -2.7577 -9.09093 1.99
      vertex -2.00909 -4.85037 1.99
    endloop
  endfacet
  facet normal 0 0 -1
    outer loop
      vertex -3.63549 -8.77686 1.99
      vertex -2.00909 -4.85037 1.99
      vertex -2.7577 -9.09093 1.99
    endloop
  endfacet
  facet normal -0 0 -1
    outer loop
      vertex -2.00909 -4.85037 1.99
      vertex -3.63549 -8.77686 1.99
      vertex -2.47483 -4.63009 1.99
    endloop
  endfacet
  facet normal 0 0 -1
    outer loop
      vertex -4.47827 -8.37825 1.99
      vertex -2.47483 -4.63009 1.99
      vertex -3.63549 -8.77686 1.99
    endloop
  endfacet
  facet normal -0 0 -1
    outer loop
      vertex -2.47483 -4.63009 1.99
      vertex -4.47827 -8.37825 1.99
      vertex -2.91674 -4.36522 1.99
    endloop
  endfacet
  facet normal 0 0 -1
    outer loop
      vertex -5.27792 -7.89896 1.99
      vertex -2.91674 -4.36522 1.99
      vertex -4.47827 -8.37825 1.99
    endloop
  endfacet
  facet normal -0 0 -1
    outer loop
      vertex -2.91674 -4.36522 1.99
      vertex -5.27792 -7.89896 1.99
      vertex -3.33056 -4.0583 1.99
    endloop
  endfacet
  facet normal 0 0 -1
    outer loop
      vertex -6.02674 -7.3436 1.99
      vertex -3.33056 -4.0583 1.99
      vertex -5.27792 -7.89896 1.99
    endloop
  endfacet
  facet normal -0 0 -1
    outer loop
      vertex -3.33056 -4.0583 1.99
      vertex -6.02674 -7.3436 1.99
      vertex -3.71231 -3.71231 1.99
    endloop
  endfacet
  facet normal 0 0 -1
    outer loop
      vertex -6.71751 -6.71751 1.99
      vertex -3.71231 -3.71231 1.99
      vertex -6.02674 -7.3436 1.99
    endloop
  endfacet
  facet normal -0 0 -1
    outer loop
      vertex -3.71231 -3.71231 1.99
      vertex -6.71751 -6.71751 1.99
      vertex -4.0583 -3.33056 1.99
    endloop
  endfacet
  facet normal 0 0 -1
    outer loop
      vertex -7.3436 -6.02674 1.99
      vertex -4.0583 -3.33056 1.99
      vertex -6.71751 -6.71751 1.99
    endloop
  endfacet
  facet normal -0 0 -1
    outer loop
      vertex -4.0583 -3.33056 1.99
      vertex -7.3436 -6.02674 1.99
      vertex -4.36522 -2.91674 1.99
    endloop
  endfacet
  facet normal 0 0 -1
    outer loop
      vertex -7.89896 -5.27792 1.99
      vertex -4.36522 -2.91674 1.99
      vertex -7.3436 -6.02674 1.99
    endloop
  endfacet
  facet normal 0 0 -1
    outer loop
      vertex -8.37825 -4.47827 1.99
      vertex -4.63009 -2.47483 1.99
      vertex -7.89896 -5.27792 1.99
    endloop
  endfacet
  facet normal -0 0 -1
    outer loop
      vertex -4.36522 -2.91674 1.99
      vertex -7.89896 -5.27792 1.99
      vertex -4.63009 -2.47483 1.99
    endloop
  endfacet
  facet normal -0 0 -1
    outer loop
      vertex 8.37825 4.47827 1.99
      vertex 4.63009 2.47483 1.99
      vertex 7.89896 5.27792 1.99
    endloop
  endfacet
  facet normal 0 0 -1
    outer loop
      vertex 4.36522 2.91674 1.99
      vertex 7.89896 5.27792 1.99
      vertex 4.63009 2.47483 1.99
    endloop
  endfacet
  facet normal -0 0 -1
    outer loop
      vertex 7.89896 5.27792 1.99
      vertex 4.36522 2.91674 1.99
      vertex 7.3436 6.02674 1.99
    endloop
  endfacet
  facet normal 0 0 -1
    outer loop
      vertex 4.0583 3.33056 1.99
      vertex 7.3436 6.02674 1.99
      vertex 4.36522 2.91674 1.99
    endloop
  endfacet
  facet normal -0 0 -1
    outer loop
      vertex 7.3436 6.02674 1.99
      vertex 4.0583 3.33056 1.99
      vertex 6.71751 6.71751 1.99
    endloop
  endfacet
  facet normal 0 0 -1
    outer loop
      vertex 3.71231 3.71231 1.99
      vertex 6.71751 6.71751 1.99
      vertex 4.0583 3.33056 1.99
    endloop
  endfacet
  facet normal -0 0 -1
    outer loop
      vertex 6.71751 6.71751 1.99
      vertex 3.71231 3.71231 1.99
      vertex 6.02674 7.3436 1.99
    endloop
  endfacet
  facet normal 0 0 -1
    outer loop
      vertex 3.33056 4.0583 1.99
      vertex 6.02674 7.3436 1.99
      vertex 3.71231 3.71231 1.99
    endloop
  endfacet
  facet normal -0 0 -1
    outer loop
      vertex 6.02674 7.3436 1.99
      vertex 3.33056 4.0583 1.99
      vertex 5.27792 7.89896 1.99
    endloop
  endfacet
  facet normal 0 0 -1
    outer loop
      vertex 2.91674 4.36522 1.99
      vertex 5.27792 7.89896 1.99
      vertex 3.33056 4.0583 1.99
    endloop
  endfacet
  facet normal -0 0 -1
    outer loop
      vertex 5.27792 7.89896 1.99
      vertex 2.91674 4.36522 1.99
      vertex 4.47827 8.37825 1.99
    endloop
  endfacet
  facet normal 0 0 -1
    outer loop
      vertex 2.47483 4.63009 1.99
      vertex 4.47827 8.37825 1.99
      vertex 2.91674 4.36522 1.99
    endloop
  endfacet
  facet normal -0 0 -1
    outer loop
      vertex 4.47827 8.37825 1.99
      vertex 2.47483 4.63009 1.99
      vertex 3.63549 8.77686 1.99
    endloop
  endfacet
  facet normal 0 0 -1
    outer loop
      vertex 2.00909 4.85037 1.99
      vertex 3.63549 8.77686 1.99
      vertex 2.47483 4.63009 1.99
    endloop
  endfacet
  facet normal -0 0 -1
    outer loop
      vertex 3.63549 8.77686 1.99
      vertex 2.00909 4.85037 1.99
      vertex 2.7577 9.09093 1.99
    endloop
  endfacet
  facet normal 0 0 -1
    outer loop
      vertex 1.52399 5.02394 1.99
      vertex 2.7577 9.09093 1.99
      vertex 2.00909 4.85037 1.99
    endloop
  endfacet
  facet normal -0 0 -1
    outer loop
      vertex 2.7577 9.09093 1.99
      vertex 1.52399 5.02394 1.99
      vertex 1.85336 9.31746 1.99
    endloop
  endfacet
  facet normal 0 0 -1
    outer loop
      vertex 1.02422 5.14912 1.99
      vertex 1.85336 9.31746 1.99
      vertex 1.52399 5.02394 1.99
    endloop
  endfacet
  facet normal 0 0 -1
    outer loop
      vertex 1.02422 5.14912 1.99
      vertex 0.931162 9.45425 1.99
      vertex 1.85336 9.31746 1.99
    endloop
  endfacet
  facet normal 0 0 -1
    outer loop
      vertex 0.514589 5.22472 1.99
      vertex 0.931162 9.45425 1.99
      vertex 1.02422 5.14912 1.99
    endloop
  endfacet
  facet normal 0 0 -1
    outer loop
      vertex 0 5.25 1.99
      vertex 0.931162 9.45425 1.99
      vertex 0.514589 5.22472 1.99
    endloop
  endfacet
  facet normal 0 0 -1
    outer loop
      vertex 0 5.25 1.99
      vertex 0 9.5 1.99
      vertex 0.931162 9.45425 1.99
    endloop
  endfacet
  facet normal 0 0 -1
    outer loop
      vertex -0.514589 5.22472 1.99
      vertex 0 9.5 1.99
      vertex 0 5.25 1.99
    endloop
  endfacet
  facet normal 0 0 -1
    outer loop
      vertex -0.514589 5.22472 1.99
      vertex -0.931162 9.45425 1.99
      vertex 0 9.5 1.99
    endloop
  endfacet
  facet normal 0 0 -1
    outer loop
      vertex -1.02422 5.14912 1.99
      vertex -0.931162 9.45425 1.99
      vertex -0.514589 5.22472 1.99
    endloop
  endfacet
  facet normal 0 0 -1
    outer loop
      vertex -1.85336 9.31746 1.99
      vertex -1.02422 5.14912 1.99
      vertex -1.52399 5.02394 1.99
    endloop
  endfacet
  facet normal 0 0 -1
    outer loop
      vertex -1.02422 5.14912 1.99
      vertex -1.85336 9.31746 1.99
      vertex -0.931162 9.45425 1.99
    endloop
  endfacet
  facet normal 0 0 -1
    outer loop
      vertex -2.7577 9.09093 1.99
      vertex -1.52399 5.02394 1.99
      vertex -2.00909 4.85037 1.99
    endloop
  endfacet
  facet normal 0 0 -1
    outer loop
      vertex -3.63549 8.77686 1.99
      vertex -2.00909 4.85037 1.99
      vertex -2.47483 4.63009 1.99
    endloop
  endfacet
  facet normal 0 0 -1
    outer loop
      vertex -1.52399 5.02394 1.99
      vertex -2.7577 9.09093 1.99
      vertex -1.85336 9.31746 1.99
    endloop
  endfacet
  facet normal 0 0 -1
    outer loop
      vertex -4.47827 8.37825 1.99
      vertex -2.47483 4.63009 1.99
      vertex -2.91674 4.36522 1.99
    endloop
  endfacet
  facet normal 0 0 -1
    outer loop
      vertex -5.27792 7.89896 1.99
      vertex -2.91674 4.36522 1.99
      vertex -3.33056 4.0583 1.99
    endloop
  endfacet
  facet normal 0 0 -1
    outer loop
      vertex -2.00909 4.85037 1.99
      vertex -3.63549 8.77686 1.99
      vertex -2.7577 9.09093 1.99
    endloop
  endfacet
  facet normal 0 0 -1
    outer loop
      vertex -6.02674 7.3436 1.99
      vertex -3.33056 4.0583 1.99
      vertex -3.71231 3.71231 1.99
    endloop
  endfacet
  facet normal 0 0 -1
    outer loop
      vertex -6.71751 6.71751 1.99
      vertex -3.71231 3.71231 1.99
      vertex -4.0583 3.33056 1.99
    endloop
  endfacet
  facet normal 0 0 -1
    outer loop
      vertex -7.3436 6.02674 1.99
      vertex -4.0583 3.33056 1.99
      vertex -4.36522 2.91674 1.99
    endloop
  endfacet
  facet normal 0 0 -1
    outer loop
      vertex -2.47483 4.63009 1.99
      vertex -4.47827 8.37825 1.99
      vertex -3.63549 8.77686 1.99
    endloop
  endfacet
  facet normal 0 0 -1
    outer loop
      vertex -7.89896 5.27792 1.99
      vertex -4.36522 2.91674 1.99
      vertex -4.63009 2.47483 1.99
    endloop
  endfacet
  facet normal 0 0 -1
    outer loop
      vertex -8.37825 4.47827 1.99
      vertex -4.63009 2.47483 1.99
      vertex -4.85037 2.00909 1.99
    endloop
  endfacet
  facet normal 0 0 -1
    outer loop
      vertex -8.77686 3.63549 1.99
      vertex -4.85037 2.00909 1.99
      vertex -5.02394 1.52399 1.99
    endloop
  endfacet
  facet normal 0 0 -1
    outer loop
      vertex -9.09093 2.7577 1.99
      vertex -5.02394 1.52399 1.99
      vertex -5.14912 1.02422 1.99
    endloop
  endfacet
  facet normal 0 0 -1
    outer loop
      vertex -9.31746 1.85336 1.99
      vertex -5.14912 1.02422 1.99
      vertex -5.22472 0.514589 1.99
    endloop
  endfacet
  facet normal 0 0 -1
    outer loop
      vertex -2.91674 4.36522 1.99
      vertex -5.27792 7.89896 1.99
      vertex -4.47827 8.37825 1.99
    endloop
  endfacet
  facet normal 0 0 -1
    outer loop
      vertex -9.45425 0.931162 1.99
      vertex -5.22472 0.514589 1.99
      vertex -5.25 0 1.99
    endloop
  endfacet
  facet normal -0 0 -1
    outer loop
      vertex -4.63009 -2.47483 1.99
      vertex -8.37825 -4.47827 1.99
      vertex -4.85037 -2.00909 1.99
    endloop
  endfacet
  facet normal 0 0 -1
    outer loop
      vertex -8.77686 -3.63549 1.99
      vertex -4.85037 -2.00909 1.99
      vertex -8.37825 -4.47827 1.99
    endloop
  endfacet
  facet normal 0 0 -1
    outer loop
      vertex -3.33056 4.0583 1.99
      vertex -6.02674 7.3436 1.99
      vertex -5.27792 7.89896 1.99
    endloop
  endfacet
  facet normal -0 0 -1
    outer loop
      vertex -4.85037 -2.00909 1.99
      vertex -8.77686 -3.63549 1.99
      vertex -5.02394 -1.52399 1.99
    endloop
  endfacet
  facet normal 0 0 -1
    outer loop
      vertex -3.71231 3.71231 1.99
      vertex -6.71751 6.71751 1.99
      vertex -6.02674 7.3436 1.99
    endloop
  endfacet
  facet normal 0 0 -1
    outer loop
      vertex -9.09093 -2.7577 1.99
      vertex -5.02394 -1.52399 1.99
      vertex -8.77686 -3.63549 1.99
    endloop
  endfacet
  facet normal 0 0 -1
    outer loop
      vertex -4.0583 3.33056 1.99
      vertex -7.3436 6.02674 1.99
      vertex -6.71751 6.71751 1.99
    endloop
  endfacet
  facet normal -0 0 -1
    outer loop
      vertex -5.02394 -1.52399 1.99
      vertex -9.09093 -2.7577 1.99
      vertex -5.14912 -1.02422 1.99
    endloop
  endfacet
  facet normal 0 0 -1
    outer loop
      vertex -4.36522 2.91674 1.99
      vertex -7.89896 5.27792 1.99
      vertex -7.3436 6.02674 1.99
    endloop
  endfacet
  facet normal 0 0 -1
    outer loop
      vertex -9.31746 -1.85336 1.99
      vertex -5.14912 -1.02422 1.99
      vertex -9.09093 -2.7577 1.99
    endloop
  endfacet
  facet normal 0 0 -1
    outer loop
      vertex -4.63009 2.47483 1.99
      vertex -8.37825 4.47827 1.99
      vertex -7.89896 5.27792 1.99
    endloop
  endfacet
  facet normal -0 0 -1
    outer loop
      vertex -5.14912 -1.02422 1.99
      vertex -9.31746 -1.85336 1.99
      vertex -5.22472 -0.514589 1.99
    endloop
  endfacet
  facet normal 0 0 -1
    outer loop
      vertex -4.85037 2.00909 1.99
      vertex -8.77686 3.63549 1.99
      vertex -8.37825 4.47827 1.99
    endloop
  endfacet
  facet normal 0 0 -1
    outer loop
      vertex -9.45425 -0.931162 1.99
      vertex -5.22472 -0.514589 1.99
      vertex -9.31746 -1.85336 1.99
    endloop
  endfacet
  facet normal 0 0 -1
    outer loop
      vertex -5.02394 1.52399 1.99
      vertex -9.09093 2.7577 1.99
      vertex -8.77686 3.63549 1.99
    endloop
  endfacet
  facet normal -0 0 -1
    outer loop
      vertex -5.22472 -0.514589 1.99
      vertex -9.45425 -0.931162 1.99
      vertex -5.25 0 1.99
    endloop
  endfacet
  facet normal 0 0 -1
    outer loop
      vertex -5.14912 1.02422 1.99
      vertex -9.31746 1.85336 1.99
      vertex -9.09093 2.7577 1.99
    endloop
  endfacet
  facet normal 0 0 -1
    outer loop
      vertex -9.5 0 1.99
      vertex -5.25 0 1.99
      vertex -9.45425 -0.931162 1.99
    endloop
  endfacet
  facet normal 0 0 -1
    outer loop
      vertex -5.22472 0.514589 1.99
      vertex -9.45425 0.931162 1.99
      vertex -9.31746 1.85336 1.99
    endloop
  endfacet
  facet normal 0 0 -1
    outer loop
      vertex -5.25 0 1.99
      vertex -9.5 0 1.99
      vertex -9.45425 0.931162 1.99
    endloop
  endfacet
  facet normal 0.998795 -0.049073 0
    outer loop
      vertex -9.5 0 1.99
      vertex -9.45425 0.931162 0
      vertex -9.45425 0.931162 1.99
    endloop
  endfacet
  facet normal 0.998795 -0.049073 0
    outer loop
      vertex -9.45425 0.931162 0
      vertex -9.5 0 1.99
      vertex -9.5 0 0
    endloop
  endfacet
  facet normal 0.336882 0.941547 -0
    outer loop
      vertex -2.7577 -9.09093 0
      vertex -3.63549 -8.77686 1.99
      vertex -2.7577 -9.09093 1.99
    endloop
  endfacet
  facet normal 0.336882 0.941547 0
    outer loop
      vertex -3.63549 -8.77686 1.99
      vertex -2.7577 -9.09093 0
      vertex -3.63549 -8.77686 0
    endloop
  endfacet
  facet normal -0.671566 0.740944 0
    outer loop
      vertex 6.71751 -6.71751 0
      vertex 6.02674 -7.3436 1.99
      vertex 6.71751 -6.71751 1.99
    endloop
  endfacet
  facet normal -0.671566 0.740944 0
    outer loop
      vertex 6.02674 -7.3436 1.99
      vertex 6.71751 -6.71751 0
      vertex 6.02674 -7.3436 0
    endloop
  endfacet
  facet normal 0.989176 0.146737 0
    outer loop
      vertex 5.22472 0.514589 1.99
      vertex 5.14912 1.02422 0
      vertex 5.14912 1.02422 1.99
    endloop
  endfacet
  facet normal 0.989176 0.146737 0
    outer loop
      vertex 5.14912 1.02422 0
      vertex 5.22472 0.514589 1.99
      vertex 5.22472 0.514589 0
    endloop
  endfacet
  facet normal 0.998795 0.0490674 0
    outer loop
      vertex 5.25 0 1.99
      vertex 5.22472 0.514589 0
      vertex 5.22472 0.514589 1.99
    endloop
  endfacet
  facet normal 0.998795 0.0490674 0
    outer loop
      vertex 5.22472 0.514589 0
      vertex 5.25 0 1.99
      vertex 5.25 0 0
    endloop
  endfacet
  facet normal 0.970034 0.242969 0
    outer loop
      vertex 5.14912 1.02422 1.99
      vertex 5.02394 1.52399 0
      vertex 5.02394 1.52399 1.99
    endloop
  endfacet
  facet normal 0.970034 0.242969 0
    outer loop
      vertex 5.02394 1.52399 0
      vertex 5.14912 1.02422 1.99
      vertex 5.14912 1.02422 0
    endloop
  endfacet
  facet normal 0.336887 -0.941545 0
    outer loop
      vertex 1.52399 -5.02394 0
      vertex 2.00909 -4.85037 1.99
      vertex 1.52399 -5.02394 1.99
    endloop
  endfacet
  facet normal 0.336887 -0.941545 0
    outer loop
      vertex 2.00909 -4.85037 1.99
      vertex 1.52399 -5.02394 0
      vertex 2.00909 -4.85037 0
    endloop
  endfacet
  facet normal 0.67155 0.740959 -0
    outer loop
      vertex 3.71231 3.71231 0
      vertex 3.33056 4.0583 1.99
      vertex 3.71231 3.71231 1.99
    endloop
  endfacet
  facet normal 0.67155 0.740959 0
    outer loop
      vertex 3.33056 4.0583 1.99
      vertex 3.71231 3.71231 0
      vertex 3.33056 4.0583 0
    endloop
  endfacet
  facet normal -0.514102 -0.857729 0
    outer loop
      vertex -2.91674 -4.36522 0
      vertex -2.47483 -4.63009 1.99
      vertex -2.91674 -4.36522 1.99
    endloop
  endfacet
  facet normal -0.514102 -0.857729 -0
    outer loop
      vertex -2.47483 -4.63009 1.99
      vertex -2.91674 -4.36522 0
      vertex -2.47483 -4.63009 0
    endloop
  endfacet
  facet normal 0.740959 0.67155 0
    outer loop
      vertex 4.0583 3.33056 1.99
      vertex 3.71231 3.71231 0
      vertex 3.71231 3.71231 1.99
    endloop
  endfacet
  facet normal 0.740959 0.67155 0
    outer loop
      vertex 3.71231 3.71231 0
      vertex 4.0583 3.33056 1.99
      vertex 4.0583 3.33056 0
    endloop
  endfacet
  facet normal 0.514102 -0.857729 0
    outer loop
      vertex 2.47483 -4.63009 0
      vertex 2.91674 -4.36522 1.99
      vertex 2.47483 -4.63009 1.99
    endloop
  endfacet
  facet normal 0.514102 -0.857729 0
    outer loop
      vertex 2.91674 -4.36522 1.99
      vertex 2.47483 -4.63009 0
      vertex 2.91674 -4.36522 0
    endloop
  endfacet
  facet normal -0.427557 0.903988 0
    outer loop
      vertex -2.00909 4.85037 0
      vertex -2.47483 4.63009 1.99
      vertex -2.00909 4.85037 1.99
    endloop
  endfacet
  facet normal -0.427557 0.903988 0
    outer loop
      vertex -2.47483 4.63009 1.99
      vertex -2.00909 4.85037 0
      vertex -2.47483 4.63009 0
    endloop
  endfacet
  facet normal 0.989176 -0.146737 0
    outer loop
      vertex 5.14912 -1.02422 1.99
      vertex 5.22472 -0.514589 0
      vertex 5.22472 -0.514589 1.99
    endloop
  endfacet
  facet normal 0.989176 -0.146737 0
    outer loop
      vertex 5.22472 -0.514589 0
      vertex 5.14912 -1.02422 1.99
      vertex 5.14912 -1.02422 0
    endloop
  endfacet
  facet normal 0.242969 -0.970034 0
    outer loop
      vertex 1.02422 -5.14912 0
      vertex 1.52399 -5.02394 1.99
      vertex 1.02422 -5.14912 1.99
    endloop
  endfacet
  facet normal 0.242969 -0.970034 0
    outer loop
      vertex 1.52399 -5.02394 1.99
      vertex 1.02422 -5.14912 0
      vertex 1.52399 -5.02394 0
    endloop
  endfacet
  facet normal -0.242969 0.970034 0
    outer loop
      vertex -1.02422 5.14912 0
      vertex -1.52399 5.02394 1.99
      vertex -1.02422 5.14912 1.99
    endloop
  endfacet
  facet normal -0.242969 0.970034 0
    outer loop
      vertex -1.52399 5.02394 1.99
      vertex -1.02422 5.14912 0
      vertex -1.52399 5.02394 0
    endloop
  endfacet
  facet normal -0.941545 -0.336887 0
    outer loop
      vertex -4.85037 -2.00909 0
      vertex -5.02394 -1.52399 1.99
      vertex -5.02394 -1.52399 0
    endloop
  endfacet
  facet normal -0.941545 -0.336887 0
    outer loop
      vertex -5.02394 -1.52399 1.99
      vertex -4.85037 -2.00909 0
      vertex -4.85037 -2.00909 1.99
    endloop
  endfacet
  facet normal 0.803198 -0.595712 0
    outer loop
      vertex 4.0583 -3.33056 1.99
      vertex 4.36522 -2.91674 0
      vertex 4.36522 -2.91674 1.99
    endloop
  endfacet
  facet normal 0.803198 -0.595712 0
    outer loop
      vertex 4.36522 -2.91674 0
      vertex 4.0583 -3.33056 1.99
      vertex 4.0583 -3.33056 0
    endloop
  endfacet
  facet normal -0.514102 0.857729 0
    outer loop
      vertex -2.47483 4.63009 0
      vertex -2.91674 4.36522 1.99
      vertex -2.47483 4.63009 1.99
    endloop
  endfacet
  facet normal -0.514102 0.857729 0
    outer loop
      vertex -2.91674 4.36522 1.99
      vertex -2.47483 4.63009 0
      vertex -2.91674 4.36522 0
    endloop
  endfacet
  facet normal -0.146737 -0.989176 0
    outer loop
      vertex -1.02422 -5.14912 0
      vertex -0.514589 -5.22472 1.99
      vertex -1.02422 -5.14912 1.99
    endloop
  endfacet
  facet normal -0.146737 -0.989176 -0
    outer loop
      vertex -0.514589 -5.22472 1.99
      vertex -1.02422 -5.14912 0
      vertex -0.514589 -5.22472 0
    endloop
  endfacet
  facet normal 0.595712 -0.803198 0
    outer loop
      vertex 2.91674 -4.36522 0
      vertex 3.33056 -4.0583 1.99
      vertex 2.91674 -4.36522 1.99
    endloop
  endfacet
  facet normal 0.595712 -0.803198 0
    outer loop
      vertex 3.33056 -4.0583 1.99
      vertex 2.91674 -4.36522 0
      vertex 3.33056 -4.0583 0
    endloop
  endfacet
  facet normal -0.242969 -0.970034 0
    outer loop
      vertex -1.52399 -5.02394 0
      vertex -1.02422 -5.14912 1.99
      vertex -1.52399 -5.02394 1.99
    endloop
  endfacet
  facet normal -0.242969 -0.970034 -0
    outer loop
      vertex -1.02422 -5.14912 1.99
      vertex -1.52399 -5.02394 0
      vertex -1.02422 -5.14912 0
    endloop
  endfacet
  facet normal 0.903988 -0.427557 0
    outer loop
      vertex 4.63009 -2.47483 1.99
      vertex 4.85037 -2.00909 0
      vertex 4.85037 -2.00909 1.99
    endloop
  endfacet
  facet normal 0.903988 -0.427557 0
    outer loop
      vertex 4.85037 -2.00909 0
      vertex 4.63009 -2.47483 1.99
      vertex 4.63009 -2.47483 0
    endloop
  endfacet
  facet normal 0.514102 0.857729 -0
    outer loop
      vertex 2.91674 4.36522 0
      vertex 2.47483 4.63009 1.99
      vertex 2.91674 4.36522 1.99
    endloop
  endfacet
  facet normal 0.514102 0.857729 0
    outer loop
      vertex 2.47483 4.63009 1.99
      vertex 2.91674 4.36522 0
      vertex 2.47483 4.63009 0
    endloop
  endfacet
  facet normal -0.857729 -0.514102 0
    outer loop
      vertex -4.36522 -2.91674 0
      vertex -4.63009 -2.47483 1.99
      vertex -4.63009 -2.47483 0
    endloop
  endfacet
  facet normal -0.857729 -0.514102 0
    outer loop
      vertex -4.63009 -2.47483 1.99
      vertex -4.36522 -2.91674 0
      vertex -4.36522 -2.91674 1.99
    endloop
  endfacet
  facet normal 0.970034 -0.242969 0
    outer loop
      vertex 5.02394 -1.52399 1.99
      vertex 5.14912 -1.02422 0
      vertex 5.14912 -1.02422 1.99
    endloop
  endfacet
  facet normal 0.970034 -0.242969 0
    outer loop
      vertex 5.14912 -1.02422 0
      vertex 5.02394 -1.52399 1.99
      vertex 5.02394 -1.52399 0
    endloop
  endfacet
  facet normal -0.857729 0.514102 0
    outer loop
      vertex -4.63009 2.47483 0
      vertex -4.36522 2.91674 1.99
      vertex -4.36522 2.91674 0
    endloop
  endfacet
  facet normal -0.857729 0.514102 0
    outer loop
      vertex -4.36522 2.91674 1.99
      vertex -4.63009 2.47483 0
      vertex -4.63009 2.47483 1.99
    endloop
  endfacet
  facet normal -0.595712 0.803198 0
    outer loop
      vertex -2.91674 4.36522 0
      vertex -3.33056 4.0583 1.99
      vertex -2.91674 4.36522 1.99
    endloop
  endfacet
  facet normal -0.595712 0.803198 0
    outer loop
      vertex -3.33056 4.0583 1.99
      vertex -2.91674 4.36522 0
      vertex -3.33056 4.0583 0
    endloop
  endfacet
  facet normal -0.803198 -0.595712 0
    outer loop
      vertex -4.0583 -3.33056 0
      vertex -4.36522 -2.91674 1.99
      vertex -4.36522 -2.91674 0
    endloop
  endfacet
  facet normal -0.803198 -0.595712 0
    outer loop
      vertex -4.36522 -2.91674 1.99
      vertex -4.0583 -3.33056 0
      vertex -4.0583 -3.33056 1.99
    endloop
  endfacet
  facet normal 0.427557 0.903988 -0
    outer loop
      vertex 2.47483 4.63009 0
      vertex 2.00909 4.85037 1.99
      vertex 2.47483 4.63009 1.99
    endloop
  endfacet
  facet normal 0.427557 0.903988 0
    outer loop
      vertex 2.00909 4.85037 1.99
      vertex 2.47483 4.63009 0
      vertex 2.00909 4.85037 0
    endloop
  endfacet
  facet normal 0.146737 -0.989176 0
    outer loop
      vertex 0.514589 -5.22472 0
      vertex 1.02422 -5.14912 1.99
      vertex 0.514589 -5.22472 1.99
    endloop
  endfacet
  facet normal 0.146737 -0.989176 0
    outer loop
      vertex 1.02422 -5.14912 1.99
      vertex 0.514589 -5.22472 0
      vertex 1.02422 -5.14912 0
    endloop
  endfacet
  facet normal -0.146737 0.989176 0
    outer loop
      vertex -0.514589 5.22472 0
      vertex -1.02422 5.14912 1.99
      vertex -0.514589 5.22472 1.99
    endloop
  endfacet
  facet normal -0.146737 0.989176 0
    outer loop
      vertex -1.02422 5.14912 1.99
      vertex -0.514589 5.22472 0
      vertex -1.02422 5.14912 0
    endloop
  endfacet
  facet normal -0.903988 -0.427557 0
    outer loop
      vertex -4.63009 -2.47483 0
      vertex -4.85037 -2.00909 1.99
      vertex -4.85037 -2.00909 0
    endloop
  endfacet
  facet normal -0.903988 -0.427557 0
    outer loop
      vertex -4.85037 -2.00909 1.99
      vertex -4.63009 -2.47483 0
      vertex -4.63009 -2.47483 1.99
    endloop
  endfacet
  facet normal 0.998795 -0.0490674 0
    outer loop
      vertex 5.22472 -0.514589 1.99
      vertex 5.25 0 0
      vertex 5.25 0 1.99
    endloop
  endfacet
  facet normal 0.998795 -0.0490674 0
    outer loop
      vertex 5.25 0 0
      vertex 5.22472 -0.514589 1.99
      vertex 5.22472 -0.514589 0
    endloop
  endfacet
  facet normal 0.242969 0.970034 -0
    outer loop
      vertex 1.52399 5.02394 0
      vertex 1.02422 5.14912 1.99
      vertex 1.52399 5.02394 1.99
    endloop
  endfacet
  facet normal 0.242969 0.970034 0
    outer loop
      vertex 1.02422 5.14912 1.99
      vertex 1.52399 5.02394 0
      vertex 1.02422 5.14912 0
    endloop
  endfacet
  facet normal -0.595712 -0.803198 0
    outer loop
      vertex -3.33056 -4.0583 0
      vertex -2.91674 -4.36522 1.99
      vertex -3.33056 -4.0583 1.99
    endloop
  endfacet
  facet normal -0.595712 -0.803198 -0
    outer loop
      vertex -2.91674 -4.36522 1.99
      vertex -3.33056 -4.0583 0
      vertex -2.91674 -4.36522 0
    endloop
  endfacet
  facet normal -0.740959 0.67155 0
    outer loop
      vertex -4.0583 3.33056 0
      vertex -3.71231 3.71231 1.99
      vertex -3.71231 3.71231 0
    endloop
  endfacet
  facet normal -0.740959 0.67155 0
    outer loop
      vertex -3.71231 3.71231 1.99
      vertex -4.0583 3.33056 0
      vertex -4.0583 3.33056 1.99
    endloop
  endfacet
  facet normal 0.941545 0.336887 0
    outer loop
      vertex 5.02394 1.52399 1.99
      vertex 4.85037 2.00909 0
      vertex 4.85037 2.00909 1.99
    endloop
  endfacet
  facet normal 0.941545 0.336887 0
    outer loop
      vertex 4.85037 2.00909 0
      vertex 5.02394 1.52399 1.99
      vertex 5.02394 1.52399 0
    endloop
  endfacet
  facet normal 0.857729 -0.514102 0
    outer loop
      vertex 4.36522 -2.91674 1.99
      vertex 4.63009 -2.47483 0
      vertex 4.63009 -2.47483 1.99
    endloop
  endfacet
  facet normal 0.857729 -0.514102 0
    outer loop
      vertex 4.63009 -2.47483 0
      vertex 4.36522 -2.91674 1.99
      vertex 4.36522 -2.91674 0
    endloop
  endfacet
  facet normal 0.595712 0.803198 -0
    outer loop
      vertex 3.33056 4.0583 0
      vertex 2.91674 4.36522 1.99
      vertex 3.33056 4.0583 1.99
    endloop
  endfacet
  facet normal 0.595712 0.803198 0
    outer loop
      vertex 2.91674 4.36522 1.99
      vertex 3.33056 4.0583 0
      vertex 2.91674 4.36522 0
    endloop
  endfacet
  facet normal 0.336887 0.941545 -0
    outer loop
      vertex 2.00909 4.85037 0
      vertex 1.52399 5.02394 1.99
      vertex 2.00909 4.85037 1.99
    endloop
  endfacet
  facet normal 0.336887 0.941545 0
    outer loop
      vertex 1.52399 5.02394 1.99
      vertex 2.00909 4.85037 0
      vertex 1.52399 5.02394 0
    endloop
  endfacet
  facet normal 0.803198 0.595712 0
    outer loop
      vertex 4.36522 2.91674 1.99
      vertex 4.0583 3.33056 0
      vertex 4.0583 3.33056 1.99
    endloop
  endfacet
  facet normal 0.803198 0.595712 0
    outer loop
      vertex 4.0583 3.33056 0
      vertex 4.36522 2.91674 1.99
      vertex 4.36522 2.91674 0
    endloop
  endfacet
  facet normal -0.427557 -0.903988 0
    outer loop
      vertex -2.47483 -4.63009 0
      vertex -2.00909 -4.85037 1.99
      vertex -2.47483 -4.63009 1.99
    endloop
  endfacet
  facet normal -0.427557 -0.903988 -0
    outer loop
      vertex -2.00909 -4.85037 1.99
      vertex -2.47483 -4.63009 0
      vertex -2.00909 -4.85037 0
    endloop
  endfacet
  facet normal -0.970034 -0.242969 0
    outer loop
      vertex -5.02394 -1.52399 0
      vertex -5.14912 -1.02422 1.99
      vertex -5.14912 -1.02422 0
    endloop
  endfacet
  facet normal -0.970034 -0.242969 0
    outer loop
      vertex -5.14912 -1.02422 1.99
      vertex -5.02394 -1.52399 0
      vertex -5.02394 -1.52399 1.99
    endloop
  endfacet
  facet normal 0.903988 0.427557 0
    outer loop
      vertex 4.85037 2.00909 1.99
      vertex 4.63009 2.47483 0
      vertex 4.63009 2.47483 1.99
    endloop
  endfacet
  facet normal 0.903988 0.427557 0
    outer loop
      vertex 4.63009 2.47483 0
      vertex 4.85037 2.00909 1.99
      vertex 4.85037 2.00909 0
    endloop
  endfacet
  facet normal 0.427557 -0.903988 0
    outer loop
      vertex 2.00909 -4.85037 0
      vertex 2.47483 -4.63009 1.99
      vertex 2.00909 -4.85037 1.99
    endloop
  endfacet
  facet normal 0.427557 -0.903988 0
    outer loop
      vertex 2.47483 -4.63009 1.99
      vertex 2.00909 -4.85037 0
      vertex 2.47483 -4.63009 0
    endloop
  endfacet
  facet normal 0.857729 0.514102 0
    outer loop
      vertex 4.63009 2.47483 1.99
      vertex 4.36522 2.91674 0
      vertex 4.36522 2.91674 1.99
    endloop
  endfacet
  facet normal 0.857729 0.514102 0
    outer loop
      vertex 4.36522 2.91674 0
      vertex 4.63009 2.47483 1.99
      vertex 4.63009 2.47483 0
    endloop
  endfacet
  facet normal 0.146737 0.989176 -0
    outer loop
      vertex 1.02422 5.14912 0
      vertex 0.514589 5.22472 1.99
      vertex 1.02422 5.14912 1.99
    endloop
  endfacet
  facet normal 0.146737 0.989176 0
    outer loop
      vertex 0.514589 5.22472 1.99
      vertex 1.02422 5.14912 0
      vertex 0.514589 5.22472 0
    endloop
  endfacet
  facet normal -0.67155 0.740959 0
    outer loop
      vertex -3.33056 4.0583 0
      vertex -3.71231 3.71231 1.99
      vertex -3.33056 4.0583 1.99
    endloop
  endfacet
  facet normal -0.67155 0.740959 0
    outer loop
      vertex -3.71231 3.71231 1.99
      vertex -3.33056 4.0583 0
      vertex -3.71231 3.71231 0
    endloop
  endfacet
  facet normal -0.989176 0.146737 0
    outer loop
      vertex -5.22472 0.514589 0
      vertex -5.14912 1.02422 1.99
      vertex -5.14912 1.02422 0
    endloop
  endfacet
  facet normal -0.989176 0.146737 0
    outer loop
      vertex -5.14912 1.02422 1.99
      vertex -5.22472 0.514589 0
      vertex -5.22472 0.514589 1.99
    endloop
  endfacet
  facet normal -0.941545 0.336887 0
    outer loop
      vertex -5.02394 1.52399 0
      vertex -4.85037 2.00909 1.99
      vertex -4.85037 2.00909 0
    endloop
  endfacet
  facet normal -0.941545 0.336887 0
    outer loop
      vertex -4.85037 2.00909 1.99
      vertex -5.02394 1.52399 0
      vertex -5.02394 1.52399 1.99
    endloop
  endfacet
  facet normal -0.336887 0.941545 0
    outer loop
      vertex -1.52399 5.02394 0
      vertex -2.00909 4.85037 1.99
      vertex -1.52399 5.02394 1.99
    endloop
  endfacet
  facet normal -0.336887 0.941545 0
    outer loop
      vertex -2.00909 4.85037 1.99
      vertex -1.52399 5.02394 0
      vertex -2.00909 4.85037 0
    endloop
  endfacet
  facet normal -0.998795 -0.0490674 0
    outer loop
      vertex -5.22472 -0.514589 0
      vertex -5.25 0 1.99
      vertex -5.25 0 0
    endloop
  endfacet
  facet normal -0.998795 -0.0490674 0
    outer loop
      vertex -5.25 0 1.99
      vertex -5.22472 -0.514589 0
      vertex -5.22472 -0.514589 1.99
    endloop
  endfacet
  facet normal -0.0490674 0.998795 0
    outer loop
      vertex 0 5.25 0
      vertex -0.514589 5.22472 1.99
      vertex 0 5.25 1.99
    endloop
  endfacet
  facet normal -0.0490674 0.998795 0
    outer loop
      vertex -0.514589 5.22472 1.99
      vertex 0 5.25 0
      vertex -0.514589 5.22472 0
    endloop
  endfacet
  facet normal -0.803198 0.595712 0
    outer loop
      vertex -4.36522 2.91674 0
      vertex -4.0583 3.33056 1.99
      vertex -4.0583 3.33056 0
    endloop
  endfacet
  facet normal -0.803198 0.595712 0
    outer loop
      vertex -4.0583 3.33056 1.99
      vertex -4.36522 2.91674 0
      vertex -4.36522 2.91674 1.99
    endloop
  endfacet
  facet normal -0.740959 -0.67155 0
    outer loop
      vertex -3.71231 -3.71231 0
      vertex -4.0583 -3.33056 1.99
      vertex -4.0583 -3.33056 0
    endloop
  endfacet
  facet normal -0.740959 -0.67155 0
    outer loop
      vertex -4.0583 -3.33056 1.99
      vertex -3.71231 -3.71231 0
      vertex -3.71231 -3.71231 1.99
    endloop
  endfacet
  facet normal 0.0490674 -0.998795 0
    outer loop
      vertex 0 -5.25 0
      vertex 0.514589 -5.22472 1.99
      vertex 0 -5.25 1.99
    endloop
  endfacet
  facet normal 0.0490674 -0.998795 0
    outer loop
      vertex 0.514589 -5.22472 1.99
      vertex 0 -5.25 0
      vertex 0.514589 -5.22472 0
    endloop
  endfacet
  facet normal -0.989176 -0.146737 0
    outer loop
      vertex -5.14912 -1.02422 0
      vertex -5.22472 -0.514589 1.99
      vertex -5.22472 -0.514589 0
    endloop
  endfacet
  facet normal -0.989176 -0.146737 0
    outer loop
      vertex -5.22472 -0.514589 1.99
      vertex -5.14912 -1.02422 0
      vertex -5.14912 -1.02422 1.99
    endloop
  endfacet
  facet normal 0.0490674 0.998795 -0
    outer loop
      vertex 0.514589 5.22472 0
      vertex 0 5.25 1.99
      vertex 0.514589 5.22472 1.99
    endloop
  endfacet
  facet normal 0.0490674 0.998795 0
    outer loop
      vertex 0 5.25 1.99
      vertex 0.514589 5.22472 0
      vertex 0 5.25 0
    endloop
  endfacet
  facet normal -0.970034 0.242969 0
    outer loop
      vertex -5.14912 1.02422 0
      vertex -5.02394 1.52399 1.99
      vertex -5.02394 1.52399 0
    endloop
  endfacet
  facet normal -0.970034 0.242969 0
    outer loop
      vertex -5.02394 1.52399 1.99
      vertex -5.14912 1.02422 0
      vertex -5.14912 1.02422 1.99
    endloop
  endfacet
  facet normal -0.903988 0.427557 0
    outer loop
      vertex -4.85037 2.00909 0
      vertex -4.63009 2.47483 1.99
      vertex -4.63009 2.47483 0
    endloop
  endfacet
  facet normal -0.903988 0.427557 0
    outer loop
      vertex -4.63009 2.47483 1.99
      vertex -4.85037 2.00909 0
      vertex -4.85037 2.00909 1.99
    endloop
  endfacet
  facet normal 0.941545 -0.336887 0
    outer loop
      vertex 4.85037 -2.00909 1.99
      vertex 5.02394 -1.52399 0
      vertex 5.02394 -1.52399 1.99
    endloop
  endfacet
  facet normal 0.941545 -0.336887 0
    outer loop
      vertex 5.02394 -1.52399 0
      vertex 4.85037 -2.00909 1.99
      vertex 4.85037 -2.00909 0
    endloop
  endfacet
  facet normal -0.67155 -0.740959 0
    outer loop
      vertex -3.71231 -3.71231 0
      vertex -3.33056 -4.0583 1.99
      vertex -3.71231 -3.71231 1.99
    endloop
  endfacet
  facet normal -0.67155 -0.740959 -0
    outer loop
      vertex -3.33056 -4.0583 1.99
      vertex -3.71231 -3.71231 0
      vertex -3.33056 -4.0583 0
    endloop
  endfacet
  facet normal -0.0490674 -0.998795 0
    outer loop
      vertex -0.514589 -5.22472 0
      vertex 0 -5.25 1.99
      vertex -0.514589 -5.22472 1.99
    endloop
  endfacet
  facet normal -0.0490674 -0.998795 -0
    outer loop
      vertex 0 -5.25 1.99
      vertex -0.514589 -5.22472 0
      vertex 0 -5.25 0
    endloop
  endfacet
  facet normal -0.998795 0.0490674 0
    outer loop
      vertex -5.25 0 0
      vertex -5.22472 0.514589 1.99
      vertex -5.22472 0.514589 0
    endloop
  endfacet
  facet normal -0.998795 0.0490674 0
    outer loop
      vertex -5.22472 0.514589 1.99
      vertex -5.25 0 0
      vertex -5.25 0 1.99
    endloop
  endfacet
  facet normal -0.336887 -0.941545 0
    outer loop
      vertex -2.00909 -4.85037 0
      vertex -1.52399 -5.02394 1.99
      vertex -2.00909 -4.85037 1.99
    endloop
  endfacet
  facet normal -0.336887 -0.941545 -0
    outer loop
      vertex -1.52399 -5.02394 1.99
      vertex -2.00909 -4.85037 0
      vertex -1.52399 -5.02394 0
    endloop
  endfacet
  facet normal 0.740959 -0.67155 0
    outer loop
      vertex 3.71231 -3.71231 1.99
      vertex 4.0583 -3.33056 0
      vertex 4.0583 -3.33056 1.99
    endloop
  endfacet
  facet normal 0.740959 -0.67155 0
    outer loop
      vertex 4.0583 -3.33056 0
      vertex 3.71231 -3.71231 1.99
      vertex 3.71231 -3.71231 0
    endloop
  endfacet
  facet normal 0.67155 -0.740959 0
    outer loop
      vertex 3.33056 -4.0583 0
      vertex 3.71231 -3.71231 1.99
      vertex 3.33056 -4.0583 1.99
    endloop
  endfacet
  facet normal 0.67155 -0.740959 0
    outer loop
      vertex 3.71231 -3.71231 1.99
      vertex 3.33056 -4.0583 0
      vertex 3.71231 -3.71231 0
    endloop
  endfacet
  facet normal 0 0 1
    outer loop
      vertex 11.2 0 0.6
      vertex 13 0 0.6
      vertex 12.9374 1.27422 0.6
    endloop
  endfacet
  facet normal 0 0 1
    outer loop
      vertex 11.1461 1.09779 0.6
      vertex 12.9374 1.27422 0.6
      vertex 12.7502 2.53617 0.6
    endloop
  endfacet
  facet normal 0 0 1
    outer loop
      vertex 13 0 0.6
      vertex 11.2 0 0.6
      vertex 12.9374 -1.27422 0.6
    endloop
  endfacet
  facet normal 0 0 1
    outer loop
      vertex 10.9848 2.18501 0.6
      vertex 12.7502 2.53617 0.6
      vertex 12.4402 3.7737 0.6
    endloop
  endfacet
  facet normal -0 0 1
    outer loop
      vertex 11.1461 -1.09779 0.6
      vertex 12.9374 -1.27422 0.6
      vertex 11.2 0 0.6
    endloop
  endfacet
  facet normal 0 0 1
    outer loop
      vertex 10.7177 3.25119 0.6
      vertex 12.4402 3.7737 0.6
      vertex 12.0104 4.97488 0.6
    endloop
  endfacet
  facet normal 0 0 1
    outer loop
      vertex 12.9374 -1.27422 0.6
      vertex 11.1461 -1.09779 0.6
      vertex 12.7502 -2.53617 0.6
    endloop
  endfacet
  facet normal 0 0 1
    outer loop
      vertex 10.3475 4.28605 0.6
      vertex 12.0104 4.97488 0.6
      vertex 11.465 6.12816 0.6
    endloop
  endfacet
  facet normal -0 0 1
    outer loop
      vertex 10.9848 -2.18501 0.6
      vertex 12.7502 -2.53617 0.6
      vertex 11.1461 -1.09779 0.6
    endloop
  endfacet
  facet normal 0 0 1
    outer loop
      vertex 12.7502 -2.53617 0.6
      vertex 10.9848 -2.18501 0.6
      vertex 12.4402 -3.7737 0.6
    endloop
  endfacet
  facet normal 0 0 1
    outer loop
      vertex 12.9374 1.27422 0.6
      vertex 11.1461 1.09779 0.6
      vertex 11.2 0 0.6
    endloop
  endfacet
  facet normal 0 0 1
    outer loop
      vertex 12.7502 2.53617 0.6
      vertex 10.9848 2.18501 0.6
      vertex 11.1461 1.09779 0.6
    endloop
  endfacet
  facet normal 0 0 1
    outer loop
      vertex 9.87752 5.27964 0.6
      vertex 11.465 6.12816 0.6
      vertex 10.8091 7.22241 0.6
    endloop
  endfacet
  facet normal 0 0 1
    outer loop
      vertex 12.4402 3.7737 0.6
      vertex 10.7177 3.25119 0.6
      vertex 10.9848 2.18501 0.6
    endloop
  endfacet
  facet normal 0 0 1
    outer loop
      vertex 12.0104 4.97488 0.6
      vertex 10.3475 4.28605 0.6
      vertex 10.7177 3.25119 0.6
    endloop
  endfacet
  facet normal 0 0 1
    outer loop
      vertex 9.31246 6.22239 0.6
      vertex 10.8091 7.22241 0.6
      vertex 10.0491 8.24711 0.6
    endloop
  endfacet
  facet normal 0 0 1
    outer loop
      vertex 11.465 6.12816 0.6
      vertex 9.87752 5.27964 0.6
      vertex 10.3475 4.28605 0.6
    endloop
  endfacet
  facet normal 0 0 1
    outer loop
      vertex 10.8091 7.22241 0.6
      vertex 9.31246 6.22239 0.6
      vertex 9.87752 5.27964 0.6
    endloop
  endfacet
  facet normal 0 0 1
    outer loop
      vertex 8.65772 7.1052 0.6
      vertex 10.0491 8.24711 0.6
      vertex 9.19239 9.19239 0.6
    endloop
  endfacet
  facet normal 0 0 1
    outer loop
      vertex 10.0491 8.24711 0.6
      vertex 8.65772 7.1052 0.6
      vertex 9.31246 6.22239 0.6
    endloop
  endfacet
  facet normal 0 0 1
    outer loop
      vertex 7.9196 7.9196 0.6
      vertex 9.19239 9.19239 0.6
      vertex 8.24711 10.0491 0.6
    endloop
  endfacet
  facet normal 0 0 1
    outer loop
      vertex 9.19239 9.19239 0.6
      vertex 7.9196 7.9196 0.6
      vertex 8.65772 7.1052 0.6
    endloop
  endfacet
  facet normal 0 0 1
    outer loop
      vertex 7.1052 8.65772 0.6
      vertex 8.24711 10.0491 0.6
      vertex 7.22241 10.8091 0.6
    endloop
  endfacet
  facet normal 0 0 1
    outer loop
      vertex 8.24711 10.0491 0.6
      vertex 7.1052 8.65772 0.6
      vertex 7.9196 7.9196 0.6
    endloop
  endfacet
  facet normal 0 0 1
    outer loop
      vertex 7.22241 10.8091 0.6
      vertex 6.22239 9.31246 0.6
      vertex 7.1052 8.65772 0.6
    endloop
  endfacet
  facet normal 0 0 1
    outer loop
      vertex 6.12816 11.465 0.6
      vertex 6.22239 9.31246 0.6
      vertex 7.22241 10.8091 0.6
    endloop
  endfacet
  facet normal 0 0 1
    outer loop
      vertex 6.12816 11.465 0.6
      vertex 5.27964 9.87752 0.6
      vertex 6.22239 9.31246 0.6
    endloop
  endfacet
  facet normal 0 0 1
    outer loop
      vertex 4.97488 12.0104 0.6
      vertex 5.27964 9.87752 0.6
      vertex 6.12816 11.465 0.6
    endloop
  endfacet
  facet normal 0 0 1
    outer loop
      vertex 4.97488 12.0104 0.6
      vertex 4.28605 10.3475 0.6
      vertex 5.27964 9.87752 0.6
    endloop
  endfacet
  facet normal 0 0 1
    outer loop
      vertex 3.7737 12.4402 0.6
      vertex 4.28605 10.3475 0.6
      vertex 4.97488 12.0104 0.6
    endloop
  endfacet
  facet normal 0 0 1
    outer loop
      vertex 3.7737 12.4402 0.6
      vertex 3.25119 10.7177 0.6
      vertex 4.28605 10.3475 0.6
    endloop
  endfacet
  facet normal 0 0 1
    outer loop
      vertex 2.53617 12.7502 0.6
      vertex 3.25119 10.7177 0.6
      vertex 3.7737 12.4402 0.6
    endloop
  endfacet
  facet normal 0 0 1
    outer loop
      vertex 2.53617 12.7502 0.6
      vertex 2.18501 10.9848 0.6
      vertex 3.25119 10.7177 0.6
    endloop
  endfacet
  facet normal 0 0 1
    outer loop
      vertex 1.27422 12.9374 0.6
      vertex 2.18501 10.9848 0.6
      vertex 2.53617 12.7502 0.6
    endloop
  endfacet
  facet normal 0 0 1
    outer loop
      vertex 1.27422 12.9374 0.6
      vertex 1.09779 11.1461 0.6
      vertex 2.18501 10.9848 0.6
    endloop
  endfacet
  facet normal 0 0 1
    outer loop
      vertex 0 13 0.6
      vertex 1.09779 11.1461 0.6
      vertex 1.27422 12.9374 0.6
    endloop
  endfacet
  facet normal 0 0 1
    outer loop
      vertex 0 13 0.6
      vertex 0 11.2 0.6
      vertex 1.09779 11.1461 0.6
    endloop
  endfacet
  facet normal 0 0 1
    outer loop
      vertex 0 13 0.6
      vertex -1.09779 11.1461 0.6
      vertex 0 11.2 0.6
    endloop
  endfacet
  facet normal -0 0 1
    outer loop
      vertex -1.27422 12.9374 0.6
      vertex -1.09779 11.1461 0.6
      vertex 0 13 0.6
    endloop
  endfacet
  facet normal 0 0 1
    outer loop
      vertex -1.27422 12.9374 0.6
      vertex -2.18501 10.9848 0.6
      vertex -1.09779 11.1461 0.6
    endloop
  endfacet
  facet normal -0 0 1
    outer loop
      vertex -2.53617 12.7502 0.6
      vertex -2.18501 10.9848 0.6
      vertex -1.27422 12.9374 0.6
    endloop
  endfacet
  facet normal 0 0 1
    outer loop
      vertex -2.53617 12.7502 0.6
      vertex -3.25119 10.7177 0.6
      vertex -2.18501 10.9848 0.6
    endloop
  endfacet
  facet normal -0 0 1
    outer loop
      vertex -3.7737 12.4402 0.6
      vertex -3.25119 10.7177 0.6
      vertex -2.53617 12.7502 0.6
    endloop
  endfacet
  facet normal 0 0 1
    outer loop
      vertex -3.7737 12.4402 0.6
      vertex -4.28605 10.3475 0.6
      vertex -3.25119 10.7177 0.6
    endloop
  endfacet
  facet normal -0 0 1
    outer loop
      vertex -4.97488 12.0104 0.6
      vertex -4.28605 10.3475 0.6
      vertex -3.7737 12.4402 0.6
    endloop
  endfacet
  facet normal 0 0 1
    outer loop
      vertex -4.97488 12.0104 0.6
      vertex -5.27964 9.87752 0.6
      vertex -4.28605 10.3475 0.6
    endloop
  endfacet
  facet normal -0 0 1
    outer loop
      vertex -6.12816 11.465 0.6
      vertex -5.27964 9.87752 0.6
      vertex -4.97488 12.0104 0.6
    endloop
  endfacet
  facet normal 0 0 1
    outer loop
      vertex -6.12816 11.465 0.6
      vertex -6.22239 9.31246 0.6
      vertex -5.27964 9.87752 0.6
    endloop
  endfacet
  facet normal -0 0 1
    outer loop
      vertex -7.22241 10.8091 0.6
      vertex -6.22239 9.31246 0.6
      vertex -6.12816 11.465 0.6
    endloop
  endfacet
  facet normal 0 0 1
    outer loop
      vertex -6.22239 9.31246 0.6
      vertex -7.22241 10.8091 0.6
      vertex -7.1052 8.65772 0.6
    endloop
  endfacet
  facet normal -0 0 1
    outer loop
      vertex -8.24711 10.0491 0.6
      vertex -7.1052 8.65772 0.6
      vertex -7.22241 10.8091 0.6
    endloop
  endfacet
  facet normal 0 0 1
    outer loop
      vertex -7.1052 8.65772 0.6
      vertex -8.24711 10.0491 0.6
      vertex -7.9196 7.9196 0.6
    endloop
  endfacet
  facet normal -0 0 1
    outer loop
      vertex -9.19239 9.19239 0.6
      vertex -7.9196 7.9196 0.6
      vertex -8.24711 10.0491 0.6
    endloop
  endfacet
  facet normal 0 0 1
    outer loop
      vertex -7.9196 7.9196 0.6
      vertex -9.19239 9.19239 0.6
      vertex -8.65772 7.1052 0.6
    endloop
  endfacet
  facet normal -0 0 1
    outer loop
      vertex -10.0491 8.24711 0.6
      vertex -8.65772 7.1052 0.6
      vertex -9.19239 9.19239 0.6
    endloop
  endfacet
  facet normal 0 0 1
    outer loop
      vertex -8.65772 7.1052 0.6
      vertex -10.0491 8.24711 0.6
      vertex -9.31246 6.22239 0.6
    endloop
  endfacet
  facet normal -0 0 1
    outer loop
      vertex -10.8091 7.22241 0.6
      vertex -9.31246 6.22239 0.6
      vertex -10.0491 8.24711 0.6
    endloop
  endfacet
  facet normal 0 0 1
    outer loop
      vertex -9.31246 6.22239 0.6
      vertex -10.8091 7.22241 0.6
      vertex -9.87752 5.27964 0.6
    endloop
  endfacet
  facet normal -0 0 1
    outer loop
      vertex -11.465 6.12816 0.6
      vertex -9.87752 5.27964 0.6
      vertex -10.8091 7.22241 0.6
    endloop
  endfacet
  facet normal 0 0 1
    outer loop
      vertex -9.87752 5.27964 0.6
      vertex -11.465 6.12816 0.6
      vertex -10.3475 4.28605 0.6
    endloop
  endfacet
  facet normal -0 0 1
    outer loop
      vertex -12.0104 4.97488 0.6
      vertex -10.3475 4.28605 0.6
      vertex -11.465 6.12816 0.6
    endloop
  endfacet
  facet normal 0 0 1
    outer loop
      vertex -10.3475 4.28605 0.6
      vertex -12.0104 4.97488 0.6
      vertex -10.7177 3.25119 0.6
    endloop
  endfacet
  facet normal 0 0 1
    outer loop
      vertex -10.7177 3.25119 0.6
      vertex -12.4402 3.7737 0.6
      vertex -10.9848 2.18501 0.6
    endloop
  endfacet
  facet normal -0 0 1
    outer loop
      vertex -12.4402 3.7737 0.6
      vertex -10.7177 3.25119 0.6
      vertex -12.0104 4.97488 0.6
    endloop
  endfacet
  facet normal -0 0 1
    outer loop
      vertex 10.7177 -3.25119 0.6
      vertex 12.4402 -3.7737 0.6
      vertex 10.9848 -2.18501 0.6
    endloop
  endfacet
  facet normal 0 0 1
    outer loop
      vertex 12.4402 -3.7737 0.6
      vertex 10.7177 -3.25119 0.6
      vertex 12.0104 -4.97488 0.6
    endloop
  endfacet
  facet normal -0 0 1
    outer loop
      vertex 10.3475 -4.28605 0.6
      vertex 12.0104 -4.97488 0.6
      vertex 10.7177 -3.25119 0.6
    endloop
  endfacet
  facet normal 0 0 1
    outer loop
      vertex 12.0104 -4.97488 0.6
      vertex 10.3475 -4.28605 0.6
      vertex 11.465 -6.12816 0.6
    endloop
  endfacet
  facet normal -0 0 1
    outer loop
      vertex 9.87752 -5.27964 0.6
      vertex 11.465 -6.12816 0.6
      vertex 10.3475 -4.28605 0.6
    endloop
  endfacet
  facet normal 0 0 1
    outer loop
      vertex 11.465 -6.12816 0.6
      vertex 9.87752 -5.27964 0.6
      vertex 10.8091 -7.22241 0.6
    endloop
  endfacet
  facet normal -0 0 1
    outer loop
      vertex 9.31246 -6.22239 0.6
      vertex 10.8091 -7.22241 0.6
      vertex 9.87752 -5.27964 0.6
    endloop
  endfacet
  facet normal 0 0 1
    outer loop
      vertex 10.8091 -7.22241 0.6
      vertex 9.31246 -6.22239 0.6
      vertex 10.0491 -8.24711 0.6
    endloop
  endfacet
  facet normal -0 0 1
    outer loop
      vertex 8.65772 -7.1052 0.6
      vertex 10.0491 -8.24711 0.6
      vertex 9.31246 -6.22239 0.6
    endloop
  endfacet
  facet normal 0 0 1
    outer loop
      vertex 10.0491 -8.24711 0.6
      vertex 8.65772 -7.1052 0.6
      vertex 9.19239 -9.19239 0.6
    endloop
  endfacet
  facet normal -0 0 1
    outer loop
      vertex 7.9196 -7.9196 0.6
      vertex 9.19239 -9.19239 0.6
      vertex 8.65772 -7.1052 0.6
    endloop
  endfacet
  facet normal 0 0 1
    outer loop
      vertex 9.19239 -9.19239 0.6
      vertex 7.9196 -7.9196 0.6
      vertex 8.24711 -10.0491 0.6
    endloop
  endfacet
  facet normal -0 0 1
    outer loop
      vertex 7.1052 -8.65772 0.6
      vertex 8.24711 -10.0491 0.6
      vertex 7.9196 -7.9196 0.6
    endloop
  endfacet
  facet normal 0 0 1
    outer loop
      vertex 8.24711 -10.0491 0.6
      vertex 7.1052 -8.65772 0.6
      vertex 7.22241 -10.8091 0.6
    endloop
  endfacet
  facet normal -0 0 1
    outer loop
      vertex 6.22239 -9.31246 0.6
      vertex 7.22241 -10.8091 0.6
      vertex 7.1052 -8.65772 0.6
    endloop
  endfacet
  facet normal 0 0 1
    outer loop
      vertex 6.22239 -9.31246 0.6
      vertex 6.12816 -11.465 0.6
      vertex 7.22241 -10.8091 0.6
    endloop
  endfacet
  facet normal -0 0 1
    outer loop
      vertex 5.27964 -9.87752 0.6
      vertex 6.12816 -11.465 0.6
      vertex 6.22239 -9.31246 0.6
    endloop
  endfacet
  facet normal 0 0 1
    outer loop
      vertex 5.27964 -9.87752 0.6
      vertex 4.97488 -12.0104 0.6
      vertex 6.12816 -11.465 0.6
    endloop
  endfacet
  facet normal -0 0 1
    outer loop
      vertex 4.28605 -10.3475 0.6
      vertex 4.97488 -12.0104 0.6
      vertex 5.27964 -9.87752 0.6
    endloop
  endfacet
  facet normal 0 0 1
    outer loop
      vertex 4.28605 -10.3475 0.6
      vertex 3.7737 -12.4402 0.6
      vertex 4.97488 -12.0104 0.6
    endloop
  endfacet
  facet normal -0 0 1
    outer loop
      vertex 3.25119 -10.7177 0.6
      vertex 3.7737 -12.4402 0.6
      vertex 4.28605 -10.3475 0.6
    endloop
  endfacet
  facet normal 0 0 1
    outer loop
      vertex 3.25119 -10.7177 0.6
      vertex 2.53617 -12.7502 0.6
      vertex 3.7737 -12.4402 0.6
    endloop
  endfacet
  facet normal -0 0 1
    outer loop
      vertex 2.18501 -10.9848 0.6
      vertex 2.53617 -12.7502 0.6
      vertex 3.25119 -10.7177 0.6
    endloop
  endfacet
  facet normal 0 0 1
    outer loop
      vertex 2.18501 -10.9848 0.6
      vertex 1.27422 -12.9374 0.6
      vertex 2.53617 -12.7502 0.6
    endloop
  endfacet
  facet normal -0 0 1
    outer loop
      vertex 1.09779 -11.1461 0.6
      vertex 1.27422 -12.9374 0.6
      vertex 2.18501 -10.9848 0.6
    endloop
  endfacet
  facet normal -0 0 1
    outer loop
      vertex 0 -11.2 0.6
      vertex 1.27422 -12.9374 0.6
      vertex 1.09779 -11.1461 0.6
    endloop
  endfacet
  facet normal 0 0 1
    outer loop
      vertex 0 -11.2 0.6
      vertex 0 -13 0.6
      vertex 1.27422 -12.9374 0.6
    endloop
  endfacet
  facet normal 0 0 1
    outer loop
      vertex -1.09779 -11.1461 0.6
      vertex 0 -13 0.6
      vertex 0 -11.2 0.6
    endloop
  endfacet
  facet normal 0 0 1
    outer loop
      vertex -1.09779 -11.1461 0.6
      vertex -1.27422 -12.9374 0.6
      vertex 0 -13 0.6
    endloop
  endfacet
  facet normal 0 0 1
    outer loop
      vertex -2.18501 -10.9848 0.6
      vertex -1.27422 -12.9374 0.6
      vertex -1.09779 -11.1461 0.6
    endloop
  endfacet
  facet normal 0 0 1
    outer loop
      vertex -2.18501 -10.9848 0.6
      vertex -2.53617 -12.7502 0.6
      vertex -1.27422 -12.9374 0.6
    endloop
  endfacet
  facet normal 0 0 1
    outer loop
      vertex -3.25119 -10.7177 0.6
      vertex -2.53617 -12.7502 0.6
      vertex -2.18501 -10.9848 0.6
    endloop
  endfacet
  facet normal 0 0 1
    outer loop
      vertex -3.25119 -10.7177 0.6
      vertex -3.7737 -12.4402 0.6
      vertex -2.53617 -12.7502 0.6
    endloop
  endfacet
  facet normal 0 0 1
    outer loop
      vertex -4.28605 -10.3475 0.6
      vertex -3.7737 -12.4402 0.6
      vertex -3.25119 -10.7177 0.6
    endloop
  endfacet
  facet normal 0 0 1
    outer loop
      vertex -4.28605 -10.3475 0.6
      vertex -4.97488 -12.0104 0.6
      vertex -3.7737 -12.4402 0.6
    endloop
  endfacet
  facet normal 0 0 1
    outer loop
      vertex -5.27964 -9.87752 0.6
      vertex -4.97488 -12.0104 0.6
      vertex -4.28605 -10.3475 0.6
    endloop
  endfacet
  facet normal 0 0 1
    outer loop
      vertex -5.27964 -9.87752 0.6
      vertex -6.12816 -11.465 0.6
      vertex -4.97488 -12.0104 0.6
    endloop
  endfacet
  facet normal 0 0 1
    outer loop
      vertex -6.22239 -9.31246 0.6
      vertex -6.12816 -11.465 0.6
      vertex -5.27964 -9.87752 0.6
    endloop
  endfacet
  facet normal 0 0 1
    outer loop
      vertex -7.22241 -10.8091 0.6
      vertex -6.22239 -9.31246 0.6
      vertex -7.1052 -8.65772 0.6
    endloop
  endfacet
  facet normal 0 0 1
    outer loop
      vertex -6.22239 -9.31246 0.6
      vertex -7.22241 -10.8091 0.6
      vertex -6.12816 -11.465 0.6
    endloop
  endfacet
  facet normal 0 0 1
    outer loop
      vertex -8.24711 -10.0491 0.6
      vertex -7.1052 -8.65772 0.6
      vertex -7.9196 -7.9196 0.6
    endloop
  endfacet
  facet normal 0 0 1
    outer loop
      vertex -7.1052 -8.65772 0.6
      vertex -8.24711 -10.0491 0.6
      vertex -7.22241 -10.8091 0.6
    endloop
  endfacet
  facet normal 0 0 1
    outer loop
      vertex -9.19239 -9.19239 0.6
      vertex -7.9196 -7.9196 0.6
      vertex -8.65772 -7.1052 0.6
    endloop
  endfacet
  facet normal 0 0 1
    outer loop
      vertex -7.9196 -7.9196 0.6
      vertex -9.19239 -9.19239 0.6
      vertex -8.24711 -10.0491 0.6
    endloop
  endfacet
  facet normal 0 0 1
    outer loop
      vertex -10.0491 -8.24711 0.6
      vertex -8.65772 -7.1052 0.6
      vertex -9.31246 -6.22239 0.6
    endloop
  endfacet
  facet normal 0 0 1
    outer loop
      vertex -10.8091 -7.22241 0.6
      vertex -9.31246 -6.22239 0.6
      vertex -9.87752 -5.27964 0.6
    endloop
  endfacet
  facet normal 0 0 1
    outer loop
      vertex -8.65772 -7.1052 0.6
      vertex -10.0491 -8.24711 0.6
      vertex -9.19239 -9.19239 0.6
    endloop
  endfacet
  facet normal 0 0 1
    outer loop
      vertex -11.465 -6.12816 0.6
      vertex -9.87752 -5.27964 0.6
      vertex -10.3475 -4.28605 0.6
    endloop
  endfacet
  facet normal 0 0 1
    outer loop
      vertex -12.0104 -4.97488 0.6
      vertex -10.3475 -4.28605 0.6
      vertex -10.7177 -3.25119 0.6
    endloop
  endfacet
  facet normal 0 0 1
    outer loop
      vertex -9.31246 -6.22239 0.6
      vertex -10.8091 -7.22241 0.6
      vertex -10.0491 -8.24711 0.6
    endloop
  endfacet
  facet normal 0 0 1
    outer loop
      vertex -12.4402 -3.7737 0.6
      vertex -10.7177 -3.25119 0.6
      vertex -10.9848 -2.18501 0.6
    endloop
  endfacet
  facet normal 0 0 1
    outer loop
      vertex -12.7502 -2.53617 0.6
      vertex -10.9848 -2.18501 0.6
      vertex -11.1461 -1.09779 0.6
    endloop
  endfacet
  facet normal 0 0 1
    outer loop
      vertex -9.87752 -5.27964 0.6
      vertex -11.465 -6.12816 0.6
      vertex -10.8091 -7.22241 0.6
    endloop
  endfacet
  facet normal 0 0 1
    outer loop
      vertex -12.9374 -1.27422 0.6
      vertex -11.1461 -1.09779 0.6
      vertex -11.2 0 0.6
    endloop
  endfacet
  facet normal -0 0 1
    outer loop
      vertex -12.7502 2.53617 0.6
      vertex -10.9848 2.18501 0.6
      vertex -12.4402 3.7737 0.6
    endloop
  endfacet
  facet normal 0 0 1
    outer loop
      vertex -10.9848 2.18501 0.6
      vertex -12.7502 2.53617 0.6
      vertex -11.1461 1.09779 0.6
    endloop
  endfacet
  facet normal 0 0 1
    outer loop
      vertex -10.3475 -4.28605 0.6
      vertex -12.0104 -4.97488 0.6
      vertex -11.465 -6.12816 0.6
    endloop
  endfacet
  facet normal -0 0 1
    outer loop
      vertex -12.9374 1.27422 0.6
      vertex -11.1461 1.09779 0.6
      vertex -12.7502 2.53617 0.6
    endloop
  endfacet
  facet normal 0 0 1
    outer loop
      vertex -10.7177 -3.25119 0.6
      vertex -12.4402 -3.7737 0.6
      vertex -12.0104 -4.97488 0.6
    endloop
  endfacet
  facet normal 0 0 1
    outer loop
      vertex -11.1461 1.09779 0.6
      vertex -12.9374 1.27422 0.6
      vertex -11.2 0 0.6
    endloop
  endfacet
  facet normal 0 0 1
    outer loop
      vertex -10.9848 -2.18501 0.6
      vertex -12.7502 -2.53617 0.6
      vertex -12.4402 -3.7737 0.6
    endloop
  endfacet
  facet normal 0 0 1
    outer loop
      vertex -13 0 0.6
      vertex -11.2 0 0.6
      vertex -12.9374 1.27422 0.6
    endloop
  endfacet
  facet normal 0 0 1
    outer loop
      vertex -11.1461 -1.09779 0.6
      vertex -12.9374 -1.27422 0.6
      vertex -12.7502 -2.53617 0.6
    endloop
  endfacet
  facet normal 0 0 1
    outer loop
      vertex -11.2 0 0.6
      vertex -13 0 0.6
      vertex -12.9374 -1.27422 0.6
    endloop
  endfacet
  facet normal 0 0 -1
    outer loop
      vertex 11.2 0 3.4
      vertex 13 0 3.4
      vertex 12.9374 -1.27422 3.4
    endloop
  endfacet
  facet normal 0 0 -1
    outer loop
      vertex 11.1461 -1.09779 3.4
      vertex 12.9374 -1.27422 3.4
      vertex 12.7502 -2.53617 3.4
    endloop
  endfacet
  facet normal 0 0 -1
    outer loop
      vertex 13 0 3.4
      vertex 11.2 0 3.4
      vertex 12.9374 1.27422 3.4
    endloop
  endfacet
  facet normal 0 0 -1
    outer loop
      vertex 10.9848 -2.18501 3.4
      vertex 12.7502 -2.53617 3.4
      vertex 12.4402 -3.7737 3.4
    endloop
  endfacet
  facet normal 0 0 -1
    outer loop
      vertex 11.1461 1.09779 3.4
      vertex 12.9374 1.27422 3.4
      vertex 11.2 0 3.4
    endloop
  endfacet
  facet normal 0 0 -1
    outer loop
      vertex 10.7177 -3.25119 3.4
      vertex 12.4402 -3.7737 3.4
      vertex 12.0104 -4.97488 3.4
    endloop
  endfacet
  facet normal -0 0 -1
    outer loop
      vertex 12.9374 1.27422 3.4
      vertex 11.1461 1.09779 3.4
      vertex 12.7502 2.53617 3.4
    endloop
  endfacet
  facet normal 0 0 -1
    outer loop
      vertex 10.3475 -4.28605 3.4
      vertex 12.0104 -4.97488 3.4
      vertex 11.465 -6.12816 3.4
    endloop
  endfacet
  facet normal 0 0 -1
    outer loop
      vertex 10.9848 2.18501 3.4
      vertex 12.7502 2.53617 3.4
      vertex 11.1461 1.09779 3.4
    endloop
  endfacet
  facet normal -0 0 -1
    outer loop
      vertex 12.7502 2.53617 3.4
      vertex 10.9848 2.18501 3.4
      vertex 12.4402 3.7737 3.4
    endloop
  endfacet
  facet normal 0 0 -1
    outer loop
      vertex 12.9374 -1.27422 3.4
      vertex 11.1461 -1.09779 3.4
      vertex 11.2 0 3.4
    endloop
  endfacet
  facet normal 0 0 -1
    outer loop
      vertex 12.7502 -2.53617 3.4
      vertex 10.9848 -2.18501 3.4
      vertex 11.1461 -1.09779 3.4
    endloop
  endfacet
  facet normal 0 0 -1
    outer loop
      vertex 9.87752 -5.27964 3.4
      vertex 11.465 -6.12816 3.4
      vertex 10.8091 -7.22241 3.4
    endloop
  endfacet
  facet normal 0 0 -1
    outer loop
      vertex 12.4402 -3.7737 3.4
      vertex 10.7177 -3.25119 3.4
      vertex 10.9848 -2.18501 3.4
    endloop
  endfacet
  facet normal 0 0 -1
    outer loop
      vertex 12.0104 -4.97488 3.4
      vertex 10.3475 -4.28605 3.4
      vertex 10.7177 -3.25119 3.4
    endloop
  endfacet
  facet normal 0 0 -1
    outer loop
      vertex 9.31246 -6.22239 3.4
      vertex 10.8091 -7.22241 3.4
      vertex 10.0491 -8.24711 3.4
    endloop
  endfacet
  facet normal 0 0 -1
    outer loop
      vertex 11.465 -6.12816 3.4
      vertex 9.87752 -5.27964 3.4
      vertex 10.3475 -4.28605 3.4
    endloop
  endfacet
  facet normal 0 0 -1
    outer loop
      vertex 10.8091 -7.22241 3.4
      vertex 9.31246 -6.22239 3.4
      vertex 9.87752 -5.27964 3.4
    endloop
  endfacet
  facet normal 0 0 -1
    outer loop
      vertex 8.65772 -7.1052 3.4
      vertex 10.0491 -8.24711 3.4
      vertex 9.19239 -9.19239 3.4
    endloop
  endfacet
  facet normal 0 0 -1
    outer loop
      vertex 10.0491 -8.24711 3.4
      vertex 8.65772 -7.1052 3.4
      vertex 9.31246 -6.22239 3.4
    endloop
  endfacet
  facet normal 0 0 -1
    outer loop
      vertex 7.9196 -7.9196 3.4
      vertex 9.19239 -9.19239 3.4
      vertex 8.24711 -10.0491 3.4
    endloop
  endfacet
  facet normal 0 0 -1
    outer loop
      vertex 9.19239 -9.19239 3.4
      vertex 7.9196 -7.9196 3.4
      vertex 8.65772 -7.1052 3.4
    endloop
  endfacet
  facet normal 0 0 -1
    outer loop
      vertex 7.1052 -8.65772 3.4
      vertex 8.24711 -10.0491 3.4
      vertex 7.22241 -10.8091 3.4
    endloop
  endfacet
  facet normal 0 0 -1
    outer loop
      vertex 8.24711 -10.0491 3.4
      vertex 7.1052 -8.65772 3.4
      vertex 7.9196 -7.9196 3.4
    endloop
  endfacet
  facet normal 0 0 -1
    outer loop
      vertex 7.22241 -10.8091 3.4
      vertex 6.22239 -9.31246 3.4
      vertex 7.1052 -8.65772 3.4
    endloop
  endfacet
  facet normal 0 0 -1
    outer loop
      vertex 6.12816 -11.465 3.4
      vertex 6.22239 -9.31246 3.4
      vertex 7.22241 -10.8091 3.4
    endloop
  endfacet
  facet normal 0 0 -1
    outer loop
      vertex 6.12816 -11.465 3.4
      vertex 5.27964 -9.87752 3.4
      vertex 6.22239 -9.31246 3.4
    endloop
  endfacet
  facet normal 0 0 -1
    outer loop
      vertex 4.97488 -12.0104 3.4
      vertex 5.27964 -9.87752 3.4
      vertex 6.12816 -11.465 3.4
    endloop
  endfacet
  facet normal 0 0 -1
    outer loop
      vertex 4.97488 -12.0104 3.4
      vertex 4.28605 -10.3475 3.4
      vertex 5.27964 -9.87752 3.4
    endloop
  endfacet
  facet normal 0 0 -1
    outer loop
      vertex 3.7737 -12.4402 3.4
      vertex 4.28605 -10.3475 3.4
      vertex 4.97488 -12.0104 3.4
    endloop
  endfacet
  facet normal 0 0 -1
    outer loop
      vertex 3.7737 -12.4402 3.4
      vertex 3.25119 -10.7177 3.4
      vertex 4.28605 -10.3475 3.4
    endloop
  endfacet
  facet normal 0 0 -1
    outer loop
      vertex 2.53617 -12.7502 3.4
      vertex 3.25119 -10.7177 3.4
      vertex 3.7737 -12.4402 3.4
    endloop
  endfacet
  facet normal 0 0 -1
    outer loop
      vertex 2.53617 -12.7502 3.4
      vertex 2.18501 -10.9848 3.4
      vertex 3.25119 -10.7177 3.4
    endloop
  endfacet
  facet normal 0 0 -1
    outer loop
      vertex 1.27422 -12.9374 3.4
      vertex 2.18501 -10.9848 3.4
      vertex 2.53617 -12.7502 3.4
    endloop
  endfacet
  facet normal 0 0 -1
    outer loop
      vertex 1.27422 -12.9374 3.4
      vertex 1.09779 -11.1461 3.4
      vertex 2.18501 -10.9848 3.4
    endloop
  endfacet
  facet normal 0 0 -1
    outer loop
      vertex 0 -13 3.4
      vertex 1.09779 -11.1461 3.4
      vertex 1.27422 -12.9374 3.4
    endloop
  endfacet
  facet normal 0 0 -1
    outer loop
      vertex 0 -13 3.4
      vertex 0 -11.2 3.4
      vertex 1.09779 -11.1461 3.4
    endloop
  endfacet
  facet normal 0 0 -1
    outer loop
      vertex 0 -13 3.4
      vertex -1.09779 -11.1461 3.4
      vertex 0 -11.2 3.4
    endloop
  endfacet
  facet normal 0 0 -1
    outer loop
      vertex -1.27422 -12.9374 3.4
      vertex -1.09779 -11.1461 3.4
      vertex 0 -13 3.4
    endloop
  endfacet
  facet normal 0 0 -1
    outer loop
      vertex -1.27422 -12.9374 3.4
      vertex -2.18501 -10.9848 3.4
      vertex -1.09779 -11.1461 3.4
    endloop
  endfacet
  facet normal 0 0 -1
    outer loop
      vertex -2.53617 -12.7502 3.4
      vertex -2.18501 -10.9848 3.4
      vertex -1.27422 -12.9374 3.4
    endloop
  endfacet
  facet normal 0 0 -1
    outer loop
      vertex -2.53617 -12.7502 3.4
      vertex -3.25119 -10.7177 3.4
      vertex -2.18501 -10.9848 3.4
    endloop
  endfacet
  facet normal 0 0 -1
    outer loop
      vertex -3.7737 -12.4402 3.4
      vertex -3.25119 -10.7177 3.4
      vertex -2.53617 -12.7502 3.4
    endloop
  endfacet
  facet normal 0 0 -1
    outer loop
      vertex -3.7737 -12.4402 3.4
      vertex -4.28605 -10.3475 3.4
      vertex -3.25119 -10.7177 3.4
    endloop
  endfacet
  facet normal 0 0 -1
    outer loop
      vertex -4.97488 -12.0104 3.4
      vertex -4.28605 -10.3475 3.4
      vertex -3.7737 -12.4402 3.4
    endloop
  endfacet
  facet normal 0 0 -1
    outer loop
      vertex -4.97488 -12.0104 3.4
      vertex -5.27964 -9.87752 3.4
      vertex -4.28605 -10.3475 3.4
    endloop
  endfacet
  facet normal 0 0 -1
    outer loop
      vertex -6.12816 -11.465 3.4
      vertex -5.27964 -9.87752 3.4
      vertex -4.97488 -12.0104 3.4
    endloop
  endfacet
  facet normal 0 0 -1
    outer loop
      vertex -6.12816 -11.465 3.4
      vertex -6.22239 -9.31246 3.4
      vertex -5.27964 -9.87752 3.4
    endloop
  endfacet
  facet normal 0 0 -1
    outer loop
      vertex -7.22241 -10.8091 3.4
      vertex -6.22239 -9.31246 3.4
      vertex -6.12816 -11.465 3.4
    endloop
  endfacet
  facet normal -0 0 -1
    outer loop
      vertex -6.22239 -9.31246 3.4
      vertex -7.22241 -10.8091 3.4
      vertex -7.1052 -8.65772 3.4
    endloop
  endfacet
  facet normal 0 0 -1
    outer loop
      vertex -8.24711 -10.0491 3.4
      vertex -7.1052 -8.65772 3.4
      vertex -7.22241 -10.8091 3.4
    endloop
  endfacet
  facet normal -0 0 -1
    outer loop
      vertex -7.1052 -8.65772 3.4
      vertex -8.24711 -10.0491 3.4
      vertex -7.9196 -7.9196 3.4
    endloop
  endfacet
  facet normal 0 0 -1
    outer loop
      vertex -9.19239 -9.19239 3.4
      vertex -7.9196 -7.9196 3.4
      vertex -8.24711 -10.0491 3.4
    endloop
  endfacet
  facet normal -0 0 -1
    outer loop
      vertex -7.9196 -7.9196 3.4
      vertex -9.19239 -9.19239 3.4
      vertex -8.65772 -7.1052 3.4
    endloop
  endfacet
  facet normal 0 0 -1
    outer loop
      vertex -10.0491 -8.24711 3.4
      vertex -8.65772 -7.1052 3.4
      vertex -9.19239 -9.19239 3.4
    endloop
  endfacet
  facet normal -0 0 -1
    outer loop
      vertex -8.65772 -7.1052 3.4
      vertex -10.0491 -8.24711 3.4
      vertex -9.31246 -6.22239 3.4
    endloop
  endfacet
  facet normal 0 0 -1
    outer loop
      vertex -10.8091 -7.22241 3.4
      vertex -9.31246 -6.22239 3.4
      vertex -10.0491 -8.24711 3.4
    endloop
  endfacet
  facet normal -0 0 -1
    outer loop
      vertex -9.31246 -6.22239 3.4
      vertex -10.8091 -7.22241 3.4
      vertex -9.87752 -5.27964 3.4
    endloop
  endfacet
  facet normal 0 0 -1
    outer loop
      vertex -11.465 -6.12816 3.4
      vertex -9.87752 -5.27964 3.4
      vertex -10.8091 -7.22241 3.4
    endloop
  endfacet
  facet normal -0 0 -1
    outer loop
      vertex -9.87752 -5.27964 3.4
      vertex -11.465 -6.12816 3.4
      vertex -10.3475 -4.28605 3.4
    endloop
  endfacet
  facet normal 0 0 -1
    outer loop
      vertex -12.0104 -4.97488 3.4
      vertex -10.3475 -4.28605 3.4
      vertex -11.465 -6.12816 3.4
    endloop
  endfacet
  facet normal -0 0 -1
    outer loop
      vertex -10.3475 -4.28605 3.4
      vertex -12.0104 -4.97488 3.4
      vertex -10.7177 -3.25119 3.4
    endloop
  endfacet
  facet normal -0 0 -1
    outer loop
      vertex -10.7177 -3.25119 3.4
      vertex -12.4402 -3.7737 3.4
      vertex -10.9848 -2.18501 3.4
    endloop
  endfacet
  facet normal 0 0 -1
    outer loop
      vertex -12.4402 -3.7737 3.4
      vertex -10.7177 -3.25119 3.4
      vertex -12.0104 -4.97488 3.4
    endloop
  endfacet
  facet normal 0 0 -1
    outer loop
      vertex 10.7177 3.25119 3.4
      vertex 12.4402 3.7737 3.4
      vertex 10.9848 2.18501 3.4
    endloop
  endfacet
  facet normal -0 0 -1
    outer loop
      vertex 12.4402 3.7737 3.4
      vertex 10.7177 3.25119 3.4
      vertex 12.0104 4.97488 3.4
    endloop
  endfacet
  facet normal 0 0 -1
    outer loop
      vertex 10.3475 4.28605 3.4
      vertex 12.0104 4.97488 3.4
      vertex 10.7177 3.25119 3.4
    endloop
  endfacet
  facet normal -0 0 -1
    outer loop
      vertex 12.0104 4.97488 3.4
      vertex 10.3475 4.28605 3.4
      vertex 11.465 6.12816 3.4
    endloop
  endfacet
  facet normal 0 0 -1
    outer loop
      vertex 9.87752 5.27964 3.4
      vertex 11.465 6.12816 3.4
      vertex 10.3475 4.28605 3.4
    endloop
  endfacet
  facet normal -0 0 -1
    outer loop
      vertex 11.465 6.12816 3.4
      vertex 9.87752 5.27964 3.4
      vertex 10.8091 7.22241 3.4
    endloop
  endfacet
  facet normal 0 0 -1
    outer loop
      vertex 9.31246 6.22239 3.4
      vertex 10.8091 7.22241 3.4
      vertex 9.87752 5.27964 3.4
    endloop
  endfacet
  facet normal -0 0 -1
    outer loop
      vertex 10.8091 7.22241 3.4
      vertex 9.31246 6.22239 3.4
      vertex 10.0491 8.24711 3.4
    endloop
  endfacet
  facet normal 0 0 -1
    outer loop
      vertex 8.65772 7.1052 3.4
      vertex 10.0491 8.24711 3.4
      vertex 9.31246 6.22239 3.4
    endloop
  endfacet
  facet normal -0 0 -1
    outer loop
      vertex 10.0491 8.24711 3.4
      vertex 8.65772 7.1052 3.4
      vertex 9.19239 9.19239 3.4
    endloop
  endfacet
  facet normal 0 0 -1
    outer loop
      vertex 7.9196 7.9196 3.4
      vertex 9.19239 9.19239 3.4
      vertex 8.65772 7.1052 3.4
    endloop
  endfacet
  facet normal -0 0 -1
    outer loop
      vertex 9.19239 9.19239 3.4
      vertex 7.9196 7.9196 3.4
      vertex 8.24711 10.0491 3.4
    endloop
  endfacet
  facet normal 0 0 -1
    outer loop
      vertex 7.1052 8.65772 3.4
      vertex 8.24711 10.0491 3.4
      vertex 7.9196 7.9196 3.4
    endloop
  endfacet
  facet normal -0 0 -1
    outer loop
      vertex 8.24711 10.0491 3.4
      vertex 7.1052 8.65772 3.4
      vertex 7.22241 10.8091 3.4
    endloop
  endfacet
  facet normal 0 0 -1
    outer loop
      vertex 6.22239 9.31246 3.4
      vertex 7.22241 10.8091 3.4
      vertex 7.1052 8.65772 3.4
    endloop
  endfacet
  facet normal 0 0 -1
    outer loop
      vertex 6.22239 9.31246 3.4
      vertex 6.12816 11.465 3.4
      vertex 7.22241 10.8091 3.4
    endloop
  endfacet
  facet normal 0 0 -1
    outer loop
      vertex 5.27964 9.87752 3.4
      vertex 6.12816 11.465 3.4
      vertex 6.22239 9.31246 3.4
    endloop
  endfacet
  facet normal 0 0 -1
    outer loop
      vertex 5.27964 9.87752 3.4
      vertex 4.97488 12.0104 3.4
      vertex 6.12816 11.465 3.4
    endloop
  endfacet
  facet normal 0 0 -1
    outer loop
      vertex 4.28605 10.3475 3.4
      vertex 4.97488 12.0104 3.4
      vertex 5.27964 9.87752 3.4
    endloop
  endfacet
  facet normal 0 0 -1
    outer loop
      vertex 4.28605 10.3475 3.4
      vertex 3.7737 12.4402 3.4
      vertex 4.97488 12.0104 3.4
    endloop
  endfacet
  facet normal 0 0 -1
    outer loop
      vertex 3.25119 10.7177 3.4
      vertex 3.7737 12.4402 3.4
      vertex 4.28605 10.3475 3.4
    endloop
  endfacet
  facet normal 0 0 -1
    outer loop
      vertex 3.25119 10.7177 3.4
      vertex 2.53617 12.7502 3.4
      vertex 3.7737 12.4402 3.4
    endloop
  endfacet
  facet normal 0 0 -1
    outer loop
      vertex 2.18501 10.9848 3.4
      vertex 2.53617 12.7502 3.4
      vertex 3.25119 10.7177 3.4
    endloop
  endfacet
  facet normal 0 0 -1
    outer loop
      vertex 2.18501 10.9848 3.4
      vertex 1.27422 12.9374 3.4
      vertex 2.53617 12.7502 3.4
    endloop
  endfacet
  facet normal 0 0 -1
    outer loop
      vertex 1.09779 11.1461 3.4
      vertex 1.27422 12.9374 3.4
      vertex 2.18501 10.9848 3.4
    endloop
  endfacet
  facet normal 0 0 -1
    outer loop
      vertex 0 11.2 3.4
      vertex 1.27422 12.9374 3.4
      vertex 1.09779 11.1461 3.4
    endloop
  endfacet
  facet normal 0 0 -1
    outer loop
      vertex 0 11.2 3.4
      vertex 0 13 3.4
      vertex 1.27422 12.9374 3.4
    endloop
  endfacet
  facet normal 0 0 -1
    outer loop
      vertex -1.09779 11.1461 3.4
      vertex 0 13 3.4
      vertex 0 11.2 3.4
    endloop
  endfacet
  facet normal 0 0 -1
    outer loop
      vertex -1.09779 11.1461 3.4
      vertex -1.27422 12.9374 3.4
      vertex 0 13 3.4
    endloop
  endfacet
  facet normal 0 0 -1
    outer loop
      vertex -2.18501 10.9848 3.4
      vertex -1.27422 12.9374 3.4
      vertex -1.09779 11.1461 3.4
    endloop
  endfacet
  facet normal 0 0 -1
    outer loop
      vertex -2.18501 10.9848 3.4
      vertex -2.53617 12.7502 3.4
      vertex -1.27422 12.9374 3.4
    endloop
  endfacet
  facet normal 0 0 -1
    outer loop
      vertex -3.25119 10.7177 3.4
      vertex -2.53617 12.7502 3.4
      vertex -2.18501 10.9848 3.4
    endloop
  endfacet
  facet normal 0 0 -1
    outer loop
      vertex -3.25119 10.7177 3.4
      vertex -3.7737 12.4402 3.4
      vertex -2.53617 12.7502 3.4
    endloop
  endfacet
  facet normal 0 0 -1
    outer loop
      vertex -4.28605 10.3475 3.4
      vertex -3.7737 12.4402 3.4
      vertex -3.25119 10.7177 3.4
    endloop
  endfacet
  facet normal 0 0 -1
    outer loop
      vertex -4.28605 10.3475 3.4
      vertex -4.97488 12.0104 3.4
      vertex -3.7737 12.4402 3.4
    endloop
  endfacet
  facet normal 0 0 -1
    outer loop
      vertex -5.27964 9.87752 3.4
      vertex -4.97488 12.0104 3.4
      vertex -4.28605 10.3475 3.4
    endloop
  endfacet
  facet normal 0 0 -1
    outer loop
      vertex -5.27964 9.87752 3.4
      vertex -6.12816 11.465 3.4
      vertex -4.97488 12.0104 3.4
    endloop
  endfacet
  facet normal 0 0 -1
    outer loop
      vertex -6.22239 9.31246 3.4
      vertex -6.12816 11.465 3.4
      vertex -5.27964 9.87752 3.4
    endloop
  endfacet
  facet normal 0 0 -1
    outer loop
      vertex -7.22241 10.8091 3.4
      vertex -6.22239 9.31246 3.4
      vertex -7.1052 8.65772 3.4
    endloop
  endfacet
  facet normal 0 0 -1
    outer loop
      vertex -6.22239 9.31246 3.4
      vertex -7.22241 10.8091 3.4
      vertex -6.12816 11.465 3.4
    endloop
  endfacet
  facet normal 0 0 -1
    outer loop
      vertex -8.24711 10.0491 3.4
      vertex -7.1052 8.65772 3.4
      vertex -7.9196 7.9196 3.4
    endloop
  endfacet
  facet normal 0 0 -1
    outer loop
      vertex -7.1052 8.65772 3.4
      vertex -8.24711 10.0491 3.4
      vertex -7.22241 10.8091 3.4
    endloop
  endfacet
  facet normal 0 0 -1
    outer loop
      vertex -9.19239 9.19239 3.4
      vertex -7.9196 7.9196 3.4
      vertex -8.65772 7.1052 3.4
    endloop
  endfacet
  facet normal 0 0 -1
    outer loop
      vertex -7.9196 7.9196 3.4
      vertex -9.19239 9.19239 3.4
      vertex -8.24711 10.0491 3.4
    endloop
  endfacet
  facet normal 0 0 -1
    outer loop
      vertex -10.0491 8.24711 3.4
      vertex -8.65772 7.1052 3.4
      vertex -9.31246 6.22239 3.4
    endloop
  endfacet
  facet normal 0 0 -1
    outer loop
      vertex -10.8091 7.22241 3.4
      vertex -9.31246 6.22239 3.4
      vertex -9.87752 5.27964 3.4
    endloop
  endfacet
  facet normal 0 0 -1
    outer loop
      vertex -8.65772 7.1052 3.4
      vertex -10.0491 8.24711 3.4
      vertex -9.19239 9.19239 3.4
    endloop
  endfacet
  facet normal 0 0 -1
    outer loop
      vertex -11.465 6.12816 3.4
      vertex -9.87752 5.27964 3.4
      vertex -10.3475 4.28605 3.4
    endloop
  endfacet
  facet normal 0 0 -1
    outer loop
      vertex -12.0104 4.97488 3.4
      vertex -10.3475 4.28605 3.4
      vertex -10.7177 3.25119 3.4
    endloop
  endfacet
  facet normal 0 0 -1
    outer loop
      vertex -9.31246 6.22239 3.4
      vertex -10.8091 7.22241 3.4
      vertex -10.0491 8.24711 3.4
    endloop
  endfacet
  facet normal 0 0 -1
    outer loop
      vertex -12.4402 3.7737 3.4
      vertex -10.7177 3.25119 3.4
      vertex -10.9848 2.18501 3.4
    endloop
  endfacet
  facet normal 0 0 -1
    outer loop
      vertex -12.7502 2.53617 3.4
      vertex -10.9848 2.18501 3.4
      vertex -11.1461 1.09779 3.4
    endloop
  endfacet
  facet normal 0 0 -1
    outer loop
      vertex -9.87752 5.27964 3.4
      vertex -11.465 6.12816 3.4
      vertex -10.8091 7.22241 3.4
    endloop
  endfacet
  facet normal 0 0 -1
    outer loop
      vertex -12.9374 1.27422 3.4
      vertex -11.1461 1.09779 3.4
      vertex -11.2 0 3.4
    endloop
  endfacet
  facet normal 0 0 -1
    outer loop
      vertex -12.7502 -2.53617 3.4
      vertex -10.9848 -2.18501 3.4
      vertex -12.4402 -3.7737 3.4
    endloop
  endfacet
  facet normal -0 0 -1
    outer loop
      vertex -10.9848 -2.18501 3.4
      vertex -12.7502 -2.53617 3.4
      vertex -11.1461 -1.09779 3.4
    endloop
  endfacet
  facet normal 0 0 -1
    outer loop
      vertex -10.3475 4.28605 3.4
      vertex -12.0104 4.97488 3.4
      vertex -11.465 6.12816 3.4
    endloop
  endfacet
  facet normal 0 0 -1
    outer loop
      vertex -12.9374 -1.27422 3.4
      vertex -11.1461 -1.09779 3.4
      vertex -12.7502 -2.53617 3.4
    endloop
  endfacet
  facet normal 0 0 -1
    outer loop
      vertex -10.7177 3.25119 3.4
      vertex -12.4402 3.7737 3.4
      vertex -12.0104 4.97488 3.4
    endloop
  endfacet
  facet normal -0 0 -1
    outer loop
      vertex -11.1461 -1.09779 3.4
      vertex -12.9374 -1.27422 3.4
      vertex -11.2 0 3.4
    endloop
  endfacet
  facet normal 0 0 -1
    outer loop
      vertex -10.9848 2.18501 3.4
      vertex -12.7502 2.53617 3.4
      vertex -12.4402 3.7737 3.4
    endloop
  endfacet
  facet normal 0 0 -1
    outer loop
      vertex -13 0 3.4
      vertex -11.2 0 3.4
      vertex -12.9374 -1.27422 3.4
    endloop
  endfacet
  facet normal 0 0 -1
    outer loop
      vertex -11.1461 1.09779 3.4
      vertex -12.9374 1.27422 3.4
      vertex -12.7502 2.53617 3.4
    endloop
  endfacet
  facet normal 0 0 -1
    outer loop
      vertex -11.2 0 3.4
      vertex -13 0 3.4
      vertex -12.9374 1.27422 3.4
    endloop
  endfacet
  facet normal -0.740955 0.671554 0
    outer loop
      vertex -8.65772 7.1052 0.6
      vertex -7.9196 7.9196 3.4
      vertex -7.9196 7.9196 0.6
    endloop
  endfacet
  facet normal -0.740955 0.671554 0
    outer loop
      vertex -7.9196 7.9196 3.4
      vertex -8.65772 7.1052 0.6
      vertex -8.65772 7.1052 3.4
    endloop
  endfacet
  facet normal -0.903973 -0.42759 0
    outer loop
      vertex -9.87752 -5.27964 0.6
      vertex -10.3475 -4.28605 3.4
      vertex -10.3475 -4.28605 0.6
    endloop
  endfacet
  facet normal -0.903973 -0.42759 0
    outer loop
      vertex -10.3475 -4.28605 3.4
      vertex -9.87752 -5.27964 0.6
      vertex -9.87752 -5.27964 3.4
    endloop
  endfacet
  facet normal 0.989173 0.146754 0
    outer loop
      vertex 11.1461 1.09779 3.4
      vertex 10.9848 2.18501 0.6
      vertex 10.9848 2.18501 3.4
    endloop
  endfacet
  facet normal 0.989173 0.146754 0
    outer loop
      vertex 10.9848 2.18501 0.6
      vertex 11.1461 1.09779 3.4
      vertex 11.1461 1.09779 0.6
    endloop
  endfacet
  facet normal 0.998797 0.0490396 0
    outer loop
      vertex 11.2 0 3.4
      vertex 11.1461 1.09779 0.6
      vertex 11.1461 1.09779 3.4
    endloop
  endfacet
  facet normal 0.998797 0.0490396 0
    outer loop
      vertex 11.1461 1.09779 0.6
      vertex 11.2 0 3.4
      vertex 11.2 0 0.6
    endloop
  endfacet
  facet normal 0.970024 0.243011 0
    outer loop
      vertex 10.9848 2.18501 3.4
      vertex 10.7177 3.25119 0.6
      vertex 10.7177 3.25119 3.4
    endloop
  endfacet
  facet normal 0.970024 0.243011 0
    outer loop
      vertex 10.7177 3.25119 0.6
      vertex 10.9848 2.18501 3.4
      vertex 10.9848 2.18501 0.6
    endloop
  endfacet
  facet normal 0.336826 -0.941567 0
    outer loop
      vertex 3.25119 -10.7177 0.6
      vertex 4.28605 -10.3475 3.4
      vertex 3.25119 -10.7177 3.4
    endloop
  endfacet
  facet normal 0.336826 -0.941567 0
    outer loop
      vertex 4.28605 -10.3475 3.4
      vertex 3.25119 -10.7177 0.6
      vertex 4.28605 -10.3475 0.6
    endloop
  endfacet
  facet normal -0.514101 0.85773 0
    outer loop
      vertex -5.27964 9.87752 0.6
      vertex -6.22239 9.31246 3.4
      vertex -5.27964 9.87752 3.4
    endloop
  endfacet
  facet normal -0.514101 0.85773 0
    outer loop
      vertex -6.22239 9.31246 3.4
      vertex -5.27964 9.87752 0.6
      vertex -6.22239 9.31246 0.6
    endloop
  endfacet
  facet normal -0.42759 0.903973 0
    outer loop
      vertex -4.28605 10.3475 0.6
      vertex -5.27964 9.87752 3.4
      vertex -4.28605 10.3475 3.4
    endloop
  endfacet
  facet normal -0.42759 0.903973 0
    outer loop
      vertex -5.27964 9.87752 3.4
      vertex -4.28605 10.3475 0.6
      vertex -5.27964 9.87752 0.6
    endloop
  endfacet
  facet normal 0.42759 -0.903973 0
    outer loop
      vertex 4.28605 -10.3475 0.6
      vertex 5.27964 -9.87752 3.4
      vertex 4.28605 -10.3475 3.4
    endloop
  endfacet
  facet normal 0.42759 -0.903973 0
    outer loop
      vertex 5.27964 -9.87752 3.4
      vertex 4.28605 -10.3475 0.6
      vertex 5.27964 -9.87752 0.6
    endloop
  endfacet
  facet normal 0.146754 -0.989173 0
    outer loop
      vertex 1.09779 -11.1461 0.6
      vertex 2.18501 -10.9848 3.4
      vertex 1.09779 -11.1461 3.4
    endloop
  endfacet
  facet normal 0.146754 -0.989173 0
    outer loop
      vertex 2.18501 -10.9848 3.4
      vertex 1.09779 -11.1461 0.6
      vertex 2.18501 -10.9848 0.6
    endloop
  endfacet
  facet normal 0.740955 0.671554 0
    outer loop
      vertex 8.65772 7.1052 3.4
      vertex 7.9196 7.9196 0.6
      vertex 7.9196 7.9196 3.4
    endloop
  endfacet
  facet normal 0.740955 0.671554 0
    outer loop
      vertex 7.9196 7.9196 0.6
      vertex 8.65772 7.1052 3.4
      vertex 8.65772 7.1052 0.6
    endloop
  endfacet
  facet normal 0.42759 0.903973 -0
    outer loop
      vertex 5.27964 9.87752 0.6
      vertex 4.28605 10.3475 3.4
      vertex 5.27964 9.87752 3.4
    endloop
  endfacet
  facet normal 0.42759 0.903973 0
    outer loop
      vertex 4.28605 10.3475 3.4
      vertex 5.27964 9.87752 0.6
      vertex 4.28605 10.3475 0.6
    endloop
  endfacet
  facet normal 0.146754 0.989173 -0
    outer loop
      vertex 2.18501 10.9848 0.6
      vertex 1.09779 11.1461 3.4
      vertex 2.18501 10.9848 3.4
    endloop
  endfacet
  facet normal 0.146754 0.989173 0
    outer loop
      vertex 1.09779 11.1461 3.4
      vertex 2.18501 10.9848 0.6
      vertex 1.09779 11.1461 0.6
    endloop
  endfacet
  facet normal -0.970024 -0.243011 0
    outer loop
      vertex -10.7177 -3.25119 0.6
      vertex -10.9848 -2.18501 3.4
      vertex -10.9848 -2.18501 0.6
    endloop
  endfacet
  facet normal -0.970024 -0.243011 0
    outer loop
      vertex -10.9848 -2.18501 3.4
      vertex -10.7177 -3.25119 0.6
      vertex -10.7177 -3.25119 3.4
    endloop
  endfacet
  facet normal 0.740955 -0.671554 0
    outer loop
      vertex 7.9196 -7.9196 3.4
      vertex 8.65772 -7.1052 0.6
      vertex 8.65772 -7.1052 3.4
    endloop
  endfacet
  facet normal 0.740955 -0.671554 0
    outer loop
      vertex 8.65772 -7.1052 0.6
      vertex 7.9196 -7.9196 3.4
      vertex 7.9196 -7.9196 0.6
    endloop
  endfacet
  facet normal 0.671554 0.740955 -0
    outer loop
      vertex 7.9196 7.9196 0.6
      vertex 7.1052 8.65772 3.4
      vertex 7.9196 7.9196 3.4
    endloop
  endfacet
  facet normal 0.671554 0.740955 0
    outer loop
      vertex 7.1052 8.65772 3.4
      vertex 7.9196 7.9196 0.6
      vertex 7.1052 8.65772 0.6
    endloop
  endfacet
  facet normal 0.803206 -0.595701 0
    outer loop
      vertex 8.65772 -7.1052 3.4
      vertex 9.31246 -6.22239 0.6
      vertex 9.31246 -6.22239 3.4
    endloop
  endfacet
  facet normal 0.803206 -0.595701 0
    outer loop
      vertex 9.31246 -6.22239 0.6
      vertex 8.65772 -7.1052 3.4
      vertex 8.65772 -7.1052 0.6
    endloop
  endfacet
  facet normal -0.595701 -0.803206 0
    outer loop
      vertex -7.1052 -8.65772 0.6
      vertex -6.22239 -9.31246 3.4
      vertex -7.1052 -8.65772 3.4
    endloop
  endfacet
  facet normal -0.595701 -0.803206 -0
    outer loop
      vertex -6.22239 -9.31246 3.4
      vertex -7.1052 -8.65772 0.6
      vertex -6.22239 -9.31246 0.6
    endloop
  endfacet
  facet normal -0.671554 0.740955 0
    outer loop
      vertex -7.1052 8.65772 0.6
      vertex -7.9196 7.9196 3.4
      vertex -7.1052 8.65772 3.4
    endloop
  endfacet
  facet normal -0.671554 0.740955 0
    outer loop
      vertex -7.9196 7.9196 3.4
      vertex -7.1052 8.65772 0.6
      vertex -7.9196 7.9196 0.6
    endloop
  endfacet
  facet normal 0.85773 0.514101 0
    outer loop
      vertex 9.87752 5.27964 3.4
      vertex 9.31246 6.22239 0.6
      vertex 9.31246 6.22239 3.4
    endloop
  endfacet
  facet normal 0.85773 0.514101 0
    outer loop
      vertex 9.31246 6.22239 0.6
      vertex 9.87752 5.27964 3.4
      vertex 9.87752 5.27964 0.6
    endloop
  endfacet
  facet normal 0.989173 -0.146754 0
    outer loop
      vertex 10.9848 -2.18501 3.4
      vertex 11.1461 -1.09779 0.6
      vertex 11.1461 -1.09779 3.4
    endloop
  endfacet
  facet normal 0.989173 -0.146754 0
    outer loop
      vertex 11.1461 -1.09779 0.6
      vertex 10.9848 -2.18501 3.4
      vertex 10.9848 -2.18501 0.6
    endloop
  endfacet
  facet normal -0.146754 -0.989173 0
    outer loop
      vertex -2.18501 -10.9848 0.6
      vertex -1.09779 -11.1461 3.4
      vertex -2.18501 -10.9848 3.4
    endloop
  endfacet
  facet normal -0.146754 -0.989173 -0
    outer loop
      vertex -1.09779 -11.1461 3.4
      vertex -2.18501 -10.9848 0.6
      vertex -1.09779 -11.1461 0.6
    endloop
  endfacet
  facet normal 0.514101 -0.85773 0
    outer loop
      vertex 5.27964 -9.87752 0.6
      vertex 6.22239 -9.31246 3.4
      vertex 5.27964 -9.87752 3.4
    endloop
  endfacet
  facet normal 0.514101 -0.85773 0
    outer loop
      vertex 6.22239 -9.31246 3.4
      vertex 5.27964 -9.87752 0.6
      vertex 6.22239 -9.31246 0.6
    endloop
  endfacet
  facet normal -0.595701 0.803206 0
    outer loop
      vertex -6.22239 9.31246 0.6
      vertex -7.1052 8.65772 3.4
      vertex -6.22239 9.31246 3.4
    endloop
  endfacet
  facet normal -0.595701 0.803206 0
    outer loop
      vertex -7.1052 8.65772 3.4
      vertex -6.22239 9.31246 0.6
      vertex -7.1052 8.65772 0.6
    endloop
  endfacet
  facet normal -0.336826 -0.941567 0
    outer loop
      vertex -4.28605 -10.3475 0.6
      vertex -3.25119 -10.7177 3.4
      vertex -4.28605 -10.3475 3.4
    endloop
  endfacet
  facet normal -0.336826 -0.941567 -0
    outer loop
      vertex -3.25119 -10.7177 3.4
      vertex -4.28605 -10.3475 0.6
      vertex -3.25119 -10.7177 0.6
    endloop
  endfacet
  facet normal 0.970024 -0.243011 0
    outer loop
      vertex 10.7177 -3.25119 3.4
      vertex 10.9848 -2.18501 0.6
      vertex 10.9848 -2.18501 3.4
    endloop
  endfacet
  facet normal 0.970024 -0.243011 0
    outer loop
      vertex 10.9848 -2.18501 0.6
      vertex 10.7177 -3.25119 3.4
      vertex 10.7177 -3.25119 0.6
    endloop
  endfacet
  facet normal -0.989173 0.146754 0
    outer loop
      vertex -11.1461 1.09779 0.6
      vertex -10.9848 2.18501 3.4
      vertex -10.9848 2.18501 0.6
    endloop
  endfacet
  facet normal -0.989173 0.146754 0
    outer loop
      vertex -10.9848 2.18501 3.4
      vertex -11.1461 1.09779 0.6
      vertex -11.1461 1.09779 3.4
    endloop
  endfacet
  facet normal -0.941567 -0.336826 0
    outer loop
      vertex -10.3475 -4.28605 0.6
      vertex -10.7177 -3.25119 3.4
      vertex -10.7177 -3.25119 0.6
    endloop
  endfacet
  facet normal -0.941567 -0.336826 0
    outer loop
      vertex -10.7177 -3.25119 3.4
      vertex -10.3475 -4.28605 0.6
      vertex -10.3475 -4.28605 3.4
    endloop
  endfacet
  facet normal -0.998797 -0.0490396 0
    outer loop
      vertex -11.1461 -1.09779 0.6
      vertex -11.2 0 3.4
      vertex -11.2 0 0.6
    endloop
  endfacet
  facet normal -0.998797 -0.0490396 0
    outer loop
      vertex -11.2 0 3.4
      vertex -11.1461 -1.09779 0.6
      vertex -11.1461 -1.09779 3.4
    endloop
  endfacet
  facet normal 0.243011 0.970024 -0
    outer loop
      vertex 3.25119 10.7177 0.6
      vertex 2.18501 10.9848 3.4
      vertex 3.25119 10.7177 3.4
    endloop
  endfacet
  facet normal 0.243011 0.970024 0
    outer loop
      vertex 2.18501 10.9848 3.4
      vertex 3.25119 10.7177 0.6
      vertex 2.18501 10.9848 0.6
    endloop
  endfacet
  facet normal 0.514101 0.85773 -0
    outer loop
      vertex 6.22239 9.31246 0.6
      vertex 5.27964 9.87752 3.4
      vertex 6.22239 9.31246 3.4
    endloop
  endfacet
  facet normal 0.514101 0.85773 0
    outer loop
      vertex 5.27964 9.87752 3.4
      vertex 6.22239 9.31246 0.6
      vertex 5.27964 9.87752 0.6
    endloop
  endfacet
  facet normal 0.998797 -0.0490396 0
    outer loop
      vertex 11.1461 -1.09779 3.4
      vertex 11.2 0 0.6
      vertex 11.2 0 3.4
    endloop
  endfacet
  facet normal 0.998797 -0.0490396 0
    outer loop
      vertex 11.2 0 0.6
      vertex 11.1461 -1.09779 3.4
      vertex 11.1461 -1.09779 0.6
    endloop
  endfacet
  facet normal 0.903973 -0.42759 0
    outer loop
      vertex 9.87752 -5.27964 3.4
      vertex 10.3475 -4.28605 0.6
      vertex 10.3475 -4.28605 3.4
    endloop
  endfacet
  facet normal 0.903973 -0.42759 0
    outer loop
      vertex 10.3475 -4.28605 0.6
      vertex 9.87752 -5.27964 3.4
      vertex 9.87752 -5.27964 0.6
    endloop
  endfacet
  facet normal -0.0490396 0.998797 0
    outer loop
      vertex 0 11.2 0.6
      vertex -1.09779 11.1461 3.4
      vertex 0 11.2 3.4
    endloop
  endfacet
  facet normal -0.0490396 0.998797 0
    outer loop
      vertex -1.09779 11.1461 3.4
      vertex 0 11.2 0.6
      vertex -1.09779 11.1461 0.6
    endloop
  endfacet
  facet normal -0.970024 0.243011 0
    outer loop
      vertex -10.9848 2.18501 0.6
      vertex -10.7177 3.25119 3.4
      vertex -10.7177 3.25119 0.6
    endloop
  endfacet
  facet normal -0.970024 0.243011 0
    outer loop
      vertex -10.7177 3.25119 3.4
      vertex -10.9848 2.18501 0.6
      vertex -10.9848 2.18501 3.4
    endloop
  endfacet
  facet normal 0.803206 0.595701 0
    outer loop
      vertex 9.31246 6.22239 3.4
      vertex 8.65772 7.1052 0.6
      vertex 8.65772 7.1052 3.4
    endloop
  endfacet
  facet normal 0.803206 0.595701 0
    outer loop
      vertex 8.65772 7.1052 0.6
      vertex 9.31246 6.22239 3.4
      vertex 9.31246 6.22239 0.6
    endloop
  endfacet
  facet normal 0.595701 0.803206 -0
    outer loop
      vertex 7.1052 8.65772 0.6
      vertex 6.22239 9.31246 3.4
      vertex 7.1052 8.65772 3.4
    endloop
  endfacet
  facet normal 0.595701 0.803206 0
    outer loop
      vertex 6.22239 9.31246 3.4
      vertex 7.1052 8.65772 0.6
      vertex 6.22239 9.31246 0.6
    endloop
  endfacet
  facet normal 0.0490396 -0.998797 0
    outer loop
      vertex 0 -11.2 0.6
      vertex 1.09779 -11.1461 3.4
      vertex 0 -11.2 3.4
    endloop
  endfacet
  facet normal 0.0490396 -0.998797 0
    outer loop
      vertex 1.09779 -11.1461 3.4
      vertex 0 -11.2 0.6
      vertex 1.09779 -11.1461 0.6
    endloop
  endfacet
  facet normal 0.941567 0.336826 0
    outer loop
      vertex 10.7177 3.25119 3.4
      vertex 10.3475 4.28605 0.6
      vertex 10.3475 4.28605 3.4
    endloop
  endfacet
  facet normal 0.941567 0.336826 0
    outer loop
      vertex 10.3475 4.28605 0.6
      vertex 10.7177 3.25119 3.4
      vertex 10.7177 3.25119 0.6
    endloop
  endfacet
  facet normal 0.941567 -0.336826 0
    outer loop
      vertex 10.3475 -4.28605 3.4
      vertex 10.7177 -3.25119 0.6
      vertex 10.7177 -3.25119 3.4
    endloop
  endfacet
  facet normal 0.941567 -0.336826 0
    outer loop
      vertex 10.7177 -3.25119 0.6
      vertex 10.3475 -4.28605 3.4
      vertex 10.3475 -4.28605 0.6
    endloop
  endfacet
  facet normal -0.243011 0.970024 0
    outer loop
      vertex -2.18501 10.9848 0.6
      vertex -3.25119 10.7177 3.4
      vertex -2.18501 10.9848 3.4
    endloop
  endfacet
  facet normal -0.243011 0.970024 0
    outer loop
      vertex -3.25119 10.7177 3.4
      vertex -2.18501 10.9848 0.6
      vertex -3.25119 10.7177 0.6
    endloop
  endfacet
  facet normal -0.903973 0.42759 0
    outer loop
      vertex -10.3475 4.28605 0.6
      vertex -9.87752 5.27964 3.4
      vertex -9.87752 5.27964 0.6
    endloop
  endfacet
  facet normal -0.903973 0.42759 0
    outer loop
      vertex -9.87752 5.27964 3.4
      vertex -10.3475 4.28605 0.6
      vertex -10.3475 4.28605 3.4
    endloop
  endfacet
  facet normal -0.42759 -0.903973 0
    outer loop
      vertex -5.27964 -9.87752 0.6
      vertex -4.28605 -10.3475 3.4
      vertex -5.27964 -9.87752 3.4
    endloop
  endfacet
  facet normal -0.42759 -0.903973 -0
    outer loop
      vertex -4.28605 -10.3475 3.4
      vertex -5.27964 -9.87752 0.6
      vertex -4.28605 -10.3475 0.6
    endloop
  endfacet
  facet normal 0.903973 0.42759 0
    outer loop
      vertex 10.3475 4.28605 3.4
      vertex 9.87752 5.27964 0.6
      vertex 9.87752 5.27964 3.4
    endloop
  endfacet
  facet normal 0.903973 0.42759 0
    outer loop
      vertex 9.87752 5.27964 0.6
      vertex 10.3475 4.28605 3.4
      vertex 10.3475 4.28605 0.6
    endloop
  endfacet
  facet normal 0.595701 -0.803206 0
    outer loop
      vertex 6.22239 -9.31246 0.6
      vertex 7.1052 -8.65772 3.4
      vertex 6.22239 -9.31246 3.4
    endloop
  endfacet
  facet normal 0.595701 -0.803206 0
    outer loop
      vertex 7.1052 -8.65772 3.4
      vertex 6.22239 -9.31246 0.6
      vertex 7.1052 -8.65772 0.6
    endloop
  endfacet
  facet normal -0.146754 0.989173 0
    outer loop
      vertex -1.09779 11.1461 0.6
      vertex -2.18501 10.9848 3.4
      vertex -1.09779 11.1461 3.4
    endloop
  endfacet
  facet normal -0.146754 0.989173 0
    outer loop
      vertex -2.18501 10.9848 3.4
      vertex -1.09779 11.1461 0.6
      vertex -2.18501 10.9848 0.6
    endloop
  endfacet
  facet normal 0.85773 -0.514101 0
    outer loop
      vertex 9.31246 -6.22239 3.4
      vertex 9.87752 -5.27964 0.6
      vertex 9.87752 -5.27964 3.4
    endloop
  endfacet
  facet normal 0.85773 -0.514101 0
    outer loop
      vertex 9.87752 -5.27964 0.6
      vertex 9.31246 -6.22239 3.4
      vertex 9.31246 -6.22239 0.6
    endloop
  endfacet
  facet normal 0.243011 -0.970024 0
    outer loop
      vertex 2.18501 -10.9848 0.6
      vertex 3.25119 -10.7177 3.4
      vertex 2.18501 -10.9848 3.4
    endloop
  endfacet
  facet normal 0.243011 -0.970024 0
    outer loop
      vertex 3.25119 -10.7177 3.4
      vertex 2.18501 -10.9848 0.6
      vertex 3.25119 -10.7177 0.6
    endloop
  endfacet
  facet normal -0.740955 -0.671554 0
    outer loop
      vertex -7.9196 -7.9196 0.6
      vertex -8.65772 -7.1052 3.4
      vertex -8.65772 -7.1052 0.6
    endloop
  endfacet
  facet normal -0.740955 -0.671554 0
    outer loop
      vertex -8.65772 -7.1052 3.4
      vertex -7.9196 -7.9196 0.6
      vertex -7.9196 -7.9196 3.4
    endloop
  endfacet
  facet normal -0.85773 -0.514101 0
    outer loop
      vertex -9.31246 -6.22239 0.6
      vertex -9.87752 -5.27964 3.4
      vertex -9.87752 -5.27964 0.6
    endloop
  endfacet
  facet normal -0.85773 -0.514101 0
    outer loop
      vertex -9.87752 -5.27964 3.4
      vertex -9.31246 -6.22239 0.6
      vertex -9.31246 -6.22239 3.4
    endloop
  endfacet
  facet normal -0.336826 0.941567 0
    outer loop
      vertex -3.25119 10.7177 0.6
      vertex -4.28605 10.3475 3.4
      vertex -3.25119 10.7177 3.4
    endloop
  endfacet
  facet normal -0.336826 0.941567 0
    outer loop
      vertex -4.28605 10.3475 3.4
      vertex -3.25119 10.7177 0.6
      vertex -4.28605 10.3475 0.6
    endloop
  endfacet
  facet normal 0.336826 0.941567 -0
    outer loop
      vertex 4.28605 10.3475 0.6
      vertex 3.25119 10.7177 3.4
      vertex 4.28605 10.3475 3.4
    endloop
  endfacet
  facet normal 0.336826 0.941567 0
    outer loop
      vertex 3.25119 10.7177 3.4
      vertex 4.28605 10.3475 0.6
      vertex 3.25119 10.7177 0.6
    endloop
  endfacet
  facet normal -0.514101 -0.85773 0
    outer loop
      vertex -6.22239 -9.31246 0.6
      vertex -5.27964 -9.87752 3.4
      vertex -6.22239 -9.31246 3.4
    endloop
  endfacet
  facet normal -0.514101 -0.85773 -0
    outer loop
      vertex -5.27964 -9.87752 3.4
      vertex -6.22239 -9.31246 0.6
      vertex -5.27964 -9.87752 0.6
    endloop
  endfacet
  facet normal -0.941567 0.336826 0
    outer loop
      vertex -10.7177 3.25119 0.6
      vertex -10.3475 4.28605 3.4
      vertex -10.3475 4.28605 0.6
    endloop
  endfacet
  facet normal -0.941567 0.336826 0
    outer loop
      vertex -10.3475 4.28605 3.4
      vertex -10.7177 3.25119 0.6
      vertex -10.7177 3.25119 3.4
    endloop
  endfacet
  facet normal -0.803206 -0.595701 0
    outer loop
      vertex -8.65772 -7.1052 0.6
      vertex -9.31246 -6.22239 3.4
      vertex -9.31246 -6.22239 0.6
    endloop
  endfacet
  facet normal -0.803206 -0.595701 0
    outer loop
      vertex -9.31246 -6.22239 3.4
      vertex -8.65772 -7.1052 0.6
      vertex -8.65772 -7.1052 3.4
    endloop
  endfacet
  facet normal -0.85773 0.514101 0
    outer loop
      vertex -9.87752 5.27964 0.6
      vertex -9.31246 6.22239 3.4
      vertex -9.31246 6.22239 0.6
    endloop
  endfacet
  facet normal -0.85773 0.514101 0
    outer loop
      vertex -9.31246 6.22239 3.4
      vertex -9.87752 5.27964 0.6
      vertex -9.87752 5.27964 3.4
    endloop
  endfacet
  facet normal -0.989173 -0.146754 0
    outer loop
      vertex -10.9848 -2.18501 0.6
      vertex -11.1461 -1.09779 3.4
      vertex -11.1461 -1.09779 0.6
    endloop
  endfacet
  facet normal -0.989173 -0.146754 0
    outer loop
      vertex -11.1461 -1.09779 3.4
      vertex -10.9848 -2.18501 0.6
      vertex -10.9848 -2.18501 3.4
    endloop
  endfacet
  facet normal -0.243011 -0.970024 0
    outer loop
      vertex -3.25119 -10.7177 0.6
      vertex -2.18501 -10.9848 3.4
      vertex -3.25119 -10.7177 3.4
    endloop
  endfacet
  facet normal -0.243011 -0.970024 -0
    outer loop
      vertex -2.18501 -10.9848 3.4
      vertex -3.25119 -10.7177 0.6
      vertex -2.18501 -10.9848 0.6
    endloop
  endfacet
  facet normal -0.671554 -0.740955 0
    outer loop
      vertex -7.9196 -7.9196 0.6
      vertex -7.1052 -8.65772 3.4
      vertex -7.9196 -7.9196 3.4
    endloop
  endfacet
  facet normal -0.671554 -0.740955 -0
    outer loop
      vertex -7.1052 -8.65772 3.4
      vertex -7.9196 -7.9196 0.6
      vertex -7.1052 -8.65772 0.6
    endloop
  endfacet
  facet normal -0.803206 0.595701 0
    outer loop
      vertex -9.31246 6.22239 0.6
      vertex -8.65772 7.1052 3.4
      vertex -8.65772 7.1052 0.6
    endloop
  endfacet
  facet normal -0.803206 0.595701 0
    outer loop
      vertex -8.65772 7.1052 3.4
      vertex -9.31246 6.22239 0.6
      vertex -9.31246 6.22239 3.4
    endloop
  endfacet
  facet normal 0.0490396 0.998797 -0
    outer loop
      vertex 1.09779 11.1461 0.6
      vertex 0 11.2 3.4
      vertex 1.09779 11.1461 3.4
    endloop
  endfacet
  facet normal 0.0490396 0.998797 0
    outer loop
      vertex 0 11.2 3.4
      vertex 1.09779 11.1461 0.6
      vertex 0 11.2 0.6
    endloop
  endfacet
  facet normal -0.0490396 -0.998797 0
    outer loop
      vertex -1.09779 -11.1461 0.6
      vertex 0 -11.2 3.4
      vertex -1.09779 -11.1461 3.4
    endloop
  endfacet
  facet normal -0.0490396 -0.998797 -0
    outer loop
      vertex 0 -11.2 3.4
      vertex -1.09779 -11.1461 0.6
      vertex 0 -11.2 0.6
    endloop
  endfacet
  facet normal -0.998797 0.0490396 0
    outer loop
      vertex -11.2 0 0.6
      vertex -11.1461 1.09779 3.4
      vertex -11.1461 1.09779 0.6
    endloop
  endfacet
  facet normal -0.998797 0.0490396 0
    outer loop
      vertex -11.1461 1.09779 3.4
      vertex -11.2 0 0.6
      vertex -11.2 0 3.4
    endloop
  endfacet
  facet normal 0.671554 -0.740955 0
    outer loop
      vertex 7.1052 -8.65772 0.6
      vertex 7.9196 -7.9196 3.4
      vertex 7.1052 -8.65772 3.4
    endloop
  endfacet
  facet normal 0.671554 -0.740955 0
    outer loop
      vertex 7.9196 -7.9196 3.4
      vertex 7.1052 -8.65772 0.6
      vertex 7.9196 -7.9196 0.6
    endloop
  endfacet
  facet normal -0.0490461 0.998797 0
    outer loop
      vertex 0.149475 -1.51765 0
      vertex 0 -1.52499 8.3
      vertex 0.149475 -1.51765 8.3
    endloop
  endfacet
  facet normal -0.0490461 0.998797 0
    outer loop
      vertex 0 -1.52499 8.3
      vertex 0.149475 -1.51765 0
      vertex 0 -1.52499 0
    endloop
  endfacet
  facet normal -0.243083 0.970006 0
    outer loop
      vertex 0.442673 -1.45932 0
      vertex 0.297501 -1.4957 8.3
      vertex 0.442673 -1.45932 8.3
    endloop
  endfacet
  facet normal -0.243083 0.970006 0
    outer loop
      vertex 0.297501 -1.4957 8.3
      vertex 0.442673 -1.45932 0
      vertex 0.297501 -1.4957 0
    endloop
  endfacet
  facet normal -0.903975 -0.427585 0
    outer loop
      vertex 1.40891 0.583588 0
      vertex 1.34492 0.718872 8.3
      vertex 1.34492 0.718872 0
    endloop
  endfacet
  facet normal -0.903975 -0.427585 0
    outer loop
      vertex 1.34492 0.718872 8.3
      vertex 1.40891 0.583588 0
      vertex 1.40891 0.583588 8.3
    endloop
  endfacet
  facet normal -0.146681 0.989184 0
    outer loop
      vertex 0.297501 -1.4957 0
      vertex 0.149475 -1.51765 8.3
      vertex 0.297501 -1.4957 8.3
    endloop
  endfacet
  facet normal -0.146681 0.989184 0
    outer loop
      vertex 0.149475 -1.51765 8.3
      vertex 0.297501 -1.4957 0
      vertex 0.149475 -1.51765 0
    endloop
  endfacet
  facet normal 0 -1 0
    outer loop
      vertex -1.12666 1.02499 0
      vertex 1.12666 1.02499 8.3
      vertex -1.12666 1.02499 8.3
    endloop
  endfacet
  facet normal 0 -1 -0
    outer loop
      vertex 1.12666 1.02499 8.3
      vertex -1.12666 1.02499 0
      vertex 1.12666 1.02499 0
    endloop
  endfacet
  facet normal -0.970006 0.243083 0
    outer loop
      vertex 1.45932 -0.442673 0
      vertex 1.4957 -0.297501 8.3
      vertex 1.4957 -0.297501 0
    endloop
  endfacet
  facet normal -0.970006 0.243083 0
    outer loop
      vertex 1.4957 -0.297501 8.3
      vertex 1.45932 -0.442673 0
      vertex 1.45932 -0.442673 8.3
    endloop
  endfacet
  facet normal 0.970006 -0.243083 0
    outer loop
      vertex -1.4957 0.297501 8.3
      vertex -1.45932 0.442673 0
      vertex -1.45932 0.442673 8.3
    endloop
  endfacet
  facet normal 0.970006 -0.243083 0
    outer loop
      vertex -1.45932 0.442673 0
      vertex -1.4957 0.297501 8.3
      vertex -1.4957 0.297501 0
    endloop
  endfacet
  facet normal -0.80315 -0.595777 0
    outer loop
      vertex 1.26799 0.847244 0
      vertex 1.17883 0.967438 8.3
      vertex 1.17883 0.967438 0
    endloop
  endfacet
  facet normal -0.80315 -0.595777 0
    outer loop
      vertex 1.17883 0.967438 8.3
      vertex 1.26799 0.847244 0
      vertex 1.26799 0.847244 8.3
    endloop
  endfacet
  facet normal -0.7409 -0.671615 0
    outer loop
      vertex 1.17883 0.967438 0
      vertex 1.12666 1.02499 8.3
      vertex 1.12666 1.02499 0
    endloop
  endfacet
  facet normal -0.7409 -0.671615 0
    outer loop
      vertex 1.12666 1.02499 8.3
      vertex 1.17883 0.967438 0
      vertex 1.17883 0.967438 8.3
    endloop
  endfacet
  facet normal 0.671604 0.74091 -0
    outer loop
      vertex -0.967438 -1.17883 0
      vertex -1.07832 -1.07832 8.3
      vertex -0.967438 -1.17883 8.3
    endloop
  endfacet
  facet normal 0.671604 0.74091 0
    outer loop
      vertex -1.07832 -1.07832 8.3
      vertex -0.967438 -1.17883 0
      vertex -1.07832 -1.07832 0
    endloop
  endfacet
  facet normal 0.857768 0.514038 0
    outer loop
      vertex -1.26799 -0.847244 8.3
      vertex -1.34492 -0.718872 0
      vertex -1.34492 -0.718872 8.3
    endloop
  endfacet
  facet normal 0.857768 0.514038 0
    outer loop
      vertex -1.34492 -0.718872 0
      vertex -1.26799 -0.847244 8.3
      vertex -1.26799 -0.847244 0
    endloop
  endfacet
  facet normal 0.146681 0.989184 -0
    outer loop
      vertex -0.149475 -1.51765 0
      vertex -0.297501 -1.4957 8.3
      vertex -0.149475 -1.51765 8.3
    endloop
  endfacet
  facet normal 0.146681 0.989184 0
    outer loop
      vertex -0.297501 -1.4957 8.3
      vertex -0.149475 -1.51765 0
      vertex -0.297501 -1.4957 0
    endloop
  endfacet
  facet normal -0.970006 -0.243083 0
    outer loop
      vertex 1.4957 0.297501 0
      vertex 1.45932 0.442673 8.3
      vertex 1.45932 0.442673 0
    endloop
  endfacet
  facet normal -0.970006 -0.243083 0
    outer loop
      vertex 1.45932 0.442673 8.3
      vertex 1.4957 0.297501 0
      vertex 1.4957 0.297501 8.3
    endloop
  endfacet
  facet normal 0.336829 0.941566 -0
    outer loop
      vertex -0.442673 -1.45932 0
      vertex -0.583588 -1.40891 8.3
      vertex -0.442673 -1.45932 8.3
    endloop
  endfacet
  facet normal 0.336829 0.941566 0
    outer loop
      vertex -0.583588 -1.40891 8.3
      vertex -0.442673 -1.45932 0
      vertex -0.583588 -1.40891 0
    endloop
  endfacet
  facet normal 0.74091 0.671604 0
    outer loop
      vertex -1.07832 -1.07832 8.3
      vertex -1.17883 -0.967438 0
      vertex -1.17883 -0.967438 8.3
    endloop
  endfacet
  facet normal 0.74091 0.671604 0
    outer loop
      vertex -1.17883 -0.967438 0
      vertex -1.07832 -1.07832 8.3
      vertex -1.07832 -1.07832 0
    endloop
  endfacet
  facet normal 0.989184 0.146681 0
    outer loop
      vertex -1.4957 -0.297501 8.3
      vertex -1.51765 -0.149475 0
      vertex -1.51765 -0.149475 8.3
    endloop
  endfacet
  facet normal 0.989184 0.146681 0
    outer loop
      vertex -1.51765 -0.149475 0
      vertex -1.4957 -0.297501 8.3
      vertex -1.4957 -0.297501 0
    endloop
  endfacet
  facet normal 0.998797 0.0490461 0
    outer loop
      vertex -1.51765 -0.149475 8.3
      vertex -1.52499 0 0
      vertex -1.52499 0 8.3
    endloop
  endfacet
  facet normal 0.998797 0.0490461 0
    outer loop
      vertex -1.52499 0 0
      vertex -1.51765 -0.149475 8.3
      vertex -1.51765 -0.149475 0
    endloop
  endfacet
  facet normal 0.941566 -0.336829 0
    outer loop
      vertex -1.45932 0.442673 8.3
      vertex -1.40891 0.583588 0
      vertex -1.40891 0.583588 8.3
    endloop
  endfacet
  facet normal 0.941566 -0.336829 0
    outer loop
      vertex -1.40891 0.583588 0
      vertex -1.45932 0.442673 8.3
      vertex -1.45932 0.442673 0
    endloop
  endfacet
  facet normal 0.243083 0.970006 -0
    outer loop
      vertex -0.297501 -1.4957 0
      vertex -0.442673 -1.45932 8.3
      vertex -0.297501 -1.4957 8.3
    endloop
  endfacet
  facet normal 0.243083 0.970006 0
    outer loop
      vertex -0.442673 -1.45932 8.3
      vertex -0.297501 -1.4957 0
      vertex -0.442673 -1.45932 0
    endloop
  endfacet
  facet normal -0.941566 0.336829 0
    outer loop
      vertex 1.40891 -0.583588 0
      vertex 1.45932 -0.442673 8.3
      vertex 1.45932 -0.442673 0
    endloop
  endfacet
  facet normal -0.941566 0.336829 0
    outer loop
      vertex 1.45932 -0.442673 8.3
      vertex 1.40891 -0.583588 0
      vertex 1.40891 -0.583588 8.3
    endloop
  endfacet
  facet normal 0.903975 -0.427585 0
    outer loop
      vertex -1.40891 0.583588 8.3
      vertex -1.34492 0.718872 0
      vertex -1.34492 0.718872 8.3
    endloop
  endfacet
  facet normal 0.903975 -0.427585 0
    outer loop
      vertex -1.34492 0.718872 0
      vertex -1.40891 0.583588 8.3
      vertex -1.40891 0.583588 0
    endloop
  endfacet
  facet normal 0.989184 -0.146681 0
    outer loop
      vertex -1.51765 0.149475 8.3
      vertex -1.4957 0.297501 0
      vertex -1.4957 0.297501 8.3
    endloop
  endfacet
  facet normal 0.989184 -0.146681 0
    outer loop
      vertex -1.4957 0.297501 0
      vertex -1.51765 0.149475 8.3
      vertex -1.51765 0.149475 0
    endloop
  endfacet
  facet normal 0.0490461 0.998797 -0
    outer loop
      vertex 0 -1.52499 0
      vertex -0.149475 -1.51765 8.3
      vertex 0 -1.52499 8.3
    endloop
  endfacet
  facet normal 0.0490461 0.998797 0
    outer loop
      vertex -0.149475 -1.51765 8.3
      vertex 0 -1.52499 0
      vertex -0.149475 -1.51765 0
    endloop
  endfacet
  facet normal 0.7409 -0.671615 0
    outer loop
      vertex -1.17883 0.967438 8.3
      vertex -1.12666 1.02499 0
      vertex -1.12666 1.02499 8.3
    endloop
  endfacet
  facet normal 0.7409 -0.671615 0
    outer loop
      vertex -1.12666 1.02499 0
      vertex -1.17883 0.967438 8.3
      vertex -1.17883 0.967438 0
    endloop
  endfacet
  facet normal -0.857768 0.514038 0
    outer loop
      vertex 1.26799 -0.847244 0
      vertex 1.34492 -0.718872 8.3
      vertex 1.34492 -0.718872 0
    endloop
  endfacet
  facet normal -0.857768 0.514038 0
    outer loop
      vertex 1.34492 -0.718872 8.3
      vertex 1.26799 -0.847244 0
      vertex 1.26799 -0.847244 8.3
    endloop
  endfacet
  facet normal 0.427585 0.903975 -0
    outer loop
      vertex -0.583588 -1.40891 0
      vertex -0.718872 -1.34492 8.3
      vertex -0.583588 -1.40891 8.3
    endloop
  endfacet
  facet normal 0.427585 0.903975 0
    outer loop
      vertex -0.718872 -1.34492 8.3
      vertex -0.583588 -1.40891 0
      vertex -0.718872 -1.34492 0
    endloop
  endfacet
  facet normal 0.80315 0.595777 0
    outer loop
      vertex -1.17883 -0.967438 8.3
      vertex -1.26799 -0.847244 0
      vertex -1.26799 -0.847244 8.3
    endloop
  endfacet
  facet normal 0.80315 0.595777 0
    outer loop
      vertex -1.26799 -0.847244 0
      vertex -1.17883 -0.967438 8.3
      vertex -1.17883 -0.967438 0
    endloop
  endfacet
  facet normal 0.80315 -0.595777 0
    outer loop
      vertex -1.26799 0.847244 8.3
      vertex -1.17883 0.967438 0
      vertex -1.17883 0.967438 8.3
    endloop
  endfacet
  facet normal 0.80315 -0.595777 0
    outer loop
      vertex -1.17883 0.967438 0
      vertex -1.26799 0.847244 8.3
      vertex -1.26799 0.847244 0
    endloop
  endfacet
  facet normal 0.857768 -0.514038 0
    outer loop
      vertex -1.34492 0.718872 8.3
      vertex -1.26799 0.847244 0
      vertex -1.26799 0.847244 8.3
    endloop
  endfacet
  facet normal 0.857768 -0.514038 0
    outer loop
      vertex -1.26799 0.847244 0
      vertex -1.34492 0.718872 8.3
      vertex -1.34492 0.718872 0
    endloop
  endfacet
  facet normal 0.903975 0.427585 0
    outer loop
      vertex -1.34492 -0.718872 8.3
      vertex -1.40891 -0.583588 0
      vertex -1.40891 -0.583588 8.3
    endloop
  endfacet
  facet normal 0.903975 0.427585 0
    outer loop
      vertex -1.40891 -0.583588 0
      vertex -1.34492 -0.718872 8.3
      vertex -1.34492 -0.718872 0
    endloop
  endfacet
  facet normal -0.595777 0.80315 0
    outer loop
      vertex 0.967438 -1.17883 0
      vertex 0.847244 -1.26799 8.3
      vertex 0.967438 -1.17883 8.3
    endloop
  endfacet
  facet normal -0.595777 0.80315 0
    outer loop
      vertex 0.847244 -1.26799 8.3
      vertex 0.967438 -1.17883 0
      vertex 0.847244 -1.26799 0
    endloop
  endfacet
  facet normal 0.595777 0.80315 -0
    outer loop
      vertex -0.847244 -1.26799 0
      vertex -0.967438 -1.17883 8.3
      vertex -0.847244 -1.26799 8.3
    endloop
  endfacet
  facet normal 0.595777 0.80315 0
    outer loop
      vertex -0.967438 -1.17883 8.3
      vertex -0.847244 -1.26799 0
      vertex -0.967438 -1.17883 0
    endloop
  endfacet
  facet normal -0.80315 0.595777 0
    outer loop
      vertex 1.17883 -0.967438 0
      vertex 1.26799 -0.847244 8.3
      vertex 1.26799 -0.847244 0
    endloop
  endfacet
  facet normal -0.80315 0.595777 0
    outer loop
      vertex 1.26799 -0.847244 8.3
      vertex 1.17883 -0.967438 0
      vertex 1.17883 -0.967438 8.3
    endloop
  endfacet
  facet normal 0.998797 -0.0490461 0
    outer loop
      vertex -1.52499 0 8.3
      vertex -1.51765 0.149475 0
      vertex -1.51765 0.149475 8.3
    endloop
  endfacet
  facet normal 0.998797 -0.0490461 0
    outer loop
      vertex -1.51765 0.149475 0
      vertex -1.52499 0 8.3
      vertex -1.52499 0 0
    endloop
  endfacet
  facet normal 0.514038 0.857768 -0
    outer loop
      vertex -0.718872 -1.34492 0
      vertex -0.847244 -1.26799 8.3
      vertex -0.718872 -1.34492 8.3
    endloop
  endfacet
  facet normal 0.514038 0.857768 0
    outer loop
      vertex -0.847244 -1.26799 8.3
      vertex -0.718872 -1.34492 0
      vertex -0.847244 -1.26799 0
    endloop
  endfacet
  facet normal -0.989184 -0.146681 0
    outer loop
      vertex 1.51765 0.149475 0
      vertex 1.4957 0.297501 8.3
      vertex 1.4957 0.297501 0
    endloop
  endfacet
  facet normal -0.989184 -0.146681 0
    outer loop
      vertex 1.4957 0.297501 8.3
      vertex 1.51765 0.149475 0
      vertex 1.51765 0.149475 8.3
    endloop
  endfacet
  facet normal -0.998797 0.0490461 0
    outer loop
      vertex 1.51765 -0.149475 0
      vertex 1.52499 0 8.3
      vertex 1.52499 0 0
    endloop
  endfacet
  facet normal -0.998797 0.0490461 0
    outer loop
      vertex 1.52499 0 8.3
      vertex 1.51765 -0.149475 0
      vertex 1.51765 -0.149475 8.3
    endloop
  endfacet
  facet normal -0.857768 -0.514038 0
    outer loop
      vertex 1.34492 0.718872 0
      vertex 1.26799 0.847244 8.3
      vertex 1.26799 0.847244 0
    endloop
  endfacet
  facet normal -0.857768 -0.514038 0
    outer loop
      vertex 1.26799 0.847244 8.3
      vertex 1.34492 0.718872 0
      vertex 1.34492 0.718872 8.3
    endloop
  endfacet
  facet normal -0.427585 0.903975 0
    outer loop
      vertex 0.718872 -1.34492 0
      vertex 0.583588 -1.40891 8.3
      vertex 0.718872 -1.34492 8.3
    endloop
  endfacet
  facet normal -0.427585 0.903975 0
    outer loop
      vertex 0.583588 -1.40891 8.3
      vertex 0.718872 -1.34492 0
      vertex 0.583588 -1.40891 0
    endloop
  endfacet
  facet normal 0.970006 0.243083 0
    outer loop
      vertex -1.45932 -0.442673 8.3
      vertex -1.4957 -0.297501 0
      vertex -1.4957 -0.297501 8.3
    endloop
  endfacet
  facet normal 0.970006 0.243083 0
    outer loop
      vertex -1.4957 -0.297501 0
      vertex -1.45932 -0.442673 8.3
      vertex -1.45932 -0.442673 0
    endloop
  endfacet
  facet normal -0.941566 -0.336829 0
    outer loop
      vertex 1.45932 0.442673 0
      vertex 1.40891 0.583588 8.3
      vertex 1.40891 0.583588 0
    endloop
  endfacet
  facet normal -0.941566 -0.336829 0
    outer loop
      vertex 1.40891 0.583588 8.3
      vertex 1.45932 0.442673 0
      vertex 1.45932 0.442673 8.3
    endloop
  endfacet
  facet normal -0.989184 0.146681 0
    outer loop
      vertex 1.4957 -0.297501 0
      vertex 1.51765 -0.149475 8.3
      vertex 1.51765 -0.149475 0
    endloop
  endfacet
  facet normal -0.989184 0.146681 0
    outer loop
      vertex 1.51765 -0.149475 8.3
      vertex 1.4957 -0.297501 0
      vertex 1.4957 -0.297501 8.3
    endloop
  endfacet
  facet normal 0.941566 0.336829 0
    outer loop
      vertex -1.40891 -0.583588 8.3
      vertex -1.45932 -0.442673 0
      vertex -1.45932 -0.442673 8.3
    endloop
  endfacet
  facet normal 0.941566 0.336829 0
    outer loop
      vertex -1.45932 -0.442673 0
      vertex -1.40891 -0.583588 8.3
      vertex -1.40891 -0.583588 0
    endloop
  endfacet
  facet normal -0.514038 0.857768 0
    outer loop
      vertex 0.847244 -1.26799 0
      vertex 0.718872 -1.34492 8.3
      vertex 0.847244 -1.26799 8.3
    endloop
  endfacet
  facet normal -0.514038 0.857768 0
    outer loop
      vertex 0.718872 -1.34492 8.3
      vertex 0.847244 -1.26799 0
      vertex 0.718872 -1.34492 0
    endloop
  endfacet
  facet normal -0.903975 0.427585 0
    outer loop
      vertex 1.34492 -0.718872 0
      vertex 1.40891 -0.583588 8.3
      vertex 1.40891 -0.583588 0
    endloop
  endfacet
  facet normal -0.903975 0.427585 0
    outer loop
      vertex 1.40891 -0.583588 8.3
      vertex 1.34492 -0.718872 0
      vertex 1.34492 -0.718872 8.3
    endloop
  endfacet
  facet normal -0.998797 -0.0490461 0
    outer loop
      vertex 1.52499 0 0
      vertex 1.51765 0.149475 8.3
      vertex 1.51765 0.149475 0
    endloop
  endfacet
  facet normal -0.998797 -0.0490461 0
    outer loop
      vertex 1.51765 0.149475 8.3
      vertex 1.52499 0 0
      vertex 1.52499 0 8.3
    endloop
  endfacet
  facet normal -0.671604 0.74091 0
    outer loop
      vertex 1.07832 -1.07832 0
      vertex 0.967438 -1.17883 8.3
      vertex 1.07832 -1.07832 8.3
    endloop
  endfacet
  facet normal -0.671604 0.74091 0
    outer loop
      vertex 0.967438 -1.17883 8.3
      vertex 1.07832 -1.07832 0
      vertex 0.967438 -1.17883 0
    endloop
  endfacet
  facet normal -0.74091 0.671604 0
    outer loop
      vertex 1.07832 -1.07832 0
      vertex 1.17883 -0.967438 8.3
      vertex 1.17883 -0.967438 0
    endloop
  endfacet
  facet normal -0.74091 0.671604 0
    outer loop
      vertex 1.17883 -0.967438 8.3
      vertex 1.07832 -1.07832 0
      vertex 1.07832 -1.07832 8.3
    endloop
  endfacet
  facet normal -0.336829 0.941566 0
    outer loop
      vertex 0.583588 -1.40891 0
      vertex 0.442673 -1.45932 8.3
      vertex 0.583588 -1.40891 8.3
    endloop
  endfacet
  facet normal -0.336829 0.941566 0
    outer loop
      vertex 0.442673 -1.45932 8.3
      vertex 0.583588 -1.40891 0
      vertex 0.442673 -1.45932 0
    endloop
  endfacet
endsolid OpenSCAD_Model
