solid OpenSCAD_Model
  facet normal 1 -0 0
    outer loop
      vertex 47 34 21
      vertex 47 34.79 20
      vertex 47 34.79 21
    endloop
  endfacet
  facet normal 1 0 0
    outer loop
      vertex 47 34.79 20
      vertex 47 34 21
      vertex 47 34 20
    endloop
  endfacet
  facet normal -0 0 1
    outer loop
      vertex 39.8 34.79 21
      vertex 47 34 21
      vertex 47 34.79 21
    endloop
  endfacet
  facet normal 0 0 1
    outer loop
      vertex 47 34 21
      vertex 39.8 34.79 21
      vertex 39.8 34 21
    endloop
  endfacet
  facet normal 0 0 -1
    outer loop
      vertex 39.8 34 20
      vertex 47 34.79 20
      vertex 47 34 20
    endloop
  endfacet
  facet normal -0 0 -1
    outer loop
      vertex 47 34.79 20
      vertex 39.8 34 20
      vertex 39.8 34.79 20
    endloop
  endfacet
  facet normal -1 0 0
    outer loop
      vertex 39.8 34 20
      vertex 39.8 34.79 21
      vertex 39.8 34.79 20
    endloop
  endfacet
  facet normal -1 -0 0
    outer loop
      vertex 39.8 34.79 21
      vertex 39.8 34 20
      vertex 39.8 34 21
    endloop
  endfacet
  facet normal 0 1 -0
    outer loop
      vertex 47 34.79 20
      vertex 39.8 34.79 21
      vertex 47 34.79 21
    endloop
  endfacet
  facet normal 0 1 0
    outer loop
      vertex 39.8 34.79 21
      vertex 47 34.79 20
      vertex 39.8 34.79 20
    endloop
  endfacet
  facet normal 1 -0 0
    outer loop
      vertex 47 34 26
      vertex 47 34.79 25
      vertex 47 34.79 26
    endloop
  endfacet
  facet normal 1 0 0
    outer loop
      vertex 47 34.79 25
      vertex 47 34 26
      vertex 47 34 25
    endloop
  endfacet
  facet normal -0 0 1
    outer loop
      vertex 39.8 34.79 26
      vertex 47 34 26
      vertex 47 34.79 26
    endloop
  endfacet
  facet normal 0 0 1
    outer loop
      vertex 47 34 26
      vertex 39.8 34.79 26
      vertex 39.8 34 26
    endloop
  endfacet
  facet normal 0 0 -1
    outer loop
      vertex 39.8 34 25
      vertex 47 34.79 25
      vertex 47 34 25
    endloop
  endfacet
  facet normal -0 0 -1
    outer loop
      vertex 47 34.79 25
      vertex 39.8 34 25
      vertex 39.8 34.79 25
    endloop
  endfacet
  facet normal -1 0 0
    outer loop
      vertex 39.8 34 25
      vertex 39.8 34.79 26
      vertex 39.8 34.79 25
    endloop
  endfacet
  facet normal -1 -0 0
    outer loop
      vertex 39.8 34.79 26
      vertex 39.8 34 25
      vertex 39.8 34 26
    endloop
  endfacet
  facet normal 0 1 -0
    outer loop
      vertex 47 34.79 25
      vertex 39.8 34.79 26
      vertex 47 34.79 26
    endloop
  endfacet
  facet normal 0 1 0
    outer loop
      vertex 39.8 34.79 26
      vertex 47 34.79 25
      vertex 39.8 34.79 25
    endloop
  endfacet
  facet normal 1 -0 0
    outer loop
      vertex 47 34 31
      vertex 47 34.79 30
      vertex 47 34.79 31
    endloop
  endfacet
  facet normal 1 0 0
    outer loop
      vertex 47 34.79 30
      vertex 47 34 31
      vertex 47 34 30
    endloop
  endfacet
  facet normal -0 0 1
    outer loop
      vertex 39.8 34.79 31
      vertex 47 34 31
      vertex 47 34.79 31
    endloop
  endfacet
  facet normal 0 0 1
    outer loop
      vertex 47 34 31
      vertex 39.8 34.79 31
      vertex 39.8 34 31
    endloop
  endfacet
  facet normal 0 0 -1
    outer loop
      vertex 39.8 34 30
      vertex 47 34.79 30
      vertex 47 34 30
    endloop
  endfacet
  facet normal -0 0 -1
    outer loop
      vertex 47 34.79 30
      vertex 39.8 34 30
      vertex 39.8 34.79 30
    endloop
  endfacet
  facet normal -1 0 0
    outer loop
      vertex 39.8 34 30
      vertex 39.8 34.79 31
      vertex 39.8 34.79 30
    endloop
  endfacet
  facet normal -1 -0 0
    outer loop
      vertex 39.8 34.79 31
      vertex 39.8 34 30
      vertex 39.8 34 31
    endloop
  endfacet
  facet normal 0 1 -0
    outer loop
      vertex 47 34.79 30
      vertex 39.8 34.79 31
      vertex 47 34.79 31
    endloop
  endfacet
  facet normal 0 1 0
    outer loop
      vertex 39.8 34.79 31
      vertex 47 34.79 30
      vertex 39.8 34.79 30
    endloop
  endfacet
  facet normal 1 -0 0
    outer loop
      vertex 47 34 36
      vertex 47 34.79 35
      vertex 47 34.79 36
    endloop
  endfacet
  facet normal 1 0 0
    outer loop
      vertex 47 34.79 35
      vertex 47 34 36
      vertex 47 34 35
    endloop
  endfacet
  facet normal -0 0 1
    outer loop
      vertex 39.8 34.79 36
      vertex 47 34 36
      vertex 47 34.79 36
    endloop
  endfacet
  facet normal 0 0 1
    outer loop
      vertex 47 34 36
      vertex 39.8 34.79 36
      vertex 39.8 34 36
    endloop
  endfacet
  facet normal 0 0 -1
    outer loop
      vertex 39.8 34 35
      vertex 47 34.79 35
      vertex 47 34 35
    endloop
  endfacet
  facet normal -0 0 -1
    outer loop
      vertex 47 34.79 35
      vertex 39.8 34 35
      vertex 39.8 34.79 35
    endloop
  endfacet
  facet normal -1 0 0
    outer loop
      vertex 39.8 34 35
      vertex 39.8 34.79 36
      vertex 39.8 34.79 35
    endloop
  endfacet
  facet normal -1 -0 0
    outer loop
      vertex 39.8 34.79 36
      vertex 39.8 34 35
      vertex 39.8 34 36
    endloop
  endfacet
  facet normal 0 1 -0
    outer loop
      vertex 47 34.79 35
      vertex 39.8 34.79 36
      vertex 47 34.79 36
    endloop
  endfacet
  facet normal 0 1 0
    outer loop
      vertex 39.8 34.79 36
      vertex 47 34.79 35
      vertex 39.8 34.79 35
    endloop
  endfacet
  facet normal 1 -0 0
    outer loop
      vertex 47 34 41
      vertex 47 34.79 40
      vertex 47 34.79 41
    endloop
  endfacet
  facet normal 1 0 0
    outer loop
      vertex 47 34.79 40
      vertex 47 34 41
      vertex 47 34 40
    endloop
  endfacet
  facet normal -0 0 1
    outer loop
      vertex 39.8 34.79 41
      vertex 47 34 41
      vertex 47 34.79 41
    endloop
  endfacet
  facet normal 0 0 1
    outer loop
      vertex 47 34 41
      vertex 39.8 34.79 41
      vertex 39.8 34 41
    endloop
  endfacet
  facet normal 0 0 -1
    outer loop
      vertex 39.8 34 40
      vertex 47 34.79 40
      vertex 47 34 40
    endloop
  endfacet
  facet normal -0 0 -1
    outer loop
      vertex 47 34.79 40
      vertex 39.8 34 40
      vertex 39.8 34.79 40
    endloop
  endfacet
  facet normal -1 0 0
    outer loop
      vertex 39.8 34 40
      vertex 39.8 34.79 41
      vertex 39.8 34.79 40
    endloop
  endfacet
  facet normal -1 -0 0
    outer loop
      vertex 39.8 34.79 41
      vertex 39.8 34 40
      vertex 39.8 34 41
    endloop
  endfacet
  facet normal 0 1 -0
    outer loop
      vertex 47 34.79 40
      vertex 39.8 34.79 41
      vertex 47 34.79 41
    endloop
  endfacet
  facet normal 0 1 0
    outer loop
      vertex 39.8 34.79 41
      vertex 47 34.79 40
      vertex 39.8 34.79 40
    endloop
  endfacet
  facet normal 1 -0 0
    outer loop
      vertex 47 34 46
      vertex 47 34.79 45
      vertex 47 34.79 46
    endloop
  endfacet
  facet normal 1 0 0
    outer loop
      vertex 47 34.79 45
      vertex 47 34 46
      vertex 47 34 45
    endloop
  endfacet
  facet normal -0 0 1
    outer loop
      vertex 39.8 34.79 46
      vertex 47 34 46
      vertex 47 34.79 46
    endloop
  endfacet
  facet normal 0 0 1
    outer loop
      vertex 47 34 46
      vertex 39.8 34.79 46
      vertex 39.8 34 46
    endloop
  endfacet
  facet normal 0 0 -1
    outer loop
      vertex 39.8 34 45
      vertex 47 34.79 45
      vertex 47 34 45
    endloop
  endfacet
  facet normal -0 0 -1
    outer loop
      vertex 47 34.79 45
      vertex 39.8 34 45
      vertex 39.8 34.79 45
    endloop
  endfacet
  facet normal -1 0 0
    outer loop
      vertex 39.8 34 45
      vertex 39.8 34.79 46
      vertex 39.8 34.79 45
    endloop
  endfacet
  facet normal -1 -0 0
    outer loop
      vertex 39.8 34.79 46
      vertex 39.8 34 45
      vertex 39.8 34 46
    endloop
  endfacet
  facet normal 0 1 -0
    outer loop
      vertex 47 34.79 45
      vertex 39.8 34.79 46
      vertex 47 34.79 46
    endloop
  endfacet
  facet normal 0 1 0
    outer loop
      vertex 39.8 34.79 46
      vertex 47 34.79 45
      vertex 39.8 34.79 45
    endloop
  endfacet
  facet normal 0 0 -1
    outer loop
      vertex 94 10.6 0
      vertex 144 -3 0
      vertex 144 -20 0
    endloop
  endfacet
  facet normal 0 0 -1
    outer loop
      vertex 144 -3 0
      vertex 94 10.6 0
      vertex 144 3 0
    endloop
  endfacet
  facet normal 0 0 -1
    outer loop
      vertex 144 3 0
      vertex 94 10.6 0
      vertex 144 20 0
    endloop
  endfacet
  facet normal 0 0 -1
    outer loop
      vertex 16.687 -5.10187 0
      vertex 94 10.6 0
      vertex 144 -20 0
    endloop
  endfacet
  facet normal 0 0 -1
    outer loop
      vertex 43.4 10.6 0
      vertex 31.8 20 0
      vertex 43.4 33.2 0
    endloop
  endfacet
  facet normal 0 0 -1
    outer loop
      vertex 19.0682 0.646913 0
      vertex 43.4 10.6 0
      vertex 19.1 0 0
    endloop
  endfacet
  facet normal -0 0 -1
    outer loop
      vertex 94 10.6 0
      vertex 16.687 -5.10187 0
      vertex 43.4 10.6 0
    endloop
  endfacet
  facet normal 0 0 -1
    outer loop
      vertex 43.4 10.6 0
      vertex 19.0682 -0.646913 0
      vertex 19.1 0 0
    endloop
  endfacet
  facet normal 0 0 -1
    outer loop
      vertex 43.4 10.6 0
      vertex 18.9732 -1.2876 0
      vertex 19.0682 -0.646913 0
    endloop
  endfacet
  facet normal 0 0 -1
    outer loop
      vertex 43.4 10.6 0
      vertex 18.8158 -1.91588 0
      vertex 18.9732 -1.2876 0
    endloop
  endfacet
  facet normal 0 0 -1
    outer loop
      vertex 43.4 10.6 0
      vertex 18.5976 -2.52571 0
      vertex 18.8158 -1.91588 0
    endloop
  endfacet
  facet normal 0 0 -1
    outer loop
      vertex 43.4 10.6 0
      vertex 18.3207 -3.11122 0
      vertex 18.5976 -2.52571 0
    endloop
  endfacet
  facet normal 0 0 -1
    outer loop
      vertex 43.4 10.6 0
      vertex 17.9877 -3.66676 0
      vertex 18.3207 -3.11122 0
    endloop
  endfacet
  facet normal 0 0 -1
    outer loop
      vertex 43.4 10.6 0
      vertex 17.6019 -4.187 0
      vertex 17.9877 -3.66676 0
    endloop
  endfacet
  facet normal 0 0 -1
    outer loop
      vertex 43.4 10.6 0
      vertex 17.1669 -4.6669 0
      vertex 17.6019 -4.187 0
    endloop
  endfacet
  facet normal 0 0 -1
    outer loop
      vertex 43.4 10.6 0
      vertex 16.687 -5.10187 0
      vertex 17.1669 -4.6669 0
    endloop
  endfacet
  facet normal 0 0 -1
    outer loop
      vertex 144 -20 0
      vertex 16.1668 -5.4877 0
      vertex 16.687 -5.10187 0
    endloop
  endfacet
  facet normal 0 0 -1
    outer loop
      vertex 0 -20 0
      vertex 16.1668 -5.4877 0
      vertex 144 -20 0
    endloop
  endfacet
  facet normal 0 0 -1
    outer loop
      vertex 16.1668 -5.4877 0
      vertex 0 -20 0
      vertex 15.6112 -5.82068 0
    endloop
  endfacet
  facet normal 0 0 -1
    outer loop
      vertex 15.6112 -5.82068 0
      vertex 0 -20 0
      vertex 15.0257 -6.0976 0
    endloop
  endfacet
  facet normal 0 0 -1
    outer loop
      vertex 15.0257 -6.0976 0
      vertex 0 -20 0
      vertex 14.4159 -6.31581 0
    endloop
  endfacet
  facet normal 0 0 -1
    outer loop
      vertex 14.4159 -6.31581 0
      vertex 0 -20 0
      vertex 13.7876 -6.47318 0
    endloop
  endfacet
  facet normal 0 0 -1
    outer loop
      vertex 13.7876 -6.47318 0
      vertex 0 -20 0
      vertex 13.1469 -6.56822 0
    endloop
  endfacet
  facet normal 0 0 -1
    outer loop
      vertex 13.1469 -6.56822 0
      vertex 0 -20 0
      vertex 12.5 -6.6 0
    endloop
  endfacet
  facet normal -0 0 -1
    outer loop
      vertex 12.5 -6.6 0
      vertex 0 -20 0
      vertex 11.8531 -6.56822 0
    endloop
  endfacet
  facet normal 0 0 -1
    outer loop
      vertex 0 -20 0
      vertex 11.2124 -6.47318 0
      vertex 11.8531 -6.56822 0
    endloop
  endfacet
  facet normal 0 0 -1
    outer loop
      vertex 0 -20 0
      vertex 10.5841 -6.31581 0
      vertex 11.2124 -6.47318 0
    endloop
  endfacet
  facet normal 0 0 -1
    outer loop
      vertex 0 -20 0
      vertex 9.97429 -6.0976 0
      vertex 10.5841 -6.31581 0
    endloop
  endfacet
  facet normal 0 0 -1
    outer loop
      vertex 0 -20 0
      vertex 9.38878 -5.82068 0
      vertex 9.97429 -6.0976 0
    endloop
  endfacet
  facet normal 0 0 -1
    outer loop
      vertex 0 -20 0
      vertex 8.83324 -5.4877 0
      vertex 9.38878 -5.82068 0
    endloop
  endfacet
  facet normal 0 0 -1
    outer loop
      vertex 0 -20 0
      vertex 8.313 -5.10187 0
      vertex 8.83324 -5.4877 0
    endloop
  endfacet
  facet normal 0 0 -1
    outer loop
      vertex 0 -3.7 0
      vertex 8.313 -5.10187 0
      vertex 0 -20 0
    endloop
  endfacet
  facet normal 0 0 -1
    outer loop
      vertex 8.313 -5.10187 0
      vertex 0 -3.7 0
      vertex 7.83309 -4.6669 0
    endloop
  endfacet
  facet normal 0 0 -1
    outer loop
      vertex 7.83309 -4.6669 0
      vertex 0 -3.7 0
      vertex 7.39813 -4.187 0
    endloop
  endfacet
  facet normal 0 0 -1
    outer loop
      vertex 7.39813 -4.187 0
      vertex 0 -3.7 0
      vertex 7.03695 -3.7 0
    endloop
  endfacet
  facet normal 0 0 -1
    outer loop
      vertex 162.272 -0.568499 0
      vertex 162.272 0.568499 0
      vertex 162.3 0 0
    endloop
  endfacet
  facet normal 0 0 -1
    outer loop
      vertex 162.189 -1.13152 0
      vertex 162.272 0.568499 0
      vertex 162.272 -0.568499 0
    endloop
  endfacet
  facet normal 0 0 -1
    outer loop
      vertex 162.189 -1.13152 0
      vertex 162.189 1.13152 0
      vertex 162.272 0.568499 0
    endloop
  endfacet
  facet normal 0 0 -1
    outer loop
      vertex 162.05 -1.68365 0
      vertex 162.189 1.13152 0
      vertex 162.189 -1.13152 0
    endloop
  endfacet
  facet normal 0 0 -1
    outer loop
      vertex 162.05 -1.68365 0
      vertex 162.05 1.68365 0
      vertex 162.189 1.13152 0
    endloop
  endfacet
  facet normal 0 0 -1
    outer loop
      vertex 161.859 -2.21956 0
      vertex 162.05 1.68365 0
      vertex 162.05 -1.68365 0
    endloop
  endfacet
  facet normal 0 0 -1
    outer loop
      vertex 161.859 -2.21956 0
      vertex 161.859 2.21956 0
      vertex 162.05 1.68365 0
    endloop
  endfacet
  facet normal 0 0 -1
    outer loop
      vertex 161.615 -2.7341 0
      vertex 161.859 2.21956 0
      vertex 161.859 -2.21956 0
    endloop
  endfacet
  facet normal 0 0 -1
    outer loop
      vertex 161.615 -2.7341 0
      vertex 161.615 2.7341 0
      vertex 161.859 2.21956 0
    endloop
  endfacet
  facet normal 0 0 -1
    outer loop
      vertex 161.323 -3.22231 0
      vertex 161.615 2.7341 0
      vertex 161.615 -2.7341 0
    endloop
  endfacet
  facet normal 0 0 -1
    outer loop
      vertex 161.323 -3.22231 0
      vertex 161.323 3.22231 0
      vertex 161.615 2.7341 0
    endloop
  endfacet
  facet normal 0 0 -1
    outer loop
      vertex 160.983 -3.67948 0
      vertex 161.323 3.22231 0
      vertex 161.323 -3.22231 0
    endloop
  endfacet
  facet normal 0 0 -1
    outer loop
      vertex 160.983 -3.67948 0
      vertex 160.983 3.67948 0
      vertex 161.323 3.22231 0
    endloop
  endfacet
  facet normal 0 0 -1
    outer loop
      vertex 160.601 -4.10122 0
      vertex 160.983 3.67948 0
      vertex 160.983 -3.67948 0
    endloop
  endfacet
  facet normal 0 0 -1
    outer loop
      vertex 160.601 -4.10122 0
      vertex 160.601 4.10122 0
      vertex 160.983 3.67948 0
    endloop
  endfacet
  facet normal 0 0 -1
    outer loop
      vertex 160.179 -4.48346 0
      vertex 160.601 4.10122 0
      vertex 160.601 -4.10122 0
    endloop
  endfacet
  facet normal 0 0 -1
    outer loop
      vertex 160.179 -4.48346 0
      vertex 160.179 4.48346 0
      vertex 160.601 4.10122 0
    endloop
  endfacet
  facet normal 0 0 -1
    outer loop
      vertex 159.722 -4.82252 0
      vertex 160.179 4.48346 0
      vertex 160.179 -4.48346 0
    endloop
  endfacet
  facet normal 0 0 -1
    outer loop
      vertex 159.722 -4.82252 0
      vertex 159.722 4.82252 0
      vertex 160.179 4.48346 0
    endloop
  endfacet
  facet normal 0 0 -1
    outer loop
      vertex 159.234 -5.11514 0
      vertex 159.722 4.82252 0
      vertex 159.722 -4.82252 0
    endloop
  endfacet
  facet normal 0 0 -1
    outer loop
      vertex 159.234 -5.11514 0
      vertex 159.234 5.11514 0
      vertex 159.722 4.82252 0
    endloop
  endfacet
  facet normal 0 0 -1
    outer loop
      vertex 158.72 -5.3585 0
      vertex 159.234 5.11514 0
      vertex 159.234 -5.11514 0
    endloop
  endfacet
  facet normal 0 0 -1
    outer loop
      vertex 158.72 -5.3585 0
      vertex 158.72 5.3585 0
      vertex 159.234 5.11514 0
    endloop
  endfacet
  facet normal 0 0 -1
    outer loop
      vertex 158.184 -5.55025 0
      vertex 158.72 5.3585 0
      vertex 158.72 -5.3585 0
    endloop
  endfacet
  facet normal 0 0 -1
    outer loop
      vertex 158.184 -5.55025 0
      vertex 158.184 5.55025 0
      vertex 158.72 5.3585 0
    endloop
  endfacet
  facet normal 0 0 -1
    outer loop
      vertex 157.632 -5.68855 0
      vertex 158.184 5.55025 0
      vertex 158.184 -5.55025 0
    endloop
  endfacet
  facet normal 0 0 -1
    outer loop
      vertex 157.632 -5.68855 0
      vertex 157.632 5.68855 0
      vertex 158.184 5.55025 0
    endloop
  endfacet
  facet normal 0 0 -1
    outer loop
      vertex 157.068 -5.77207 0
      vertex 157.632 5.68855 0
      vertex 157.632 -5.68855 0
    endloop
  endfacet
  facet normal 0 0 -1
    outer loop
      vertex 157.068 -5.77207 0
      vertex 157.068 5.77207 0
      vertex 157.632 5.68855 0
    endloop
  endfacet
  facet normal 0 0 -1
    outer loop
      vertex 156.5 -5.8 0
      vertex 157.068 5.77207 0
      vertex 157.068 -5.77207 0
    endloop
  endfacet
  facet normal 0 0 -1
    outer loop
      vertex 156.5 -5.8 0
      vertex 156.5 5.8 0
      vertex 157.068 5.77207 0
    endloop
  endfacet
  facet normal 0 0 -1
    outer loop
      vertex 155.932 -5.77207 0
      vertex 156.5 5.8 0
      vertex 156.5 -5.8 0
    endloop
  endfacet
  facet normal 0 0 -1
    outer loop
      vertex 155.932 -5.77207 0
      vertex 155.932 5.77207 0
      vertex 156.5 5.8 0
    endloop
  endfacet
  facet normal 0 0 -1
    outer loop
      vertex 155.368 -5.68855 0
      vertex 155.932 5.77207 0
      vertex 155.932 -5.77207 0
    endloop
  endfacet
  facet normal 0 0 -1
    outer loop
      vertex 155.368 -5.68855 0
      vertex 155.368 5.68855 0
      vertex 155.932 5.77207 0
    endloop
  endfacet
  facet normal 0 0 -1
    outer loop
      vertex 154.816 -5.55025 0
      vertex 155.368 5.68855 0
      vertex 155.368 -5.68855 0
    endloop
  endfacet
  facet normal 0 0 -1
    outer loop
      vertex 154.816 -5.55025 0
      vertex 154.816 5.55025 0
      vertex 155.368 5.68855 0
    endloop
  endfacet
  facet normal 0 0 -1
    outer loop
      vertex 154.28 -5.3585 0
      vertex 154.816 5.55025 0
      vertex 154.816 -5.55025 0
    endloop
  endfacet
  facet normal 0 0 -1
    outer loop
      vertex 154.28 -5.3585 0
      vertex 154.28 5.3585 0
      vertex 154.816 5.55025 0
    endloop
  endfacet
  facet normal 0 0 -1
    outer loop
      vertex 153.766 -5.11514 0
      vertex 154.28 5.3585 0
      vertex 154.28 -5.3585 0
    endloop
  endfacet
  facet normal 0 0 -1
    outer loop
      vertex 153.766 -5.11514 0
      vertex 153.766 5.11514 0
      vertex 154.28 5.3585 0
    endloop
  endfacet
  facet normal 0 0 -1
    outer loop
      vertex 153.278 -4.82252 0
      vertex 153.766 5.11514 0
      vertex 153.766 -5.11514 0
    endloop
  endfacet
  facet normal 0 0 -1
    outer loop
      vertex 153.278 -4.82252 0
      vertex 153.278 4.82252 0
      vertex 153.766 5.11514 0
    endloop
  endfacet
  facet normal 0 0 -1
    outer loop
      vertex 152.821 -4.48346 0
      vertex 153.278 4.82252 0
      vertex 153.278 -4.82252 0
    endloop
  endfacet
  facet normal 0 0 -1
    outer loop
      vertex 152.821 -4.48346 0
      vertex 152.821 4.48346 0
      vertex 153.278 4.82252 0
    endloop
  endfacet
  facet normal 0 0 -1
    outer loop
      vertex 152.399 -4.10122 0
      vertex 152.821 4.48346 0
      vertex 152.821 -4.48346 0
    endloop
  endfacet
  facet normal 0 0 -1
    outer loop
      vertex 152.399 -4.10122 0
      vertex 152.399 4.10122 0
      vertex 152.821 4.48346 0
    endloop
  endfacet
  facet normal 0 0 -1
    outer loop
      vertex 152.017 -3.67948 0
      vertex 152.399 4.10122 0
      vertex 152.399 -4.10122 0
    endloop
  endfacet
  facet normal 0 0 -1
    outer loop
      vertex 152.017 -3.67948 0
      vertex 152.017 3.67948 0
      vertex 152.399 4.10122 0
    endloop
  endfacet
  facet normal 0 0 -1
    outer loop
      vertex 151.544 -3 0
      vertex 152.017 -3.67948 0
      vertex 151.677 -3.22231 0
    endloop
  endfacet
  facet normal 0 0 -1
    outer loop
      vertex 152.017 -3.67948 0
      vertex 151.544 -3 0
      vertex 152.017 3.67948 0
    endloop
  endfacet
  facet normal 0 0 -1
    outer loop
      vertex 151.544 3 0
      vertex 152.017 3.67948 0
      vertex 151.544 -3 0
    endloop
  endfacet
  facet normal 0 0 -1
    outer loop
      vertex 152.017 3.67948 0
      vertex 151.544 3 0
      vertex 151.677 3.22231 0
    endloop
  endfacet
  facet normal 0 0 -1
    outer loop
      vertex 144 -3 0
      vertex 151.544 3 0
      vertex 151.544 -3 0
    endloop
  endfacet
  facet normal -0 0 -1
    outer loop
      vertex 151.544 3 0
      vertex 144 -3 0
      vertex 144 3 0
    endloop
  endfacet
  facet normal 0 0 -1
    outer loop
      vertex 94 16.4 0
      vertex 144 20 0
      vertex 94 10.6 0
    endloop
  endfacet
  facet normal 0 0 -1
    outer loop
      vertex 94 16.4 0
      vertex 55 20 0
      vertex 144 20 0
    endloop
  endfacet
  facet normal 0 0 -1
    outer loop
      vertex 48.6 16.4 0
      vertex 55 20 0
      vertex 94 16.4 0
    endloop
  endfacet
  facet normal 0 0 -1
    outer loop
      vertex 48.6 33.2 0
      vertex 55 20 0
      vertex 48.6 16.4 0
    endloop
  endfacet
  facet normal 0 0 -1
    outer loop
      vertex 55 20 0
      vertex 48.6 33.2 0
      vertex 55 36 0
    endloop
  endfacet
  facet normal 0 0 -1
    outer loop
      vertex 43.4 33.2 0
      vertex 55 36 0
      vertex 48.6 33.2 0
    endloop
  endfacet
  facet normal 0 0 -1
    outer loop
      vertex 43.4 33.2 0
      vertex 31.8 36 0
      vertex 55 36 0
    endloop
  endfacet
  facet normal 0 0 -1
    outer loop
      vertex 31.8 36 0
      vertex 43.4 33.2 0
      vertex 31.8 20 0
    endloop
  endfacet
  facet normal 0 0 -1
    outer loop
      vertex 18.9732 1.2876 0
      vertex 43.4 10.6 0
      vertex 19.0682 0.646913 0
    endloop
  endfacet
  facet normal 0 0 -1
    outer loop
      vertex 18.8158 1.91588 0
      vertex 43.4 10.6 0
      vertex 18.9732 1.2876 0
    endloop
  endfacet
  facet normal 0 0 -1
    outer loop
      vertex 18.5976 2.52571 0
      vertex 43.4 10.6 0
      vertex 18.8158 1.91588 0
    endloop
  endfacet
  facet normal -0 0 -1
    outer loop
      vertex 43.4 10.6 0
      vertex 18.5976 2.52571 0
      vertex 31.8 20 0
    endloop
  endfacet
  facet normal 0 0 -1
    outer loop
      vertex 18.3207 3.11122 0
      vertex 31.8 20 0
      vertex 18.5976 2.52571 0
    endloop
  endfacet
  facet normal 0 0 -1
    outer loop
      vertex 17.9877 3.66676 0
      vertex 31.8 20 0
      vertex 18.3207 3.11122 0
    endloop
  endfacet
  facet normal 0 0 -1
    outer loop
      vertex 17.6019 4.187 0
      vertex 31.8 20 0
      vertex 17.9877 3.66676 0
    endloop
  endfacet
  facet normal 0 0 -1
    outer loop
      vertex 17.1669 4.6669 0
      vertex 31.8 20 0
      vertex 17.6019 4.187 0
    endloop
  endfacet
  facet normal 0 0 -1
    outer loop
      vertex 16.687 5.10187 0
      vertex 31.8 20 0
      vertex 17.1669 4.6669 0
    endloop
  endfacet
  facet normal 0 0 -1
    outer loop
      vertex 16.1668 5.4877 0
      vertex 31.8 20 0
      vertex 16.687 5.10187 0
    endloop
  endfacet
  facet normal 0 0 -1
    outer loop
      vertex 15.6112 5.82068 0
      vertex 31.8 20 0
      vertex 16.1668 5.4877 0
    endloop
  endfacet
  facet normal 0 0 -1
    outer loop
      vertex 15.0257 6.0976 0
      vertex 31.8 20 0
      vertex 15.6112 5.82068 0
    endloop
  endfacet
  facet normal 0 0 -1
    outer loop
      vertex 14.4159 6.31581 0
      vertex 31.8 20 0
      vertex 15.0257 6.0976 0
    endloop
  endfacet
  facet normal 0 0 -1
    outer loop
      vertex 13.7876 6.47318 0
      vertex 31.8 20 0
      vertex 14.4159 6.31581 0
    endloop
  endfacet
  facet normal 0 0 -1
    outer loop
      vertex 13.1469 6.56822 0
      vertex 31.8 20 0
      vertex 13.7876 6.47318 0
    endloop
  endfacet
  facet normal 0 0 -1
    outer loop
      vertex 0 20 0
      vertex 13.1469 6.56822 0
      vertex 12.5 6.6 0
    endloop
  endfacet
  facet normal 0 0 -1
    outer loop
      vertex 0 20 0
      vertex 12.5 6.6 0
      vertex 11.8531 6.56822 0
    endloop
  endfacet
  facet normal 0 0 -1
    outer loop
      vertex 0 20 0
      vertex 11.8531 6.56822 0
      vertex 11.2124 6.47318 0
    endloop
  endfacet
  facet normal 0 0 -1
    outer loop
      vertex 0 20 0
      vertex 11.2124 6.47318 0
      vertex 10.5841 6.31581 0
    endloop
  endfacet
  facet normal 0 0 -1
    outer loop
      vertex 0 20 0
      vertex 10.5841 6.31581 0
      vertex 9.97429 6.0976 0
    endloop
  endfacet
  facet normal 0 0 -1
    outer loop
      vertex 0 20 0
      vertex 9.97429 6.0976 0
      vertex 9.38878 5.82068 0
    endloop
  endfacet
  facet normal 0 0 -1
    outer loop
      vertex 0 20 0
      vertex 9.38878 5.82068 0
      vertex 8.83324 5.4877 0
    endloop
  endfacet
  facet normal 0 0 -1
    outer loop
      vertex 0 3.7 0
      vertex 7.39813 4.187 0
      vertex 7.03695 3.7 0
    endloop
  endfacet
  facet normal 0 0 -1
    outer loop
      vertex 0 3.7 0
      vertex 7.83309 4.6669 0
      vertex 7.39813 4.187 0
    endloop
  endfacet
  facet normal 0 0 -1
    outer loop
      vertex 0 3.7 0
      vertex 8.313 5.10187 0
      vertex 7.83309 4.6669 0
    endloop
  endfacet
  facet normal 0 0 -1
    outer loop
      vertex 0 20 0
      vertex 8.313 5.10187 0
      vertex 0 3.7 0
    endloop
  endfacet
  facet normal 0 0 -1
    outer loop
      vertex 8.313 5.10187 0
      vertex 0 20 0
      vertex 8.83324 5.4877 0
    endloop
  endfacet
  facet normal 0 0 -1
    outer loop
      vertex 13.1469 6.56822 0
      vertex 0 20 0
      vertex 31.8 20 0
    endloop
  endfacet
  facet normal 0 -0.707131 0.707083
    outer loop
      vertex 144 -2.2 11.5
      vertex 151.828 -2.49698 11.203
      vertex 152.016 -2.2 11.5
    endloop
  endfacet
  facet normal 2.81579e-06 -0.707093 0.70712
    outer loop
      vertex 144 -2.2 11.5
      vertex 151.687 -2.74789 10.9521
      vertex 151.828 -2.49698 11.203
    endloop
  endfacet
  facet normal 0 -0.707107 0.707107
    outer loop
      vertex 151.544 -3 10.7
      vertex 144 -2.2 11.5
      vertex 144 -3 10.7
    endloop
  endfacet
  facet normal 2.80559e-06 -0.707094 0.70712
    outer loop
      vertex 144 -2.2 11.5
      vertex 151.544 -3 10.7
      vertex 151.687 -2.74789 10.9521
    endloop
  endfacet
  facet normal 0 -1 0
    outer loop
      vertex 144 -3 0
      vertex 151.544 -3 10.7
      vertex 144 -3 10.7
    endloop
  endfacet
  facet normal 0 -1 -0
    outer loop
      vertex 151.544 -3 10.7
      vertex 144 -3 0
      vertex 151.544 -3 0
    endloop
  endfacet
  facet normal 0 0 1
    outer loop
      vertex 161.476 0.490086 11.5
      vertex 161.476 -0.490086 11.5
      vertex 161.5 0 11.5
    endloop
  endfacet
  facet normal 0 0 1
    outer loop
      vertex 161.404 0.975451 11.5
      vertex 161.476 -0.490086 11.5
      vertex 161.476 0.490086 11.5
    endloop
  endfacet
  facet normal 0 0 1
    outer loop
      vertex 161.404 0.975451 11.5
      vertex 161.404 -0.975451 11.5
      vertex 161.476 -0.490086 11.5
    endloop
  endfacet
  facet normal 0 0 1
    outer loop
      vertex 161.285 1.45142 11.5
      vertex 161.404 -0.975451 11.5
      vertex 161.404 0.975451 11.5
    endloop
  endfacet
  facet normal 0 0 1
    outer loop
      vertex 161.285 1.45142 11.5
      vertex 161.285 -1.45142 11.5
      vertex 161.404 -0.975451 11.5
    endloop
  endfacet
  facet normal 0 0 1
    outer loop
      vertex 161.119 1.91342 11.5
      vertex 161.285 -1.45142 11.5
      vertex 161.285 1.45142 11.5
    endloop
  endfacet
  facet normal 0 0 1
    outer loop
      vertex 161.119 1.91342 11.5
      vertex 161.119 -1.91342 11.5
      vertex 161.285 -1.45142 11.5
    endloop
  endfacet
  facet normal 0 0 1
    outer loop
      vertex 160.91 2.35698 11.5
      vertex 161.119 -1.91342 11.5
      vertex 161.119 1.91342 11.5
    endloop
  endfacet
  facet normal 0 0 1
    outer loop
      vertex 160.91 2.35698 11.5
      vertex 160.91 -2.35698 11.5
      vertex 161.119 -1.91342 11.5
    endloop
  endfacet
  facet normal 0 0 1
    outer loop
      vertex 160.657 2.77785 11.5
      vertex 160.91 -2.35698 11.5
      vertex 160.91 2.35698 11.5
    endloop
  endfacet
  facet normal 0 0 1
    outer loop
      vertex 160.657 2.77785 11.5
      vertex 160.657 -2.77785 11.5
      vertex 160.91 -2.35698 11.5
    endloop
  endfacet
  facet normal 0 0 1
    outer loop
      vertex 160.365 3.17197 11.5
      vertex 160.657 -2.77785 11.5
      vertex 160.657 2.77785 11.5
    endloop
  endfacet
  facet normal 0 0 1
    outer loop
      vertex 160.365 3.17197 11.5
      vertex 160.365 -3.17197 11.5
      vertex 160.657 -2.77785 11.5
    endloop
  endfacet
  facet normal 0 0 1
    outer loop
      vertex 160.036 3.53553 11.5
      vertex 160.365 -3.17197 11.5
      vertex 160.365 3.17197 11.5
    endloop
  endfacet
  facet normal 0 0 1
    outer loop
      vertex 160.036 3.53553 11.5
      vertex 160.036 -3.53553 11.5
      vertex 160.365 -3.17197 11.5
    endloop
  endfacet
  facet normal 0 0 1
    outer loop
      vertex 159.672 3.86505 11.5
      vertex 160.036 -3.53553 11.5
      vertex 160.036 3.53553 11.5
    endloop
  endfacet
  facet normal 0 0 1
    outer loop
      vertex 159.672 3.86505 11.5
      vertex 159.672 -3.86505 11.5
      vertex 160.036 -3.53553 11.5
    endloop
  endfacet
  facet normal 0 0 1
    outer loop
      vertex 159.278 4.15735 11.5
      vertex 159.672 -3.86505 11.5
      vertex 159.672 3.86505 11.5
    endloop
  endfacet
  facet normal 0 0 1
    outer loop
      vertex 159.278 4.15735 11.5
      vertex 159.278 -4.15735 11.5
      vertex 159.672 -3.86505 11.5
    endloop
  endfacet
  facet normal 0 0 1
    outer loop
      vertex 158.857 4.40961 11.5
      vertex 159.278 -4.15735 11.5
      vertex 159.278 4.15735 11.5
    endloop
  endfacet
  facet normal 0 0 1
    outer loop
      vertex 158.857 4.40961 11.5
      vertex 158.857 -4.40961 11.5
      vertex 159.278 -4.15735 11.5
    endloop
  endfacet
  facet normal 0 0 1
    outer loop
      vertex 158.413 4.6194 11.5
      vertex 158.857 -4.40961 11.5
      vertex 158.857 4.40961 11.5
    endloop
  endfacet
  facet normal 0 0 1
    outer loop
      vertex 158.413 4.6194 11.5
      vertex 158.413 -4.6194 11.5
      vertex 158.857 -4.40961 11.5
    endloop
  endfacet
  facet normal 0 0 1
    outer loop
      vertex 157.951 4.7847 11.5
      vertex 158.413 -4.6194 11.5
      vertex 158.413 4.6194 11.5
    endloop
  endfacet
  facet normal 0 0 1
    outer loop
      vertex 157.951 4.7847 11.5
      vertex 157.951 -4.7847 11.5
      vertex 158.413 -4.6194 11.5
    endloop
  endfacet
  facet normal 0 0 1
    outer loop
      vertex 157.475 4.90393 11.5
      vertex 157.951 -4.7847 11.5
      vertex 157.951 4.7847 11.5
    endloop
  endfacet
  facet normal 0 0 1
    outer loop
      vertex 157.475 4.90393 11.5
      vertex 157.475 -4.90393 11.5
      vertex 157.951 -4.7847 11.5
    endloop
  endfacet
  facet normal 0 0 1
    outer loop
      vertex 156.99 4.97592 11.5
      vertex 157.475 -4.90393 11.5
      vertex 157.475 4.90393 11.5
    endloop
  endfacet
  facet normal 0 0 1
    outer loop
      vertex 156.99 4.97592 11.5
      vertex 156.99 -4.97592 11.5
      vertex 157.475 -4.90393 11.5
    endloop
  endfacet
  facet normal 0 0 1
    outer loop
      vertex 156.5 5 11.5
      vertex 156.99 -4.97592 11.5
      vertex 156.99 4.97592 11.5
    endloop
  endfacet
  facet normal 0 0 1
    outer loop
      vertex 156.5 5 11.5
      vertex 156.5 -5 11.5
      vertex 156.99 -4.97592 11.5
    endloop
  endfacet
  facet normal -0 0 1
    outer loop
      vertex 156.01 4.97592 11.5
      vertex 156.5 -5 11.5
      vertex 156.5 5 11.5
    endloop
  endfacet
  facet normal 0 0 1
    outer loop
      vertex 156.01 4.97592 11.5
      vertex 156.01 -4.97592 11.5
      vertex 156.5 -5 11.5
    endloop
  endfacet
  facet normal -0 0 1
    outer loop
      vertex 155.525 4.90393 11.5
      vertex 156.01 -4.97592 11.5
      vertex 156.01 4.97592 11.5
    endloop
  endfacet
  facet normal 0 0 1
    outer loop
      vertex 155.525 4.90393 11.5
      vertex 155.525 -4.90393 11.5
      vertex 156.01 -4.97592 11.5
    endloop
  endfacet
  facet normal -0 0 1
    outer loop
      vertex 155.049 4.7847 11.5
      vertex 155.525 -4.90393 11.5
      vertex 155.525 4.90393 11.5
    endloop
  endfacet
  facet normal 0 0 1
    outer loop
      vertex 155.049 4.7847 11.5
      vertex 155.049 -4.7847 11.5
      vertex 155.525 -4.90393 11.5
    endloop
  endfacet
  facet normal -0 0 1
    outer loop
      vertex 154.587 4.6194 11.5
      vertex 155.049 -4.7847 11.5
      vertex 155.049 4.7847 11.5
    endloop
  endfacet
  facet normal 0 0 1
    outer loop
      vertex 154.587 4.6194 11.5
      vertex 154.587 -4.6194 11.5
      vertex 155.049 -4.7847 11.5
    endloop
  endfacet
  facet normal -0 0 1
    outer loop
      vertex 154.143 4.40961 11.5
      vertex 154.587 -4.6194 11.5
      vertex 154.587 4.6194 11.5
    endloop
  endfacet
  facet normal 0 0 1
    outer loop
      vertex 154.143 4.40961 11.5
      vertex 154.143 -4.40961 11.5
      vertex 154.587 -4.6194 11.5
    endloop
  endfacet
  facet normal -0 0 1
    outer loop
      vertex 153.722 4.15735 11.5
      vertex 154.143 -4.40961 11.5
      vertex 154.143 4.40961 11.5
    endloop
  endfacet
  facet normal 0 0 1
    outer loop
      vertex 153.722 4.15735 11.5
      vertex 153.722 -4.15735 11.5
      vertex 154.143 -4.40961 11.5
    endloop
  endfacet
  facet normal -0 0 1
    outer loop
      vertex 153.328 3.86505 11.5
      vertex 153.722 -4.15735 11.5
      vertex 153.722 4.15735 11.5
    endloop
  endfacet
  facet normal 0 0 1
    outer loop
      vertex 153.328 3.86505 11.5
      vertex 153.328 -3.86505 11.5
      vertex 153.722 -4.15735 11.5
    endloop
  endfacet
  facet normal -0 0 1
    outer loop
      vertex 152.964 3.53553 11.5
      vertex 153.328 -3.86505 11.5
      vertex 153.328 3.86505 11.5
    endloop
  endfacet
  facet normal 0 0 1
    outer loop
      vertex 152.964 3.53553 11.5
      vertex 152.964 -3.53553 11.5
      vertex 153.328 -3.86505 11.5
    endloop
  endfacet
  facet normal -0 0 1
    outer loop
      vertex 152.635 3.17197 11.5
      vertex 152.964 -3.53553 11.5
      vertex 152.964 3.53553 11.5
    endloop
  endfacet
  facet normal 0 0 1
    outer loop
      vertex 152.635 3.17197 11.5
      vertex 152.635 -3.17197 11.5
      vertex 152.964 -3.53553 11.5
    endloop
  endfacet
  facet normal -0 0 1
    outer loop
      vertex 152.343 2.77785 11.5
      vertex 152.635 -3.17197 11.5
      vertex 152.635 3.17197 11.5
    endloop
  endfacet
  facet normal 0 0 1
    outer loop
      vertex 152.343 2.77785 11.5
      vertex 152.343 -2.77785 11.5
      vertex 152.635 -3.17197 11.5
    endloop
  endfacet
  facet normal 0 0 1
    outer loop
      vertex 152.016 2.2 11.5
      vertex 152.343 2.77785 11.5
      vertex 152.09 2.35698 11.5
    endloop
  endfacet
  facet normal 0 0 1
    outer loop
      vertex 152.343 2.77785 11.5
      vertex 152.016 2.2 11.5
      vertex 152.343 -2.77785 11.5
    endloop
  endfacet
  facet normal -0 0 1
    outer loop
      vertex 152.016 -2.2 11.5
      vertex 152.343 -2.77785 11.5
      vertex 152.016 2.2 11.5
    endloop
  endfacet
  facet normal 0 0 1
    outer loop
      vertex 152.343 -2.77785 11.5
      vertex 152.016 -2.2 11.5
      vertex 152.09 -2.35698 11.5
    endloop
  endfacet
  facet normal -0 0 1
    outer loop
      vertex 144 2.2 11.5
      vertex 152.016 -2.2 11.5
      vertex 152.016 2.2 11.5
    endloop
  endfacet
  facet normal 0 0 1
    outer loop
      vertex 152.016 -2.2 11.5
      vertex 144 2.2 11.5
      vertex 144 -2.2 11.5
    endloop
  endfacet
  facet normal 0 1 -0
    outer loop
      vertex 151.544 3 0
      vertex 144 3 10.7
      vertex 151.544 3 10.7
    endloop
  endfacet
  facet normal 0 1 0
    outer loop
      vertex 144 3 10.7
      vertex 151.544 3 0
      vertex 144 3 0
    endloop
  endfacet
  facet normal 0 0.707131 0.707083
    outer loop
      vertex 151.828 2.49698 11.203
      vertex 144 2.2 11.5
      vertex 152.016 2.2 11.5
    endloop
  endfacet
  facet normal 2.81579e-06 0.707093 0.70712
    outer loop
      vertex 151.687 2.74789 10.9521
      vertex 144 2.2 11.5
      vertex 151.828 2.49698 11.203
    endloop
  endfacet
  facet normal 2.80559e-06 0.707094 0.70712
    outer loop
      vertex 151.544 3 10.7
      vertex 144 2.2 11.5
      vertex 151.687 2.74789 10.9521
    endloop
  endfacet
  facet normal 0 0.707107 0.707107
    outer loop
      vertex 144 2.2 11.5
      vertex 151.544 3 10.7
      vertex 144 3 10.7
    endloop
  endfacet
  facet normal -0.243032 -0.970018 0
    outer loop
      vertex 154.816 -5.55025 0
      vertex 155.368 -5.68855 10.7
      vertex 154.816 -5.55025 10.7
    endloop
  endfacet
  facet normal -0.243032 -0.970018 -0
    outer loop
      vertex 155.368 -5.68855 10.7
      vertex 154.816 -5.55025 0
      vertex 155.368 -5.68855 0
    endloop
  endfacet
  facet normal 0.336837 0.941563 -0
    outer loop
      vertex 158.72 5.3585 0
      vertex 158.184 5.55025 10.7
      vertex 158.72 5.3585 10.7
    endloop
  endfacet
  facet normal 0.336837 0.941563 0
    outer loop
      vertex 158.184 5.55025 10.7
      vertex 158.72 5.3585 0
      vertex 158.184 5.55025 0
    endloop
  endfacet
  facet normal 0.989308 0.145843 0
    outer loop
      vertex 162.272 0.568499 10.7
      vertex 162.189 1.13152 0
      vertex 162.189 1.13152 10.7
    endloop
  endfacet
  facet normal 0.989308 0.145843 0
    outer loop
      vertex 162.189 1.13152 0
      vertex 162.272 0.568499 10.7
      vertex 162.272 0.568499 0
    endloop
  endfacet
  facet normal 0.998789 0.0491929 0
    outer loop
      vertex 162.3 0 10.7
      vertex 162.272 0.568499 0
      vertex 162.272 0.568499 10.7
    endloop
  endfacet
  facet normal 0.998789 0.0491929 0
    outer loop
      vertex 162.272 0.568499 0
      vertex 162.3 0 10.7
      vertex 162.3 0 0
    endloop
  endfacet
  facet normal 0.969741 0.244135 0
    outer loop
      vertex 162.189 1.13152 10.7
      vertex 162.05 1.68365 0
      vertex 162.05 1.68365 10.7
    endloop
  endfacet
  facet normal 0.969741 0.244135 0
    outer loop
      vertex 162.05 1.68365 0
      vertex 162.189 1.13152 10.7
      vertex 162.189 1.13152 0
    endloop
  endfacet
  facet normal 0.0491132 -0.998793 0
    outer loop
      vertex 156.5 -5.8 0
      vertex 157.068 -5.77207 10.7
      vertex 156.5 -5.8 10.7
    endloop
  endfacet
  facet normal 0.0491132 -0.998793 0
    outer loop
      vertex 157.068 -5.77207 10.7
      vertex 156.5 -5.8 0
      vertex 157.068 -5.77207 0
    endloop
  endfacet
  facet normal 0.671329 -0.74116 0
    outer loop
      vertex 160.179 -4.48346 0
      vertex 160.601 -4.10122 10.7
      vertex 160.179 -4.48346 10.7
    endloop
  endfacet
  facet normal 0.671329 -0.74116 0
    outer loop
      vertex 160.601 -4.10122 10.7
      vertex 160.179 -4.48346 0
      vertex 160.601 -4.10122 0
    endloop
  endfacet
  facet normal 0.85821 0.513298 0
    outer loop
      vertex 161.615 2.7341 10.7
      vertex 161.323 3.22231 0
      vertex 161.323 3.22231 10.7
    endloop
  endfacet
  facet normal 0.85821 0.513298 0
    outer loop
      vertex 161.323 3.22231 0
      vertex 161.615 2.7341 10.7
      vertex 161.615 2.7341 0
    endloop
  endfacet
  facet normal 0.802418 -0.596763 0
    outer loop
      vertex 160.983 -3.67948 10.7
      vertex 161.323 -3.22231 0
      vertex 161.323 -3.22231 10.7
    endloop
  endfacet
  facet normal 0.802418 -0.596763 0
    outer loop
      vertex 161.323 -3.22231 0
      vertex 160.983 -3.67948 10.7
      vertex 160.983 -3.67948 0
    endloop
  endfacet
  facet normal 0.998789 -0.0491929 0
    outer loop
      vertex 162.272 -0.568499 10.7
      vertex 162.3 0 0
      vertex 162.3 0 10.7
    endloop
  endfacet
  facet normal 0.998789 -0.0491929 0
    outer loop
      vertex 162.3 0 0
      vertex 162.272 -0.568499 10.7
      vertex 162.272 -0.568499 0
    endloop
  endfacet
  facet normal 0.336837 -0.941563 0
    outer loop
      vertex 158.184 -5.55025 0
      vertex 158.72 -5.3585 10.7
      vertex 158.184 -5.55025 10.7
    endloop
  endfacet
  facet normal 0.336837 -0.941563 0
    outer loop
      vertex 158.72 -5.3585 10.7
      vertex 158.184 -5.55025 0
      vertex 158.72 -5.3585 0
    endloop
  endfacet
  facet normal 0.146488 -0.989213 0
    outer loop
      vertex 157.068 -5.77207 0
      vertex 157.632 -5.68855 10.7
      vertex 157.068 -5.77207 10.7
    endloop
  endfacet
  facet normal 0.146488 -0.989213 0
    outer loop
      vertex 157.632 -5.68855 10.7
      vertex 157.068 -5.77207 0
      vertex 157.632 -5.68855 0
    endloop
  endfacet
  facet normal 0.941962 0.335718 0
    outer loop
      vertex 162.05 1.68365 10.7
      vertex 161.859 2.21956 0
      vertex 161.859 2.21956 10.7
    endloop
  endfacet
  facet normal 0.941962 0.335718 0
    outer loop
      vertex 161.859 2.21956 0
      vertex 162.05 1.68365 10.7
      vertex 162.05 1.68365 0
    endloop
  endfacet
  facet normal 0.903554 0.428474 0
    outer loop
      vertex 161.859 2.21956 10.7
      vertex 161.615 2.7341 0
      vertex 161.615 2.7341 10.7
    endloop
  endfacet
  facet normal 0.903554 0.428474 0
    outer loop
      vertex 161.615 2.7341 0
      vertex 161.859 2.21956 10.7
      vertex 161.859 2.21956 0
    endloop
  endfacet
  facet normal 0.146488 0.989213 -0
    outer loop
      vertex 157.632 5.68855 0
      vertex 157.068 5.77207 10.7
      vertex 157.632 5.68855 10.7
    endloop
  endfacet
  facet normal 0.146488 0.989213 0
    outer loop
      vertex 157.068 5.77207 10.7
      vertex 157.632 5.68855 0
      vertex 157.068 5.77207 0
    endloop
  endfacet
  facet normal 0.595842 0.803102 -0
    outer loop
      vertex 160.179 4.48346 0
      vertex 159.722 4.82252 10.7
      vertex 160.179 4.48346 10.7
    endloop
  endfacet
  facet normal 0.595842 0.803102 0
    outer loop
      vertex 159.722 4.82252 10.7
      vertex 160.179 4.48346 0
      vertex 159.722 4.82252 0
    endloop
  endfacet
  facet normal 0.0491132 0.998793 -0
    outer loop
      vertex 157.068 5.77207 0
      vertex 156.5 5.8 10.7
      vertex 157.068 5.77207 10.7
    endloop
  endfacet
  facet normal 0.0491132 0.998793 0
    outer loop
      vertex 156.5 5.8 10.7
      vertex 157.068 5.77207 0
      vertex 156.5 5.8 0
    endloop
  endfacet
  facet normal 0.514263 0.857632 -0
    outer loop
      vertex 159.722 4.82252 0
      vertex 159.234 5.11514 10.7
      vertex 159.722 4.82252 10.7
    endloop
  endfacet
  facet normal 0.514263 0.857632 0
    outer loop
      vertex 159.234 5.11514 10.7
      vertex 159.722 4.82252 0
      vertex 159.234 5.11514 0
    endloop
  endfacet
  facet normal 0.514263 -0.857632 0
    outer loop
      vertex 159.234 -5.11514 0
      vertex 159.722 -4.82252 10.7
      vertex 159.234 -5.11514 10.7
    endloop
  endfacet
  facet normal 0.514263 -0.857632 0
    outer loop
      vertex 159.722 -4.82252 10.7
      vertex 159.234 -5.11514 0
      vertex 159.722 -4.82252 0
    endloop
  endfacet
  facet normal 0.671329 0.74116 -0
    outer loop
      vertex 160.601 4.10122 0
      vertex 160.179 4.48346 10.7
      vertex 160.601 4.10122 10.7
    endloop
  endfacet
  facet normal 0.671329 0.74116 0
    outer loop
      vertex 160.179 4.48346 10.7
      vertex 160.601 4.10122 0
      vertex 160.179 4.48346 0
    endloop
  endfacet
  facet normal -0.146488 0.989213 0
    outer loop
      vertex 155.932 5.77207 0
      vertex 155.368 5.68855 10.7
      vertex 155.932 5.77207 10.7
    endloop
  endfacet
  facet normal -0.146488 0.989213 0
    outer loop
      vertex 155.368 5.68855 10.7
      vertex 155.932 5.77207 0
      vertex 155.368 5.68855 0
    endloop
  endfacet
  facet normal -0.802418 0.596763 0
    outer loop
      vertex 151.677 3.22231 0
      vertex 152.017 3.67948 10.7
      vertex 152.017 3.67948 0
    endloop
  endfacet
  facet normal -0.802418 0.596763 0
    outer loop
      vertex 152.017 3.67948 10.7
      vertex 151.677 3.22231 0
      vertex 151.677 3.22231 10.7
    endloop
  endfacet
  facet normal 0.427923 -0.903815 0
    outer loop
      vertex 158.72 -5.3585 0
      vertex 159.234 -5.11514 10.7
      vertex 158.72 -5.3585 10.7
    endloop
  endfacet
  facet normal 0.427923 -0.903815 0
    outer loop
      vertex 159.234 -5.11514 10.7
      vertex 158.72 -5.3585 0
      vertex 159.234 -5.11514 0
    endloop
  endfacet
  facet normal 0.802418 0.596763 0
    outer loop
      vertex 161.323 3.22231 10.7
      vertex 160.983 3.67948 0
      vertex 160.983 3.67948 10.7
    endloop
  endfacet
  facet normal 0.802418 0.596763 0
    outer loop
      vertex 160.983 3.67948 0
      vertex 161.323 3.22231 10.7
      vertex 161.323 3.22231 0
    endloop
  endfacet
  facet normal -0.514263 0.857632 0
    outer loop
      vertex 153.766 5.11514 0
      vertex 153.278 4.82252 10.7
      vertex 153.766 5.11514 10.7
    endloop
  endfacet
  facet normal -0.514263 0.857632 0
    outer loop
      vertex 153.278 4.82252 10.7
      vertex 153.766 5.11514 0
      vertex 153.278 4.82252 0
    endloop
  endfacet
  facet normal -0.336837 0.941563 0
    outer loop
      vertex 154.816 5.55025 0
      vertex 154.28 5.3585 10.7
      vertex 154.816 5.55025 10.7
    endloop
  endfacet
  facet normal -0.336837 0.941563 0
    outer loop
      vertex 154.28 5.3585 10.7
      vertex 154.816 5.55025 0
      vertex 154.28 5.3585 0
    endloop
  endfacet
  facet normal 0.427923 0.903815 -0
    outer loop
      vertex 159.234 5.11514 0
      vertex 158.72 5.3585 10.7
      vertex 159.234 5.11514 10.7
    endloop
  endfacet
  facet normal 0.427923 0.903815 0
    outer loop
      vertex 158.72 5.3585 10.7
      vertex 159.234 5.11514 0
      vertex 158.72 5.3585 0
    endloop
  endfacet
  facet normal -0.243032 0.970018 0
    outer loop
      vertex 155.368 5.68855 0
      vertex 154.816 5.55025 10.7
      vertex 155.368 5.68855 10.7
    endloop
  endfacet
  facet normal -0.243032 0.970018 0
    outer loop
      vertex 154.816 5.55025 10.7
      vertex 155.368 5.68855 0
      vertex 154.816 5.55025 0
    endloop
  endfacet
  facet normal -0.595842 -0.803102 0
    outer loop
      vertex 152.821 -4.48346 0
      vertex 153.278 -4.82252 10.7
      vertex 152.821 -4.48346 10.7
    endloop
  endfacet
  facet normal -0.595842 -0.803102 -0
    outer loop
      vertex 153.278 -4.82252 10.7
      vertex 152.821 -4.48346 0
      vertex 153.278 -4.82252 0
    endloop
  endfacet
  facet normal 0.969741 -0.244135 0
    outer loop
      vertex 162.05 -1.68365 10.7
      vertex 162.189 -1.13152 0
      vertex 162.189 -1.13152 10.7
    endloop
  endfacet
  facet normal 0.969741 -0.244135 0
    outer loop
      vertex 162.189 -1.13152 0
      vertex 162.05 -1.68365 10.7
      vertex 162.05 -1.68365 0
    endloop
  endfacet
  facet normal 0.941962 -0.335718 0
    outer loop
      vertex 161.859 -2.21956 10.7
      vertex 162.05 -1.68365 0
      vertex 162.05 -1.68365 10.7
    endloop
  endfacet
  facet normal 0.941962 -0.335718 0
    outer loop
      vertex 162.05 -1.68365 0
      vertex 161.859 -2.21956 10.7
      vertex 161.859 -2.21956 0
    endloop
  endfacet
  facet normal 0.741163 0.671325 0
    outer loop
      vertex 160.983 3.67948 10.7
      vertex 160.601 4.10122 0
      vertex 160.601 4.10122 10.7
    endloop
  endfacet
  facet normal 0.741163 0.671325 0
    outer loop
      vertex 160.601 4.10122 0
      vertex 160.983 3.67948 10.7
      vertex 160.983 3.67948 0
    endloop
  endfacet
  facet normal -0.595842 0.803102 0
    outer loop
      vertex 153.278 4.82252 0
      vertex 152.821 4.48346 10.7
      vertex 153.278 4.82252 10.7
    endloop
  endfacet
  facet normal -0.595842 0.803102 0
    outer loop
      vertex 152.821 4.48346 10.7
      vertex 153.278 4.82252 0
      vertex 152.821 4.48346 0
    endloop
  endfacet
  facet normal -0.336837 -0.941563 0
    outer loop
      vertex 154.28 -5.3585 0
      vertex 154.816 -5.55025 10.7
      vertex 154.28 -5.3585 10.7
    endloop
  endfacet
  facet normal -0.336837 -0.941563 -0
    outer loop
      vertex 154.816 -5.55025 10.7
      vertex 154.28 -5.3585 0
      vertex 154.816 -5.55025 0
    endloop
  endfacet
  facet normal 0.903554 -0.428474 0
    outer loop
      vertex 161.615 -2.7341 10.7
      vertex 161.859 -2.21956 0
      vertex 161.859 -2.21956 10.7
    endloop
  endfacet
  facet normal 0.903554 -0.428474 0
    outer loop
      vertex 161.859 -2.21956 0
      vertex 161.615 -2.7341 10.7
      vertex 161.615 -2.7341 0
    endloop
  endfacet
  facet normal -0.0491132 0.998793 0
    outer loop
      vertex 156.5 5.8 0
      vertex 155.932 5.77207 10.7
      vertex 156.5 5.8 10.7
    endloop
  endfacet
  facet normal -0.0491132 0.998793 0
    outer loop
      vertex 155.932 5.77207 10.7
      vertex 156.5 5.8 0
      vertex 155.932 5.77207 0
    endloop
  endfacet
  facet normal 0.243032 0.970018 -0
    outer loop
      vertex 158.184 5.55025 0
      vertex 157.632 5.68855 10.7
      vertex 158.184 5.55025 10.7
    endloop
  endfacet
  facet normal 0.243032 0.970018 0
    outer loop
      vertex 157.632 5.68855 10.7
      vertex 158.184 5.55025 0
      vertex 157.632 5.68855 0
    endloop
  endfacet
  facet normal -0.671329 -0.74116 0
    outer loop
      vertex 152.399 -4.10122 0
      vertex 152.821 -4.48346 10.7
      vertex 152.399 -4.10122 10.7
    endloop
  endfacet
  facet normal -0.671329 -0.74116 -0
    outer loop
      vertex 152.821 -4.48346 10.7
      vertex 152.399 -4.10122 0
      vertex 152.821 -4.48346 0
    endloop
  endfacet
  facet normal 0.989308 -0.145843 0
    outer loop
      vertex 162.189 -1.13152 10.7
      vertex 162.272 -0.568499 0
      vertex 162.272 -0.568499 10.7
    endloop
  endfacet
  facet normal 0.989308 -0.145843 0
    outer loop
      vertex 162.272 -0.568499 0
      vertex 162.189 -1.13152 10.7
      vertex 162.189 -1.13152 0
    endloop
  endfacet
  facet normal 0.741163 -0.671325 0
    outer loop
      vertex 160.601 -4.10122 10.7
      vertex 160.983 -3.67948 0
      vertex 160.983 -3.67948 10.7
    endloop
  endfacet
  facet normal 0.741163 -0.671325 0
    outer loop
      vertex 160.983 -3.67948 0
      vertex 160.601 -4.10122 10.7
      vertex 160.601 -4.10122 0
    endloop
  endfacet
  facet normal -0.427923 0.903815 0
    outer loop
      vertex 154.28 5.3585 0
      vertex 153.766 5.11514 10.7
      vertex 154.28 5.3585 10.7
    endloop
  endfacet
  facet normal -0.427923 0.903815 0
    outer loop
      vertex 153.766 5.11514 10.7
      vertex 154.28 5.3585 0
      vertex 153.766 5.11514 0
    endloop
  endfacet
  facet normal 0.85821 -0.513298 0
    outer loop
      vertex 161.323 -3.22231 10.7
      vertex 161.615 -2.7341 0
      vertex 161.615 -2.7341 10.7
    endloop
  endfacet
  facet normal 0.85821 -0.513298 0
    outer loop
      vertex 161.615 -2.7341 0
      vertex 161.323 -3.22231 10.7
      vertex 161.323 -3.22231 0
    endloop
  endfacet
  facet normal -0.741163 -0.671325 0
    outer loop
      vertex 152.399 -4.10122 0
      vertex 152.017 -3.67948 10.7
      vertex 152.017 -3.67948 0
    endloop
  endfacet
  facet normal -0.741163 -0.671325 0
    outer loop
      vertex 152.017 -3.67948 10.7
      vertex 152.399 -4.10122 0
      vertex 152.399 -4.10122 10.7
    endloop
  endfacet
  facet normal -0.802418 -0.596763 0
    outer loop
      vertex 152.017 -3.67948 0
      vertex 151.677 -3.22231 10.7
      vertex 151.677 -3.22231 0
    endloop
  endfacet
  facet normal -0.802418 -0.596763 0
    outer loop
      vertex 151.677 -3.22231 10.7
      vertex 152.017 -3.67948 0
      vertex 152.017 -3.67948 10.7
    endloop
  endfacet
  facet normal 0.243032 -0.970018 0
    outer loop
      vertex 157.632 -5.68855 0
      vertex 158.184 -5.55025 10.7
      vertex 157.632 -5.68855 10.7
    endloop
  endfacet
  facet normal 0.243032 -0.970018 0
    outer loop
      vertex 158.184 -5.55025 10.7
      vertex 157.632 -5.68855 0
      vertex 158.184 -5.55025 0
    endloop
  endfacet
  facet normal -0.671329 0.74116 0
    outer loop
      vertex 152.821 4.48346 0
      vertex 152.399 4.10122 10.7
      vertex 152.821 4.48346 10.7
    endloop
  endfacet
  facet normal -0.671329 0.74116 0
    outer loop
      vertex 152.399 4.10122 10.7
      vertex 152.821 4.48346 0
      vertex 152.399 4.10122 0
    endloop
  endfacet
  facet normal -0.514263 -0.857632 0
    outer loop
      vertex 153.278 -4.82252 0
      vertex 153.766 -5.11514 10.7
      vertex 153.278 -4.82252 10.7
    endloop
  endfacet
  facet normal -0.514263 -0.857632 -0
    outer loop
      vertex 153.766 -5.11514 10.7
      vertex 153.278 -4.82252 0
      vertex 153.766 -5.11514 0
    endloop
  endfacet
  facet normal -0.0491132 -0.998793 0
    outer loop
      vertex 155.932 -5.77207 0
      vertex 156.5 -5.8 10.7
      vertex 155.932 -5.77207 10.7
    endloop
  endfacet
  facet normal -0.0491132 -0.998793 -0
    outer loop
      vertex 156.5 -5.8 10.7
      vertex 155.932 -5.77207 0
      vertex 156.5 -5.8 0
    endloop
  endfacet
  facet normal -0.741163 0.671325 0
    outer loop
      vertex 152.017 3.67948 0
      vertex 152.399 4.10122 10.7
      vertex 152.399 4.10122 0
    endloop
  endfacet
  facet normal -0.741163 0.671325 0
    outer loop
      vertex 152.399 4.10122 10.7
      vertex 152.017 3.67948 0
      vertex 152.017 3.67948 10.7
    endloop
  endfacet
  facet normal 0.595842 -0.803102 0
    outer loop
      vertex 159.722 -4.82252 0
      vertex 160.179 -4.48346 10.7
      vertex 159.722 -4.82252 10.7
    endloop
  endfacet
  facet normal 0.595842 -0.803102 0
    outer loop
      vertex 160.179 -4.48346 10.7
      vertex 159.722 -4.82252 0
      vertex 160.179 -4.48346 0
    endloop
  endfacet
  facet normal -0.85815 0.5134 0
    outer loop
      vertex 151.544 3 0
      vertex 151.677 3.22231 10.7
      vertex 151.677 3.22231 0
    endloop
  endfacet
  facet normal -0.85815 0.5134 0
    outer loop
      vertex 151.677 3.22231 10.7
      vertex 151.544 3 0
      vertex 151.544 3 10.7
    endloop
  endfacet
  facet normal -0.85815 -0.5134 0
    outer loop
      vertex 151.677 -3.22231 0
      vertex 151.544 -3 10.7
      vertex 151.544 -3 0
    endloop
  endfacet
  facet normal -0.85815 -0.5134 0
    outer loop
      vertex 151.544 -3 10.7
      vertex 151.677 -3.22231 0
      vertex 151.677 -3.22231 10.7
    endloop
  endfacet
  facet normal -0.146488 -0.989213 0
    outer loop
      vertex 155.368 -5.68855 0
      vertex 155.932 -5.77207 10.7
      vertex 155.368 -5.68855 10.7
    endloop
  endfacet
  facet normal -0.146488 -0.989213 -0
    outer loop
      vertex 155.932 -5.77207 10.7
      vertex 155.368 -5.68855 0
      vertex 155.932 -5.77207 0
    endloop
  endfacet
  facet normal -0.427923 -0.903815 0
    outer loop
      vertex 153.766 -5.11514 0
      vertex 154.28 -5.3585 10.7
      vertex 153.766 -5.11514 10.7
    endloop
  endfacet
  facet normal -0.427923 -0.903815 -0
    outer loop
      vertex 154.28 -5.3585 10.7
      vertex 153.766 -5.11514 0
      vertex 154.28 -5.3585 0
    endloop
  endfacet
  facet normal 0.706678 0.0348057 0.706678
    outer loop
      vertex 162.272 0.568499 10.7
      vertex 161.5 0 11.5
      vertex 162.3 0 10.7
    endloop
  endfacet
  facet normal 0.524705 -0.474826 0.706558
    outer loop
      vertex 160.365 -3.17197 11.5
      vertex 160.036 -3.53553 11.5
      vertex 160.983 -3.67948 10.7
    endloop
  endfacet
  facet normal -0.606362 -0.364506 0.706726
    outer loop
      vertex 151.828 -2.49698 11.203
      vertex 152.343 -2.77785 11.5
      vertex 152.09 -2.35698 11.5
    endloop
  endfacet
  facet normal -0.606498 -0.36533 0.706183
    outer loop
      vertex 152.343 -2.77785 11.5
      vertex 151.828 -2.49698 11.203
      vertex 151.687 -2.74789 10.9521
    endloop
  endfacet
  facet normal 0.68599 -0.1727 0.706819
    outer loop
      vertex 162.189 -1.13152 10.7
      vertex 161.404 -0.975451 11.5
      vertex 162.05 -1.68365 10.7
    endloop
  endfacet
  facet normal -0.568627 0.42129 0.706525
    outer loop
      vertex 152.635 3.17197 11.5
      vertex 152.017 3.67948 10.7
      vertex 152.343 2.77785 11.5
    endloop
  endfacet
  facet normal 0.421652 0.568322 0.706555
    outer loop
      vertex 159.722 4.82252 10.7
      vertex 159.278 4.15735 11.5
      vertex 160.179 4.48346 10.7
    endloop
  endfacet
  facet normal 0.238314 0.666069 0.706795
    outer loop
      vertex 158.184 5.55025 10.7
      vertex 157.951 4.7847 11.5
      vertex 158.413 4.6194 11.5
    endloop
  endfacet
  facet normal 0.238281 0.666069 0.706805
    outer loop
      vertex 158.72 5.3585 10.7
      vertex 158.184 5.55025 10.7
      vertex 158.413 4.6194 11.5
    endloop
  endfacet
  facet normal -0.238314 0.666069 0.706795
    outer loop
      vertex 154.816 5.55025 10.7
      vertex 154.587 4.6194 11.5
      vertex 155.049 4.7847 11.5
    endloop
  endfacet
  facet normal 0.606957 -0.363023 0.706978
    outer loop
      vertex 161.615 -2.7341 10.7
      vertex 160.657 -2.77785 11.5
      vertex 161.323 -3.22231 10.7
    endloop
  endfacet
  facet normal -0.474936 0.524632 0.706538
    outer loop
      vertex 153.328 3.86505 11.5
      vertex 152.821 4.48346 10.7
      vertex 152.964 3.53553 11.5
    endloop
  endfacet
  facet normal -0.0347287 0.706688 0.706673
    outer loop
      vertex 156.5 5 11.5
      vertex 155.932 5.77207 10.7
      vertex 156.01 4.97592 11.5
    endloop
  endfacet
  facet normal -0.524705 -0.474826 0.706558
    outer loop
      vertex 152.635 -3.17197 11.5
      vertex 152.017 -3.67948 10.7
      vertex 152.964 -3.53553 11.5
    endloop
  endfacet
  facet normal -0.607047 0.36288 0.706974
    outer loop
      vertex 151.677 3.22231 10.7
      vertex 151.687 2.74789 10.9521
      vertex 152.343 2.77785 11.5
    endloop
  endfacet
  facet normal -0.606745 0.362993 0.707175
    outer loop
      vertex 151.687 2.74789 10.9521
      vertex 151.677 3.22231 10.7
      vertex 151.544 3 10.7
    endloop
  endfacet
  facet normal -0.56752 0.422068 0.706951
    outer loop
      vertex 152.017 3.67948 10.7
      vertex 151.677 3.22231 10.7
      vertex 152.343 2.77785 11.5
    endloop
  endfacet
  facet normal 0.30228 0.639746 0.706649
    outer loop
      vertex 159.234 5.11514 10.7
      vertex 158.413 4.6194 11.5
      vertex 158.857 4.40961 11.5
    endloop
  endfacet
  facet normal 0.568627 0.42129 0.706525
    outer loop
      vertex 160.983 3.67948 10.7
      vertex 160.365 3.17197 11.5
      vertex 160.657 2.77785 11.5
    endloop
  endfacet
  facet normal 0.103874 -0.699807 0.706739
    outer loop
      vertex 157.475 -4.90393 11.5
      vertex 156.99 -4.97592 11.5
      vertex 157.632 -5.68855 10.7
    endloop
  endfacet
  facet normal 0.700016 0.103196 0.706631
    outer loop
      vertex 162.189 1.13152 10.7
      vertex 161.476 0.490086 11.5
      vertex 162.272 0.568499 10.7
    endloop
  endfacet
  facet normal -0.524567 0.475138 0.706451
    outer loop
      vertex 152.399 4.10122 10.7
      vertex 152.017 3.67948 10.7
      vertex 152.964 3.53553 11.5
    endloop
  endfacet
  facet normal -0.524567 -0.475138 0.706451
    outer loop
      vertex 152.964 -3.53553 11.5
      vertex 152.017 -3.67948 10.7
      vertex 152.399 -4.10122 10.7
    endloop
  endfacet
  facet normal -0.363676 0.606944 0.706654
    outer loop
      vertex 153.766 5.11514 10.7
      vertex 153.722 4.15735 11.5
      vertex 154.143 4.40961 11.5
    endloop
  endfacet
  facet normal -0.475126 0.524548 0.706473
    outer loop
      vertex 152.821 4.48346 10.7
      vertex 152.399 4.10122 10.7
      vertex 152.964 3.53553 11.5
    endloop
  endfacet
  facet normal -0.475126 -0.524548 0.706473
    outer loop
      vertex 152.964 -3.53553 11.5
      vertex 152.399 -4.10122 10.7
      vertex 152.821 -4.48346 10.7
    endloop
  endfacet
  facet normal 0.475126 0.524548 0.706473
    outer loop
      vertex 160.179 4.48346 10.7
      vertex 160.036 3.53553 11.5
      vertex 160.601 4.10122 10.7
    endloop
  endfacet
  facet normal -0.639944 -0.301668 0.70673
    outer loop
      vertex 152.016 -2.2 11.5
      vertex 151.828 -2.49698 11.203
      vertex 152.09 -2.35698 11.5
    endloop
  endfacet
  facet normal -0.524705 0.474826 0.706558
    outer loop
      vertex 152.964 3.53553 11.5
      vertex 152.017 3.67948 10.7
      vertex 152.635 3.17197 11.5
    endloop
  endfacet
  facet normal 0.0347492 -0.70668 0.70668
    outer loop
      vertex 156.5 -5 11.5
      vertex 156.5 -5.8 10.7
      vertex 157.068 -5.77207 10.7
    endloop
  endfacet
  facet normal 0.0347287 -0.706688 0.706673
    outer loop
      vertex 156.99 -4.97592 11.5
      vertex 156.5 -5 11.5
      vertex 157.068 -5.77207 10.7
    endloop
  endfacet
  facet normal 0.103648 0.699922 0.706659
    outer loop
      vertex 157.068 5.77207 10.7
      vertex 156.99 4.97592 11.5
      vertex 157.632 5.68855 10.7
    endloop
  endfacet
  facet normal -0.238281 -0.666069 0.706805
    outer loop
      vertex 154.587 -4.6194 11.5
      vertex 154.28 -5.3585 10.7
      vertex 154.816 -5.55025 10.7
    endloop
  endfacet
  facet normal 0.17193 -0.686227 0.706776
    outer loop
      vertex 158.184 -5.55025 10.7
      vertex 157.475 -4.90393 11.5
      vertex 157.632 -5.68855 10.7
    endloop
  endfacet
  facet normal -0.171894 -0.68625 0.706763
    outer loop
      vertex 155.049 -4.7847 11.5
      vertex 154.816 -5.55025 10.7
      vertex 155.525 -4.90393 11.5
    endloop
  endfacet
  facet normal -0.607047 -0.36288 0.706974
    outer loop
      vertex 151.687 -2.74789 10.9521
      vertex 151.677 -3.22231 10.7
      vertex 152.343 -2.77785 11.5
    endloop
  endfacet
  facet normal -0.606745 -0.362993 0.707175
    outer loop
      vertex 151.677 -3.22231 10.7
      vertex 151.687 -2.74789 10.9521
      vertex 151.544 -3 10.7
    endloop
  endfacet
  facet normal -0.17193 -0.686227 0.706776
    outer loop
      vertex 155.525 -4.90393 11.5
      vertex 154.816 -5.55025 10.7
      vertex 155.368 -5.68855 10.7
    endloop
  endfacet
  facet normal 0.363911 0.606891 0.706578
    outer loop
      vertex 159.722 4.82252 10.7
      vertex 159.234 5.11514 10.7
      vertex 159.278 4.15735 11.5
    endloop
  endfacet
  facet normal 0.524567 -0.475138 0.706451
    outer loop
      vertex 160.983 -3.67948 10.7
      vertex 160.036 -3.53553 11.5
      vertex 160.601 -4.10122 10.7
    endloop
  endfacet
  facet normal -0.302704 0.639341 0.706834
    outer loop
      vertex 154.28 5.3585 10.7
      vertex 153.766 5.11514 10.7
      vertex 154.587 4.6194 11.5
    endloop
  endfacet
  facet normal 0.706678 -0.0348057 0.706678
    outer loop
      vertex 162.3 0 10.7
      vertex 161.5 0 11.5
      vertex 162.272 -0.568499 10.7
    endloop
  endfacet
  facet normal 0.56752 -0.422068 0.706951
    outer loop
      vertex 161.323 -3.22231 10.7
      vertex 160.657 -2.77785 11.5
      vertex 160.983 -3.67948 10.7
    endloop
  endfacet
  facet normal 0.171894 0.68625 0.706763
    outer loop
      vertex 158.184 5.55025 10.7
      vertex 157.475 4.90393 11.5
      vertex 157.951 4.7847 11.5
    endloop
  endfacet
  facet normal 0.68599 0.1727 0.706819
    outer loop
      vertex 162.05 1.68365 10.7
      vertex 161.404 0.975451 11.5
      vertex 162.189 1.13152 10.7
    endloop
  endfacet
  facet normal 0.421652 -0.568322 0.706555
    outer loop
      vertex 160.179 -4.48346 10.7
      vertex 159.278 -4.15735 11.5
      vertex 159.722 -4.82252 10.7
    endloop
  endfacet
  facet normal 0.0347287 0.706688 0.706673
    outer loop
      vertex 157.068 5.77207 10.7
      vertex 156.5 5 11.5
      vertex 156.99 4.97592 11.5
    endloop
  endfacet
  facet normal -0.302704 -0.639341 0.706834
    outer loop
      vertex 154.587 -4.6194 11.5
      vertex 153.766 -5.11514 10.7
      vertex 154.28 -5.3585 10.7
    endloop
  endfacet
  facet normal 0.103874 0.699807 0.706739
    outer loop
      vertex 157.632 5.68855 10.7
      vertex 156.99 4.97592 11.5
      vertex 157.475 4.90393 11.5
    endloop
  endfacet
  facet normal 0.56752 0.422068 0.706951
    outer loop
      vertex 160.983 3.67948 10.7
      vertex 160.657 2.77785 11.5
      vertex 161.323 3.22231 10.7
    endloop
  endfacet
  facet normal 0.238314 -0.666069 0.706795
    outer loop
      vertex 158.413 -4.6194 11.5
      vertex 157.951 -4.7847 11.5
      vertex 158.184 -5.55025 10.7
    endloop
  endfacet
  facet normal -0.0347287 -0.706688 0.706673
    outer loop
      vertex 156.01 -4.97592 11.5
      vertex 155.932 -5.77207 10.7
      vertex 156.5 -5 11.5
    endloop
  endfacet
  facet normal -0.30228 0.639746 0.706649
    outer loop
      vertex 154.587 4.6194 11.5
      vertex 153.766 5.11514 10.7
      vertex 154.143 4.40961 11.5
    endloop
  endfacet
  facet normal -0.568627 -0.42129 0.706525
    outer loop
      vertex 152.343 -2.77785 11.5
      vertex 152.017 -3.67948 10.7
      vertex 152.635 -3.17197 11.5
    endloop
  endfacet
  facet normal 0.238281 -0.666069 0.706805
    outer loop
      vertex 158.413 -4.6194 11.5
      vertex 158.184 -5.55025 10.7
      vertex 158.72 -5.3585 10.7
    endloop
  endfacet
  facet normal 0.30228 -0.639746 0.706649
    outer loop
      vertex 158.857 -4.40961 11.5
      vertex 158.413 -4.6194 11.5
      vertex 159.234 -5.11514 10.7
    endloop
  endfacet
  facet normal -0.30228 -0.639746 0.706649
    outer loop
      vertex 154.143 -4.40961 11.5
      vertex 153.766 -5.11514 10.7
      vertex 154.587 -4.6194 11.5
    endloop
  endfacet
  facet normal -0.0347492 0.70668 0.70668
    outer loop
      vertex 156.5 5.8 10.7
      vertex 155.932 5.77207 10.7
      vertex 156.5 5 11.5
    endloop
  endfacet
  facet normal -0.103874 0.699807 0.706739
    outer loop
      vertex 156.01 4.97592 11.5
      vertex 155.368 5.68855 10.7
      vertex 155.525 4.90393 11.5
    endloop
  endfacet
  facet normal -0.17193 0.686227 0.706776
    outer loop
      vertex 155.368 5.68855 10.7
      vertex 154.816 5.55025 10.7
      vertex 155.525 4.90393 11.5
    endloop
  endfacet
  facet normal 0.606957 0.363023 0.706978
    outer loop
      vertex 161.323 3.22231 10.7
      vertex 160.657 2.77785 11.5
      vertex 161.615 2.7341 10.7
    endloop
  endfacet
  facet normal 0.302704 0.639341 0.706834
    outer loop
      vertex 158.72 5.3585 10.7
      vertex 158.413 4.6194 11.5
      vertex 159.234 5.11514 10.7
    endloop
  endfacet
  facet normal -0.171894 0.68625 0.706763
    outer loop
      vertex 155.525 4.90393 11.5
      vertex 154.816 5.55025 10.7
      vertex 155.049 4.7847 11.5
    endloop
  endfacet
  facet normal -0.363911 0.606891 0.706578
    outer loop
      vertex 153.766 5.11514 10.7
      vertex 153.278 4.82252 10.7
      vertex 153.722 4.15735 11.5
    endloop
  endfacet
  facet normal -0.421652 0.568322 0.706555
    outer loop
      vertex 153.278 4.82252 10.7
      vertex 152.821 4.48346 10.7
      vertex 153.722 4.15735 11.5
    endloop
  endfacet
  facet normal 0.640258 0.301682 0.70644
    outer loop
      vertex 161.615 2.7341 10.7
      vertex 160.91 2.35698 11.5
      vertex 161.119 1.91342 11.5
    endloop
  endfacet
  facet normal -0.238281 0.666069 0.706805
    outer loop
      vertex 154.816 5.55025 10.7
      vertex 154.28 5.3585 10.7
      vertex 154.587 4.6194 11.5
    endloop
  endfacet
  facet normal 0.638988 -0.303014 0.70702
    outer loop
      vertex 161.859 -2.21956 10.7
      vertex 161.119 -1.91342 11.5
      vertex 161.615 -2.7341 10.7
    endloop
  endfacet
  facet normal -0.363676 -0.606944 0.706654
    outer loop
      vertex 154.143 -4.40961 11.5
      vertex 153.722 -4.15735 11.5
      vertex 153.766 -5.11514 10.7
    endloop
  endfacet
  facet normal 0.666139 0.237414 0.707031
    outer loop
      vertex 161.859 2.21956 10.7
      vertex 161.119 1.91342 11.5
      vertex 162.05 1.68365 10.7
    endloop
  endfacet
  facet normal 0.638988 0.303014 0.70702
    outer loop
      vertex 161.615 2.7341 10.7
      vertex 161.119 1.91342 11.5
      vertex 161.859 2.21956 10.7
    endloop
  endfacet
  facet normal 0.302704 -0.639341 0.706834
    outer loop
      vertex 159.234 -5.11514 10.7
      vertex 158.413 -4.6194 11.5
      vertex 158.72 -5.3585 10.7
    endloop
  endfacet
  facet normal 0.666139 -0.237414 0.707031
    outer loop
      vertex 162.05 -1.68365 10.7
      vertex 161.119 -1.91342 11.5
      vertex 161.859 -2.21956 10.7
    endloop
  endfacet
  facet normal 0.666094 -0.239332 0.706427
    outer loop
      vertex 161.285 -1.45142 11.5
      vertex 161.119 -1.91342 11.5
      vertex 162.05 -1.68365 10.7
    endloop
  endfacet
  facet normal 0.0347492 0.70668 0.70668
    outer loop
      vertex 156.5 5.8 10.7
      vertex 156.5 5 11.5
      vertex 157.068 5.77207 10.7
    endloop
  endfacet
  facet normal 0.524705 0.474826 0.706558
    outer loop
      vertex 160.983 3.67948 10.7
      vertex 160.036 3.53553 11.5
      vertex 160.365 3.17197 11.5
    endloop
  endfacet
  facet normal 0.699713 0.103797 0.706843
    outer loop
      vertex 162.189 1.13152 10.7
      vertex 161.404 0.975451 11.5
      vertex 161.476 0.490086 11.5
    endloop
  endfacet
  facet normal 0.474936 -0.524632 0.706538
    outer loop
      vertex 160.036 -3.53553 11.5
      vertex 159.672 -3.86505 11.5
      vertex 160.179 -4.48346 10.7
    endloop
  endfacet
  facet normal 0.700016 -0.103196 0.706631
    outer loop
      vertex 162.272 -0.568499 10.7
      vertex 161.476 -0.490086 11.5
      vertex 162.189 -1.13152 10.7
    endloop
  endfacet
  facet normal 0.706754 -0.0346104 0.706612
    outer loop
      vertex 161.5 0 11.5
      vertex 161.476 -0.490086 11.5
      vertex 162.272 -0.568499 10.7
    endloop
  endfacet
  facet normal -0.606362 0.364506 0.706726
    outer loop
      vertex 152.343 2.77785 11.5
      vertex 151.828 2.49698 11.203
      vertex 152.09 2.35698 11.5
    endloop
  endfacet
  facet normal -0.606498 0.36533 0.706183
    outer loop
      vertex 151.828 2.49698 11.203
      vertex 152.343 2.77785 11.5
      vertex 151.687 2.74789 10.9521
    endloop
  endfacet
  facet normal -0.639944 0.301668 0.70673
    outer loop
      vertex 152.09 2.35698 11.5
      vertex 151.828 2.49698 11.203
      vertex 152.016 2.2 11.5
    endloop
  endfacet
  facet normal 0.524567 0.475138 0.706451
    outer loop
      vertex 160.601 4.10122 10.7
      vertex 160.036 3.53553 11.5
      vertex 160.983 3.67948 10.7
    endloop
  endfacet
  facet normal -0.363911 -0.606891 0.706578
    outer loop
      vertex 153.722 -4.15735 11.5
      vertex 153.278 -4.82252 10.7
      vertex 153.766 -5.11514 10.7
    endloop
  endfacet
  facet normal 0.363911 -0.606891 0.706578
    outer loop
      vertex 159.278 -4.15735 11.5
      vertex 159.234 -5.11514 10.7
      vertex 159.722 -4.82252 10.7
    endloop
  endfacet
  facet normal 0.686642 0.171672 0.706436
    outer loop
      vertex 162.05 1.68365 10.7
      vertex 161.285 1.45142 11.5
      vertex 161.404 0.975451 11.5
    endloop
  endfacet
  facet normal 0.363676 0.606944 0.706654
    outer loop
      vertex 159.234 5.11514 10.7
      vertex 158.857 4.40961 11.5
      vertex 159.278 4.15735 11.5
    endloop
  endfacet
  facet normal -0.103648 0.699922 0.706659
    outer loop
      vertex 155.932 5.77207 10.7
      vertex 155.368 5.68855 10.7
      vertex 156.01 4.97592 11.5
    endloop
  endfacet
  facet normal 0.475126 -0.524548 0.706473
    outer loop
      vertex 160.601 -4.10122 10.7
      vertex 160.036 -3.53553 11.5
      vertex 160.179 -4.48346 10.7
    endloop
  endfacet
  facet normal -0.421639 0.56834 0.706548
    outer loop
      vertex 153.722 4.15735 11.5
      vertex 152.821 4.48346 10.7
      vertex 153.328 3.86505 11.5
    endloop
  endfacet
  facet normal 0.421639 0.56834 0.706548
    outer loop
      vertex 160.179 4.48346 10.7
      vertex 159.278 4.15735 11.5
      vertex 159.672 3.86505 11.5
    endloop
  endfacet
  facet normal 0.474936 0.524632 0.706538
    outer loop
      vertex 160.179 4.48346 10.7
      vertex 159.672 3.86505 11.5
      vertex 160.036 3.53553 11.5
    endloop
  endfacet
  facet normal -0.0347492 -0.70668 0.70668
    outer loop
      vertex 156.5 -5 11.5
      vertex 155.932 -5.77207 10.7
      vertex 156.5 -5.8 10.7
    endloop
  endfacet
  facet normal 0.17193 0.686227 0.706776
    outer loop
      vertex 157.632 5.68855 10.7
      vertex 157.475 4.90393 11.5
      vertex 158.184 5.55025 10.7
    endloop
  endfacet
  facet normal 0.686642 -0.171672 0.706436
    outer loop
      vertex 161.404 -0.975451 11.5
      vertex 161.285 -1.45142 11.5
      vertex 162.05 -1.68365 10.7
    endloop
  endfacet
  facet normal 0.666094 0.239332 0.706427
    outer loop
      vertex 162.05 1.68365 10.7
      vertex 161.119 1.91342 11.5
      vertex 161.285 1.45142 11.5
    endloop
  endfacet
  facet normal 0.421639 -0.56834 0.706548
    outer loop
      vertex 159.672 -3.86505 11.5
      vertex 159.278 -4.15735 11.5
      vertex 160.179 -4.48346 10.7
    endloop
  endfacet
  facet normal 0.706754 0.0346104 0.706612
    outer loop
      vertex 162.272 0.568499 10.7
      vertex 161.476 0.490086 11.5
      vertex 161.5 0 11.5
    endloop
  endfacet
  facet normal 0.103648 -0.699922 0.706659
    outer loop
      vertex 157.632 -5.68855 10.7
      vertex 156.99 -4.97592 11.5
      vertex 157.068 -5.77207 10.7
    endloop
  endfacet
  facet normal 0.699713 -0.103797 0.706843
    outer loop
      vertex 161.476 -0.490086 11.5
      vertex 161.404 -0.975451 11.5
      vertex 162.189 -1.13152 10.7
    endloop
  endfacet
  facet normal -0.103648 -0.699922 0.706659
    outer loop
      vertex 156.01 -4.97592 11.5
      vertex 155.368 -5.68855 10.7
      vertex 155.932 -5.77207 10.7
    endloop
  endfacet
  facet normal -0.56752 -0.422068 0.706951
    outer loop
      vertex 152.343 -2.77785 11.5
      vertex 151.677 -3.22231 10.7
      vertex 152.017 -3.67948 10.7
    endloop
  endfacet
  facet normal -0.421652 -0.568322 0.706555
    outer loop
      vertex 153.722 -4.15735 11.5
      vertex 152.821 -4.48346 10.7
      vertex 153.278 -4.82252 10.7
    endloop
  endfacet
  facet normal 0.606594 0.364645 0.706454
    outer loop
      vertex 161.615 2.7341 10.7
      vertex 160.657 2.77785 11.5
      vertex 160.91 2.35698 11.5
    endloop
  endfacet
  facet normal 0.568627 -0.42129 0.706525
    outer loop
      vertex 160.657 -2.77785 11.5
      vertex 160.365 -3.17197 11.5
      vertex 160.983 -3.67948 10.7
    endloop
  endfacet
  facet normal -0.474936 -0.524632 0.706538
    outer loop
      vertex 152.964 -3.53553 11.5
      vertex 152.821 -4.48346 10.7
      vertex 153.328 -3.86505 11.5
    endloop
  endfacet
  facet normal 0.363676 -0.606944 0.706654
    outer loop
      vertex 159.278 -4.15735 11.5
      vertex 158.857 -4.40961 11.5
      vertex 159.234 -5.11514 10.7
    endloop
  endfacet
  facet normal 0.606594 -0.364645 0.706454
    outer loop
      vertex 160.91 -2.35698 11.5
      vertex 160.657 -2.77785 11.5
      vertex 161.615 -2.7341 10.7
    endloop
  endfacet
  facet normal 0.640258 -0.301682 0.70644
    outer loop
      vertex 161.119 -1.91342 11.5
      vertex 160.91 -2.35698 11.5
      vertex 161.615 -2.7341 10.7
    endloop
  endfacet
  facet normal -0.238314 -0.666069 0.706795
    outer loop
      vertex 155.049 -4.7847 11.5
      vertex 154.587 -4.6194 11.5
      vertex 154.816 -5.55025 10.7
    endloop
  endfacet
  facet normal -0.421639 -0.56834 0.706548
    outer loop
      vertex 153.328 -3.86505 11.5
      vertex 152.821 -4.48346 10.7
      vertex 153.722 -4.15735 11.5
    endloop
  endfacet
  facet normal -0.103874 -0.699807 0.706739
    outer loop
      vertex 155.525 -4.90393 11.5
      vertex 155.368 -5.68855 10.7
      vertex 156.01 -4.97592 11.5
    endloop
  endfacet
  facet normal 0.171894 -0.68625 0.706763
    outer loop
      vertex 157.951 -4.7847 11.5
      vertex 157.475 -4.90393 11.5
      vertex 158.184 -5.55025 10.7
    endloop
  endfacet
  facet normal 0 -0.707107 0.707107
    outer loop
      vertex 0 -20 11
      vertex 144 -19 12
      vertex 0 -19 12
    endloop
  endfacet
  facet normal 0 -0.707107 0.707107
    outer loop
      vertex 144 -19 12
      vertex 0 -20 11
      vertex 144 -20 11
    endloop
  endfacet
  facet normal 0 0 1
    outer loop
      vertex 35.8 35 12
      vertex 32.8 35 12
      vertex 35.8 24 12
    endloop
  endfacet
  facet normal 0 0 1
    outer loop
      vertex 51 24 12
      vertex 54 35 12
      vertex 51 35 12
    endloop
  endfacet
  facet normal 0 0 1
    outer loop
      vertex 144 19 12
      vertex 141.99 17 12
      vertex 144 17 12
    endloop
  endfacet
  facet normal -0 0 1
    outer loop
      vertex 54 19 12
      vertex 141.99 17 12
      vertex 144 19 12
    endloop
  endfacet
  facet normal 0 0 1
    outer loop
      vertex 54 19 12
      vertex 141.99 16 12
      vertex 141.99 17 12
    endloop
  endfacet
  facet normal 0 0 1
    outer loop
      vertex 54 35 12
      vertex 51 24 12
      vertex 54 19 12
    endloop
  endfacet
  facet normal -0 0 1
    outer loop
      vertex 35.8 24 12
      vertex 54 19 12
      vertex 51 24 12
    endloop
  endfacet
  facet normal 0 0 1
    outer loop
      vertex 32.8 19 12
      vertex 35.8 24 12
      vertex 32.8 35 12
    endloop
  endfacet
  facet normal 0 0 1
    outer loop
      vertex 32.8 19 12
      vertex 54 19 12
      vertex 35.8 24 12
    endloop
  endfacet
  facet normal 0 0 1
    outer loop
      vertex 2.01 16 12
      vertex 54 19 12
      vertex 32.8 19 12
    endloop
  endfacet
  facet normal 0 0 1
    outer loop
      vertex 2.01 16 12
      vertex 32.8 19 12
      vertex 2.01 17 12
    endloop
  endfacet
  facet normal 0 0 1
    outer loop
      vertex 54 19 12
      vertex 2.01 16 12
      vertex 141.99 16 12
    endloop
  endfacet
  facet normal -0 0 1
    outer loop
      vertex 0 19 12
      vertex 2.01 17 12
      vertex 32.8 19 12
    endloop
  endfacet
  facet normal 0 0 1
    outer loop
      vertex 2.01 17 12
      vertex 0 19 12
      vertex 0 17 12
    endloop
  endfacet
  facet normal 0 0 1
    outer loop
      vertex 141.99 -16 12
      vertex 2.01 -16 12
      vertex 141.99 -17 12
    endloop
  endfacet
  facet normal -0 0 1
    outer loop
      vertex 141.99 -17 12
      vertex 144 -19 12
      vertex 144 -17 12
    endloop
  endfacet
  facet normal 0 0 1
    outer loop
      vertex 2.01 -17 12
      vertex 141.99 -17 12
      vertex 2.01 -16 12
    endloop
  endfacet
  facet normal 0 0 1
    outer loop
      vertex 141.99 -17 12
      vertex 2.01 -17 12
      vertex 144 -19 12
    endloop
  endfacet
  facet normal 0 0 1
    outer loop
      vertex 0 -19 12
      vertex 2.01 -17 12
      vertex 0 -17 12
    endloop
  endfacet
  facet normal 0 0 1
    outer loop
      vertex 2.01 -17 12
      vertex 0 -19 12
      vertex 144 -19 12
    endloop
  endfacet
  facet normal -0 0 1
    outer loop
      vertex 0 -3.7 12
      vertex 2.01 -9 12
      vertex 6.345 -3.7 12
    endloop
  endfacet
  facet normal 0 0 1
    outer loop
      vertex 2.01 -9 12
      vertex 0 -3.7 12
      vertex 0 -9 12
    endloop
  endfacet
  facet normal 0 0 1
    outer loop
      vertex 19.6555 0.704759 12
      vertex 141.99 9 12
      vertex 141.99 10 12
    endloop
  endfacet
  facet normal 0 0 1
    outer loop
      vertex 141.99 9 12
      vertex 19.6902 0 12
      vertex 141.99 -9 12
    endloop
  endfacet
  facet normal -0 0 1
    outer loop
      vertex 19.6896 -0.0106044 12
      vertex 141.99 -9 12
      vertex 19.6902 0 12
    endloop
  endfacet
  facet normal 0 0 1
    outer loop
      vertex 141.99 9 12
      vertex 19.6896 0.0106044 12
      vertex 19.6902 0 12
    endloop
  endfacet
  facet normal 0 0 1
    outer loop
      vertex 141.99 9 12
      vertex 19.6555 0.704759 12
      vertex 19.6896 0.0106044 12
    endloop
  endfacet
  facet normal 0 0 1
    outer loop
      vertex 141.99 10 12
      vertex 19.654 0.715261 12
      vertex 19.6555 0.704759 12
    endloop
  endfacet
  facet normal 0 0 1
    outer loop
      vertex 141.99 10 12
      vertex 19.552 1.40273 12
      vertex 19.654 0.715261 12
    endloop
  endfacet
  facet normal 0 0 1
    outer loop
      vertex 141.99 10 12
      vertex 19.3831 2.07689 12
      vertex 19.552 1.40273 12
    endloop
  endfacet
  facet normal 0 0 1
    outer loop
      vertex 141.99 10 12
      vertex 19.3806 2.08719 12
      vertex 19.3831 2.07689 12
    endloop
  endfacet
  facet normal 0 0 1
    outer loop
      vertex 141.99 10 12
      vertex 19.377 2.09719 12
      vertex 19.3806 2.08719 12
    endloop
  endfacet
  facet normal 0 0 1
    outer loop
      vertex 141.99 10 12
      vertex 19.1428 2.75156 12
      vertex 19.377 2.09719 12
    endloop
  endfacet
  facet normal 0 0 1
    outer loop
      vertex 141.99 10 12
      vertex 18.8457 3.37982 12
      vertex 19.1428 2.75156 12
    endloop
  endfacet
  facet normal 0 0 1
    outer loop
      vertex 141.99 10 12
      vertex 18.8412 3.38942 12
      vertex 18.8457 3.37982 12
    endloop
  endfacet
  facet normal 0 0 1
    outer loop
      vertex 141.99 10 12
      vertex 18.4839 3.98553 12
      vertex 18.8412 3.38942 12
    endloop
  endfacet
  facet normal 0 0 1
    outer loop
      vertex 141.99 10 12
      vertex 18.4784 3.99464 12
      vertex 18.4839 3.98553 12
    endloop
  endfacet
  facet normal 0 0 1
    outer loop
      vertex 141.99 10 12
      vertex 18.4721 4.00317 12
      vertex 18.4784 3.99464 12
    endloop
  endfacet
  facet normal 0 0 1
    outer loop
      vertex 141.99 10 12
      vertex 18.0581 4.56139 12
      vertex 18.4721 4.00317 12
    endloop
  endfacet
  facet normal 0 0 1
    outer loop
      vertex 141.99 10 12
      vertex 17.5913 5.07635 12
      vertex 18.0581 4.56139 12
    endloop
  endfacet
  facet normal 0 0 1
    outer loop
      vertex 141.99 10 12
      vertex 17.5842 5.08421 12
      vertex 17.5913 5.07635 12
    endloop
  endfacet
  facet normal 0 0 1
    outer loop
      vertex 141.99 10 12
      vertex 17.5763 5.09134 12
      vertex 17.5842 5.08421 12
    endloop
  endfacet
  facet normal 0 0 1
    outer loop
      vertex 141.99 10 12
      vertex 17.0614 5.55807 12
      vertex 17.5763 5.09134 12
    endloop
  endfacet
  facet normal 0 0 1
    outer loop
      vertex 141.99 10 12
      vertex 16.5032 5.97208 12
      vertex 17.0614 5.55807 12
    endloop
  endfacet
  facet normal 0 0 1
    outer loop
      vertex 141.99 10 12
      vertex 16.4946 5.9784 12
      vertex 16.5032 5.97208 12
    endloop
  endfacet
  facet normal 0 0 1
    outer loop
      vertex 141.99 10 12
      vertex 16.4855 5.98386 12
      vertex 16.4946 5.9784 12
    endloop
  endfacet
  facet normal 0 0 1
    outer loop
      vertex 141.99 10 12
      vertex 15.8894 6.34116 12
      vertex 16.4855 5.98386 12
    endloop
  endfacet
  facet normal 0 0 1
    outer loop
      vertex 141.99 10 12
      vertex 15.8798 6.3457 12
      vertex 15.8894 6.34116 12
    endloop
  endfacet
  facet normal 0 0 1
    outer loop
      vertex 141.99 10 12
      vertex 15.2516 6.64285 12
      vertex 15.8798 6.3457 12
    endloop
  endfacet
  facet normal 0 0 1
    outer loop
      vertex 141.99 10 12
      vertex 14.5972 6.87698 12
      vertex 15.2516 6.64285 12
    endloop
  endfacet
  facet normal 0 0 1
    outer loop
      vertex 141.99 10 12
      vertex 14.5872 6.88056 12
      vertex 14.5972 6.87698 12
    endloop
  endfacet
  facet normal 0 0 1
    outer loop
      vertex 141.99 10 12
      vertex 14.5769 6.88314 12
      vertex 14.5872 6.88056 12
    endloop
  endfacet
  facet normal 0 0 1
    outer loop
      vertex 141.99 10 12
      vertex 13.9027 7.05201 12
      vertex 14.5769 6.88314 12
    endloop
  endfacet
  facet normal -0 0 1
    outer loop
      vertex 2.01 10 12
      vertex 13.9027 7.05201 12
      vertex 141.99 10 12
    endloop
  endfacet
  facet normal 0 0 1
    outer loop
      vertex 13.9027 7.05201 12
      vertex 2.01 10 12
      vertex 13.2153 7.15398 12
    endloop
  endfacet
  facet normal 0 0 1
    outer loop
      vertex 13.2153 7.15398 12
      vertex 2.01 10 12
      vertex 13.2048 7.15554 12
    endloop
  endfacet
  facet normal 0 0 1
    outer loop
      vertex 13.2048 7.15554 12
      vertex 2.01 10 12
      vertex 12.5106 7.18964 12
    endloop
  endfacet
  facet normal 0 0 1
    outer loop
      vertex 2.01 10 12
      vertex 12.4894 7.18964 12
      vertex 12.5 7.19016 12
    endloop
  endfacet
  facet normal 0 0 1
    outer loop
      vertex 2.01 10 12
      vertex 10.4231 6.88314 12
      vertex 11.0973 7.05201 12
    endloop
  endfacet
  facet normal 0 0 1
    outer loop
      vertex 2.01 9 12
      vertex 8.49683 5.97208 12
      vertex 8.50536 5.9784 12
    endloop
  endfacet
  facet normal 0 0 1
    outer loop
      vertex 12.5106 7.18964 12
      vertex 2.01 10 12
      vertex 12.5 7.19016 12
    endloop
  endfacet
  facet normal 0 0 1
    outer loop
      vertex 12.4894 7.18964 12
      vertex 2.01 10 12
      vertex 11.7952 7.15554 12
    endloop
  endfacet
  facet normal 0 0 1
    outer loop
      vertex 2.01 10 12
      vertex 11.7847 7.15398 12
      vertex 11.7952 7.15554 12
    endloop
  endfacet
  facet normal 0 0 1
    outer loop
      vertex 2.01 10 12
      vertex 11.0973 7.05201 12
      vertex 11.7847 7.15398 12
    endloop
  endfacet
  facet normal 0 0 1
    outer loop
      vertex 10.4231 6.88314 12
      vertex 2.01 10 12
      vertex 10.4128 6.88056 12
    endloop
  endfacet
  facet normal 0 0 1
    outer loop
      vertex 2.01 10 12
      vertex 10.4028 6.87698 12
      vertex 10.4128 6.88056 12
    endloop
  endfacet
  facet normal 0 0 1
    outer loop
      vertex 2.01 10 12
      vertex 9.74844 6.64285 12
      vertex 10.4028 6.87698 12
    endloop
  endfacet
  facet normal 0 0 1
    outer loop
      vertex 2.01 10 12
      vertex 9.12018 6.3457 12
      vertex 9.74844 6.64285 12
    endloop
  endfacet
  facet normal 0 0 1
    outer loop
      vertex 2.01 10 12
      vertex 9.11058 6.34116 12
      vertex 9.12018 6.3457 12
    endloop
  endfacet
  facet normal 0 0 1
    outer loop
      vertex 2.01 10 12
      vertex 8.51447 5.98386 12
      vertex 9.11058 6.34116 12
    endloop
  endfacet
  facet normal 0 0 1
    outer loop
      vertex 2.01 10 12
      vertex 8.50536 5.9784 12
      vertex 8.51447 5.98386 12
    endloop
  endfacet
  facet normal -0 0 1
    outer loop
      vertex 2.01 9 12
      vertex 8.50536 5.9784 12
      vertex 2.01 10 12
    endloop
  endfacet
  facet normal 0 0 1
    outer loop
      vertex 8.49683 5.97208 12
      vertex 2.01 9 12
      vertex 7.93861 5.55807 12
    endloop
  endfacet
  facet normal 0 0 1
    outer loop
      vertex 7.93861 5.55807 12
      vertex 2.01 9 12
      vertex 7.42365 5.09134 12
    endloop
  endfacet
  facet normal 0 0 1
    outer loop
      vertex 7.42365 5.09134 12
      vertex 2.01 9 12
      vertex 7.41579 5.08421 12
    endloop
  endfacet
  facet normal 0 0 1
    outer loop
      vertex 7.41579 5.08421 12
      vertex 2.01 9 12
      vertex 7.40866 5.07635 12
    endloop
  endfacet
  facet normal 0 0 1
    outer loop
      vertex 7.40866 5.07635 12
      vertex 2.01 9 12
      vertex 6.94193 4.56139 12
    endloop
  endfacet
  facet normal 0 0 1
    outer loop
      vertex 6.94193 4.56139 12
      vertex 2.01 9 12
      vertex 6.52792 4.00317 12
    endloop
  endfacet
  facet normal 0 0 1
    outer loop
      vertex 6.52792 4.00317 12
      vertex 2.01 9 12
      vertex 6.5216 3.99464 12
    endloop
  endfacet
  facet normal 0 0 1
    outer loop
      vertex 6.5216 3.99464 12
      vertex 2.01 9 12
      vertex 6.51614 3.98553 12
    endloop
  endfacet
  facet normal 0 0 1
    outer loop
      vertex 6.51614 3.98553 12
      vertex 2.01 9 12
      vertex 6.345 3.7 12
    endloop
  endfacet
  facet normal 0 0 1
    outer loop
      vertex 0 3.7 12
      vertex 2.01 9 12
      vertex 0 9 12
    endloop
  endfacet
  facet normal 0 0 1
    outer loop
      vertex 2.01 9 12
      vertex 0 3.7 12
      vertex 6.345 3.7 12
    endloop
  endfacet
  facet normal -0 0 1
    outer loop
      vertex 141.99 9 12
      vertex 144 -9 12
      vertex 144 9 12
    endloop
  endfacet
  facet normal 0 0 1
    outer loop
      vertex 144 -9 12
      vertex 141.99 9 12
      vertex 141.99 -9 12
    endloop
  endfacet
  facet normal -0 0 1
    outer loop
      vertex 19.6555 -0.704759 12
      vertex 141.99 -9 12
      vertex 19.6896 -0.0106044 12
    endloop
  endfacet
  facet normal 0 0 1
    outer loop
      vertex 141.99 -9 12
      vertex 19.6555 -0.704759 12
      vertex 141.99 -10 12
    endloop
  endfacet
  facet normal -0 0 1
    outer loop
      vertex 19.654 -0.715261 12
      vertex 141.99 -10 12
      vertex 19.6555 -0.704759 12
    endloop
  endfacet
  facet normal -0 0 1
    outer loop
      vertex 19.552 -1.40273 12
      vertex 141.99 -10 12
      vertex 19.654 -0.715261 12
    endloop
  endfacet
  facet normal -0 0 1
    outer loop
      vertex 19.3831 -2.07689 12
      vertex 141.99 -10 12
      vertex 19.552 -1.40273 12
    endloop
  endfacet
  facet normal -0 0 1
    outer loop
      vertex 19.3806 -2.08719 12
      vertex 141.99 -10 12
      vertex 19.3831 -2.07689 12
    endloop
  endfacet
  facet normal -0 0 1
    outer loop
      vertex 19.377 -2.09719 12
      vertex 141.99 -10 12
      vertex 19.3806 -2.08719 12
    endloop
  endfacet
  facet normal -0 0 1
    outer loop
      vertex 19.1428 -2.75156 12
      vertex 141.99 -10 12
      vertex 19.377 -2.09719 12
    endloop
  endfacet
  facet normal -0 0 1
    outer loop
      vertex 18.8457 -3.37982 12
      vertex 141.99 -10 12
      vertex 19.1428 -2.75156 12
    endloop
  endfacet
  facet normal -0 0 1
    outer loop
      vertex 18.8412 -3.38942 12
      vertex 141.99 -10 12
      vertex 18.8457 -3.37982 12
    endloop
  endfacet
  facet normal -0 0 1
    outer loop
      vertex 18.4839 -3.98553 12
      vertex 141.99 -10 12
      vertex 18.8412 -3.38942 12
    endloop
  endfacet
  facet normal -0 0 1
    outer loop
      vertex 18.4784 -3.99464 12
      vertex 141.99 -10 12
      vertex 18.4839 -3.98553 12
    endloop
  endfacet
  facet normal -0 0 1
    outer loop
      vertex 18.4721 -4.00317 12
      vertex 141.99 -10 12
      vertex 18.4784 -3.99464 12
    endloop
  endfacet
  facet normal -0 0 1
    outer loop
      vertex 18.0581 -4.56139 12
      vertex 141.99 -10 12
      vertex 18.4721 -4.00317 12
    endloop
  endfacet
  facet normal -0 0 1
    outer loop
      vertex 17.5913 -5.07635 12
      vertex 141.99 -10 12
      vertex 18.0581 -4.56139 12
    endloop
  endfacet
  facet normal -0 0 1
    outer loop
      vertex 17.5842 -5.08421 12
      vertex 141.99 -10 12
      vertex 17.5913 -5.07635 12
    endloop
  endfacet
  facet normal -0 0 1
    outer loop
      vertex 17.5763 -5.09134 12
      vertex 141.99 -10 12
      vertex 17.5842 -5.08421 12
    endloop
  endfacet
  facet normal -0 0 1
    outer loop
      vertex 17.0614 -5.55807 12
      vertex 141.99 -10 12
      vertex 17.5763 -5.09134 12
    endloop
  endfacet
  facet normal -0 0 1
    outer loop
      vertex 16.5032 -5.97208 12
      vertex 141.99 -10 12
      vertex 17.0614 -5.55807 12
    endloop
  endfacet
  facet normal -0 0 1
    outer loop
      vertex 16.4946 -5.9784 12
      vertex 141.99 -10 12
      vertex 16.5032 -5.97208 12
    endloop
  endfacet
  facet normal -0 0 1
    outer loop
      vertex 16.4855 -5.98386 12
      vertex 141.99 -10 12
      vertex 16.4946 -5.9784 12
    endloop
  endfacet
  facet normal -0 0 1
    outer loop
      vertex 15.8894 -6.34116 12
      vertex 141.99 -10 12
      vertex 16.4855 -5.98386 12
    endloop
  endfacet
  facet normal -0 0 1
    outer loop
      vertex 15.8798 -6.3457 12
      vertex 141.99 -10 12
      vertex 15.8894 -6.34116 12
    endloop
  endfacet
  facet normal -0 0 1
    outer loop
      vertex 15.2516 -6.64285 12
      vertex 141.99 -10 12
      vertex 15.8798 -6.3457 12
    endloop
  endfacet
  facet normal -0 0 1
    outer loop
      vertex 14.5972 -6.87698 12
      vertex 141.99 -10 12
      vertex 15.2516 -6.64285 12
    endloop
  endfacet
  facet normal -0 0 1
    outer loop
      vertex 14.5872 -6.88056 12
      vertex 141.99 -10 12
      vertex 14.5972 -6.87698 12
    endloop
  endfacet
  facet normal -0 0 1
    outer loop
      vertex 14.5769 -6.88314 12
      vertex 141.99 -10 12
      vertex 14.5872 -6.88056 12
    endloop
  endfacet
  facet normal -0 0 1
    outer loop
      vertex 13.9027 -7.05201 12
      vertex 141.99 -10 12
      vertex 14.5769 -6.88314 12
    endloop
  endfacet
  facet normal 0 0 1
    outer loop
      vertex 2.01 -10 12
      vertex 13.9027 -7.05201 12
      vertex 13.2153 -7.15398 12
    endloop
  endfacet
  facet normal 0 0 1
    outer loop
      vertex 2.01 -10 12
      vertex 13.2153 -7.15398 12
      vertex 13.2048 -7.15554 12
    endloop
  endfacet
  facet normal 0 0 1
    outer loop
      vertex 2.01 -10 12
      vertex 13.2048 -7.15554 12
      vertex 12.5106 -7.18964 12
    endloop
  endfacet
  facet normal 0 0 1
    outer loop
      vertex 2.01 -10 12
      vertex 12.5106 -7.18964 12
      vertex 12.5 -7.19016 12
    endloop
  endfacet
  facet normal 0 0 1
    outer loop
      vertex 2.01 -10 12
      vertex 12.4894 -7.18964 12
      vertex 11.7952 -7.15554 12
    endloop
  endfacet
  facet normal 0 0 1
    outer loop
      vertex 2.01 -10 12
      vertex 10.4231 -6.88314 12
      vertex 10.4128 -6.88056 12
    endloop
  endfacet
  facet normal 0 0 1
    outer loop
      vertex 2.01 -9 12
      vertex 8.49683 -5.97208 12
      vertex 7.93861 -5.55807 12
    endloop
  endfacet
  facet normal 0 0 1
    outer loop
      vertex 2.01 -9 12
      vertex 6.51614 -3.98553 12
      vertex 6.345 -3.7 12
    endloop
  endfacet
  facet normal 0 0 1
    outer loop
      vertex 2.01 -9 12
      vertex 6.5216 -3.99464 12
      vertex 6.51614 -3.98553 12
    endloop
  endfacet
  facet normal 0 0 1
    outer loop
      vertex 2.01 -9 12
      vertex 6.52792 -4.00317 12
      vertex 6.5216 -3.99464 12
    endloop
  endfacet
  facet normal 0 0 1
    outer loop
      vertex 2.01 -9 12
      vertex 6.94193 -4.56139 12
      vertex 6.52792 -4.00317 12
    endloop
  endfacet
  facet normal 0 0 1
    outer loop
      vertex 2.01 -9 12
      vertex 7.40866 -5.07635 12
      vertex 6.94193 -4.56139 12
    endloop
  endfacet
  facet normal 0 0 1
    outer loop
      vertex 2.01 -9 12
      vertex 7.41579 -5.08421 12
      vertex 7.40866 -5.07635 12
    endloop
  endfacet
  facet normal 0 0 1
    outer loop
      vertex 2.01 -9 12
      vertex 7.42365 -5.09134 12
      vertex 7.41579 -5.08421 12
    endloop
  endfacet
  facet normal 0 0 1
    outer loop
      vertex 2.01 -9 12
      vertex 7.93861 -5.55807 12
      vertex 7.42365 -5.09134 12
    endloop
  endfacet
  facet normal 0 0 1
    outer loop
      vertex 8.49683 -5.97208 12
      vertex 2.01 -9 12
      vertex 8.50536 -5.9784 12
    endloop
  endfacet
  facet normal 0 0 1
    outer loop
      vertex 2.01 -10 12
      vertex 8.50536 -5.9784 12
      vertex 2.01 -9 12
    endloop
  endfacet
  facet normal 0 0 1
    outer loop
      vertex 8.50536 -5.9784 12
      vertex 2.01 -10 12
      vertex 8.51447 -5.98386 12
    endloop
  endfacet
  facet normal 0 0 1
    outer loop
      vertex 8.51447 -5.98386 12
      vertex 2.01 -10 12
      vertex 9.11058 -6.34116 12
    endloop
  endfacet
  facet normal 0 0 1
    outer loop
      vertex 9.11058 -6.34116 12
      vertex 2.01 -10 12
      vertex 9.12018 -6.3457 12
    endloop
  endfacet
  facet normal 0 0 1
    outer loop
      vertex 9.12018 -6.3457 12
      vertex 2.01 -10 12
      vertex 9.74844 -6.64285 12
    endloop
  endfacet
  facet normal 0 0 1
    outer loop
      vertex 9.74844 -6.64285 12
      vertex 2.01 -10 12
      vertex 10.4028 -6.87698 12
    endloop
  endfacet
  facet normal 0 0 1
    outer loop
      vertex 10.4028 -6.87698 12
      vertex 2.01 -10 12
      vertex 10.4128 -6.88056 12
    endloop
  endfacet
  facet normal 0 0 1
    outer loop
      vertex 10.4231 -6.88314 12
      vertex 2.01 -10 12
      vertex 11.0973 -7.05201 12
    endloop
  endfacet
  facet normal 0 0 1
    outer loop
      vertex 11.0973 -7.05201 12
      vertex 2.01 -10 12
      vertex 11.7847 -7.15398 12
    endloop
  endfacet
  facet normal 0 0 1
    outer loop
      vertex 11.7847 -7.15398 12
      vertex 2.01 -10 12
      vertex 11.7952 -7.15554 12
    endloop
  endfacet
  facet normal 0 0 1
    outer loop
      vertex 12.4894 -7.18964 12
      vertex 2.01 -10 12
      vertex 12.5 -7.19016 12
    endloop
  endfacet
  facet normal 0 0 1
    outer loop
      vertex 13.9027 -7.05201 12
      vertex 2.01 -10 12
      vertex 141.99 -10 12
    endloop
  endfacet
  facet normal -0 0.707107 0.707107
    outer loop
      vertex 55 20 11
      vertex 144 19 12
      vertex 144 20 11
    endloop
  endfacet
  facet normal 0 0.707107 0.707107
    outer loop
      vertex 144 19 12
      vertex 55 20 11
      vertex 54 19 12
    endloop
  endfacet
  facet normal 0 0.707107 0.707107
    outer loop
      vertex 31.8 20 11
      vertex 0 19 12
      vertex 32.8 19 12
    endloop
  endfacet
  facet normal 0 0.707107 0.707107
    outer loop
      vertex 0 19 12
      vertex 31.8 20 11
      vertex 0 20 11
    endloop
  endfacet
  facet normal 0 -1 0
    outer loop
      vertex 0 -20 0
      vertex 144 -20 11
      vertex 0 -20 11
    endloop
  endfacet
  facet normal 0 -1 -0
    outer loop
      vertex 144 -20 11
      vertex 0 -20 0
      vertex 144 -20 0
    endloop
  endfacet
  facet normal -1 0 0
    outer loop
      vertex 0 -10 9
      vertex 0 -3.7 12
      vertex 0 -3.7 0
    endloop
  endfacet
  facet normal -1 -0 0
    outer loop
      vertex 0 -3.7 12
      vertex 0 -10 9
      vertex 0 -9 12
    endloop
  endfacet
  facet normal -1 0 0
    outer loop
      vertex 0 -20 0
      vertex 0 -10 9
      vertex 0 -3.7 0
    endloop
  endfacet
  facet normal -1 0 0
    outer loop
      vertex 0 -16 9
      vertex 0 -17 12
      vertex 0 -16 11
    endloop
  endfacet
  facet normal -1 0 0
    outer loop
      vertex 0 -16 9
      vertex 0 -19 12
      vertex 0 -17 12
    endloop
  endfacet
  facet normal -1 -0 0
    outer loop
      vertex 0 -10 9
      vertex 0 -20 0
      vertex 0 -16 9
    endloop
  endfacet
  facet normal -1 0 0
    outer loop
      vertex 0 -20 11
      vertex 0 -16 9
      vertex 0 -20 0
    endloop
  endfacet
  facet normal -1 0 0
    outer loop
      vertex 0 -16 9
      vertex 0 -20 11
      vertex 0 -19 12
    endloop
  endfacet
  facet normal -1 0 0
    outer loop
      vertex 0 -9 12
      vertex 0 -10 9
      vertex 0 -10 11
    endloop
  endfacet
  facet normal -1 0 0
    outer loop
      vertex 0 16 9
      vertex 0 20 11
      vertex 0 20 0
    endloop
  endfacet
  facet normal -1 -0 0
    outer loop
      vertex 0 20 11
      vertex 0 16 9
      vertex 0 19 12
    endloop
  endfacet
  facet normal -1 -0 0
    outer loop
      vertex 0 19 12
      vertex 0 16 9
      vertex 0 17 12
    endloop
  endfacet
  facet normal -1 0 0
    outer loop
      vertex 0 20 0
      vertex 0 10 9
      vertex 0 16 9
    endloop
  endfacet
  facet normal -1 0 0
    outer loop
      vertex 0 10 9
      vertex 0 9 12
      vertex 0 10 11
    endloop
  endfacet
  facet normal -1 0 0
    outer loop
      vertex 0 3.7 0
      vertex 0 10 9
      vertex 0 20 0
    endloop
  endfacet
  facet normal -1 0 0
    outer loop
      vertex 0 3.7 12
      vertex 0 10 9
      vertex 0 3.7 0
    endloop
  endfacet
  facet normal -1 0 0
    outer loop
      vertex 0 10 9
      vertex 0 3.7 12
      vertex 0 9 12
    endloop
  endfacet
  facet normal -1 0 0
    outer loop
      vertex 0 17 12
      vertex 0 16 9
      vertex 0 16 11
    endloop
  endfacet
  facet normal 0 1 -0
    outer loop
      vertex 31.8 20 0
      vertex 0 20 11
      vertex 31.8 20 11
    endloop
  endfacet
  facet normal 0 1 0
    outer loop
      vertex 0 20 11
      vertex 31.8 20 0
      vertex 0 20 0
    endloop
  endfacet
  facet normal 0 1 0
    outer loop
      vertex 144 20 11
      vertex 66 20 5.34349
      vertex 55 20 11
    endloop
  endfacet
  facet normal 0 1 0
    outer loop
      vertex 144 20 11
      vertex 66.6717 20 4.67174
      vertex 66 20 5.34349
    endloop
  endfacet
  facet normal 0 1 0
    outer loop
      vertex 144 20 11
      vertex 66.7344 20 4.60266
      vertex 66.6717 20 4.67174
    endloop
  endfacet
  facet normal 0 1 0
    outer loop
      vertex 144 20 11
      vertex 66.7899 20 4.52779
      vertex 66.7344 20 4.60266
    endloop
  endfacet
  facet normal 0 1 0
    outer loop
      vertex 144 20 11
      vertex 66.8378 20 4.44781
      vertex 66.7899 20 4.52779
    endloop
  endfacet
  facet normal 0 1 0
    outer loop
      vertex 144 20 11
      vertex 66.8777 20 4.36354
      vertex 66.8378 20 4.44781
    endloop
  endfacet
  facet normal 0 1 0
    outer loop
      vertex 144 20 11
      vertex 66.9091 20 4.27576
      vertex 66.8777 20 4.36354
    endloop
  endfacet
  facet normal 0 1 0
    outer loop
      vertex 144 20 11
      vertex 66.9317 20 4.18533
      vertex 66.9091 20 4.27576
    endloop
  endfacet
  facet normal 0 1 0
    outer loop
      vertex 144 20 11
      vertex 66.9454 20 4.09311
      vertex 66.9317 20 4.18533
    endloop
  endfacet
  facet normal 0 1 0
    outer loop
      vertex 144 20 11
      vertex 66.95 20 4
      vertex 66.9454 20 4.09311
    endloop
  endfacet
  facet normal 0 1 -0
    outer loop
      vertex 144 20 0
      vertex 66.95 20 4
      vertex 144 20 11
    endloop
  endfacet
  facet normal 0 1 0
    outer loop
      vertex 66.95 20 4
      vertex 144 20 0
      vertex 66.9454 20 3.90689
    endloop
  endfacet
  facet normal 0 1 0
    outer loop
      vertex 66.9454 20 3.90689
      vertex 144 20 0
      vertex 66.9317 20 3.81467
    endloop
  endfacet
  facet normal 0 1 0
    outer loop
      vertex 66.9317 20 3.81467
      vertex 144 20 0
      vertex 66.9091 20 3.72424
    endloop
  endfacet
  facet normal 0 1 0
    outer loop
      vertex 66.9091 20 3.72424
      vertex 144 20 0
      vertex 66.8777 20 3.63646
    endloop
  endfacet
  facet normal 0 1 0
    outer loop
      vertex 66.8777 20 3.63646
      vertex 144 20 0
      vertex 66.8378 20 3.55219
    endloop
  endfacet
  facet normal 0 1 0
    outer loop
      vertex 66.8378 20 3.55219
      vertex 144 20 0
      vertex 66.7899 20 3.47221
    endloop
  endfacet
  facet normal 0 1 0
    outer loop
      vertex 66.7899 20 3.47221
      vertex 144 20 0
      vertex 66.7344 20 3.39734
    endloop
  endfacet
  facet normal 0 1 0
    outer loop
      vertex 66.7344 20 3.39734
      vertex 144 20 0
      vertex 66.6717 20 3.32826
    endloop
  endfacet
  facet normal 0 1 0
    outer loop
      vertex 66.6717 20 3.32826
      vertex 144 20 0
      vertex 66.6027 20 3.26564
    endloop
  endfacet
  facet normal 0 1 0
    outer loop
      vertex 66.6027 20 3.26564
      vertex 144 20 0
      vertex 66.5278 20 3.21011
    endloop
  endfacet
  facet normal 0 1 0
    outer loop
      vertex 66.5278 20 3.21011
      vertex 144 20 0
      vertex 66.4478 20 3.16219
    endloop
  endfacet
  facet normal 0 1 0
    outer loop
      vertex 66.4478 20 3.16219
      vertex 144 20 0
      vertex 66.3635 20 3.12231
    endloop
  endfacet
  facet normal 0 1 0
    outer loop
      vertex 66.3635 20 3.12231
      vertex 144 20 0
      vertex 66.2758 20 3.09091
    endloop
  endfacet
  facet normal 0 1 0
    outer loop
      vertex 66.2758 20 3.09091
      vertex 144 20 0
      vertex 66.1853 20 3.06827
    endloop
  endfacet
  facet normal 0 1 0
    outer loop
      vertex 66.1853 20 3.06827
      vertex 55 20 0
      vertex 66.0931 20 3.05458
    endloop
  endfacet
  facet normal 0 1 0
    outer loop
      vertex 55 20 0
      vertex 66.1853 20 3.06827
      vertex 144 20 0
    endloop
  endfacet
  facet normal 0 1 -0
    outer loop
      vertex 65.3283 20 4.67174
      vertex 55 20 11
      vertex 66 20 5.34349
    endloop
  endfacet
  facet normal 0 1 -0
    outer loop
      vertex 65.2656 20 4.60266
      vertex 55 20 11
      vertex 65.3283 20 4.67174
    endloop
  endfacet
  facet normal 0 1 -0
    outer loop
      vertex 65.2101 20 4.52779
      vertex 55 20 11
      vertex 65.2656 20 4.60266
    endloop
  endfacet
  facet normal 0 1 -0
    outer loop
      vertex 65.1622 20 4.44781
      vertex 55 20 11
      vertex 65.2101 20 4.52779
    endloop
  endfacet
  facet normal 0 1 -0
    outer loop
      vertex 65.1223 20 4.36354
      vertex 55 20 11
      vertex 65.1622 20 4.44781
    endloop
  endfacet
  facet normal 0 1 -0
    outer loop
      vertex 65.0909 20 4.27576
      vertex 55 20 11
      vertex 65.1223 20 4.36354
    endloop
  endfacet
  facet normal 0 1 -0
    outer loop
      vertex 65.0683 20 4.18533
      vertex 55 20 11
      vertex 65.0909 20 4.27576
    endloop
  endfacet
  facet normal 0 1 0
    outer loop
      vertex 55 20 0
      vertex 65.0683 20 4.18533
      vertex 65.0546 20 4.09311
    endloop
  endfacet
  facet normal 0 1 0
    outer loop
      vertex 55 20 0
      vertex 65.0546 20 4.09311
      vertex 65.05 20 4
    endloop
  endfacet
  facet normal 0 1 0
    outer loop
      vertex 55 20 0
      vertex 65.05 20 4
      vertex 65.0546 20 3.90689
    endloop
  endfacet
  facet normal 0 1 0
    outer loop
      vertex 55 20 0
      vertex 65.0546 20 3.90689
      vertex 65.0683 20 3.81467
    endloop
  endfacet
  facet normal 0 1 0
    outer loop
      vertex 55 20 0
      vertex 65.0683 20 3.81467
      vertex 65.0909 20 3.72424
    endloop
  endfacet
  facet normal 0 1 0
    outer loop
      vertex 55 20 0
      vertex 65.0909 20 3.72424
      vertex 65.1223 20 3.63646
    endloop
  endfacet
  facet normal 0 1 0
    outer loop
      vertex 55 20 0
      vertex 65.1223 20 3.63646
      vertex 65.1622 20 3.55219
    endloop
  endfacet
  facet normal 0 1 0
    outer loop
      vertex 55 20 0
      vertex 65.1622 20 3.55219
      vertex 65.2101 20 3.47221
    endloop
  endfacet
  facet normal 0 1 0
    outer loop
      vertex 55 20 0
      vertex 65.2101 20 3.47221
      vertex 65.2656 20 3.39734
    endloop
  endfacet
  facet normal 0 1 0
    outer loop
      vertex 55 20 0
      vertex 65.2656 20 3.39734
      vertex 65.3283 20 3.32826
    endloop
  endfacet
  facet normal 0 1 0
    outer loop
      vertex 55 20 0
      vertex 65.3283 20 3.32826
      vertex 65.3973 20 3.26564
    endloop
  endfacet
  facet normal 0 1 0
    outer loop
      vertex 65.0683 20 4.18533
      vertex 55 20 0
      vertex 55 20 11
    endloop
  endfacet
  facet normal 0 1 0
    outer loop
      vertex 65.4722 20 3.21011
      vertex 55 20 0
      vertex 65.3973 20 3.26564
    endloop
  endfacet
  facet normal 0 1 0
    outer loop
      vertex 65.5522 20 3.16219
      vertex 55 20 0
      vertex 65.4722 20 3.21011
    endloop
  endfacet
  facet normal 0 1 0
    outer loop
      vertex 65.6365 20 3.12231
      vertex 55 20 0
      vertex 65.5522 20 3.16219
    endloop
  endfacet
  facet normal 0 1 0
    outer loop
      vertex 65.7242 20 3.09091
      vertex 55 20 0
      vertex 65.6365 20 3.12231
    endloop
  endfacet
  facet normal 0 1 0
    outer loop
      vertex 65.8147 20 3.06827
      vertex 55 20 0
      vertex 65.7242 20 3.09091
    endloop
  endfacet
  facet normal 0 1 0
    outer loop
      vertex 65.9069 20 3.05458
      vertex 55 20 0
      vertex 65.8147 20 3.06827
    endloop
  endfacet
  facet normal 0 1 0
    outer loop
      vertex 66 20 3.05
      vertex 55 20 0
      vertex 65.9069 20 3.05458
    endloop
  endfacet
  facet normal 0 1 0
    outer loop
      vertex 66.0931 20 3.05458
      vertex 55 20 0
      vertex 66 20 3.05
    endloop
  endfacet
  facet normal 1 0 0
    outer loop
      vertex 144 -16 11
      vertex 144 -17 12
      vertex 144 -16 9
    endloop
  endfacet
  facet normal 1 0 0
    outer loop
      vertex 144 10 11
      vertex 144 9 12
      vertex 144 10 9
    endloop
  endfacet
  facet normal 1 0 0
    outer loop
      vertex 144 16 9
      vertex 144 20 11
      vertex 144 19 12
    endloop
  endfacet
  facet normal 1 0 0
    outer loop
      vertex 144 16 9
      vertex 144 19 12
      vertex 144 17 12
    endloop
  endfacet
  facet normal 1 0 0
    outer loop
      vertex 144 16 9
      vertex 144 17 12
      vertex 144 16 11
    endloop
  endfacet
  facet normal 1 0 0
    outer loop
      vertex 144 20 11
      vertex 144 16 9
      vertex 144 20 0
    endloop
  endfacet
  facet normal 1 -0 0
    outer loop
      vertex 144 10 9
      vertex 144 20 0
      vertex 144 16 9
    endloop
  endfacet
  facet normal 1 -0 0
    outer loop
      vertex 144 3 10.7
      vertex 144 10 9
      vertex 144 9 12
    endloop
  endfacet
  facet normal 1 0 0
    outer loop
      vertex 144 3 0
      vertex 144 10 9
      vertex 144 3 10.7
    endloop
  endfacet
  facet normal 1 0 0
    outer loop
      vertex 144 10 9
      vertex 144 3 0
      vertex 144 20 0
    endloop
  endfacet
  facet normal 1 0 0
    outer loop
      vertex 144 9 12
      vertex 144 2.2 11.5
      vertex 144 3 10.7
    endloop
  endfacet
  facet normal 1 0 0
    outer loop
      vertex 144 9 12
      vertex 144 -2.2 11.5
      vertex 144 2.2 11.5
    endloop
  endfacet
  facet normal 1 -0 0
    outer loop
      vertex 144 -9 12
      vertex 144 -2.2 11.5
      vertex 144 9 12
    endloop
  endfacet
  facet normal 1 0 0
    outer loop
      vertex 144 -9 12
      vertex 144 -3 10.7
      vertex 144 -2.2 11.5
    endloop
  endfacet
  facet normal 1 0 0
    outer loop
      vertex 144 -10 9
      vertex 144 -3 10.7
      vertex 144 -9 12
    endloop
  endfacet
  facet normal 1 0 0
    outer loop
      vertex 144 -10 9
      vertex 144 -9 12
      vertex 144 -10 11
    endloop
  endfacet
  facet normal 1 0 0
    outer loop
      vertex 144 -3 10.7
      vertex 144 -10 9
      vertex 144 -3 0
    endloop
  endfacet
  facet normal 1 0 0
    outer loop
      vertex 144 -20 0
      vertex 144 -10 9
      vertex 144 -16 9
    endloop
  endfacet
  facet normal 1 -0 0
    outer loop
      vertex 144 -19 12
      vertex 144 -16 9
      vertex 144 -17 12
    endloop
  endfacet
  facet normal 1 -0 0
    outer loop
      vertex 144 -20 11
      vertex 144 -16 9
      vertex 144 -19 12
    endloop
  endfacet
  facet normal 1 0 0
    outer loop
      vertex 144 -20 0
      vertex 144 -16 9
      vertex 144 -20 11
    endloop
  endfacet
  facet normal 1 0 0
    outer loop
      vertex 144 -10 9
      vertex 144 -20 0
      vertex 144 -3 0
    endloop
  endfacet
  facet normal 1 -0 0
    outer loop
      vertex 55 20 11
      vertex 55 36 0
      vertex 55 36 11
    endloop
  endfacet
  facet normal 1 0 0
    outer loop
      vertex 55 36 0
      vertex 55 20 11
      vertex 55 20 0
    endloop
  endfacet
  facet normal -1 0 0
    outer loop
      vertex 31.8 20 0
      vertex 31.8 36 11
      vertex 31.8 36 0
    endloop
  endfacet
  facet normal -1 -0 0
    outer loop
      vertex 31.8 36 11
      vertex 31.8 20 0
      vertex 31.8 20 11
    endloop
  endfacet
  facet normal -0.707107 0 0.707107
    outer loop
      vertex 31.8 20 11
      vertex 32.8 35 12
      vertex 31.8 36 11
    endloop
  endfacet
  facet normal -0.707107 0 0.707107
    outer loop
      vertex 32.8 35 12
      vertex 31.8 20 11
      vertex 32.8 19 12
    endloop
  endfacet
  facet normal 0 1 -0
    outer loop
      vertex 55 36 0
      vertex 31.8 36 11
      vertex 55 36 11
    endloop
  endfacet
  facet normal 0 1 0
    outer loop
      vertex 31.8 36 11
      vertex 55 36 0
      vertex 31.8 36 0
    endloop
  endfacet
  facet normal 0 0.707107 0.707107
    outer loop
      vertex 54 35 12
      vertex 51 35.01 11.99
      vertex 51 35 12
    endloop
  endfacet
  facet normal 0 0.707107 0.707107
    outer loop
      vertex 51 35.01 11.99
      vertex 55 36 11
      vertex 35.8 35.01 11.99
    endloop
  endfacet
  facet normal -4.173e-16 0.707107 0.707107
    outer loop
      vertex 55 36 11
      vertex 51 35.01 11.99
      vertex 54 35 12
    endloop
  endfacet
  facet normal 0 0.707107 0.707107
    outer loop
      vertex 35.8 35.01 11.99
      vertex 32.8 35 12
      vertex 35.8 35 12
    endloop
  endfacet
  facet normal -0 0.707107 0.707107
    outer loop
      vertex 31.8 36 11
      vertex 35.8 35.01 11.99
      vertex 55 36 11
    endloop
  endfacet
  facet normal 4.173e-16 0.707107 0.707107
    outer loop
      vertex 35.8 35.01 11.99
      vertex 31.8 36 11
      vertex 32.8 35 12
    endloop
  endfacet
  facet normal 0.707107 0 0.707107
    outer loop
      vertex 54 35 12
      vertex 55 20 11
      vertex 55 36 11
    endloop
  endfacet
  facet normal 0.707107 0 0.707107
    outer loop
      vertex 55 20 11
      vertex 54 35 12
      vertex 54 19 12
    endloop
  endfacet
  facet normal 1 0 0
    outer loop
      vertex 51 36 12
      vertex 51 35.01 11.99
      vertex 51 36 11.99
    endloop
  endfacet
  facet normal 1 0 -0
    outer loop
      vertex 51 35.01 11.99
      vertex 51 36 12
      vertex 51 35 12
    endloop
  endfacet
  facet normal -1 0 0
    outer loop
      vertex 35.8 35.01 11.99
      vertex 35.8 36 12
      vertex 35.8 36 11.99
    endloop
  endfacet
  facet normal -1 -0 0
    outer loop
      vertex 35.8 36 12
      vertex 35.8 35.01 11.99
      vertex 35.8 35 12
    endloop
  endfacet
  facet normal -0.928732 0 0.370751
    outer loop
      vertex 35.8 35 12
      vertex 37.8 34 17.01
      vertex 35.8 36 12
    endloop
  endfacet
  facet normal -0.928732 0 0.370751
    outer loop
      vertex 35.8 35 12
      vertex 37.8 26 17.01
      vertex 37.8 34 17.01
    endloop
  endfacet
  facet normal -0.928732 0 0.370751
    outer loop
      vertex 37.8 26 17.01
      vertex 35.8 35 12
      vertex 35.8 24 12
    endloop
  endfacet
  facet normal 0 0 -1
    outer loop
      vertex 35.8 35.01 11.99
      vertex 51 36 11.99
      vertex 51 35.01 11.99
    endloop
  endfacet
  facet normal -0 0 -1
    outer loop
      vertex 51 36 11.99
      vertex 35.8 35.01 11.99
      vertex 35.8 36 11.99
    endloop
  endfacet
  facet normal 0 1 -0
    outer loop
      vertex 51 36 11.99
      vertex 35.8 36 12
      vertex 51 36 12
    endloop
  endfacet
  facet normal 0 1 0
    outer loop
      vertex 35.8 36 12
      vertex 51 36 11.99
      vertex 35.8 36 11.99
    endloop
  endfacet
  facet normal 0 -0.928732 0.370751
    outer loop
      vertex 35.8 24 12
      vertex 49 26 17.01
      vertex 37.8 26 17.01
    endloop
  endfacet
  facet normal 0 -0.928732 0.370751
    outer loop
      vertex 49 26 17.01
      vertex 35.8 24 12
      vertex 51 24 12
    endloop
  endfacet
  facet normal 0 0.928732 0.370751
    outer loop
      vertex 51 36 12
      vertex 37.8 34 17.01
      vertex 49 34 17.01
    endloop
  endfacet
  facet normal 0 0.928732 0.370751
    outer loop
      vertex 37.8 34 17.01
      vertex 51 36 12
      vertex 35.8 36 12
    endloop
  endfacet
  facet normal 0.928732 0 0.370751
    outer loop
      vertex 49 34 17.01
      vertex 51 35 12
      vertex 51 36 12
    endloop
  endfacet
  facet normal 0.928732 -0 0.370751
    outer loop
      vertex 49 26 17.01
      vertex 51 35 12
      vertex 49 34 17.01
    endloop
  endfacet
  facet normal 0.928732 0 0.370751
    outer loop
      vertex 51 35 12
      vertex 49 26 17.01
      vertex 51 24 12
    endloop
  endfacet
  facet normal 1 0 0
    outer loop
      vertex 49 31.5 52
      vertex 49 34 76.8
      vertex 49 31.5 74.5
    endloop
  endfacet
  facet normal 1 0 0
    outer loop
      vertex 49 34 76.8
      vertex 49 28.5 74.5
      vertex 49 31.5 74.5
    endloop
  endfacet
  facet normal 1 0 0
    outer loop
      vertex 49 28.5 74.5
      vertex 49 26 76.8
      vertex 49 28.5 52
    endloop
  endfacet
  facet normal 1 -0 0
    outer loop
      vertex 49 26 76.8
      vertex 49 28.5 74.5
      vertex 49 34 76.8
    endloop
  endfacet
  facet normal 1 0 0
    outer loop
      vertex 49 34 76.8
      vertex 49 31.5 52
      vertex 49 34 17.01
    endloop
  endfacet
  facet normal 1 -0 0
    outer loop
      vertex 49 28.5 52
      vertex 49 34 17.01
      vertex 49 31.5 52
    endloop
  endfacet
  facet normal 1 0 0
    outer loop
      vertex 49 28.5 52
      vertex 49 26 17.01
      vertex 49 34 17.01
    endloop
  endfacet
  facet normal 1 0 0
    outer loop
      vertex 49 26 17.01
      vertex 49 28.5 52
      vertex 49 26 76.8
    endloop
  endfacet
  facet normal -1 0 0
    outer loop
      vertex 37.8 34 17.01
      vertex 37.8 31.5 52
      vertex 37.8 34 76.8
    endloop
  endfacet
  facet normal -1 0 0
    outer loop
      vertex 37.8 34 17.01
      vertex 37.8 28.5 52
      vertex 37.8 31.5 52
    endloop
  endfacet
  facet normal -1 0 0
    outer loop
      vertex 37.8 26 76.8
      vertex 37.8 28.5 52
      vertex 37.8 26 17.01
    endloop
  endfacet
  facet normal -1 0 0
    outer loop
      vertex 37.8 26 17.01
      vertex 37.8 28.5 52
      vertex 37.8 34 17.01
    endloop
  endfacet
  facet normal -1 0 0
    outer loop
      vertex 37.8 31.5 74.5
      vertex 37.8 34 76.8
      vertex 37.8 31.5 52
    endloop
  endfacet
  facet normal -1 0 0
    outer loop
      vertex 37.8 28.5 74.5
      vertex 37.8 34 76.8
      vertex 37.8 31.5 74.5
    endloop
  endfacet
  facet normal -1 0 0
    outer loop
      vertex 37.8 28.5 74.5
      vertex 37.8 26 76.8
      vertex 37.8 34 76.8
    endloop
  endfacet
  facet normal -1 0 0
    outer loop
      vertex 37.8 28.5 52
      vertex 37.8 26 76.8
      vertex 37.8 28.5 74.5
    endloop
  endfacet
  facet normal 0 1 0
    outer loop
      vertex 49 34 76.8
      vertex 41.3 34 61.3435
      vertex 37.8 34 76.8
    endloop
  endfacet
  facet normal 0 1 0
    outer loop
      vertex 49 34 76.8
      vertex 41.9717 34 60.6717
      vertex 41.3 34 61.3435
    endloop
  endfacet
  facet normal 0 1 0
    outer loop
      vertex 49 34 76.8
      vertex 42.0344 34 60.6027
      vertex 41.9717 34 60.6717
    endloop
  endfacet
  facet normal 0 1 0
    outer loop
      vertex 49 34 76.8
      vertex 42.0899 34 60.5278
      vertex 42.0344 34 60.6027
    endloop
  endfacet
  facet normal 0 1 0
    outer loop
      vertex 49 34 76.8
      vertex 42.1378 34 60.4478
      vertex 42.0899 34 60.5278
    endloop
  endfacet
  facet normal 0 1 0
    outer loop
      vertex 49 34 76.8
      vertex 42.1777 34 60.3635
      vertex 42.1378 34 60.4478
    endloop
  endfacet
  facet normal 0 1 0
    outer loop
      vertex 49 34 76.8
      vertex 42.2091 34 60.2758
      vertex 42.1777 34 60.3635
    endloop
  endfacet
  facet normal 0 1 0
    outer loop
      vertex 49 34 76.8
      vertex 42.2317 34 60.1853
      vertex 42.2091 34 60.2758
    endloop
  endfacet
  facet normal 0 1 0
    outer loop
      vertex 49 34 76.8
      vertex 42.2454 34 60.0931
      vertex 42.2317 34 60.1853
    endloop
  endfacet
  facet normal 0 1 0
    outer loop
      vertex 49 34 76.8
      vertex 42.25 34 60
      vertex 42.2454 34 60.0931
    endloop
  endfacet
  facet normal 0 1 -0
    outer loop
      vertex 47 34 46
      vertex 42.25 34 60
      vertex 49 34 76.8
    endloop
  endfacet
  facet normal 0 1 0
    outer loop
      vertex 42.25 34 60
      vertex 47 34 46
      vertex 42.2454 34 59.9069
    endloop
  endfacet
  facet normal 0 1 0
    outer loop
      vertex 42.2454 34 59.9069
      vertex 47 34 46
      vertex 42.2317 34 59.8147
    endloop
  endfacet
  facet normal 0 1 0
    outer loop
      vertex 42.2317 34 59.8147
      vertex 47 34 46
      vertex 42.2091 34 59.7242
    endloop
  endfacet
  facet normal 0 1 0
    outer loop
      vertex 41.4853 34 59.0683
      vertex 39.8 34 46
      vertex 41.3931 34 59.0546
    endloop
  endfacet
  facet normal 0 1 0
    outer loop
      vertex 41.5758 34 59.0909
      vertex 39.8 34 46
      vertex 41.4853 34 59.0683
    endloop
  endfacet
  facet normal 0 1 0
    outer loop
      vertex 39.8 34 46
      vertex 41.5758 34 59.0909
      vertex 47 34 46
    endloop
  endfacet
  facet normal 0 1 0
    outer loop
      vertex 41.6635 34 59.1223
      vertex 47 34 46
      vertex 41.5758 34 59.0909
    endloop
  endfacet
  facet normal 0 1 0
    outer loop
      vertex 41.7478 34 59.1622
      vertex 47 34 46
      vertex 41.6635 34 59.1223
    endloop
  endfacet
  facet normal 0 1 0
    outer loop
      vertex 41.8278 34 59.2101
      vertex 47 34 46
      vertex 41.7478 34 59.1622
    endloop
  endfacet
  facet normal 0 1 0
    outer loop
      vertex 41.9027 34 59.2656
      vertex 47 34 46
      vertex 41.8278 34 59.2101
    endloop
  endfacet
  facet normal 0 1 0
    outer loop
      vertex 41.9717 34 59.3283
      vertex 47 34 46
      vertex 41.9027 34 59.2656
    endloop
  endfacet
  facet normal 0 1 0
    outer loop
      vertex 42.0344 34 59.3973
      vertex 47 34 46
      vertex 41.9717 34 59.3283
    endloop
  endfacet
  facet normal 0 1 0
    outer loop
      vertex 42.0899 34 59.4722
      vertex 47 34 46
      vertex 42.0344 34 59.3973
    endloop
  endfacet
  facet normal 0 1 0
    outer loop
      vertex 42.1378 34 59.5522
      vertex 47 34 46
      vertex 42.0899 34 59.4722
    endloop
  endfacet
  facet normal 0 1 0
    outer loop
      vertex 42.1777 34 59.6365
      vertex 47 34 46
      vertex 42.1378 34 59.5522
    endloop
  endfacet
  facet normal 0 1 0
    outer loop
      vertex 42.2091 34 59.7242
      vertex 47 34 46
      vertex 42.1777 34 59.6365
    endloop
  endfacet
  facet normal 0 1 0
    outer loop
      vertex 49 34 76.8
      vertex 47 34 45
      vertex 47 34 46
    endloop
  endfacet
  facet normal 0 1 0
    outer loop
      vertex 47 34 45
      vertex 47 34 41
      vertex 39.8 34 45
    endloop
  endfacet
  facet normal 0 1 -0
    outer loop
      vertex 49 34 17.01
      vertex 47 34 45
      vertex 49 34 76.8
    endloop
  endfacet
  facet normal 0 1 0
    outer loop
      vertex 47 34 45
      vertex 49 34 17.01
      vertex 47 34 41
    endloop
  endfacet
  facet normal 0 1 0
    outer loop
      vertex 47 34 40
      vertex 47 34 36
      vertex 39.8 34 40
    endloop
  endfacet
  facet normal 0 1 0
    outer loop
      vertex 47 34 41
      vertex 49 34 17.01
      vertex 47 34 40
    endloop
  endfacet
  facet normal 0 1 0
    outer loop
      vertex 47 34 40
      vertex 49 34 17.01
      vertex 47 34 36
    endloop
  endfacet
  facet normal 0 1 0
    outer loop
      vertex 47 34 35
      vertex 47 34 31
      vertex 39.8 34 35
    endloop
  endfacet
  facet normal 0 1 0
    outer loop
      vertex 47 34 36
      vertex 49 34 17.01
      vertex 47 34 35
    endloop
  endfacet
  facet normal 0 1 0
    outer loop
      vertex 47 34 35
      vertex 49 34 17.01
      vertex 47 34 31
    endloop
  endfacet
  facet normal 0 1 0
    outer loop
      vertex 47 34 30
      vertex 47 34 26
      vertex 39.8 34 30
    endloop
  endfacet
  facet normal 0 1 0
    outer loop
      vertex 47 34 31
      vertex 49 34 17.01
      vertex 47 34 30
    endloop
  endfacet
  facet normal 0 1 0
    outer loop
      vertex 47 34 30
      vertex 49 34 17.01
      vertex 47 34 26
    endloop
  endfacet
  facet normal 0 1 0
    outer loop
      vertex 47 34 25
      vertex 47 34 21
      vertex 39.8 34 25
    endloop
  endfacet
  facet normal 0 1 0
    outer loop
      vertex 47 34 26
      vertex 49 34 17.01
      vertex 47 34 25
    endloop
  endfacet
  facet normal 0 1 0
    outer loop
      vertex 47 34 25
      vertex 49 34 17.01
      vertex 47 34 21
    endloop
  endfacet
  facet normal 0 1 0
    outer loop
      vertex 47 34 20
      vertex 49 34 17.01
      vertex 39.8 34 20
    endloop
  endfacet
  facet normal 0 1 0
    outer loop
      vertex 47 34 21
      vertex 49 34 17.01
      vertex 47 34 20
    endloop
  endfacet
  facet normal 0 1 -0
    outer loop
      vertex 40.6283 34 60.6717
      vertex 37.8 34 76.8
      vertex 41.3 34 61.3435
    endloop
  endfacet
  facet normal 0 1 -0
    outer loop
      vertex 40.5656 34 60.6027
      vertex 37.8 34 76.8
      vertex 40.6283 34 60.6717
    endloop
  endfacet
  facet normal 0 1 -0
    outer loop
      vertex 40.5101 34 60.5278
      vertex 37.8 34 76.8
      vertex 40.5656 34 60.6027
    endloop
  endfacet
  facet normal 0 1 -0
    outer loop
      vertex 40.4622 34 60.4478
      vertex 37.8 34 76.8
      vertex 40.5101 34 60.5278
    endloop
  endfacet
  facet normal 0 1 -0
    outer loop
      vertex 40.4223 34 60.3635
      vertex 37.8 34 76.8
      vertex 40.4622 34 60.4478
    endloop
  endfacet
  facet normal 0 1 -0
    outer loop
      vertex 40.3909 34 60.2758
      vertex 37.8 34 76.8
      vertex 40.4223 34 60.3635
    endloop
  endfacet
  facet normal 0 1 -0
    outer loop
      vertex 40.3683 34 60.1853
      vertex 37.8 34 76.8
      vertex 40.3909 34 60.2758
    endloop
  endfacet
  facet normal 0 1 -0
    outer loop
      vertex 40.3546 34 60.0931
      vertex 37.8 34 76.8
      vertex 40.3683 34 60.1853
    endloop
  endfacet
  facet normal 0 1 -0
    outer loop
      vertex 40.35 34 60
      vertex 37.8 34 76.8
      vertex 40.3546 34 60.0931
    endloop
  endfacet
  facet normal 0 1 0
    outer loop
      vertex 40.3546 34 59.9069
      vertex 37.8 34 76.8
      vertex 40.35 34 60
    endloop
  endfacet
  facet normal 0 1 0
    outer loop
      vertex 39.8 34 46
      vertex 40.3546 34 59.9069
      vertex 40.3683 34 59.8147
    endloop
  endfacet
  facet normal 0 1 0
    outer loop
      vertex 41.3931 34 59.0546
      vertex 39.8 34 46
      vertex 41.3 34 59.05
    endloop
  endfacet
  facet normal 0 1 0
    outer loop
      vertex 41.3 34 59.05
      vertex 39.8 34 46
      vertex 41.2069 34 59.0546
    endloop
  endfacet
  facet normal 0 1 0
    outer loop
      vertex 41.2069 34 59.0546
      vertex 39.8 34 46
      vertex 41.1147 34 59.0683
    endloop
  endfacet
  facet normal 0 1 0
    outer loop
      vertex 41.1147 34 59.0683
      vertex 39.8 34 46
      vertex 41.0242 34 59.0909
    endloop
  endfacet
  facet normal 0 1 0
    outer loop
      vertex 41.0242 34 59.0909
      vertex 39.8 34 46
      vertex 40.9365 34 59.1223
    endloop
  endfacet
  facet normal 0 1 0
    outer loop
      vertex 40.9365 34 59.1223
      vertex 39.8 34 46
      vertex 40.8522 34 59.1622
    endloop
  endfacet
  facet normal 0 1 0
    outer loop
      vertex 40.8522 34 59.1622
      vertex 39.8 34 46
      vertex 40.7722 34 59.2101
    endloop
  endfacet
  facet normal 0 1 0
    outer loop
      vertex 40.7722 34 59.2101
      vertex 39.8 34 46
      vertex 40.6973 34 59.2656
    endloop
  endfacet
  facet normal 0 1 0
    outer loop
      vertex 40.6973 34 59.2656
      vertex 39.8 34 46
      vertex 40.6283 34 59.3283
    endloop
  endfacet
  facet normal 0 1 0
    outer loop
      vertex 40.6283 34 59.3283
      vertex 39.8 34 46
      vertex 40.5656 34 59.3973
    endloop
  endfacet
  facet normal 0 1 0
    outer loop
      vertex 40.5656 34 59.3973
      vertex 39.8 34 46
      vertex 40.5101 34 59.4722
    endloop
  endfacet
  facet normal 0 1 0
    outer loop
      vertex 40.5101 34 59.4722
      vertex 39.8 34 46
      vertex 40.4622 34 59.5522
    endloop
  endfacet
  facet normal 0 1 0
    outer loop
      vertex 39.8 34 46
      vertex 40.4223 34 59.6365
      vertex 40.4622 34 59.5522
    endloop
  endfacet
  facet normal 0 1 0
    outer loop
      vertex 39.8 34 46
      vertex 40.3909 34 59.7242
      vertex 40.4223 34 59.6365
    endloop
  endfacet
  facet normal 0 1 0
    outer loop
      vertex 39.8 34 46
      vertex 40.3683 34 59.8147
      vertex 40.3909 34 59.7242
    endloop
  endfacet
  facet normal 0 1 0
    outer loop
      vertex 40.3546 34 59.9069
      vertex 39.8 34 46
      vertex 37.8 34 76.8
    endloop
  endfacet
  facet normal 0 1 -0
    outer loop
      vertex 39.8 34 45
      vertex 37.8 34 76.8
      vertex 39.8 34 46
    endloop
  endfacet
  facet normal 0 1 0
    outer loop
      vertex 39.8 34 41
      vertex 39.8 34 45
      vertex 47 34 41
    endloop
  endfacet
  facet normal 0 1 0
    outer loop
      vertex 37.8 34 17.01
      vertex 39.8 34 45
      vertex 39.8 34 41
    endloop
  endfacet
  facet normal 0 1 0
    outer loop
      vertex 37.8 34 17.01
      vertex 39.8 34 41
      vertex 39.8 34 40
    endloop
  endfacet
  facet normal 0 1 0
    outer loop
      vertex 39.8 34 36
      vertex 39.8 34 40
      vertex 47 34 36
    endloop
  endfacet
  facet normal 0 1 0
    outer loop
      vertex 37.8 34 17.01
      vertex 39.8 34 40
      vertex 39.8 34 36
    endloop
  endfacet
  facet normal 0 1 0
    outer loop
      vertex 37.8 34 17.01
      vertex 39.8 34 36
      vertex 39.8 34 35
    endloop
  endfacet
  facet normal 0 1 0
    outer loop
      vertex 39.8 34 31
      vertex 39.8 34 35
      vertex 47 34 31
    endloop
  endfacet
  facet normal 0 1 0
    outer loop
      vertex 37.8 34 17.01
      vertex 39.8 34 35
      vertex 39.8 34 31
    endloop
  endfacet
  facet normal 0 1 0
    outer loop
      vertex 37.8 34 17.01
      vertex 39.8 34 31
      vertex 39.8 34 30
    endloop
  endfacet
  facet normal 0 1 0
    outer loop
      vertex 39.8 34 26
      vertex 39.8 34 30
      vertex 47 34 26
    endloop
  endfacet
  facet normal 0 1 0
    outer loop
      vertex 37.8 34 17.01
      vertex 39.8 34 30
      vertex 39.8 34 26
    endloop
  endfacet
  facet normal 0 1 0
    outer loop
      vertex 37.8 34 17.01
      vertex 39.8 34 26
      vertex 39.8 34 25
    endloop
  endfacet
  facet normal 0 1 0
    outer loop
      vertex 39.8 34 21
      vertex 39.8 34 25
      vertex 47 34 21
    endloop
  endfacet
  facet normal 0 1 0
    outer loop
      vertex 37.8 34 17.01
      vertex 39.8 34 25
      vertex 39.8 34 21
    endloop
  endfacet
  facet normal 0 1 0
    outer loop
      vertex 37.8 34 17.01
      vertex 39.8 34 21
      vertex 39.8 34 20
    endloop
  endfacet
  facet normal 0 1 0
    outer loop
      vertex 39.8 34 45
      vertex 37.8 34 17.01
      vertex 37.8 34 76.8
    endloop
  endfacet
  facet normal 0 1 0
    outer loop
      vertex 37.8 34 17.01
      vertex 39.8 34 20
      vertex 49 34 17.01
    endloop
  endfacet
  facet normal 0 -1 0
    outer loop
      vertex 37.8 26 76.8
      vertex 41.3 26 61.3435
      vertex 49 26 76.8
    endloop
  endfacet
  facet normal 0 -1 0
    outer loop
      vertex 37.8 26 76.8
      vertex 40.6283 26 60.6717
      vertex 41.3 26 61.3435
    endloop
  endfacet
  facet normal 0 -1 0
    outer loop
      vertex 37.8 26 76.8
      vertex 40.5656 26 60.6027
      vertex 40.6283 26 60.6717
    endloop
  endfacet
  facet normal 0 -1 0
    outer loop
      vertex 37.8 26 76.8
      vertex 40.5101 26 60.5278
      vertex 40.5656 26 60.6027
    endloop
  endfacet
  facet normal 0 -1 0
    outer loop
      vertex 37.8 26 76.8
      vertex 40.4622 26 60.4478
      vertex 40.5101 26 60.5278
    endloop
  endfacet
  facet normal 0 -1 0
    outer loop
      vertex 37.8 26 76.8
      vertex 40.4223 26 60.3635
      vertex 40.4622 26 60.4478
    endloop
  endfacet
  facet normal 0 -1 0
    outer loop
      vertex 37.8 26 76.8
      vertex 40.3909 26 60.2758
      vertex 40.4223 26 60.3635
    endloop
  endfacet
  facet normal 0 -1 0
    outer loop
      vertex 37.8 26 76.8
      vertex 40.3683 26 60.1853
      vertex 40.3909 26 60.2758
    endloop
  endfacet
  facet normal 0 -1 0
    outer loop
      vertex 37.8 26 76.8
      vertex 40.3546 26 60.0931
      vertex 40.3683 26 60.1853
    endloop
  endfacet
  facet normal 0 -1 0
    outer loop
      vertex 37.8 26 76.8
      vertex 40.35 26 60
      vertex 40.3546 26 60.0931
    endloop
  endfacet
  facet normal 0 -1 0
    outer loop
      vertex 37.8 26 76.8
      vertex 40.3546 26 59.9069
      vertex 40.35 26 60
    endloop
  endfacet
  facet normal 0 -1 0
    outer loop
      vertex 37.8 26 17.01
      vertex 40.3546 26 59.9069
      vertex 37.8 26 76.8
    endloop
  endfacet
  facet normal 0 -1 -0
    outer loop
      vertex 41.2069 26 59.0546
      vertex 37.8 26 17.01
      vertex 41.3 26 59.05
    endloop
  endfacet
  facet normal 0 -1 -0
    outer loop
      vertex 41.1147 26 59.0683
      vertex 37.8 26 17.01
      vertex 41.2069 26 59.0546
    endloop
  endfacet
  facet normal 0 -1 -0
    outer loop
      vertex 41.0242 26 59.0909
      vertex 37.8 26 17.01
      vertex 41.1147 26 59.0683
    endloop
  endfacet
  facet normal 0 -1 -0
    outer loop
      vertex 40.9365 26 59.1223
      vertex 37.8 26 17.01
      vertex 41.0242 26 59.0909
    endloop
  endfacet
  facet normal 0 -1 -0
    outer loop
      vertex 40.8522 26 59.1622
      vertex 37.8 26 17.01
      vertex 40.9365 26 59.1223
    endloop
  endfacet
  facet normal 0 -1 -0
    outer loop
      vertex 40.7722 26 59.2101
      vertex 37.8 26 17.01
      vertex 40.8522 26 59.1622
    endloop
  endfacet
  facet normal 0 -1 -0
    outer loop
      vertex 40.6973 26 59.2656
      vertex 37.8 26 17.01
      vertex 40.7722 26 59.2101
    endloop
  endfacet
  facet normal 0 -1 -0
    outer loop
      vertex 40.6283 26 59.3283
      vertex 37.8 26 17.01
      vertex 40.6973 26 59.2656
    endloop
  endfacet
  facet normal 0 -1 -0
    outer loop
      vertex 40.5656 26 59.3973
      vertex 37.8 26 17.01
      vertex 40.6283 26 59.3283
    endloop
  endfacet
  facet normal 0 -1 -0
    outer loop
      vertex 40.5101 26 59.4722
      vertex 37.8 26 17.01
      vertex 40.5656 26 59.3973
    endloop
  endfacet
  facet normal 0 -1 -0
    outer loop
      vertex 40.4622 26 59.5522
      vertex 37.8 26 17.01
      vertex 40.5101 26 59.4722
    endloop
  endfacet
  facet normal 0 -1 -0
    outer loop
      vertex 40.4223 26 59.6365
      vertex 37.8 26 17.01
      vertex 40.4622 26 59.5522
    endloop
  endfacet
  facet normal 0 -1 -0
    outer loop
      vertex 40.3909 26 59.7242
      vertex 37.8 26 17.01
      vertex 40.4223 26 59.6365
    endloop
  endfacet
  facet normal 0 -1 -0
    outer loop
      vertex 40.3683 26 59.8147
      vertex 37.8 26 17.01
      vertex 40.3909 26 59.7242
    endloop
  endfacet
  facet normal 0 -1 -0
    outer loop
      vertex 40.3546 26 59.9069
      vertex 37.8 26 17.01
      vertex 40.3683 26 59.8147
    endloop
  endfacet
  facet normal 0 -1 0
    outer loop
      vertex 41.9717 26 60.6717
      vertex 49 26 76.8
      vertex 41.3 26 61.3435
    endloop
  endfacet
  facet normal 0 -1 0
    outer loop
      vertex 42.0344 26 60.6027
      vertex 49 26 76.8
      vertex 41.9717 26 60.6717
    endloop
  endfacet
  facet normal 0 -1 0
    outer loop
      vertex 42.0899 26 60.5278
      vertex 49 26 76.8
      vertex 42.0344 26 60.6027
    endloop
  endfacet
  facet normal 0 -1 0
    outer loop
      vertex 42.1378 26 60.4478
      vertex 49 26 76.8
      vertex 42.0899 26 60.5278
    endloop
  endfacet
  facet normal 0 -1 0
    outer loop
      vertex 42.1777 26 60.3635
      vertex 49 26 76.8
      vertex 42.1378 26 60.4478
    endloop
  endfacet
  facet normal 0 -1 0
    outer loop
      vertex 42.2091 26 60.2758
      vertex 49 26 76.8
      vertex 42.1777 26 60.3635
    endloop
  endfacet
  facet normal 0 -1 0
    outer loop
      vertex 42.2317 26 60.1853
      vertex 49 26 76.8
      vertex 42.2091 26 60.2758
    endloop
  endfacet
  facet normal 0 -1 0
    outer loop
      vertex 42.2454 26 60.0931
      vertex 49 26 76.8
      vertex 42.2317 26 60.1853
    endloop
  endfacet
  facet normal 0 -1 0
    outer loop
      vertex 42.25 26 60
      vertex 49 26 76.8
      vertex 42.2454 26 60.0931
    endloop
  endfacet
  facet normal 0 -1 0
    outer loop
      vertex 42.2454 26 59.9069
      vertex 49 26 76.8
      vertex 42.25 26 60
    endloop
  endfacet
  facet normal 0 -1 0
    outer loop
      vertex 42.2317 26 59.8147
      vertex 49 26 76.8
      vertex 42.2454 26 59.9069
    endloop
  endfacet
  facet normal 0 -1 0
    outer loop
      vertex 49 26 17.01
      vertex 42.2317 26 59.8147
      vertex 42.2091 26 59.7242
    endloop
  endfacet
  facet normal 0 -1 0
    outer loop
      vertex 49 26 17.01
      vertex 42.2091 26 59.7242
      vertex 42.1777 26 59.6365
    endloop
  endfacet
  facet normal 0 -1 0
    outer loop
      vertex 37.8 26 17.01
      vertex 41.3931 26 59.0546
      vertex 41.3 26 59.05
    endloop
  endfacet
  facet normal 0 -1 0
    outer loop
      vertex 49 26 17.01
      vertex 41.3931 26 59.0546
      vertex 37.8 26 17.01
    endloop
  endfacet
  facet normal 0 -1 0
    outer loop
      vertex 41.3931 26 59.0546
      vertex 49 26 17.01
      vertex 41.4853 26 59.0683
    endloop
  endfacet
  facet normal 0 -1 0
    outer loop
      vertex 41.4853 26 59.0683
      vertex 49 26 17.01
      vertex 41.5758 26 59.0909
    endloop
  endfacet
  facet normal 0 -1 0
    outer loop
      vertex 41.5758 26 59.0909
      vertex 49 26 17.01
      vertex 41.6635 26 59.1223
    endloop
  endfacet
  facet normal 0 -1 0
    outer loop
      vertex 41.6635 26 59.1223
      vertex 49 26 17.01
      vertex 41.7478 26 59.1622
    endloop
  endfacet
  facet normal 0 -1 0
    outer loop
      vertex 41.7478 26 59.1622
      vertex 49 26 17.01
      vertex 41.8278 26 59.2101
    endloop
  endfacet
  facet normal 0 -1 0
    outer loop
      vertex 41.8278 26 59.2101
      vertex 49 26 17.01
      vertex 41.9027 26 59.2656
    endloop
  endfacet
  facet normal 0 -1 0
    outer loop
      vertex 41.9027 26 59.2656
      vertex 49 26 17.01
      vertex 41.9717 26 59.3283
    endloop
  endfacet
  facet normal 0 -1 0
    outer loop
      vertex 41.9717 26 59.3283
      vertex 49 26 17.01
      vertex 42.0344 26 59.3973
    endloop
  endfacet
  facet normal 0 -1 0
    outer loop
      vertex 42.0344 26 59.3973
      vertex 49 26 17.01
      vertex 42.0899 26 59.4722
    endloop
  endfacet
  facet normal 0 -1 0
    outer loop
      vertex 42.0899 26 59.4722
      vertex 49 26 17.01
      vertex 42.1378 26 59.5522
    endloop
  endfacet
  facet normal 0 -1 0
    outer loop
      vertex 42.1378 26 59.5522
      vertex 49 26 17.01
      vertex 42.1777 26 59.6365
    endloop
  endfacet
  facet normal 0 -1 0
    outer loop
      vertex 42.2317 26 59.8147
      vertex 49 26 17.01
      vertex 49 26 76.8
    endloop
  endfacet
  facet normal 1 -0 0
    outer loop
      vertex 49.8 25.2 78.4
      vertex 49.8 34.8 76.8
      vertex 49.8 34.8 78.4
    endloop
  endfacet
  facet normal 1 0 0
    outer loop
      vertex 49.8 34.8 76.8
      vertex 49.8 25.2 78.4
      vertex 49.8 25.2 76.8
    endloop
  endfacet
  facet normal -1 0 0
    outer loop
      vertex 37 25.2 76.8
      vertex 37 34.8 78.4
      vertex 37 34.8 76.8
    endloop
  endfacet
  facet normal -1 -0 0
    outer loop
      vertex 37 34.8 78.4
      vertex 37 25.2 76.8
      vertex 37 25.2 78.4
    endloop
  endfacet
  facet normal -0.707107 0 0.707107
    outer loop
      vertex 37 34.8 78.4
      vertex 37.8 26 79.2
      vertex 37.8 34 79.2
    endloop
  endfacet
  facet normal -0.707107 0 0.707107
    outer loop
      vertex 37.8 26 79.2
      vertex 37 34.8 78.4
      vertex 37 25.2 78.4
    endloop
  endfacet
  facet normal 0 0 -1
    outer loop
      vertex 49.8 25.2 76.8
      vertex 49 26 76.8
      vertex 49.8 34.8 76.8
    endloop
  endfacet
  facet normal 0 0 -1
    outer loop
      vertex 49.8 25.2 76.8
      vertex 37.8 26 76.8
      vertex 49 26 76.8
    endloop
  endfacet
  facet normal -0 0 -1
    outer loop
      vertex 37.8 26 76.8
      vertex 37 25.2 76.8
      vertex 37.8 34 76.8
    endloop
  endfacet
  facet normal 0 0 -1
    outer loop
      vertex 37 25.2 76.8
      vertex 37.8 26 76.8
      vertex 49.8 25.2 76.8
    endloop
  endfacet
  facet normal 0 0 -1
    outer loop
      vertex 49 34 76.8
      vertex 49.8 34.8 76.8
      vertex 49 26 76.8
    endloop
  endfacet
  facet normal 0 0 -1
    outer loop
      vertex 37.8 34 76.8
      vertex 49.8 34.8 76.8
      vertex 49 34 76.8
    endloop
  endfacet
  facet normal 0 0 -1
    outer loop
      vertex 37.8 34 76.8
      vertex 37 34.8 76.8
      vertex 49.8 34.8 76.8
    endloop
  endfacet
  facet normal 0 0 -1
    outer loop
      vertex 37 34.8 76.8
      vertex 37.8 34 76.8
      vertex 37 25.2 76.8
    endloop
  endfacet
  facet normal 0 1 -0
    outer loop
      vertex 49.8 34.8 76.8
      vertex 37 34.8 78.4
      vertex 49.8 34.8 78.4
    endloop
  endfacet
  facet normal 0 1 0
    outer loop
      vertex 37 34.8 78.4
      vertex 49.8 34.8 76.8
      vertex 37 34.8 76.8
    endloop
  endfacet
  facet normal 0 0 1
    outer loop
      vertex 49 34 79.2
      vertex 45.32 30 79.2
      vertex 49 26 79.2
    endloop
  endfacet
  facet normal 0 0 1
    outer loop
      vertex 49 34 79.2
      vertex 45.3113 30.1764 79.2
      vertex 45.32 30 79.2
    endloop
  endfacet
  facet normal 0 0 1
    outer loop
      vertex 49 34 79.2
      vertex 45.3108 30.1882 79.2
      vertex 45.3113 30.1764 79.2
    endloop
  endfacet
  facet normal 0 0 1
    outer loop
      vertex 49 34 79.2
      vertex 45.2848 30.3629 79.2
      vertex 45.3108 30.1882 79.2
    endloop
  endfacet
  facet normal 0 0 1
    outer loop
      vertex 49 34 79.2
      vertex 45.2831 30.3746 79.2
      vertex 45.2848 30.3629 79.2
    endloop
  endfacet
  facet normal 0 0 1
    outer loop
      vertex 49 34 79.2
      vertex 45.2802 30.386 79.2
      vertex 45.2831 30.3746 79.2
    endloop
  endfacet
  facet normal 0 0 1
    outer loop
      vertex 49 34 79.2
      vertex 45.2373 30.5573 79.2
      vertex 45.2802 30.386 79.2
    endloop
  endfacet
  facet normal 0 0 1
    outer loop
      vertex 49 34 79.2
      vertex 45.1778 30.7237 79.2
      vertex 45.2373 30.5573 79.2
    endloop
  endfacet
  facet normal 0 0 1
    outer loop
      vertex 49 34 79.2
      vertex 45.1738 30.7348 79.2
      vertex 45.1778 30.7237 79.2
    endloop
  endfacet
  facet normal 0 0 1
    outer loop
      vertex 49 34 79.2
      vertex 45.1688 30.7454 79.2
      vertex 45.1738 30.7348 79.2
    endloop
  endfacet
  facet normal 0 0 1
    outer loop
      vertex 49 34 79.2
      vertex 45.0933 30.9051 79.2
      vertex 45.1688 30.7454 79.2
    endloop
  endfacet
  facet normal 0 0 1
    outer loop
      vertex 49 34 79.2
      vertex 44.9964 31.0667 79.2
      vertex 45.0933 30.9051 79.2
    endloop
  endfacet
  facet normal 0 0 1
    outer loop
      vertex 49 34 79.2
      vertex 44.8912 31.2086 79.2
      vertex 44.9964 31.0667 79.2
    endloop
  endfacet
  facet normal 0 0 1
    outer loop
      vertex 49 34 79.2
      vertex 44.8842 31.218 79.2
      vertex 44.8912 31.2086 79.2
    endloop
  endfacet
  facet normal 0 0 1
    outer loop
      vertex 49 34 79.2
      vertex 44.8763 31.2268 79.2
      vertex 44.8842 31.218 79.2
    endloop
  endfacet
  facet normal 0 0 1
    outer loop
      vertex 49 34 79.2
      vertex 44.7576 31.3576 79.2
      vertex 44.8763 31.2268 79.2
    endloop
  endfacet
  facet normal 0 0 1
    outer loop
      vertex 49 34 79.2
      vertex 44.6268 31.4763 79.2
      vertex 44.7576 31.3576 79.2
    endloop
  endfacet
  facet normal 0 0 1
    outer loop
      vertex 49 34 79.2
      vertex 44.618 31.4842 79.2
      vertex 44.6268 31.4763 79.2
    endloop
  endfacet
  facet normal 0 0 1
    outer loop
      vertex 49 34 79.2
      vertex 44.4762 31.5894 79.2
      vertex 44.618 31.4842 79.2
    endloop
  endfacet
  facet normal 0 0 1
    outer loop
      vertex 49 34 79.2
      vertex 44.4667 31.5964 79.2
      vertex 44.4762 31.5894 79.2
    endloop
  endfacet
  facet normal 0 0 1
    outer loop
      vertex 49 34 79.2
      vertex 44.4566 31.6025 79.2
      vertex 44.4667 31.5964 79.2
    endloop
  endfacet
  facet normal 0 0 1
    outer loop
      vertex 49 34 79.2
      vertex 44.3051 31.6933 79.2
      vertex 44.4566 31.6025 79.2
    endloop
  endfacet
  facet normal 0 0 1
    outer loop
      vertex 49 34 79.2
      vertex 44.2944 31.6983 79.2
      vertex 44.3051 31.6933 79.2
    endloop
  endfacet
  facet normal 0 0 1
    outer loop
      vertex 49 34 79.2
      vertex 44.1348 31.7738 79.2
      vertex 44.2944 31.6983 79.2
    endloop
  endfacet
  facet normal 0 0 1
    outer loop
      vertex 49 34 79.2
      vertex 43.9684 31.8334 79.2
      vertex 44.1348 31.7738 79.2
    endloop
  endfacet
  facet normal 0 0 1
    outer loop
      vertex 49 34 79.2
      vertex 43.9573 31.8373 79.2
      vertex 43.9684 31.8334 79.2
    endloop
  endfacet
  facet normal 0 0 1
    outer loop
      vertex 49 34 79.2
      vertex 43.9459 31.8402 79.2
      vertex 43.9573 31.8373 79.2
    endloop
  endfacet
  facet normal 0 0 1
    outer loop
      vertex 49 34 79.2
      vertex 43.7746 31.8831 79.2
      vertex 43.9459 31.8402 79.2
    endloop
  endfacet
  facet normal 0 0 1
    outer loop
      vertex 49 34 79.2
      vertex 43.7629 31.8848 79.2
      vertex 43.7746 31.8831 79.2
    endloop
  endfacet
  facet normal 0 0 1
    outer loop
      vertex 49 34 79.2
      vertex 43.5882 31.9108 79.2
      vertex 43.7629 31.8848 79.2
    endloop
  endfacet
  facet normal 0 0 1
    outer loop
      vertex 49 34 79.2
      vertex 43.4118 31.9194 79.2
      vertex 43.5882 31.9108 79.2
    endloop
  endfacet
  facet normal 0 0 1
    outer loop
      vertex 49 34 79.2
      vertex 43.4 31.92 79.2
      vertex 43.4118 31.9194 79.2
    endloop
  endfacet
  facet normal -0 0 1
    outer loop
      vertex 37.8 34 79.2
      vertex 43.4 31.92 79.2
      vertex 49 34 79.2
    endloop
  endfacet
  facet normal 0 0 1
    outer loop
      vertex 43.4 31.92 79.2
      vertex 37.8 34 79.2
      vertex 43.3882 31.9194 79.2
    endloop
  endfacet
  facet normal 0 0 1
    outer loop
      vertex 43.3882 31.9194 79.2
      vertex 37.8 34 79.2
      vertex 43.2118 31.9108 79.2
    endloop
  endfacet
  facet normal 0 0 1
    outer loop
      vertex 43.2118 31.9108 79.2
      vertex 37.8 34 79.2
      vertex 43.0371 31.8848 79.2
    endloop
  endfacet
  facet normal 0 0 1
    outer loop
      vertex 43.0371 31.8848 79.2
      vertex 37.8 34 79.2
      vertex 43.0254 31.8831 79.2
    endloop
  endfacet
  facet normal 0 0 1
    outer loop
      vertex 43.0254 31.8831 79.2
      vertex 37.8 34 79.2
      vertex 42.8541 31.8402 79.2
    endloop
  endfacet
  facet normal 0 0 1
    outer loop
      vertex 37.8 34 79.2
      vertex 42.8316 31.8334 79.2
      vertex 42.8427 31.8373 79.2
    endloop
  endfacet
  facet normal 0 0 1
    outer loop
      vertex 37.8 34 79.2
      vertex 42.5056 31.6983 79.2
      vertex 42.6652 31.7738 79.2
    endloop
  endfacet
  facet normal 0 0 1
    outer loop
      vertex 37.8 34 79.2
      vertex 42.3434 31.6025 79.2
      vertex 42.4949 31.6933 79.2
    endloop
  endfacet
  facet normal 0 0 1
    outer loop
      vertex 37.8 34 79.2
      vertex 41.9237 31.2268 79.2
      vertex 42.0424 31.3576 79.2
    endloop
  endfacet
  facet normal 0 0 1
    outer loop
      vertex 37.8 34 79.2
      vertex 41.5666 30.5684 79.2
      vertex 41.6262 30.7348 79.2
    endloop
  endfacet
  facet normal 0 0 1
    outer loop
      vertex 41.4887 30.1764 79.2
      vertex 37.8 34 79.2
      vertex 41.48 30 79.2
    endloop
  endfacet
  facet normal 0 0 1
    outer loop
      vertex 41.4892 30.1882 79.2
      vertex 37.8 34 79.2
      vertex 41.4887 30.1764 79.2
    endloop
  endfacet
  facet normal 0 0 1
    outer loop
      vertex 41.491 30.1998 79.2
      vertex 37.8 34 79.2
      vertex 41.4892 30.1882 79.2
    endloop
  endfacet
  facet normal 0 0 1
    outer loop
      vertex 41.5169 30.3746 79.2
      vertex 37.8 34 79.2
      vertex 41.491 30.1998 79.2
    endloop
  endfacet
  facet normal 0 0 1
    outer loop
      vertex 41.5198 30.386 79.2
      vertex 37.8 34 79.2
      vertex 41.5169 30.3746 79.2
    endloop
  endfacet
  facet normal 0 0 1
    outer loop
      vertex 41.5627 30.5573 79.2
      vertex 37.8 34 79.2
      vertex 41.5198 30.386 79.2
    endloop
  endfacet
  facet normal 0 0 1
    outer loop
      vertex 41.5666 30.5684 79.2
      vertex 37.8 34 79.2
      vertex 41.5627 30.5573 79.2
    endloop
  endfacet
  facet normal 0 0 1
    outer loop
      vertex 41.7017 30.8944 79.2
      vertex 37.8 34 79.2
      vertex 41.6262 30.7348 79.2
    endloop
  endfacet
  facet normal 0 0 1
    outer loop
      vertex 41.7067 30.9051 79.2
      vertex 37.8 34 79.2
      vertex 41.7017 30.8944 79.2
    endloop
  endfacet
  facet normal 0 0 1
    outer loop
      vertex 41.8036 31.0667 79.2
      vertex 37.8 34 79.2
      vertex 41.7067 30.9051 79.2
    endloop
  endfacet
  facet normal 0 0 1
    outer loop
      vertex 41.9088 31.2086 79.2
      vertex 37.8 34 79.2
      vertex 41.8036 31.0667 79.2
    endloop
  endfacet
  facet normal 0 0 1
    outer loop
      vertex 41.9158 31.218 79.2
      vertex 37.8 34 79.2
      vertex 41.9088 31.2086 79.2
    endloop
  endfacet
  facet normal 0 0 1
    outer loop
      vertex 41.9237 31.2268 79.2
      vertex 37.8 34 79.2
      vertex 41.9158 31.218 79.2
    endloop
  endfacet
  facet normal 0 0 1
    outer loop
      vertex 42.0511 31.3656 79.2
      vertex 37.8 34 79.2
      vertex 42.0424 31.3576 79.2
    endloop
  endfacet
  facet normal 0 0 1
    outer loop
      vertex 42.182 31.4842 79.2
      vertex 37.8 34 79.2
      vertex 42.0511 31.3656 79.2
    endloop
  endfacet
  facet normal 0 0 1
    outer loop
      vertex 42.3238 31.5894 79.2
      vertex 37.8 34 79.2
      vertex 42.182 31.4842 79.2
    endloop
  endfacet
  facet normal 0 0 1
    outer loop
      vertex 42.3333 31.5964 79.2
      vertex 37.8 34 79.2
      vertex 42.3238 31.5894 79.2
    endloop
  endfacet
  facet normal 0 0 1
    outer loop
      vertex 42.3434 31.6025 79.2
      vertex 37.8 34 79.2
      vertex 42.3333 31.5964 79.2
    endloop
  endfacet
  facet normal 0 0 1
    outer loop
      vertex 42.5056 31.6983 79.2
      vertex 37.8 34 79.2
      vertex 42.4949 31.6933 79.2
    endloop
  endfacet
  facet normal 0 0 1
    outer loop
      vertex 42.8316 31.8334 79.2
      vertex 37.8 34 79.2
      vertex 42.6652 31.7738 79.2
    endloop
  endfacet
  facet normal 0 0 1
    outer loop
      vertex 42.8541 31.8402 79.2
      vertex 37.8 34 79.2
      vertex 42.8427 31.8373 79.2
    endloop
  endfacet
  facet normal -0 0 1
    outer loop
      vertex 45.3113 29.8236 79.2
      vertex 49 26 79.2
      vertex 45.32 30 79.2
    endloop
  endfacet
  facet normal -0 0 1
    outer loop
      vertex 45.3108 29.8118 79.2
      vertex 49 26 79.2
      vertex 45.3113 29.8236 79.2
    endloop
  endfacet
  facet normal -0 0 1
    outer loop
      vertex 45.2848 29.6371 79.2
      vertex 49 26 79.2
      vertex 45.3108 29.8118 79.2
    endloop
  endfacet
  facet normal -0 0 1
    outer loop
      vertex 45.2831 29.6254 79.2
      vertex 49 26 79.2
      vertex 45.2848 29.6371 79.2
    endloop
  endfacet
  facet normal -0 0 1
    outer loop
      vertex 45.2802 29.614 79.2
      vertex 49 26 79.2
      vertex 45.2831 29.6254 79.2
    endloop
  endfacet
  facet normal -0 0 1
    outer loop
      vertex 45.2373 29.4427 79.2
      vertex 49 26 79.2
      vertex 45.2802 29.614 79.2
    endloop
  endfacet
  facet normal -0 0 1
    outer loop
      vertex 45.1778 29.2763 79.2
      vertex 49 26 79.2
      vertex 45.2373 29.4427 79.2
    endloop
  endfacet
  facet normal -0 0 1
    outer loop
      vertex 45.1738 29.2652 79.2
      vertex 49 26 79.2
      vertex 45.1778 29.2763 79.2
    endloop
  endfacet
  facet normal -0 0 1
    outer loop
      vertex 45.1688 29.2546 79.2
      vertex 49 26 79.2
      vertex 45.1738 29.2652 79.2
    endloop
  endfacet
  facet normal -0 0 1
    outer loop
      vertex 45.0933 29.0949 79.2
      vertex 49 26 79.2
      vertex 45.1688 29.2546 79.2
    endloop
  endfacet
  facet normal -0 0 1
    outer loop
      vertex 44.9964 28.9333 79.2
      vertex 49 26 79.2
      vertex 45.0933 29.0949 79.2
    endloop
  endfacet
  facet normal -0 0 1
    outer loop
      vertex 44.8912 28.7914 79.2
      vertex 49 26 79.2
      vertex 44.9964 28.9333 79.2
    endloop
  endfacet
  facet normal -0 0 1
    outer loop
      vertex 44.8842 28.782 79.2
      vertex 49 26 79.2
      vertex 44.8912 28.7914 79.2
    endloop
  endfacet
  facet normal -0 0 1
    outer loop
      vertex 44.8763 28.7732 79.2
      vertex 49 26 79.2
      vertex 44.8842 28.782 79.2
    endloop
  endfacet
  facet normal -0 0 1
    outer loop
      vertex 44.7576 28.6424 79.2
      vertex 49 26 79.2
      vertex 44.8763 28.7732 79.2
    endloop
  endfacet
  facet normal -0 0 1
    outer loop
      vertex 44.6268 28.5237 79.2
      vertex 49 26 79.2
      vertex 44.7576 28.6424 79.2
    endloop
  endfacet
  facet normal -0 0 1
    outer loop
      vertex 44.618 28.5158 79.2
      vertex 49 26 79.2
      vertex 44.6268 28.5237 79.2
    endloop
  endfacet
  facet normal -0 0 1
    outer loop
      vertex 44.4762 28.4106 79.2
      vertex 49 26 79.2
      vertex 44.618 28.5158 79.2
    endloop
  endfacet
  facet normal -0 0 1
    outer loop
      vertex 44.4667 28.4036 79.2
      vertex 49 26 79.2
      vertex 44.4762 28.4106 79.2
    endloop
  endfacet
  facet normal -0 0 1
    outer loop
      vertex 44.4566 28.3975 79.2
      vertex 49 26 79.2
      vertex 44.4667 28.4036 79.2
    endloop
  endfacet
  facet normal -0 0 1
    outer loop
      vertex 44.3051 28.3067 79.2
      vertex 49 26 79.2
      vertex 44.4566 28.3975 79.2
    endloop
  endfacet
  facet normal -0 0 1
    outer loop
      vertex 44.2944 28.3017 79.2
      vertex 49 26 79.2
      vertex 44.3051 28.3067 79.2
    endloop
  endfacet
  facet normal -0 0 1
    outer loop
      vertex 44.1348 28.2262 79.2
      vertex 49 26 79.2
      vertex 44.2944 28.3017 79.2
    endloop
  endfacet
  facet normal -0 0 1
    outer loop
      vertex 43.9684 28.1666 79.2
      vertex 49 26 79.2
      vertex 44.1348 28.2262 79.2
    endloop
  endfacet
  facet normal -0 0 1
    outer loop
      vertex 43.9573 28.1627 79.2
      vertex 49 26 79.2
      vertex 43.9684 28.1666 79.2
    endloop
  endfacet
  facet normal -0 0 1
    outer loop
      vertex 43.9459 28.1598 79.2
      vertex 49 26 79.2
      vertex 43.9573 28.1627 79.2
    endloop
  endfacet
  facet normal -0 0 1
    outer loop
      vertex 43.7746 28.1169 79.2
      vertex 49 26 79.2
      vertex 43.9459 28.1598 79.2
    endloop
  endfacet
  facet normal -0 0 1
    outer loop
      vertex 43.7629 28.1152 79.2
      vertex 49 26 79.2
      vertex 43.7746 28.1169 79.2
    endloop
  endfacet
  facet normal -0 0 1
    outer loop
      vertex 43.5882 28.0892 79.2
      vertex 49 26 79.2
      vertex 43.7629 28.1152 79.2
    endloop
  endfacet
  facet normal -0 0 1
    outer loop
      vertex 43.5764 28.0887 79.2
      vertex 49 26 79.2
      vertex 43.5882 28.0892 79.2
    endloop
  endfacet
  facet normal -0 0 1
    outer loop
      vertex 43.4 28.08 79.2
      vertex 49 26 79.2
      vertex 43.5764 28.0887 79.2
    endloop
  endfacet
  facet normal 0 0 1
    outer loop
      vertex 37.8 26 79.2
      vertex 43.4 28.08 79.2
      vertex 43.2236 28.0887 79.2
    endloop
  endfacet
  facet normal 0 0 1
    outer loop
      vertex 37.8 26 79.2
      vertex 43.2236 28.0887 79.2
      vertex 43.2118 28.0892 79.2
    endloop
  endfacet
  facet normal 0 0 1
    outer loop
      vertex 37.8 26 79.2
      vertex 43.2118 28.0892 79.2
      vertex 43.0371 28.1152 79.2
    endloop
  endfacet
  facet normal 0 0 1
    outer loop
      vertex 37.8 26 79.2
      vertex 43.0371 28.1152 79.2
      vertex 43.0254 28.1169 79.2
    endloop
  endfacet
  facet normal 0 0 1
    outer loop
      vertex 37.8 26 79.2
      vertex 43.0254 28.1169 79.2
      vertex 42.8541 28.1598 79.2
    endloop
  endfacet
  facet normal 0 0 1
    outer loop
      vertex 37.8 26 79.2
      vertex 42.8541 28.1598 79.2
      vertex 42.8427 28.1627 79.2
    endloop
  endfacet
  facet normal 0 0 1
    outer loop
      vertex 37.8 26 79.2
      vertex 42.8316 28.1666 79.2
      vertex 42.6652 28.2262 79.2
    endloop
  endfacet
  facet normal 0 0 1
    outer loop
      vertex 37.8 26 79.2
      vertex 42.3434 28.3975 79.2
      vertex 42.3333 28.4036 79.2
    endloop
  endfacet
  facet normal 0 0 1
    outer loop
      vertex 37.8 26 79.2
      vertex 41.9237 28.7732 79.2
      vertex 41.9158 28.782 79.2
    endloop
  endfacet
  facet normal 0 0 1
    outer loop
      vertex 37.8 26 79.2
      vertex 41.7017 29.1056 79.2
      vertex 41.6262 29.2652 79.2
    endloop
  endfacet
  facet normal 0 0 1
    outer loop
      vertex 37.8 26 79.2
      vertex 41.5666 29.4316 79.2
      vertex 41.5627 29.4427 79.2
    endloop
  endfacet
  facet normal 0 0 1
    outer loop
      vertex 37.8 26 79.2
      vertex 41.48 30 79.2
      vertex 37.8 34 79.2
    endloop
  endfacet
  facet normal 0 0 1
    outer loop
      vertex 41.48 30 79.2
      vertex 37.8 26 79.2
      vertex 41.4887 29.8236 79.2
    endloop
  endfacet
  facet normal 0 0 1
    outer loop
      vertex 41.4887 29.8236 79.2
      vertex 37.8 26 79.2
      vertex 41.4892 29.8118 79.2
    endloop
  endfacet
  facet normal 0 0 1
    outer loop
      vertex 41.4892 29.8118 79.2
      vertex 37.8 26 79.2
      vertex 41.491 29.8002 79.2
    endloop
  endfacet
  facet normal 0 0 1
    outer loop
      vertex 41.491 29.8002 79.2
      vertex 37.8 26 79.2
      vertex 41.5169 29.6254 79.2
    endloop
  endfacet
  facet normal 0 0 1
    outer loop
      vertex 41.5169 29.6254 79.2
      vertex 37.8 26 79.2
      vertex 41.5198 29.614 79.2
    endloop
  endfacet
  facet normal 0 0 1
    outer loop
      vertex 41.5198 29.614 79.2
      vertex 37.8 26 79.2
      vertex 41.5627 29.4427 79.2
    endloop
  endfacet
  facet normal 0 0 1
    outer loop
      vertex 41.5666 29.4316 79.2
      vertex 37.8 26 79.2
      vertex 41.6262 29.2652 79.2
    endloop
  endfacet
  facet normal 0 0 1
    outer loop
      vertex 41.7017 29.1056 79.2
      vertex 37.8 26 79.2
      vertex 41.7067 29.0949 79.2
    endloop
  endfacet
  facet normal 0 0 1
    outer loop
      vertex 41.7067 29.0949 79.2
      vertex 37.8 26 79.2
      vertex 41.8036 28.9333 79.2
    endloop
  endfacet
  facet normal 0 0 1
    outer loop
      vertex 41.8036 28.9333 79.2
      vertex 37.8 26 79.2
      vertex 41.9088 28.7914 79.2
    endloop
  endfacet
  facet normal 0 0 1
    outer loop
      vertex 43.4 28.08 79.2
      vertex 37.8 26 79.2
      vertex 49 26 79.2
    endloop
  endfacet
  facet normal 0 0 1
    outer loop
      vertex 42.8316 28.1666 79.2
      vertex 37.8 26 79.2
      vertex 42.8427 28.1627 79.2
    endloop
  endfacet
  facet normal 0 0 1
    outer loop
      vertex 42.5056 28.3017 79.2
      vertex 37.8 26 79.2
      vertex 42.6652 28.2262 79.2
    endloop
  endfacet
  facet normal 0 0 1
    outer loop
      vertex 42.4949 28.3067 79.2
      vertex 37.8 26 79.2
      vertex 42.5056 28.3017 79.2
    endloop
  endfacet
  facet normal 0 0 1
    outer loop
      vertex 42.3434 28.3975 79.2
      vertex 37.8 26 79.2
      vertex 42.4949 28.3067 79.2
    endloop
  endfacet
  facet normal 0 0 1
    outer loop
      vertex 42.3238 28.4106 79.2
      vertex 37.8 26 79.2
      vertex 42.3333 28.4036 79.2
    endloop
  endfacet
  facet normal 0 0 1
    outer loop
      vertex 42.182 28.5158 79.2
      vertex 37.8 26 79.2
      vertex 42.3238 28.4106 79.2
    endloop
  endfacet
  facet normal 0 0 1
    outer loop
      vertex 42.0511 28.6344 79.2
      vertex 37.8 26 79.2
      vertex 42.182 28.5158 79.2
    endloop
  endfacet
  facet normal 0 0 1
    outer loop
      vertex 42.0424 28.6424 79.2
      vertex 37.8 26 79.2
      vertex 42.0511 28.6344 79.2
    endloop
  endfacet
  facet normal 0 0 1
    outer loop
      vertex 41.9237 28.7732 79.2
      vertex 37.8 26 79.2
      vertex 42.0424 28.6424 79.2
    endloop
  endfacet
  facet normal 0 0 1
    outer loop
      vertex 41.9088 28.7914 79.2
      vertex 37.8 26 79.2
      vertex 41.9158 28.782 79.2
    endloop
  endfacet
  facet normal 0 -0.707107 0.707107
    outer loop
      vertex 37.8 26 79.2
      vertex 49.8 25.2 78.4
      vertex 49 26 79.2
    endloop
  endfacet
  facet normal 0 -0.707107 0.707107
    outer loop
      vertex 49.8 25.2 78.4
      vertex 37.8 26 79.2
      vertex 37 25.2 78.4
    endloop
  endfacet
  facet normal 0 -1 0
    outer loop
      vertex 37 25.2 76.8
      vertex 49.8 25.2 78.4
      vertex 37 25.2 78.4
    endloop
  endfacet
  facet normal 0 -1 -0
    outer loop
      vertex 49.8 25.2 78.4
      vertex 37 25.2 76.8
      vertex 49.8 25.2 76.8
    endloop
  endfacet
  facet normal 0 0.707107 0.707107
    outer loop
      vertex 49.8 34.8 78.4
      vertex 37.8 34 79.2
      vertex 49 34 79.2
    endloop
  endfacet
  facet normal 0 0.707107 0.707107
    outer loop
      vertex 37.8 34 79.2
      vertex 49.8 34.8 78.4
      vertex 37 34.8 78.4
    endloop
  endfacet
  facet normal 0.707107 0 0.707107
    outer loop
      vertex 49 34 79.2
      vertex 49.8 25.2 78.4
      vertex 49.8 34.8 78.4
    endloop
  endfacet
  facet normal 0.707107 0 0.707107
    outer loop
      vertex 49.8 25.2 78.4
      vertex 49 34 79.2
      vertex 49 26 79.2
    endloop
  endfacet
  facet normal 0.927551 0.0446216 0.371022
    outer loop
      vertex 45.32 30 79.2
      vertex 44.7959 30.0486 80.5044
      vertex 44.7987 30.0037 80.5028
    endloop
  endfacet
  facet normal 0.928041 0.0300963 0.371259
    outer loop
      vertex 45.32 30 79.2
      vertex 44.7987 30.0037 80.5028
      vertex 44.7989 30 80.5026
    endloop
  endfacet
  facet normal 0.927519 0.045745 0.370967
    outer loop
      vertex 44.7959 30.0486 80.5044
      vertex 45.32 30 79.2
      vertex 45.3113 30.1764 79.2
    endloop
  endfacet
  facet normal 0.874378 -0.312818 0.370956
    outer loop
      vertex 44.7212 29.5486 80.5058
      vertex 45.2373 29.4427 79.2
      vertex 44.7369 29.5945 80.5075
    endloop
  endfacet
  facet normal 0.874427 -0.312671 0.370963
    outer loop
      vertex 45.2373 29.4427 79.2
      vertex 44.7212 29.5486 80.5058
      vertex 45.1778 29.2763 79.2
    endloop
  endfacet
  facet normal 0.839523 0.396894 0.371048
    outer loop
      vertex 44.632 30.6585 80.5075
      vertex 45.1688 30.7454 79.2
      vertex 45.0933 30.9051 79.2
    endloop
  endfacet
  facet normal 0.838953 0.398231 0.370904
    outer loop
      vertex 45.1688 30.7454 79.2
      vertex 44.632 30.6585 80.5075
      vertex 44.6534 30.615 80.5058
    endloop
  endfacet
  facet normal -0.397612 0.839225 0.370953
    outer loop
      vertex 42.6652 31.7738 79.2
      vertex 42.8209 31.271 80.5044
      vertex 42.8646 31.2925 80.5026
    endloop
  endfacet
  facet normal -0.397109 0.839451 0.37098
    outer loop
      vertex 42.8209 31.271 80.5044
      vertex 42.6652 31.7738 79.2
      vertex 42.5056 31.6983 79.2
    endloop
  endfacet
  facet normal 0.838953 -0.398231 0.370904
    outer loop
      vertex 44.632 29.3415 80.5075
      vertex 45.1688 29.2546 79.2
      vertex 44.6534 29.385 80.5058
    endloop
  endfacet
  facet normal 0.839523 -0.396894 0.371048
    outer loop
      vertex 45.1688 29.2546 79.2
      vertex 44.632 29.3415 80.5075
      vertex 45.0933 29.0949 79.2
    endloop
  endfacet
  facet normal -0.549284 0.748725 0.371077
    outer loop
      vertex 42.3333 31.5964 79.2
      vertex 42.6198 31.1609 80.5028
      vertex 42.6228 31.1632 80.5026
    endloop
  endfacet
  facet normal -0.553519 0.745648 0.37098
    outer loop
      vertex 42.6198 31.1609 80.5028
      vertex 42.3333 31.5964 79.2
      vertex 42.5523 31.1093 80.5058
    endloop
  endfacet
  facet normal -0.55081 0.747528 0.371227
    outer loop
      vertex 42.5523 31.1093 80.5058
      vertex 42.3333 31.5964 79.2
      vertex 42.3238 31.5894 79.2
    endloop
  endfacet
  facet normal 0.745859 -0.553221 0.370999
    outer loop
      vertex 44.5336 29.1841 80.5044
      vertex 44.9964 28.9333 79.2
      vertex 44.5632 29.2228 80.5026
    endloop
  endfacet
  facet normal 0.745983 -0.553047 0.37101
    outer loop
      vertex 44.9964 28.9333 79.2
      vertex 44.5336 29.1841 80.5044
      vertex 44.8912 28.7914 79.2
    endloop
  endfacet
  facet normal 0.839864 0.396162 0.371057
    outer loop
      vertex 44.6534 30.615 80.5058
      vertex 45.1738 30.7348 79.2
      vertex 45.1688 30.7454 79.2
    endloop
  endfacet
  facet normal 0.839531 0.396926 0.370994
    outer loop
      vertex 44.6908 30.5387 80.5028
      vertex 45.1738 30.7348 79.2
      vertex 44.6534 30.615 80.5058
    endloop
  endfacet
  facet normal 0.834578 0.407465 0.370744
    outer loop
      vertex 45.1738 30.7348 79.2
      vertex 44.6908 30.5387 80.5028
      vertex 44.6925 30.5354 80.5026
    endloop
  endfacet
  facet normal 0.0457992 -0.927515 0.370971
    outer loop
      vertex 43.5764 28.0887 79.2
      vertex 43.5369 28.6097 80.5075
      vertex 43.4486 28.6041 80.5044
    endloop
  endfacet
  facet normal 0.0393152 -0.927839 0.370904
    outer loop
      vertex 43.5369 28.6097 80.5075
      vertex 43.5764 28.0887 79.2
      vertex 43.5882 28.0892 79.2
    endloop
  endfacet
  facet normal -0.745983 0.553047 0.37101
    outer loop
      vertex 41.8036 31.0667 79.2
      vertex 42.2664 30.8159 80.5044
      vertex 41.9088 31.2086 79.2
    endloop
  endfacet
  facet normal -0.745859 0.553221 0.370999
    outer loop
      vertex 42.2664 30.8159 80.5044
      vertex 41.8036 31.0667 79.2
      vertex 42.2368 30.7772 80.5026
    endloop
  endfacet
  facet normal -0.745859 -0.553221 0.370999
    outer loop
      vertex 41.8036 28.9333 79.2
      vertex 42.2664 29.1841 80.5044
      vertex 42.2368 29.2228 80.5026
    endloop
  endfacet
  facet normal -0.745983 -0.553047 0.37101
    outer loop
      vertex 42.2664 29.1841 80.5044
      vertex 41.8036 28.9333 79.2
      vertex 41.9088 28.7914 79.2
    endloop
  endfacet
  facet normal -0.133531 -0.919005 0.370944
    outer loop
      vertex 43.0371 28.1152 79.2
      vertex 43.1271 28.6279 80.5026
      vertex 43.0254 28.1169 79.2
    endloop
  endfacet
  facet normal -0.135785 -0.918666 0.370966
    outer loop
      vertex 43.1271 28.6279 80.5026
      vertex 43.0371 28.1152 79.2
      vertex 43.215 28.6162 80.5058
    endloop
  endfacet
  facet normal -0.228939 -0.899966 0.37101
    outer loop
      vertex 42.8541 28.1598 79.2
      vertex 42.9945 28.6631 80.5075
      vertex 42.8427 28.1627 79.2
    endloop
  endfacet
  facet normal -0.225707 -0.900793 0.370982
    outer loop
      vertex 42.9945 28.6631 80.5075
      vertex 42.8541 28.1598 79.2
      vertex 43.08 28.6404 80.5044
    endloop
  endfacet
  facet normal -0.875989 0.30778 0.37137
    outer loop
      vertex 41.5627 30.5573 79.2
      vertex 42.0918 30.4893 80.5044
      vertex 41.5666 30.5684 79.2
    endloop
  endfacet
  facet normal -0.874264 0.313142 0.37095
    outer loop
      vertex 42.0918 30.4893 80.5044
      vertex 41.5627 30.5573 79.2
      vertex 42.0631 30.4055 80.5075
    endloop
  endfacet
  facet normal -0.746159 -0.552822 0.37099
    outer loop
      vertex 41.9088 28.7914 79.2
      vertex 42.3201 29.1137 80.5075
      vertex 42.2664 29.1841 80.5044
    endloop
  endfacet
  facet normal -0.7448 -0.554638 0.371011
    outer loop
      vertex 42.3201 29.1137 80.5075
      vertex 41.9088 28.7914 79.2
      vertex 41.9158 28.782 79.2
    endloop
  endfacet
  facet normal -0.313136 -0.87426 0.370966
    outer loop
      vertex 42.8316 28.1666 79.2
      vertex 42.8646 28.7075 80.5026
      vertex 42.6652 28.2262 79.2
    endloop
  endfacet
  facet normal -0.312317 -0.874516 0.371052
    outer loop
      vertex 42.8646 28.7075 80.5026
      vertex 42.8316 28.1666 79.2
      vertex 42.9107 28.6918 80.5044
    endloop
  endfacet
  facet normal 0.553335 -0.745776 0.370997
    outer loop
      vertex 44.4667 28.4036 79.2
      vertex 44.2477 28.8907 80.5058
      vertex 44.1772 28.8368 80.5026
    endloop
  endfacet
  facet normal 0.55081 -0.747528 0.371227
    outer loop
      vertex 44.2477 28.8907 80.5058
      vertex 44.4667 28.4036 79.2
      vertex 44.4762 28.4106 79.2
    endloop
  endfacet
  facet normal -0.91872 -0.135149 0.371064
    outer loop
      vertex 41.491 29.8002 79.2
      vertex 42.0274 29.7308 80.5028
      vertex 42.0215 29.7753 80.5044
    endloop
  endfacet
  facet normal -0.917726 -0.144027 0.370182
    outer loop
      vertex 41.491 29.8002 79.2
      vertex 42.0279 29.7271 80.5026
      vertex 42.0274 29.7308 80.5028
    endloop
  endfacet
  facet normal -0.918608 -0.13611 0.37099
    outer loop
      vertex 42.0279 29.7271 80.5026
      vertex 41.491 29.8002 79.2
      vertex 41.5169 29.6254 79.2
    endloop
  endfacet
  facet normal 0.928041 -0.0300963 0.371259
    outer loop
      vertex 44.7987 29.9963 80.5028
      vertex 45.32 30 79.2
      vertex 44.7989 30 80.5026
    endloop
  endfacet
  facet normal 0.927551 -0.0446216 0.371022
    outer loop
      vertex 44.7959 29.9514 80.5044
      vertex 45.32 30 79.2
      vertex 44.7987 29.9963 80.5028
    endloop
  endfacet
  facet normal 0.927519 -0.045745 0.370967
    outer loop
      vertex 45.32 30 79.2
      vertex 44.7959 29.9514 80.5044
      vertex 45.3113 29.8236 79.2
    endloop
  endfacet
  facet normal -0.0301064 0.928094 0.371126
    outer loop
      vertex 43.3882 31.9194 79.2
      vertex 43.3963 31.3987 80.5028
      vertex 43.4 31.3989 80.5026
    endloop
  endfacet
  facet normal -0.0471574 0.927429 0.371014
    outer loop
      vertex 43.3882 31.9194 79.2
      vertex 43.4 31.3989 80.5026
      vertex 43.4 31.92 79.2
    endloop
  endfacet
  facet normal -0.0458841 0.927504 0.370988
    outer loop
      vertex 43.3963 31.3987 80.5028
      vertex 43.3882 31.9194 79.2
      vertex 43.3114 31.3933 80.5058
    endloop
  endfacet
  facet normal 0.136698 0.918505 0.371029
    outer loop
      vertex 43.5882 31.9108 79.2
      vertex 43.585 31.3838 80.5058
      vertex 43.7629 31.8848 79.2
    endloop
  endfacet
  facet normal 0.137225 0.918437 0.371003
    outer loop
      vertex 43.585 31.3838 80.5058
      vertex 43.5882 31.9108 79.2
      vertex 43.5369 31.3903 80.5075
    endloop
  endfacet
  facet normal -0.90091 -0.225226 0.370992
    outer loop
      vertex 41.5198 29.614 79.2
      vertex 42.0631 29.5945 80.5075
      vertex 42.0507 29.6413 80.5058
    endloop
  endfacet
  facet normal -0.900831 -0.225602 0.370954
    outer loop
      vertex 42.0631 29.5945 80.5075
      vertex 41.5198 29.614 79.2
      vertex 41.5627 29.4427 79.2
    endloop
  endfacet
  facet normal 0.90091 -0.225226 0.370992
    outer loop
      vertex 44.7369 29.5945 80.5075
      vertex 45.2802 29.614 79.2
      vertex 44.7493 29.6413 80.5058
    endloop
  endfacet
  facet normal 0.900831 -0.225602 0.370954
    outer loop
      vertex 45.2802 29.614 79.2
      vertex 44.7369 29.5945 80.5075
      vertex 45.2373 29.4427 79.2
    endloop
  endfacet
  facet normal 0.62358 -0.688131 0.370977
    outer loop
      vertex 44.618 28.5158 79.2
      vertex 44.3527 28.9786 80.5044
      vertex 44.2863 28.9201 80.5075
    endloop
  endfacet
  facet normal 0.620274 -0.690938 0.371301
    outer loop
      vertex 44.3527 28.9786 80.5044
      vertex 44.618 28.5158 79.2
      vertex 44.6268 28.5237 79.2
    endloop
  endfacet
  facet normal -0.917824 0.142421 0.370561
    outer loop
      vertex 41.4892 30.1882 79.2
      vertex 42.0215 30.2247 80.5044
      vertex 41.491 30.1998 79.2
    endloop
  endfacet
  facet normal -0.918533 0.136547 0.371014
    outer loop
      vertex 42.0215 30.2247 80.5044
      vertex 41.4892 30.1882 79.2
      vertex 42.0097 30.1369 80.5075
    endloop
  endfacet
  facet normal 0.620274 0.690938 0.371301
    outer loop
      vertex 44.618 31.4842 79.2
      vertex 44.3527 31.0214 80.5044
      vertex 44.6268 31.4763 79.2
    endloop
  endfacet
  facet normal 0.62358 0.688131 0.370977
    outer loop
      vertex 44.3527 31.0214 80.5044
      vertex 44.618 31.4842 79.2
      vertex 44.2863 31.0799 80.5075
    endloop
  endfacet
  facet normal 0.30778 0.875989 0.37137
    outer loop
      vertex 43.9573 31.8373 79.2
      vertex 43.8893 31.3082 80.5044
      vertex 43.9684 31.8334 79.2
    endloop
  endfacet
  facet normal 0.313142 0.874264 0.37095
    outer loop
      vertex 43.8893 31.3082 80.5044
      vertex 43.9573 31.8373 79.2
      vertex 43.8055 31.3369 80.5075
    endloop
  endfacet
  facet normal 0.633375 0.679801 0.369738
    outer loop
      vertex 44.6268 31.4763 79.2
      vertex 44.3864 30.9917 80.5028
      vertex 44.3892 30.9892 80.5026
    endloop
  endfacet
  facet normal 0.624067 0.687683 0.370988
    outer loop
      vertex 44.6268 31.4763 79.2
      vertex 44.3892 30.9892 80.5026
      vertex 44.7576 31.3576 79.2
    endloop
  endfacet
  facet normal 0.623848 0.687883 0.370986
    outer loop
      vertex 44.3864 30.9917 80.5028
      vertex 44.6268 31.4763 79.2
      vertex 44.3527 31.0214 80.5044
    endloop
  endfacet
  facet normal 0.688131 -0.62358 0.370977
    outer loop
      vertex 44.4214 29.0473 80.5044
      vertex 44.8842 28.782 79.2
      vertex 44.4799 29.1137 80.5075
    endloop
  endfacet
  facet normal 0.690938 -0.620274 0.371301
    outer loop
      vertex 44.8842 28.782 79.2
      vertex 44.4214 29.0473 80.5044
      vertex 44.8763 28.7732 79.2
    endloop
  endfacet
  facet normal 0.133531 0.919005 0.370944
    outer loop
      vertex 43.7629 31.8848 79.2
      vertex 43.6729 31.3721 80.5026
      vertex 43.7746 31.8831 79.2
    endloop
  endfacet
  facet normal 0.135785 0.918666 0.370966
    outer loop
      vertex 43.6729 31.3721 80.5026
      vertex 43.7629 31.8848 79.2
      vertex 43.585 31.3838 80.5058
    endloop
  endfacet
  facet normal -0.553519 -0.745648 0.37098
    outer loop
      vertex 42.3333 28.4036 79.2
      vertex 42.6198 28.8391 80.5028
      vertex 42.5523 28.8907 80.5058
    endloop
  endfacet
  facet normal -0.55081 -0.747528 0.371227
    outer loop
      vertex 42.3333 28.4036 79.2
      vertex 42.5523 28.8907 80.5058
      vertex 42.3238 28.4106 79.2
    endloop
  endfacet
  facet normal -0.549284 -0.748725 0.371077
    outer loop
      vertex 42.6198 28.8391 80.5028
      vertex 42.3333 28.4036 79.2
      vertex 42.6228 28.8368 80.5026
    endloop
  endfacet
  facet normal -0.839583 -0.396849 0.37096
    outer loop
      vertex 41.7017 29.1056 79.2
      vertex 42.1679 29.3415 80.5075
      vertex 42.129 29.4209 80.5044
    endloop
  endfacet
  facet normal -0.84134 -0.393149 0.370919
    outer loop
      vertex 42.1679 29.3415 80.5075
      vertex 41.7017 29.1056 79.2
      vertex 41.7067 29.0949 79.2
    endloop
  endfacet
  facet normal 0.313136 0.87426 0.370966
    outer loop
      vertex 43.9684 31.8334 79.2
      vertex 43.9354 31.2925 80.5026
      vertex 44.1348 31.7738 79.2
    endloop
  endfacet
  facet normal 0 0.923542 0.383497
    outer loop
      vertex 43.9354 31.2925 80.5026
      vertex 43.9684 31.8334 79.2
      vertex 43.9353 31.2925 80.5026
    endloop
  endfacet
  facet normal 0.312926 0.874317 0.371009
    outer loop
      vertex 43.9353 31.2925 80.5026
      vertex 43.9684 31.8334 79.2
      vertex 43.8893 31.3082 80.5044
    endloop
  endfacet
  facet normal -0.313142 0.874264 0.37095
    outer loop
      vertex 42.8427 31.8373 79.2
      vertex 42.9107 31.3082 80.5044
      vertex 42.9945 31.3369 80.5075
    endloop
  endfacet
  facet normal -0.30778 0.875989 0.37137
    outer loop
      vertex 42.9107 31.3082 80.5044
      vertex 42.8427 31.8373 79.2
      vertex 42.8316 31.8334 79.2
    endloop
  endfacet
  facet normal -0.623516 -0.688181 0.370991
    outer loop
      vertex 42.182 28.5158 79.2
      vertex 42.4774 28.9521 80.5058
      vertex 42.0511 28.6344 79.2
    endloop
  endfacet
  facet normal -0.623809 -0.687926 0.370972
    outer loop
      vertex 42.4774 28.9521 80.5058
      vertex 42.182 28.5158 79.2
      vertex 42.5137 28.9201 80.5075
    endloop
  endfacet
  facet normal 0.477667 -0.796365 0.370995
    outer loop
      vertex 44.3051 28.3067 79.2
      vertex 44.1005 28.7923 80.5058
      vertex 44.0585 28.7679 80.5075
    endloop
  endfacet
  facet normal 0.477389 -0.796524 0.371011
    outer loop
      vertex 44.1005 28.7923 80.5058
      vertex 44.3051 28.3067 79.2
      vertex 44.4566 28.3975 79.2
    endloop
  endfacet
  facet normal 0.839531 -0.396926 0.370994
    outer loop
      vertex 45.1738 29.2652 79.2
      vertex 44.6908 29.4613 80.5028
      vertex 44.6534 29.385 80.5058
    endloop
  endfacet
  facet normal 0.834578 -0.407465 0.370744
    outer loop
      vertex 44.6908 29.4613 80.5028
      vertex 45.1738 29.2652 79.2
      vertex 44.6925 29.4646 80.5026
    endloop
  endfacet
  facet normal 0.839864 -0.396162 0.371057
    outer loop
      vertex 45.1738 29.2652 79.2
      vertex 44.6534 29.385 80.5058
      vertex 45.1688 29.2546 79.2
    endloop
  endfacet
  facet normal 0.553305 0.745805 0.370983
    outer loop
      vertex 44.4762 31.5894 79.2
      vertex 44.2863 31.0799 80.5075
      vertex 44.618 31.4842 79.2
    endloop
  endfacet
  facet normal 0.552251 0.746523 0.37111
    outer loop
      vertex 44.2863 31.0799 80.5075
      vertex 44.4762 31.5894 79.2
      vertex 44.2477 31.1093 80.5058
    endloop
  endfacet
  facet normal 0.690938 0.620274 0.371301
    outer loop
      vertex 44.4214 30.9527 80.5044
      vertex 44.8842 31.218 79.2
      vertex 44.8763 31.2268 79.2
    endloop
  endfacet
  facet normal 0.688131 0.62358 0.370977
    outer loop
      vertex 44.8842 31.218 79.2
      vertex 44.4214 30.9527 80.5044
      vertex 44.4799 30.8863 80.5075
    endloop
  endfacet
  facet normal -0.918608 0.13611 0.37099
    outer loop
      vertex 41.491 30.1998 79.2
      vertex 42.0279 30.2729 80.5026
      vertex 41.5169 30.3746 79.2
    endloop
  endfacet
  facet normal -0.917726 0.144027 0.370182
    outer loop
      vertex 42.0279 30.2729 80.5026
      vertex 41.491 30.1998 79.2
      vertex 42.0274 30.2692 80.5028
    endloop
  endfacet
  facet normal -0.91872 0.135149 0.371064
    outer loop
      vertex 42.0274 30.2692 80.5028
      vertex 41.491 30.1998 79.2
      vertex 42.0215 30.2247 80.5044
    endloop
  endfacet
  facet normal 0.900074 0.228966 0.370731
    outer loop
      vertex 44.7493 30.3587 80.5058
      vertex 45.2831 30.3746 79.2
      vertex 45.2802 30.386 79.2
    endloop
  endfacet
  facet normal 0.900828 0.225544 0.370997
    outer loop
      vertex 45.2831 30.3746 79.2
      vertex 44.7493 30.3587 80.5058
      vertex 44.7721 30.2729 80.5026
    endloop
  endfacet
  facet normal -0.136698 -0.918505 0.371029
    outer loop
      vertex 43.2118 28.0892 79.2
      vertex 43.215 28.6162 80.5058
      vertex 43.0371 28.1152 79.2
    endloop
  endfacet
  facet normal -0.137225 -0.918437 0.371003
    outer loop
      vertex 43.215 28.6162 80.5058
      vertex 43.2118 28.0892 79.2
      vertex 43.2631 28.6097 80.5075
    endloop
  endfacet
  facet normal -0.225707 0.900793 0.370982
    outer loop
      vertex 42.8541 31.8402 79.2
      vertex 42.9945 31.3369 80.5075
      vertex 43.08 31.3596 80.5044
    endloop
  endfacet
  facet normal -0.228939 0.899966 0.37101
    outer loop
      vertex 42.9945 31.3369 80.5075
      vertex 42.8541 31.8402 79.2
      vertex 42.8427 31.8373 79.2
    endloop
  endfacet
  facet normal -0.796408 -0.477594 0.370997
    outer loop
      vertex 41.7067 29.0949 79.2
      vertex 42.2368 29.2228 80.5026
      vertex 42.1679 29.3415 80.5075
    endloop
  endfacet
  facet normal -0.796426 -0.47756 0.371001
    outer loop
      vertex 42.2368 29.2228 80.5026
      vertex 41.7067 29.0949 79.2
      vertex 41.8036 28.9333 79.2
    endloop
  endfacet
  facet normal -0.900828 -0.225544 0.370997
    outer loop
      vertex 41.5169 29.6254 79.2
      vertex 42.0507 29.6413 80.5058
      vertex 42.0279 29.7271 80.5026
    endloop
  endfacet
  facet normal -0.900074 -0.228966 0.370731
    outer loop
      vertex 42.0507 29.6413 80.5058
      vertex 41.5169 29.6254 79.2
      vertex 41.5198 29.614 79.2
    endloop
  endfacet
  facet normal 0.687683 0.624067 0.370988
    outer loop
      vertex 44.3892 30.9892 80.5026
      vertex 44.8763 31.2268 79.2
      vertex 44.7576 31.3576 79.2
    endloop
  endfacet
  facet normal 0.679801 0.633375 0.369738
    outer loop
      vertex 44.3917 30.9864 80.5028
      vertex 44.8763 31.2268 79.2
      vertex 44.3892 30.9892 80.5026
    endloop
  endfacet
  facet normal 0.687883 0.623848 0.370986
    outer loop
      vertex 44.8763 31.2268 79.2
      vertex 44.3917 30.9864 80.5028
      vertex 44.4214 30.9527 80.5044
    endloop
  endfacet
  facet normal 0.552251 -0.746523 0.37111
    outer loop
      vertex 44.4762 28.4106 79.2
      vertex 44.2863 28.9201 80.5075
      vertex 44.2477 28.8907 80.5058
    endloop
  endfacet
  facet normal 0.553305 -0.745805 0.370983
    outer loop
      vertex 44.2863 28.9201 80.5075
      vertex 44.4762 28.4106 79.2
      vertex 44.618 28.5158 79.2
    endloop
  endfacet
  facet normal 0.796684 -0.477085 0.371059
    outer loop
      vertex 44.5632 29.2228 80.5026
      vertex 45.0933 29.0949 79.2
      vertex 44.632 29.3415 80.5075
    endloop
  endfacet
  facet normal 0.796426 -0.47756 0.371001
    outer loop
      vertex 45.0933 29.0949 79.2
      vertex 44.5632 29.2228 80.5026
      vertex 44.9964 28.9333 79.2
    endloop
  endfacet
  facet normal -0.687883 -0.623848 0.370986
    outer loop
      vertex 41.9237 28.7732 79.2
      vertex 42.4083 29.0136 80.5028
      vertex 42.3786 29.0473 80.5044
    endloop
  endfacet
  facet normal -0.679801 -0.633375 0.369738
    outer loop
      vertex 42.4083 29.0136 80.5028
      vertex 41.9237 28.7732 79.2
      vertex 42.4108 29.0108 80.5026
    endloop
  endfacet
  facet normal -0.687683 -0.624067 0.370988
    outer loop
      vertex 42.4108 29.0108 80.5026
      vertex 41.9237 28.7732 79.2
      vertex 42.0424 28.6424 79.2
    endloop
  endfacet
  facet normal -0.0452191 0.927518 0.371033
    outer loop
      vertex 43.2118 31.9108 79.2
      vertex 43.3114 31.3933 80.5058
      vertex 43.3882 31.9194 79.2
    endloop
  endfacet
  facet normal -0.0445547 0.927563 0.371
    outer loop
      vertex 43.3114 31.3933 80.5058
      vertex 43.2118 31.9108 79.2
      vertex 43.2631 31.3903 80.5075
    endloop
  endfacet
  facet normal 0.7448 0.554638 0.371011
    outer loop
      vertex 44.4799 30.8863 80.5075
      vertex 44.8912 31.2086 79.2
      vertex 44.8842 31.218 79.2
    endloop
  endfacet
  facet normal 0.746159 0.552822 0.37099
    outer loop
      vertex 44.8912 31.2086 79.2
      vertex 44.4799 30.8863 80.5075
      vertex 44.5336 30.8159 80.5044
    endloop
  endfacet
  facet normal -0.623983 0.687734 0.371035
    outer loop
      vertex 42.0511 31.3656 79.2
      vertex 42.4108 30.9892 80.5026
      vertex 42.4774 31.0479 80.5058
    endloop
  endfacet
  facet normal -0.628544 0.683542 0.371083
    outer loop
      vertex 42.4108 30.9892 80.5026
      vertex 42.0511 31.3656 79.2
      vertex 42.0424 31.3576 79.2
    endloop
  endfacet
  facet normal 0.746159 -0.552822 0.37099
    outer loop
      vertex 44.4799 29.1137 80.5075
      vertex 44.8912 28.7914 79.2
      vertex 44.5336 29.1841 80.5044
    endloop
  endfacet
  facet normal 0.7448 -0.554638 0.371011
    outer loop
      vertex 44.8912 28.7914 79.2
      vertex 44.4799 29.1137 80.5075
      vertex 44.8842 28.782 79.2
    endloop
  endfacet
  facet normal 0.39314 0.84132 0.370974
    outer loop
      vertex 44.2944 31.6983 79.2
      vertex 44.0585 31.232 80.5075
      vertex 44.3051 31.6933 79.2
    endloop
  endfacet
  facet normal 0.397694 0.839155 0.371024
    outer loop
      vertex 44.0585 31.232 80.5075
      vertex 44.2944 31.6983 79.2
      vertex 43.9791 31.271 80.5044
    endloop
  endfacet
  facet normal -0.397694 0.839155 0.371024
    outer loop
      vertex 42.5056 31.6983 79.2
      vertex 42.7415 31.232 80.5075
      vertex 42.8209 31.271 80.5044
    endloop
  endfacet
  facet normal -0.39314 0.84132 0.370974
    outer loop
      vertex 42.7415 31.232 80.5075
      vertex 42.5056 31.6983 79.2
      vertex 42.4949 31.6933 79.2
    endloop
  endfacet
  facet normal 0.396791 0.839594 0.370997
    outer loop
      vertex 44.1348 31.7738 79.2
      vertex 43.9387 31.2908 80.5028
      vertex 43.9791 31.271 80.5044
    endloop
  endfacet
  facet normal 0.397109 0.839451 0.37098
    outer loop
      vertex 44.1348 31.7738 79.2
      vertex 43.9791 31.271 80.5044
      vertex 44.2944 31.6983 79.2
    endloop
  endfacet
  facet normal 0.407465 0.834578 0.370744
    outer loop
      vertex 43.9387 31.2908 80.5028
      vertex 44.1348 31.7738 79.2
      vertex 43.9354 31.2925 80.5026
    endloop
  endfacet
  facet normal -0.874264 -0.313142 0.37095
    outer loop
      vertex 41.5627 29.4427 79.2
      vertex 42.0918 29.5107 80.5044
      vertex 42.0631 29.5945 80.5075
    endloop
  endfacet
  facet normal -0.875989 -0.30778 0.37137
    outer loop
      vertex 42.0918 29.5107 80.5044
      vertex 41.5627 29.4427 79.2
      vertex 41.5666 29.4316 79.2
    endloop
  endfacet
  facet normal -0.628544 -0.683542 0.371083
    outer loop
      vertex 42.0511 28.6344 79.2
      vertex 42.4108 29.0108 80.5026
      vertex 42.0424 28.6424 79.2
    endloop
  endfacet
  facet normal -0.623983 -0.687734 0.371035
    outer loop
      vertex 42.4108 29.0108 80.5026
      vertex 42.0511 28.6344 79.2
      vertex 42.4774 28.9521 80.5058
    endloop
  endfacet
  facet normal 0.229363 -0.899892 0.370928
    outer loop
      vertex 43.7746 28.1169 79.2
      vertex 43.6765 28.6289 80.5028
      vertex 43.6729 28.6279 80.5026
    endloop
  endfacet
  facet normal 0.224565 -0.901061 0.371026
    outer loop
      vertex 43.6765 28.6289 80.5028
      vertex 43.7746 28.1169 79.2
      vertex 43.72 28.6404 80.5044
    endloop
  endfacet
  facet normal 0.2256 -0.900823 0.370974
    outer loop
      vertex 43.72 28.6404 80.5044
      vertex 43.7746 28.1169 79.2
      vertex 43.9459 28.1598 79.2
    endloop
  endfacet
  facet normal -0.553305 -0.745805 0.370983
    outer loop
      vertex 42.3238 28.4106 79.2
      vertex 42.5137 28.9201 80.5075
      vertex 42.182 28.5158 79.2
    endloop
  endfacet
  facet normal -0.552251 -0.746523 0.37111
    outer loop
      vertex 42.5137 28.9201 80.5075
      vertex 42.3238 28.4106 79.2
      vertex 42.5523 28.8907 80.5058
    endloop
  endfacet
  facet normal -0.900831 0.225602 0.370954
    outer loop
      vertex 41.5198 30.386 79.2
      vertex 42.0631 30.4055 80.5075
      vertex 41.5627 30.5573 79.2
    endloop
  endfacet
  facet normal -0.90091 0.225226 0.370992
    outer loop
      vertex 42.0631 30.4055 80.5075
      vertex 41.5198 30.386 79.2
      vertex 42.0507 30.3587 80.5058
    endloop
  endfacet
  facet normal -0.397109 -0.839451 0.37098
    outer loop
      vertex 42.6652 28.2262 79.2
      vertex 42.8209 28.729 80.5044
      vertex 42.5056 28.3017 79.2
    endloop
  endfacet
  facet normal -0.397612 -0.839225 0.370953
    outer loop
      vertex 42.8209 28.729 80.5044
      vertex 42.6652 28.2262 79.2
      vertex 42.8646 28.7075 80.5026
    endloop
  endfacet
  facet normal 0.87364 0.314825 0.370996
    outer loop
      vertex 44.6925 30.5354 80.5026
      vertex 45.1778 30.7237 79.2
      vertex 45.1738 30.7348 79.2
    endloop
  endfacet
  facet normal 0.874612 0.312147 0.370971
    outer loop
      vertex 44.6937 30.5318 80.5028
      vertex 45.1778 30.7237 79.2
      vertex 44.6925 30.5354 80.5026
    endloop
  endfacet
  facet normal 0.874338 0.312901 0.37098
    outer loop
      vertex 45.1778 30.7237 79.2
      vertex 44.6937 30.5318 80.5028
      vertex 44.7212 30.4514 80.5058
    endloop
  endfacet
  facet normal -0.476245 0.797179 0.371075
    outer loop
      vertex 42.4949 31.6933 79.2
      vertex 42.6995 31.2077 80.5058
      vertex 42.7415 31.232 80.5075
    endloop
  endfacet
  facet normal -0.477389 0.796524 0.371011
    outer loop
      vertex 42.6995 31.2077 80.5058
      vertex 42.4949 31.6933 79.2
      vertex 42.3434 31.6025 79.2
    endloop
  endfacet
  facet normal -0.84134 0.393149 0.370919
    outer loop
      vertex 41.7017 30.8944 79.2
      vertex 42.1679 30.6585 80.5075
      vertex 41.7067 30.9051 79.2
    endloop
  endfacet
  facet normal -0.839583 0.396849 0.37096
    outer loop
      vertex 42.1679 30.6585 80.5075
      vertex 41.7017 30.8944 79.2
      vertex 42.129 30.5791 80.5044
    endloop
  endfacet
  facet normal -0.900074 0.228966 0.370731
    outer loop
      vertex 41.5169 30.3746 79.2
      vertex 42.0507 30.3587 80.5058
      vertex 41.5198 30.386 79.2
    endloop
  endfacet
  facet normal -0.900828 0.225544 0.370997
    outer loop
      vertex 42.0507 30.3587 80.5058
      vertex 41.5169 30.3746 79.2
      vertex 42.0279 30.2729 80.5026
    endloop
  endfacet
  facet normal -0.927582 -0.0435146 0.371076
    outer loop
      vertex 41.48 30 79.2
      vertex 42.0041 29.9514 80.5044
      vertex 42.0011 30 80.5026
    endloop
  endfacet
  facet normal -0.927519 -0.045745 0.370967
    outer loop
      vertex 42.0041 29.9514 80.5044
      vertex 41.48 30 79.2
      vertex 41.4887 29.8236 79.2
    endloop
  endfacet
  facet normal -0.690938 0.620274 0.371301
    outer loop
      vertex 41.9158 31.218 79.2
      vertex 42.3786 30.9527 80.5044
      vertex 41.9237 31.2268 79.2
    endloop
  endfacet
  facet normal -0.688131 0.62358 0.370977
    outer loop
      vertex 42.3786 30.9527 80.5044
      vertex 41.9158 31.218 79.2
      vertex 42.3201 30.8863 80.5075
    endloop
  endfacet
  facet normal 0.918505 0.136698 0.371029
    outer loop
      vertex 44.7838 30.185 80.5058
      vertex 45.3108 30.1882 79.2
      vertex 45.2848 30.3629 79.2
    endloop
  endfacet
  facet normal 0.918437 0.137225 0.371003
    outer loop
      vertex 45.3108 30.1882 79.2
      vertex 44.7838 30.185 80.5058
      vertex 44.7903 30.1369 80.5075
    endloop
  endfacet
  facet normal 0.874427 0.312671 0.370963
    outer loop
      vertex 44.7212 30.4514 80.5058
      vertex 45.2373 30.5573 79.2
      vertex 45.1778 30.7237 79.2
    endloop
  endfacet
  facet normal 0.874378 0.312818 0.370956
    outer loop
      vertex 45.2373 30.5573 79.2
      vertex 44.7212 30.4514 80.5058
      vertex 44.7369 30.4055 80.5075
    endloop
  endfacet
  facet normal -0.477753 0.796293 0.37104
    outer loop
      vertex 42.3434 31.6025 79.2
      vertex 42.626 31.165 80.5028
      vertex 42.6995 31.2077 80.5058
    endloop
  endfacet
  facet normal -0.472784 0.799286 0.370968
    outer loop
      vertex 42.626 31.165 80.5028
      vertex 42.3434 31.6025 79.2
      vertex 42.6228 31.1632 80.5026
    endloop
  endfacet
  facet normal -0.48008 0.794887 0.371049
    outer loop
      vertex 42.6228 31.1632 80.5026
      vertex 42.3434 31.6025 79.2
      vertex 42.3333 31.5964 79.2
    endloop
  endfacet
  facet normal -0.834578 -0.407465 0.370744
    outer loop
      vertex 41.6262 29.2652 79.2
      vertex 42.1092 29.4613 80.5028
      vertex 42.1075 29.4646 80.5026
    endloop
  endfacet
  facet normal -0.839594 -0.396791 0.370997
    outer loop
      vertex 42.1092 29.4613 80.5028
      vertex 41.6262 29.2652 79.2
      vertex 42.129 29.4209 80.5044
    endloop
  endfacet
  facet normal -0.839451 -0.397109 0.37098
    outer loop
      vertex 42.129 29.4209 80.5044
      vertex 41.6262 29.2652 79.2
      vertex 41.7017 29.1056 79.2
    endloop
  endfacet
  facet normal -0.796426 0.47756 0.371001
    outer loop
      vertex 41.7067 30.9051 79.2
      vertex 42.2368 30.7772 80.5026
      vertex 41.8036 31.0667 79.2
    endloop
  endfacet
  facet normal -0.796408 0.477594 0.370997
    outer loop
      vertex 42.2368 30.7772 80.5026
      vertex 41.7067 30.9051 79.2
      vertex 42.1679 30.6585 80.5075
    endloop
  endfacet
  facet normal -0.7448 0.554638 0.371011
    outer loop
      vertex 41.9088 31.2086 79.2
      vertex 42.3201 30.8863 80.5075
      vertex 41.9158 31.218 79.2
    endloop
  endfacet
  facet normal -0.746159 0.552822 0.37099
    outer loop
      vertex 42.3201 30.8863 80.5075
      vertex 41.9088 31.2086 79.2
      vertex 42.2664 30.8159 80.5044
    endloop
  endfacet
  facet normal -0.312317 0.874516 0.371052
    outer loop
      vertex 42.8316 31.8334 79.2
      vertex 42.8646 31.2925 80.5026
      vertex 42.9107 31.3082 80.5044
    endloop
  endfacet
  facet normal -0.313136 0.87426 0.370966
    outer loop
      vertex 42.8646 31.2925 80.5026
      vertex 42.8316 31.8334 79.2
      vertex 42.6652 31.7738 79.2
    endloop
  endfacet
  facet normal 0.0458841 0.927504 0.370988
    outer loop
      vertex 43.4118 31.9194 79.2
      vertex 43.4037 31.3987 80.5028
      vertex 43.4886 31.3933 80.5058
    endloop
  endfacet
  facet normal 0.0301064 0.928094 0.371126
    outer loop
      vertex 43.4037 31.3987 80.5028
      vertex 43.4118 31.9194 79.2
      vertex 43.4 31.3989 80.5026
    endloop
  endfacet
  facet normal 0.0471574 0.927429 0.371014
    outer loop
      vertex 43.4 31.3989 80.5026
      vertex 43.4118 31.9194 79.2
      vertex 43.4 31.92 79.2
    endloop
  endfacet
  facet normal -0.393149 -0.84134 0.370919
    outer loop
      vertex 42.5056 28.3017 79.2
      vertex 42.7415 28.7679 80.5075
      vertex 42.4949 28.3067 79.2
    endloop
  endfacet
  facet normal -0.396849 -0.839583 0.37096
    outer loop
      vertex 42.7415 28.7679 80.5075
      vertex 42.5056 28.3017 79.2
      vertex 42.8209 28.729 80.5044
    endloop
  endfacet
  facet normal -0.687683 0.624067 0.370988
    outer loop
      vertex 41.9237 31.2268 79.2
      vertex 42.4108 30.9892 80.5026
      vertex 42.0424 31.3576 79.2
    endloop
  endfacet
  facet normal -0.679801 0.633375 0.369738
    outer loop
      vertex 41.9237 31.2268 79.2
      vertex 42.4083 30.9864 80.5028
      vertex 42.4108 30.9892 80.5026
    endloop
  endfacet
  facet normal -0.687883 0.623848 0.370986
    outer loop
      vertex 42.4083 30.9864 80.5028
      vertex 41.9237 31.2268 79.2
      vertex 42.3786 30.9527 80.5044
    endloop
  endfacet
  facet normal 0.0300963 -0.928041 0.371259
    outer loop
      vertex 43.4 28.08 79.2
      vertex 43.4037 28.6013 80.5028
      vertex 43.4 28.6011 80.5026
    endloop
  endfacet
  facet normal 0.0446216 -0.927551 0.371022
    outer loop
      vertex 43.4037 28.6013 80.5028
      vertex 43.4 28.08 79.2
      vertex 43.4486 28.6041 80.5044
    endloop
  endfacet
  facet normal 0.045745 -0.927519 0.370967
    outer loop
      vertex 43.4486 28.6041 80.5044
      vertex 43.4 28.08 79.2
      vertex 43.5764 28.0887 79.2
    endloop
  endfacet
  facet normal 0.796426 0.47756 0.371001
    outer loop
      vertex 44.5632 30.7772 80.5026
      vertex 45.0933 30.9051 79.2
      vertex 44.9964 31.0667 79.2
    endloop
  endfacet
  facet normal 0.796684 0.477085 0.371059
    outer loop
      vertex 45.0933 30.9051 79.2
      vertex 44.5632 30.7772 80.5026
      vertex 44.632 30.6585 80.5075
    endloop
  endfacet
  facet normal 0.0445547 0.927563 0.371
    outer loop
      vertex 43.5882 31.9108 79.2
      vertex 43.4886 31.3933 80.5058
      vertex 43.5369 31.3903 80.5075
    endloop
  endfacet
  facet normal 0.0452191 0.927518 0.371033
    outer loop
      vertex 43.4886 31.3933 80.5058
      vertex 43.5882 31.9108 79.2
      vertex 43.4118 31.9194 79.2
    endloop
  endfacet
  facet normal 0.918437 -0.137225 0.371003
    outer loop
      vertex 44.7838 29.815 80.5058
      vertex 45.3108 29.8118 79.2
      vertex 44.7903 29.8631 80.5075
    endloop
  endfacet
  facet normal 0.918505 -0.136698 0.371029
    outer loop
      vertex 45.3108 29.8118 79.2
      vertex 44.7838 29.815 80.5058
      vertex 45.2848 29.6371 79.2
    endloop
  endfacet
  facet normal 0.927515 -0.0457992 0.370971
    outer loop
      vertex 44.7903 29.8631 80.5075
      vertex 45.3113 29.8236 79.2
      vertex 44.7959 29.9514 80.5044
    endloop
  endfacet
  facet normal 0.927839 -0.0393152 0.370904
    outer loop
      vertex 45.3113 29.8236 79.2
      vertex 44.7903 29.8631 80.5075
      vertex 45.3108 29.8118 79.2
    endloop
  endfacet
  facet normal 0.55081 0.747528 0.371227
    outer loop
      vertex 44.4667 31.5964 79.2
      vertex 44.2477 31.1093 80.5058
      vertex 44.4762 31.5894 79.2
    endloop
  endfacet
  facet normal 0.553335 0.745776 0.370997
    outer loop
      vertex 44.2477 31.1093 80.5058
      vertex 44.4667 31.5964 79.2
      vertex 44.1772 31.1632 80.5026
    endloop
  endfacet
  facet normal -0.688131 -0.62358 0.370977
    outer loop
      vertex 41.9158 28.782 79.2
      vertex 42.3786 29.0473 80.5044
      vertex 42.3201 29.1137 80.5075
    endloop
  endfacet
  facet normal -0.690938 -0.620274 0.371301
    outer loop
      vertex 42.3786 29.0473 80.5044
      vertex 41.9158 28.782 79.2
      vertex 41.9237 28.7732 79.2
    endloop
  endfacet
  facet normal -0.839451 0.397109 0.37098
    outer loop
      vertex 41.6262 30.7348 79.2
      vertex 42.129 30.5791 80.5044
      vertex 41.7017 30.8944 79.2
    endloop
  endfacet
  facet normal -0.839594 0.396791 0.370997
    outer loop
      vertex 41.6262 30.7348 79.2
      vertex 42.1092 30.5387 80.5028
      vertex 42.129 30.5791 80.5044
    endloop
  endfacet
  facet normal -0.834578 0.407465 0.370744
    outer loop
      vertex 42.1092 30.5387 80.5028
      vertex 41.6262 30.7348 79.2
      vertex 42.1075 30.5354 80.5026
    endloop
  endfacet
  facet normal -0.87426 0.313136 0.370966
    outer loop
      vertex 41.5666 30.5684 79.2
      vertex 42.1075 30.5354 80.5026
      vertex 41.6262 30.7348 79.2
    endloop
  endfacet
  facet normal -0.874572 0.312139 0.371071
    outer loop
      vertex 41.5666 30.5684 79.2
      vertex 42.1063 30.5318 80.5028
      vertex 42.1075 30.5354 80.5026
    endloop
  endfacet
  facet normal -0.874511 0.312332 0.371051
    outer loop
      vertex 42.1063 30.5318 80.5028
      vertex 41.5666 30.5684 79.2
      vertex 42.0918 30.4893 80.5044
    endloop
  endfacet
  facet normal -0.472784 -0.799286 0.370968
    outer loop
      vertex 42.3434 28.3975 79.2
      vertex 42.626 28.835 80.5028
      vertex 42.6228 28.8368 80.5026
    endloop
  endfacet
  facet normal -0.48008 -0.794887 0.371049
    outer loop
      vertex 42.3434 28.3975 79.2
      vertex 42.6228 28.8368 80.5026
      vertex 42.3333 28.4036 79.2
    endloop
  endfacet
  facet normal -0.477753 -0.796293 0.37104
    outer loop
      vertex 42.626 28.835 80.5028
      vertex 42.3434 28.3975 79.2
      vertex 42.6995 28.7923 80.5058
    endloop
  endfacet
  facet normal 0.477389 0.796524 0.371011
    outer loop
      vertex 44.3051 31.6933 79.2
      vertex 44.1005 31.2077 80.5058
      vertex 44.4566 31.6025 79.2
    endloop
  endfacet
  facet normal 0.476245 0.797179 0.371075
    outer loop
      vertex 44.1005 31.2077 80.5058
      vertex 44.3051 31.6933 79.2
      vertex 44.0585 31.232 80.5075
    endloop
  endfacet
  facet normal -0.917824 -0.142421 0.370561
    outer loop
      vertex 42.0215 29.7753 80.5044
      vertex 41.4892 29.8118 79.2
      vertex 41.491 29.8002 79.2
    endloop
  endfacet
  facet normal -0.918533 -0.136547 0.371014
    outer loop
      vertex 41.4892 29.8118 79.2
      vertex 42.0215 29.7753 80.5044
      vertex 42.0097 29.8631 80.5075
    endloop
  endfacet
  facet normal 0.137225 -0.918437 0.371003
    outer loop
      vertex 43.5882 28.0892 79.2
      vertex 43.585 28.6162 80.5058
      vertex 43.5369 28.6097 80.5075
    endloop
  endfacet
  facet normal 0.136698 -0.918505 0.371029
    outer loop
      vertex 43.585 28.6162 80.5058
      vertex 43.5882 28.0892 79.2
      vertex 43.7629 28.1152 79.2
    endloop
  endfacet
  facet normal 0.679801 -0.633375 0.369738
    outer loop
      vertex 44.8763 28.7732 79.2
      vertex 44.3917 29.0136 80.5028
      vertex 44.3892 29.0108 80.5026
    endloop
  endfacet
  facet normal 0.687883 -0.623848 0.370986
    outer loop
      vertex 44.3917 29.0136 80.5028
      vertex 44.8763 28.7732 79.2
      vertex 44.4214 29.0473 80.5044
    endloop
  endfacet
  facet normal 0.687683 -0.624067 0.370988
    outer loop
      vertex 44.8763 28.7732 79.2
      vertex 44.3892 29.0108 80.5026
      vertex 44.7576 28.6424 79.2
    endloop
  endfacet
  facet normal 0.135785 -0.918666 0.370966
    outer loop
      vertex 43.7629 28.1152 79.2
      vertex 43.6729 28.6279 80.5026
      vertex 43.585 28.6162 80.5058
    endloop
  endfacet
  facet normal 0.133531 -0.919005 0.370944
    outer loop
      vertex 43.6729 28.6279 80.5026
      vertex 43.7629 28.1152 79.2
      vertex 43.7746 28.1169 79.2
    endloop
  endfacet
  facet normal -0.927519 0.045745 0.370967
    outer loop
      vertex 41.48 30 79.2
      vertex 42.0041 30.0486 80.5044
      vertex 41.4887 30.1764 79.2
    endloop
  endfacet
  facet normal -0.927582 0.0435146 0.371076
    outer loop
      vertex 42.0041 30.0486 80.5044
      vertex 41.48 30 79.2
      vertex 42.0011 30 80.5026
    endloop
  endfacet
  facet normal -0.0446216 -0.927551 0.371022
    outer loop
      vertex 43.4 28.08 79.2
      vertex 43.3963 28.6013 80.5028
      vertex 43.3514 28.6041 80.5044
    endloop
  endfacet
  facet normal -0.045745 -0.927519 0.370967
    outer loop
      vertex 43.4 28.08 79.2
      vertex 43.3514 28.6041 80.5044
      vertex 43.2236 28.0887 79.2
    endloop
  endfacet
  facet normal -0.0300963 -0.928041 0.371259
    outer loop
      vertex 43.3963 28.6013 80.5028
      vertex 43.4 28.08 79.2
      vertex 43.4 28.6011 80.5026
    endloop
  endfacet
  facet normal -0.137225 0.918437 0.371003
    outer loop
      vertex 43.2118 31.9108 79.2
      vertex 43.215 31.3838 80.5058
      vertex 43.2631 31.3903 80.5075
    endloop
  endfacet
  facet normal -0.136698 0.918505 0.371029
    outer loop
      vertex 43.215 31.3838 80.5058
      vertex 43.2118 31.9108 79.2
      vertex 43.0371 31.8848 79.2
    endloop
  endfacet
  facet normal 0.900828 -0.225544 0.370997
    outer loop
      vertex 44.7493 29.6413 80.5058
      vertex 45.2831 29.6254 79.2
      vertex 44.7721 29.7271 80.5026
    endloop
  endfacet
  facet normal 0.900074 -0.228966 0.370731
    outer loop
      vertex 45.2831 29.6254 79.2
      vertex 44.7493 29.6413 80.5058
      vertex 45.2802 29.614 79.2
    endloop
  endfacet
  facet normal 0.874612 -0.312147 0.370971
    outer loop
      vertex 45.1778 29.2763 79.2
      vertex 44.6937 29.4682 80.5028
      vertex 44.6925 29.4646 80.5026
    endloop
  endfacet
  facet normal 0.874338 -0.312901 0.37098
    outer loop
      vertex 44.6937 29.4682 80.5028
      vertex 45.1778 29.2763 79.2
      vertex 44.7212 29.5486 80.5058
    endloop
  endfacet
  facet normal 0.87364 -0.314825 0.370996
    outer loop
      vertex 45.1778 29.2763 79.2
      vertex 44.6925 29.4646 80.5026
      vertex 45.1738 29.2652 79.2
    endloop
  endfacet
  facet normal 0.48008 0.794887 0.371049
    outer loop
      vertex 44.4566 31.6025 79.2
      vertex 44.1772 31.1632 80.5026
      vertex 44.4667 31.5964 79.2
    endloop
  endfacet
  facet normal 0.47755 0.796422 0.371024
    outer loop
      vertex 44.1772 31.1632 80.5026
      vertex 44.4566 31.6025 79.2
      vertex 44.1005 31.2077 80.5058
    endloop
  endfacet
  facet normal 0.407465 -0.834578 0.370744
    outer loop
      vertex 44.1348 28.2262 79.2
      vertex 43.9387 28.7092 80.5028
      vertex 43.9354 28.7075 80.5026
    endloop
  endfacet
  facet normal 0.396791 -0.839594 0.370997
    outer loop
      vertex 43.9387 28.7092 80.5028
      vertex 44.1348 28.2262 79.2
      vertex 43.9791 28.729 80.5044
    endloop
  endfacet
  facet normal 0.397109 -0.839451 0.37098
    outer loop
      vertex 43.9791 28.729 80.5044
      vertex 44.1348 28.2262 79.2
      vertex 44.2944 28.3017 79.2
    endloop
  endfacet
  facet normal 0.228939 0.899966 0.37101
    outer loop
      vertex 43.9459 31.8402 79.2
      vertex 43.8055 31.3369 80.5075
      vertex 43.9573 31.8373 79.2
    endloop
  endfacet
  facet normal 0.225707 0.900793 0.370982
    outer loop
      vertex 43.8055 31.3369 80.5075
      vertex 43.9459 31.8402 79.2
      vertex 43.72 31.3596 80.5044
    endloop
  endfacet
  facet normal -0.135785 0.918666 0.370966
    outer loop
      vertex 43.0371 31.8848 79.2
      vertex 43.1271 31.3721 80.5026
      vertex 43.215 31.3838 80.5058
    endloop
  endfacet
  facet normal -0.133531 0.919005 0.370944
    outer loop
      vertex 43.1271 31.3721 80.5026
      vertex 43.0371 31.8848 79.2
      vertex 43.0254 31.8831 79.2
    endloop
  endfacet
  facet normal -0.552251 0.746523 0.37111
    outer loop
      vertex 42.3238 31.5894 79.2
      vertex 42.5137 31.0799 80.5075
      vertex 42.5523 31.1093 80.5058
    endloop
  endfacet
  facet normal -0.553305 0.745805 0.370983
    outer loop
      vertex 42.5137 31.0799 80.5075
      vertex 42.3238 31.5894 79.2
      vertex 42.182 31.4842 79.2
    endloop
  endfacet
  facet normal 0.900831 0.225602 0.370954
    outer loop
      vertex 44.7369 30.4055 80.5075
      vertex 45.2802 30.386 79.2
      vertex 45.2373 30.5573 79.2
    endloop
  endfacet
  facet normal 0.90091 0.225226 0.370992
    outer loop
      vertex 45.2802 30.386 79.2
      vertex 44.7369 30.4055 80.5075
      vertex 44.7493 30.3587 80.5058
    endloop
  endfacet
  facet normal 0.919005 0.133531 0.370944
    outer loop
      vertex 44.7721 30.2729 80.5026
      vertex 45.2848 30.3629 79.2
      vertex 45.2831 30.3746 79.2
    endloop
  endfacet
  facet normal 0.918666 0.135785 0.370966
    outer loop
      vertex 45.2848 30.3629 79.2
      vertex 44.7721 30.2729 80.5026
      vertex 44.7838 30.185 80.5058
    endloop
  endfacet
  facet normal 0.745983 0.553047 0.37101
    outer loop
      vertex 44.5336 30.8159 80.5044
      vertex 44.9964 31.0667 79.2
      vertex 44.8912 31.2086 79.2
    endloop
  endfacet
  facet normal 0.745859 0.553221 0.370999
    outer loop
      vertex 44.9964 31.0667 79.2
      vertex 44.5336 30.8159 80.5044
      vertex 44.5632 30.7772 80.5026
    endloop
  endfacet
  facet normal -0.30778 -0.875989 0.37137
    outer loop
      vertex 42.8427 28.1627 79.2
      vertex 42.9107 28.6918 80.5044
      vertex 42.8316 28.1666 79.2
    endloop
  endfacet
  facet normal -0.313142 -0.874264 0.37095
    outer loop
      vertex 42.9107 28.6918 80.5044
      vertex 42.8427 28.1627 79.2
      vertex 42.9945 28.6631 80.5075
    endloop
  endfacet
  facet normal 0.927839 0.0393152 0.370904
    outer loop
      vertex 44.7903 30.1369 80.5075
      vertex 45.3113 30.1764 79.2
      vertex 45.3108 30.1882 79.2
    endloop
  endfacet
  facet normal 0.927515 0.0457992 0.370971
    outer loop
      vertex 45.3113 30.1764 79.2
      vertex 44.7903 30.1369 80.5075
      vertex 44.7959 30.0486 80.5044
    endloop
  endfacet
  facet normal -0.0393152 -0.927839 0.370904
    outer loop
      vertex 43.2236 28.0887 79.2
      vertex 43.2631 28.6097 80.5075
      vertex 43.2118 28.0892 79.2
    endloop
  endfacet
  facet normal -0.0457992 -0.927515 0.370971
    outer loop
      vertex 43.2631 28.6097 80.5075
      vertex 43.2236 28.0887 79.2
      vertex 43.3514 28.6041 80.5044
    endloop
  endfacet
  facet normal 0.623848 -0.687883 0.370986
    outer loop
      vertex 44.6268 28.5237 79.2
      vertex 44.3864 29.0083 80.5028
      vertex 44.3527 28.9786 80.5044
    endloop
  endfacet
  facet normal 0.633375 -0.679801 0.369738
    outer loop
      vertex 44.3864 29.0083 80.5028
      vertex 44.6268 28.5237 79.2
      vertex 44.3892 29.0108 80.5026
    endloop
  endfacet
  facet normal 0.624067 -0.687683 0.370988
    outer loop
      vertex 44.3892 29.0108 80.5026
      vertex 44.6268 28.5237 79.2
      vertex 44.7576 28.6424 79.2
    endloop
  endfacet
  facet normal -0.477389 -0.796524 0.371011
    outer loop
      vertex 42.4949 28.3067 79.2
      vertex 42.6995 28.7923 80.5058
      vertex 42.3434 28.3975 79.2
    endloop
  endfacet
  facet normal -0.477667 -0.796365 0.370995
    outer loop
      vertex 42.6995 28.7923 80.5058
      vertex 42.4949 28.3067 79.2
      vertex 42.7415 28.7679 80.5075
    endloop
  endfacet
  facet normal -0.927839 0.0393152 0.370904
    outer loop
      vertex 41.4887 30.1764 79.2
      vertex 42.0097 30.1369 80.5075
      vertex 41.4892 30.1882 79.2
    endloop
  endfacet
  facet normal -0.927515 0.0457992 0.370971
    outer loop
      vertex 42.0097 30.1369 80.5075
      vertex 41.4887 30.1764 79.2
      vertex 42.0041 30.0486 80.5044
    endloop
  endfacet
  facet normal -0.623809 0.687926 0.370972
    outer loop
      vertex 42.182 31.4842 79.2
      vertex 42.4774 31.0479 80.5058
      vertex 42.5137 31.0799 80.5075
    endloop
  endfacet
  facet normal -0.623516 0.688181 0.370991
    outer loop
      vertex 42.4774 31.0479 80.5058
      vertex 42.182 31.4842 79.2
      vertex 42.0511 31.3656 79.2
    endloop
  endfacet
  facet normal 0.918666 -0.135785 0.370966
    outer loop
      vertex 44.7721 29.7271 80.5026
      vertex 45.2848 29.6371 79.2
      vertex 44.7838 29.815 80.5058
    endloop
  endfacet
  facet normal 0.919005 -0.133531 0.370944
    outer loop
      vertex 45.2848 29.6371 79.2
      vertex 44.7721 29.7271 80.5026
      vertex 45.2831 29.6254 79.2
    endloop
  endfacet
  facet normal 0.313142 -0.874264 0.37095
    outer loop
      vertex 43.9573 28.1627 79.2
      vertex 43.8893 28.6918 80.5044
      vertex 43.8055 28.6631 80.5075
    endloop
  endfacet
  facet normal 0.30778 -0.875989 0.37137
    outer loop
      vertex 43.8893 28.6918 80.5044
      vertex 43.9573 28.1627 79.2
      vertex 43.9684 28.1666 79.2
    endloop
  endfacet
  facet normal -0.874511 -0.312332 0.371051
    outer loop
      vertex 41.5666 29.4316 79.2
      vertex 42.1063 29.4682 80.5028
      vertex 42.0918 29.5107 80.5044
    endloop
  endfacet
  facet normal -0.874572 -0.312139 0.371071
    outer loop
      vertex 42.1063 29.4682 80.5028
      vertex 41.5666 29.4316 79.2
      vertex 42.1075 29.4646 80.5026
    endloop
  endfacet
  facet normal -0.87426 -0.313136 0.370966
    outer loop
      vertex 42.1075 29.4646 80.5026
      vertex 41.5666 29.4316 79.2
      vertex 41.6262 29.2652 79.2
    endloop
  endfacet
  facet normal -0.927515 -0.0457992 0.370971
    outer loop
      vertex 41.4887 29.8236 79.2
      vertex 42.0097 29.8631 80.5075
      vertex 42.0041 29.9514 80.5044
    endloop
  endfacet
  facet normal -0.927839 -0.0393152 0.370904
    outer loop
      vertex 42.0097 29.8631 80.5075
      vertex 41.4887 29.8236 79.2
      vertex 41.4892 29.8118 79.2
    endloop
  endfacet
  facet normal 0.47755 -0.796422 0.371024
    outer loop
      vertex 44.4566 28.3975 79.2
      vertex 44.1772 28.8368 80.5026
      vertex 44.1005 28.7923 80.5058
    endloop
  endfacet
  facet normal 0.48008 -0.794887 0.371049
    outer loop
      vertex 44.1772 28.8368 80.5026
      vertex 44.4566 28.3975 79.2
      vertex 44.4667 28.4036 79.2
    endloop
  endfacet
  facet normal 0.224565 0.901061 0.371026
    outer loop
      vertex 43.7746 31.8831 79.2
      vertex 43.6765 31.3711 80.5028
      vertex 43.72 31.3596 80.5044
    endloop
  endfacet
  facet normal 0.2256 0.900823 0.370974
    outer loop
      vertex 43.7746 31.8831 79.2
      vertex 43.72 31.3596 80.5044
      vertex 43.9459 31.8402 79.2
    endloop
  endfacet
  facet normal 0.229363 0.899892 0.370928
    outer loop
      vertex 43.6765 31.3711 80.5028
      vertex 43.7746 31.8831 79.2
      vertex 43.6729 31.3721 80.5026
    endloop
  endfacet
  facet normal -0.229363 0.899892 0.370928
    outer loop
      vertex 43.0254 31.8831 79.2
      vertex 43.1235 31.3711 80.5028
      vertex 43.1271 31.3721 80.5026
    endloop
  endfacet
  facet normal -0.224565 0.901061 0.371026
    outer loop
      vertex 43.1235 31.3711 80.5028
      vertex 43.0254 31.8831 79.2
      vertex 43.08 31.3596 80.5044
    endloop
  endfacet
  facet normal -0.2256 0.900823 0.370974
    outer loop
      vertex 43.08 31.3596 80.5044
      vertex 43.0254 31.8831 79.2
      vertex 42.8541 31.8402 79.2
    endloop
  endfacet
  facet normal 0.225707 -0.900793 0.370982
    outer loop
      vertex 43.9459 28.1598 79.2
      vertex 43.8055 28.6631 80.5075
      vertex 43.72 28.6404 80.5044
    endloop
  endfacet
  facet normal 0.228939 -0.899966 0.37101
    outer loop
      vertex 43.8055 28.6631 80.5075
      vertex 43.9459 28.1598 79.2
      vertex 43.9573 28.1627 79.2
    endloop
  endfacet
  facet normal 0.396849 -0.839583 0.37096
    outer loop
      vertex 44.2944 28.3017 79.2
      vertex 44.0585 28.7679 80.5075
      vertex 43.9791 28.729 80.5044
    endloop
  endfacet
  facet normal 0.393149 -0.84134 0.370919
    outer loop
      vertex 44.0585 28.7679 80.5075
      vertex 44.2944 28.3017 79.2
      vertex 44.3051 28.3067 79.2
    endloop
  endfacet
  facet normal 0.312926 -0.874317 0.371009
    outer loop
      vertex 43.9684 28.1666 79.2
      vertex 43.9353 28.7075 80.5026
      vertex 43.8893 28.6918 80.5044
    endloop
  endfacet
  facet normal 0 -0.923542 0.383497
    outer loop
      vertex 43.9684 28.1666 79.2
      vertex 43.9354 28.7075 80.5026
      vertex 43.9353 28.7075 80.5026
    endloop
  endfacet
  facet normal 0.313136 -0.87426 0.370966
    outer loop
      vertex 43.9354 28.7075 80.5026
      vertex 43.9684 28.1666 79.2
      vertex 44.1348 28.2262 79.2
    endloop
  endfacet
  facet normal -0.224565 -0.901061 0.371026
    outer loop
      vertex 43.0254 28.1169 79.2
      vertex 43.1235 28.6289 80.5028
      vertex 43.08 28.6404 80.5044
    endloop
  endfacet
  facet normal -0.2256 -0.900823 0.370974
    outer loop
      vertex 43.0254 28.1169 79.2
      vertex 43.08 28.6404 80.5044
      vertex 42.8541 28.1598 79.2
    endloop
  endfacet
  facet normal -0.229363 -0.899892 0.370928
    outer loop
      vertex 43.1235 28.6289 80.5028
      vertex 43.0254 28.1169 79.2
      vertex 43.1271 28.6279 80.5026
    endloop
  endfacet
  facet normal -0.0374505 0.382486 0.923202
    outer loop
      vertex 43.4 31.0371 84.1402
      vertex 43.2754 30.6264 84.3053
      vertex 43.4 30.6386 84.3053
    endloop
  endfacet
  facet normal 0.462407 -0.865156 0.194125
    outer loop
      vertex 44.5696 28.2495 82.8386
      vertex 44.2379 27.9773 82.4156
      vertex 44.6164 28.1796 82.4156
    endloop
  endfacet
  facet normal 0.151534 0.124193 0.980619
    outer loop
      vertex 43.8516 30.4516 84.3053
      vertex 43.5525 30.1525 84.3894
      vertex 43.5793 30.1198 84.3894
    endloop
  endfacet
  facet normal -0.01899 0.194995 0.98062
    outer loop
      vertex 43.4 30.2156 84.3894
      vertex 43.2754 30.6264 84.3053
      vertex 43.3579 30.2115 84.3894
    endloop
  endfacet
  facet normal 0.97624 0.0962691 -0.194134
    outer loop
      vertex 45.5053 30 81.5614
      vertex 45.4648 30.4107 81.5614
      vertex 45.5473 30.4271 81.9844
    endloop
  endfacet
  facet normal -0.634506 -0.772918 0
    outer loop
      vertex 41.8519 28.4519 81.9844
      vertex 42.1836 28.1796 82.4156
      vertex 41.8519 28.4519 82.4156
    endloop
  endfacet
  facet normal -0.634506 -0.772918 -0
    outer loop
      vertex 42.1836 28.1796 82.4156
      vertex 41.8519 28.4519 81.9844
      vertex 42.1836 28.1796 81.9844
    endloop
  endfacet
  facet normal 0.92004 0.0907271 0.381176
    outer loop
      vertex 45.4648 30.4107 82.8386
      vertex 45.3402 30 83.2371
      vertex 45.5053 30 82.8386
    endloop
  endfacet
  facet normal 0.643697 0.528313 -0.553661
    outer loop
      vertex 44.814 30.9448 80.8043
      vertex 44.7719 31.3719 81.1629
      vertex 45.0132 31.0779 81.1629
    endloop
  endfacet
  facet normal 0.64371 -0.528306 0.553652
    outer loop
      vertex 44.814 29.0552 83.5957
      vertex 44.6025 28.7975 83.5957
      vertex 44.7719 28.6281 83.2371
    endloop
  endfacet
  facet normal 0.39267 -0.734383 -0.553617
    outer loop
      vertex 44.1425 28.2075 81.1629
      vertex 44.0508 28.4288 80.8043
      vertex 44.3448 28.586 80.8043
    endloop
  endfacet
  facet normal -0.194995 -0.01899 0.98062
    outer loop
      vertex 43.1844 30 84.3894
      vertex 42.7736 29.8754 84.3053
      vertex 43.1885 29.9579 84.3894
    endloop
  endfacet
  facet normal -0.528302 0.643705 -0.553661
    outer loop
      vertex 42.4552 31.414 80.8043
      vertex 42.1975 31.2025 80.8043
      vertex 42.3221 31.6132 81.1629
    endloop
  endfacet
  facet normal 0.297052 0.243919 0.923181
    outer loop
      vertex 44.1333 30.7333 84.1402
      vertex 43.931 30.3548 84.3053
      vertex 44.2623 30.5762 84.1402
    endloop
  endfacet
  facet normal -0.241589 0.796967 0.553604
    outer loop
      vertex 43.0682 31.6679 83.5957
      vertex 42.6575 31.7925 83.2371
      vertex 42.7492 31.5712 83.5957
    endloop
  endfacet
  facet normal 0.938741 0.284799 -0.194048
    outer loop
      vertex 45.5473 30.4271 81.9844
      vertex 45.345 30.8057 81.5614
      vertex 45.4227 30.8378 81.9844
    endloop
  endfacet
  facet normal 0.796967 -0.241589 -0.553604
    outer loop
      vertex 45.1925 29.2575 81.1629
      vertex 44.9712 29.3492 80.8043
      vertex 45.0679 29.6682 80.8043
    endloop
  endfacet
  facet normal -0.0695151 0.705355 -0.705438
    outer loop
      vertex 43.4 31.7006 80.8043
      vertex 43.3963 31.3987 80.5028
      vertex 43.0682 31.6679 80.8043
    endloop
  endfacet
  facet normal -0.0762216 0.70505 -0.70505
    outer loop
      vertex 43.3963 31.3987 80.5028
      vertex 43.4 31.7006 80.8043
      vertex 43.4 31.3989 80.5026
    endloop
  endfacet
  facet normal -0.734388 0.392593 -0.553665
    outer loop
      vertex 41.986 30.9448 80.8043
      vertex 41.6075 30.7425 81.1629
      vertex 41.7868 31.0779 81.1629
    endloop
  endfacet
  facet normal -0.0923356 0.172777 0.980623
    outer loop
      vertex 43.1556 30.59 84.3053
      vertex 43.0452 30.531 84.3053
      vertex 43.3175 30.1992 84.3894
    endloop
  endfacet
  facet normal -0.194966 -0.0190897 0.980624
    outer loop
      vertex 43.1844 30 84.3894
      vertex 42.7614 30 84.3053
      vertex 42.7736 29.8754 84.3053
    endloop
  endfacet
  facet normal 0.151472 -0.124245 0.980622
    outer loop
      vertex 43.931 29.6452 84.3053
      vertex 43.5793 29.8802 84.3894
      vertex 43.8516 29.5484 84.3053
    endloop
  endfacet
  facet normal -0.920067 0.0906697 0.381125
    outer loop
      vertex 41.4971 30.3785 83.2371
      vertex 41.3352 30.4107 82.8386
      vertex 41.4598 30 83.2371
    endloop
  endfacet
  facet normal 0.678232 0.205698 0.705471
    outer loop
      vertex 45.0679 30.3318 83.5957
      vertex 44.6894 30.5341 83.9006
      vertex 44.7688 30.2723 83.9006
    endloop
  endfacet
  facet normal -0.815304 -0.43585 0.381201
    outer loop
      vertex 41.7868 28.9221 83.2371
      vertex 41.6075 29.2575 83.2371
      vertex 41.6495 28.8304 82.8386
    endloop
  endfacet
  facet normal 0.262634 0.491649 0.830244
    outer loop
      vertex 44.1754 31.1605 83.9006
      vertex 43.9341 31.2894 83.9006
      vertex 43.9762 30.8623 84.1402
    endloop
  endfacet
  facet normal 0.53345 0.161735 0.830225
    outer loop
      vertex 44.6894 30.5341 83.9006
      vertex 44.3581 30.3969 84.1402
      vertex 44.4171 30.2023 84.1402
    endloop
  endfacet
  facet normal -0.0816713 0.828701 0.5537
    outer loop
      vertex 43.4 31.9402 83.2371
      vertex 43.0682 31.6679 83.5957
      vertex 43.4 31.7006 83.5957
    endloop
  endfacet
  facet normal -0.97624 -0.0962691 0.194134
    outer loop
      vertex 41.2947 30 82.8386
      vertex 41.2527 29.5729 82.4156
      vertex 41.3352 29.5893 82.8386
    endloop
  endfacet
  facet normal -0.284731 0.938745 0.194128
    outer loop
      vertex 42.9729 32.1473 82.4156
      vertex 42.5621 32.0227 82.4156
      vertex 42.9893 32.0648 82.8386
    endloop
  endfacet
  facet normal 0.714623 0.586526 0.381185
    outer loop
      vertex 45.1505 31.1696 82.8386
      vertex 44.7719 31.3719 83.2371
      vertex 45.0132 31.0779 83.2371
    endloop
  endfacet
  facet normal 0.815359 -0.435799 0.381141
    outer loop
      vertex 45.1925 29.2575 83.2371
      vertex 45.1505 28.8304 82.8386
      vertex 45.345 29.1943 82.8386
    endloop
  endfacet
  facet normal -0.586518 -0.714614 -0.381213
    outer loop
      vertex 42.3221 28.3868 81.1629
      vertex 41.9114 28.5113 81.5614
      vertex 42.0281 28.6281 81.1629
    endloop
  endfacet
  facet normal 0.333985 -0.625217 0.705378
    outer loop
      vertex 44.1754 28.8395 83.9006
      vertex 43.9341 28.7106 83.9006
      vertex 44.3448 28.586 83.5957
    endloop
  endfacet
  facet normal 0.0378228 0.382578 0.923149
    outer loop
      vertex 43.6023 31.0171 84.1402
      vertex 43.4 31.0371 84.1402
      vertex 43.5246 30.6264 84.3053
    endloop
  endfacet
  facet normal -0.714572 0.586666 0.381065
    outer loop
      vertex 41.9114 31.4886 82.8386
      vertex 41.6495 31.1696 82.8386
      vertex 42.0281 31.3719 83.2371
    endloop
  endfacet
  facet normal -0.93875 -0.284715 -0.194128
    outer loop
      vertex 41.455 29.1943 81.5614
      vertex 41.2527 29.5729 81.9844
      vertex 41.3352 29.5893 81.5614
    endloop
  endfacet
  facet normal 0.161782 -0.533432 0.830227
    outer loop
      vertex 43.7969 29.0419 84.1402
      vertex 43.6723 28.6312 83.9006
      vertex 43.9341 28.7106 83.9006
    endloop
  endfacet
  facet normal -0.392593 -0.734388 0.553665
    outer loop
      vertex 42.4552 28.586 83.5957
      vertex 42.3221 28.3868 83.2371
      vertex 42.6575 28.2075 83.2371
    endloop
  endfacet
  facet normal -0.554721 0.0547999 0.83023
    outer loop
      vertex 42.0312 30.2723 83.9006
      vertex 42.0043 30 83.9006
      vertex 42.3629 30 84.1402
    endloop
  endfacet
  facet normal -0.554721 -0.0547999 0.83023
    outer loop
      vertex 42.3629 30 84.1402
      vertex 42.0043 30 83.9006
      vertex 42.0312 29.7277 83.9006
    endloop
  endfacet
  facet normal 0.243808 -0.297237 0.923151
    outer loop
      vertex 43.8516 29.5484 84.3053
      vertex 43.7548 29.469 84.3053
      vertex 44.1333 29.2667 84.1402
    endloop
  endfacet
  facet normal -0.462414 -0.865154 -0.194119
    outer loop
      vertex 42.5621 27.9773 81.9844
      vertex 42.2304 28.2495 81.5614
      vertex 42.5943 28.055 81.5614
    endloop
  endfacet
  facet normal -0.39267 -0.734383 -0.553617
    outer loop
      vertex 42.6575 28.2075 81.1629
      vertex 42.4552 28.586 80.8043
      vertex 42.7492 28.4288 80.8043
    endloop
  endfacet
  facet normal 0.75821 -0.622431 -0.194158
    outer loop
      vertex 45.2204 28.7836 81.9844
      vertex 44.9481 28.4519 81.9844
      vertex 45.1505 28.8304 81.5614
    endloop
  endfacet
  facet normal 0.241589 0.796967 0.553604
    outer loop
      vertex 44.1425 31.7925 83.2371
      vertex 43.7318 31.6679 83.5957
      vertex 44.0508 31.5712 83.5957
    endloop
  endfacet
  facet normal -0.297052 0.243919 0.923181
    outer loop
      vertex 42.6667 30.7333 84.1402
      vertex 42.5377 30.5762 84.1402
      vertex 42.869 30.3548 84.3053
    endloop
  endfacet
  facet normal -0.622468 0.75818 0.194157
    outer loop
      vertex 42.1836 31.8204 82.4156
      vertex 41.9114 31.4886 82.8386
      vertex 42.2304 31.7505 82.8386
    endloop
  endfacet
  facet normal -0.828702 0.081666 0.5537
    outer loop
      vertex 41.4971 30.3785 83.2371
      vertex 41.4598 30 83.2371
      vertex 41.6994 30 83.5957
    endloop
  endfacet
  facet normal 0.435799 0.815359 0.381141
    outer loop
      vertex 44.2057 31.945 82.8386
      vertex 44.1425 31.7925 83.2371
      vertex 44.5696 31.7505 82.8386
    endloop
  endfacet
  facet normal 0.297237 0.243808 0.923151
    outer loop
      vertex 44.1333 30.7333 84.1402
      vertex 43.8516 30.4516 84.3053
      vertex 43.931 30.3548 84.3053
    endloop
  endfacet
  facet normal 0.0695151 0.705355 -0.705438
    outer loop
      vertex 43.4037 31.3987 80.5028
      vertex 43.4 31.7006 80.8043
      vertex 43.7318 31.6679 80.8043
    endloop
  endfacet
  facet normal 0.0762216 0.70505 -0.70505
    outer loop
      vertex 43.4 31.7006 80.8043
      vertex 43.4037 31.3987 80.5028
      vertex 43.4 31.3989 80.5026
    endloop
  endfacet
  facet normal -0.622426 0.758203 0.194202
    outer loop
      vertex 42.1836 31.8204 82.4156
      vertex 41.8519 31.5481 82.4156
      vertex 41.9114 31.4886 82.8386
    endloop
  endfacet
  facet normal -0.622426 0.758203 -0.194202
    outer loop
      vertex 41.9114 31.4886 81.5614
      vertex 41.8519 31.5481 81.9844
      vertex 42.1836 31.8204 81.9844
    endloop
  endfacet
  facet normal -0.435799 -0.815359 -0.381141
    outer loop
      vertex 42.5943 28.055 81.5614
      vertex 42.2304 28.2495 81.5614
      vertex 42.6575 28.2075 81.1629
    endloop
  endfacet
  facet normal -0.586636 0.714535 -0.38118
    outer loop
      vertex 42.3221 31.6132 81.1629
      vertex 41.9114 31.4886 81.5614
      vertex 42.2304 31.7505 81.5614
    endloop
  endfacet
  facet normal 0.284716 0.938753 -0.194111
    outer loop
      vertex 44.2057 31.945 81.5614
      vertex 43.8107 32.0648 81.5614
      vertex 44.2379 32.0227 81.9844
    endloop
  endfacet
  facet normal 0.435799 0.815359 -0.381141
    outer loop
      vertex 44.5696 31.7505 81.5614
      vertex 44.1425 31.7925 81.1629
      vertex 44.2057 31.945 81.5614
    endloop
  endfacet
  facet normal 0.75821 0.622431 -0.194158
    outer loop
      vertex 45.1505 31.1696 81.5614
      vertex 44.9481 31.5481 81.9844
      vertex 45.2204 31.2164 81.9844
    endloop
  endfacet
  facet normal -0.367914 -0.111546 0.923145
    outer loop
      vertex 42.7736 29.8754 84.3053
      vertex 42.3829 29.7977 84.1402
      vertex 42.4419 29.6031 84.1402
    endloop
  endfacet
  facet normal 0.367866 0.111772 0.923137
    outer loop
      vertex 44.4171 30.2023 84.1402
      vertex 43.99 30.2444 84.3053
      vertex 44.0264 30.1246 84.3053
    endloop
  endfacet
  facet normal -0.382578 -0.0378228 0.923149
    outer loop
      vertex 42.7736 29.8754 84.3053
      vertex 42.3629 30 84.1402
      vertex 42.3829 29.7977 84.1402
    endloop
  endfacet
  facet normal -0.554698 -0.0548392 0.830242
    outer loop
      vertex 42.3629 30 84.1402
      vertex 42.0312 29.7277 83.9006
      vertex 42.3829 29.7977 84.1402
    endloop
  endfacet
  facet normal -0.334223 0.625074 0.705391
    outer loop
      vertex 42.7492 31.5712 83.5957
      vertex 42.4552 31.414 83.5957
      vertex 42.6246 31.1605 83.9006
    endloop
  endfacet
  facet normal -0.678214 0.20559 0.70552
    outer loop
      vertex 41.8288 30.6508 83.5957
      vertex 41.7321 30.3318 83.5957
      vertex 42.1106 30.5341 83.9006
    endloop
  endfacet
  facet normal -0.334182 -0.624996 -0.70548
    outer loop
      vertex 42.4552 28.586 80.8043
      vertex 42.626 28.835 80.5028
      vertex 42.7492 28.4288 80.8043
    endloop
  endfacet
  facet normal -0.314248 -0.636885 -0.704007
    outer loop
      vertex 42.626 28.835 80.5028
      vertex 42.4552 28.586 80.8043
      vertex 42.6228 28.8368 80.5026
    endloop
  endfacet
  facet normal 0.622431 -0.75821 -0.194158
    outer loop
      vertex 44.6164 28.1796 81.9844
      vertex 44.5696 28.2495 81.5614
      vertex 44.9481 28.4519 81.9844
    endloop
  endfacet
  facet normal -0.462407 -0.865156 -0.194125
    outer loop
      vertex 42.5621 27.9773 81.9844
      vertex 42.1836 28.1796 81.9844
      vertex 42.2304 28.2495 81.5614
    endloop
  endfacet
  facet normal -0.43585 -0.815304 -0.381201
    outer loop
      vertex 42.6575 28.2075 81.1629
      vertex 42.2304 28.2495 81.5614
      vertex 42.3221 28.3868 81.1629
    endloop
  endfacet
  facet normal -0.643697 -0.528313 0.553661
    outer loop
      vertex 41.986 29.0552 83.5957
      vertex 41.7868 28.9221 83.2371
      vertex 42.0281 28.6281 83.2371
    endloop
  endfacet
  facet normal 0.43585 -0.815304 -0.381201
    outer loop
      vertex 44.5696 28.2495 81.5614
      vertex 44.1425 28.2075 81.1629
      vertex 44.4779 28.3868 81.1629
    endloop
  endfacet
  facet normal -0.430788 -0.353734 0.830237
    outer loop
      vertex 42.5377 29.4238 84.1402
      vertex 42.2395 29.2246 83.9006
      vertex 42.6667 29.2667 84.1402
    endloop
  endfacet
  facet normal 0.622431 -0.75821 0.194158
    outer loop
      vertex 44.9481 28.4519 82.4156
      vertex 44.5696 28.2495 82.8386
      vertex 44.6164 28.1796 82.4156
    endloop
  endfacet
  facet normal -0.622448 -0.758229 0.194029
    outer loop
      vertex 41.9114 28.5113 82.8386
      vertex 41.8519 28.4519 82.4156
      vertex 42.1836 28.1796 82.4156
    endloop
  endfacet
  facet normal -0.26833 -0.884727 0.381127
    outer loop
      vertex 42.6575 28.2075 83.2371
      vertex 42.5943 28.055 82.8386
      vertex 42.9893 27.9352 82.8386
    endloop
  endfacet
  facet normal -0.865207 -0.462312 0.194123
    outer loop
      vertex 41.6495 28.8304 82.8386
      vertex 41.3773 29.1622 82.4156
      vertex 41.5796 28.7836 82.4156
    endloop
  endfacet
  facet normal -0.796967 -0.241589 0.553604
    outer loop
      vertex 41.7321 29.6682 83.5957
      vertex 41.6075 29.2575 83.2371
      vertex 41.8288 29.3492 83.5957
    endloop
  endfacet
  facet normal -0.758225 -0.622444 0.19406
    outer loop
      vertex 41.9114 28.5113 82.8386
      vertex 41.5796 28.7836 82.4156
      vertex 41.8519 28.4519 82.4156
    endloop
  endfacet
  facet normal 0.815359 0.435799 -0.381141
    outer loop
      vertex 45.1925 30.7425 81.1629
      vertex 45.1505 31.1696 81.5614
      vertex 45.345 30.8057 81.5614
    endloop
  endfacet
  facet normal 0.93875 -0.284715 -0.194128
    outer loop
      vertex 45.5473 29.5729 81.9844
      vertex 45.345 29.1943 81.5614
      vertex 45.4648 29.5893 81.5614
    endloop
  endfacet
  facet normal 0.714623 -0.586524 -0.381186
    outer loop
      vertex 44.8886 28.5113 81.5614
      vertex 44.7719 28.6281 81.1629
      vertex 45.1505 28.8304 81.5614
    endloop
  endfacet
  facet normal 0.865207 -0.462312 0.194123
    outer loop
      vertex 45.4227 29.1622 82.4156
      vertex 45.1505 28.8304 82.8386
      vertex 45.2204 28.7836 82.4156
    endloop
  endfacet
  facet normal 0.976251 -0.0962308 0.194096
    outer loop
      vertex 45.5894 30 82.4156
      vertex 45.5053 30 82.8386
      vertex 45.5473 29.5729 82.4156
    endloop
  endfacet
  facet normal 0.449713 -0.547894 0.705387
    outer loop
      vertex 44.3869 29.0131 83.9006
      vertex 44.1754 28.8395 83.9006
      vertex 44.3448 28.586 83.5957
    endloop
  endfacet
  facet normal 0.187437 -0.0569507 0.980624
    outer loop
      vertex 44.0264 29.8754 84.3053
      vertex 43.5992 29.9175 84.3894
      vertex 43.99 29.7556 84.3053
    endloop
  endfacet
  facet normal -0.0190897 0.194966 0.980624
    outer loop
      vertex 43.4 30.6386 84.3053
      vertex 43.2754 30.6264 84.3053
      vertex 43.4 30.2156 84.3894
    endloop
  endfacet
  facet normal -0.172831 0.0922073 0.980626
    outer loop
      vertex 43.2207 30.1198 84.3894
      vertex 42.81 30.2444 84.3053
      vertex 43.2008 30.0825 84.3894
    endloop
  endfacet
  facet normal 0.828699 0.0816658 0.553704
    outer loop
      vertex 45.3029 30.3785 83.2371
      vertex 45.0679 30.3318 83.5957
      vertex 45.3402 30 83.2371
    endloop
  endfacet
  facet normal 0.92004 -0.0907271 -0.381176
    outer loop
      vertex 45.4648 29.5893 81.5614
      vertex 45.3402 30 81.1629
      vertex 45.5053 30 81.5614
    endloop
  endfacet
  facet normal 0.622462 0.758173 0.194203
    outer loop
      vertex 44.9481 31.5481 82.4156
      vertex 44.5696 31.7505 82.8386
      vertex 44.8886 31.4886 82.8386
    endloop
  endfacet
  facet normal 0.205682 0.678181 0.705525
    outer loop
      vertex 44.0508 31.5712 83.5957
      vertex 43.6723 31.3688 83.9006
      vertex 43.9341 31.2894 83.9006
    endloop
  endfacet
  facet normal -0.828702 -0.081666 0.5537
    outer loop
      vertex 41.6994 30 83.5957
      vertex 41.4598 30 83.2371
      vertex 41.4971 29.6215 83.2371
    endloop
  endfacet
  facet normal -0.884728 0.26833 0.381123
    outer loop
      vertex 41.455 30.8057 82.8386
      vertex 41.3352 30.4107 82.8386
      vertex 41.4971 30.3785 83.2371
    endloop
  endfacet
  facet normal -0.586558 0.714663 0.38106
    outer loop
      vertex 42.3221 31.6132 83.2371
      vertex 41.9114 31.4886 82.8386
      vertex 42.0281 31.3719 83.2371
    endloop
  endfacet
  facet normal -0.705322 -0.0695119 0.70547
    outer loop
      vertex 42.0312 29.7277 83.9006
      vertex 41.6994 30 83.5957
      vertex 41.7321 29.6682 83.5957
    endloop
  endfacet
  facet normal -0.0816713 0.828701 -0.5537
    outer loop
      vertex 43.4 31.7006 80.8043
      vertex 43.0682 31.6679 80.8043
      vertex 43.4 31.9402 81.1629
    endloop
  endfacet
  facet normal -0.0816658 0.828699 0.553704
    outer loop
      vertex 43.4 31.9402 83.2371
      vertex 43.0215 31.9029 83.2371
      vertex 43.0682 31.6679 83.5957
    endloop
  endfacet
  facet normal -0.290253 0.95695 0
    outer loop
      vertex 42.9729 32.1473 81.9844
      vertex 42.5621 32.0227 82.4156
      vertex 42.9729 32.1473 82.4156
    endloop
  endfacet
  facet normal -0.290253 0.95695 0
    outer loop
      vertex 42.5621 32.0227 82.4156
      vertex 42.9729 32.1473 81.9844
      vertex 42.5621 32.0227 81.9844
    endloop
  endfacet
  facet normal -0.815304 0.43585 0.381201
    outer loop
      vertex 41.6495 31.1696 82.8386
      vertex 41.6075 30.7425 83.2371
      vertex 41.7868 31.0779 83.2371
    endloop
  endfacet
  facet normal -0.241589 0.796967 -0.553604
    outer loop
      vertex 42.7492 31.5712 80.8043
      vertex 42.6575 31.7925 81.1629
      vertex 43.0682 31.6679 80.8043
    endloop
  endfacet
  facet normal -0.553355 0.443715 -0.704922
    outer loop
      vertex 42.4083 30.9864 80.5028
      vertex 42.1975 31.2025 80.8043
      vertex 42.4108 30.9892 80.5026
    endloop
  endfacet
  facet normal -0.547911 0.449682 -0.705393
    outer loop
      vertex 42.1975 31.2025 80.8043
      vertex 42.4083 30.9864 80.5028
      vertex 41.986 30.9448 80.8043
    endloop
  endfacet
  facet normal 0.290253 0.95695 -0
    outer loop
      vertex 44.2379 32.0227 81.9844
      vertex 43.8271 32.1473 82.4156
      vertex 44.2379 32.0227 82.4156
    endloop
  endfacet
  facet normal 0.290253 0.95695 0
    outer loop
      vertex 43.8271 32.1473 82.4156
      vertex 44.2379 32.0227 81.9844
      vertex 43.8271 32.1473 81.9844
    endloop
  endfacet
  facet normal 0.443715 0.553355 -0.704922
    outer loop
      vertex 44.3864 30.9917 80.5028
      vertex 44.6025 31.2025 80.8043
      vertex 44.3892 30.9892 80.5026
    endloop
  endfacet
  facet normal 0.449682 0.547911 -0.705393
    outer loop
      vertex 44.6025 31.2025 80.8043
      vertex 44.3864 30.9917 80.5028
      vertex 44.3448 31.414 80.8043
    endloop
  endfacet
  facet normal 0.392593 0.734388 -0.553665
    outer loop
      vertex 44.3448 31.414 80.8043
      vertex 44.1425 31.7925 81.1629
      vertex 44.4779 31.6132 81.1629
    endloop
  endfacet
  facet normal -0.634506 0.772918 0
    outer loop
      vertex 42.1836 31.8204 81.9844
      vertex 41.8519 31.5481 82.4156
      vertex 42.1836 31.8204 82.4156
    endloop
  endfacet
  facet normal -0.634506 0.772918 0
    outer loop
      vertex 41.8519 31.5481 82.4156
      vertex 42.1836 31.8204 81.9844
      vertex 41.8519 31.5481 81.9844
    endloop
  endfacet
  facet normal -0.554698 0.0548392 0.830242
    outer loop
      vertex 42.3829 30.2023 84.1402
      vertex 42.0312 30.2723 83.9006
      vertex 42.3629 30 84.1402
    endloop
  endfacet
  facet normal -0.0570625 -0.187425 0.98062
    outer loop
      vertex 43.3175 29.8008 84.3894
      vertex 43.2754 29.3736 84.3053
      vertex 43.3579 29.7885 84.3894
    endloop
  endfacet
  facet normal -0.092226 0.172866 0.980618
    outer loop
      vertex 43.3175 30.1992 84.3894
      vertex 43.0452 30.531 84.3053
      vertex 43.2802 30.1793 84.3894
    endloop
  endfacet
  facet normal -0.151472 0.124245 0.980622
    outer loop
      vertex 42.9484 30.4516 84.3053
      vertex 42.869 30.3548 84.3053
      vertex 43.2207 30.1198 84.3894
    endloop
  endfacet
  facet normal -0.75818 0.622468 0.194157
    outer loop
      vertex 41.9114 31.4886 82.8386
      vertex 41.5796 31.2164 82.4156
      vertex 41.6495 31.1696 82.8386
    endloop
  endfacet
  facet normal -0.0696751 0.705298 0.705478
    outer loop
      vertex 43.4 31.3957 83.9006
      vertex 43.0682 31.6679 83.5957
      vertex 43.1277 31.3688 83.9006
    endloop
  endfacet
  facet normal -0.462414 0.865154 0.194119
    outer loop
      vertex 42.5621 32.0227 82.4156
      vertex 42.2304 31.7505 82.8386
      vertex 42.5943 31.945 82.8386
    endloop
  endfacet
  facet normal -0.462407 0.865156 0.194125
    outer loop
      vertex 42.5621 32.0227 82.4156
      vertex 42.1836 31.8204 82.4156
      vertex 42.2304 31.7505 82.8386
    endloop
  endfacet
  facet normal -0.734388 0.392593 0.553665
    outer loop
      vertex 41.7868 31.0779 83.2371
      vertex 41.6075 30.7425 83.2371
      vertex 41.986 30.9448 83.5957
    endloop
  endfacet
  facet normal -0.528302 0.643705 0.553661
    outer loop
      vertex 42.3221 31.6132 83.2371
      vertex 42.1975 31.2025 83.5957
      vertex 42.4552 31.414 83.5957
    endloop
  endfacet
  facet normal 0.0962698 -0.976247 -0.194096
    outer loop
      vertex 43.8107 27.9352 81.5614
      vertex 43.4 27.8106 81.9844
      vertex 43.4 27.8947 81.5614
    endloop
  endfacet
  facet normal -0.26833 -0.884727 -0.381127
    outer loop
      vertex 42.9893 27.9352 81.5614
      vertex 42.5943 28.055 81.5614
      vertex 42.6575 28.2075 81.1629
    endloop
  endfacet
  facet normal -0.64371 -0.528306 -0.553652
    outer loop
      vertex 42.0281 28.6281 81.1629
      vertex 41.986 29.0552 80.8043
      vertex 42.1975 28.7975 80.8043
    endloop
  endfacet
  facet normal -0.938741 0.284799 -0.194048
    outer loop
      vertex 41.455 30.8057 81.5614
      vertex 41.2527 30.4271 81.9844
      vertex 41.3773 30.8378 81.9844
    endloop
  endfacet
  facet normal -0.881985 -0.471277 0
    outer loop
      vertex 41.5796 28.7836 81.9844
      vertex 41.3773 29.1622 82.4156
      vertex 41.3773 29.1622 81.9844
    endloop
  endfacet
  facet normal -0.881985 -0.471277 0
    outer loop
      vertex 41.3773 29.1622 82.4156
      vertex 41.5796 28.7836 81.9844
      vertex 41.5796 28.7836 82.4156
    endloop
  endfacet
  facet normal -0.449353 -0.548278 -0.705318
    outer loop
      vertex 42.4774 28.9521 80.5058
      vertex 42.1975 28.7975 80.8043
      vertex 42.4108 29.0108 80.5026
    endloop
  endfacet
  facet normal -0.449806 -0.547726 -0.705458
    outer loop
      vertex 42.5137 28.9201 80.5075
      vertex 42.1975 28.7975 80.8043
      vertex 42.4774 28.9521 80.5058
    endloop
  endfacet
  facet normal -0.449053 -0.548802 -0.705101
    outer loop
      vertex 42.5523 28.8907 80.5058
      vertex 42.1975 28.7975 80.8043
      vertex 42.5137 28.9201 80.5075
    endloop
  endfacet
  facet normal -0.449859 -0.547453 -0.705636
    outer loop
      vertex 42.1975 28.7975 80.8043
      vertex 42.5523 28.8907 80.5058
      vertex 42.6198 28.8391 80.5028
    endloop
  endfacet
  facet normal 0.243919 0.297052 0.923181
    outer loop
      vertex 43.9762 30.8623 84.1402
      vertex 43.7548 30.531 84.3053
      vertex 44.1333 30.7333 84.1402
    endloop
  endfacet
  facet normal 0.241589 -0.796967 0.553604
    outer loop
      vertex 44.0508 28.4288 83.5957
      vertex 43.7318 28.3321 83.5957
      vertex 44.1425 28.2075 83.2371
    endloop
  endfacet
  facet normal 0.0696751 -0.705298 0.705478
    outer loop
      vertex 43.6723 28.6312 83.9006
      vertex 43.4 28.6043 83.9006
      vertex 43.7318 28.3321 83.5957
    endloop
  endfacet
  facet normal -0.0980963 -0.995177 0
    outer loop
      vertex 42.9729 27.8527 81.9844
      vertex 43.4 27.8106 82.4156
      vertex 42.9729 27.8527 82.4156
    endloop
  endfacet
  facet normal -0.0980963 -0.995177 -0
    outer loop
      vertex 43.4 27.8106 82.4156
      vertex 42.9729 27.8527 81.9844
      vertex 43.4 27.8106 81.9844
    endloop
  endfacet
  facet normal 0.26833 -0.884727 0.381127
    outer loop
      vertex 44.1425 28.2075 83.2371
      vertex 43.8107 27.9352 82.8386
      vertex 44.2057 28.055 82.8386
    endloop
  endfacet
  facet normal -0.462407 -0.865156 0.194125
    outer loop
      vertex 42.2304 28.2495 82.8386
      vertex 42.1836 28.1796 82.4156
      vertex 42.5621 27.9773 82.4156
    endloop
  endfacet
  facet normal -0.815359 -0.435799 0.381141
    outer loop
      vertex 41.6075 29.2575 83.2371
      vertex 41.455 29.1943 82.8386
      vertex 41.6495 28.8304 82.8386
    endloop
  endfacet
  facet normal -0.24169 -0.796877 0.55369
    outer loop
      vertex 43.0682 28.3321 83.5957
      vertex 42.6575 28.2075 83.2371
      vertex 43.0215 28.0971 83.2371
    endloop
  endfacet
  facet normal 0.0547983 -0.554705 0.830241
    outer loop
      vertex 43.6023 28.9829 84.1402
      vertex 43.4 28.6043 83.9006
      vertex 43.6723 28.6312 83.9006
    endloop
  endfacet
  facet normal -0.884728 -0.26833 0.381123
    outer loop
      vertex 41.4971 29.6215 83.2371
      vertex 41.3352 29.5893 82.8386
      vertex 41.455 29.1943 82.8386
    endloop
  endfacet
  facet normal -0.796877 -0.24169 0.55369
    outer loop
      vertex 41.7321 29.6682 83.5957
      vertex 41.4971 29.6215 83.2371
      vertex 41.6075 29.2575 83.2371
    endloop
  endfacet
  facet normal -0.205603 -0.678256 0.705476
    outer loop
      vertex 43.1277 28.6312 83.9006
      vertex 42.7492 28.4288 83.5957
      vertex 43.0682 28.3321 83.5957
    endloop
  endfacet
  facet normal -0.533413 -0.161776 0.83024
    outer loop
      vertex 42.3829 29.7977 84.1402
      vertex 42.0312 29.7277 83.9006
      vertex 42.1106 29.4659 83.9006
    endloop
  endfacet
  facet normal 0.39267 0.734383 -0.553617
    outer loop
      vertex 44.3448 31.414 80.8043
      vertex 44.0508 31.5712 80.8043
      vertex 44.1425 31.7925 81.1629
    endloop
  endfacet
  facet normal 0.528302 -0.643705 -0.553661
    outer loop
      vertex 44.4779 28.3868 81.1629
      vertex 44.3448 28.586 80.8043
      vertex 44.6025 28.7975 80.8043
    endloop
  endfacet
  facet normal 0.622431 0.75821 -0.194158
    outer loop
      vertex 44.9481 31.5481 81.9844
      vertex 44.5696 31.7505 81.5614
      vertex 44.6164 31.8204 81.9844
    endloop
  endfacet
  facet normal 0.884728 -0.26833 -0.381123
    outer loop
      vertex 45.345 29.1943 81.5614
      vertex 45.3029 29.6215 81.1629
      vertex 45.4648 29.5893 81.5614
    endloop
  endfacet
  facet normal 0.449675 -0.547902 0.705404
    outer loop
      vertex 44.3869 29.0131 83.9006
      vertex 44.3448 28.586 83.5957
      vertex 44.6025 28.7975 83.5957
    endloop
  endfacet
  facet normal 0.97624 -0.0962691 0.194134
    outer loop
      vertex 45.5053 30 82.8386
      vertex 45.4648 29.5893 82.8386
      vertex 45.5473 29.5729 82.4156
    endloop
  endfacet
  facet normal 0.533413 -0.161776 0.83024
    outer loop
      vertex 44.7688 29.7277 83.9006
      vertex 44.4171 29.7977 84.1402
      vertex 44.6894 29.4659 83.9006
    endloop
  endfacet
  facet normal 0.93875 -0.284715 0.194128
    outer loop
      vertex 45.4648 29.5893 82.8386
      vertex 45.345 29.1943 82.8386
      vertex 45.5473 29.5729 82.4156
    endloop
  endfacet
  facet normal 0.758291 -0.622364 0.194058
    outer loop
      vertex 45.1505 28.8304 82.8386
      vertex 44.8886 28.5113 82.8386
      vertex 44.9481 28.4519 82.4156
    endloop
  endfacet
  facet normal 0.815359 -0.435799 -0.381141
    outer loop
      vertex 45.345 29.1943 81.5614
      vertex 45.1505 28.8304 81.5614
      vertex 45.1925 29.2575 81.1629
    endloop
  endfacet
  facet normal -0.0816658 -0.828699 -0.553704
    outer loop
      vertex 43.4 28.0598 81.1629
      vertex 43.0215 28.0971 81.1629
      vertex 43.0682 28.3321 80.8043
    endloop
  endfacet
  facet normal 0.758291 -0.622364 -0.194058
    outer loop
      vertex 44.9481 28.4519 81.9844
      vertex 44.8886 28.5113 81.5614
      vertex 45.1505 28.8304 81.5614
    endloop
  endfacet
  facet normal 0.187425 0.0570625 0.98062
    outer loop
      vertex 44.0264 30.1246 84.3053
      vertex 43.5992 30.0825 84.3894
      vertex 43.6115 30.0421 84.3894
    endloop
  endfacet
  facet normal 0.382486 0.0374505 0.923202
    outer loop
      vertex 44.4371 30 84.1402
      vertex 44.0264 30.1246 84.3053
      vertex 44.0386 30 84.3053
    endloop
  endfacet
  facet normal 0.111546 -0.367914 0.923145
    outer loop
      vertex 43.7969 29.0419 84.1402
      vertex 43.5246 29.3736 84.3053
      vertex 43.6023 28.9829 84.1402
    endloop
  endfacet
  facet normal -0.39267 0.734383 0.553617
    outer loop
      vertex 42.6575 31.7925 83.2371
      vertex 42.4552 31.414 83.5957
      vertex 42.7492 31.5712 83.5957
    endloop
  endfacet
  facet normal 0.187437 0.0569507 0.980624
    outer loop
      vertex 43.99 30.2444 84.3053
      vertex 43.5992 30.0825 84.3894
      vertex 44.0264 30.1246 84.3053
    endloop
  endfacet
  facet normal 0.533413 0.161776 0.83024
    outer loop
      vertex 44.6894 30.5341 83.9006
      vertex 44.4171 30.2023 84.1402
      vertex 44.7688 30.2723 83.9006
    endloop
  endfacet
  facet normal 0.828701 0.0816713 0.5537
    outer loop
      vertex 45.3402 30 83.2371
      vertex 45.0679 30.3318 83.5957
      vertex 45.1006 30 83.5957
    endloop
  endfacet
  facet normal -0.920067 -0.0906697 0.381125
    outer loop
      vertex 41.4598 30 83.2371
      vertex 41.3352 29.5893 82.8386
      vertex 41.4971 29.6215 83.2371
    endloop
  endfacet
  facet normal -0.93875 -0.284715 0.194128
    outer loop
      vertex 41.3352 29.5893 82.8386
      vertex 41.2527 29.5729 82.4156
      vertex 41.455 29.1943 82.8386
    endloop
  endfacet
  facet normal -0.705388 0.0696839 0.705388
    outer loop
      vertex 42.0312 30.2723 83.9006
      vertex 41.6994 30 83.5957
      vertex 42.0043 30 83.9006
    endloop
  endfacet
  facet normal -0.705388 -0.0696839 0.705388
    outer loop
      vertex 42.0043 30 83.9006
      vertex 41.6994 30 83.5957
      vertex 42.0312 29.7277 83.9006
    endloop
  endfacet
  facet normal -0.26833 0.884727 -0.381127
    outer loop
      vertex 42.6575 31.7925 81.1629
      vertex 42.5943 31.945 81.5614
      vertex 42.9893 32.0648 81.5614
    endloop
  endfacet
  facet normal -0.64371 0.528306 -0.553652
    outer loop
      vertex 42.1975 31.2025 80.8043
      vertex 41.986 30.9448 80.8043
      vertex 42.0281 31.3719 81.1629
    endloop
  endfacet
  facet normal -0.39267 0.734383 -0.553617
    outer loop
      vertex 42.7492 31.5712 80.8043
      vertex 42.4552 31.414 80.8043
      vertex 42.6575 31.7925 81.1629
    endloop
  endfacet
  facet normal -0.772918 0.634506 0
    outer loop
      vertex 41.5796 31.2164 81.9844
      vertex 41.8519 31.5481 82.4156
      vertex 41.8519 31.5481 81.9844
    endloop
  endfacet
  facet normal -0.772918 0.634506 0
    outer loop
      vertex 41.8519 31.5481 82.4156
      vertex 41.5796 31.2164 81.9844
      vertex 41.5796 31.2164 82.4156
    endloop
  endfacet
  facet normal -0.284731 0.938745 -0.194128
    outer loop
      vertex 42.9893 32.0648 81.5614
      vertex 42.5621 32.0227 81.9844
      vertex 42.9729 32.1473 81.9844
    endloop
  endfacet
  facet normal -0.865207 0.462312 0.194123
    outer loop
      vertex 41.5796 31.2164 82.4156
      vertex 41.3773 30.8378 82.4156
      vertex 41.6495 31.1696 82.8386
    endloop
  endfacet
  facet normal -0.995177 0.0980963 0
    outer loop
      vertex 41.2106 30 81.9844
      vertex 41.2527 30.4271 82.4156
      vertex 41.2527 30.4271 81.9844
    endloop
  endfacet
  facet normal -0.995177 0.0980963 0
    outer loop
      vertex 41.2527 30.4271 82.4156
      vertex 41.2106 30 81.9844
      vertex 41.2106 30 82.4156
    endloop
  endfacet
  facet normal -0.714623 0.586526 0.381185
    outer loop
      vertex 42.0281 31.3719 83.2371
      vertex 41.6495 31.1696 82.8386
      vertex 41.7868 31.0779 83.2371
    endloop
  endfacet
  facet normal -0.586636 0.714535 0.38118
    outer loop
      vertex 42.2304 31.7505 82.8386
      vertex 41.9114 31.4886 82.8386
      vertex 42.3221 31.6132 83.2371
    endloop
  endfacet
  facet normal -0.528316 -0.643701 -0.553652
    outer loop
      vertex 42.3221 28.3868 81.1629
      vertex 42.0281 28.6281 81.1629
      vertex 42.1975 28.7975 80.8043
    endloop
  endfacet
  facet normal -0.0962698 0.976247 0.194096
    outer loop
      vertex 43.4 32.1894 82.4156
      vertex 42.9893 32.0648 82.8386
      vertex 43.4 32.1053 82.8386
    endloop
  endfacet
  facet normal -0.0907271 0.92004 0.381176
    outer loop
      vertex 43.4 32.1053 82.8386
      vertex 42.9893 32.0648 82.8386
      vertex 43.4 31.9402 83.2371
    endloop
  endfacet
  facet normal 0.995177 0.0980963 0
    outer loop
      vertex 45.5894 30 82.4156
      vertex 45.5473 30.4271 81.9844
      vertex 45.5473 30.4271 82.4156
    endloop
  endfacet
  facet normal 0.995177 0.0980963 0
    outer loop
      vertex 45.5473 30.4271 81.9844
      vertex 45.5894 30 82.4156
      vertex 45.5894 30 81.9844
    endloop
  endfacet
  facet normal 0.865172 0.462424 -0.194013
    outer loop
      vertex 45.345 30.8057 81.5614
      vertex 45.1505 31.1696 81.5614
      vertex 45.4227 30.8378 81.9844
    endloop
  endfacet
  facet normal 0.0816713 0.828701 -0.5537
    outer loop
      vertex 43.7318 31.6679 80.8043
      vertex 43.4 31.7006 80.8043
      vertex 43.4 31.9402 81.1629
    endloop
  endfacet
  facet normal 0.0906697 0.920067 -0.381125
    outer loop
      vertex 43.7785 31.9029 81.1629
      vertex 43.4 31.9402 81.1629
      vertex 43.8107 32.0648 81.5614
    endloop
  endfacet
  facet normal 0.268335 0.884727 -0.381123
    outer loop
      vertex 44.1425 31.7925 81.1629
      vertex 43.7785 31.9029 81.1629
      vertex 43.8107 32.0648 81.5614
    endloop
  endfacet
  facet normal 0.333514 0.625561 -0.705296
    outer loop
      vertex 44.1005 31.2077 80.5058
      vertex 44.3448 31.414 80.8043
      vertex 44.1772 31.1632 80.5026
    endloop
  endfacet
  facet normal 0.333426 0.625633 -0.705273
    outer loop
      vertex 44.0585 31.232 80.5075
      vertex 44.3448 31.414 80.8043
      vertex 44.1005 31.2077 80.5058
    endloop
  endfacet
  facet normal 0.334395 0.624704 -0.705638
    outer loop
      vertex 43.9791 31.271 80.5044
      vertex 44.3448 31.414 80.8043
      vertex 44.0585 31.232 80.5075
    endloop
  endfacet
  facet normal 0.334217 0.624925 -0.705527
    outer loop
      vertex 44.3448 31.414 80.8043
      vertex 43.9791 31.271 80.5044
      vertex 43.9387 31.2908 80.5028
    endloop
  endfacet
  facet normal -0.0962698 0.976247 -0.194096
    outer loop
      vertex 43.4 32.1053 81.5614
      vertex 42.9893 32.0648 81.5614
      vertex 43.4 32.1894 81.9844
    endloop
  endfacet
  facet normal -0.0907271 0.92004 -0.381176
    outer loop
      vertex 43.4 31.9402 81.1629
      vertex 42.9893 32.0648 81.5614
      vertex 43.4 32.1053 81.5614
    endloop
  endfacet
  facet normal 0.334175 0.624984 -0.705494
    outer loop
      vertex 43.9387 31.2908 80.5028
      vertex 44.0508 31.5712 80.8043
      vertex 44.3448 31.414 80.8043
    endloop
  endfacet
  facet normal 0.358604 0.613322 -0.703732
    outer loop
      vertex 43.9354 31.2925 80.5026
      vertex 44.0508 31.5712 80.8043
      vertex 43.9387 31.2908 80.5028
    endloop
  endfacet
  facet normal 0 0.734551 -0.678553
    outer loop
      vertex 44.0508 31.5712 80.8043
      vertex 43.9354 31.2925 80.5026
      vertex 43.9353 31.2925 80.5026
    endloop
  endfacet
  facet normal -0.268335 0.884727 -0.381123
    outer loop
      vertex 43.0215 31.9029 81.1629
      vertex 42.6575 31.7925 81.1629
      vertex 42.9893 32.0648 81.5614
    endloop
  endfacet
  facet normal -0.226099 0.673133 -0.70411
    outer loop
      vertex 43.1235 31.3711 80.5028
      vertex 43.0682 31.6679 80.8043
      vertex 43.1271 31.3721 80.5026
    endloop
  endfacet
  facet normal -0.205615 0.678295 -0.705435
    outer loop
      vertex 43.0682 31.6679 80.8043
      vertex 43.1235 31.3711 80.5028
      vertex 42.7492 31.5712 80.8043
    endloop
  endfacet
  facet normal 0.884725 0.268334 -0.381127
    outer loop
      vertex 45.3029 30.3785 81.1629
      vertex 45.1925 30.7425 81.1629
      vertex 45.345 30.8057 81.5614
    endloop
  endfacet
  facet normal -0.382486 0.0374505 0.923202
    outer loop
      vertex 42.7736 30.1246 84.3053
      vertex 42.3629 30 84.1402
      vertex 42.7614 30 84.3053
    endloop
  endfacet
  facet normal -0.382486 -0.0374505 0.923202
    outer loop
      vertex 42.7614 30 84.3053
      vertex 42.3629 30 84.1402
      vertex 42.7736 29.8754 84.3053
    endloop
  endfacet
  facet normal -0.161782 0.533432 0.830227
    outer loop
      vertex 43.1277 31.3688 83.9006
      vertex 42.8659 31.2894 83.9006
      vertex 43.0031 30.9581 84.1402
    endloop
  endfacet
  facet normal -0.528316 0.643701 0.553652
    outer loop
      vertex 42.3221 31.6132 83.2371
      vertex 42.0281 31.3719 83.2371
      vertex 42.1975 31.2025 83.5957
    endloop
  endfacet
  facet normal -0.0378228 -0.382578 0.923149
    outer loop
      vertex 43.2754 29.3736 84.3053
      vertex 43.1977 28.9829 84.1402
      vertex 43.4 28.9629 84.1402
    endloop
  endfacet
  facet normal -0.194966 0.0190897 0.980624
    outer loop
      vertex 42.7736 30.1246 84.3053
      vertex 42.7614 30 84.3053
      vertex 43.1844 30 84.3894
    endloop
  endfacet
  facet normal -0.243919 0.297052 0.923181
    outer loop
      vertex 42.8238 30.8623 84.1402
      vertex 42.6667 30.7333 84.1402
      vertex 43.0452 30.531 84.3053
    endloop
  endfacet
  facet normal -0.36777 0.111743 0.923179
    outer loop
      vertex 42.81 30.2444 84.3053
      vertex 42.4419 30.3969 84.1402
      vertex 42.7736 30.1246 84.3053
    endloop
  endfacet
  facet normal -0.0906697 0.920067 0.381125
    outer loop
      vertex 43.4 31.9402 83.2371
      vertex 42.9893 32.0648 82.8386
      vertex 43.0215 31.9029 83.2371
    endloop
  endfacet
  facet normal -0.0695191 0.705396 0.705396
    outer loop
      vertex 43.4 31.7006 83.5957
      vertex 43.0682 31.6679 83.5957
      vertex 43.4 31.3957 83.9006
    endloop
  endfacet
  facet normal -0.181133 0.339011 0.923181
    outer loop
      vertex 43.0031 30.9581 84.1402
      vertex 42.8238 30.8623 84.1402
      vertex 43.0452 30.531 84.3053
    endloop
  endfacet
  facet normal -0.0547983 0.554705 0.830241
    outer loop
      vertex 43.4 31.3957 83.9006
      vertex 43.1277 31.3688 83.9006
      vertex 43.1977 31.0171 84.1402
    endloop
  endfacet
  facet normal -0.43585 0.815304 0.381201
    outer loop
      vertex 42.6575 31.7925 83.2371
      vertex 42.2304 31.7505 82.8386
      vertex 42.3221 31.6132 83.2371
    endloop
  endfacet
  facet normal -0.435799 0.815359 0.381141
    outer loop
      vertex 42.5943 31.945 82.8386
      vertex 42.2304 31.7505 82.8386
      vertex 42.6575 31.7925 83.2371
    endloop
  endfacet
  facet normal -0.392593 0.734388 0.553665
    outer loop
      vertex 42.6575 31.7925 83.2371
      vertex 42.3221 31.6132 83.2371
      vertex 42.4552 31.414 83.5957
    endloop
  endfacet
  facet normal -0.205603 0.678256 0.705476
    outer loop
      vertex 43.0682 31.6679 83.5957
      vertex 42.7492 31.5712 83.5957
      vertex 43.1277 31.3688 83.9006
    endloop
  endfacet
  facet normal -0.53345 0.161735 0.830225
    outer loop
      vertex 42.4419 30.3969 84.1402
      vertex 42.1106 30.5341 83.9006
      vertex 42.3829 30.2023 84.1402
    endloop
  endfacet
  facet normal -0.643697 0.528313 0.553661
    outer loop
      vertex 42.0281 31.3719 83.2371
      vertex 41.7868 31.0779 83.2371
      vertex 41.986 30.9448 83.5957
    endloop
  endfacet
  facet normal -0.449685 0.547914 0.705389
    outer loop
      vertex 42.4552 31.414 83.5957
      vertex 42.1975 31.2025 83.5957
      vertex 42.6246 31.1605 83.9006
    endloop
  endfacet
  facet normal -0.64371 0.528306 0.553652
    outer loop
      vertex 42.0281 31.3719 83.2371
      vertex 41.986 30.9448 83.5957
      vertex 42.1975 31.2025 83.5957
    endloop
  endfacet
  facet normal -0.758203 0.622426 0.194202
    outer loop
      vertex 41.8519 31.5481 82.4156
      vertex 41.5796 31.2164 82.4156
      vertex 41.9114 31.4886 82.8386
    endloop
  endfacet
  facet normal -0.95693 0.290318 0
    outer loop
      vertex 41.2527 30.4271 81.9844
      vertex 41.3773 30.8378 82.4156
      vertex 41.3773 30.8378 81.9844
    endloop
  endfacet
  facet normal -0.95693 0.290318 0
    outer loop
      vertex 41.3773 30.8378 82.4156
      vertex 41.2527 30.4271 81.9844
      vertex 41.2527 30.4271 82.4156
    endloop
  endfacet
  facet normal 0.268335 -0.884727 -0.381123
    outer loop
      vertex 43.8107 27.9352 81.5614
      vertex 43.7785 28.0971 81.1629
      vertex 44.1425 28.2075 81.1629
    endloop
  endfacet
  facet normal 0.734388 -0.392593 -0.553665
    outer loop
      vertex 45.0132 28.9221 81.1629
      vertex 44.814 29.0552 80.8043
      vertex 45.1925 29.2575 81.1629
    endloop
  endfacet
  facet normal -0.0695151 -0.705355 -0.705438
    outer loop
      vertex 43.3963 28.6013 80.5028
      vertex 43.4 28.2994 80.8043
      vertex 43.0682 28.3321 80.8043
    endloop
  endfacet
  facet normal -0.0762216 -0.70505 -0.70505
    outer loop
      vertex 43.4 28.2994 80.8043
      vertex 43.3963 28.6013 80.5028
      vertex 43.4 28.6011 80.5026
    endloop
  endfacet
  facet normal 0.462407 -0.865156 -0.194125
    outer loop
      vertex 44.6164 28.1796 81.9844
      vertex 44.2379 27.9773 81.9844
      vertex 44.5696 28.2495 81.5614
    endloop
  endfacet
  facet normal -0.714572 0.586666 -0.381065
    outer loop
      vertex 42.0281 31.3719 81.1629
      vertex 41.6495 31.1696 81.5614
      vertex 41.9114 31.4886 81.5614
    endloop
  endfacet
  facet normal -0.815304 0.43585 -0.381201
    outer loop
      vertex 41.7868 31.0779 81.1629
      vertex 41.6075 30.7425 81.1629
      vertex 41.6495 31.1696 81.5614
    endloop
  endfacet
  facet normal -0.758275 -0.622351 -0.194159
    outer loop
      vertex 41.9114 28.5113 81.5614
      vertex 41.5796 28.7836 81.9844
      vertex 41.6495 28.8304 81.5614
    endloop
  endfacet
  facet normal -0.97624 0.0962691 -0.194134
    outer loop
      vertex 41.2947 30 81.5614
      vertex 41.2527 30.4271 81.9844
      vertex 41.3352 30.4107 81.5614
    endloop
  endfacet
  facet normal -0.772918 -0.634506 0
    outer loop
      vertex 41.8519 28.4519 81.9844
      vertex 41.5796 28.7836 82.4156
      vertex 41.5796 28.7836 81.9844
    endloop
  endfacet
  facet normal -0.772918 -0.634506 0
    outer loop
      vertex 41.5796 28.7836 82.4156
      vertex 41.8519 28.4519 81.9844
      vertex 41.8519 28.4519 82.4156
    endloop
  endfacet
  facet normal -0.938741 -0.284799 -0.194048
    outer loop
      vertex 41.3773 29.1622 81.9844
      vertex 41.2527 29.5729 81.9844
      vertex 41.455 29.1943 81.5614
    endloop
  endfacet
  facet normal -0.714623 -0.586524 -0.381186
    outer loop
      vertex 41.9114 28.5113 81.5614
      vertex 41.6495 28.8304 81.5614
      vertex 42.0281 28.6281 81.1629
    endloop
  endfacet
  facet normal -0.622326 -0.758296 -0.19416
    outer loop
      vertex 42.1836 28.1796 81.9844
      vertex 41.9114 28.5113 81.5614
      vertex 42.2304 28.2495 81.5614
    endloop
  endfacet
  facet normal -0.53345 -0.161735 0.830225
    outer loop
      vertex 42.3829 29.7977 84.1402
      vertex 42.1106 29.4659 83.9006
      vertex 42.4419 29.6031 84.1402
    endloop
  endfacet
  facet normal 0.194966 -0.0189872 0.980626
    outer loop
      vertex 43.6156 30 84.3894
      vertex 43.6115 29.9579 84.3894
      vertex 44.0386 30 84.3053
    endloop
  endfacet
  facet normal -0.0569507 0.187437 0.980624
    outer loop
      vertex 43.2754 30.6264 84.3053
      vertex 43.1556 30.59 84.3053
      vertex 43.3175 30.1992 84.3894
    endloop
  endfacet
  facet normal -0.124179 0.151517 0.980623
    outer loop
      vertex 43.2802 30.1793 84.3894
      vertex 43.0452 30.531 84.3053
      vertex 43.2475 30.1525 84.3894
    endloop
  endfacet
  facet normal 0.205603 -0.678256 0.705476
    outer loop
      vertex 44.0508 28.4288 83.5957
      vertex 43.6723 28.6312 83.9006
      vertex 43.7318 28.3321 83.5957
    endloop
  endfacet
  facet normal -0.284731 -0.938745 0.194128
    outer loop
      vertex 42.9893 27.9352 82.8386
      vertex 42.5621 27.9773 82.4156
      vertex 42.9729 27.8527 82.4156
    endloop
  endfacet
  facet normal -0.39267 -0.734383 0.553617
    outer loop
      vertex 42.7492 28.4288 83.5957
      vertex 42.4552 28.586 83.5957
      vertex 42.6575 28.2075 83.2371
    endloop
  endfacet
  facet normal -0.0816658 -0.828699 0.553704
    outer loop
      vertex 43.0682 28.3321 83.5957
      vertex 43.0215 28.0971 83.2371
      vertex 43.4 28.0598 83.2371
    endloop
  endfacet
  facet normal -0.392593 -0.734388 -0.553665
    outer loop
      vertex 42.6575 28.2075 81.1629
      vertex 42.3221 28.3868 81.1629
      vertex 42.4552 28.586 80.8043
    endloop
  endfacet
  facet normal -0.471374 -0.881933 0
    outer loop
      vertex 42.1836 28.1796 81.9844
      vertex 42.5621 27.9773 82.4156
      vertex 42.1836 28.1796 82.4156
    endloop
  endfacet
  facet normal -0.471374 -0.881933 -0
    outer loop
      vertex 42.5621 27.9773 82.4156
      vertex 42.1836 28.1796 81.9844
      vertex 42.5621 27.9773 81.9844
    endloop
  endfacet
  facet normal -0.622326 -0.758296 0.19416
    outer loop
      vertex 42.2304 28.2495 82.8386
      vertex 41.9114 28.5113 82.8386
      vertex 42.1836 28.1796 82.4156
    endloop
  endfacet
  facet normal -0.547902 -0.449675 0.705404
    outer loop
      vertex 42.4131 29.0131 83.9006
      vertex 41.986 29.0552 83.5957
      vertex 42.1975 28.7975 83.5957
    endloop
  endfacet
  facet normal -0.528302 -0.643705 0.553661
    outer loop
      vertex 42.4552 28.586 83.5957
      vertex 42.1975 28.7975 83.5957
      vertex 42.3221 28.3868 83.2371
    endloop
  endfacet
  facet normal -0.586518 -0.714614 0.381213
    outer loop
      vertex 42.0281 28.6281 83.2371
      vertex 41.9114 28.5113 82.8386
      vertex 42.3221 28.3868 83.2371
    endloop
  endfacet
  facet normal -0.528316 -0.643701 0.553652
    outer loop
      vertex 42.1975 28.7975 83.5957
      vertex 42.0281 28.6281 83.2371
      vertex 42.3221 28.3868 83.2371
    endloop
  endfacet
  facet normal -0.284716 -0.938753 0.194111
    outer loop
      vertex 42.5943 28.055 82.8386
      vertex 42.5621 27.9773 82.4156
      vertex 42.9893 27.9352 82.8386
    endloop
  endfacet
  facet normal -0.828699 0.081671 0.553704
    outer loop
      vertex 41.7321 30.3318 83.5957
      vertex 41.4971 30.3785 83.2371
      vertex 41.6994 30 83.5957
    endloop
  endfacet
  facet normal -0.705322 0.0695119 0.70547
    outer loop
      vertex 41.7321 30.3318 83.5957
      vertex 41.6994 30 83.5957
      vertex 42.0312 30.2723 83.9006
    endloop
  endfacet
  facet normal -0.92004 0.0907271 0.381176
    outer loop
      vertex 41.3352 30.4107 82.8386
      vertex 41.2947 30 82.8386
      vertex 41.4598 30 83.2371
    endloop
  endfacet
  facet normal -0.92004 -0.0907271 0.381176
    outer loop
      vertex 41.4598 30 83.2371
      vertex 41.2947 30 82.8386
      vertex 41.3352 29.5893 82.8386
    endloop
  endfacet
  facet normal -0.0547983 -0.554705 0.830241
    outer loop
      vertex 43.1977 28.9829 84.1402
      vertex 43.1277 28.6312 83.9006
      vertex 43.4 28.6043 83.9006
    endloop
  endfacet
  facet normal -0.491624 -0.262675 0.830246
    outer loop
      vertex 42.4419 29.6031 84.1402
      vertex 42.2395 29.2246 83.9006
      vertex 42.5377 29.4238 84.1402
    endloop
  endfacet
  facet normal 0.546917 -0.451116 -0.705249
    outer loop
      vertex 44.814 29.0552 80.8043
      vertex 44.5336 29.1841 80.5044
      vertex 44.5632 29.2228 80.5026
    endloop
  endfacet
  facet normal 0.548129 -0.449173 -0.705548
    outer loop
      vertex 44.814 29.0552 80.8043
      vertex 44.4799 29.1137 80.5075
      vertex 44.5336 29.1841 80.5044
    endloop
  endfacet
  facet normal 0.547873 -0.449758 -0.705375
    outer loop
      vertex 44.814 29.0552 80.8043
      vertex 44.4214 29.0473 80.5044
      vertex 44.4799 29.1137 80.5075
    endloop
  endfacet
  facet normal 0.547968 -0.449432 -0.705508
    outer loop
      vertex 44.4214 29.0473 80.5044
      vertex 44.814 29.0552 80.8043
      vertex 44.3917 29.0136 80.5028
    endloop
  endfacet
  facet normal 0.643697 -0.528313 -0.553661
    outer loop
      vertex 45.0132 28.9221 81.1629
      vertex 44.7719 28.6281 81.1629
      vertex 44.814 29.0552 80.8043
    endloop
  endfacet
  facet normal 0.204114 -0.678902 -0.705287
    outer loop
      vertex 44.0508 28.4288 80.8043
      vertex 43.8893 28.6918 80.5044
      vertex 43.9353 28.7075 80.5026
    endloop
  endfacet
  facet normal 0.206103 -0.678005 -0.705572
    outer loop
      vertex 44.0508 28.4288 80.8043
      vertex 43.8055 28.6631 80.5075
      vertex 43.8893 28.6918 80.5044
    endloop
  endfacet
  facet normal 0.20566 -0.678288 -0.705429
    outer loop
      vertex 44.0508 28.4288 80.8043
      vertex 43.72 28.6404 80.5044
      vertex 43.8055 28.6631 80.5075
    endloop
  endfacet
  facet normal 0.205331 -0.678563 -0.70526
    outer loop
      vertex 43.72 28.6404 80.5044
      vertex 44.0508 28.4288 80.8043
      vertex 43.6765 28.6289 80.5028
    endloop
  endfacet
  facet normal 0.678285 -0.205612 -0.705446
    outer loop
      vertex 44.9712 29.3492 80.8043
      vertex 44.6937 29.4682 80.5028
      vertex 45.0679 29.6682 80.8043
    endloop
  endfacet
  facet normal 0.684242 -0.18895 -0.704352
    outer loop
      vertex 44.6937 29.4682 80.5028
      vertex 44.9712 29.3492 80.8043
      vertex 44.6925 29.4646 80.5026
    endloop
  endfacet
  facet normal 0.815304 0.43585 0.381201
    outer loop
      vertex 45.1505 31.1696 82.8386
      vertex 45.0132 31.0779 83.2371
      vertex 45.1925 30.7425 83.2371
    endloop
  endfacet
  facet normal 0.976251 0.0962308 -0.194096
    outer loop
      vertex 45.5894 30 81.9844
      vertex 45.5053 30 81.5614
      vertex 45.5473 30.4271 81.9844
    endloop
  endfacet
  facet normal 0.920067 -0.0906697 -0.381125
    outer loop
      vertex 45.4648 29.5893 81.5614
      vertex 45.3029 29.6215 81.1629
      vertex 45.3402 30 81.1629
    endloop
  endfacet
  facet normal 0.97624 -0.0962691 -0.194134
    outer loop
      vertex 45.5473 29.5729 81.9844
      vertex 45.4648 29.5893 81.5614
      vertex 45.5053 30 81.5614
    endloop
  endfacet
  facet normal 0.678202 -0.206525 -0.705258
    outer loop
      vertex 45.0679 29.6682 80.8043
      vertex 44.7493 29.6413 80.5058
      vertex 44.7721 29.7271 80.5026
    endloop
  endfacet
  facet normal 0.678319 -0.205352 -0.705489
    outer loop
      vertex 45.0679 29.6682 80.8043
      vertex 44.7369 29.5945 80.5075
      vertex 44.7493 29.6413 80.5058
    endloop
  endfacet
  facet normal 0.678308 -0.20589 -0.705343
    outer loop
      vertex 45.0679 29.6682 80.8043
      vertex 44.7212 29.5486 80.5058
      vertex 44.7369 29.5945 80.5075
    endloop
  endfacet
  facet normal 0.678297 -0.205683 -0.705413
    outer loop
      vertex 44.7212 29.5486 80.5058
      vertex 45.0679 29.6682 80.8043
      vertex 44.6937 29.4682 80.5028
    endloop
  endfacet
  facet normal 0.97624 0.0962691 0.194134
    outer loop
      vertex 45.5473 30.4271 82.4156
      vertex 45.4648 30.4107 82.8386
      vertex 45.5053 30 82.8386
    endloop
  endfacet
  facet normal 0.976251 0.0962308 0.194096
    outer loop
      vertex 45.5473 30.4271 82.4156
      vertex 45.5053 30 82.8386
      vertex 45.5894 30 82.4156
    endloop
  endfacet
  facet normal 0.547902 0.449675 0.705404
    outer loop
      vertex 44.6025 31.2025 83.5957
      vertex 44.3869 30.9869 83.9006
      vertex 44.814 30.9448 83.5957
    endloop
  endfacet
  facet normal 0.796877 0.24169 0.55369
    outer loop
      vertex 45.1925 30.7425 83.2371
      vertex 45.0679 30.3318 83.5957
      vertex 45.3029 30.3785 83.2371
    endloop
  endfacet
  facet normal 0.796877 -0.24169 0.55369
    outer loop
      vertex 45.3029 29.6215 83.2371
      vertex 45.0679 29.6682 83.5957
      vertex 45.1925 29.2575 83.2371
    endloop
  endfacet
  facet normal 0.920067 -0.0906697 0.381125
    outer loop
      vertex 45.3402 30 83.2371
      vertex 45.3029 29.6215 83.2371
      vertex 45.4648 29.5893 82.8386
    endloop
  endfacet
  facet normal 0.884725 -0.268334 0.381127
    outer loop
      vertex 45.3029 29.6215 83.2371
      vertex 45.1925 29.2575 83.2371
      vertex 45.345 29.1943 82.8386
    endloop
  endfacet
  facet normal 0.624964 -0.334165 0.705516
    outer loop
      vertex 44.9712 29.3492 83.5957
      vertex 44.6894 29.4659 83.9006
      vertex 44.814 29.0552 83.5957
    endloop
  endfacet
  facet normal 0.734388 -0.392593 0.553665
    outer loop
      vertex 45.1925 29.2575 83.2371
      vertex 44.814 29.0552 83.5957
      vertex 45.0132 28.9221 83.2371
    endloop
  endfacet
  facet normal 0.205682 -0.678181 0.705525
    outer loop
      vertex 43.9341 28.7106 83.9006
      vertex 43.6723 28.6312 83.9006
      vertex 44.0508 28.4288 83.5957
    endloop
  endfacet
  facet normal 0.995177 -0.0980963 0
    outer loop
      vertex 45.5473 29.5729 82.4156
      vertex 45.5894 30 81.9844
      vertex 45.5894 30 82.4156
    endloop
  endfacet
  facet normal 0.995177 -0.0980963 0
    outer loop
      vertex 45.5894 30 81.9844
      vertex 45.5473 29.5729 82.4156
      vertex 45.5473 29.5729 81.9844
    endloop
  endfacet
  facet normal 0.392593 -0.734388 -0.553665
    outer loop
      vertex 44.4779 28.3868 81.1629
      vertex 44.1425 28.2075 81.1629
      vertex 44.3448 28.586 80.8043
    endloop
  endfacet
  facet normal 0.75821 -0.622431 0.194158
    outer loop
      vertex 45.1505 28.8304 82.8386
      vertex 44.9481 28.4519 82.4156
      vertex 45.2204 28.7836 82.4156
    endloop
  endfacet
  facet normal 0.938741 -0.284799 0.194048
    outer loop
      vertex 45.5473 29.5729 82.4156
      vertex 45.345 29.1943 82.8386
      vertex 45.4227 29.1622 82.4156
    endloop
  endfacet
  facet normal 0.865172 -0.462424 0.194013
    outer loop
      vertex 45.345 29.1943 82.8386
      vertex 45.1505 28.8304 82.8386
      vertex 45.4227 29.1622 82.4156
    endloop
  endfacet
  facet normal 0.881985 -0.471277 0
    outer loop
      vertex 45.2204 28.7836 82.4156
      vertex 45.4227 29.1622 81.9844
      vertex 45.4227 29.1622 82.4156
    endloop
  endfacet
  facet normal 0.881985 -0.471277 0
    outer loop
      vertex 45.4227 29.1622 81.9844
      vertex 45.2204 28.7836 82.4156
      vertex 45.2204 28.7836 81.9844
    endloop
  endfacet
  facet normal 0.865207 -0.462312 -0.194123
    outer loop
      vertex 45.2204 28.7836 81.9844
      vertex 45.1505 28.8304 81.5614
      vertex 45.4227 29.1622 81.9844
    endloop
  endfacet
  facet normal 0.462414 -0.865154 -0.194119
    outer loop
      vertex 44.2379 27.9773 81.9844
      vertex 44.2057 28.055 81.5614
      vertex 44.5696 28.2495 81.5614
    endloop
  endfacet
  facet normal 0.284731 -0.938745 -0.194128
    outer loop
      vertex 43.8271 27.8527 81.9844
      vertex 43.8107 27.9352 81.5614
      vertex 44.2379 27.9773 81.9844
    endloop
  endfacet
  facet normal 0.382578 0.0378228 0.923149
    outer loop
      vertex 44.4171 30.2023 84.1402
      vertex 44.0264 30.1246 84.3053
      vertex 44.4371 30 84.1402
    endloop
  endfacet
  facet normal 0.796967 0.241589 0.553604
    outer loop
      vertex 45.1925 30.7425 83.2371
      vertex 44.9712 30.6508 83.5957
      vertex 45.0679 30.3318 83.5957
    endloop
  endfacet
  facet normal 0.449675 0.547902 0.705404
    outer loop
      vertex 44.6025 31.2025 83.5957
      vertex 44.3448 31.414 83.5957
      vertex 44.3869 30.9869 83.9006
    endloop
  endfacet
  facet normal 0.586558 0.714663 0.38106
    outer loop
      vertex 44.8886 31.4886 82.8386
      vertex 44.4779 31.6132 83.2371
      vertex 44.7719 31.3719 83.2371
    endloop
  endfacet
  facet normal 0.0548413 0.55472 0.830228
    outer loop
      vertex 43.4 31.3957 83.9006
      vertex 43.4 31.0371 84.1402
      vertex 43.6023 31.0171 84.1402
    endloop
  endfacet
  facet normal 0.161782 0.533432 0.830227
    outer loop
      vertex 43.9341 31.2894 83.9006
      vertex 43.6723 31.3688 83.9006
      vertex 43.7969 30.9581 84.1402
    endloop
  endfacet
  facet normal 0.884725 0.268334 0.381127
    outer loop
      vertex 45.345 30.8057 82.8386
      vertex 45.1925 30.7425 83.2371
      vertex 45.3029 30.3785 83.2371
    endloop
  endfacet
  facet normal 0.64371 0.528306 0.553652
    outer loop
      vertex 44.7719 31.3719 83.2371
      vertex 44.6025 31.2025 83.5957
      vertex 44.814 30.9448 83.5957
    endloop
  endfacet
  facet normal 0.622431 0.75821 0.194158
    outer loop
      vertex 44.6164 31.8204 82.4156
      vertex 44.5696 31.7505 82.8386
      vertex 44.9481 31.5481 82.4156
    endloop
  endfacet
  facet normal 0.334165 0.624964 0.705516
    outer loop
      vertex 44.0508 31.5712 83.5957
      vertex 43.9341 31.2894 83.9006
      vertex 44.3448 31.414 83.5957
    endloop
  endfacet
  facet normal 0.430818 0.353617 0.830271
    outer loop
      vertex 44.3869 30.9869 83.9006
      vertex 44.1333 30.7333 84.1402
      vertex 44.5605 30.7754 83.9006
    endloop
  endfacet
  facet normal 0.491646 0.262686 0.830229
    outer loop
      vertex 44.6894 30.5341 83.9006
      vertex 44.2623 30.5762 84.1402
      vertex 44.3581 30.3969 84.1402
    endloop
  endfacet
  facet normal -0.93875 0.284715 -0.194128
    outer loop
      vertex 41.3352 30.4107 81.5614
      vertex 41.2527 30.4271 81.9844
      vertex 41.455 30.8057 81.5614
    endloop
  endfacet
  facet normal -0.865172 0.462424 -0.194013
    outer loop
      vertex 41.455 30.8057 81.5614
      vertex 41.3773 30.8378 81.9844
      vertex 41.6495 31.1696 81.5614
    endloop
  endfacet
  facet normal -0.0962301 0.976244 0.194133
    outer loop
      vertex 43.4 32.1894 82.4156
      vertex 42.9729 32.1473 82.4156
      vertex 42.9893 32.0648 82.8386
    endloop
  endfacet
  facet normal -0.976251 0.0962308 0.194096
    outer loop
      vertex 41.2527 30.4271 82.4156
      vertex 41.2106 30 82.4156
      vertex 41.2947 30 82.8386
    endloop
  endfacet
  facet normal -0.976251 -0.0962308 0.194096
    outer loop
      vertex 41.2947 30 82.8386
      vertex 41.2106 30 82.4156
      vertex 41.2527 29.5729 82.4156
    endloop
  endfacet
  facet normal -0.828702 0.081666 -0.5537
    outer loop
      vertex 41.6994 30 80.8043
      vertex 41.4598 30 81.1629
      vertex 41.4971 30.3785 81.1629
    endloop
  endfacet
  facet normal -0.97624 -0.0962691 -0.194134
    outer loop
      vertex 41.3352 29.5893 81.5614
      vertex 41.2527 29.5729 81.9844
      vertex 41.2947 30 81.5614
    endloop
  endfacet
  facet normal -0.462407 0.865156 -0.194125
    outer loop
      vertex 42.2304 31.7505 81.5614
      vertex 42.1836 31.8204 81.9844
      vertex 42.5621 32.0227 81.9844
    endloop
  endfacet
  facet normal -0.622468 0.75818 -0.194157
    outer loop
      vertex 42.2304 31.7505 81.5614
      vertex 41.9114 31.4886 81.5614
      vertex 42.1836 31.8204 81.9844
    endloop
  endfacet
  facet normal -0.547873 0.449758 -0.705375
    outer loop
      vertex 41.986 30.9448 80.8043
      vertex 42.3786 30.9527 80.5044
      vertex 42.3201 30.8863 80.5075
    endloop
  endfacet
  facet normal -0.546917 0.451116 -0.705249
    outer loop
      vertex 41.986 30.9448 80.8043
      vertex 42.2664 30.8159 80.5044
      vertex 42.2368 30.7772 80.5026
    endloop
  endfacet
  facet normal -0.547968 0.449432 -0.705508
    outer loop
      vertex 42.3786 30.9527 80.5044
      vertex 41.986 30.9448 80.8043
      vertex 42.4083 30.9864 80.5028
    endloop
  endfacet
  facet normal -0.548129 0.449173 -0.705548
    outer loop
      vertex 42.2664 30.8159 80.5044
      vertex 41.986 30.9448 80.8043
      vertex 42.3201 30.8863 80.5075
    endloop
  endfacet
  facet normal -0.613322 0.358604 -0.703732
    outer loop
      vertex 41.8288 30.6508 80.8043
      vertex 42.1092 30.5387 80.5028
      vertex 42.1075 30.5354 80.5026
    endloop
  endfacet
  facet normal -0.624984 0.334175 -0.705494
    outer loop
      vertex 42.1092 30.5387 80.5028
      vertex 41.8288 30.6508 80.8043
      vertex 41.986 30.9448 80.8043
    endloop
  endfacet
  facet normal 0.634506 0.772918 -0
    outer loop
      vertex 44.9481 31.5481 81.9844
      vertex 44.6164 31.8204 82.4156
      vertex 44.9481 31.5481 82.4156
    endloop
  endfacet
  facet normal 0.634506 0.772918 0
    outer loop
      vertex 44.6164 31.8204 82.4156
      vertex 44.9481 31.5481 81.9844
      vertex 44.6164 31.8204 81.9844
    endloop
  endfacet
  facet normal 0.815359 0.435799 0.381141
    outer loop
      vertex 45.345 30.8057 82.8386
      vertex 45.1505 31.1696 82.8386
      vertex 45.1925 30.7425 83.2371
    endloop
  endfacet
  facet normal 0.0703395 0.705066 -0.705645
    outer loop
      vertex 43.7318 31.6679 80.8043
      vertex 43.585 31.3838 80.5058
      vertex 43.5369 31.3903 80.5075
    endloop
  endfacet
  facet normal 0.0682585 0.705695 -0.70522
    outer loop
      vertex 43.585 31.3838 80.5058
      vertex 43.7318 31.6679 80.8043
      vertex 43.6729 31.3721 80.5026
    endloop
  endfacet
  facet normal 0.0686528 0.705724 -0.705153
    outer loop
      vertex 43.4886 31.3933 80.5058
      vertex 43.7318 31.6679 80.8043
      vertex 43.5369 31.3903 80.5075
    endloop
  endfacet
  facet normal 0.069785 0.705186 -0.70558
    outer loop
      vertex 43.7318 31.6679 80.8043
      vertex 43.4886 31.3933 80.5058
      vertex 43.4037 31.3987 80.5028
    endloop
  endfacet
  facet normal 0.0962698 0.976247 -0.194096
    outer loop
      vertex 43.8107 32.0648 81.5614
      vertex 43.4 32.1053 81.5614
      vertex 43.4 32.1894 81.9844
    endloop
  endfacet
  facet normal 0.75821 0.622431 0.194158
    outer loop
      vertex 45.2204 31.2164 82.4156
      vertex 44.9481 31.5481 82.4156
      vertex 45.1505 31.1696 82.8386
    endloop
  endfacet
  facet normal 0.462414 0.865154 -0.194119
    outer loop
      vertex 44.5696 31.7505 81.5614
      vertex 44.2057 31.945 81.5614
      vertex 44.2379 32.0227 81.9844
    endloop
  endfacet
  facet normal 0.26833 0.884727 -0.381127
    outer loop
      vertex 44.1425 31.7925 81.1629
      vertex 43.8107 32.0648 81.5614
      vertex 44.2057 31.945 81.5614
    endloop
  endfacet
  facet normal 0.462407 0.865156 -0.194125
    outer loop
      vertex 44.5696 31.7505 81.5614
      vertex 44.2379 32.0227 81.9844
      vertex 44.6164 31.8204 81.9844
    endloop
  endfacet
  facet normal -0.0906697 0.920067 -0.381125
    outer loop
      vertex 43.0215 31.9029 81.1629
      vertex 42.9893 32.0648 81.5614
      vertex 43.4 31.9402 81.1629
    endloop
  endfacet
  facet normal 0.0907271 0.92004 -0.381176
    outer loop
      vertex 43.8107 32.0648 81.5614
      vertex 43.4 31.9402 81.1629
      vertex 43.4 32.1053 81.5614
    endloop
  endfacet
  facet normal -0.24169 0.796877 -0.55369
    outer loop
      vertex 43.0682 31.6679 80.8043
      vertex 42.6575 31.7925 81.1629
      vertex 43.0215 31.9029 81.1629
    endloop
  endfacet
  facet normal -0.0962301 0.976244 -0.194133
    outer loop
      vertex 42.9893 32.0648 81.5614
      vertex 42.9729 32.1473 81.9844
      vertex 43.4 32.1894 81.9844
    endloop
  endfacet
  facet normal 0.0816658 0.828699 -0.553704
    outer loop
      vertex 43.7318 31.6679 80.8043
      vertex 43.4 31.9402 81.1629
      vertex 43.7785 31.9029 81.1629
    endloop
  endfacet
  facet normal 0.24169 0.796877 -0.55369
    outer loop
      vertex 44.1425 31.7925 81.1629
      vertex 43.7318 31.6679 80.8043
      vertex 43.7785 31.9029 81.1629
    endloop
  endfacet
  facet normal -0.528316 0.643701 -0.553652
    outer loop
      vertex 42.1975 31.2025 80.8043
      vertex 42.0281 31.3719 81.1629
      vertex 42.3221 31.6132 81.1629
    endloop
  endfacet
  facet normal -0.586558 0.714663 -0.38106
    outer loop
      vertex 42.0281 31.3719 81.1629
      vertex 41.9114 31.4886 81.5614
      vertex 42.3221 31.6132 81.1629
    endloop
  endfacet
  facet normal -0.392593 0.734388 -0.553665
    outer loop
      vertex 42.4552 31.414 80.8043
      vertex 42.3221 31.6132 81.1629
      vertex 42.6575 31.7925 81.1629
    endloop
  endfacet
  facet normal -0.0816658 0.828699 -0.553704
    outer loop
      vertex 43.0682 31.6679 80.8043
      vertex 43.0215 31.9029 81.1629
      vertex 43.4 31.9402 81.1629
    endloop
  endfacet
  facet normal -0.336162 0.624227 -0.705221
    outer loop
      vertex 42.8209 31.271 80.5044
      vertex 42.7492 31.5712 80.8043
      vertex 42.8646 31.2925 80.5026
    endloop
  endfacet
  facet normal -0.334468 0.624868 -0.705458
    outer loop
      vertex 42.7415 31.232 80.5075
      vertex 42.7492 31.5712 80.8043
      vertex 42.8209 31.271 80.5044
    endloop
  endfacet
  facet normal -0.333132 0.625163 -0.705829
    outer loop
      vertex 42.6995 31.2077 80.5058
      vertex 42.7492 31.5712 80.8043
      vertex 42.7415 31.232 80.5075
    endloop
  endfacet
  facet normal -0.334298 0.624993 -0.705428
    outer loop
      vertex 42.7492 31.5712 80.8043
      vertex 42.6995 31.2077 80.5058
      vertex 42.626 31.165 80.5028
    endloop
  endfacet
  facet normal -0.314248 0.636885 -0.704007
    outer loop
      vertex 42.4552 31.414 80.8043
      vertex 42.626 31.165 80.5028
      vertex 42.6228 31.1632 80.5026
    endloop
  endfacet
  facet normal -0.334182 0.624996 -0.70548
    outer loop
      vertex 42.626 31.165 80.5028
      vertex 42.4552 31.414 80.8043
      vertex 42.7492 31.5712 80.8043
    endloop
  endfacet
  facet normal 0.0190897 -0.194966 0.980624
    outer loop
      vertex 43.4 29.7844 84.3894
      vertex 43.4 29.3614 84.3053
      vertex 43.5246 29.3736 84.3053
    endloop
  endfacet
  facet normal -0.187437 0.0569507 0.980624
    outer loop
      vertex 42.81 30.2444 84.3053
      vertex 42.7736 30.1246 84.3053
      vertex 43.2008 30.0825 84.3894
    endloop
  endfacet
  facet normal -0.339011 0.181133 0.923181
    outer loop
      vertex 42.5377 30.5762 84.1402
      vertex 42.4419 30.3969 84.1402
      vertex 42.869 30.3548 84.3053
    endloop
  endfacet
  facet normal -0.547894 0.449713 0.705387
    outer loop
      vertex 42.4131 30.9869 83.9006
      vertex 41.986 30.9448 83.5957
      vertex 42.2395 30.7754 83.9006
    endloop
  endfacet
  facet normal 0.01899 0.194995 0.98062
    outer loop
      vertex 43.5246 30.6264 84.3053
      vertex 43.4 30.2156 84.3894
      vertex 43.4421 30.2115 84.3894
    endloop
  endfacet
  facet normal 0.01899 -0.194995 0.98062
    outer loop
      vertex 43.4421 29.7885 84.3894
      vertex 43.4 29.7844 84.3894
      vertex 43.5246 29.3736 84.3053
    endloop
  endfacet
  facet normal -0.297237 0.243808 0.923151
    outer loop
      vertex 42.9484 30.4516 84.3053
      vertex 42.6667 30.7333 84.1402
      vertex 42.869 30.3548 84.3053
    endloop
  endfacet
  facet normal -0.243808 0.297237 0.923151
    outer loop
      vertex 43.0452 30.531 84.3053
      vertex 42.6667 30.7333 84.1402
      vertex 42.9484 30.4516 84.3053
    endloop
  endfacet
  facet normal 0.243808 0.297237 0.923151
    outer loop
      vertex 44.1333 30.7333 84.1402
      vertex 43.7548 30.531 84.3053
      vertex 43.8516 30.4516 84.3053
    endloop
  endfacet
  facet normal 0.268335 0.884727 0.381123
    outer loop
      vertex 43.8107 32.0648 82.8386
      vertex 43.7785 31.9029 83.2371
      vertex 44.1425 31.7925 83.2371
    endloop
  endfacet
  facet normal 0.0695191 0.705396 0.705396
    outer loop
      vertex 43.4 31.7006 83.5957
      vertex 43.4 31.3957 83.9006
      vertex 43.7318 31.6679 83.5957
    endloop
  endfacet
  facet normal -0.268335 0.884727 0.381123
    outer loop
      vertex 42.9893 32.0648 82.8386
      vertex 42.6575 31.7925 83.2371
      vertex 43.0215 31.9029 83.2371
    endloop
  endfacet
  facet normal -0.24169 0.796877 0.55369
    outer loop
      vertex 43.0215 31.9029 83.2371
      vertex 42.6575 31.7925 83.2371
      vertex 43.0682 31.6679 83.5957
    endloop
  endfacet
  facet normal -0.111546 0.367914 0.923145
    outer loop
      vertex 43.1977 31.0171 84.1402
      vertex 43.0031 30.9581 84.1402
      vertex 43.2754 30.6264 84.3053
    endloop
  endfacet
  facet normal -0.111743 0.36777 0.923179
    outer loop
      vertex 43.2754 30.6264 84.3053
      vertex 43.0031 30.9581 84.1402
      vertex 43.1556 30.59 84.3053
    endloop
  endfacet
  facet normal -0.26833 0.884727 0.381127
    outer loop
      vertex 42.9893 32.0648 82.8386
      vertex 42.5943 31.945 82.8386
      vertex 42.6575 31.7925 83.2371
    endloop
  endfacet
  facet normal -0.284716 0.938753 0.194111
    outer loop
      vertex 42.9893 32.0648 82.8386
      vertex 42.5621 32.0227 82.4156
      vertex 42.5943 31.945 82.8386
    endloop
  endfacet
  facet normal -0.353617 0.430818 0.830271
    outer loop
      vertex 42.6246 31.1605 83.9006
      vertex 42.4131 30.9869 83.9006
      vertex 42.6667 30.7333 84.1402
    endloop
  endfacet
  facet normal -0.205682 0.678181 0.705525
    outer loop
      vertex 43.1277 31.3688 83.9006
      vertex 42.7492 31.5712 83.5957
      vertex 42.8659 31.2894 83.9006
    endloop
  endfacet
  facet normal -0.353734 0.430788 0.830237
    outer loop
      vertex 42.8238 30.8623 84.1402
      vertex 42.6246 31.1605 83.9006
      vertex 42.6667 30.7333 84.1402
    endloop
  endfacet
  facet normal -0.333913 0.625083 0.70553
    outer loop
      vertex 42.7492 31.5712 83.5957
      vertex 42.6246 31.1605 83.9006
      vertex 42.8659 31.2894 83.9006
    endloop
  endfacet
  facet normal -0.884725 0.268334 0.381127
    outer loop
      vertex 41.6075 30.7425 83.2371
      vertex 41.455 30.8057 82.8386
      vertex 41.4971 30.3785 83.2371
    endloop
  endfacet
  facet normal -0.796967 0.241589 0.553604
    outer loop
      vertex 41.8288 30.6508 83.5957
      vertex 41.6075 30.7425 83.2371
      vertex 41.7321 30.3318 83.5957
    endloop
  endfacet
  facet normal -0.796877 0.24169 0.55369
    outer loop
      vertex 41.6075 30.7425 83.2371
      vertex 41.4971 30.3785 83.2371
      vertex 41.7321 30.3318 83.5957
    endloop
  endfacet
  facet normal -0.734383 0.39267 0.553617
    outer loop
      vertex 41.986 30.9448 83.5957
      vertex 41.6075 30.7425 83.2371
      vertex 41.8288 30.6508 83.5957
    endloop
  endfacet
  facet normal -0.815359 0.435799 0.381141
    outer loop
      vertex 41.6495 31.1696 82.8386
      vertex 41.455 30.8057 82.8386
      vertex 41.6075 30.7425 83.2371
    endloop
  endfacet
  facet normal 0.449432 -0.547968 -0.705508
    outer loop
      vertex 44.3448 28.586 80.8043
      vertex 44.3527 28.9786 80.5044
      vertex 44.3864 29.0083 80.5028
    endloop
  endfacet
  facet normal 0.449758 -0.547873 -0.705375
    outer loop
      vertex 44.3448 28.586 80.8043
      vertex 44.2863 28.9201 80.5075
      vertex 44.3527 28.9786 80.5044
    endloop
  endfacet
  facet normal 0.448718 -0.548329 -0.705683
    outer loop
      vertex 44.3448 28.586 80.8043
      vertex 44.2477 28.8907 80.5058
      vertex 44.2863 28.9201 80.5075
    endloop
  endfacet
  facet normal 0.450501 -0.547373 -0.705288
    outer loop
      vertex 44.2477 28.8907 80.5058
      vertex 44.3448 28.586 80.8043
      vertex 44.1772 28.8368 80.5026
    endloop
  endfacet
  facet normal 0.333514 -0.625561 -0.705296
    outer loop
      vertex 44.3448 28.586 80.8043
      vertex 44.1005 28.7923 80.5058
      vertex 44.1772 28.8368 80.5026
    endloop
  endfacet
  facet normal 0.334429 -0.624812 -0.705526
    outer loop
      vertex 44.3448 28.586 80.8043
      vertex 44.0585 28.7679 80.5075
      vertex 44.1005 28.7923 80.5058
    endloop
  endfacet
  facet normal 0.333898 -0.625321 -0.705327
    outer loop
      vertex 44.3448 28.586 80.8043
      vertex 43.9791 28.729 80.5044
      vertex 44.0585 28.7679 80.5075
    endloop
  endfacet
  facet normal 0.334217 -0.624925 -0.705527
    outer loop
      vertex 43.9791 28.729 80.5044
      vertex 44.3448 28.586 80.8043
      vertex 43.9387 28.7092 80.5028
    endloop
  endfacet
  facet normal 0.334175 -0.624984 -0.705494
    outer loop
      vertex 44.0508 28.4288 80.8043
      vertex 43.9387 28.7092 80.5028
      vertex 44.3448 28.586 80.8043
    endloop
  endfacet
  facet normal 0.358604 -0.613322 -0.703732
    outer loop
      vertex 44.0508 28.4288 80.8043
      vertex 43.9354 28.7075 80.5026
      vertex 43.9387 28.7092 80.5028
    endloop
  endfacet
  facet normal -0 -0.734551 -0.678553
    outer loop
      vertex 43.9354 28.7075 80.5026
      vertex 44.0508 28.4288 80.8043
      vertex 43.9353 28.7075 80.5026
    endloop
  endfacet
  facet normal 0.0695151 -0.705355 -0.705438
    outer loop
      vertex 43.4 28.2994 80.8043
      vertex 43.4037 28.6013 80.5028
      vertex 43.7318 28.3321 80.8043
    endloop
  endfacet
  facet normal 0.0762216 -0.70505 -0.70505
    outer loop
      vertex 43.4037 28.6013 80.5028
      vertex 43.4 28.2994 80.8043
      vertex 43.4 28.6011 80.5026
    endloop
  endfacet
  facet normal 0.0907271 -0.92004 -0.381176
    outer loop
      vertex 43.8107 27.9352 81.5614
      vertex 43.4 27.8947 81.5614
      vertex 43.4 28.0598 81.1629
    endloop
  endfacet
  facet normal -0.0962698 -0.976247 -0.194096
    outer loop
      vertex 43.4 27.8106 81.9844
      vertex 42.9893 27.9352 81.5614
      vertex 43.4 27.8947 81.5614
    endloop
  endfacet
  facet normal -0.815359 0.435799 -0.381141
    outer loop
      vertex 41.6075 30.7425 81.1629
      vertex 41.455 30.8057 81.5614
      vertex 41.6495 31.1696 81.5614
    endloop
  endfacet
  facet normal -0.865172 -0.462424 -0.194013
    outer loop
      vertex 41.6495 28.8304 81.5614
      vertex 41.3773 29.1622 81.9844
      vertex 41.455 29.1943 81.5614
    endloop
  endfacet
  facet normal -0.815359 -0.435799 -0.381141
    outer loop
      vertex 41.6495 28.8304 81.5614
      vertex 41.455 29.1943 81.5614
      vertex 41.6075 29.2575 81.1629
    endloop
  endfacet
  facet normal -0.865207 -0.462312 -0.194123
    outer loop
      vertex 41.5796 28.7836 81.9844
      vertex 41.3773 29.1622 81.9844
      vertex 41.6495 28.8304 81.5614
    endloop
  endfacet
  facet normal -0.5865 -0.714643 -0.381186
    outer loop
      vertex 42.2304 28.2495 81.5614
      vertex 41.9114 28.5113 81.5614
      vertex 42.3221 28.3868 81.1629
    endloop
  endfacet
  facet normal -0.865172 -0.462424 0.194013
    outer loop
      vertex 41.455 29.1943 82.8386
      vertex 41.3773 29.1622 82.4156
      vertex 41.6495 28.8304 82.8386
    endloop
  endfacet
  facet normal -0.938741 -0.284799 0.194048
    outer loop
      vertex 41.455 29.1943 82.8386
      vertex 41.2527 29.5729 82.4156
      vertex 41.3773 29.1622 82.4156
    endloop
  endfacet
  facet normal -0.622448 -0.758229 -0.194029
    outer loop
      vertex 42.1836 28.1796 81.9844
      vertex 41.8519 28.4519 81.9844
      vertex 41.9114 28.5113 81.5614
    endloop
  endfacet
  facet normal -0.758225 -0.622444 -0.19406
    outer loop
      vertex 41.8519 28.4519 81.9844
      vertex 41.5796 28.7836 81.9844
      vertex 41.9114 28.5113 81.5614
    endloop
  endfacet
  facet normal 0.092226 0.172866 0.980618
    outer loop
      vertex 43.7548 30.531 84.3053
      vertex 43.4825 30.1992 84.3894
      vertex 43.5198 30.1793 84.3894
    endloop
  endfacet
  facet normal -0.243919 -0.297052 0.923181
    outer loop
      vertex 43.0452 29.469 84.3053
      vertex 42.6667 29.2667 84.1402
      vertex 42.8238 29.1377 84.1402
    endloop
  endfacet
  facet normal -0.187425 -0.0570625 0.98062
    outer loop
      vertex 43.1885 29.9579 84.3894
      vertex 42.7736 29.8754 84.3053
      vertex 43.2008 29.9175 84.3894
    endloop
  endfacet
  facet normal 0.554721 0.0547999 0.83023
    outer loop
      vertex 44.7688 30.2723 83.9006
      vertex 44.4371 30 84.1402
      vertex 44.7957 30 83.9006
    endloop
  endfacet
  facet normal 0.53345 -0.161735 0.830225
    outer loop
      vertex 44.4171 29.7977 84.1402
      vertex 44.3581 29.6031 84.1402
      vertex 44.6894 29.4659 83.9006
    endloop
  endfacet
  facet normal 0.181133 -0.339011 0.923181
    outer loop
      vertex 43.9762 29.1377 84.1402
      vertex 43.7548 29.469 84.3053
      vertex 43.7969 29.0419 84.1402
    endloop
  endfacet
  facet normal 0.554698 0.0548392 0.830242
    outer loop
      vertex 44.7688 30.2723 83.9006
      vertex 44.4171 30.2023 84.1402
      vertex 44.4371 30 84.1402
    endloop
  endfacet
  facet normal 0.194976 -0.0190907 0.980622
    outer loop
      vertex 44.0386 30 84.3053
      vertex 43.6115 29.9579 84.3894
      vertex 44.0264 29.8754 84.3053
    endloop
  endfacet
  facet normal 0.284716 -0.938753 0.194111
    outer loop
      vertex 44.2057 28.055 82.8386
      vertex 43.8107 27.9352 82.8386
      vertex 44.2379 27.9773 82.4156
    endloop
  endfacet
  facet normal -0.0962698 -0.976247 0.194096
    outer loop
      vertex 43.4 27.8947 82.8386
      vertex 42.9893 27.9352 82.8386
      vertex 43.4 27.8106 82.4156
    endloop
  endfacet
  facet normal -0.0907271 -0.92004 0.381176
    outer loop
      vertex 43.4 28.0598 83.2371
      vertex 42.9893 27.9352 82.8386
      vertex 43.4 27.8947 82.8386
    endloop
  endfacet
  facet normal 0.0816658 -0.828699 0.553704
    outer loop
      vertex 43.7318 28.3321 83.5957
      vertex 43.4 28.0598 83.2371
      vertex 43.7785 28.0971 83.2371
    endloop
  endfacet
  facet normal -0.0962301 -0.976244 0.194133
    outer loop
      vertex 42.9893 27.9352 82.8386
      vertex 42.9729 27.8527 82.4156
      vertex 43.4 27.8106 82.4156
    endloop
  endfacet
  facet normal -0.290253 -0.95695 0
    outer loop
      vertex 42.5621 27.9773 81.9844
      vertex 42.9729 27.8527 82.4156
      vertex 42.5621 27.9773 82.4156
    endloop
  endfacet
  facet normal -0.290253 -0.95695 -0
    outer loop
      vertex 42.9729 27.8527 82.4156
      vertex 42.5621 27.9773 81.9844
      vertex 42.9729 27.8527 81.9844
    endloop
  endfacet
  facet normal -0.284716 -0.938753 -0.194111
    outer loop
      vertex 42.9893 27.9352 81.5614
      vertex 42.5621 27.9773 81.9844
      vertex 42.5943 28.055 81.5614
    endloop
  endfacet
  facet normal -0.714623 -0.586526 0.381185
    outer loop
      vertex 41.7868 28.9221 83.2371
      vertex 41.6495 28.8304 82.8386
      vertex 42.0281 28.6281 83.2371
    endloop
  endfacet
  facet normal -0.491666 -0.262643 0.830231
    outer loop
      vertex 42.4419 29.6031 84.1402
      vertex 42.1106 29.4659 83.9006
      vertex 42.2395 29.2246 83.9006
    endloop
  endfacet
  facet normal -0.714623 -0.586524 0.381186
    outer loop
      vertex 42.0281 28.6281 83.2371
      vertex 41.6495 28.8304 82.8386
      vertex 41.9114 28.5113 82.8386
    endloop
  endfacet
  facet normal -0.758275 -0.622351 0.194159
    outer loop
      vertex 41.6495 28.8304 82.8386
      vertex 41.5796 28.7836 82.4156
      vertex 41.9114 28.5113 82.8386
    endloop
  endfacet
  facet normal -0.435799 -0.815359 0.381141
    outer loop
      vertex 42.6575 28.2075 83.2371
      vertex 42.2304 28.2495 82.8386
      vertex 42.5943 28.055 82.8386
    endloop
  endfacet
  facet normal -0.462414 -0.865154 0.194119
    outer loop
      vertex 42.5943 28.055 82.8386
      vertex 42.2304 28.2495 82.8386
      vertex 42.5621 27.9773 82.4156
    endloop
  endfacet
  facet normal -0.884725 -0.268334 0.381127
    outer loop
      vertex 41.4971 29.6215 83.2371
      vertex 41.455 29.1943 82.8386
      vertex 41.6075 29.2575 83.2371
    endloop
  endfacet
  facet normal -0.828699 -0.081671 0.553704
    outer loop
      vertex 41.6994 30 83.5957
      vertex 41.4971 29.6215 83.2371
      vertex 41.7321 29.6682 83.5957
    endloop
  endfacet
  facet normal -0.624964 -0.334165 0.705516
    outer loop
      vertex 42.1106 29.4659 83.9006
      vertex 41.8288 29.3492 83.5957
      vertex 41.986 29.0552 83.5957
    endloop
  endfacet
  facet normal -0.64371 -0.528306 0.553652
    outer loop
      vertex 42.1975 28.7975 83.5957
      vertex 41.986 29.0552 83.5957
      vertex 42.0281 28.6281 83.2371
    endloop
  endfacet
  facet normal -0.0548413 -0.55472 0.830228
    outer loop
      vertex 43.4 28.9629 84.1402
      vertex 43.1977 28.9829 84.1402
      vertex 43.4 28.6043 83.9006
    endloop
  endfacet
  facet normal -0.181171 -0.339005 0.923175
    outer loop
      vertex 43.0452 29.469 84.3053
      vertex 43.0031 29.0419 84.1402
      vertex 43.1556 29.41 84.3053
    endloop
  endfacet
  facet normal 0.449432 0.547968 -0.705508
    outer loop
      vertex 44.3527 31.0214 80.5044
      vertex 44.3448 31.414 80.8043
      vertex 44.3864 30.9917 80.5028
    endloop
  endfacet
  facet normal 0.449758 0.547873 -0.705375
    outer loop
      vertex 44.2863 31.0799 80.5075
      vertex 44.3448 31.414 80.8043
      vertex 44.3527 31.0214 80.5044
    endloop
  endfacet
  facet normal 0.448718 0.548329 -0.705683
    outer loop
      vertex 44.2477 31.1093 80.5058
      vertex 44.3448 31.414 80.8043
      vertex 44.2863 31.0799 80.5075
    endloop
  endfacet
  facet normal 0.450501 0.547373 -0.705288
    outer loop
      vertex 44.3448 31.414 80.8043
      vertex 44.2477 31.1093 80.5058
      vertex 44.1772 31.1632 80.5026
    endloop
  endfacet
  facet normal 0.796967 0.241589 -0.553604
    outer loop
      vertex 45.0679 30.3318 80.8043
      vertex 44.9712 30.6508 80.8043
      vertex 45.1925 30.7425 81.1629
    endloop
  endfacet
  facet normal 0.705695 0.0682585 -0.70522
    outer loop
      vertex 45.0679 30.3318 80.8043
      vertex 44.7838 30.185 80.5058
      vertex 44.7721 30.2729 80.5026
    endloop
  endfacet
  facet normal 0.705066 0.0703395 -0.705645
    outer loop
      vertex 45.0679 30.3318 80.8043
      vertex 44.7903 30.1369 80.5075
      vertex 44.7838 30.185 80.5058
    endloop
  endfacet
  facet normal 0.705393 0.0695011 -0.705401
    outer loop
      vertex 45.0679 30.3318 80.8043
      vertex 44.7959 30.0486 80.5044
      vertex 44.7903 30.1369 80.5075
    endloop
  endfacet
  facet normal 0.705595 0.0691323 -0.705235
    outer loop
      vertex 44.7959 30.0486 80.5044
      vertex 45.0679 30.3318 80.8043
      vertex 44.7987 30.0037 80.5028
    endloop
  endfacet
  facet normal 0.625058 0.334122 -0.705454
    outer loop
      vertex 44.6534 30.615 80.5058
      vertex 44.814 30.9448 80.8043
      vertex 44.6908 30.5387 80.5028
    endloop
  endfacet
  facet normal 0.62437 0.334743 -0.705769
    outer loop
      vertex 44.632 30.6585 80.5075
      vertex 44.814 30.9448 80.8043
      vertex 44.6534 30.615 80.5058
    endloop
  endfacet
  facet normal 0.625581 0.33348 -0.705294
    outer loop
      vertex 44.814 30.9448 80.8043
      vertex 44.632 30.6585 80.5075
      vertex 44.5632 30.7772 80.5026
    endloop
  endfacet
  facet normal 0.705595 -0.0691323 -0.705235
    outer loop
      vertex 45.0679 29.6682 80.8043
      vertex 44.7959 29.9514 80.5044
      vertex 44.7987 29.9963 80.5028
    endloop
  endfacet
  facet normal 0.705695 -0.0682585 -0.70522
    outer loop
      vertex 44.7838 29.815 80.5058
      vertex 45.0679 29.6682 80.8043
      vertex 44.7721 29.7271 80.5026
    endloop
  endfacet
  facet normal 0.705066 -0.0703395 -0.705645
    outer loop
      vertex 44.7903 29.8631 80.5075
      vertex 45.0679 29.6682 80.8043
      vertex 44.7838 29.815 80.5058
    endloop
  endfacet
  facet normal 0.705393 -0.0695011 -0.705401
    outer loop
      vertex 44.7959 29.9514 80.5044
      vertex 45.0679 29.6682 80.8043
      vertex 44.7903 29.8631 80.5075
    endloop
  endfacet
  facet normal 0.64371 -0.528306 -0.553652
    outer loop
      vertex 44.7719 28.6281 81.1629
      vertex 44.6025 28.7975 80.8043
      vertex 44.814 29.0552 80.8043
    endloop
  endfacet
  facet normal 0.95693 -0.290318 0
    outer loop
      vertex 45.4227 29.1622 82.4156
      vertex 45.5473 29.5729 81.9844
      vertex 45.5473 29.5729 82.4156
    endloop
  endfacet
  facet normal 0.95693 -0.290318 0
    outer loop
      vertex 45.5473 29.5729 81.9844
      vertex 45.4227 29.1622 82.4156
      vertex 45.4227 29.1622 81.9844
    endloop
  endfacet
  facet normal 0.705355 0.0695151 -0.705438
    outer loop
      vertex 45.1006 30 80.8043
      vertex 44.7987 30.0037 80.5028
      vertex 45.0679 30.3318 80.8043
    endloop
  endfacet
  facet normal 0.70505 0.0762216 -0.70505
    outer loop
      vertex 44.7987 30.0037 80.5028
      vertex 45.1006 30 80.8043
      vertex 44.7989 30 80.5026
    endloop
  endfacet
  facet normal 0.884725 -0.268334 -0.381127
    outer loop
      vertex 45.345 29.1943 81.5614
      vertex 45.1925 29.2575 81.1629
      vertex 45.3029 29.6215 81.1629
    endloop
  endfacet
  facet normal 0.734383 0.39267 -0.553617
    outer loop
      vertex 44.9712 30.6508 80.8043
      vertex 44.814 30.9448 80.8043
      vertex 45.1925 30.7425 81.1629
    endloop
  endfacet
  facet normal 0.714623 0.586526 -0.381185
    outer loop
      vertex 45.0132 31.0779 81.1629
      vertex 44.7719 31.3719 81.1629
      vertex 45.1505 31.1696 81.5614
    endloop
  endfacet
  facet normal 0.865172 0.462424 0.194013
    outer loop
      vertex 45.4227 30.8378 82.4156
      vertex 45.1505 31.1696 82.8386
      vertex 45.345 30.8057 82.8386
    endloop
  endfacet
  facet normal 0.554721 -0.0547999 0.83023
    outer loop
      vertex 44.7957 30 83.9006
      vertex 44.4371 30 84.1402
      vertex 44.7688 29.7277 83.9006
    endloop
  endfacet
  facet normal 0.586518 -0.714614 0.381213
    outer loop
      vertex 44.7719 28.6281 83.2371
      vertex 44.4779 28.3868 83.2371
      vertex 44.8886 28.5113 82.8386
    endloop
  endfacet
  facet normal 0.92004 -0.0907271 0.381176
    outer loop
      vertex 45.5053 30 82.8386
      vertex 45.3402 30 83.2371
      vertex 45.4648 29.5893 82.8386
    endloop
  endfacet
  facet normal 0.884728 -0.26833 0.381123
    outer loop
      vertex 45.4648 29.5893 82.8386
      vertex 45.3029 29.6215 83.2371
      vertex 45.345 29.1943 82.8386
    endloop
  endfacet
  facet normal 0.93875 0.284715 0.194128
    outer loop
      vertex 45.5473 30.4271 82.4156
      vertex 45.345 30.8057 82.8386
      vertex 45.4648 30.4107 82.8386
    endloop
  endfacet
  facet normal 0.547894 0.449713 0.705387
    outer loop
      vertex 44.814 30.9448 83.5957
      vertex 44.3869 30.9869 83.9006
      vertex 44.5605 30.7754 83.9006
    endloop
  endfacet
  facet normal 0.705396 -0.0695191 0.705396
    outer loop
      vertex 45.1006 30 83.5957
      vertex 44.7957 30 83.9006
      vertex 45.0679 29.6682 83.5957
    endloop
  endfacet
  facet normal 0.734383 -0.39267 0.553617
    outer loop
      vertex 44.9712 29.3492 83.5957
      vertex 44.814 29.0552 83.5957
      vertex 45.1925 29.2575 83.2371
    endloop
  endfacet
  facet normal 0.471374 -0.881933 0
    outer loop
      vertex 44.2379 27.9773 81.9844
      vertex 44.6164 28.1796 82.4156
      vertex 44.2379 27.9773 82.4156
    endloop
  endfacet
  facet normal 0.471374 -0.881933 0
    outer loop
      vertex 44.6164 28.1796 82.4156
      vertex 44.2379 27.9773 81.9844
      vertex 44.6164 28.1796 81.9844
    endloop
  endfacet
  facet normal 0.622342 -0.758316 0.194027
    outer loop
      vertex 44.8886 28.5113 82.8386
      vertex 44.5696 28.2495 82.8386
      vertex 44.9481 28.4519 82.4156
    endloop
  endfacet
  facet normal 0.714623 -0.586524 0.381186
    outer loop
      vertex 45.1505 28.8304 82.8386
      vertex 44.7719 28.6281 83.2371
      vertex 44.8886 28.5113 82.8386
    endloop
  endfacet
  facet normal 0.643697 -0.528313 0.553661
    outer loop
      vertex 44.814 29.0552 83.5957
      vertex 44.7719 28.6281 83.2371
      vertex 45.0132 28.9221 83.2371
    endloop
  endfacet
  facet normal 0.976251 -0.0962308 -0.194096
    outer loop
      vertex 45.5473 29.5729 81.9844
      vertex 45.5053 30 81.5614
      vertex 45.5894 30 81.9844
    endloop
  endfacet
  facet normal 0.772918 -0.634506 0
    outer loop
      vertex 44.9481 28.4519 82.4156
      vertex 45.2204 28.7836 81.9844
      vertex 45.2204 28.7836 82.4156
    endloop
  endfacet
  facet normal 0.772918 -0.634506 0
    outer loop
      vertex 45.2204 28.7836 81.9844
      vertex 44.9481 28.4519 82.4156
      vertex 44.9481 28.4519 81.9844
    endloop
  endfacet
  facet normal 0.714623 -0.586526 -0.381185
    outer loop
      vertex 45.1505 28.8304 81.5614
      vertex 44.7719 28.6281 81.1629
      vertex 45.0132 28.9221 81.1629
    endloop
  endfacet
  facet normal 0.815304 -0.43585 -0.381201
    outer loop
      vertex 45.1505 28.8304 81.5614
      vertex 45.0132 28.9221 81.1629
      vertex 45.1925 29.2575 81.1629
    endloop
  endfacet
  facet normal 0.284716 -0.938753 -0.194111
    outer loop
      vertex 44.2379 27.9773 81.9844
      vertex 43.8107 27.9352 81.5614
      vertex 44.2057 28.055 81.5614
    endloop
  endfacet
  facet normal 0.0962301 -0.976244 -0.194133
    outer loop
      vertex 43.8271 27.8527 81.9844
      vertex 43.4 27.8106 81.9844
      vertex 43.8107 27.9352 81.5614
    endloop
  endfacet
  facet normal 0.528316 -0.643701 -0.553652
    outer loop
      vertex 44.7719 28.6281 81.1629
      vertex 44.4779 28.3868 81.1629
      vertex 44.6025 28.7975 80.8043
    endloop
  endfacet
  facet normal 0.622342 -0.758316 -0.194027
    outer loop
      vertex 44.9481 28.4519 81.9844
      vertex 44.5696 28.2495 81.5614
      vertex 44.8886 28.5113 81.5614
    endloop
  endfacet
  facet normal 0.367855 0.111528 0.923171
    outer loop
      vertex 44.3581 30.3969 84.1402
      vertex 43.99 30.2444 84.3053
      vertex 44.4171 30.2023 84.1402
    endloop
  endfacet
  facet normal 0.339019 0.181138 0.923177
    outer loop
      vertex 44.2623 30.5762 84.1402
      vertex 43.99 30.2444 84.3053
      vertex 44.3581 30.3969 84.1402
    endloop
  endfacet
  facet normal 0.205603 0.678256 0.705476
    outer loop
      vertex 43.7318 31.6679 83.5957
      vertex 43.6723 31.3688 83.9006
      vertex 44.0508 31.5712 83.5957
    endloop
  endfacet
  facet normal 0.0696751 0.705298 0.705478
    outer loop
      vertex 43.7318 31.6679 83.5957
      vertex 43.4 31.3957 83.9006
      vertex 43.6723 31.3688 83.9006
    endloop
  endfacet
  facet normal 0.449713 0.547894 0.705387
    outer loop
      vertex 44.3448 31.414 83.5957
      vertex 44.1754 31.1605 83.9006
      vertex 44.3869 30.9869 83.9006
    endloop
  endfacet
  facet normal 0.333985 0.625217 0.705378
    outer loop
      vertex 44.3448 31.414 83.5957
      vertex 43.9341 31.2894 83.9006
      vertex 44.1754 31.1605 83.9006
    endloop
  endfacet
  facet normal 0.151472 0.124245 0.980622
    outer loop
      vertex 43.8516 30.4516 84.3053
      vertex 43.5793 30.1198 84.3894
      vertex 43.931 30.3548 84.3053
    endloop
  endfacet
  facet normal -0.181171 0.339005 0.923175
    outer loop
      vertex 43.1556 30.59 84.3053
      vertex 43.0031 30.9581 84.1402
      vertex 43.0452 30.531 84.3053
    endloop
  endfacet
  facet normal 0.161727 0.533424 0.830243
    outer loop
      vertex 43.6723 31.3688 83.9006
      vertex 43.6023 31.0171 84.1402
      vertex 43.7969 30.9581 84.1402
    endloop
  endfacet
  facet normal 0.0547983 0.554705 0.830241
    outer loop
      vertex 43.6723 31.3688 83.9006
      vertex 43.4 31.3957 83.9006
      vertex 43.6023 31.0171 84.1402
    endloop
  endfacet
  facet normal 0.392593 0.734388 0.553665
    outer loop
      vertex 44.4779 31.6132 83.2371
      vertex 44.1425 31.7925 83.2371
      vertex 44.3448 31.414 83.5957
    endloop
  endfacet
  facet normal 0.734383 0.39267 0.553617
    outer loop
      vertex 45.1925 30.7425 83.2371
      vertex 44.814 30.9448 83.5957
      vertex 44.9712 30.6508 83.5957
    endloop
  endfacet
  facet normal 0.705298 0.0696751 0.705478
    outer loop
      vertex 45.0679 30.3318 83.5957
      vertex 44.7688 30.2723 83.9006
      vertex 44.7957 30 83.9006
    endloop
  endfacet
  facet normal 0.705396 0.0695191 0.705396
    outer loop
      vertex 45.0679 30.3318 83.5957
      vertex 44.7957 30 83.9006
      vertex 45.1006 30 83.5957
    endloop
  endfacet
  facet normal 0.734388 0.392593 0.553665
    outer loop
      vertex 45.0132 31.0779 83.2371
      vertex 44.814 30.9448 83.5957
      vertex 45.1925 30.7425 83.2371
    endloop
  endfacet
  facet normal 0.643697 0.528313 0.553661
    outer loop
      vertex 45.0132 31.0779 83.2371
      vertex 44.7719 31.3719 83.2371
      vertex 44.814 30.9448 83.5957
    endloop
  endfacet
  facet normal -0.865207 0.462312 -0.194123
    outer loop
      vertex 41.6495 31.1696 81.5614
      vertex 41.3773 30.8378 81.9844
      vertex 41.5796 31.2164 81.9844
    endloop
  endfacet
  facet normal -0.865172 0.462424 0.194013
    outer loop
      vertex 41.6495 31.1696 82.8386
      vertex 41.3773 30.8378 82.4156
      vertex 41.455 30.8057 82.8386
    endloop
  endfacet
  facet normal -0.203732 0.679074 -0.705232
    outer loop
      vertex 42.7492 31.5712 80.8043
      vertex 42.9107 31.3082 80.5044
      vertex 42.8646 31.2925 80.5026
    endloop
  endfacet
  facet normal -0.205331 0.678563 -0.70526
    outer loop
      vertex 43.08 31.3596 80.5044
      vertex 42.7492 31.5712 80.8043
      vertex 43.1235 31.3711 80.5028
    endloop
  endfacet
  facet normal -0.20566 0.678288 -0.705429
    outer loop
      vertex 42.9945 31.3369 80.5075
      vertex 42.7492 31.5712 80.8043
      vertex 43.08 31.3596 80.5044
    endloop
  endfacet
  facet normal -0.206103 0.678005 -0.705572
    outer loop
      vertex 42.9107 31.3082 80.5044
      vertex 42.7492 31.5712 80.8043
      vertex 42.9945 31.3369 80.5075
    endloop
  endfacet
  facet normal 0.0962301 0.976244 0.194133
    outer loop
      vertex 43.8271 32.1473 82.4156
      vertex 43.4 32.1894 82.4156
      vertex 43.8107 32.0648 82.8386
    endloop
  endfacet
  facet normal 0.284731 0.938745 0.194128
    outer loop
      vertex 43.8271 32.1473 82.4156
      vertex 43.8107 32.0648 82.8386
      vertex 44.2379 32.0227 82.4156
    endloop
  endfacet
  facet normal -0.93875 0.284715 0.194128
    outer loop
      vertex 41.455 30.8057 82.8386
      vertex 41.2527 30.4271 82.4156
      vertex 41.3352 30.4107 82.8386
    endloop
  endfacet
  facet normal -0.97624 0.0962691 0.194134
    outer loop
      vertex 41.3352 30.4107 82.8386
      vertex 41.2527 30.4271 82.4156
      vertex 41.2947 30 82.8386
    endloop
  endfacet
  facet normal -0.796877 0.24169 -0.55369
    outer loop
      vertex 41.7321 30.3318 80.8043
      vertex 41.4971 30.3785 81.1629
      vertex 41.6075 30.7425 81.1629
    endloop
  endfacet
  facet normal -0.884725 0.268334 -0.381127
    outer loop
      vertex 41.4971 30.3785 81.1629
      vertex 41.455 30.8057 81.5614
      vertex 41.6075 30.7425 81.1629
    endloop
  endfacet
  facet normal -0.471374 0.881933 0
    outer loop
      vertex 42.5621 32.0227 81.9844
      vertex 42.1836 31.8204 82.4156
      vertex 42.5621 32.0227 82.4156
    endloop
  endfacet
  facet normal -0.471374 0.881933 0
    outer loop
      vertex 42.1836 31.8204 82.4156
      vertex 42.5621 32.0227 81.9844
      vertex 42.1836 31.8204 81.9844
    endloop
  endfacet
  facet normal -0.828699 0.081671 -0.553704
    outer loop
      vertex 41.6994 30 80.8043
      vertex 41.4971 30.3785 81.1629
      vertex 41.7321 30.3318 80.8043
    endloop
  endfacet
  facet normal -0.624984 -0.334175 -0.705494
    outer loop
      vertex 41.8288 29.3492 80.8043
      vertex 42.1092 29.4613 80.5028
      vertex 41.986 29.0552 80.8043
    endloop
  endfacet
  facet normal -0.613322 -0.358604 -0.703732
    outer loop
      vertex 42.1092 29.4613 80.5028
      vertex 41.8288 29.3492 80.8043
      vertex 42.1075 29.4646 80.5026
    endloop
  endfacet
  facet normal -0.920067 -0.0906697 -0.381125
    outer loop
      vertex 41.4971 29.6215 81.1629
      vertex 41.3352 29.5893 81.5614
      vertex 41.4598 30 81.1629
    endloop
  endfacet
  facet normal 0.772918 0.634506 0
    outer loop
      vertex 45.2204 31.2164 82.4156
      vertex 44.9481 31.5481 81.9844
      vertex 44.9481 31.5481 82.4156
    endloop
  endfacet
  facet normal 0.772918 0.634506 0
    outer loop
      vertex 44.9481 31.5481 81.9844
      vertex 45.2204 31.2164 82.4156
      vertex 45.2204 31.2164 81.9844
    endloop
  endfacet
  facet normal 0.714572 0.586666 0.381065
    outer loop
      vertex 44.8886 31.4886 82.8386
      vertex 44.7719 31.3719 83.2371
      vertex 45.1505 31.1696 82.8386
    endloop
  endfacet
  facet normal 0.865207 0.462312 0.194123
    outer loop
      vertex 45.2204 31.2164 82.4156
      vertex 45.1505 31.1696 82.8386
      vertex 45.4227 30.8378 82.4156
    endloop
  endfacet
  facet normal 0.865207 0.462312 -0.194123
    outer loop
      vertex 45.4227 30.8378 81.9844
      vertex 45.1505 31.1696 81.5614
      vertex 45.2204 31.2164 81.9844
    endloop
  endfacet
  facet normal 0.586558 0.714663 -0.38106
    outer loop
      vertex 44.7719 31.3719 81.1629
      vertex 44.4779 31.6132 81.1629
      vertex 44.8886 31.4886 81.5614
    endloop
  endfacet
  facet normal 0.586636 0.714535 -0.38118
    outer loop
      vertex 44.8886 31.4886 81.5614
      vertex 44.4779 31.6132 81.1629
      vertex 44.5696 31.7505 81.5614
    endloop
  endfacet
  facet normal 0.471374 0.881933 -0
    outer loop
      vertex 44.6164 31.8204 81.9844
      vertex 44.2379 32.0227 82.4156
      vertex 44.6164 31.8204 82.4156
    endloop
  endfacet
  facet normal 0.471374 0.881933 0
    outer loop
      vertex 44.2379 32.0227 82.4156
      vertex 44.6164 31.8204 81.9844
      vertex 44.2379 32.0227 81.9844
    endloop
  endfacet
  facet normal -0.0980963 0.995177 0
    outer loop
      vertex 43.4 32.1894 81.9844
      vertex 42.9729 32.1473 82.4156
      vertex 43.4 32.1894 82.4156
    endloop
  endfacet
  facet normal -0.0980963 0.995177 0
    outer loop
      vertex 42.9729 32.1473 82.4156
      vertex 43.4 32.1894 81.9844
      vertex 42.9729 32.1473 81.9844
    endloop
  endfacet
  facet normal 0.205615 0.678295 -0.705435
    outer loop
      vertex 43.6765 31.3711 80.5028
      vertex 43.7318 31.6679 80.8043
      vertex 44.0508 31.5712 80.8043
    endloop
  endfacet
  facet normal 0.226099 0.673133 -0.70411
    outer loop
      vertex 43.7318 31.6679 80.8043
      vertex 43.6765 31.3711 80.5028
      vertex 43.6729 31.3721 80.5026
    endloop
  endfacet
  facet normal 0.241589 0.796967 -0.553604
    outer loop
      vertex 44.0508 31.5712 80.8043
      vertex 43.7318 31.6679 80.8043
      vertex 44.1425 31.7925 81.1629
    endloop
  endfacet
  facet normal -0.462414 0.865154 -0.194119
    outer loop
      vertex 42.5943 31.945 81.5614
      vertex 42.2304 31.7505 81.5614
      vertex 42.5621 32.0227 81.9844
    endloop
  endfacet
  facet normal -0.284716 0.938753 -0.194111
    outer loop
      vertex 42.5943 31.945 81.5614
      vertex 42.5621 32.0227 81.9844
      vertex 42.9893 32.0648 81.5614
    endloop
  endfacet
  facet normal -0.460739 0.539695 -0.704592
    outer loop
      vertex 42.6198 31.1609 80.5028
      vertex 42.4552 31.414 80.8043
      vertex 42.6228 31.1632 80.5026
    endloop
  endfacet
  facet normal -0.449664 0.547888 -0.705423
    outer loop
      vertex 42.4552 31.414 80.8043
      vertex 42.6198 31.1609 80.5028
      vertex 42.1975 31.2025 80.8043
    endloop
  endfacet
  facet normal -0.449859 0.547453 -0.705636
    outer loop
      vertex 42.5523 31.1093 80.5058
      vertex 42.1975 31.2025 80.8043
      vertex 42.6198 31.1609 80.5028
    endloop
  endfacet
  facet normal -0.449053 0.548802 -0.705101
    outer loop
      vertex 42.5137 31.0799 80.5075
      vertex 42.1975 31.2025 80.8043
      vertex 42.5523 31.1093 80.5058
    endloop
  endfacet
  facet normal -0.449806 0.547726 -0.705458
    outer loop
      vertex 42.4774 31.0479 80.5058
      vertex 42.1975 31.2025 80.8043
      vertex 42.5137 31.0799 80.5075
    endloop
  endfacet
  facet normal -0.449353 0.548278 -0.705318
    outer loop
      vertex 42.1975 31.2025 80.8043
      vertex 42.4774 31.0479 80.5058
      vertex 42.4108 30.9892 80.5026
    endloop
  endfacet
  facet normal -0.0686528 0.705724 -0.705153
    outer loop
      vertex 43.0682 31.6679 80.8043
      vertex 43.3114 31.3933 80.5058
      vertex 43.2631 31.3903 80.5075
    endloop
  endfacet
  facet normal -0.069785 0.705186 -0.70558
    outer loop
      vertex 43.3114 31.3933 80.5058
      vertex 43.0682 31.6679 80.8043
      vertex 43.3963 31.3987 80.5028
    endloop
  endfacet
  facet normal -0.0703395 0.705066 -0.705645
    outer loop
      vertex 43.215 31.3838 80.5058
      vertex 43.0682 31.6679 80.8043
      vertex 43.2631 31.3903 80.5075
    endloop
  endfacet
  facet normal -0.0682585 0.705695 -0.70522
    outer loop
      vertex 43.0682 31.6679 80.8043
      vertex 43.215 31.3838 80.5058
      vertex 43.1271 31.3721 80.5026
    endloop
  endfacet
  facet normal 0.367855 -0.111528 0.923171
    outer loop
      vertex 44.4171 29.7977 84.1402
      vertex 43.99 29.7556 84.3053
      vertex 44.3581 29.6031 84.1402
    endloop
  endfacet
  facet normal 0.0569507 -0.187437 0.980624
    outer loop
      vertex 43.6444 29.41 84.3053
      vertex 43.4825 29.8008 84.3894
      vertex 43.5246 29.3736 84.3053
    endloop
  endfacet
  facet normal -0.382578 0.0378228 0.923149
    outer loop
      vertex 42.3829 30.2023 84.1402
      vertex 42.3629 30 84.1402
      vertex 42.7736 30.1246 84.3053
    endloop
  endfacet
  facet normal -0.367914 0.111546 0.923145
    outer loop
      vertex 42.4419 30.3969 84.1402
      vertex 42.3829 30.2023 84.1402
      vertex 42.7736 30.1246 84.3053
    endloop
  endfacet
  facet normal -0.430788 0.353734 0.830237
    outer loop
      vertex 42.6667 30.7333 84.1402
      vertex 42.2395 30.7754 83.9006
      vertex 42.5377 30.5762 84.1402
    endloop
  endfacet
  facet normal -0.430818 0.353617 0.830271
    outer loop
      vertex 42.4131 30.9869 83.9006
      vertex 42.2395 30.7754 83.9006
      vertex 42.6667 30.7333 84.1402
    endloop
  endfacet
  facet normal 0.262686 0.491646 0.830229
    outer loop
      vertex 43.9341 31.2894 83.9006
      vertex 43.7969 30.9581 84.1402
      vertex 43.9762 30.8623 84.1402
    endloop
  endfacet
  facet normal 0.430788 0.353734 0.830237
    outer loop
      vertex 44.5605 30.7754 83.9006
      vertex 44.1333 30.7333 84.1402
      vertex 44.2623 30.5762 84.1402
    endloop
  endfacet
  facet normal 0.181133 0.339011 0.923181
    outer loop
      vertex 43.7969 30.9581 84.1402
      vertex 43.7548 30.531 84.3053
      vertex 43.9762 30.8623 84.1402
    endloop
  endfacet
  facet normal -0.0570625 0.187425 0.98062
    outer loop
      vertex 43.3579 30.2115 84.3894
      vertex 43.2754 30.6264 84.3053
      vertex 43.3175 30.1992 84.3894
    endloop
  endfacet
  facet normal 0.0570625 -0.187425 0.98062
    outer loop
      vertex 43.4825 29.8008 84.3894
      vertex 43.4421 29.7885 84.3894
      vertex 43.5246 29.3736 84.3053
    endloop
  endfacet
  facet normal 0 0 1
    outer loop
      vertex 43.6115 30.0421 84.3894
      vertex 43.6115 29.9579 84.3894
      vertex 43.6156 30 84.3894
    endloop
  endfacet
  facet normal 0 0 1
    outer loop
      vertex 43.5992 30.0825 84.3894
      vertex 43.6115 29.9579 84.3894
      vertex 43.6115 30.0421 84.3894
    endloop
  endfacet
  facet normal 0 0 1
    outer loop
      vertex 43.5992 30.0825 84.3894
      vertex 43.5992 29.9175 84.3894
      vertex 43.6115 29.9579 84.3894
    endloop
  endfacet
  facet normal 0 0 1
    outer loop
      vertex 43.5793 30.1198 84.3894
      vertex 43.5992 29.9175 84.3894
      vertex 43.5992 30.0825 84.3894
    endloop
  endfacet
  facet normal 0 0 1
    outer loop
      vertex 43.5793 30.1198 84.3894
      vertex 43.5793 29.8802 84.3894
      vertex 43.5992 29.9175 84.3894
    endloop
  endfacet
  facet normal 0 0 1
    outer loop
      vertex 43.5525 30.1525 84.3894
      vertex 43.5793 29.8802 84.3894
      vertex 43.5793 30.1198 84.3894
    endloop
  endfacet
  facet normal 0 0 1
    outer loop
      vertex 43.5525 30.1525 84.3894
      vertex 43.5525 29.8475 84.3894
      vertex 43.5793 29.8802 84.3894
    endloop
  endfacet
  facet normal 0 0 1
    outer loop
      vertex 43.5198 30.1793 84.3894
      vertex 43.5525 29.8475 84.3894
      vertex 43.5525 30.1525 84.3894
    endloop
  endfacet
  facet normal 0 0 1
    outer loop
      vertex 43.5198 30.1793 84.3894
      vertex 43.5198 29.8207 84.3894
      vertex 43.5525 29.8475 84.3894
    endloop
  endfacet
  facet normal 0 0 1
    outer loop
      vertex 43.4825 30.1992 84.3894
      vertex 43.5198 29.8207 84.3894
      vertex 43.5198 30.1793 84.3894
    endloop
  endfacet
  facet normal 0 0 1
    outer loop
      vertex 43.4825 30.1992 84.3894
      vertex 43.4825 29.8008 84.3894
      vertex 43.5198 29.8207 84.3894
    endloop
  endfacet
  facet normal 0 0 1
    outer loop
      vertex 43.4421 30.2115 84.3894
      vertex 43.4825 29.8008 84.3894
      vertex 43.4825 30.1992 84.3894
    endloop
  endfacet
  facet normal 0 0 1
    outer loop
      vertex 43.4421 30.2115 84.3894
      vertex 43.4421 29.7885 84.3894
      vertex 43.4825 29.8008 84.3894
    endloop
  endfacet
  facet normal 0 0 1
    outer loop
      vertex 43.4 30.2156 84.3894
      vertex 43.4421 29.7885 84.3894
      vertex 43.4421 30.2115 84.3894
    endloop
  endfacet
  facet normal 0 0 1
    outer loop
      vertex 43.4 30.2156 84.3894
      vertex 43.4 29.7844 84.3894
      vertex 43.4421 29.7885 84.3894
    endloop
  endfacet
  facet normal -0 0 1
    outer loop
      vertex 43.3579 30.2115 84.3894
      vertex 43.4 29.7844 84.3894
      vertex 43.4 30.2156 84.3894
    endloop
  endfacet
  facet normal 0 0 1
    outer loop
      vertex 43.3579 30.2115 84.3894
      vertex 43.3579 29.7885 84.3894
      vertex 43.4 29.7844 84.3894
    endloop
  endfacet
  facet normal -0 0 1
    outer loop
      vertex 43.3175 30.1992 84.3894
      vertex 43.3579 29.7885 84.3894
      vertex 43.3579 30.2115 84.3894
    endloop
  endfacet
  facet normal 0 0 1
    outer loop
      vertex 43.3175 30.1992 84.3894
      vertex 43.3175 29.8008 84.3894
      vertex 43.3579 29.7885 84.3894
    endloop
  endfacet
  facet normal -0 0 1
    outer loop
      vertex 43.2802 30.1793 84.3894
      vertex 43.3175 29.8008 84.3894
      vertex 43.3175 30.1992 84.3894
    endloop
  endfacet
  facet normal 0 0 1
    outer loop
      vertex 43.2802 30.1793 84.3894
      vertex 43.2802 29.8207 84.3894
      vertex 43.3175 29.8008 84.3894
    endloop
  endfacet
  facet normal -0 0 1
    outer loop
      vertex 43.2475 30.1525 84.3894
      vertex 43.2802 29.8207 84.3894
      vertex 43.2802 30.1793 84.3894
    endloop
  endfacet
  facet normal 0 0 1
    outer loop
      vertex 43.2475 30.1525 84.3894
      vertex 43.2475 29.8475 84.3894
      vertex 43.2802 29.8207 84.3894
    endloop
  endfacet
  facet normal -0 0 1
    outer loop
      vertex 43.2207 30.1198 84.3894
      vertex 43.2475 29.8475 84.3894
      vertex 43.2475 30.1525 84.3894
    endloop
  endfacet
  facet normal 0 0 1
    outer loop
      vertex 43.2207 30.1198 84.3894
      vertex 43.2207 29.8802 84.3894
      vertex 43.2475 29.8475 84.3894
    endloop
  endfacet
  facet normal -0 0 1
    outer loop
      vertex 43.2008 30.0825 84.3894
      vertex 43.2207 29.8802 84.3894
      vertex 43.2207 30.1198 84.3894
    endloop
  endfacet
  facet normal 0 0 1
    outer loop
      vertex 43.2008 30.0825 84.3894
      vertex 43.2008 29.9175 84.3894
      vertex 43.2207 29.8802 84.3894
    endloop
  endfacet
  facet normal -0 0 1
    outer loop
      vertex 43.1885 30.0421 84.3894
      vertex 43.2008 29.9175 84.3894
      vertex 43.2008 30.0825 84.3894
    endloop
  endfacet
  facet normal 0 0 1
    outer loop
      vertex 43.1885 30.0421 84.3894
      vertex 43.1885 29.9579 84.3894
      vertex 43.2008 29.9175 84.3894
    endloop
  endfacet
  facet normal 0 -0 1
    outer loop
      vertex 43.1885 29.9579 84.3894
      vertex 43.1885 30.0421 84.3894
      vertex 43.1844 30 84.3894
    endloop
  endfacet
  facet normal -0.161727 0.533424 0.830243
    outer loop
      vertex 43.1277 31.3688 83.9006
      vertex 43.0031 30.9581 84.1402
      vertex 43.1977 31.0171 84.1402
    endloop
  endfacet
  facet normal 0.39267 0.734383 0.553617
    outer loop
      vertex 44.1425 31.7925 83.2371
      vertex 44.0508 31.5712 83.5957
      vertex 44.3448 31.414 83.5957
    endloop
  endfacet
  facet normal 0.43585 0.815304 0.381201
    outer loop
      vertex 44.5696 31.7505 82.8386
      vertex 44.1425 31.7925 83.2371
      vertex 44.4779 31.6132 83.2371
    endloop
  endfacet
  facet normal 0.0816713 0.828701 0.5537
    outer loop
      vertex 43.4 31.9402 83.2371
      vertex 43.4 31.7006 83.5957
      vertex 43.7318 31.6679 83.5957
    endloop
  endfacet
  facet normal 0.0906697 0.920067 0.381125
    outer loop
      vertex 43.8107 32.0648 82.8386
      vertex 43.4 31.9402 83.2371
      vertex 43.7785 31.9029 83.2371
    endloop
  endfacet
  facet normal -0.547902 0.449675 0.705404
    outer loop
      vertex 42.1975 31.2025 83.5957
      vertex 41.986 30.9448 83.5957
      vertex 42.4131 30.9869 83.9006
    endloop
  endfacet
  facet normal -0.449701 0.547879 0.705406
    outer loop
      vertex 42.6246 31.1605 83.9006
      vertex 42.1975 31.2025 83.5957
      vertex 42.4131 30.9869 83.9006
    endloop
  endfacet
  facet normal -0.624964 0.334165 0.705516
    outer loop
      vertex 41.986 30.9448 83.5957
      vertex 41.8288 30.6508 83.5957
      vertex 42.1106 30.5341 83.9006
    endloop
  endfacet
  facet normal -0.491666 0.262643 0.830231
    outer loop
      vertex 42.2395 30.7754 83.9006
      vertex 42.1106 30.5341 83.9006
      vertex 42.4419 30.3969 84.1402
    endloop
  endfacet
  facet normal -0.938741 0.284799 0.194048
    outer loop
      vertex 41.3773 30.8378 82.4156
      vertex 41.2527 30.4271 82.4156
      vertex 41.455 30.8057 82.8386
    endloop
  endfacet
  facet normal 0.734383 -0.39267 -0.553617
    outer loop
      vertex 45.1925 29.2575 81.1629
      vertex 44.814 29.0552 80.8043
      vertex 44.9712 29.3492 80.8043
    endloop
  endfacet
  facet normal -0.336162 -0.624227 -0.705221
    outer loop
      vertex 42.7492 28.4288 80.8043
      vertex 42.8209 28.729 80.5044
      vertex 42.8646 28.7075 80.5026
    endloop
  endfacet
  facet normal -0.333807 -0.625118 -0.70555
    outer loop
      vertex 42.7492 28.4288 80.8043
      vertex 42.7415 28.7679 80.5075
      vertex 42.8209 28.729 80.5044
    endloop
  endfacet
  facet normal -0.334522 -0.62496 -0.705351
    outer loop
      vertex 42.7492 28.4288 80.8043
      vertex 42.6995 28.7923 80.5058
      vertex 42.7415 28.7679 80.5075
    endloop
  endfacet
  facet normal -0.334298 -0.624993 -0.705428
    outer loop
      vertex 42.6995 28.7923 80.5058
      vertex 42.7492 28.4288 80.8043
      vertex 42.626 28.835 80.5028
    endloop
  endfacet
  facet normal 0.435799 -0.815359 -0.381141
    outer loop
      vertex 44.2057 28.055 81.5614
      vertex 44.1425 28.2075 81.1629
      vertex 44.5696 28.2495 81.5614
    endloop
  endfacet
  facet normal 0.26833 -0.884727 -0.381127
    outer loop
      vertex 44.2057 28.055 81.5614
      vertex 43.8107 27.9352 81.5614
      vertex 44.1425 28.2075 81.1629
    endloop
  endfacet
  facet normal 0.24169 -0.796877 -0.55369
    outer loop
      vertex 43.7785 28.0971 81.1629
      vertex 43.7318 28.3321 80.8043
      vertex 44.1425 28.2075 81.1629
    endloop
  endfacet
  facet normal -0.92004 -0.0907271 -0.381176
    outer loop
      vertex 41.3352 29.5893 81.5614
      vertex 41.2947 30 81.5614
      vertex 41.4598 30 81.1629
    endloop
  endfacet
  facet normal -0.995177 -0.0980963 0
    outer loop
      vertex 41.2527 29.5729 81.9844
      vertex 41.2106 30 82.4156
      vertex 41.2106 30 81.9844
    endloop
  endfacet
  facet normal -0.995177 -0.0980963 0
    outer loop
      vertex 41.2106 30 82.4156
      vertex 41.2527 29.5729 81.9844
      vertex 41.2527 29.5729 82.4156
    endloop
  endfacet
  facet normal -0.92004 0.0907271 -0.381176
    outer loop
      vertex 41.4598 30 81.1629
      vertex 41.2947 30 81.5614
      vertex 41.3352 30.4107 81.5614
    endloop
  endfacet
  facet normal -0.0696751 -0.705298 0.705478
    outer loop
      vertex 43.1277 28.6312 83.9006
      vertex 43.0682 28.3321 83.5957
      vertex 43.4 28.6043 83.9006
    endloop
  endfacet
  facet normal -0.36777 -0.111743 0.923179
    outer loop
      vertex 42.7736 29.8754 84.3053
      vertex 42.4419 29.6031 84.1402
      vertex 42.81 29.7556 84.3053
    endloop
  endfacet
  facet normal -0.12425 -0.151478 0.98062
    outer loop
      vertex 43.2475 29.8475 84.3894
      vertex 42.9484 29.5484 84.3053
      vertex 43.0452 29.469 84.3053
    endloop
  endfacet
  facet normal 0.172831 0.0922073 0.980626
    outer loop
      vertex 43.99 30.2444 84.3053
      vertex 43.5793 30.1198 84.3894
      vertex 43.5992 30.0825 84.3894
    endloop
  endfacet
  facet normal 0.111743 -0.36777 0.923179
    outer loop
      vertex 43.6444 29.41 84.3053
      vertex 43.5246 29.3736 84.3053
      vertex 43.7969 29.0419 84.1402
    endloop
  endfacet
  facet normal 0.161727 -0.533424 0.830243
    outer loop
      vertex 43.7969 29.0419 84.1402
      vertex 43.6023 28.9829 84.1402
      vertex 43.6723 28.6312 83.9006
    endloop
  endfacet
  facet normal 0.625217 -0.333985 0.705378
    outer loop
      vertex 44.6894 29.4659 83.9006
      vertex 44.5605 29.2246 83.9006
      vertex 44.814 29.0552 83.5957
    endloop
  endfacet
  facet normal 0.392593 -0.734388 0.553665
    outer loop
      vertex 44.3448 28.586 83.5957
      vertex 44.1425 28.2075 83.2371
      vertex 44.4779 28.3868 83.2371
    endloop
  endfacet
  facet normal 0.547902 -0.449675 0.705404
    outer loop
      vertex 44.814 29.0552 83.5957
      vertex 44.3869 29.0131 83.9006
      vertex 44.6025 28.7975 83.5957
    endloop
  endfacet
  facet normal 0.367866 -0.111772 0.923137
    outer loop
      vertex 44.0264 29.8754 84.3053
      vertex 43.99 29.7556 84.3053
      vertex 44.4171 29.7977 84.1402
    endloop
  endfacet
  facet normal 0.382578 -0.0378228 0.923149
    outer loop
      vertex 44.4371 30 84.1402
      vertex 44.0264 29.8754 84.3053
      vertex 44.4171 29.7977 84.1402
    endloop
  endfacet
  facet normal 0.554698 -0.0548392 0.830242
    outer loop
      vertex 44.4371 30 84.1402
      vertex 44.4171 29.7977 84.1402
      vertex 44.7688 29.7277 83.9006
    endloop
  endfacet
  facet normal 0.284731 -0.938745 0.194128
    outer loop
      vertex 44.2379 27.9773 82.4156
      vertex 43.8107 27.9352 82.8386
      vertex 43.8271 27.8527 82.4156
    endloop
  endfacet
  facet normal 0.0548413 -0.55472 0.830228
    outer loop
      vertex 43.4 28.9629 84.1402
      vertex 43.4 28.6043 83.9006
      vertex 43.6023 28.9829 84.1402
    endloop
  endfacet
  facet normal 0.24169 -0.796877 0.55369
    outer loop
      vertex 44.1425 28.2075 83.2371
      vertex 43.7318 28.3321 83.5957
      vertex 43.7785 28.0971 83.2371
    endloop
  endfacet
  facet normal -0.268335 -0.884727 0.381123
    outer loop
      vertex 43.0215 28.0971 83.2371
      vertex 42.6575 28.2075 83.2371
      vertex 42.9893 27.9352 82.8386
    endloop
  endfacet
  facet normal -0.0906697 -0.920067 0.381125
    outer loop
      vertex 43.0215 28.0971 83.2371
      vertex 42.9893 27.9352 82.8386
      vertex 43.4 28.0598 83.2371
    endloop
  endfacet
  facet normal 0.0962698 -0.976247 0.194096
    outer loop
      vertex 43.4 27.8947 82.8386
      vertex 43.4 27.8106 82.4156
      vertex 43.8107 27.9352 82.8386
    endloop
  endfacet
  facet normal 0.0907271 -0.92004 0.381176
    outer loop
      vertex 43.4 28.0598 83.2371
      vertex 43.4 27.8947 82.8386
      vertex 43.8107 27.9352 82.8386
    endloop
  endfacet
  facet normal -0.284731 -0.938745 -0.194128
    outer loop
      vertex 42.9729 27.8527 81.9844
      vertex 42.5621 27.9773 81.9844
      vertex 42.9893 27.9352 81.5614
    endloop
  endfacet
  facet normal -0.0962301 -0.976244 -0.194133
    outer loop
      vertex 43.4 27.8106 81.9844
      vertex 42.9729 27.8527 81.9844
      vertex 42.9893 27.9352 81.5614
    endloop
  endfacet
  facet normal -0.734383 -0.39267 0.553617
    outer loop
      vertex 41.8288 29.3492 83.5957
      vertex 41.6075 29.2575 83.2371
      vertex 41.986 29.0552 83.5957
    endloop
  endfacet
  facet normal -0.734388 -0.392593 0.553665
    outer loop
      vertex 41.986 29.0552 83.5957
      vertex 41.6075 29.2575 83.2371
      vertex 41.7868 28.9221 83.2371
    endloop
  endfacet
  facet normal -0.43585 -0.815304 0.381201
    outer loop
      vertex 42.3221 28.3868 83.2371
      vertex 42.2304 28.2495 82.8386
      vertex 42.6575 28.2075 83.2371
    endloop
  endfacet
  facet normal -0.5865 -0.714643 0.381186
    outer loop
      vertex 42.3221 28.3868 83.2371
      vertex 41.9114 28.5113 82.8386
      vertex 42.2304 28.2495 82.8386
    endloop
  endfacet
  facet normal -0.678214 -0.20559 0.70552
    outer loop
      vertex 42.1106 29.4659 83.9006
      vertex 41.7321 29.6682 83.5957
      vertex 41.8288 29.3492 83.5957
    endloop
  endfacet
  facet normal -0.678232 -0.205698 0.705471
    outer loop
      vertex 42.0312 29.7277 83.9006
      vertex 41.7321 29.6682 83.5957
      vertex 42.1106 29.4659 83.9006
    endloop
  endfacet
  facet normal -0.241589 -0.796967 0.553604
    outer loop
      vertex 42.7492 28.4288 83.5957
      vertex 42.6575 28.2075 83.2371
      vertex 43.0682 28.3321 83.5957
    endloop
  endfacet
  facet normal -0.449701 -0.547879 0.705406
    outer loop
      vertex 42.4131 29.0131 83.9006
      vertex 42.1975 28.7975 83.5957
      vertex 42.6246 28.8395 83.9006
    endloop
  endfacet
  facet normal -0.151534 -0.124193 0.980619
    outer loop
      vertex 43.2207 29.8802 84.3894
      vertex 42.9484 29.5484 84.3053
      vertex 43.2475 29.8475 84.3894
    endloop
  endfacet
  facet normal -0.111743 -0.36777 0.923179
    outer loop
      vertex 43.1556 29.41 84.3053
      vertex 43.0031 29.0419 84.1402
      vertex 43.2754 29.3736 84.3053
    endloop
  endfacet
  facet normal -0.828702 -0.081666 -0.5537
    outer loop
      vertex 41.4971 29.6215 81.1629
      vertex 41.4598 30 81.1629
      vertex 41.6994 30 80.8043
    endloop
  endfacet
  facet normal 0.64371 0.528306 -0.553652
    outer loop
      vertex 44.814 30.9448 80.8043
      vertex 44.6025 31.2025 80.8043
      vertex 44.7719 31.3719 81.1629
    endloop
  endfacet
  facet normal 0.547911 0.449682 -0.705393
    outer loop
      vertex 44.3917 30.9864 80.5028
      vertex 44.6025 31.2025 80.8043
      vertex 44.814 30.9448 80.8043
    endloop
  endfacet
  facet normal 0.553355 0.443715 -0.704922
    outer loop
      vertex 44.6025 31.2025 80.8043
      vertex 44.3917 30.9864 80.5028
      vertex 44.3892 30.9892 80.5026
    endloop
  endfacet
  facet normal 0.734388 0.392593 -0.553665
    outer loop
      vertex 45.1925 30.7425 81.1629
      vertex 44.814 30.9448 80.8043
      vertex 45.0132 31.0779 81.1629
    endloop
  endfacet
  facet normal 0.815304 0.43585 -0.381201
    outer loop
      vertex 45.1925 30.7425 81.1629
      vertex 45.0132 31.0779 81.1629
      vertex 45.1505 31.1696 81.5614
    endloop
  endfacet
  facet normal 0.678202 0.206525 -0.705258
    outer loop
      vertex 44.7493 30.3587 80.5058
      vertex 45.0679 30.3318 80.8043
      vertex 44.7721 30.2729 80.5026
    endloop
  endfacet
  facet normal 0.678319 0.205352 -0.705489
    outer loop
      vertex 44.7369 30.4055 80.5075
      vertex 45.0679 30.3318 80.8043
      vertex 44.7493 30.3587 80.5058
    endloop
  endfacet
  facet normal 0.678308 0.20589 -0.705343
    outer loop
      vertex 44.7212 30.4514 80.5058
      vertex 45.0679 30.3318 80.8043
      vertex 44.7369 30.4055 80.5075
    endloop
  endfacet
  facet normal 0.678297 0.205683 -0.705413
    outer loop
      vertex 45.0679 30.3318 80.8043
      vertex 44.7212 30.4514 80.5058
      vertex 44.6937 30.5318 80.5028
    endloop
  endfacet
  facet normal 0.70505 -0.0762216 -0.70505
    outer loop
      vertex 45.1006 30 80.8043
      vertex 44.7987 29.9963 80.5028
      vertex 44.7989 30 80.5026
    endloop
  endfacet
  facet normal 0.705355 -0.0695151 -0.705438
    outer loop
      vertex 44.7987 29.9963 80.5028
      vertex 45.1006 30 80.8043
      vertex 45.0679 29.6682 80.8043
    endloop
  endfacet
  facet normal 0.613322 -0.358604 -0.703732
    outer loop
      vertex 44.9712 29.3492 80.8043
      vertex 44.6908 29.4613 80.5028
      vertex 44.6925 29.4646 80.5026
    endloop
  endfacet
  facet normal 0.624984 -0.334175 -0.705494
    outer loop
      vertex 44.6908 29.4613 80.5028
      vertex 44.9712 29.3492 80.8043
      vertex 44.814 29.0552 80.8043
    endloop
  endfacet
  facet normal 0.828699 -0.0816658 -0.553704
    outer loop
      vertex 45.3029 29.6215 81.1629
      vertex 45.0679 29.6682 80.8043
      vertex 45.3402 30 81.1629
    endloop
  endfacet
  facet normal 0.796877 -0.24169 -0.55369
    outer loop
      vertex 45.1925 29.2575 81.1629
      vertex 45.0679 29.6682 80.8043
      vertex 45.3029 29.6215 81.1629
    endloop
  endfacet
  facet normal 0.92004 0.0907271 -0.381176
    outer loop
      vertex 45.5053 30 81.5614
      vertex 45.3402 30 81.1629
      vertex 45.4648 30.4107 81.5614
    endloop
  endfacet
  facet normal 0.920067 0.0906697 -0.381125
    outer loop
      vertex 45.3402 30 81.1629
      vertex 45.3029 30.3785 81.1629
      vertex 45.4648 30.4107 81.5614
    endloop
  endfacet
  facet normal 0.796967 -0.241589 0.553604
    outer loop
      vertex 45.0679 29.6682 83.5957
      vertex 44.9712 29.3492 83.5957
      vertex 45.1925 29.2575 83.2371
    endloop
  endfacet
  facet normal 0.678214 -0.20559 0.70552
    outer loop
      vertex 45.0679 29.6682 83.5957
      vertex 44.6894 29.4659 83.9006
      vertex 44.9712 29.3492 83.5957
    endloop
  endfacet
  facet normal 0.678232 -0.205698 0.705471
    outer loop
      vertex 44.7688 29.7277 83.9006
      vertex 44.6894 29.4659 83.9006
      vertex 45.0679 29.6682 83.5957
    endloop
  endfacet
  facet normal 0.705298 -0.0696751 0.705478
    outer loop
      vertex 44.7957 30 83.9006
      vertex 44.7688 29.7277 83.9006
      vertex 45.0679 29.6682 83.5957
    endloop
  endfacet
  facet normal 0.714623 -0.586526 0.381185
    outer loop
      vertex 45.0132 28.9221 83.2371
      vertex 44.7719 28.6281 83.2371
      vertex 45.1505 28.8304 82.8386
    endloop
  endfacet
  facet normal 0.815304 -0.43585 0.381201
    outer loop
      vertex 45.1925 29.2575 83.2371
      vertex 45.0132 28.9221 83.2371
      vertex 45.1505 28.8304 82.8386
    endloop
  endfacet
  facet normal 0.865172 -0.462424 -0.194013
    outer loop
      vertex 45.4227 29.1622 81.9844
      vertex 45.1505 28.8304 81.5614
      vertex 45.345 29.1943 81.5614
    endloop
  endfacet
  facet normal 0.938741 -0.284799 -0.194048
    outer loop
      vertex 45.4227 29.1622 81.9844
      vertex 45.345 29.1943 81.5614
      vertex 45.5473 29.5729 81.9844
    endloop
  endfacet
  facet normal 0.290253 -0.95695 0
    outer loop
      vertex 43.8271 27.8527 81.9844
      vertex 44.2379 27.9773 82.4156
      vertex 43.8271 27.8527 82.4156
    endloop
  endfacet
  facet normal 0.290253 -0.95695 0
    outer loop
      vertex 44.2379 27.9773 82.4156
      vertex 43.8271 27.8527 81.9844
      vertex 44.2379 27.9773 81.9844
    endloop
  endfacet
  facet normal -0.0378228 0.382578 0.923149
    outer loop
      vertex 43.4 31.0371 84.1402
      vertex 43.1977 31.0171 84.1402
      vertex 43.2754 30.6264 84.3053
    endloop
  endfacet
  facet normal -0.0548413 0.55472 0.830228
    outer loop
      vertex 43.4 31.3957 83.9006
      vertex 43.1977 31.0171 84.1402
      vertex 43.4 31.0371 84.1402
    endloop
  endfacet
  facet normal 0.111743 0.36777 0.923179
    outer loop
      vertex 43.7969 30.9581 84.1402
      vertex 43.5246 30.6264 84.3053
      vertex 43.6444 30.59 84.3053
    endloop
  endfacet
  facet normal 0.111546 0.367914 0.923145
    outer loop
      vertex 43.6023 31.0171 84.1402
      vertex 43.5246 30.6264 84.3053
      vertex 43.7969 30.9581 84.1402
    endloop
  endfacet
  facet normal 0.491649 0.262634 0.830244
    outer loop
      vertex 44.5605 30.7754 83.9006
      vertex 44.2623 30.5762 84.1402
      vertex 44.6894 30.5341 83.9006
    endloop
  endfacet
  facet normal 0.625217 0.333985 0.705378
    outer loop
      vertex 44.814 30.9448 83.5957
      vertex 44.5605 30.7754 83.9006
      vertex 44.6894 30.5341 83.9006
    endloop
  endfacet
  facet normal 0.624964 0.334165 0.705516
    outer loop
      vertex 44.814 30.9448 83.5957
      vertex 44.6894 30.5341 83.9006
      vertex 44.9712 30.6508 83.5957
    endloop
  endfacet
  facet normal 0.678214 0.20559 0.70552
    outer loop
      vertex 44.9712 30.6508 83.5957
      vertex 44.6894 30.5341 83.9006
      vertex 45.0679 30.3318 83.5957
    endloop
  endfacet
  facet normal -0.714623 0.586526 -0.381185
    outer loop
      vertex 41.7868 31.0779 81.1629
      vertex 41.6495 31.1696 81.5614
      vertex 42.0281 31.3719 81.1629
    endloop
  endfacet
  facet normal -0.643697 0.528313 -0.553661
    outer loop
      vertex 41.986 30.9448 80.8043
      vertex 41.7868 31.0779 81.1629
      vertex 42.0281 31.3719 81.1629
    endloop
  endfacet
  facet normal -0.758203 0.622426 -0.194202
    outer loop
      vertex 41.9114 31.4886 81.5614
      vertex 41.5796 31.2164 81.9844
      vertex 41.8519 31.5481 81.9844
    endloop
  endfacet
  facet normal -0.75818 0.622468 -0.194157
    outer loop
      vertex 41.6495 31.1696 81.5614
      vertex 41.5796 31.2164 81.9844
      vertex 41.9114 31.4886 81.5614
    endloop
  endfacet
  facet normal 0.204114 0.678902 -0.705287
    outer loop
      vertex 43.8893 31.3082 80.5044
      vertex 44.0508 31.5712 80.8043
      vertex 43.9353 31.2925 80.5026
    endloop
  endfacet
  facet normal 0.206103 0.678005 -0.705572
    outer loop
      vertex 43.8055 31.3369 80.5075
      vertex 44.0508 31.5712 80.8043
      vertex 43.8893 31.3082 80.5044
    endloop
  endfacet
  facet normal 0.20566 0.678288 -0.705429
    outer loop
      vertex 43.72 31.3596 80.5044
      vertex 44.0508 31.5712 80.8043
      vertex 43.8055 31.3369 80.5075
    endloop
  endfacet
  facet normal 0.205331 0.678563 -0.70526
    outer loop
      vertex 44.0508 31.5712 80.8043
      vertex 43.72 31.3596 80.5044
      vertex 43.6765 31.3711 80.5028
    endloop
  endfacet
  facet normal 0.0907271 0.92004 0.381176
    outer loop
      vertex 43.4 32.1053 82.8386
      vertex 43.4 31.9402 83.2371
      vertex 43.8107 32.0648 82.8386
    endloop
  endfacet
  facet normal 0.0962698 0.976247 0.194096
    outer loop
      vertex 43.4 32.1894 82.4156
      vertex 43.4 32.1053 82.8386
      vertex 43.8107 32.0648 82.8386
    endloop
  endfacet
  facet normal 0.0980963 0.995177 -0
    outer loop
      vertex 43.8271 32.1473 81.9844
      vertex 43.4 32.1894 82.4156
      vertex 43.8271 32.1473 82.4156
    endloop
  endfacet
  facet normal 0.0980963 0.995177 0
    outer loop
      vertex 43.4 32.1894 82.4156
      vertex 43.8271 32.1473 81.9844
      vertex 43.4 32.1894 81.9844
    endloop
  endfacet
  facet normal -0.625348 0.33387 -0.705316
    outer loop
      vertex 42.1679 30.6585 80.5075
      vertex 41.986 30.9448 80.8043
      vertex 42.2368 30.7772 80.5026
    endloop
  endfacet
  facet normal -0.625321 0.333898 -0.705327
    outer loop
      vertex 42.129 30.5791 80.5044
      vertex 41.986 30.9448 80.8043
      vertex 42.1679 30.6585 80.5075
    endloop
  endfacet
  facet normal -0.624925 0.334217 -0.705527
    outer loop
      vertex 41.986 30.9448 80.8043
      vertex 42.129 30.5791 80.5044
      vertex 42.1092 30.5387 80.5028
    endloop
  endfacet
  facet normal -0.884728 0.26833 -0.381123
    outer loop
      vertex 41.4971 30.3785 81.1629
      vertex 41.3352 30.4107 81.5614
      vertex 41.455 30.8057 81.5614
    endloop
  endfacet
  facet normal -0.684242 0.18895 -0.704352
    outer loop
      vertex 42.1063 30.5318 80.5028
      vertex 41.8288 30.6508 80.8043
      vertex 42.1075 30.5354 80.5026
    endloop
  endfacet
  facet normal -0.678285 0.205612 -0.705446
    outer loop
      vertex 41.8288 30.6508 80.8043
      vertex 42.1063 30.5318 80.5028
      vertex 41.7321 30.3318 80.8043
    endloop
  endfacet
  facet normal -0.643697 -0.528313 -0.553661
    outer loop
      vertex 42.0281 28.6281 81.1629
      vertex 41.7868 28.9221 81.1629
      vertex 41.986 29.0552 80.8043
    endloop
  endfacet
  facet normal -0.734388 -0.392593 -0.553665
    outer loop
      vertex 41.7868 28.9221 81.1629
      vertex 41.6075 29.2575 81.1629
      vertex 41.986 29.0552 80.8043
    endloop
  endfacet
  facet normal 0.95693 0.290318 0
    outer loop
      vertex 45.5473 30.4271 82.4156
      vertex 45.4227 30.8378 81.9844
      vertex 45.4227 30.8378 82.4156
    endloop
  endfacet
  facet normal 0.95693 0.290318 0
    outer loop
      vertex 45.4227 30.8378 81.9844
      vertex 45.5473 30.4271 82.4156
      vertex 45.5473 30.4271 81.9844
    endloop
  endfacet
  facet normal 0.881985 0.471277 0
    outer loop
      vertex 45.4227 30.8378 82.4156
      vertex 45.2204 31.2164 81.9844
      vertex 45.2204 31.2164 82.4156
    endloop
  endfacet
  facet normal 0.881985 0.471277 0
    outer loop
      vertex 45.2204 31.2164 81.9844
      vertex 45.4227 30.8378 82.4156
      vertex 45.4227 30.8378 81.9844
    endloop
  endfacet
  facet normal 0.43585 0.815304 -0.381201
    outer loop
      vertex 44.4779 31.6132 81.1629
      vertex 44.1425 31.7925 81.1629
      vertex 44.5696 31.7505 81.5614
    endloop
  endfacet
  facet normal 0.622462 0.758173 -0.194203
    outer loop
      vertex 44.8886 31.4886 81.5614
      vertex 44.5696 31.7505 81.5614
      vertex 44.9481 31.5481 81.9844
    endloop
  endfacet
  facet normal 0.758173 0.622462 -0.194203
    outer loop
      vertex 45.1505 31.1696 81.5614
      vertex 44.8886 31.4886 81.5614
      vertex 44.9481 31.5481 81.9844
    endloop
  endfacet
  facet normal 0.714572 0.586666 -0.381065
    outer loop
      vertex 45.1505 31.1696 81.5614
      vertex 44.7719 31.3719 81.1629
      vertex 44.8886 31.4886 81.5614
    endloop
  endfacet
  facet normal 0.462407 0.865156 0.194125
    outer loop
      vertex 44.6164 31.8204 82.4156
      vertex 44.2379 32.0227 82.4156
      vertex 44.5696 31.7505 82.8386
    endloop
  endfacet
  facet normal 0.758173 0.622462 0.194203
    outer loop
      vertex 44.9481 31.5481 82.4156
      vertex 44.8886 31.4886 82.8386
      vertex 45.1505 31.1696 82.8386
    endloop
  endfacet
  facet normal -0.43585 0.815304 -0.381201
    outer loop
      vertex 42.3221 31.6132 81.1629
      vertex 42.2304 31.7505 81.5614
      vertex 42.6575 31.7925 81.1629
    endloop
  endfacet
  facet normal -0.435799 0.815359 -0.381141
    outer loop
      vertex 42.6575 31.7925 81.1629
      vertex 42.2304 31.7505 81.5614
      vertex 42.5943 31.945 81.5614
    endloop
  endfacet
  facet normal 0.0570625 0.187425 0.98062
    outer loop
      vertex 43.5246 30.6264 84.3053
      vertex 43.4421 30.2115 84.3894
      vertex 43.4825 30.1992 84.3894
    endloop
  endfacet
  facet normal 0.181171 0.339005 0.923175
    outer loop
      vertex 43.7969 30.9581 84.1402
      vertex 43.6444 30.59 84.3053
      vertex 43.7548 30.531 84.3053
    endloop
  endfacet
  facet normal -0.625217 0.333985 0.705378
    outer loop
      vertex 42.2395 30.7754 83.9006
      vertex 41.986 30.9448 83.5957
      vertex 42.1106 30.5341 83.9006
    endloop
  endfacet
  facet normal -0.491624 0.262675 0.830246
    outer loop
      vertex 42.5377 30.5762 84.1402
      vertex 42.2395 30.7754 83.9006
      vertex 42.4419 30.3969 84.1402
    endloop
  endfacet
  facet normal 0.338991 0.181164 0.923182
    outer loop
      vertex 44.2623 30.5762 84.1402
      vertex 43.931 30.3548 84.3053
      vertex 43.99 30.2444 84.3053
    endloop
  endfacet
  facet normal 0.172789 0.0923419 0.980621
    outer loop
      vertex 43.931 30.3548 84.3053
      vertex 43.5793 30.1198 84.3894
      vertex 43.99 30.2444 84.3053
    endloop
  endfacet
  facet normal 0.353697 0.430743 0.830276
    outer loop
      vertex 44.3869 30.9869 83.9006
      vertex 43.9762 30.8623 84.1402
      vertex 44.1333 30.7333 84.1402
    endloop
  endfacet
  facet normal 0.353645 0.430852 0.830242
    outer loop
      vertex 44.1754 31.1605 83.9006
      vertex 43.9762 30.8623 84.1402
      vertex 44.3869 30.9869 83.9006
    endloop
  endfacet
  facet normal 0.12425 0.151478 0.98062
    outer loop
      vertex 43.7548 30.531 84.3053
      vertex 43.5525 30.1525 84.3894
      vertex 43.8516 30.4516 84.3053
    endloop
  endfacet
  facet normal 0.124179 0.151517 0.980623
    outer loop
      vertex 43.7548 30.531 84.3053
      vertex 43.5198 30.1793 84.3894
      vertex 43.5525 30.1525 84.3894
    endloop
  endfacet
  facet normal -0.194995 0.01899 0.98062
    outer loop
      vertex 43.1885 30.0421 84.3894
      vertex 42.7736 30.1246 84.3053
      vertex 43.1844 30 84.3894
    endloop
  endfacet
  facet normal -0.353734 -0.430788 0.830237
    outer loop
      vertex 42.6667 29.2667 84.1402
      vertex 42.6246 28.8395 83.9006
      vertex 42.8238 29.1377 84.1402
    endloop
  endfacet
  facet normal 0.462414 0.865154 0.194119
    outer loop
      vertex 44.2379 32.0227 82.4156
      vertex 44.2057 31.945 82.8386
      vertex 44.5696 31.7505 82.8386
    endloop
  endfacet
  facet normal 0.586636 0.714535 0.38118
    outer loop
      vertex 44.5696 31.7505 82.8386
      vertex 44.4779 31.6132 83.2371
      vertex 44.8886 31.4886 82.8386
    endloop
  endfacet
  facet normal 0.0816658 0.828699 0.553704
    outer loop
      vertex 43.7785 31.9029 83.2371
      vertex 43.4 31.9402 83.2371
      vertex 43.7318 31.6679 83.5957
    endloop
  endfacet
  facet normal 0.24169 0.796877 0.55369
    outer loop
      vertex 43.7785 31.9029 83.2371
      vertex 43.7318 31.6679 83.5957
      vertex 44.1425 31.7925 83.2371
    endloop
  endfacet
  facet normal -0.881985 0.471277 0
    outer loop
      vertex 41.3773 30.8378 81.9844
      vertex 41.5796 31.2164 82.4156
      vertex 41.5796 31.2164 81.9844
    endloop
  endfacet
  facet normal -0.881985 0.471277 0
    outer loop
      vertex 41.5796 31.2164 82.4156
      vertex 41.3773 30.8378 81.9844
      vertex 41.3773 30.8378 82.4156
    endloop
  endfacet
  facet normal 0.443715 -0.553355 -0.704922
    outer loop
      vertex 44.6025 28.7975 80.8043
      vertex 44.3864 29.0083 80.5028
      vertex 44.3892 29.0108 80.5026
    endloop
  endfacet
  facet normal 0.449682 -0.547911 -0.705393
    outer loop
      vertex 44.3864 29.0083 80.5028
      vertex 44.6025 28.7975 80.8043
      vertex 44.3448 28.586 80.8043
    endloop
  endfacet
  facet normal 0.547911 -0.449682 -0.705393
    outer loop
      vertex 44.6025 28.7975 80.8043
      vertex 44.3917 29.0136 80.5028
      vertex 44.814 29.0552 80.8043
    endloop
  endfacet
  facet normal 0.553355 -0.443715 -0.704922
    outer loop
      vertex 44.3917 29.0136 80.5028
      vertex 44.6025 28.7975 80.8043
      vertex 44.3892 29.0108 80.5026
    endloop
  endfacet
  facet normal 0.586518 -0.714614 -0.381213
    outer loop
      vertex 44.8886 28.5113 81.5614
      vertex 44.4779 28.3868 81.1629
      vertex 44.7719 28.6281 81.1629
    endloop
  endfacet
  facet normal 0.5865 -0.714643 -0.381186
    outer loop
      vertex 44.5696 28.2495 81.5614
      vertex 44.4779 28.3868 81.1629
      vertex 44.8886 28.5113 81.5614
    endloop
  endfacet
  facet normal 0.0695011 -0.705393 -0.705401
    outer loop
      vertex 43.7318 28.3321 80.8043
      vertex 43.4486 28.6041 80.5044
      vertex 43.5369 28.6097 80.5075
    endloop
  endfacet
  facet normal 0.0691323 -0.705595 -0.705235
    outer loop
      vertex 43.4486 28.6041 80.5044
      vertex 43.7318 28.3321 80.8043
      vertex 43.4037 28.6013 80.5028
    endloop
  endfacet
  facet normal 0.0703395 -0.705066 -0.705645
    outer loop
      vertex 43.585 28.6162 80.5058
      vertex 43.7318 28.3321 80.8043
      vertex 43.5369 28.6097 80.5075
    endloop
  endfacet
  facet normal 0.0682585 -0.705695 -0.70522
    outer loop
      vertex 43.7318 28.3321 80.8043
      vertex 43.585 28.6162 80.5058
      vertex 43.6729 28.6279 80.5026
    endloop
  endfacet
  facet normal -0.226099 -0.673133 -0.70411
    outer loop
      vertex 43.0682 28.3321 80.8043
      vertex 43.1235 28.6289 80.5028
      vertex 43.1271 28.6279 80.5026
    endloop
  endfacet
  facet normal -0.205615 -0.678295 -0.705435
    outer loop
      vertex 43.1235 28.6289 80.5028
      vertex 43.0682 28.3321 80.8043
      vertex 42.7492 28.4288 80.8043
    endloop
  endfacet
  facet normal -0.0816713 -0.828701 -0.5537
    outer loop
      vertex 43.4 28.0598 81.1629
      vertex 43.0682 28.3321 80.8043
      vertex 43.4 28.2994 80.8043
    endloop
  endfacet
  facet normal 0.0816713 -0.828701 -0.5537
    outer loop
      vertex 43.7318 28.3321 80.8043
      vertex 43.4 28.0598 81.1629
      vertex 43.4 28.2994 80.8043
    endloop
  endfacet
  facet normal -0.976251 -0.0962308 -0.194096
    outer loop
      vertex 41.2527 29.5729 81.9844
      vertex 41.2106 30 81.9844
      vertex 41.2947 30 81.5614
    endloop
  endfacet
  facet normal -0.976251 0.0962308 -0.194096
    outer loop
      vertex 41.2947 30 81.5614
      vertex 41.2106 30 81.9844
      vertex 41.2527 30.4271 81.9844
    endloop
  endfacet
  facet normal -0.95693 -0.290318 0
    outer loop
      vertex 41.3773 29.1622 81.9844
      vertex 41.2527 29.5729 82.4156
      vertex 41.2527 29.5729 81.9844
    endloop
  endfacet
  facet normal -0.95693 -0.290318 0
    outer loop
      vertex 41.2527 29.5729 82.4156
      vertex 41.3773 29.1622 81.9844
      vertex 41.3773 29.1622 82.4156
    endloop
  endfacet
  facet normal -0.625217 -0.333985 0.705378
    outer loop
      vertex 42.1106 29.4659 83.9006
      vertex 41.986 29.0552 83.5957
      vertex 42.2395 29.2246 83.9006
    endloop
  endfacet
  facet normal -0.297052 -0.243919 0.923181
    outer loop
      vertex 42.869 29.6452 84.3053
      vertex 42.5377 29.4238 84.1402
      vertex 42.6667 29.2667 84.1402
    endloop
  endfacet
  facet normal -0.449685 -0.547914 0.705389
    outer loop
      vertex 42.6246 28.8395 83.9006
      vertex 42.1975 28.7975 83.5957
      vertex 42.4552 28.586 83.5957
    endloop
  endfacet
  facet normal -0.333913 -0.625083 0.70553
    outer loop
      vertex 42.8659 28.7106 83.9006
      vertex 42.6246 28.8395 83.9006
      vertex 42.7492 28.4288 83.5957
    endloop
  endfacet
  facet normal -0.297237 -0.243808 0.923151
    outer loop
      vertex 42.869 29.6452 84.3053
      vertex 42.6667 29.2667 84.1402
      vertex 42.9484 29.5484 84.3053
    endloop
  endfacet
  facet normal 0.172831 -0.0922073 0.980626
    outer loop
      vertex 43.5992 29.9175 84.3894
      vertex 43.5793 29.8802 84.3894
      vertex 43.99 29.7556 84.3053
    endloop
  endfacet
  facet normal 0.12425 -0.151478 0.98062
    outer loop
      vertex 43.8516 29.5484 84.3053
      vertex 43.5525 29.8475 84.3894
      vertex 43.7548 29.469 84.3053
    endloop
  endfacet
  facet normal 0.528302 -0.643705 0.553661
    outer loop
      vertex 44.6025 28.7975 83.5957
      vertex 44.3448 28.586 83.5957
      vertex 44.4779 28.3868 83.2371
    endloop
  endfacet
  facet normal 0.528316 -0.643701 0.553652
    outer loop
      vertex 44.6025 28.7975 83.5957
      vertex 44.4779 28.3868 83.2371
      vertex 44.7719 28.6281 83.2371
    endloop
  endfacet
  facet normal 0.243919 -0.297052 0.923181
    outer loop
      vertex 44.1333 29.2667 84.1402
      vertex 43.7548 29.469 84.3053
      vertex 43.9762 29.1377 84.1402
    endloop
  endfacet
  facet normal 0.430788 -0.353734 0.830237
    outer loop
      vertex 44.2623 29.4238 84.1402
      vertex 44.1333 29.2667 84.1402
      vertex 44.5605 29.2246 83.9006
    endloop
  endfacet
  facet normal 0.262634 -0.491649 0.830244
    outer loop
      vertex 43.9762 29.1377 84.1402
      vertex 43.9341 28.7106 83.9006
      vertex 44.1754 28.8395 83.9006
    endloop
  endfacet
  facet normal 0.262686 -0.491646 0.830229
    outer loop
      vertex 43.9762 29.1377 84.1402
      vertex 43.7969 29.0419 84.1402
      vertex 43.9341 28.7106 83.9006
    endloop
  endfacet
  facet normal 0.297237 -0.243808 0.923151
    outer loop
      vertex 43.931 29.6452 84.3053
      vertex 43.8516 29.5484 84.3053
      vertex 44.1333 29.2667 84.1402
    endloop
  endfacet
  facet normal 0.297052 -0.243919 0.923181
    outer loop
      vertex 44.2623 29.4238 84.1402
      vertex 43.931 29.6452 84.3053
      vertex 44.1333 29.2667 84.1402
    endloop
  endfacet
  facet normal 0.187425 -0.0570625 0.98062
    outer loop
      vertex 43.6115 29.9579 84.3894
      vertex 43.5992 29.9175 84.3894
      vertex 44.0264 29.8754 84.3053
    endloop
  endfacet
  facet normal 0.382486 -0.0374505 0.923202
    outer loop
      vertex 44.0386 30 84.3053
      vertex 44.0264 29.8754 84.3053
      vertex 44.4371 30 84.1402
    endloop
  endfacet
  facet normal 0.194976 0.0190907 0.980622
    outer loop
      vertex 44.0264 30.1246 84.3053
      vertex 43.6115 30.0421 84.3894
      vertex 44.0386 30 84.3053
    endloop
  endfacet
  facet normal 0.194966 0.0189872 0.980626
    outer loop
      vertex 44.0386 30 84.3053
      vertex 43.6115 30.0421 84.3894
      vertex 43.6156 30 84.3894
    endloop
  endfacet
  facet normal 0.634506 -0.772918 0
    outer loop
      vertex 44.6164 28.1796 81.9844
      vertex 44.9481 28.4519 82.4156
      vertex 44.6164 28.1796 82.4156
    endloop
  endfacet
  facet normal 0.634506 -0.772918 0
    outer loop
      vertex 44.9481 28.4519 82.4156
      vertex 44.6164 28.1796 81.9844
      vertex 44.9481 28.4519 81.9844
    endloop
  endfacet
  facet normal -0.0816713 -0.828701 0.5537
    outer loop
      vertex 43.4 28.2994 83.5957
      vertex 43.0682 28.3321 83.5957
      vertex 43.4 28.0598 83.2371
    endloop
  endfacet
  facet normal 0.0816713 -0.828701 0.5537
    outer loop
      vertex 43.4 28.2994 83.5957
      vertex 43.4 28.0598 83.2371
      vertex 43.7318 28.3321 83.5957
    endloop
  endfacet
  facet normal 0.0906697 -0.920067 0.381125
    outer loop
      vertex 43.7785 28.0971 83.2371
      vertex 43.4 28.0598 83.2371
      vertex 43.8107 27.9352 82.8386
    endloop
  endfacet
  facet normal 0.268335 -0.884727 0.381123
    outer loop
      vertex 44.1425 28.2075 83.2371
      vertex 43.7785 28.0971 83.2371
      vertex 43.8107 27.9352 82.8386
    endloop
  endfacet
  facet normal -0.205682 -0.678181 0.705525
    outer loop
      vertex 42.8659 28.7106 83.9006
      vertex 42.7492 28.4288 83.5957
      vertex 43.1277 28.6312 83.9006
    endloop
  endfacet
  facet normal -0.334223 -0.625074 0.705391
    outer loop
      vertex 42.6246 28.8395 83.9006
      vertex 42.4552 28.586 83.5957
      vertex 42.7492 28.4288 83.5957
    endloop
  endfacet
  facet normal 0.0378228 -0.382578 0.923149
    outer loop
      vertex 43.5246 29.3736 84.3053
      vertex 43.4 28.9629 84.1402
      vertex 43.6023 28.9829 84.1402
    endloop
  endfacet
  facet normal -0.151472 -0.124245 0.980622
    outer loop
      vertex 43.2207 29.8802 84.3894
      vertex 42.869 29.6452 84.3053
      vertex 42.9484 29.5484 84.3053
    endloop
  endfacet
  facet normal -0.0190897 -0.194966 0.980624
    outer loop
      vertex 43.4 29.7844 84.3894
      vertex 43.2754 29.3736 84.3053
      vertex 43.4 29.3614 84.3053
    endloop
  endfacet
  facet normal -0.01899 -0.194995 0.98062
    outer loop
      vertex 43.3579 29.7885 84.3894
      vertex 43.2754 29.3736 84.3053
      vertex 43.4 29.7844 84.3894
    endloop
  endfacet
  facet normal -0.705456 0.0699083 -0.705298
    outer loop
      vertex 41.6994 30 80.8043
      vertex 42.0215 30.2247 80.5044
      vertex 42.0097 30.1369 80.5075
    endloop
  endfacet
  facet normal -0.704878 0.0680695 -0.706055
    outer loop
      vertex 42.0215 30.2247 80.5044
      vertex 41.6994 30 80.8043
      vertex 42.0274 30.2692 80.5028
    endloop
  endfacet
  facet normal -0.705383 0.0695008 -0.70541
    outer loop
      vertex 42.0041 30.0486 80.5044
      vertex 41.6994 30 80.8043
      vertex 42.0097 30.1369 80.5075
    endloop
  endfacet
  facet normal -0.705389 0.069668 -0.705389
    outer loop
      vertex 41.6994 30 80.8043
      vertex 42.0041 30.0486 80.5044
      vertex 42.0011 30 80.5026
    endloop
  endfacet
  facet normal -0.678202 0.206525 -0.705258
    outer loop
      vertex 41.7321 30.3318 80.8043
      vertex 42.0507 30.3587 80.5058
      vertex 42.0279 30.2729 80.5026
    endloop
  endfacet
  facet normal -0.678147 0.204796 -0.705815
    outer loop
      vertex 42.0918 30.4893 80.5044
      vertex 41.7321 30.3318 80.8043
      vertex 42.1063 30.5318 80.5028
    endloop
  endfacet
  facet normal -0.678301 0.206216 -0.705254
    outer loop
      vertex 42.0631 30.4055 80.5075
      vertex 41.7321 30.3318 80.8043
      vertex 42.0918 30.4893 80.5044
    endloop
  endfacet
  facet normal -0.678319 0.205352 -0.705489
    outer loop
      vertex 42.0507 30.3587 80.5058
      vertex 41.7321 30.3318 80.8043
      vertex 42.0631 30.4055 80.5075
    endloop
  endfacet
  facet normal 0.546917 0.451116 -0.705249
    outer loop
      vertex 44.5336 30.8159 80.5044
      vertex 44.814 30.9448 80.8043
      vertex 44.5632 30.7772 80.5026
    endloop
  endfacet
  facet normal 0.548129 0.449173 -0.705548
    outer loop
      vertex 44.4799 30.8863 80.5075
      vertex 44.814 30.9448 80.8043
      vertex 44.5336 30.8159 80.5044
    endloop
  endfacet
  facet normal 0.547873 0.449758 -0.705375
    outer loop
      vertex 44.4214 30.9527 80.5044
      vertex 44.814 30.9448 80.8043
      vertex 44.4799 30.8863 80.5075
    endloop
  endfacet
  facet normal 0.547968 0.449432 -0.705508
    outer loop
      vertex 44.814 30.9448 80.8043
      vertex 44.4214 30.9527 80.5044
      vertex 44.3917 30.9864 80.5028
    endloop
  endfacet
  facet normal 0.528302 0.643705 -0.553661
    outer loop
      vertex 44.6025 31.2025 80.8043
      vertex 44.3448 31.414 80.8043
      vertex 44.4779 31.6132 81.1629
    endloop
  endfacet
  facet normal 0.528316 0.643701 -0.553652
    outer loop
      vertex 44.6025 31.2025 80.8043
      vertex 44.4779 31.6132 81.1629
      vertex 44.7719 31.3719 81.1629
    endloop
  endfacet
  facet normal 0.828699 0.0816658 -0.553704
    outer loop
      vertex 45.3402 30 81.1629
      vertex 45.0679 30.3318 80.8043
      vertex 45.3029 30.3785 81.1629
    endloop
  endfacet
  facet normal 0.796877 0.24169 -0.55369
    outer loop
      vertex 45.3029 30.3785 81.1629
      vertex 45.0679 30.3318 80.8043
      vertex 45.1925 30.7425 81.1629
    endloop
  endfacet
  facet normal 0.678285 0.205612 -0.705446
    outer loop
      vertex 44.6937 30.5318 80.5028
      vertex 44.9712 30.6508 80.8043
      vertex 45.0679 30.3318 80.8043
    endloop
  endfacet
  facet normal 0.684242 0.18895 -0.704352
    outer loop
      vertex 44.9712 30.6508 80.8043
      vertex 44.6937 30.5318 80.5028
      vertex 44.6925 30.5354 80.5026
    endloop
  endfacet
  facet normal 0.613322 0.358604 -0.703732
    outer loop
      vertex 44.6908 30.5387 80.5028
      vertex 44.9712 30.6508 80.8043
      vertex 44.6925 30.5354 80.5026
    endloop
  endfacet
  facet normal 0.624984 0.334175 -0.705494
    outer loop
      vertex 44.9712 30.6508 80.8043
      vertex 44.6908 30.5387 80.5028
      vertex 44.814 30.9448 80.8043
    endloop
  endfacet
  facet normal 0.625058 -0.334122 -0.705454
    outer loop
      vertex 44.814 29.0552 80.8043
      vertex 44.6534 29.385 80.5058
      vertex 44.6908 29.4613 80.5028
    endloop
  endfacet
  facet normal 0.62437 -0.334743 -0.705769
    outer loop
      vertex 44.814 29.0552 80.8043
      vertex 44.632 29.3415 80.5075
      vertex 44.6534 29.385 80.5058
    endloop
  endfacet
  facet normal 0.625581 -0.33348 -0.705294
    outer loop
      vertex 44.632 29.3415 80.5075
      vertex 44.814 29.0552 80.8043
      vertex 44.5632 29.2228 80.5026
    endloop
  endfacet
  facet normal 0.828701 0.0816713 -0.5537
    outer loop
      vertex 45.1006 30 80.8043
      vertex 45.0679 30.3318 80.8043
      vertex 45.3402 30 81.1629
    endloop
  endfacet
  facet normal 0.828701 -0.0816713 -0.5537
    outer loop
      vertex 45.3402 30 81.1629
      vertex 45.0679 29.6682 80.8043
      vertex 45.1006 30 80.8043
    endloop
  endfacet
  facet normal 0.828699 -0.0816658 0.553704
    outer loop
      vertex 45.3402 30 83.2371
      vertex 45.0679 29.6682 83.5957
      vertex 45.3029 29.6215 83.2371
    endloop
  endfacet
  facet normal 0.828701 -0.0816713 0.5537
    outer loop
      vertex 45.1006 30 83.5957
      vertex 45.0679 29.6682 83.5957
      vertex 45.3402 30 83.2371
    endloop
  endfacet
  facet normal 0.0962301 -0.976244 0.194133
    outer loop
      vertex 43.8107 27.9352 82.8386
      vertex 43.4 27.8106 82.4156
      vertex 43.8271 27.8527 82.4156
    endloop
  endfacet
  facet normal 0.0980963 -0.995177 0
    outer loop
      vertex 43.4 27.8106 81.9844
      vertex 43.8271 27.8527 82.4156
      vertex 43.4 27.8106 82.4156
    endloop
  endfacet
  facet normal 0.0980963 -0.995177 0
    outer loop
      vertex 43.8271 27.8527 82.4156
      vertex 43.4 27.8106 81.9844
      vertex 43.8271 27.8527 81.9844
    endloop
  endfacet
  facet normal -0.262643 0.491666 0.830231
    outer loop
      vertex 42.8659 31.2894 83.9006
      vertex 42.6246 31.1605 83.9006
      vertex 43.0031 30.9581 84.1402
    endloop
  endfacet
  facet normal -0.262675 0.491624 0.830246
    outer loop
      vertex 43.0031 30.9581 84.1402
      vertex 42.6246 31.1605 83.9006
      vertex 42.8238 30.8623 84.1402
    endloop
  endfacet
  facet normal 0.0190897 0.194966 0.980624
    outer loop
      vertex 43.4 30.6386 84.3053
      vertex 43.4 30.2156 84.3894
      vertex 43.5246 30.6264 84.3053
    endloop
  endfacet
  facet normal 0.0374505 0.382486 0.923202
    outer loop
      vertex 43.4 31.0371 84.1402
      vertex 43.4 30.6386 84.3053
      vertex 43.5246 30.6264 84.3053
    endloop
  endfacet
  facet normal 0.284731 0.938745 -0.194128
    outer loop
      vertex 44.2379 32.0227 81.9844
      vertex 43.8107 32.0648 81.5614
      vertex 43.8271 32.1473 81.9844
    endloop
  endfacet
  facet normal 0.0962301 0.976244 -0.194133
    outer loop
      vertex 43.8107 32.0648 81.5614
      vertex 43.4 32.1894 81.9844
      vertex 43.8271 32.1473 81.9844
    endloop
  endfacet
  facet normal -0.796967 0.241589 -0.553604
    outer loop
      vertex 41.7321 30.3318 80.8043
      vertex 41.6075 30.7425 81.1629
      vertex 41.8288 30.6508 80.8043
    endloop
  endfacet
  facet normal -0.734383 0.39267 -0.553617
    outer loop
      vertex 41.8288 30.6508 80.8043
      vertex 41.6075 30.7425 81.1629
      vertex 41.986 30.9448 80.8043
    endloop
  endfacet
  facet normal -0.70724 0.0574848 -0.704632
    outer loop
      vertex 42.0274 30.2692 80.5028
      vertex 41.7321 30.3318 80.8043
      vertex 42.0279 30.2729 80.5026
    endloop
  endfacet
  facet normal -0.705432 0.0695226 -0.70536
    outer loop
      vertex 41.7321 30.3318 80.8043
      vertex 42.0274 30.2692 80.5028
      vertex 41.6994 30 80.8043
    endloop
  endfacet
  facet normal -0.920067 0.0906697 -0.381125
    outer loop
      vertex 41.4598 30 81.1629
      vertex 41.3352 30.4107 81.5614
      vertex 41.4971 30.3785 81.1629
    endloop
  endfacet
  facet normal -0.460739 -0.539695 -0.704592
    outer loop
      vertex 42.4552 28.586 80.8043
      vertex 42.6198 28.8391 80.5028
      vertex 42.6228 28.8368 80.5026
    endloop
  endfacet
  facet normal -0.449664 -0.547888 -0.705423
    outer loop
      vertex 42.6198 28.8391 80.5028
      vertex 42.4552 28.586 80.8043
      vertex 42.1975 28.7975 80.8043
    endloop
  endfacet
  facet normal -0.528302 -0.643705 -0.553661
    outer loop
      vertex 42.3221 28.3868 81.1629
      vertex 42.1975 28.7975 80.8043
      vertex 42.4552 28.586 80.8043
    endloop
  endfacet
  facet normal -0.714623 -0.586526 -0.381185
    outer loop
      vertex 42.0281 28.6281 81.1629
      vertex 41.6495 28.8304 81.5614
      vertex 41.7868 28.9221 81.1629
    endloop
  endfacet
  facet normal -0.815304 -0.43585 -0.381201
    outer loop
      vertex 41.6495 28.8304 81.5614
      vertex 41.6075 29.2575 81.1629
      vertex 41.7868 28.9221 81.1629
    endloop
  endfacet
  facet normal 0.884728 0.26833 0.381123
    outer loop
      vertex 45.345 30.8057 82.8386
      vertex 45.3029 30.3785 83.2371
      vertex 45.4648 30.4107 82.8386
    endloop
  endfacet
  facet normal 0.920067 0.0906697 0.381125
    outer loop
      vertex 45.4648 30.4107 82.8386
      vertex 45.3029 30.3785 83.2371
      vertex 45.3402 30 83.2371
    endloop
  endfacet
  facet normal 0.938741 0.284799 0.194048
    outer loop
      vertex 45.4227 30.8378 82.4156
      vertex 45.345 30.8057 82.8386
      vertex 45.5473 30.4271 82.4156
    endloop
  endfacet
  facet normal -0.12425 0.151478 0.98062
    outer loop
      vertex 43.0452 30.531 84.3053
      vertex 42.9484 30.4516 84.3053
      vertex 43.2475 30.1525 84.3894
    endloop
  endfacet
  facet normal -0.151534 0.124193 0.980619
    outer loop
      vertex 43.2475 30.1525 84.3894
      vertex 42.9484 30.4516 84.3053
      vertex 43.2207 30.1198 84.3894
    endloop
  endfacet
  facet normal 0.172789 -0.0923419 0.980621
    outer loop
      vertex 43.99 29.7556 84.3053
      vertex 43.5793 29.8802 84.3894
      vertex 43.931 29.6452 84.3053
    endloop
  endfacet
  facet normal -0.187425 0.0570625 0.98062
    outer loop
      vertex 43.2008 30.0825 84.3894
      vertex 42.7736 30.1246 84.3053
      vertex 43.1885 30.0421 84.3894
    endloop
  endfacet
  facet normal -0.339005 0.181171 0.923175
    outer loop
      vertex 42.869 30.3548 84.3053
      vertex 42.4419 30.3969 84.1402
      vertex 42.81 30.2444 84.3053
    endloop
  endfacet
  facet normal -0.172789 0.0923419 0.980621
    outer loop
      vertex 42.869 30.3548 84.3053
      vertex 42.81 30.2444 84.3053
      vertex 43.2207 30.1198 84.3894
    endloop
  endfacet
  facet normal 0.151534 -0.124193 0.980619
    outer loop
      vertex 43.5793 29.8802 84.3894
      vertex 43.5525 29.8475 84.3894
      vertex 43.8516 29.5484 84.3053
    endloop
  endfacet
  facet normal 0.092226 -0.172866 0.980618
    outer loop
      vertex 43.5198 29.8207 84.3894
      vertex 43.4825 29.8008 84.3894
      vertex 43.7548 29.469 84.3053
    endloop
  endfacet
  facet normal -0.678232 0.205698 0.705471
    outer loop
      vertex 42.1106 30.5341 83.9006
      vertex 41.7321 30.3318 83.5957
      vertex 42.0312 30.2723 83.9006
    endloop
  endfacet
  facet normal -0.533413 0.161776 0.83024
    outer loop
      vertex 42.1106 30.5341 83.9006
      vertex 42.0312 30.2723 83.9006
      vertex 42.3829 30.2023 84.1402
    endloop
  endfacet
  facet normal 0.124179 -0.151517 0.980623
    outer loop
      vertex 43.5525 29.8475 84.3894
      vertex 43.5198 29.8207 84.3894
      vertex 43.7548 29.469 84.3053
    endloop
  endfacet
  facet normal 0.0569507 0.187437 0.980624
    outer loop
      vertex 43.5246 30.6264 84.3053
      vertex 43.4825 30.1992 84.3894
      vertex 43.6444 30.59 84.3053
    endloop
  endfacet
  facet normal 0.0923356 0.172777 0.980623
    outer loop
      vertex 43.6444 30.59 84.3053
      vertex 43.4825 30.1992 84.3894
      vertex 43.7548 30.531 84.3053
    endloop
  endfacet
  facet normal 0.528302 0.643705 0.553661
    outer loop
      vertex 44.4779 31.6132 83.2371
      vertex 44.3448 31.414 83.5957
      vertex 44.6025 31.2025 83.5957
    endloop
  endfacet
  facet normal 0.528316 0.643701 0.553652
    outer loop
      vertex 44.7719 31.3719 83.2371
      vertex 44.4779 31.6132 83.2371
      vertex 44.6025 31.2025 83.5957
    endloop
  endfacet
  facet normal 0.284716 0.938753 0.194111
    outer loop
      vertex 44.2379 32.0227 82.4156
      vertex 43.8107 32.0648 82.8386
      vertex 44.2057 31.945 82.8386
    endloop
  endfacet
  facet normal 0.26833 0.884727 0.381127
    outer loop
      vertex 44.2057 31.945 82.8386
      vertex 43.8107 32.0648 82.8386
      vertex 44.1425 31.7925 83.2371
    endloop
  endfacet
  facet normal -0.553355 -0.443715 -0.704922
    outer loop
      vertex 42.1975 28.7975 80.8043
      vertex 42.4083 29.0136 80.5028
      vertex 42.4108 29.0108 80.5026
    endloop
  endfacet
  facet normal -0.547911 -0.449682 -0.705393
    outer loop
      vertex 42.4083 29.0136 80.5028
      vertex 42.1975 28.7975 80.8043
      vertex 41.986 29.0552 80.8043
    endloop
  endfacet
  facet normal -0.0907271 -0.92004 -0.381176
    outer loop
      vertex 43.4 27.8947 81.5614
      vertex 42.9893 27.9352 81.5614
      vertex 43.4 28.0598 81.1629
    endloop
  endfacet
  facet normal -0.241589 -0.796967 -0.553604
    outer loop
      vertex 43.0682 28.3321 80.8043
      vertex 42.6575 28.2075 81.1629
      vertex 42.7492 28.4288 80.8043
    endloop
  endfacet
  facet normal -0.24169 -0.796877 -0.55369
    outer loop
      vertex 43.0215 28.0971 81.1629
      vertex 42.6575 28.2075 81.1629
      vertex 43.0682 28.3321 80.8043
    endloop
  endfacet
  facet normal -0.547894 -0.449713 0.705387
    outer loop
      vertex 42.2395 29.2246 83.9006
      vertex 41.986 29.0552 83.5957
      vertex 42.4131 29.0131 83.9006
    endloop
  endfacet
  facet normal -0.353617 -0.430818 0.830271
    outer loop
      vertex 42.6667 29.2667 84.1402
      vertex 42.4131 29.0131 83.9006
      vertex 42.6246 28.8395 83.9006
    endloop
  endfacet
  facet normal -0.111546 -0.367914 0.923145
    outer loop
      vertex 43.2754 29.3736 84.3053
      vertex 43.0031 29.0419 84.1402
      vertex 43.1977 28.9829 84.1402
    endloop
  endfacet
  facet normal -0.430818 -0.353617 0.830271
    outer loop
      vertex 42.6667 29.2667 84.1402
      vertex 42.2395 29.2246 83.9006
      vertex 42.4131 29.0131 83.9006
    endloop
  endfacet
  facet normal -0.0923356 -0.172777 0.980623
    outer loop
      vertex 43.3175 29.8008 84.3894
      vertex 43.0452 29.469 84.3053
      vertex 43.1556 29.41 84.3053
    endloop
  endfacet
  facet normal -0.0569507 -0.187437 0.980624
    outer loop
      vertex 43.3175 29.8008 84.3894
      vertex 43.1556 29.41 84.3053
      vertex 43.2754 29.3736 84.3053
    endloop
  endfacet
  facet normal 0.181171 -0.339005 0.923175
    outer loop
      vertex 43.7548 29.469 84.3053
      vertex 43.6444 29.41 84.3053
      vertex 43.7969 29.0419 84.1402
    endloop
  endfacet
  facet normal 0.0923356 -0.172777 0.980623
    outer loop
      vertex 43.7548 29.469 84.3053
      vertex 43.4825 29.8008 84.3894
      vertex 43.6444 29.41 84.3053
    endloop
  endfacet
  facet normal 0.353697 -0.430743 0.830276
    outer loop
      vertex 44.1333 29.2667 84.1402
      vertex 43.9762 29.1377 84.1402
      vertex 44.3869 29.0131 83.9006
    endloop
  endfacet
  facet normal 0.353645 -0.430852 0.830242
    outer loop
      vertex 44.3869 29.0131 83.9006
      vertex 43.9762 29.1377 84.1402
      vertex 44.1754 28.8395 83.9006
    endloop
  endfacet
  facet normal 0.334165 -0.624964 0.705516
    outer loop
      vertex 44.3448 28.586 83.5957
      vertex 43.9341 28.7106 83.9006
      vertex 44.0508 28.4288 83.5957
    endloop
  endfacet
  facet normal 0.39267 -0.734383 0.553617
    outer loop
      vertex 44.3448 28.586 83.5957
      vertex 44.0508 28.4288 83.5957
      vertex 44.1425 28.2075 83.2371
    endloop
  endfacet
  facet normal 0.491649 -0.262634 0.830244
    outer loop
      vertex 44.6894 29.4659 83.9006
      vertex 44.2623 29.4238 84.1402
      vertex 44.5605 29.2246 83.9006
    endloop
  endfacet
  facet normal 0.491646 -0.262686 0.830229
    outer loop
      vertex 44.3581 29.6031 84.1402
      vertex 44.2623 29.4238 84.1402
      vertex 44.6894 29.4659 83.9006
    endloop
  endfacet
  facet normal 0.338991 -0.181164 0.923182
    outer loop
      vertex 43.99 29.7556 84.3053
      vertex 43.931 29.6452 84.3053
      vertex 44.2623 29.4238 84.1402
    endloop
  endfacet
  facet normal 0.339019 -0.181138 0.923177
    outer loop
      vertex 44.3581 29.6031 84.1402
      vertex 43.99 29.7556 84.3053
      vertex 44.2623 29.4238 84.1402
    endloop
  endfacet
  facet normal -0.092226 -0.172866 0.980618
    outer loop
      vertex 43.2802 29.8207 84.3894
      vertex 43.0452 29.469 84.3053
      vertex 43.3175 29.8008 84.3894
    endloop
  endfacet
  facet normal 0.5865 -0.714643 0.381186
    outer loop
      vertex 44.8886 28.5113 82.8386
      vertex 44.4779 28.3868 83.2371
      vertex 44.5696 28.2495 82.8386
    endloop
  endfacet
  facet normal 0.43585 -0.815304 0.381201
    outer loop
      vertex 44.4779 28.3868 83.2371
      vertex 44.1425 28.2075 83.2371
      vertex 44.5696 28.2495 82.8386
    endloop
  endfacet
  facet normal -0.0695191 -0.705396 0.705396
    outer loop
      vertex 43.4 28.6043 83.9006
      vertex 43.0682 28.3321 83.5957
      vertex 43.4 28.2994 83.5957
    endloop
  endfacet
  facet normal 0.0695191 -0.705396 0.705396
    outer loop
      vertex 43.4 28.6043 83.9006
      vertex 43.4 28.2994 83.5957
      vertex 43.7318 28.3321 83.5957
    endloop
  endfacet
  facet normal -0.262643 -0.491666 0.830231
    outer loop
      vertex 43.0031 29.0419 84.1402
      vertex 42.6246 28.8395 83.9006
      vertex 42.8659 28.7106 83.9006
    endloop
  endfacet
  facet normal -0.172789 -0.0923419 0.980621
    outer loop
      vertex 43.2207 29.8802 84.3894
      vertex 42.81 29.7556 84.3053
      vertex 42.869 29.6452 84.3053
    endloop
  endfacet
  facet normal -0.0374505 -0.382486 0.923202
    outer loop
      vertex 43.4 29.3614 84.3053
      vertex 43.2754 29.3736 84.3053
      vertex 43.4 28.9629 84.1402
    endloop
  endfacet
  facet normal 0.0374505 -0.382486 0.923202
    outer loop
      vertex 43.4 29.3614 84.3053
      vertex 43.4 28.9629 84.1402
      vertex 43.5246 29.3736 84.3053
    endloop
  endfacet
  facet normal -0.705389 -0.069668 -0.705389
    outer loop
      vertex 42.0041 29.9514 80.5044
      vertex 41.6994 30 80.8043
      vertex 42.0011 30 80.5026
    endloop
  endfacet
  facet normal -0.705383 -0.0695008 -0.70541
    outer loop
      vertex 42.0097 29.8631 80.5075
      vertex 41.6994 30 80.8043
      vertex 42.0041 29.9514 80.5044
    endloop
  endfacet
  facet normal -0.705456 -0.0699083 -0.705298
    outer loop
      vertex 42.0215 29.7753 80.5044
      vertex 41.6994 30 80.8043
      vertex 42.0097 29.8631 80.5075
    endloop
  endfacet
  facet normal -0.704878 -0.0680695 -0.706055
    outer loop
      vertex 41.6994 30 80.8043
      vertex 42.0215 29.7753 80.5044
      vertex 42.0274 29.7308 80.5028
    endloop
  endfacet
  facet normal -0.684242 -0.18895 -0.704352
    outer loop
      vertex 41.8288 29.3492 80.8043
      vertex 42.1063 29.4682 80.5028
      vertex 42.1075 29.4646 80.5026
    endloop
  endfacet
  facet normal -0.678285 -0.205612 -0.705446
    outer loop
      vertex 42.1063 29.4682 80.5028
      vertex 41.8288 29.3492 80.8043
      vertex 41.7321 29.6682 80.8043
    endloop
  endfacet
  facet normal 0.884728 0.26833 -0.381123
    outer loop
      vertex 45.4648 30.4107 81.5614
      vertex 45.3029 30.3785 81.1629
      vertex 45.345 30.8057 81.5614
    endloop
  endfacet
  facet normal 0.93875 0.284715 -0.194128
    outer loop
      vertex 45.4648 30.4107 81.5614
      vertex 45.345 30.8057 81.5614
      vertex 45.5473 30.4271 81.9844
    endloop
  endfacet
  facet normal -0.796967 -0.241589 -0.553604
    outer loop
      vertex 41.8288 29.3492 80.8043
      vertex 41.6075 29.2575 81.1629
      vertex 41.7321 29.6682 80.8043
    endloop
  endfacet
  facet normal -0.734383 -0.39267 -0.553617
    outer loop
      vertex 41.986 29.0552 80.8043
      vertex 41.6075 29.2575 81.1629
      vertex 41.8288 29.3492 80.8043
    endloop
  endfacet
  facet normal -0.124179 -0.151517 0.980623
    outer loop
      vertex 43.2475 29.8475 84.3894
      vertex 43.0452 29.469 84.3053
      vertex 43.2802 29.8207 84.3894
    endloop
  endfacet
  facet normal -0.0703395 -0.705066 -0.705645
    outer loop
      vertex 43.0682 28.3321 80.8043
      vertex 43.215 28.6162 80.5058
      vertex 43.2631 28.6097 80.5075
    endloop
  endfacet
  facet normal -0.0682585 -0.705695 -0.70522
    outer loop
      vertex 43.215 28.6162 80.5058
      vertex 43.0682 28.3321 80.8043
      vertex 43.1271 28.6279 80.5026
    endloop
  endfacet
  facet normal -0.0695011 -0.705393 -0.705401
    outer loop
      vertex 43.3514 28.6041 80.5044
      vertex 43.0682 28.3321 80.8043
      vertex 43.2631 28.6097 80.5075
    endloop
  endfacet
  facet normal -0.0691323 -0.705595 -0.705235
    outer loop
      vertex 43.0682 28.3321 80.8043
      vertex 43.3514 28.6041 80.5044
      vertex 43.3963 28.6013 80.5028
    endloop
  endfacet
  facet normal -0.206103 -0.678005 -0.705572
    outer loop
      vertex 42.7492 28.4288 80.8043
      vertex 42.9107 28.6918 80.5044
      vertex 42.9945 28.6631 80.5075
    endloop
  endfacet
  facet normal -0.203732 -0.679074 -0.705232
    outer loop
      vertex 42.9107 28.6918 80.5044
      vertex 42.7492 28.4288 80.8043
      vertex 42.8646 28.7075 80.5026
    endloop
  endfacet
  facet normal -0.20566 -0.678288 -0.705429
    outer loop
      vertex 43.08 28.6404 80.5044
      vertex 42.7492 28.4288 80.8043
      vertex 42.9945 28.6631 80.5075
    endloop
  endfacet
  facet normal -0.205331 -0.678563 -0.70526
    outer loop
      vertex 42.7492 28.4288 80.8043
      vertex 43.08 28.6404 80.5044
      vertex 43.1235 28.6289 80.5028
    endloop
  endfacet
  facet normal 0.205615 -0.678295 -0.705435
    outer loop
      vertex 43.7318 28.3321 80.8043
      vertex 43.6765 28.6289 80.5028
      vertex 44.0508 28.4288 80.8043
    endloop
  endfacet
  facet normal 0.226099 -0.673133 -0.70411
    outer loop
      vertex 43.6765 28.6289 80.5028
      vertex 43.7318 28.3321 80.8043
      vertex 43.6729 28.6279 80.5026
    endloop
  endfacet
  facet normal 0.241589 -0.796967 -0.553604
    outer loop
      vertex 44.1425 28.2075 81.1629
      vertex 43.7318 28.3321 80.8043
      vertex 44.0508 28.4288 80.8043
    endloop
  endfacet
  facet normal 0.0816658 -0.828699 -0.553704
    outer loop
      vertex 43.7785 28.0971 81.1629
      vertex 43.4 28.0598 81.1629
      vertex 43.7318 28.3321 80.8043
    endloop
  endfacet
  facet normal 0.0906697 -0.920067 -0.381125
    outer loop
      vertex 43.8107 27.9352 81.5614
      vertex 43.4 28.0598 81.1629
      vertex 43.7785 28.0971 81.1629
    endloop
  endfacet
  facet normal -0.243808 -0.297237 0.923151
    outer loop
      vertex 42.9484 29.5484 84.3053
      vertex 42.6667 29.2667 84.1402
      vertex 43.0452 29.469 84.3053
    endloop
  endfacet
  facet normal -0.161782 -0.533432 0.830227
    outer loop
      vertex 43.0031 29.0419 84.1402
      vertex 42.8659 28.7106 83.9006
      vertex 43.1277 28.6312 83.9006
    endloop
  endfacet
  facet normal -0.161727 -0.533424 0.830243
    outer loop
      vertex 43.1977 28.9829 84.1402
      vertex 43.0031 29.0419 84.1402
      vertex 43.1277 28.6312 83.9006
    endloop
  endfacet
  facet normal -0.339005 -0.181171 0.923175
    outer loop
      vertex 42.81 29.7556 84.3053
      vertex 42.4419 29.6031 84.1402
      vertex 42.869 29.6452 84.3053
    endloop
  endfacet
  facet normal -0.339011 -0.181133 0.923181
    outer loop
      vertex 42.869 29.6452 84.3053
      vertex 42.4419 29.6031 84.1402
      vertex 42.5377 29.4238 84.1402
    endloop
  endfacet
  facet normal 0.430818 -0.353617 0.830271
    outer loop
      vertex 44.5605 29.2246 83.9006
      vertex 44.1333 29.2667 84.1402
      vertex 44.3869 29.0131 83.9006
    endloop
  endfacet
  facet normal 0.547894 -0.449713 0.705387
    outer loop
      vertex 44.5605 29.2246 83.9006
      vertex 44.3869 29.0131 83.9006
      vertex 44.814 29.0552 83.5957
    endloop
  endfacet
  facet normal 0.462414 -0.865154 0.194119
    outer loop
      vertex 44.5696 28.2495 82.8386
      vertex 44.2057 28.055 82.8386
      vertex 44.2379 27.9773 82.4156
    endloop
  endfacet
  facet normal 0.435799 -0.815359 0.381141
    outer loop
      vertex 44.5696 28.2495 82.8386
      vertex 44.1425 28.2075 83.2371
      vertex 44.2057 28.055 82.8386
    endloop
  endfacet
  facet normal -0.187437 -0.0569507 0.980624
    outer loop
      vertex 43.2008 29.9175 84.3894
      vertex 42.7736 29.8754 84.3053
      vertex 42.81 29.7556 84.3053
    endloop
  endfacet
  facet normal -0.172831 -0.0922073 0.980626
    outer loop
      vertex 43.2008 29.9175 84.3894
      vertex 42.81 29.7556 84.3053
      vertex 43.2207 29.8802 84.3894
    endloop
  endfacet
  facet normal -0.796877 -0.24169 -0.55369
    outer loop
      vertex 41.6075 29.2575 81.1629
      vertex 41.4971 29.6215 81.1629
      vertex 41.7321 29.6682 80.8043
    endloop
  endfacet
  facet normal -0.828699 -0.081671 -0.553704
    outer loop
      vertex 41.7321 29.6682 80.8043
      vertex 41.4971 29.6215 81.1629
      vertex 41.6994 30 80.8043
    endloop
  endfacet
  facet normal -0.884725 -0.268334 -0.381127
    outer loop
      vertex 41.6075 29.2575 81.1629
      vertex 41.455 29.1943 81.5614
      vertex 41.4971 29.6215 81.1629
    endloop
  endfacet
  facet normal -0.884728 -0.26833 -0.381123
    outer loop
      vertex 41.455 29.1943 81.5614
      vertex 41.3352 29.5893 81.5614
      vertex 41.4971 29.6215 81.1629
    endloop
  endfacet
  facet normal -0.547968 -0.449432 -0.705508
    outer loop
      vertex 41.986 29.0552 80.8043
      vertex 42.3786 29.0473 80.5044
      vertex 42.4083 29.0136 80.5028
    endloop
  endfacet
  facet normal -0.548129 -0.449173 -0.705548
    outer loop
      vertex 41.986 29.0552 80.8043
      vertex 42.2664 29.1841 80.5044
      vertex 42.3201 29.1137 80.5075
    endloop
  endfacet
  facet normal -0.546917 -0.451116 -0.705249
    outer loop
      vertex 42.2664 29.1841 80.5044
      vertex 41.986 29.0552 80.8043
      vertex 42.2368 29.2228 80.5026
    endloop
  endfacet
  facet normal -0.547873 -0.449758 -0.705375
    outer loop
      vertex 42.3786 29.0473 80.5044
      vertex 41.986 29.0552 80.8043
      vertex 42.3201 29.1137 80.5075
    endloop
  endfacet
  facet normal -0.624925 -0.334217 -0.705527
    outer loop
      vertex 42.129 29.4209 80.5044
      vertex 41.986 29.0552 80.8043
      vertex 42.1092 29.4613 80.5028
    endloop
  endfacet
  facet normal -0.625321 -0.333898 -0.705327
    outer loop
      vertex 42.1679 29.3415 80.5075
      vertex 41.986 29.0552 80.8043
      vertex 42.129 29.4209 80.5044
    endloop
  endfacet
  facet normal -0.625348 -0.33387 -0.705316
    outer loop
      vertex 41.986 29.0552 80.8043
      vertex 42.1679 29.3415 80.5075
      vertex 42.2368 29.2228 80.5026
    endloop
  endfacet
  facet normal -0.0906697 -0.920067 -0.381125
    outer loop
      vertex 43.4 28.0598 81.1629
      vertex 42.9893 27.9352 81.5614
      vertex 43.0215 28.0971 81.1629
    endloop
  endfacet
  facet normal -0.268335 -0.884727 -0.381123
    outer loop
      vertex 42.9893 27.9352 81.5614
      vertex 42.6575 28.2075 81.1629
      vertex 43.0215 28.0971 81.1629
    endloop
  endfacet
  facet normal -0.262675 -0.491624 0.830246
    outer loop
      vertex 42.8238 29.1377 84.1402
      vertex 42.6246 28.8395 83.9006
      vertex 43.0031 29.0419 84.1402
    endloop
  endfacet
  facet normal -0.181133 -0.339011 0.923181
    outer loop
      vertex 43.0452 29.469 84.3053
      vertex 42.8238 29.1377 84.1402
      vertex 43.0031 29.0419 84.1402
    endloop
  endfacet
  facet normal -0.70724 -0.0574848 -0.704632
    outer loop
      vertex 41.7321 29.6682 80.8043
      vertex 42.0274 29.7308 80.5028
      vertex 42.0279 29.7271 80.5026
    endloop
  endfacet
  facet normal -0.705432 -0.0695226 -0.70536
    outer loop
      vertex 42.0274 29.7308 80.5028
      vertex 41.7321 29.6682 80.8043
      vertex 41.6994 30 80.8043
    endloop
  endfacet
  facet normal -0.678319 -0.205352 -0.705489
    outer loop
      vertex 41.7321 29.6682 80.8043
      vertex 42.0507 29.6413 80.5058
      vertex 42.0631 29.5945 80.5075
    endloop
  endfacet
  facet normal -0.678202 -0.206525 -0.705258
    outer loop
      vertex 42.0507 29.6413 80.5058
      vertex 41.7321 29.6682 80.8043
      vertex 42.0279 29.7271 80.5026
    endloop
  endfacet
  facet normal -0.678301 -0.206216 -0.705254
    outer loop
      vertex 42.0918 29.5107 80.5044
      vertex 41.7321 29.6682 80.8043
      vertex 42.0631 29.5945 80.5075
    endloop
  endfacet
  facet normal -0.678147 -0.204796 -0.705815
    outer loop
      vertex 41.7321 29.6682 80.8043
      vertex 42.0918 29.5107 80.5044
      vertex 42.1063 29.4682 80.5028
    endloop
  endfacet
  facet normal -1 0 0
    outer loop
      vertex 2.01 16 12
      vertex 2.01 17 12
      vertex 2.01 16 11
    endloop
  endfacet
  facet normal -1 -0 -0
    outer loop
      vertex 2.01 10 12
      vertex 2.01 10 11
      vertex 2.01 9 12
    endloop
  endfacet
  facet normal 0 0.707107 0.707107
    outer loop
      vertex 2.01 10 11
      vertex 0 9 12
      vertex 2.01 9 12
    endloop
  endfacet
  facet normal 0 0.707107 0.707107
    outer loop
      vertex 0 9 12
      vertex 2.01 10 11
      vertex 0 10 11
    endloop
  endfacet
  facet normal 0 -0.707107 0.707107
    outer loop
      vertex 0 16 11
      vertex 2.01 17 12
      vertex 0 17 12
    endloop
  endfacet
  facet normal 0 -0.707107 0.707107
    outer loop
      vertex 2.01 17 12
      vertex 0 16 11
      vertex 2.01 16 11
    endloop
  endfacet
  facet normal 0 0.707107 0.707107
    outer loop
      vertex 144 10 11
      vertex 141.99 9 12
      vertex 144 9 12
    endloop
  endfacet
  facet normal 0 0.707107 0.707107
    outer loop
      vertex 141.99 9 12
      vertex 144 10 11
      vertex 141.99 10 11
    endloop
  endfacet
  facet normal 0 -0.707107 0.707107
    outer loop
      vertex 141.99 16 11
      vertex 144 17 12
      vertex 141.99 17 12
    endloop
  endfacet
  facet normal 0 -0.707107 0.707107
    outer loop
      vertex 144 17 12
      vertex 141.99 16 11
      vertex 144 16 11
    endloop
  endfacet
  facet normal 1 0 -0
    outer loop
      vertex 141.99 10 11
      vertex 141.99 10 12
      vertex 141.99 9 12
    endloop
  endfacet
  facet normal 1 0 0
    outer loop
      vertex 141.99 17 12
      vertex 141.99 16 12
      vertex 141.99 16 11
    endloop
  endfacet
  facet normal 0 0 1
    outer loop
      vertex 144 16 9
      vertex 94 14.6 9
      vertex 144 10 9
    endloop
  endfacet
  facet normal 0 0 1
    outer loop
      vertex 144 16 9
      vertex 64.8 14.6 9
      vertex 94 14.6 9
    endloop
  endfacet
  facet normal 0 0 1
    outer loop
      vertex 64.8 14.6 9
      vertex 0 16 9
      vertex 64.8 11.4 9
    endloop
  endfacet
  facet normal -0 0 1
    outer loop
      vertex 0 16 9
      vertex 64.8 14.6 9
      vertex 144 16 9
    endloop
  endfacet
  facet normal -0 0 1
    outer loop
      vertex 94 11.4 9
      vertex 144 10 9
      vertex 94 14.6 9
    endloop
  endfacet
  facet normal -0 0 1
    outer loop
      vertex 64.8 11.4 9
      vertex 144 10 9
      vertex 94 11.4 9
    endloop
  endfacet
  facet normal 0 0 1
    outer loop
      vertex 64.8 11.4 9
      vertex 0 10 9
      vertex 144 10 9
    endloop
  endfacet
  facet normal 0 0 1
    outer loop
      vertex 0 10 9
      vertex 64.8 11.4 9
      vertex 0 16 9
    endloop
  endfacet
  facet normal 0 -1 0
    outer loop
      vertex 0 16 9
      vertex 2.01 16 11
      vertex 0 16 11
    endloop
  endfacet
  facet normal 0 -1 -0
    outer loop
      vertex 2.01 16 11
      vertex 0 16 9
      vertex 141.99 16 11
    endloop
  endfacet
  facet normal 0 -1 0
    outer loop
      vertex 144 16 9
      vertex 141.99 16 11
      vertex 0 16 9
    endloop
  endfacet
  facet normal 0 -1 0
    outer loop
      vertex 141.99 16 11
      vertex 144 16 9
      vertex 144 16 11
    endloop
  endfacet
  facet normal 0 -1 0
    outer loop
      vertex 2.01 16 11
      vertex 141.99 16 12
      vertex 2.01 16 12
    endloop
  endfacet
  facet normal 0 -1 -0
    outer loop
      vertex 141.99 16 12
      vertex 2.01 16 11
      vertex 141.99 16 11
    endloop
  endfacet
  facet normal 0 1 -0
    outer loop
      vertex 144 10 9
      vertex 141.99 10 11
      vertex 144 10 11
    endloop
  endfacet
  facet normal 0 1 0
    outer loop
      vertex 141.99 10 11
      vertex 144 10 9
      vertex 2.01 10 11
    endloop
  endfacet
  facet normal 0 1 0
    outer loop
      vertex 0 10 9
      vertex 2.01 10 11
      vertex 144 10 9
    endloop
  endfacet
  facet normal 0 1 0
    outer loop
      vertex 2.01 10 11
      vertex 0 10 9
      vertex 0 10 11
    endloop
  endfacet
  facet normal 0 1 -0
    outer loop
      vertex 141.99 10 11
      vertex 2.01 10 12
      vertex 141.99 10 12
    endloop
  endfacet
  facet normal 0 1 0
    outer loop
      vertex 2.01 10 12
      vertex 141.99 10 11
      vertex 2.01 10 11
    endloop
  endfacet
  facet normal -1 0 0
    outer loop
      vertex 2.01 -10 12
      vertex 2.01 -9 12
      vertex 2.01 -10 11
    endloop
  endfacet
  facet normal -1 -0 -0
    outer loop
      vertex 2.01 -16 12
      vertex 2.01 -16 11
      vertex 2.01 -17 12
    endloop
  endfacet
  facet normal 0 0.707107 0.707107
    outer loop
      vertex 2.01 -16 11
      vertex 0 -17 12
      vertex 2.01 -17 12
    endloop
  endfacet
  facet normal 0 0.707107 0.707107
    outer loop
      vertex 0 -17 12
      vertex 2.01 -16 11
      vertex 0 -16 11
    endloop
  endfacet
  facet normal 0 -0.707107 0.707107
    outer loop
      vertex 0 -10 11
      vertex 2.01 -9 12
      vertex 0 -9 12
    endloop
  endfacet
  facet normal 0 -0.707107 0.707107
    outer loop
      vertex 2.01 -9 12
      vertex 0 -10 11
      vertex 2.01 -10 11
    endloop
  endfacet
  facet normal 0 0.707107 0.707107
    outer loop
      vertex 144 -16 11
      vertex 141.99 -17 12
      vertex 144 -17 12
    endloop
  endfacet
  facet normal 0 0.707107 0.707107
    outer loop
      vertex 141.99 -17 12
      vertex 144 -16 11
      vertex 141.99 -16 11
    endloop
  endfacet
  facet normal 0 -0.707107 0.707107
    outer loop
      vertex 141.99 -10 11
      vertex 144 -9 12
      vertex 141.99 -9 12
    endloop
  endfacet
  facet normal 0 -0.707107 0.707107
    outer loop
      vertex 144 -9 12
      vertex 141.99 -10 11
      vertex 144 -10 11
    endloop
  endfacet
  facet normal 1 0 -0
    outer loop
      vertex 141.99 -16 11
      vertex 141.99 -16 12
      vertex 141.99 -17 12
    endloop
  endfacet
  facet normal 1 0 0
    outer loop
      vertex 141.99 -9 12
      vertex 141.99 -10 12
      vertex 141.99 -10 11
    endloop
  endfacet
  facet normal -0 0 1
    outer loop
      vertex 0 -10 9
      vertex 144 -16 9
      vertex 144 -10 9
    endloop
  endfacet
  facet normal 0 0 1
    outer loop
      vertex 144 -16 9
      vertex 0 -10 9
      vertex 0 -16 9
    endloop
  endfacet
  facet normal 0 -1 0
    outer loop
      vertex 0 -10 9
      vertex 2.01 -10 11
      vertex 0 -10 11
    endloop
  endfacet
  facet normal 0 -1 -0
    outer loop
      vertex 2.01 -10 11
      vertex 0 -10 9
      vertex 141.99 -10 11
    endloop
  endfacet
  facet normal 0 -1 0
    outer loop
      vertex 144 -10 9
      vertex 141.99 -10 11
      vertex 0 -10 9
    endloop
  endfacet
  facet normal 0 -1 0
    outer loop
      vertex 141.99 -10 11
      vertex 144 -10 9
      vertex 144 -10 11
    endloop
  endfacet
  facet normal 0 -1 0
    outer loop
      vertex 2.01 -10 11
      vertex 141.99 -10 12
      vertex 2.01 -10 12
    endloop
  endfacet
  facet normal 0 -1 -0
    outer loop
      vertex 141.99 -10 12
      vertex 2.01 -10 11
      vertex 141.99 -10 11
    endloop
  endfacet
  facet normal 0 1 -0
    outer loop
      vertex 144 -16 9
      vertex 141.99 -16 11
      vertex 144 -16 11
    endloop
  endfacet
  facet normal 0 1 0
    outer loop
      vertex 141.99 -16 11
      vertex 144 -16 9
      vertex 2.01 -16 11
    endloop
  endfacet
  facet normal 0 1 0
    outer loop
      vertex 0 -16 9
      vertex 2.01 -16 11
      vertex 144 -16 9
    endloop
  endfacet
  facet normal 0 1 0
    outer loop
      vertex 2.01 -16 11
      vertex 0 -16 9
      vertex 0 -16 11
    endloop
  endfacet
  facet normal 0 1 -0
    outer loop
      vertex 141.99 -16 11
      vertex 2.01 -16 12
      vertex 141.99 -16 12
    endloop
  endfacet
  facet normal 0 1 0
    outer loop
      vertex 2.01 -16 12
      vertex 141.99 -16 11
      vertex 2.01 -16 11
    endloop
  endfacet
  facet normal 0 -1 0
    outer loop
      vertex 0 3.7 12
      vertex 6.56943 3.7 11.8041
      vertex 6.345 3.7 12
    endloop
  endfacet
  facet normal 0 -1 0
    outer loop
      vertex 0 3.7 12
      vertex 6.96256 3.7 11.4608
      vertex 6.56943 3.7 11.8041
    endloop
  endfacet
  facet normal 0 -1 0
    outer loop
      vertex 0 3.7 12
      vertex 7.03695 3.7 11.4
      vertex 6.96256 3.7 11.4608
    endloop
  endfacet
  facet normal 0 -1 0
    outer loop
      vertex 0 3.7 0
      vertex 7.03695 3.7 11.4
      vertex 0 3.7 12
    endloop
  endfacet
  facet normal 0 -1 -0
    outer loop
      vertex 7.03695 3.7 11.4
      vertex 0 3.7 0
      vertex 7.03695 3.7 0
    endloop
  endfacet
  facet normal 0 1 0
    outer loop
      vertex 6.56943 -3.7 11.8041
      vertex 0 -3.7 12
      vertex 6.345 -3.7 12
    endloop
  endfacet
  facet normal 0 1 0
    outer loop
      vertex 6.96256 -3.7 11.4608
      vertex 0 -3.7 12
      vertex 6.56943 -3.7 11.8041
    endloop
  endfacet
  facet normal 0 1 0
    outer loop
      vertex 7.03695 -3.7 11.4
      vertex 0 -3.7 12
      vertex 6.96256 -3.7 11.4608
    endloop
  endfacet
  facet normal 0 1 0
    outer loop
      vertex 0 -3.7 0
      vertex 7.03695 -3.7 11.4
      vertex 7.03695 -3.7 0
    endloop
  endfacet
  facet normal 0 1 0
    outer loop
      vertex 7.03695 -3.7 11.4
      vertex 0 -3.7 0
      vertex 0 -3.7 12
    endloop
  endfacet
  facet normal -0.595723 -0.80319 0
    outer loop
      vertex 16.1668 5.4877 0
      vertex 16.687 5.10187 11.4
      vertex 16.1668 5.4877 11.4
    endloop
  endfacet
  facet normal -0.595723 -0.80319 -0
    outer loop
      vertex 16.687 5.10187 11.4
      vertex 16.1668 5.4877 0
      vertex 16.687 5.10187 0
    endloop
  endfacet
  facet normal -0.970022 0.243015 0
    outer loop
      vertex 18.8158 -1.91588 0
      vertex 18.9732 -1.2876 11.4
      vertex 18.9732 -1.2876 0
    endloop
  endfacet
  facet normal -0.970022 0.243015 0
    outer loop
      vertex 18.9732 -1.2876 11.4
      vertex 18.8158 -1.91588 0
      vertex 18.8158 -1.91588 11.4
    endloop
  endfacet
  facet normal -0.671571 0.74094 0
    outer loop
      vertex 17.1669 -4.6669 0
      vertex 16.687 -5.10187 11.4
      vertex 17.1669 -4.6669 11.4
    endloop
  endfacet
  facet normal -0.671571 0.74094 0
    outer loop
      vertex 16.687 -5.10187 11.4
      vertex 17.1669 -4.6669 0
      vertex 16.687 -5.10187 0
    endloop
  endfacet
  facet normal -0.427554 0.90399 0
    outer loop
      vertex 15.6112 -5.82068 0
      vertex 15.0257 -6.0976 11.4
      vertex 15.6112 -5.82068 11.4
    endloop
  endfacet
  facet normal -0.427554 0.90399 0
    outer loop
      vertex 15.0257 -6.0976 11.4
      vertex 15.6112 -5.82068 0
      vertex 15.0257 -6.0976 0
    endloop
  endfacet
  facet normal -0.514064 -0.857752 0
    outer loop
      vertex 15.6112 5.82068 0
      vertex 16.1668 5.4877 11.4
      vertex 15.6112 5.82068 11.4
    endloop
  endfacet
  facet normal -0.514064 -0.857752 -0
    outer loop
      vertex 16.1668 5.4877 11.4
      vertex 15.6112 5.82068 0
      vertex 16.1668 5.4877 0
    endloop
  endfacet
  facet normal 0.595693 -0.803212 0
    outer loop
      vertex 8.313 5.10187 0
      vertex 8.83324 5.4877 11.4
      vertex 8.313 5.10187 11.4
    endloop
  endfacet
  facet normal 0.595693 -0.803212 0
    outer loop
      vertex 8.83324 5.4877 11.4
      vertex 8.313 5.10187 0
      vertex 8.83324 5.4877 0
    endloop
  endfacet
  facet normal -0.0490674 0.998795 0
    outer loop
      vertex 13.1469 -6.56822 0
      vertex 12.5 -6.6 11.4
      vertex 13.1469 -6.56822 11.4
    endloop
  endfacet
  facet normal -0.0490674 0.998795 0
    outer loop
      vertex 12.5 -6.6 11.4
      vertex 13.1469 -6.56822 0
      vertex 12.5 -6.6 0
    endloop
  endfacet
  facet normal -0.671571 -0.74094 0
    outer loop
      vertex 16.687 5.10187 0
      vertex 17.1669 4.6669 11.4
      vertex 16.687 5.10187 11.4
    endloop
  endfacet
  facet normal -0.671571 -0.74094 -0
    outer loop
      vertex 17.1669 4.6669 11.4
      vertex 16.687 5.10187 0
      vertex 17.1669 4.6669 0
    endloop
  endfacet
  facet normal -0.146732 0.989176 0
    outer loop
      vertex 13.7876 -6.47318 0
      vertex 13.1469 -6.56822 11.4
      vertex 13.7876 -6.47318 11.4
    endloop
  endfacet
  facet normal -0.146732 0.989176 0
    outer loop
      vertex 13.1469 -6.56822 11.4
      vertex 13.7876 -6.47318 0
      vertex 13.1469 -6.56822 0
    endloop
  endfacet
  facet normal -0.989185 -0.146675 0
    outer loop
      vertex 19.0682 0.646913 0
      vertex 18.9732 1.2876 11.4
      vertex 18.9732 1.2876 0
    endloop
  endfacet
  facet normal -0.989185 -0.146675 0
    outer loop
      vertex 18.9732 1.2876 11.4
      vertex 19.0682 0.646913 0
      vertex 19.0682 0.646913 11.4
    endloop
  endfacet
  facet normal 0.514105 -0.857727 0
    outer loop
      vertex 8.83324 5.4877 0
      vertex 9.38878 5.82068 11.4
      vertex 8.83324 5.4877 11.4
    endloop
  endfacet
  facet normal 0.514105 -0.857727 0
    outer loop
      vertex 9.38878 5.82068 11.4
      vertex 8.83324 5.4877 0
      vertex 9.38878 5.82068 0
    endloop
  endfacet
  facet normal -0.336917 -0.941534 0
    outer loop
      vertex 14.4159 6.31581 0
      vertex 15.0257 6.0976 11.4
      vertex 14.4159 6.31581 11.4
    endloop
  endfacet
  facet normal -0.336917 -0.941534 -0
    outer loop
      vertex 15.0257 6.0976 11.4
      vertex 14.4159 6.31581 0
      vertex 15.0257 6.0976 0
    endloop
  endfacet
  facet normal -0.998794 0.0490973 0
    outer loop
      vertex 19.0682 -0.646913 0
      vertex 19.1 0 11.4
      vertex 19.1 0 0
    endloop
  endfacet
  facet normal -0.998794 0.0490973 0
    outer loop
      vertex 19.1 0 11.4
      vertex 19.0682 -0.646913 0
      vertex 19.0682 -0.646913 11.4
    endloop
  endfacet
  facet normal -0.857714 -0.514128 0
    outer loop
      vertex 18.3207 3.11122 0
      vertex 17.9877 3.66676 11.4
      vertex 17.9877 3.66676 0
    endloop
  endfacet
  facet normal -0.857714 -0.514128 0
    outer loop
      vertex 17.9877 3.66676 11.4
      vertex 18.3207 3.11122 0
      vertex 18.3207 3.11122 11.4
    endloop
  endfacet
  facet normal -0.970022 -0.243015 0
    outer loop
      vertex 18.9732 1.2876 0
      vertex 18.8158 1.91588 11.4
      vertex 18.8158 1.91588 0
    endloop
  endfacet
  facet normal -0.970022 -0.243015 0
    outer loop
      vertex 18.8158 1.91588 11.4
      vertex 18.9732 1.2876 0
      vertex 18.9732 1.2876 11.4
    endloop
  endfacet
  facet normal 0.0490674 -0.998795 0
    outer loop
      vertex 11.8531 6.56822 0
      vertex 12.5 6.6 11.4
      vertex 11.8531 6.56822 11.4
    endloop
  endfacet
  facet normal 0.0490674 -0.998795 0
    outer loop
      vertex 12.5 6.6 11.4
      vertex 11.8531 6.56822 0
      vertex 12.5 6.6 0
    endloop
  endfacet
  facet normal -0.740917 0.671596 0
    outer loop
      vertex 17.1669 -4.6669 0
      vertex 17.6019 -4.187 11.4
      vertex 17.6019 -4.187 0
    endloop
  endfacet
  facet normal -0.740917 0.671596 0
    outer loop
      vertex 17.6019 -4.187 11.4
      vertex 17.1669 -4.6669 0
      vertex 17.1669 -4.6669 11.4
    endloop
  endfacet
  facet normal -0.998794 -0.0490973 0
    outer loop
      vertex 19.1 0 0
      vertex 19.0682 0.646913 11.4
      vertex 19.0682 0.646913 0
    endloop
  endfacet
  facet normal -0.998794 -0.0490973 0
    outer loop
      vertex 19.0682 0.646913 11.4
      vertex 19.1 0 0
      vertex 19.1 0 11.4
    endloop
  endfacet
  facet normal -0.904005 -0.427523 0
    outer loop
      vertex 18.5976 2.52571 0
      vertex 18.3207 3.11122 11.4
      vertex 18.3207 3.11122 0
    endloop
  endfacet
  facet normal -0.904005 -0.427523 0
    outer loop
      vertex 18.3207 3.11122 11.4
      vertex 18.5976 2.52571 0
      vertex 18.5976 2.52571 11.4
    endloop
  endfacet
  facet normal -0.941544 -0.336889 0
    outer loop
      vertex 18.8158 1.91588 0
      vertex 18.5976 2.52571 11.4
      vertex 18.5976 2.52571 0
    endloop
  endfacet
  facet normal -0.941544 -0.336889 0
    outer loop
      vertex 18.5976 2.52571 11.4
      vertex 18.8158 1.91588 0
      vertex 18.8158 1.91588 11.4
    endloop
  endfacet
  facet normal 0.803211 0.595695 0
    outer loop
      vertex 7.39813 -4.187 11.4
      vertex 7.03695 -3.7 0
      vertex 7.03695 -3.7 11.4
    endloop
  endfacet
  facet normal 0.803211 0.595695 0
    outer loop
      vertex 7.03695 -3.7 0
      vertex 7.39813 -4.187 11.4
      vertex 7.39813 -4.187 0
    endloop
  endfacet
  facet normal -0.427554 -0.90399 0
    outer loop
      vertex 15.0257 6.0976 0
      vertex 15.6112 5.82068 11.4
      vertex 15.0257 6.0976 11.4
    endloop
  endfacet
  facet normal -0.427554 -0.90399 -0
    outer loop
      vertex 15.6112 5.82068 11.4
      vertex 15.0257 6.0976 0
      vertex 15.6112 5.82068 0
    endloop
  endfacet
  facet normal -0.146732 -0.989176 0
    outer loop
      vertex 13.1469 6.56822 0
      vertex 13.7876 6.47318 11.4
      vertex 13.1469 6.56822 11.4
    endloop
  endfacet
  facet normal -0.146732 -0.989176 -0
    outer loop
      vertex 13.7876 6.47318 11.4
      vertex 13.1469 6.56822 0
      vertex 13.7876 6.47318 0
    endloop
  endfacet
  facet normal 0.242964 0.970035 -0
    outer loop
      vertex 11.2124 -6.47318 0
      vertex 10.5841 -6.31581 11.4
      vertex 11.2124 -6.47318 11.4
    endloop
  endfacet
  facet normal 0.242964 0.970035 0
    outer loop
      vertex 10.5841 -6.31581 11.4
      vertex 11.2124 -6.47318 0
      vertex 10.5841 -6.31581 0
    endloop
  endfacet
  facet normal -0.803234 0.595663 0
    outer loop
      vertex 17.6019 -4.187 0
      vertex 17.9877 -3.66676 11.4
      vertex 17.9877 -3.66676 0
    endloop
  endfacet
  facet normal -0.803234 0.595663 0
    outer loop
      vertex 17.9877 -3.66676 11.4
      vertex 17.6019 -4.187 0
      vertex 17.6019 -4.187 11.4
    endloop
  endfacet
  facet normal 0.242964 -0.970035 0
    outer loop
      vertex 10.5841 6.31581 0
      vertex 11.2124 6.47318 11.4
      vertex 10.5841 6.31581 11.4
    endloop
  endfacet
  facet normal 0.242964 -0.970035 0
    outer loop
      vertex 11.2124 6.47318 11.4
      vertex 10.5841 6.31581 0
      vertex 11.2124 6.47318 0
    endloop
  endfacet
  facet normal -0.989185 0.146675 0
    outer loop
      vertex 18.9732 -1.2876 0
      vertex 19.0682 -0.646913 11.4
      vertex 19.0682 -0.646913 0
    endloop
  endfacet
  facet normal -0.989185 0.146675 0
    outer loop
      vertex 19.0682 -0.646913 11.4
      vertex 18.9732 -1.2876 0
      vertex 18.9732 -1.2876 11.4
    endloop
  endfacet
  facet normal 0.427548 -0.903993 0
    outer loop
      vertex 9.38878 5.82068 0
      vertex 9.97429 6.0976 11.4
      vertex 9.38878 5.82068 11.4
    endloop
  endfacet
  facet normal 0.427548 -0.903993 0
    outer loop
      vertex 9.97429 6.0976 11.4
      vertex 9.38878 5.82068 0
      vertex 9.97429 6.0976 0
    endloop
  endfacet
  facet normal -0.803234 -0.595663 0
    outer loop
      vertex 17.9877 3.66676 0
      vertex 17.6019 4.187 11.4
      vertex 17.6019 4.187 0
    endloop
  endfacet
  facet normal -0.803234 -0.595663 0
    outer loop
      vertex 17.6019 4.187 11.4
      vertex 17.9877 3.66676 0
      vertex 17.9877 3.66676 11.4
    endloop
  endfacet
  facet normal 0.336912 -0.941536 0
    outer loop
      vertex 9.97429 6.0976 0
      vertex 10.5841 6.31581 11.4
      vertex 9.97429 6.0976 11.4
    endloop
  endfacet
  facet normal 0.336912 -0.941536 0
    outer loop
      vertex 10.5841 6.31581 11.4
      vertex 9.97429 6.0976 0
      vertex 10.5841 6.31581 0
    endloop
  endfacet
  facet normal -0.242964 0.970035 0
    outer loop
      vertex 14.4159 -6.31581 0
      vertex 13.7876 -6.47318 11.4
      vertex 14.4159 -6.31581 11.4
    endloop
  endfacet
  facet normal -0.242964 0.970035 0
    outer loop
      vertex 13.7876 -6.47318 11.4
      vertex 14.4159 -6.31581 0
      vertex 13.7876 -6.47318 0
    endloop
  endfacet
  facet normal -0.740917 -0.671596 0
    outer loop
      vertex 17.6019 4.187 0
      vertex 17.1669 4.6669 11.4
      vertex 17.1669 4.6669 0
    endloop
  endfacet
  facet normal -0.740917 -0.671596 0
    outer loop
      vertex 17.1669 4.6669 11.4
      vertex 17.6019 4.187 0
      vertex 17.6019 4.187 11.4
    endloop
  endfacet
  facet normal 0.146732 0.989176 -0
    outer loop
      vertex 11.8531 -6.56822 0
      vertex 11.2124 -6.47318 11.4
      vertex 11.8531 -6.56822 11.4
    endloop
  endfacet
  facet normal 0.146732 0.989176 0
    outer loop
      vertex 11.2124 -6.47318 11.4
      vertex 11.8531 -6.56822 0
      vertex 11.2124 -6.47318 0
    endloop
  endfacet
  facet normal 0.514105 0.857727 -0
    outer loop
      vertex 9.38878 -5.82068 0
      vertex 8.83324 -5.4877 11.4
      vertex 9.38878 -5.82068 11.4
    endloop
  endfacet
  facet normal 0.514105 0.857727 0
    outer loop
      vertex 8.83324 -5.4877 11.4
      vertex 9.38878 -5.82068 0
      vertex 8.83324 -5.4877 0
    endloop
  endfacet
  facet normal 0.671563 -0.740947 0
    outer loop
      vertex 7.83309 4.6669 0
      vertex 8.313 5.10187 11.4
      vertex 7.83309 4.6669 11.4
    endloop
  endfacet
  facet normal 0.671563 -0.740947 0
    outer loop
      vertex 8.313 5.10187 11.4
      vertex 7.83309 4.6669 0
      vertex 8.313 5.10187 0
    endloop
  endfacet
  facet normal -0.904005 0.427523 0
    outer loop
      vertex 18.3207 -3.11122 0
      vertex 18.5976 -2.52571 11.4
      vertex 18.5976 -2.52571 0
    endloop
  endfacet
  facet normal -0.904005 0.427523 0
    outer loop
      vertex 18.5976 -2.52571 11.4
      vertex 18.3207 -3.11122 0
      vertex 18.3207 -3.11122 11.4
    endloop
  endfacet
  facet normal 0.740948 -0.671562 0
    outer loop
      vertex 7.39813 4.187 11.4
      vertex 7.83309 4.6669 0
      vertex 7.83309 4.6669 11.4
    endloop
  endfacet
  facet normal 0.740948 -0.671562 0
    outer loop
      vertex 7.83309 4.6669 0
      vertex 7.39813 4.187 11.4
      vertex 7.39813 4.187 0
    endloop
  endfacet
  facet normal 0.595693 0.803212 -0
    outer loop
      vertex 8.83324 -5.4877 0
      vertex 8.313 -5.10187 11.4
      vertex 8.83324 -5.4877 11.4
    endloop
  endfacet
  facet normal 0.595693 0.803212 0
    outer loop
      vertex 8.313 -5.10187 11.4
      vertex 8.83324 -5.4877 0
      vertex 8.313 -5.10187 0
    endloop
  endfacet
  facet normal -0.941544 0.336889 0
    outer loop
      vertex 18.5976 -2.52571 0
      vertex 18.8158 -1.91588 11.4
      vertex 18.8158 -1.91588 0
    endloop
  endfacet
  facet normal -0.941544 0.336889 0
    outer loop
      vertex 18.8158 -1.91588 11.4
      vertex 18.5976 -2.52571 0
      vertex 18.5976 -2.52571 11.4
    endloop
  endfacet
  facet normal 0.146732 -0.989176 0
    outer loop
      vertex 11.2124 6.47318 0
      vertex 11.8531 6.56822 11.4
      vertex 11.2124 6.47318 11.4
    endloop
  endfacet
  facet normal 0.146732 -0.989176 0
    outer loop
      vertex 11.8531 6.56822 11.4
      vertex 11.2124 6.47318 0
      vertex 11.8531 6.56822 0
    endloop
  endfacet
  facet normal 0.336912 0.941536 -0
    outer loop
      vertex 10.5841 -6.31581 0
      vertex 9.97429 -6.0976 11.4
      vertex 10.5841 -6.31581 11.4
    endloop
  endfacet
  facet normal 0.336912 0.941536 0
    outer loop
      vertex 9.97429 -6.0976 11.4
      vertex 10.5841 -6.31581 0
      vertex 9.97429 -6.0976 0
    endloop
  endfacet
  facet normal -0.595723 0.80319 0
    outer loop
      vertex 16.687 -5.10187 0
      vertex 16.1668 -5.4877 11.4
      vertex 16.687 -5.10187 11.4
    endloop
  endfacet
  facet normal -0.595723 0.80319 0
    outer loop
      vertex 16.1668 -5.4877 11.4
      vertex 16.687 -5.10187 0
      vertex 16.1668 -5.4877 0
    endloop
  endfacet
  facet normal -0.857714 0.514128 0
    outer loop
      vertex 17.9877 -3.66676 0
      vertex 18.3207 -3.11122 11.4
      vertex 18.3207 -3.11122 0
    endloop
  endfacet
  facet normal -0.857714 0.514128 0
    outer loop
      vertex 18.3207 -3.11122 11.4
      vertex 17.9877 -3.66676 0
      vertex 17.9877 -3.66676 11.4
    endloop
  endfacet
  facet normal 0.427548 0.903993 -0
    outer loop
      vertex 9.97429 -6.0976 0
      vertex 9.38878 -5.82068 11.4
      vertex 9.97429 -6.0976 11.4
    endloop
  endfacet
  facet normal 0.427548 0.903993 0
    outer loop
      vertex 9.38878 -5.82068 11.4
      vertex 9.97429 -6.0976 0
      vertex 9.38878 -5.82068 0
    endloop
  endfacet
  facet normal -0.0490674 -0.998795 0
    outer loop
      vertex 12.5 6.6 0
      vertex 13.1469 6.56822 11.4
      vertex 12.5 6.6 11.4
    endloop
  endfacet
  facet normal -0.0490674 -0.998795 -0
    outer loop
      vertex 13.1469 6.56822 11.4
      vertex 12.5 6.6 0
      vertex 13.1469 6.56822 0
    endloop
  endfacet
  facet normal 0.0490674 0.998795 -0
    outer loop
      vertex 12.5 -6.6 0
      vertex 11.8531 -6.56822 11.4
      vertex 12.5 -6.6 11.4
    endloop
  endfacet
  facet normal 0.0490674 0.998795 0
    outer loop
      vertex 11.8531 -6.56822 11.4
      vertex 12.5 -6.6 0
      vertex 11.8531 -6.56822 0
    endloop
  endfacet
  facet normal 0.740948 0.671562 0
    outer loop
      vertex 7.83309 -4.6669 11.4
      vertex 7.39813 -4.187 0
      vertex 7.39813 -4.187 11.4
    endloop
  endfacet
  facet normal 0.740948 0.671562 0
    outer loop
      vertex 7.39813 -4.187 0
      vertex 7.83309 -4.6669 11.4
      vertex 7.83309 -4.6669 0
    endloop
  endfacet
  facet normal 0.803211 -0.595695 0
    outer loop
      vertex 7.03695 3.7 11.4
      vertex 7.39813 4.187 0
      vertex 7.39813 4.187 11.4
    endloop
  endfacet
  facet normal 0.803211 -0.595695 0
    outer loop
      vertex 7.39813 4.187 0
      vertex 7.03695 3.7 11.4
      vertex 7.03695 3.7 0
    endloop
  endfacet
  facet normal 0.671563 0.740947 -0
    outer loop
      vertex 8.313 -5.10187 0
      vertex 7.83309 -4.6669 11.4
      vertex 8.313 -5.10187 11.4
    endloop
  endfacet
  facet normal 0.671563 0.740947 0
    outer loop
      vertex 7.83309 -4.6669 11.4
      vertex 8.313 -5.10187 0
      vertex 7.83309 -4.6669 0
    endloop
  endfacet
  facet normal -0.514064 0.857752 0
    outer loop
      vertex 16.1668 -5.4877 0
      vertex 15.6112 -5.82068 11.4
      vertex 16.1668 -5.4877 11.4
    endloop
  endfacet
  facet normal -0.514064 0.857752 0
    outer loop
      vertex 15.6112 -5.82068 11.4
      vertex 16.1668 -5.4877 0
      vertex 15.6112 -5.82068 0
    endloop
  endfacet
  facet normal -0.242964 -0.970035 0
    outer loop
      vertex 13.7876 6.47318 0
      vertex 14.4159 6.31581 11.4
      vertex 13.7876 6.47318 11.4
    endloop
  endfacet
  facet normal -0.242964 -0.970035 -0
    outer loop
      vertex 14.4159 6.31581 11.4
      vertex 13.7876 6.47318 0
      vertex 14.4159 6.31581 0
    endloop
  endfacet
  facet normal -0.336917 0.941534 0
    outer loop
      vertex 15.0257 -6.0976 0
      vertex 14.4159 -6.31581 11.4
      vertex 15.0257 -6.0976 11.4
    endloop
  endfacet
  facet normal -0.336917 0.941534 0
    outer loop
      vertex 14.4159 -6.31581 11.4
      vertex 15.0257 -6.0976 0
      vertex 14.4159 -6.31581 0
    endloop
  endfacet
  facet normal -0.712514 -0.0350247 0.700783
    outer loop
      vertex 19.1 0 11.4
      vertex 19.6896 0.0106044 12
      vertex 19.0682 0.646913 11.4
    endloop
  endfacet
  facet normal -0.712326 -0.0403036 0.700691
    outer loop
      vertex 19.6896 0.0106044 12
      vertex 19.1 0 11.4
      vertex 19.6902 0 12
    endloop
  endfacet
  facet normal -0.366743 0.611854 0.70081
    outer loop
      vertex 15.8894 -6.34116 12
      vertex 16.4855 -5.98386 12
      vertex 15.6112 -5.82068 11.4
    endloop
  endfacet
  facet normal -0.305016 -0.64483 0.700828
    outer loop
      vertex 15.8798 6.3457 12
      vertex 15.2516 6.64285 12
      vertex 15.0257 6.0976 11.4
    endloop
  endfacet
  facet normal -0.611832 0.366742 0.700829
    outer loop
      vertex 17.9877 -3.66676 11.4
      vertex 18.4839 -3.98553 12
      vertex 18.3207 -3.11122 11.4
    endloop
  endfacet
  facet normal -0.610639 0.368662 0.700863
    outer loop
      vertex 18.4839 -3.98553 12
      vertex 17.9877 -3.66676 11.4
      vertex 18.4784 -3.99464 12
    endloop
  endfacet
  facet normal -0.479085 -0.528531 0.700809
    outer loop
      vertex 17.5763 5.09134 12
      vertex 17.0614 5.55807 12
      vertex 16.687 5.10187 11.4
    endloop
  endfacet
  facet normal -0.104833 -0.705604 0.700809
    outer loop
      vertex 13.1469 6.56822 11.4
      vertex 13.2153 7.15398 12
      vertex 13.2048 7.15554 12
    endloop
  endfacet
  facet normal -0.104671 -0.705626 0.700811
    outer loop
      vertex 13.2153 7.15398 12
      vertex 13.1469 6.56822 11.4
      vertex 13.7876 6.47318 11.4
    endloop
  endfacet
  facet normal -0.671189 0.241628 0.700801
    outer loop
      vertex 18.8158 -1.91588 11.4
      vertex 19.377 -2.09719 12
      vertex 19.3806 -2.08719 12
    endloop
  endfacet
  facet normal -0.671637 0.240315 0.700823
    outer loop
      vertex 19.377 -2.09719 12
      vertex 18.8158 -1.91588 11.4
      vertex 18.5976 -2.52571 11.4
    endloop
  endfacet
  facet normal 0.173322 -0.691974 0.700808
    outer loop
      vertex 11.2124 6.47318 11.4
      vertex 11.0973 7.05201 12
      vertex 10.4231 6.88314 12
    endloop
  endfacet
  facet normal -0.572972 0.424941 0.700806
    outer loop
      vertex 18.0581 -4.56139 12
      vertex 18.4721 -4.00317 12
      vertex 17.6019 -4.187 11.4
    endloop
  endfacet
  facet normal 0.0350023 -0.712491 0.700807
    outer loop
      vertex 12.5 6.6 11.4
      vertex 12.4894 7.18964 12
      vertex 11.8531 6.56822 11.4
    endloop
  endfacet
  facet normal 0.0349525 -0.712493 0.700808
    outer loop
      vertex 12.4894 7.18964 12
      vertex 12.5 6.6 11.4
      vertex 12.5 7.19016 12
    endloop
  endfacet
  facet normal -0.0350023 0.712491 0.700807
    outer loop
      vertex 12.5 -6.6 11.4
      vertex 12.5106 -7.18964 12
      vertex 13.1469 -6.56822 11.4
    endloop
  endfacet
  facet normal -0.0349525 0.712493 0.700808
    outer loop
      vertex 12.5106 -7.18964 12
      vertex 12.5 -6.6 11.4
      vertex 12.5 -7.19016 12
    endloop
  endfacet
  facet normal -0.528526 -0.479097 0.700804
    outer loop
      vertex 17.6019 4.187 11.4
      vertex 18.0581 4.56139 12
      vertex 17.5913 5.07635 12
    endloop
  endfacet
  facet normal -0.712503 -0.0350013 0.700796
    outer loop
      vertex 19.6896 0.0106044 12
      vertex 19.6555 0.704759 12
      vertex 19.0682 0.646913 11.4
    endloop
  endfacet
  facet normal 0.528561 -0.479057 0.700806
    outer loop
      vertex 7.39813 4.187 11.4
      vertex 7.40866 5.07635 12
      vertex 6.94193 4.56139 12
    endloop
  endfacet
  facet normal -0.572972 -0.424941 0.700806
    outer loop
      vertex 18.4721 4.00317 12
      vertex 18.0581 4.56139 12
      vertex 17.6019 4.187 11.4
    endloop
  endfacet
  facet normal -0.424955 0.572957 0.70081
    outer loop
      vertex 17.0614 -5.55807 12
      vertex 16.687 -5.10187 11.4
      vertex 16.5032 -5.97208 12
    endloop
  endfacet
  facet normal -0.611848 0.366733 0.70082
    outer loop
      vertex 18.4839 -3.98553 12
      vertex 18.8412 -3.38942 12
      vertex 18.3207 -3.11122 11.4
    endloop
  endfacet
  facet normal -0.691982 0.173359 0.70079
    outer loop
      vertex 18.8158 -1.91588 11.4
      vertex 19.3831 -2.07689 12
      vertex 18.9732 -1.2876 11.4
    endloop
  endfacet
  facet normal -0.693327 0.168283 0.700699
    outer loop
      vertex 19.3831 -2.07689 12
      vertex 18.8158 -1.91588 11.4
      vertex 19.3806 -2.08719 12
    endloop
  endfacet
  facet normal 0.0349984 -0.712489 0.700809
    outer loop
      vertex 11.8531 6.56822 11.4
      vertex 12.4894 7.18964 12
      vertex 11.7952 7.15554 12
    endloop
  endfacet
  facet normal -0.528542 0.479091 0.700796
    outer loop
      vertex 17.1669 -4.6669 11.4
      vertex 17.5913 -5.07635 12
      vertex 17.6019 -4.187 11.4
    endloop
  endfacet
  facet normal -0.529381 0.478194 0.700776
    outer loop
      vertex 17.5913 -5.07635 12
      vertex 17.1669 -4.6669 11.4
      vertex 17.5842 -5.08421 12
    endloop
  endfacet
  facet normal 0.366738 -0.611857 0.70081
    outer loop
      vertex 9.38878 5.82068 11.4
      vertex 9.11058 6.34116 12
      vertex 8.51447 5.98386 12
    endloop
  endfacet
  facet normal 0.304998 0.644852 0.700815
    outer loop
      vertex 9.74844 -6.64285 12
      vertex 9.97429 -6.0976 11.4
      vertex 9.12018 -6.3457 12
    endloop
  endfacet
  facet normal -0.0349984 -0.712489 0.700809
    outer loop
      vertex 13.1469 6.56822 11.4
      vertex 13.2048 7.15554 12
      vertex 12.5106 7.18964 12
    endloop
  endfacet
  facet normal -0.712503 0.0350013 0.700796
    outer loop
      vertex 19.6555 -0.704759 12
      vertex 19.6896 -0.0106044 12
      vertex 19.0682 -0.646913 11.4
    endloop
  endfacet
  facet normal 0.479059 -0.528554 0.700809
    outer loop
      vertex 7.42365 5.09134 12
      vertex 7.83309 4.6669 11.4
      vertex 8.313 5.10187 11.4
    endloop
  endfacet
  facet normal 0.479278 -0.528349 0.700814
    outer loop
      vertex 7.83309 4.6669 11.4
      vertex 7.42365 5.09134 12
      vertex 7.41579 5.08421 12
    endloop
  endfacet
  facet normal -0.64488 0.304977 0.700798
    outer loop
      vertex 18.3207 -3.11122 11.4
      vertex 18.8457 -3.37982 12
      vertex 18.5976 -2.52571 11.4
    endloop
  endfacet
  facet normal -0.645953 0.302791 0.700758
    outer loop
      vertex 18.8457 -3.37982 12
      vertex 18.3207 -3.11122 11.4
      vertex 18.8412 -3.38942 12
    endloop
  endfacet
  facet normal -0.691978 0.173364 0.700794
    outer loop
      vertex 19.3831 -2.07689 12
      vertex 19.552 -1.40273 12
      vertex 18.9732 -1.2876 11.4
    endloop
  endfacet
  facet normal -0.671648 -0.240384 0.700789
    outer loop
      vertex 19.377 2.09719 12
      vertex 19.1428 2.75156 12
      vertex 18.5976 2.52571 11.4
    endloop
  endfacet
  facet normal -0.528526 0.479097 0.700804
    outer loop
      vertex 18.0581 -4.56139 12
      vertex 17.6019 -4.187 11.4
      vertex 17.5913 -5.07635 12
    endloop
  endfacet
  facet normal -0.671648 0.240384 0.700789
    outer loop
      vertex 19.1428 -2.75156 12
      vertex 19.377 -2.09719 12
      vertex 18.5976 -2.52571 11.4
    endloop
  endfacet
  facet normal 0.528561 0.479057 0.700806
    outer loop
      vertex 7.40866 -5.07635 12
      vertex 7.39813 -4.187 11.4
      vertex 6.94193 -4.56139 12
    endloop
  endfacet
  facet normal 0.173322 0.691974 0.700808
    outer loop
      vertex 11.0973 -7.05201 12
      vertex 11.2124 -6.47318 11.4
      vertex 10.4231 -6.88314 12
    endloop
  endfacet
  facet normal 0.424665 0.573163 0.700817
    outer loop
      vertex 8.83324 -5.4877 11.4
      vertex 8.49683 -5.97208 12
      vertex 8.50536 -5.9784 12
    endloop
  endfacet
  facet normal 0.424935 0.572968 0.700812
    outer loop
      vertex 8.49683 -5.97208 12
      vertex 8.83324 -5.4877 11.4
      vertex 8.313 -5.10187 11.4
    endloop
  endfacet
  facet normal -0.529381 -0.478194 0.700776
    outer loop
      vertex 17.1669 4.6669 11.4
      vertex 17.5913 5.07635 12
      vertex 17.5842 5.08421 12
    endloop
  endfacet
  facet normal -0.528542 -0.479091 0.700796
    outer loop
      vertex 17.5913 5.07635 12
      vertex 17.1669 4.6669 11.4
      vertex 17.6019 4.187 11.4
    endloop
  endfacet
  facet normal 0.0349525 0.712493 0.700808
    outer loop
      vertex 12.5 -6.6 11.4
      vertex 12.4894 -7.18964 12
      vertex 12.5 -7.19016 12
    endloop
  endfacet
  facet normal 0.0350023 0.712491 0.700807
    outer loop
      vertex 12.4894 -7.18964 12
      vertex 12.5 -6.6 11.4
      vertex 11.8531 -6.56822 11.4
    endloop
  endfacet
  facet normal -0.712326 0.0403036 0.700691
    outer loop
      vertex 19.1 0 11.4
      vertex 19.6896 -0.0106044 12
      vertex 19.6902 0 12
    endloop
  endfacet
  facet normal -0.712514 0.0350247 0.700783
    outer loop
      vertex 19.6896 -0.0106044 12
      vertex 19.1 0 11.4
      vertex 19.0682 -0.646913 11.4
    endloop
  endfacet
  facet normal 0.528349 0.479279 0.700813
    outer loop
      vertex 7.83309 -4.6669 11.4
      vertex 7.40866 -5.07635 12
      vertex 7.41579 -5.08421 12
    endloop
  endfacet
  facet normal 0.528555 0.479059 0.700809
    outer loop
      vertex 7.40866 -5.07635 12
      vertex 7.83309 -4.6669 11.4
      vertex 7.39813 -4.187 11.4
    endloop
  endfacet
  facet normal -0.644895 0.304967 0.700789
    outer loop
      vertex 18.8457 -3.37982 12
      vertex 19.1428 -2.75156 12
      vertex 18.5976 -2.52571 11.4
    endloop
  endfacet
  facet normal -0.0349525 -0.712493 0.700808
    outer loop
      vertex 12.5 6.6 11.4
      vertex 12.5106 7.18964 12
      vertex 12.5 7.19016 12
    endloop
  endfacet
  facet normal -0.0350023 -0.712491 0.700807
    outer loop
      vertex 12.5106 7.18964 12
      vertex 12.5 6.6 11.4
      vertex 13.1469 6.56822 11.4
    endloop
  endfacet
  facet normal 0.479059 0.528554 0.700809
    outer loop
      vertex 7.83309 -4.6669 11.4
      vertex 7.42365 -5.09134 12
      vertex 8.313 -5.10187 11.4
    endloop
  endfacet
  facet normal 0.479278 0.528349 0.700814
    outer loop
      vertex 7.42365 -5.09134 12
      vertex 7.83309 -4.6669 11.4
      vertex 7.41579 -5.08421 12
    endloop
  endfacet
  facet normal 0.572877 0.42487 0.700926
    outer loop
      vertex 6.96256 -3.7 11.4608
      vertex 7.39813 -4.187 11.4
      vertex 7.03695 -3.7 11.4
    endloop
  endfacet
  facet normal 0.572965 0.424965 0.700797
    outer loop
      vertex 6.96256 -3.7 11.4608
      vertex 6.52792 -4.00317 12
      vertex 7.39813 -4.187 11.4
    endloop
  endfacet
  facet normal 0.573174 0.424673 0.700802
    outer loop
      vertex 6.52792 -4.00317 12
      vertex 6.96256 -3.7 11.4608
      vertex 6.5216 -3.99464 12
    endloop
  endfacet
  facet normal -0.104671 0.705626 0.700811
    outer loop
      vertex 13.1469 -6.56822 11.4
      vertex 13.2153 -7.15398 12
      vertex 13.7876 -6.47318 11.4
    endloop
  endfacet
  facet normal -0.104833 0.705604 0.700809
    outer loop
      vertex 13.2153 -7.15398 12
      vertex 13.1469 -6.56822 11.4
      vertex 13.2048 -7.15554 12
    endloop
  endfacet
  facet normal -0.104674 -0.705627 0.70081
    outer loop
      vertex 13.7876 6.47318 11.4
      vertex 13.9027 7.05201 12
      vertex 13.2153 7.15398 12
    endloop
  endfacet
  facet normal 0.424947 -0.572967 0.700806
    outer loop
      vertex 8.313 5.10187 11.4
      vertex 8.49683 5.97208 12
      vertex 7.93861 5.55807 12
    endloop
  endfacet
  facet normal -0.691978 -0.173364 0.700794
    outer loop
      vertex 19.552 1.40273 12
      vertex 19.3831 2.07689 12
      vertex 18.9732 1.2876 11.4
    endloop
  endfacet
  facet normal -0.479085 0.528531 0.700809
    outer loop
      vertex 17.0614 -5.55807 12
      vertex 17.5763 -5.09134 12
      vertex 16.687 -5.10187 11.4
    endloop
  endfacet
  facet normal -0.573785 0.42378 0.700843
    outer loop
      vertex 17.9877 -3.66676 11.4
      vertex 18.4721 -4.00317 12
      vertex 18.4784 -3.99464 12
    endloop
  endfacet
  facet normal -0.572976 0.424908 0.700822
    outer loop
      vertex 18.4721 -4.00317 12
      vertex 17.9877 -3.66676 11.4
      vertex 17.6019 -4.187 11.4
    endloop
  endfacet
  facet normal -0.173322 0.691974 0.700808
    outer loop
      vertex 13.9027 -7.05201 12
      vertex 14.5769 -6.88314 12
      vertex 13.7876 -6.47318 11.4
    endloop
  endfacet
  facet normal -0.173322 -0.691974 0.700808
    outer loop
      vertex 14.5769 6.88314 12
      vertex 13.9027 7.05201 12
      vertex 13.7876 6.47318 11.4
    endloop
  endfacet
  facet normal -0.173329 0.691974 0.700806
    outer loop
      vertex 14.4159 -6.31581 11.4
      vertex 14.5769 -6.88314 12
      vertex 14.5872 -6.88056 12
    endloop
  endfacet
  facet normal -0.173319 0.691977 0.700806
    outer loop
      vertex 14.5769 -6.88314 12
      vertex 14.4159 -6.31581 11.4
      vertex 13.7876 -6.47318 11.4
    endloop
  endfacet
  facet normal -0.573785 -0.42378 0.700843
    outer loop
      vertex 18.4721 4.00317 12
      vertex 17.9877 3.66676 11.4
      vertex 18.4784 3.99464 12
    endloop
  endfacet
  facet normal -0.572976 -0.424908 0.700822
    outer loop
      vertex 17.9877 3.66676 11.4
      vertex 18.4721 4.00317 12
      vertex 17.6019 4.187 11.4
    endloop
  endfacet
  facet normal 0.572967 0.424947 0.700806
    outer loop
      vertex 6.94193 -4.56139 12
      vertex 7.39813 -4.187 11.4
      vertex 6.52792 -4.00317 12
    endloop
  endfacet
  facet normal 0.104833 0.705604 0.700809
    outer loop
      vertex 11.8531 -6.56822 11.4
      vertex 11.7847 -7.15398 12
      vertex 11.7952 -7.15554 12
    endloop
  endfacet
  facet normal 0.104671 0.705626 0.700811
    outer loop
      vertex 11.7847 -7.15398 12
      vertex 11.8531 -6.56822 11.4
      vertex 11.2124 -6.47318 11.4
    endloop
  endfacet
  facet normal -0.0349984 0.712489 0.700809
    outer loop
      vertex 13.2048 -7.15554 12
      vertex 13.1469 -6.56822 11.4
      vertex 12.5106 -7.18964 12
    endloop
  endfacet
  facet normal 0.240314 -0.671645 0.700815
    outer loop
      vertex 9.97429 6.0976 11.4
      vertex 10.4028 6.87698 12
      vertex 9.74844 6.64285 12
    endloop
  endfacet
  facet normal -0.240341 0.671647 0.700804
    outer loop
      vertex 14.4159 -6.31581 11.4
      vertex 14.5972 -6.87698 12
      vertex 15.0257 -6.0976 11.4
    endloop
  endfacet
  facet normal -0.240438 0.671614 0.700802
    outer loop
      vertex 14.5972 -6.87698 12
      vertex 14.4159 -6.31581 11.4
      vertex 14.5872 -6.88056 12
    endloop
  endfacet
  facet normal -0.705638 0.104696 0.700795
    outer loop
      vertex 19.552 -1.40273 12
      vertex 19.654 -0.715261 12
      vertex 18.9732 -1.2876 11.4
    endloop
  endfacet
  facet normal -0.240298 0.67164 0.700825
    outer loop
      vertex 15.2516 -6.64285 12
      vertex 15.0257 -6.0976 11.4
      vertex 14.5972 -6.87698 12
    endloop
  endfacet
  facet normal -0.477972 0.52959 0.700769
    outer loop
      vertex 17.1669 -4.6669 11.4
      vertex 17.5763 -5.09134 12
      vertex 17.5842 -5.08421 12
    endloop
  endfacet
  facet normal -0.479075 0.528561 0.700793
    outer loop
      vertex 17.5763 -5.09134 12
      vertex 17.1669 -4.6669 11.4
      vertex 16.687 -5.10187 11.4
    endloop
  endfacet
  facet normal -0.693327 -0.168283 0.700699
    outer loop
      vertex 18.8158 1.91588 11.4
      vertex 19.3831 2.07689 12
      vertex 19.3806 2.08719 12
    endloop
  endfacet
  facet normal -0.691982 -0.173359 0.70079
    outer loop
      vertex 19.3831 2.07689 12
      vertex 18.8158 1.91588 11.4
      vertex 18.9732 1.2876 11.4
    endloop
  endfacet
  facet normal 0.424947 0.572967 0.700806
    outer loop
      vertex 8.49683 -5.97208 12
      vertex 8.313 -5.10187 11.4
      vertex 7.93861 -5.55807 12
    endloop
  endfacet
  facet normal -0.610639 -0.368662 0.700863
    outer loop
      vertex 17.9877 3.66676 11.4
      vertex 18.4839 3.98553 12
      vertex 18.4784 3.99464 12
    endloop
  endfacet
  facet normal -0.611832 -0.366742 0.700829
    outer loop
      vertex 18.4839 3.98553 12
      vertex 17.9877 3.66676 11.4
      vertex 18.3207 3.11122 11.4
    endloop
  endfacet
  facet normal -0.706108 0.100853 0.700885
    outer loop
      vertex 19.0682 -0.646913 11.4
      vertex 19.654 -0.715261 12
      vertex 19.6555 -0.704759 12
    endloop
  endfacet
  facet normal -0.705612 0.104627 0.700831
    outer loop
      vertex 19.654 -0.715261 12
      vertex 19.0682 -0.646913 11.4
      vertex 18.9732 -1.2876 11.4
    endloop
  endfacet
  facet normal -0.611848 -0.366733 0.70082
    outer loop
      vertex 18.8412 3.38942 12
      vertex 18.4839 3.98553 12
      vertex 18.3207 3.11122 11.4
    endloop
  endfacet
  facet normal -0.477972 -0.52959 0.700769
    outer loop
      vertex 17.5763 5.09134 12
      vertex 17.1669 4.6669 11.4
      vertex 17.5842 5.08421 12
    endloop
  endfacet
  facet normal -0.479075 -0.528561 0.700793
    outer loop
      vertex 17.1669 4.6669 11.4
      vertex 17.5763 5.09134 12
      vertex 16.687 5.10187 11.4
    endloop
  endfacet
  facet normal -0.104674 0.705627 0.70081
    outer loop
      vertex 13.9027 -7.05201 12
      vertex 13.7876 -6.47318 11.4
      vertex 13.2153 -7.15398 12
    endloop
  endfacet
  facet normal -0.424959 0.572956 0.700808
    outer loop
      vertex 16.1668 -5.4877 11.4
      vertex 16.5032 -5.97208 12
      vertex 16.687 -5.10187 11.4
    endloop
  endfacet
  facet normal -0.422402 0.574788 0.700853
    outer loop
      vertex 16.5032 -5.97208 12
      vertex 16.1668 -5.4877 11.4
      vertex 16.4946 -5.9784 12
    endloop
  endfacet
  facet normal 0.611963 -0.366598 0.70079
    outer loop
      vertex 6.5216 3.99464 12
      vertex 6.56943 3.7 11.8041
      vertex 6.96256 3.7 11.4608
    endloop
  endfacet
  facet normal 0.61181 -0.366683 0.70088
    outer loop
      vertex 6.56943 3.7 11.8041
      vertex 6.5216 3.99464 12
      vertex 6.51614 3.98553 12
    endloop
  endfacet
  facet normal 0.611963 0.366598 0.70079
    outer loop
      vertex 6.56943 -3.7 11.8041
      vertex 6.5216 -3.99464 12
      vertex 6.96256 -3.7 11.4608
    endloop
  endfacet
  facet normal 0.61181 0.366683 0.70088
    outer loop
      vertex 6.5216 -3.99464 12
      vertex 6.56943 -3.7 11.8041
      vertex 6.51614 -3.98553 12
    endloop
  endfacet
  facet normal -0.705638 -0.104696 0.700795
    outer loop
      vertex 19.654 0.715261 12
      vertex 19.552 1.40273 12
      vertex 18.9732 1.2876 11.4
    endloop
  endfacet
  facet normal 0.611792 -0.366694 0.70089
    outer loop
      vertex 6.56943 3.7 11.8041
      vertex 6.51614 3.98553 12
      vertex 6.345 3.7 12
    endloop
  endfacet
  facet normal -0.645953 -0.302791 0.700758
    outer loop
      vertex 18.3207 3.11122 11.4
      vertex 18.8457 3.37982 12
      vertex 18.8412 3.38942 12
    endloop
  endfacet
  facet normal -0.64488 -0.304977 0.700798
    outer loop
      vertex 18.8457 3.37982 12
      vertex 18.3207 3.11122 11.4
      vertex 18.5976 2.52571 11.4
    endloop
  endfacet
  facet normal 0.366738 0.611857 0.70081
    outer loop
      vertex 9.11058 -6.34116 12
      vertex 9.38878 -5.82068 11.4
      vertex 8.51447 -5.98386 12
    endloop
  endfacet
  facet normal -0.367024 0.611707 0.700791
    outer loop
      vertex 16.1668 -5.4877 11.4
      vertex 16.4855 -5.98386 12
      vertex 16.4946 -5.9784 12
    endloop
  endfacet
  facet normal -0.366719 0.611896 0.700786
    outer loop
      vertex 16.4855 -5.98386 12
      vertex 16.1668 -5.4877 11.4
      vertex 15.6112 -5.82068 11.4
    endloop
  endfacet
  facet normal 0.104671 -0.705626 0.700811
    outer loop
      vertex 11.8531 6.56822 11.4
      vertex 11.7847 7.15398 12
      vertex 11.2124 6.47318 11.4
    endloop
  endfacet
  facet normal 0.104833 -0.705604 0.700809
    outer loop
      vertex 11.7847 7.15398 12
      vertex 11.8531 6.56822 11.4
      vertex 11.7952 7.15554 12
    endloop
  endfacet
  facet normal -0.173329 -0.691974 0.700806
    outer loop
      vertex 14.5769 6.88314 12
      vertex 14.4159 6.31581 11.4
      vertex 14.5872 6.88056 12
    endloop
  endfacet
  facet normal -0.173319 -0.691977 0.700806
    outer loop
      vertex 14.4159 6.31581 11.4
      vertex 14.5769 6.88314 12
      vertex 13.7876 6.47318 11.4
    endloop
  endfacet
  facet normal -0.424955 -0.572957 0.70081
    outer loop
      vertex 16.687 5.10187 11.4
      vertex 17.0614 5.55807 12
      vertex 16.5032 5.97208 12
    endloop
  endfacet
  facet normal 0.572877 -0.42487 0.700926
    outer loop
      vertex 7.39813 4.187 11.4
      vertex 6.96256 3.7 11.4608
      vertex 7.03695 3.7 11.4
    endloop
  endfacet
  facet normal 0.572965 -0.424965 0.700797
    outer loop
      vertex 6.52792 4.00317 12
      vertex 6.96256 3.7 11.4608
      vertex 7.39813 4.187 11.4
    endloop
  endfacet
  facet normal 0.573174 -0.424673 0.700802
    outer loop
      vertex 6.96256 3.7 11.4608
      vertex 6.52792 4.00317 12
      vertex 6.5216 3.99464 12
    endloop
  endfacet
  facet normal 0.304998 -0.644852 0.700815
    outer loop
      vertex 9.97429 6.0976 11.4
      vertex 9.74844 6.64285 12
      vertex 9.12018 6.3457 12
    endloop
  endfacet
  facet normal -0.240298 -0.67164 0.700825
    outer loop
      vertex 15.0257 6.0976 11.4
      vertex 15.2516 6.64285 12
      vertex 14.5972 6.87698 12
    endloop
  endfacet
  facet normal 0.173319 0.691977 0.700806
    outer loop
      vertex 10.5841 -6.31581 11.4
      vertex 10.4231 -6.88314 12
      vertex 11.2124 -6.47318 11.4
    endloop
  endfacet
  facet normal 0.173329 0.691974 0.700806
    outer loop
      vertex 10.4231 -6.88314 12
      vertex 10.5841 -6.31581 11.4
      vertex 10.4128 -6.88056 12
    endloop
  endfacet
  facet normal -0.644895 -0.304967 0.700789
    outer loop
      vertex 19.1428 2.75156 12
      vertex 18.8457 3.37982 12
      vertex 18.5976 2.52571 11.4
    endloop
  endfacet
  facet normal 0.479057 -0.528561 0.700806
    outer loop
      vertex 8.313 5.10187 11.4
      vertex 7.93861 5.55807 12
      vertex 7.42365 5.09134 12
    endloop
  endfacet
  facet normal -0.240438 -0.671614 0.700802
    outer loop
      vertex 14.4159 6.31581 11.4
      vertex 14.5972 6.87698 12
      vertex 14.5872 6.88056 12
    endloop
  endfacet
  facet normal -0.240341 -0.671647 0.700804
    outer loop
      vertex 14.5972 6.87698 12
      vertex 14.4159 6.31581 11.4
      vertex 15.0257 6.0976 11.4
    endloop
  endfacet
  facet normal -0.671189 -0.241628 0.700801
    outer loop
      vertex 19.377 2.09719 12
      vertex 18.8158 1.91588 11.4
      vertex 19.3806 2.08719 12
    endloop
  endfacet
  facet normal -0.671637 -0.240315 0.700823
    outer loop
      vertex 18.8158 1.91588 11.4
      vertex 19.377 2.09719 12
      vertex 18.5976 2.52571 11.4
    endloop
  endfacet
  facet normal -0.367024 -0.611707 0.700791
    outer loop
      vertex 16.4855 5.98386 12
      vertex 16.1668 5.4877 11.4
      vertex 16.4946 5.9784 12
    endloop
  endfacet
  facet normal -0.366719 -0.611896 0.700786
    outer loop
      vertex 16.1668 5.4877 11.4
      vertex 16.4855 5.98386 12
      vertex 15.6112 5.82068 11.4
    endloop
  endfacet
  facet normal -0.705612 -0.104627 0.700831
    outer loop
      vertex 19.0682 0.646913 11.4
      vertex 19.654 0.715261 12
      vertex 18.9732 1.2876 11.4
    endloop
  endfacet
  facet normal -0.706108 -0.100853 0.700885
    outer loop
      vertex 19.654 0.715261 12
      vertex 19.0682 0.646913 11.4
      vertex 19.6555 0.704759 12
    endloop
  endfacet
  facet normal -0.422402 -0.574788 0.700853
    outer loop
      vertex 16.1668 5.4877 11.4
      vertex 16.5032 5.97208 12
      vertex 16.4946 5.9784 12
    endloop
  endfacet
  facet normal -0.424959 -0.572956 0.700808
    outer loop
      vertex 16.5032 5.97208 12
      vertex 16.1668 5.4877 11.4
      vertex 16.687 5.10187 11.4
    endloop
  endfacet
  facet normal -0.305016 0.64483 0.700828
    outer loop
      vertex 15.2516 -6.64285 12
      vertex 15.8798 -6.3457 12
      vertex 15.0257 -6.0976 11.4
    endloop
  endfacet
  facet normal -0.304971 0.644872 0.700809
    outer loop
      vertex 15.6112 -5.82068 11.4
      vertex 15.8798 -6.3457 12
      vertex 15.8894 -6.34116 12
    endloop
  endfacet
  facet normal -0.304995 0.64486 0.70081
    outer loop
      vertex 15.8798 -6.3457 12
      vertex 15.6112 -5.82068 11.4
      vertex 15.0257 -6.0976 11.4
    endloop
  endfacet
  facet normal 0.240438 0.671614 0.700802
    outer loop
      vertex 10.5841 -6.31581 11.4
      vertex 10.4028 -6.87698 12
      vertex 10.4128 -6.88056 12
    endloop
  endfacet
  facet normal 0.240338 0.671649 0.700804
    outer loop
      vertex 10.4028 -6.87698 12
      vertex 10.5841 -6.31581 11.4
      vertex 9.97429 -6.0976 11.4
    endloop
  endfacet
  facet normal 0.304991 0.644862 0.70081
    outer loop
      vertex 9.38878 -5.82068 11.4
      vertex 9.12018 -6.3457 12
      vertex 9.97429 -6.0976 11.4
    endloop
  endfacet
  facet normal 0.304971 0.644872 0.700809
    outer loop
      vertex 9.12018 -6.3457 12
      vertex 9.38878 -5.82068 11.4
      vertex 9.11058 -6.34116 12
    endloop
  endfacet
  facet normal 0.240314 0.671645 0.700815
    outer loop
      vertex 10.4028 -6.87698 12
      vertex 9.97429 -6.0976 11.4
      vertex 9.74844 -6.64285 12
    endloop
  endfacet
  facet normal 0.479057 0.528561 0.700806
    outer loop
      vertex 7.93861 -5.55807 12
      vertex 8.313 -5.10187 11.4
      vertex 7.42365 -5.09134 12
    endloop
  endfacet
  facet normal 0.240438 -0.671614 0.700802
    outer loop
      vertex 10.4028 6.87698 12
      vertex 10.5841 6.31581 11.4
      vertex 10.4128 6.88056 12
    endloop
  endfacet
  facet normal 0.240338 -0.671649 0.700804
    outer loop
      vertex 10.5841 6.31581 11.4
      vertex 10.4028 6.87698 12
      vertex 9.97429 6.0976 11.4
    endloop
  endfacet
  facet normal 0.424665 -0.573163 0.700817
    outer loop
      vertex 8.49683 5.97208 12
      vertex 8.83324 5.4877 11.4
      vertex 8.50536 5.9784 12
    endloop
  endfacet
  facet normal 0.424935 -0.572968 0.700812
    outer loop
      vertex 8.83324 5.4877 11.4
      vertex 8.49683 5.97208 12
      vertex 8.313 5.10187 11.4
    endloop
  endfacet
  facet normal 0.528349 -0.479279 0.700813
    outer loop
      vertex 7.40866 5.07635 12
      vertex 7.83309 4.6669 11.4
      vertex 7.41579 5.08421 12
    endloop
  endfacet
  facet normal 0.528555 -0.479059 0.700809
    outer loop
      vertex 7.83309 4.6669 11.4
      vertex 7.40866 5.07635 12
      vertex 7.39813 4.187 11.4
    endloop
  endfacet
  facet normal 0.572967 -0.424947 0.700806
    outer loop
      vertex 7.39813 4.187 11.4
      vertex 6.94193 4.56139 12
      vertex 6.52792 4.00317 12
    endloop
  endfacet
  facet normal 0.611792 0.366694 0.70089
    outer loop
      vertex 6.51614 -3.98553 12
      vertex 6.56943 -3.7 11.8041
      vertex 6.345 -3.7 12
    endloop
  endfacet
  facet normal 0.304991 -0.644862 0.70081
    outer loop
      vertex 9.12018 6.3457 12
      vertex 9.38878 5.82068 11.4
      vertex 9.97429 6.0976 11.4
    endloop
  endfacet
  facet normal 0.304971 -0.644872 0.700809
    outer loop
      vertex 9.38878 5.82068 11.4
      vertex 9.12018 6.3457 12
      vertex 9.11058 6.34116 12
    endloop
  endfacet
  facet normal -0.366743 -0.611854 0.70081
    outer loop
      vertex 16.4855 5.98386 12
      vertex 15.8894 6.34116 12
      vertex 15.6112 5.82068 11.4
    endloop
  endfacet
  facet normal -0.304971 -0.644872 0.700809
    outer loop
      vertex 15.8798 6.3457 12
      vertex 15.6112 5.82068 11.4
      vertex 15.8894 6.34116 12
    endloop
  endfacet
  facet normal -0.304995 -0.64486 0.70081
    outer loop
      vertex 15.6112 5.82068 11.4
      vertex 15.8798 6.3457 12
      vertex 15.0257 6.0976 11.4
    endloop
  endfacet
  facet normal 0.366737 -0.611859 0.700808
    outer loop
      vertex 8.51447 5.98386 12
      vertex 8.83324 5.4877 11.4
      vertex 9.38878 5.82068 11.4
    endloop
  endfacet
  facet normal 0.366719 -0.61187 0.700808
    outer loop
      vertex 8.83324 5.4877 11.4
      vertex 8.51447 5.98386 12
      vertex 8.50536 5.9784 12
    endloop
  endfacet
  facet normal 0.0349984 0.712489 0.700809
    outer loop
      vertex 12.4894 -7.18964 12
      vertex 11.8531 -6.56822 11.4
      vertex 11.7952 -7.15554 12
    endloop
  endfacet
  facet normal 0.104674 0.705627 0.70081
    outer loop
      vertex 11.7847 -7.15398 12
      vertex 11.2124 -6.47318 11.4
      vertex 11.0973 -7.05201 12
    endloop
  endfacet
  facet normal 0.366737 0.611859 0.700808
    outer loop
      vertex 8.83324 -5.4877 11.4
      vertex 8.51447 -5.98386 12
      vertex 9.38878 -5.82068 11.4
    endloop
  endfacet
  facet normal 0.366719 0.61187 0.700808
    outer loop
      vertex 8.51447 -5.98386 12
      vertex 8.83324 -5.4877 11.4
      vertex 8.50536 -5.9784 12
    endloop
  endfacet
  facet normal 0.104674 -0.705627 0.70081
    outer loop
      vertex 11.2124 6.47318 11.4
      vertex 11.7847 7.15398 12
      vertex 11.0973 7.05201 12
    endloop
  endfacet
  facet normal 0.173319 -0.691977 0.700806
    outer loop
      vertex 10.4231 6.88314 12
      vertex 10.5841 6.31581 11.4
      vertex 11.2124 6.47318 11.4
    endloop
  endfacet
  facet normal 0.173329 -0.691974 0.700806
    outer loop
      vertex 10.5841 6.31581 11.4
      vertex 10.4231 6.88314 12
      vertex 10.4128 6.88056 12
    endloop
  endfacet
  facet normal -1 0 0
    outer loop
      vertex 94 16.4 0
      vertex 94 14.6 6.8
      vertex 94 16.4 6.8
    endloop
  endfacet
  facet normal -1 0 0
    outer loop
      vertex 94 14.6 6.8
      vertex 94 11.4 6.8
      vertex 94 14.6 9
    endloop
  endfacet
  facet normal -1 0 0
    outer loop
      vertex 94 10.6 0
      vertex 94 14.6 6.8
      vertex 94 16.4 0
    endloop
  endfacet
  facet normal -1 -0 0
    outer loop
      vertex 94 14.6 6.8
      vertex 94 10.6 0
      vertex 94 11.4 6.8
    endloop
  endfacet
  facet normal -1 -0 0
    outer loop
      vertex 94 11.4 6.8
      vertex 94 10.6 0
      vertex 94 10.6 6.8
    endloop
  endfacet
  facet normal -1 -0 0
    outer loop
      vertex 94 14.6 9
      vertex 94 11.4 6.8
      vertex 94 11.4 9
    endloop
  endfacet
  facet normal 0 0 -1
    outer loop
      vertex 94 10.6 6.8
      vertex 64.8 11.4 6.8
      vertex 94 11.4 6.8
    endloop
  endfacet
  facet normal -0 0 -1
    outer loop
      vertex 64.8 11.4 6.8
      vertex 48.6 10.6 6.8
      vertex 64.8 14.6 6.8
    endloop
  endfacet
  facet normal 0 0 -1
    outer loop
      vertex 48.6 10.6 6.8
      vertex 64.8 11.4 6.8
      vertex 94 10.6 6.8
    endloop
  endfacet
  facet normal 0 0 -1
    outer loop
      vertex 64.8 14.6 6.8
      vertex 94 16.4 6.8
      vertex 94 14.6 6.8
    endloop
  endfacet
  facet normal 0 0 -1
    outer loop
      vertex 64.8 14.6 6.8
      vertex 48.6 16.4 6.8
      vertex 94 16.4 6.8
    endloop
  endfacet
  facet normal 0 0 -1
    outer loop
      vertex 48.6 16.4 6.8
      vertex 64.8 14.6 6.8
      vertex 48.6 10.6 6.8
    endloop
  endfacet
  facet normal 1 -0 0
    outer loop
      vertex 43.4 10.6 7.2
      vertex 43.4 33.2 0
      vertex 43.4 33.2 7.2
    endloop
  endfacet
  facet normal 1 0 0
    outer loop
      vertex 43.4 33.2 0
      vertex 43.4 10.6 7.2
      vertex 43.4 10.6 0
    endloop
  endfacet
  facet normal 0 -1 0
    outer loop
      vertex 48.6 16.4 6.8
      vertex 66 16.4 5.34349
      vertex 94 16.4 6.8
    endloop
  endfacet
  facet normal 0 -1 0
    outer loop
      vertex 48.6 16.4 6.8
      vertex 65.3283 16.4 4.67174
      vertex 66 16.4 5.34349
    endloop
  endfacet
  facet normal 0 -1 0
    outer loop
      vertex 48.6 16.4 6.8
      vertex 65.2656 16.4 4.60266
      vertex 65.3283 16.4 4.67174
    endloop
  endfacet
  facet normal 0 -1 0
    outer loop
      vertex 48.6 16.4 6.8
      vertex 65.2101 16.4 4.52779
      vertex 65.2656 16.4 4.60266
    endloop
  endfacet
  facet normal 0 -1 0
    outer loop
      vertex 48.6 16.4 6.8
      vertex 65.1622 16.4 4.44781
      vertex 65.2101 16.4 4.52779
    endloop
  endfacet
  facet normal 0 -1 0
    outer loop
      vertex 48.6 16.4 6.8
      vertex 65.1223 16.4 4.36354
      vertex 65.1622 16.4 4.44781
    endloop
  endfacet
  facet normal 0 -1 0
    outer loop
      vertex 48.6 16.4 6.8
      vertex 65.0909 16.4 4.27576
      vertex 65.1223 16.4 4.36354
    endloop
  endfacet
  facet normal 0 -1 0
    outer loop
      vertex 48.6 16.4 6.8
      vertex 65.0683 16.4 4.18533
      vertex 65.0909 16.4 4.27576
    endloop
  endfacet
  facet normal 0 -1 0
    outer loop
      vertex 48.6 16.4 6.8
      vertex 65.0546 16.4 4.09311
      vertex 65.0683 16.4 4.18533
    endloop
  endfacet
  facet normal 0 -1 0
    outer loop
      vertex 48.6 16.4 6.8
      vertex 65.05 16.4 4
      vertex 65.0546 16.4 4.09311
    endloop
  endfacet
  facet normal 0 -1 0
    outer loop
      vertex 48.6 16.4 6.8
      vertex 65.0546 16.4 3.90689
      vertex 65.05 16.4 4
    endloop
  endfacet
  facet normal 0 -1 0
    outer loop
      vertex 48.6 16.4 0
      vertex 65.0546 16.4 3.90689
      vertex 48.6 16.4 6.8
    endloop
  endfacet
  facet normal 0 -1 -0
    outer loop
      vertex 65.0546 16.4 3.90689
      vertex 48.6 16.4 0
      vertex 65.0683 16.4 3.81467
    endloop
  endfacet
  facet normal 0 -1 -0
    outer loop
      vertex 65.0683 16.4 3.81467
      vertex 48.6 16.4 0
      vertex 65.0909 16.4 3.72424
    endloop
  endfacet
  facet normal 0 -1 -0
    outer loop
      vertex 65.0909 16.4 3.72424
      vertex 48.6 16.4 0
      vertex 65.1223 16.4 3.63646
    endloop
  endfacet
  facet normal 0 -1 -0
    outer loop
      vertex 65.1223 16.4 3.63646
      vertex 48.6 16.4 0
      vertex 65.1622 16.4 3.55219
    endloop
  endfacet
  facet normal 0 -1 -0
    outer loop
      vertex 65.1622 16.4 3.55219
      vertex 48.6 16.4 0
      vertex 65.2101 16.4 3.47221
    endloop
  endfacet
  facet normal 0 -1 -0
    outer loop
      vertex 65.2101 16.4 3.47221
      vertex 48.6 16.4 0
      vertex 65.2656 16.4 3.39734
    endloop
  endfacet
  facet normal 0 -1 -0
    outer loop
      vertex 65.2656 16.4 3.39734
      vertex 48.6 16.4 0
      vertex 65.3283 16.4 3.32826
    endloop
  endfacet
  facet normal 0 -1 -0
    outer loop
      vertex 65.3283 16.4 3.32826
      vertex 48.6 16.4 0
      vertex 65.3973 16.4 3.26564
    endloop
  endfacet
  facet normal 0 -1 -0
    outer loop
      vertex 65.3973 16.4 3.26564
      vertex 48.6 16.4 0
      vertex 65.4722 16.4 3.21011
    endloop
  endfacet
  facet normal 0 -1 -0
    outer loop
      vertex 65.4722 16.4 3.21011
      vertex 48.6 16.4 0
      vertex 65.5522 16.4 3.16219
    endloop
  endfacet
  facet normal 0 -1 -0
    outer loop
      vertex 65.5522 16.4 3.16219
      vertex 48.6 16.4 0
      vertex 65.6365 16.4 3.12231
    endloop
  endfacet
  facet normal 0 -1 -0
    outer loop
      vertex 65.6365 16.4 3.12231
      vertex 48.6 16.4 0
      vertex 65.7242 16.4 3.09091
    endloop
  endfacet
  facet normal 0 -1 -0
    outer loop
      vertex 65.9069 16.4 3.05458
      vertex 48.6 16.4 0
      vertex 66 16.4 3.05
    endloop
  endfacet
  facet normal 0 -1 -0
    outer loop
      vertex 65.8147 16.4 3.06827
      vertex 48.6 16.4 0
      vertex 65.9069 16.4 3.05458
    endloop
  endfacet
  facet normal 0 -1 -0
    outer loop
      vertex 65.7242 16.4 3.09091
      vertex 48.6 16.4 0
      vertex 65.8147 16.4 3.06827
    endloop
  endfacet
  facet normal 0 -1 0
    outer loop
      vertex 66.6717 16.4 4.67174
      vertex 94 16.4 6.8
      vertex 66 16.4 5.34349
    endloop
  endfacet
  facet normal 0 -1 0
    outer loop
      vertex 66.7344 16.4 4.60266
      vertex 94 16.4 6.8
      vertex 66.6717 16.4 4.67174
    endloop
  endfacet
  facet normal 0 -1 0
    outer loop
      vertex 66.7899 16.4 4.52779
      vertex 94 16.4 6.8
      vertex 66.7344 16.4 4.60266
    endloop
  endfacet
  facet normal 0 -1 0
    outer loop
      vertex 66.8378 16.4 4.44781
      vertex 94 16.4 6.8
      vertex 66.7899 16.4 4.52779
    endloop
  endfacet
  facet normal 0 -1 0
    outer loop
      vertex 66.8777 16.4 4.36354
      vertex 94 16.4 6.8
      vertex 66.8378 16.4 4.44781
    endloop
  endfacet
  facet normal 0 -1 0
    outer loop
      vertex 66.9091 16.4 4.27576
      vertex 94 16.4 6.8
      vertex 66.8777 16.4 4.36354
    endloop
  endfacet
  facet normal 0 -1 0
    outer loop
      vertex 66.9317 16.4 4.18533
      vertex 94 16.4 6.8
      vertex 66.9091 16.4 4.27576
    endloop
  endfacet
  facet normal 0 -1 0
    outer loop
      vertex 66.9454 16.4 4.09311
      vertex 94 16.4 6.8
      vertex 66.9317 16.4 4.18533
    endloop
  endfacet
  facet normal 0 -1 0
    outer loop
      vertex 66.95 16.4 4
      vertex 94 16.4 6.8
      vertex 66.9454 16.4 4.09311
    endloop
  endfacet
  facet normal 0 -1 0
    outer loop
      vertex 66.9454 16.4 3.90689
      vertex 94 16.4 6.8
      vertex 66.95 16.4 4
    endloop
  endfacet
  facet normal 0 -1 0
    outer loop
      vertex 94 16.4 0
      vertex 66.9454 16.4 3.90689
      vertex 66.9317 16.4 3.81467
    endloop
  endfacet
  facet normal 0 -1 0
    outer loop
      vertex 94 16.4 0
      vertex 66.9317 16.4 3.81467
      vertex 66.9091 16.4 3.72424
    endloop
  endfacet
  facet normal 0 -1 0
    outer loop
      vertex 94 16.4 0
      vertex 66.9091 16.4 3.72424
      vertex 66.8777 16.4 3.63646
    endloop
  endfacet
  facet normal 0 -1 0
    outer loop
      vertex 94 16.4 0
      vertex 66.8777 16.4 3.63646
      vertex 66.8378 16.4 3.55219
    endloop
  endfacet
  facet normal 0 -1 0
    outer loop
      vertex 94 16.4 0
      vertex 66.8378 16.4 3.55219
      vertex 66.7899 16.4 3.47221
    endloop
  endfacet
  facet normal 0 -1 0
    outer loop
      vertex 94 16.4 0
      vertex 66.7899 16.4 3.47221
      vertex 66.7344 16.4 3.39734
    endloop
  endfacet
  facet normal 0 -1 0
    outer loop
      vertex 94 16.4 0
      vertex 66.7344 16.4 3.39734
      vertex 66.6717 16.4 3.32826
    endloop
  endfacet
  facet normal 0 -1 0
    outer loop
      vertex 94 16.4 0
      vertex 66.6717 16.4 3.32826
      vertex 66.6027 16.4 3.26564
    endloop
  endfacet
  facet normal 0 -1 0
    outer loop
      vertex 94 16.4 0
      vertex 66.6027 16.4 3.26564
      vertex 66.5278 16.4 3.21011
    endloop
  endfacet
  facet normal 0 -1 0
    outer loop
      vertex 94 16.4 0
      vertex 66.5278 16.4 3.21011
      vertex 66.4478 16.4 3.16219
    endloop
  endfacet
  facet normal 0 -1 0
    outer loop
      vertex 94 16.4 0
      vertex 66.4478 16.4 3.16219
      vertex 66.3635 16.4 3.12231
    endloop
  endfacet
  facet normal 0 -1 0
    outer loop
      vertex 94 16.4 0
      vertex 66.3635 16.4 3.12231
      vertex 66.2758 16.4 3.09091
    endloop
  endfacet
  facet normal 0 -1 0
    outer loop
      vertex 94 16.4 0
      vertex 66.2758 16.4 3.09091
      vertex 66.1853 16.4 3.06827
    endloop
  endfacet
  facet normal 0 -1 0
    outer loop
      vertex 94 16.4 0
      vertex 66.1853 16.4 3.06827
      vertex 66.0931 16.4 3.05458
    endloop
  endfacet
  facet normal 0 -1 0
    outer loop
      vertex 48.6 16.4 0
      vertex 66.0931 16.4 3.05458
      vertex 66 16.4 3.05
    endloop
  endfacet
  facet normal 0 -1 0
    outer loop
      vertex 94 16.4 0
      vertex 66.0931 16.4 3.05458
      vertex 48.6 16.4 0
    endloop
  endfacet
  facet normal 0 -1 0
    outer loop
      vertex 66.9454 16.4 3.90689
      vertex 94 16.4 0
      vertex 94 16.4 6.8
    endloop
  endfacet
  facet normal 0 1 0
    outer loop
      vertex 94 10.6 6.8
      vertex 66 10.6 5.34349
      vertex 48.6 10.6 6.8
    endloop
  endfacet
  facet normal 0 1 0
    outer loop
      vertex 94 10.6 6.8
      vertex 66.6717 10.6 4.67174
      vertex 66 10.6 5.34349
    endloop
  endfacet
  facet normal 0 1 0
    outer loop
      vertex 94 10.6 6.8
      vertex 66.7344 10.6 4.60266
      vertex 66.6717 10.6 4.67174
    endloop
  endfacet
  facet normal 0 1 0
    outer loop
      vertex 94 10.6 6.8
      vertex 66.7899 10.6 4.52779
      vertex 66.7344 10.6 4.60266
    endloop
  endfacet
  facet normal 0 1 0
    outer loop
      vertex 94 10.6 6.8
      vertex 66.8378 10.6 4.44781
      vertex 66.7899 10.6 4.52779
    endloop
  endfacet
  facet normal 0 1 0
    outer loop
      vertex 94 10.6 6.8
      vertex 66.8777 10.6 4.36354
      vertex 66.8378 10.6 4.44781
    endloop
  endfacet
  facet normal 0 1 0
    outer loop
      vertex 94 10.6 6.8
      vertex 66.9091 10.6 4.27576
      vertex 66.8777 10.6 4.36354
    endloop
  endfacet
  facet normal 0 1 0
    outer loop
      vertex 94 10.6 6.8
      vertex 66.9317 10.6 4.18533
      vertex 66.9091 10.6 4.27576
    endloop
  endfacet
  facet normal 0 1 0
    outer loop
      vertex 94 10.6 6.8
      vertex 66.9454 10.6 4.09311
      vertex 66.9317 10.6 4.18533
    endloop
  endfacet
  facet normal 0 1 0
    outer loop
      vertex 94 10.6 6.8
      vertex 66.95 10.6 4
      vertex 66.9454 10.6 4.09311
    endloop
  endfacet
  facet normal 0 1 0
    outer loop
      vertex 94 10.6 6.8
      vertex 66.9454 10.6 3.90689
      vertex 66.95 10.6 4
    endloop
  endfacet
  facet normal 0 1 -0
    outer loop
      vertex 94 10.6 0
      vertex 66.9454 10.6 3.90689
      vertex 94 10.6 6.8
    endloop
  endfacet
  facet normal 0 1 0
    outer loop
      vertex 66.9454 10.6 3.90689
      vertex 94 10.6 0
      vertex 66.9317 10.6 3.81467
    endloop
  endfacet
  facet normal 0 1 0
    outer loop
      vertex 66.9317 10.6 3.81467
      vertex 94 10.6 0
      vertex 66.9091 10.6 3.72424
    endloop
  endfacet
  facet normal 0 1 0
    outer loop
      vertex 66.9091 10.6 3.72424
      vertex 94 10.6 0
      vertex 66.8777 10.6 3.63646
    endloop
  endfacet
  facet normal 0 1 0
    outer loop
      vertex 66.8777 10.6 3.63646
      vertex 94 10.6 0
      vertex 66.8378 10.6 3.55219
    endloop
  endfacet
  facet normal 0 1 0
    outer loop
      vertex 66.8378 10.6 3.55219
      vertex 94 10.6 0
      vertex 66.7899 10.6 3.47221
    endloop
  endfacet
  facet normal 0 1 0
    outer loop
      vertex 66.7899 10.6 3.47221
      vertex 94 10.6 0
      vertex 66.7344 10.6 3.39734
    endloop
  endfacet
  facet normal 0 1 0
    outer loop
      vertex 66.7344 10.6 3.39734
      vertex 94 10.6 0
      vertex 66.6717 10.6 3.32826
    endloop
  endfacet
  facet normal 0 1 0
    outer loop
      vertex 66.6717 10.6 3.32826
      vertex 94 10.6 0
      vertex 66.6027 10.6 3.26564
    endloop
  endfacet
  facet normal 0 1 0
    outer loop
      vertex 66.6027 10.6 3.26564
      vertex 94 10.6 0
      vertex 66.5278 10.6 3.21011
    endloop
  endfacet
  facet normal 0 1 0
    outer loop
      vertex 66.5278 10.6 3.21011
      vertex 94 10.6 0
      vertex 66.4478 10.6 3.16219
    endloop
  endfacet
  facet normal 0 1 0
    outer loop
      vertex 66.4478 10.6 3.16219
      vertex 94 10.6 0
      vertex 66.3635 10.6 3.12231
    endloop
  endfacet
  facet normal 0 1 0
    outer loop
      vertex 66.3635 10.6 3.12231
      vertex 94 10.6 0
      vertex 66.2758 10.6 3.09091
    endloop
  endfacet
  facet normal 0 1 0
    outer loop
      vertex 66.2758 10.6 3.09091
      vertex 94 10.6 0
      vertex 66.1853 10.6 3.06827
    endloop
  endfacet
  facet normal 0 1 0
    outer loop
      vertex 66.0931 10.6 3.05458
      vertex 94 10.6 0
      vertex 66 10.6 3.05
    endloop
  endfacet
  facet normal 0 1 0
    outer loop
      vertex 66.1853 10.6 3.06827
      vertex 94 10.6 0
      vertex 66.0931 10.6 3.05458
    endloop
  endfacet
  facet normal 0 1 -0
    outer loop
      vertex 48.6 10.6 6.8
      vertex 43.4 10.6 7.2
      vertex 48.6 10.6 7.2
    endloop
  endfacet
  facet normal 0 1 -0
    outer loop
      vertex 65.3283 10.6 4.67174
      vertex 48.6 10.6 6.8
      vertex 66 10.6 5.34349
    endloop
  endfacet
  facet normal 0 1 -0
    outer loop
      vertex 65.2656 10.6 4.60266
      vertex 48.6 10.6 6.8
      vertex 65.3283 10.6 4.67174
    endloop
  endfacet
  facet normal 0 1 -0
    outer loop
      vertex 65.2101 10.6 4.52779
      vertex 48.6 10.6 6.8
      vertex 65.2656 10.6 4.60266
    endloop
  endfacet
  facet normal 0 1 -0
    outer loop
      vertex 65.1622 10.6 4.44781
      vertex 48.6 10.6 6.8
      vertex 65.2101 10.6 4.52779
    endloop
  endfacet
  facet normal 0 1 -0
    outer loop
      vertex 65.1223 10.6 4.36354
      vertex 48.6 10.6 6.8
      vertex 65.1622 10.6 4.44781
    endloop
  endfacet
  facet normal 0 1 -0
    outer loop
      vertex 65.0909 10.6 4.27576
      vertex 48.6 10.6 6.8
      vertex 65.1223 10.6 4.36354
    endloop
  endfacet
  facet normal 0 1 -0
    outer loop
      vertex 65.0683 10.6 4.18533
      vertex 48.6 10.6 6.8
      vertex 65.0909 10.6 4.27576
    endloop
  endfacet
  facet normal 0 1 -0
    outer loop
      vertex 65.0546 10.6 4.09311
      vertex 48.6 10.6 6.8
      vertex 65.0683 10.6 4.18533
    endloop
  endfacet
  facet normal 0 1 -0
    outer loop
      vertex 65.05 10.6 4
      vertex 48.6 10.6 6.8
      vertex 65.0546 10.6 4.09311
    endloop
  endfacet
  facet normal 0 1 0
    outer loop
      vertex 65.0546 10.6 3.90689
      vertex 48.6 10.6 6.8
      vertex 65.05 10.6 4
    endloop
  endfacet
  facet normal 0 1 0
    outer loop
      vertex 65.0683 10.6 3.81467
      vertex 48.6 10.6 6.8
      vertex 65.0546 10.6 3.90689
    endloop
  endfacet
  facet normal 0 1 0
    outer loop
      vertex 65.0909 10.6 3.72424
      vertex 48.6 10.6 6.8
      vertex 65.0683 10.6 3.81467
    endloop
  endfacet
  facet normal 0 1 0
    outer loop
      vertex 65.1223 10.6 3.63646
      vertex 48.6 10.6 6.8
      vertex 65.0909 10.6 3.72424
    endloop
  endfacet
  facet normal 0 1 0
    outer loop
      vertex 65.1622 10.6 3.55219
      vertex 48.6 10.6 6.8
      vertex 65.1223 10.6 3.63646
    endloop
  endfacet
  facet normal 0 1 0
    outer loop
      vertex 65.2101 10.6 3.47221
      vertex 48.6 10.6 6.8
      vertex 65.1622 10.6 3.55219
    endloop
  endfacet
  facet normal 0 1 0
    outer loop
      vertex 48.6 10.6 6.8
      vertex 65.2101 10.6 3.47221
      vertex 43.4 10.6 0
    endloop
  endfacet
  facet normal 0 1 0
    outer loop
      vertex 43.4 10.6 0
      vertex 65.2101 10.6 3.47221
      vertex 65.2656 10.6 3.39734
    endloop
  endfacet
  facet normal 0 1 0
    outer loop
      vertex 43.4 10.6 0
      vertex 65.2656 10.6 3.39734
      vertex 65.3283 10.6 3.32826
    endloop
  endfacet
  facet normal 0 1 0
    outer loop
      vertex 43.4 10.6 0
      vertex 65.3283 10.6 3.32826
      vertex 65.3973 10.6 3.26564
    endloop
  endfacet
  facet normal 0 1 0
    outer loop
      vertex 43.4 10.6 0
      vertex 65.3973 10.6 3.26564
      vertex 65.4722 10.6 3.21011
    endloop
  endfacet
  facet normal 0 1 0
    outer loop
      vertex 43.4 10.6 0
      vertex 65.4722 10.6 3.21011
      vertex 65.5522 10.6 3.16219
    endloop
  endfacet
  facet normal 0 1 0
    outer loop
      vertex 43.4 10.6 0
      vertex 65.5522 10.6 3.16219
      vertex 65.6365 10.6 3.12231
    endloop
  endfacet
  facet normal 0 1 0
    outer loop
      vertex 43.4 10.6 0
      vertex 65.6365 10.6 3.12231
      vertex 65.7242 10.6 3.09091
    endloop
  endfacet
  facet normal 0 1 0
    outer loop
      vertex 43.4 10.6 0
      vertex 65.7242 10.6 3.09091
      vertex 65.8147 10.6 3.06827
    endloop
  endfacet
  facet normal 0 1 0
    outer loop
      vertex 43.4 10.6 0
      vertex 66 10.6 3.05
      vertex 94 10.6 0
    endloop
  endfacet
  facet normal 0 1 0
    outer loop
      vertex 48.6 10.6 6.8
      vertex 43.4 10.6 0
      vertex 43.4 10.6 7.2
    endloop
  endfacet
  facet normal 0 1 0
    outer loop
      vertex 65.9069 10.6 3.05458
      vertex 43.4 10.6 0
      vertex 65.8147 10.6 3.06827
    endloop
  endfacet
  facet normal 0 1 0
    outer loop
      vertex 66 10.6 3.05
      vertex 43.4 10.6 0
      vertex 65.9069 10.6 3.05458
    endloop
  endfacet
  facet normal 1 -0 0
    outer loop
      vertex 64.8 11.4 9
      vertex 64.8 14.6 6.8
      vertex 64.8 14.6 9
    endloop
  endfacet
  facet normal 1 0 0
    outer loop
      vertex 64.8 14.6 6.8
      vertex 64.8 11.4 9
      vertex 64.8 11.4 6.8
    endloop
  endfacet
  facet normal 0 -1 0
    outer loop
      vertex 64.8 14.6 6.8
      vertex 94 14.6 9
      vertex 64.8 14.6 9
    endloop
  endfacet
  facet normal 0 -1 -0
    outer loop
      vertex 94 14.6 9
      vertex 64.8 14.6 6.8
      vertex 94 14.6 6.8
    endloop
  endfacet
  facet normal 0 1 -0
    outer loop
      vertex 94 11.4 6.8
      vertex 64.8 11.4 9
      vertex 94 11.4 9
    endloop
  endfacet
  facet normal 0 1 0
    outer loop
      vertex 64.8 11.4 9
      vertex 94 11.4 6.8
      vertex 64.8 11.4 6.8
    endloop
  endfacet
  facet normal -1 0 0
    outer loop
      vertex 48.6 16.4 6.8
      vertex 48.6 33.2 0
      vertex 48.6 16.4 0
    endloop
  endfacet
  facet normal -1 0 0
    outer loop
      vertex 48.6 33.2 0
      vertex 48.6 16.4 6.8
      vertex 48.6 33.2 7.2
    endloop
  endfacet
  facet normal -1 0 0
    outer loop
      vertex 48.6 10.6 7.2
      vertex 48.6 16.4 6.8
      vertex 48.6 10.6 6.8
    endloop
  endfacet
  facet normal -1 0 0
    outer loop
      vertex 48.6 16.4 6.8
      vertex 48.6 10.6 7.2
      vertex 48.6 33.2 7.2
    endloop
  endfacet
  facet normal 0 0 -1
    outer loop
      vertex 48.6 10.6 7.2
      vertex 47.8 28.2 7.2
      vertex 48.6 33.2 7.2
    endloop
  endfacet
  facet normal 0 0 -1
    outer loop
      vertex 48.6 10.6 7.2
      vertex 44.2 28.2 7.2
      vertex 47.8 28.2 7.2
    endloop
  endfacet
  facet normal 0 0 -1
    outer loop
      vertex 43.4 33.2 7.2
      vertex 44.2 28.2 7.2
      vertex 43.4 10.6 7.2
    endloop
  endfacet
  facet normal 0 0 -1
    outer loop
      vertex 43.4 10.6 7.2
      vertex 44.2 28.2 7.2
      vertex 48.6 10.6 7.2
    endloop
  endfacet
  facet normal 0 0 -1
    outer loop
      vertex 47.8 31.8 7.2
      vertex 48.6 33.2 7.2
      vertex 47.8 28.2 7.2
    endloop
  endfacet
  facet normal 0 0 -1
    outer loop
      vertex 44.2 31.8 7.2
      vertex 48.6 33.2 7.2
      vertex 47.8 31.8 7.2
    endloop
  endfacet
  facet normal 0 0 -1
    outer loop
      vertex 44.2 31.8 7.2
      vertex 43.4 33.2 7.2
      vertex 48.6 33.2 7.2
    endloop
  endfacet
  facet normal 0 0 -1
    outer loop
      vertex 44.2 28.2 7.2
      vertex 43.4 33.2 7.2
      vertex 44.2 31.8 7.2
    endloop
  endfacet
  facet normal 0 -1 0
    outer loop
      vertex 43.4 33.2 0
      vertex 48.6 33.2 7.2
      vertex 43.4 33.2 7.2
    endloop
  endfacet
  facet normal 0 -1 -0
    outer loop
      vertex 48.6 33.2 7.2
      vertex 43.4 33.2 0
      vertex 48.6 33.2 0
    endloop
  endfacet
  facet normal -1 0 0
    outer loop
      vertex 47.8 31.8 7.2
      vertex 47.8 31.5 52
      vertex 47.8 31.8 60.2
    endloop
  endfacet
  facet normal -1 0 0
    outer loop
      vertex 47.8 31.8 7.2
      vertex 47.8 28.5 52
      vertex 47.8 31.5 52
    endloop
  endfacet
  facet normal -1 0 0
    outer loop
      vertex 47.8 28.2 7.2
      vertex 47.8 28.5 52
      vertex 47.8 31.8 7.2
    endloop
  endfacet
  facet normal -1 0 0
    outer loop
      vertex 47.8 28.2 60.2
      vertex 47.8 28.5 52
      vertex 47.8 28.2 7.2
    endloop
  endfacet
  facet normal -1 0 0
    outer loop
      vertex 47.8 28.5 52
      vertex 47.8 28.2 60.2
      vertex 47.8 28.5 60.2
    endloop
  endfacet
  facet normal -1 -0 0
    outer loop
      vertex 47.8 31.8 60.2
      vertex 47.8 31.5 52
      vertex 47.8 31.5 60.2
    endloop
  endfacet
  facet normal 0 0 -1
    outer loop
      vertex 44.2 31.5 60.2
      vertex 47.8 31.8 60.2
      vertex 47.8 31.5 60.2
    endloop
  endfacet
  facet normal -0 0 -1
    outer loop
      vertex 47.8 31.8 60.2
      vertex 44.2 31.5 60.2
      vertex 44.2 31.8 60.2
    endloop
  endfacet
  facet normal 0 0 -1
    outer loop
      vertex 44.2 28.2 60.2
      vertex 47.8 28.5 60.2
      vertex 47.8 28.2 60.2
    endloop
  endfacet
  facet normal -0 0 -1
    outer loop
      vertex 47.8 28.5 60.2
      vertex 44.2 28.2 60.2
      vertex 44.2 28.5 60.2
    endloop
  endfacet
  facet normal 1 0 0
    outer loop
      vertex 44.2 28.5 60.2
      vertex 44.2 28.2 60.2
      vertex 44.2 28.5 52
    endloop
  endfacet
  facet normal 1 0 0
    outer loop
      vertex 44.2 31.5 52
      vertex 44.2 31.8 60.2
      vertex 44.2 31.5 60.2
    endloop
  endfacet
  facet normal 1 0 0
    outer loop
      vertex 44.2 31.8 60.2
      vertex 44.2 31.5 52
      vertex 44.2 31.8 7.2
    endloop
  endfacet
  facet normal 1 -0 0
    outer loop
      vertex 44.2 28.5 52
      vertex 44.2 31.8 7.2
      vertex 44.2 31.5 52
    endloop
  endfacet
  facet normal 1 0 0
    outer loop
      vertex 44.2 28.5 52
      vertex 44.2 28.2 7.2
      vertex 44.2 31.8 7.2
    endloop
  endfacet
  facet normal 1 0 0
    outer loop
      vertex 44.2 28.2 7.2
      vertex 44.2 28.5 52
      vertex 44.2 28.2 60.2
    endloop
  endfacet
  facet normal 0 -1 0
    outer loop
      vertex 44.2 31.8 7.2
      vertex 47.8 31.8 60.2
      vertex 44.2 31.8 60.2
    endloop
  endfacet
  facet normal 0 -1 -0
    outer loop
      vertex 47.8 31.8 60.2
      vertex 44.2 31.8 7.2
      vertex 47.8 31.8 7.2
    endloop
  endfacet
  facet normal 0 1 -0
    outer loop
      vertex 47.8 28.2 7.2
      vertex 44.2 28.2 60.2
      vertex 47.8 28.2 60.2
    endloop
  endfacet
  facet normal 0 1 0
    outer loop
      vertex 44.2 28.2 60.2
      vertex 47.8 28.2 7.2
      vertex 44.2 28.2 7.2
    endloop
  endfacet
  facet normal 0 0 -1
    outer loop
      vertex 37.8 28.5 74.5
      vertex 49 31.5 74.5
      vertex 49 28.5 74.5
    endloop
  endfacet
  facet normal -0 0 -1
    outer loop
      vertex 49 31.5 74.5
      vertex 37.8 28.5 74.5
      vertex 37.8 31.5 74.5
    endloop
  endfacet
  facet normal -0 0 1
    outer loop
      vertex 37.8 31.5 52
      vertex 44.2 28.5 52
      vertex 44.2 31.5 52
    endloop
  endfacet
  facet normal 0 0 1
    outer loop
      vertex 44.2 28.5 52
      vertex 37.8 31.5 52
      vertex 37.8 28.5 52
    endloop
  endfacet
  facet normal -0 0 1
    outer loop
      vertex 47.8 31.5 52
      vertex 49 28.5 52
      vertex 49 31.5 52
    endloop
  endfacet
  facet normal 0 0 1
    outer loop
      vertex 49 28.5 52
      vertex 47.8 31.5 52
      vertex 47.8 28.5 52
    endloop
  endfacet
  facet normal 0 -1 0
    outer loop
      vertex 42.2317 31.5 60.1853
      vertex 44.2 31.5 60.2
      vertex 42.2091 31.5 60.2758
    endloop
  endfacet
  facet normal 0 -1 0
    outer loop
      vertex 42.2454 31.5 60.0931
      vertex 44.2 31.5 60.2
      vertex 42.2317 31.5 60.1853
    endloop
  endfacet
  facet normal 0 -1 0
    outer loop
      vertex 42.25 31.5 60
      vertex 44.2 31.5 60.2
      vertex 42.2454 31.5 60.0931
    endloop
  endfacet
  facet normal 0 -1 0
    outer loop
      vertex 42.2454 31.5 59.9069
      vertex 44.2 31.5 60.2
      vertex 42.25 31.5 60
    endloop
  endfacet
  facet normal 0 -1 0
    outer loop
      vertex 42.2317 31.5 59.8147
      vertex 44.2 31.5 60.2
      vertex 42.2454 31.5 59.9069
    endloop
  endfacet
  facet normal 0 -1 0
    outer loop
      vertex 42.2091 31.5 59.7242
      vertex 44.2 31.5 60.2
      vertex 42.2317 31.5 59.8147
    endloop
  endfacet
  facet normal 0 -1 0
    outer loop
      vertex 42.1777 31.5 59.6365
      vertex 44.2 31.5 60.2
      vertex 42.2091 31.5 59.7242
    endloop
  endfacet
  facet normal 0 -1 0
    outer loop
      vertex 42.1378 31.5 59.5522
      vertex 44.2 31.5 60.2
      vertex 42.1777 31.5 59.6365
    endloop
  endfacet
  facet normal 0 -1 0
    outer loop
      vertex 42.0899 31.5 59.4722
      vertex 44.2 31.5 60.2
      vertex 42.1378 31.5 59.5522
    endloop
  endfacet
  facet normal 0 -1 0
    outer loop
      vertex 42.0344 31.5 59.3973
      vertex 44.2 31.5 60.2
      vertex 42.0899 31.5 59.4722
    endloop
  endfacet
  facet normal 0 -1 0
    outer loop
      vertex 41.9717 31.5 59.3283
      vertex 44.2 31.5 60.2
      vertex 42.0344 31.5 59.3973
    endloop
  endfacet
  facet normal 0 -1 0
    outer loop
      vertex 41.9027 31.5 59.2656
      vertex 44.2 31.5 60.2
      vertex 41.9717 31.5 59.3283
    endloop
  endfacet
  facet normal 0 -1 0
    outer loop
      vertex 44.2 31.5 52
      vertex 41.9027 31.5 59.2656
      vertex 41.8278 31.5 59.2101
    endloop
  endfacet
  facet normal 0 -1 0
    outer loop
      vertex 44.2 31.5 52
      vertex 41.8278 31.5 59.2101
      vertex 41.7478 31.5 59.1622
    endloop
  endfacet
  facet normal 0 -1 0
    outer loop
      vertex 44.2 31.5 52
      vertex 41.7478 31.5 59.1622
      vertex 41.6635 31.5 59.1223
    endloop
  endfacet
  facet normal 0 -1 0
    outer loop
      vertex 41.2069 31.5 59.0546
      vertex 44.2 31.5 52
      vertex 41.3 31.5 59.05
    endloop
  endfacet
  facet normal 0 -1 0
    outer loop
      vertex 41.3 31.5 59.05
      vertex 44.2 31.5 52
      vertex 41.3931 31.5 59.0546
    endloop
  endfacet
  facet normal 0 -1 0
    outer loop
      vertex 41.3931 31.5 59.0546
      vertex 44.2 31.5 52
      vertex 41.4853 31.5 59.0683
    endloop
  endfacet
  facet normal 0 -1 0
    outer loop
      vertex 41.4853 31.5 59.0683
      vertex 44.2 31.5 52
      vertex 41.5758 31.5 59.0909
    endloop
  endfacet
  facet normal 0 -1 0
    outer loop
      vertex 41.5758 31.5 59.0909
      vertex 44.2 31.5 52
      vertex 41.6635 31.5 59.1223
    endloop
  endfacet
  facet normal 0 -1 0
    outer loop
      vertex 41.9027 31.5 59.2656
      vertex 44.2 31.5 52
      vertex 44.2 31.5 60.2
    endloop
  endfacet
  facet normal 0 -1 0
    outer loop
      vertex 37.8 31.5 74.5
      vertex 41.3 31.5 61.3435
      vertex 49 31.5 74.5
    endloop
  endfacet
  facet normal 0 -1 0
    outer loop
      vertex 37.8 31.5 74.5
      vertex 40.6283 31.5 60.6717
      vertex 41.3 31.5 61.3435
    endloop
  endfacet
  facet normal 0 -1 0
    outer loop
      vertex 37.8 31.5 74.5
      vertex 40.5656 31.5 60.6027
      vertex 40.6283 31.5 60.6717
    endloop
  endfacet
  facet normal 0 -1 0
    outer loop
      vertex 37.8 31.5 74.5
      vertex 40.5101 31.5 60.5278
      vertex 40.5656 31.5 60.6027
    endloop
  endfacet
  facet normal 0 -1 0
    outer loop
      vertex 37.8 31.5 74.5
      vertex 40.4622 31.5 60.4478
      vertex 40.5101 31.5 60.5278
    endloop
  endfacet
  facet normal 0 -1 0
    outer loop
      vertex 37.8 31.5 74.5
      vertex 40.4223 31.5 60.3635
      vertex 40.4622 31.5 60.4478
    endloop
  endfacet
  facet normal 0 -1 0
    outer loop
      vertex 37.8 31.5 74.5
      vertex 40.3909 31.5 60.2758
      vertex 40.4223 31.5 60.3635
    endloop
  endfacet
  facet normal 0 -1 0
    outer loop
      vertex 37.8 31.5 74.5
      vertex 40.3683 31.5 60.1853
      vertex 40.3909 31.5 60.2758
    endloop
  endfacet
  facet normal 0 -1 0
    outer loop
      vertex 37.8 31.5 74.5
      vertex 40.3546 31.5 60.0931
      vertex 40.3683 31.5 60.1853
    endloop
  endfacet
  facet normal 0 -1 0
    outer loop
      vertex 37.8 31.5 52
      vertex 40.3546 31.5 60.0931
      vertex 37.8 31.5 74.5
    endloop
  endfacet
  facet normal 0 -1 0
    outer loop
      vertex 40.3546 31.5 60.0931
      vertex 37.8 31.5 52
      vertex 40.35 31.5 60
    endloop
  endfacet
  facet normal 0 -1 -0
    outer loop
      vertex 40.35 31.5 60
      vertex 37.8 31.5 52
      vertex 40.3546 31.5 59.9069
    endloop
  endfacet
  facet normal 0 -1 0
    outer loop
      vertex 44.2 31.5 52
      vertex 41.2069 31.5 59.0546
      vertex 37.8 31.5 52
    endloop
  endfacet
  facet normal 0 -1 -0
    outer loop
      vertex 41.1147 31.5 59.0683
      vertex 37.8 31.5 52
      vertex 41.2069 31.5 59.0546
    endloop
  endfacet
  facet normal 0 -1 -0
    outer loop
      vertex 41.0242 31.5 59.0909
      vertex 37.8 31.5 52
      vertex 41.1147 31.5 59.0683
    endloop
  endfacet
  facet normal 0 -1 -0
    outer loop
      vertex 40.9365 31.5 59.1223
      vertex 37.8 31.5 52
      vertex 41.0242 31.5 59.0909
    endloop
  endfacet
  facet normal 0 -1 -0
    outer loop
      vertex 40.8522 31.5 59.1622
      vertex 37.8 31.5 52
      vertex 40.9365 31.5 59.1223
    endloop
  endfacet
  facet normal 0 -1 -0
    outer loop
      vertex 40.7722 31.5 59.2101
      vertex 37.8 31.5 52
      vertex 40.8522 31.5 59.1622
    endloop
  endfacet
  facet normal 0 -1 -0
    outer loop
      vertex 40.6973 31.5 59.2656
      vertex 37.8 31.5 52
      vertex 40.7722 31.5 59.2101
    endloop
  endfacet
  facet normal 0 -1 -0
    outer loop
      vertex 40.6283 31.5 59.3283
      vertex 37.8 31.5 52
      vertex 40.6973 31.5 59.2656
    endloop
  endfacet
  facet normal 0 -1 -0
    outer loop
      vertex 40.5656 31.5 59.3973
      vertex 37.8 31.5 52
      vertex 40.6283 31.5 59.3283
    endloop
  endfacet
  facet normal 0 -1 -0
    outer loop
      vertex 40.5101 31.5 59.4722
      vertex 37.8 31.5 52
      vertex 40.5656 31.5 59.3973
    endloop
  endfacet
  facet normal 0 -1 -0
    outer loop
      vertex 40.4622 31.5 59.5522
      vertex 37.8 31.5 52
      vertex 40.5101 31.5 59.4722
    endloop
  endfacet
  facet normal 0 -1 -0
    outer loop
      vertex 40.4223 31.5 59.6365
      vertex 37.8 31.5 52
      vertex 40.4622 31.5 59.5522
    endloop
  endfacet
  facet normal 0 -1 -0
    outer loop
      vertex 40.3909 31.5 59.7242
      vertex 37.8 31.5 52
      vertex 40.4223 31.5 59.6365
    endloop
  endfacet
  facet normal 0 -1 -0
    outer loop
      vertex 40.3683 31.5 59.8147
      vertex 37.8 31.5 52
      vertex 40.3909 31.5 59.7242
    endloop
  endfacet
  facet normal 0 -1 -0
    outer loop
      vertex 40.3546 31.5 59.9069
      vertex 37.8 31.5 52
      vertex 40.3683 31.5 59.8147
    endloop
  endfacet
  facet normal 0 -1 0
    outer loop
      vertex 44.2 31.5 60.2
      vertex 41.3 31.5 61.3435
      vertex 41.9717 31.5 60.6717
    endloop
  endfacet
  facet normal 0 -1 0
    outer loop
      vertex 44.2 31.5 60.2
      vertex 41.9717 31.5 60.6717
      vertex 42.0344 31.5 60.6027
    endloop
  endfacet
  facet normal 0 -1 0
    outer loop
      vertex 44.2 31.5 60.2
      vertex 42.0344 31.5 60.6027
      vertex 42.0899 31.5 60.5278
    endloop
  endfacet
  facet normal 0 -1 0
    outer loop
      vertex 44.2 31.5 60.2
      vertex 42.0899 31.5 60.5278
      vertex 42.1378 31.5 60.4478
    endloop
  endfacet
  facet normal 0 -1 0
    outer loop
      vertex 44.2 31.5 60.2
      vertex 42.1378 31.5 60.4478
      vertex 42.1777 31.5 60.3635
    endloop
  endfacet
  facet normal 0 -1 0
    outer loop
      vertex 44.2 31.5 60.2
      vertex 42.1777 31.5 60.3635
      vertex 42.2091 31.5 60.2758
    endloop
  endfacet
  facet normal 0 -1 0
    outer loop
      vertex 41.3 31.5 61.3435
      vertex 44.2 31.5 60.2
      vertex 49 31.5 74.5
    endloop
  endfacet
  facet normal 0 -1 0
    outer loop
      vertex 47.8 31.5 60.2
      vertex 49 31.5 74.5
      vertex 44.2 31.5 60.2
    endloop
  endfacet
  facet normal 0 -1 0
    outer loop
      vertex 49 31.5 52
      vertex 47.8 31.5 60.2
      vertex 47.8 31.5 52
    endloop
  endfacet
  facet normal 0 -1 0
    outer loop
      vertex 47.8 31.5 60.2
      vertex 49 31.5 52
      vertex 49 31.5 74.5
    endloop
  endfacet
  facet normal 0 1 0
    outer loop
      vertex 49 28.5 74.5
      vertex 41.3 28.5 61.3435
      vertex 37.8 28.5 74.5
    endloop
  endfacet
  facet normal 0 1 -0
    outer loop
      vertex 44.2 28.5 60.2
      vertex 41.3 28.5 61.3435
      vertex 49 28.5 74.5
    endloop
  endfacet
  facet normal 0 1 0
    outer loop
      vertex 41.3 28.5 61.3435
      vertex 44.2 28.5 60.2
      vertex 41.9717 28.5 60.6717
    endloop
  endfacet
  facet normal 0 1 0
    outer loop
      vertex 41.9717 28.5 60.6717
      vertex 44.2 28.5 60.2
      vertex 42.0344 28.5 60.6027
    endloop
  endfacet
  facet normal 0 1 0
    outer loop
      vertex 42.0344 28.5 60.6027
      vertex 44.2 28.5 60.2
      vertex 42.0899 28.5 60.5278
    endloop
  endfacet
  facet normal 0 1 0
    outer loop
      vertex 42.0899 28.5 60.5278
      vertex 44.2 28.5 60.2
      vertex 42.1378 28.5 60.4478
    endloop
  endfacet
  facet normal 0 1 0
    outer loop
      vertex 42.1378 28.5 60.4478
      vertex 44.2 28.5 60.2
      vertex 42.1777 28.5 60.3635
    endloop
  endfacet
  facet normal 0 1 0
    outer loop
      vertex 44.2 28.5 60.2
      vertex 49 28.5 74.5
      vertex 47.8 28.5 60.2
    endloop
  endfacet
  facet normal 0 1 -0
    outer loop
      vertex 49 28.5 52
      vertex 47.8 28.5 60.2
      vertex 49 28.5 74.5
    endloop
  endfacet
  facet normal 0 1 0
    outer loop
      vertex 47.8 28.5 60.2
      vertex 49 28.5 52
      vertex 47.8 28.5 52
    endloop
  endfacet
  facet normal 0 1 -0
    outer loop
      vertex 40.6283 28.5 60.6717
      vertex 37.8 28.5 74.5
      vertex 41.3 28.5 61.3435
    endloop
  endfacet
  facet normal 0 1 -0
    outer loop
      vertex 40.5656 28.5 60.6027
      vertex 37.8 28.5 74.5
      vertex 40.6283 28.5 60.6717
    endloop
  endfacet
  facet normal 0 1 -0
    outer loop
      vertex 40.5101 28.5 60.5278
      vertex 37.8 28.5 74.5
      vertex 40.5656 28.5 60.6027
    endloop
  endfacet
  facet normal 0 1 -0
    outer loop
      vertex 40.4622 28.5 60.4478
      vertex 37.8 28.5 74.5
      vertex 40.5101 28.5 60.5278
    endloop
  endfacet
  facet normal 0 1 -0
    outer loop
      vertex 40.4223 28.5 60.3635
      vertex 37.8 28.5 74.5
      vertex 40.4622 28.5 60.4478
    endloop
  endfacet
  facet normal 0 1 -0
    outer loop
      vertex 40.3909 28.5 60.2758
      vertex 37.8 28.5 74.5
      vertex 40.4223 28.5 60.3635
    endloop
  endfacet
  facet normal 0 1 -0
    outer loop
      vertex 40.3683 28.5 60.1853
      vertex 37.8 28.5 74.5
      vertex 40.3909 28.5 60.2758
    endloop
  endfacet
  facet normal 0 1 -0
    outer loop
      vertex 40.3546 28.5 60.0931
      vertex 37.8 28.5 74.5
      vertex 40.3683 28.5 60.1853
    endloop
  endfacet
  facet normal 0 1 0
    outer loop
      vertex 37.8 28.5 52
      vertex 40.3546 28.5 60.0931
      vertex 40.35 28.5 60
    endloop
  endfacet
  facet normal 0 1 0
    outer loop
      vertex 37.8 28.5 52
      vertex 40.35 28.5 60
      vertex 40.3546 28.5 59.9069
    endloop
  endfacet
  facet normal 0 1 0
    outer loop
      vertex 37.8 28.5 52
      vertex 40.3546 28.5 59.9069
      vertex 40.3683 28.5 59.8147
    endloop
  endfacet
  facet normal 0 1 0
    outer loop
      vertex 44.2 28.5 52
      vertex 41.2069 28.5 59.0546
      vertex 41.3 28.5 59.05
    endloop
  endfacet
  facet normal 0 1 0
    outer loop
      vertex 37.8 28.5 52
      vertex 41.2069 28.5 59.0546
      vertex 44.2 28.5 52
    endloop
  endfacet
  facet normal 0 1 0
    outer loop
      vertex 41.2069 28.5 59.0546
      vertex 37.8 28.5 52
      vertex 41.1147 28.5 59.0683
    endloop
  endfacet
  facet normal 0 1 0
    outer loop
      vertex 41.1147 28.5 59.0683
      vertex 37.8 28.5 52
      vertex 41.0242 28.5 59.0909
    endloop
  endfacet
  facet normal 0 1 0
    outer loop
      vertex 41.0242 28.5 59.0909
      vertex 37.8 28.5 52
      vertex 40.9365 28.5 59.1223
    endloop
  endfacet
  facet normal 0 1 0
    outer loop
      vertex 40.9365 28.5 59.1223
      vertex 37.8 28.5 52
      vertex 40.8522 28.5 59.1622
    endloop
  endfacet
  facet normal 0 1 0
    outer loop
      vertex 40.8522 28.5 59.1622
      vertex 37.8 28.5 52
      vertex 40.7722 28.5 59.2101
    endloop
  endfacet
  facet normal 0 1 0
    outer loop
      vertex 40.7722 28.5 59.2101
      vertex 37.8 28.5 52
      vertex 40.6973 28.5 59.2656
    endloop
  endfacet
  facet normal 0 1 0
    outer loop
      vertex 40.6973 28.5 59.2656
      vertex 37.8 28.5 52
      vertex 40.6283 28.5 59.3283
    endloop
  endfacet
  facet normal 0 1 0
    outer loop
      vertex 40.6283 28.5 59.3283
      vertex 37.8 28.5 52
      vertex 40.5656 28.5 59.3973
    endloop
  endfacet
  facet normal 0 1 0
    outer loop
      vertex 40.5656 28.5 59.3973
      vertex 37.8 28.5 52
      vertex 40.5101 28.5 59.4722
    endloop
  endfacet
  facet normal 0 1 0
    outer loop
      vertex 40.3546 28.5 60.0931
      vertex 37.8 28.5 52
      vertex 37.8 28.5 74.5
    endloop
  endfacet
  facet normal 0 1 0
    outer loop
      vertex 40.3909 28.5 59.7242
      vertex 37.8 28.5 52
      vertex 40.3683 28.5 59.8147
    endloop
  endfacet
  facet normal 0 1 0
    outer loop
      vertex 40.4223 28.5 59.6365
      vertex 37.8 28.5 52
      vertex 40.3909 28.5 59.7242
    endloop
  endfacet
  facet normal 0 1 0
    outer loop
      vertex 40.4622 28.5 59.5522
      vertex 37.8 28.5 52
      vertex 40.4223 28.5 59.6365
    endloop
  endfacet
  facet normal 0 1 0
    outer loop
      vertex 40.5101 28.5 59.4722
      vertex 37.8 28.5 52
      vertex 40.4622 28.5 59.5522
    endloop
  endfacet
  facet normal 0 1 0
    outer loop
      vertex 42.1777 28.5 60.3635
      vertex 44.2 28.5 60.2
      vertex 42.2091 28.5 60.2758
    endloop
  endfacet
  facet normal 0 1 0
    outer loop
      vertex 44.2 28.5 60.2
      vertex 42.2317 28.5 60.1853
      vertex 42.2091 28.5 60.2758
    endloop
  endfacet
  facet normal 0 1 0
    outer loop
      vertex 44.2 28.5 60.2
      vertex 42.2454 28.5 60.0931
      vertex 42.2317 28.5 60.1853
    endloop
  endfacet
  facet normal 0 1 0
    outer loop
      vertex 44.2 28.5 60.2
      vertex 42.25 28.5 60
      vertex 42.2454 28.5 60.0931
    endloop
  endfacet
  facet normal 0 1 0
    outer loop
      vertex 44.2 28.5 60.2
      vertex 42.2454 28.5 59.9069
      vertex 42.25 28.5 60
    endloop
  endfacet
  facet normal 0 1 0
    outer loop
      vertex 44.2 28.5 60.2
      vertex 42.2317 28.5 59.8147
      vertex 42.2454 28.5 59.9069
    endloop
  endfacet
  facet normal 0 1 0
    outer loop
      vertex 44.2 28.5 60.2
      vertex 42.2091 28.5 59.7242
      vertex 42.2317 28.5 59.8147
    endloop
  endfacet
  facet normal 0 1 0
    outer loop
      vertex 44.2 28.5 60.2
      vertex 42.1777 28.5 59.6365
      vertex 42.2091 28.5 59.7242
    endloop
  endfacet
  facet normal 0 1 0
    outer loop
      vertex 44.2 28.5 60.2
      vertex 42.1378 28.5 59.5522
      vertex 42.1777 28.5 59.6365
    endloop
  endfacet
  facet normal 0 1 0
    outer loop
      vertex 44.2 28.5 60.2
      vertex 42.0899 28.5 59.4722
      vertex 42.1378 28.5 59.5522
    endloop
  endfacet
  facet normal 0 1 0
    outer loop
      vertex 44.2 28.5 60.2
      vertex 42.0344 28.5 59.3973
      vertex 42.0899 28.5 59.4722
    endloop
  endfacet
  facet normal 0 1 0
    outer loop
      vertex 44.2 28.5 60.2
      vertex 41.9717 28.5 59.3283
      vertex 42.0344 28.5 59.3973
    endloop
  endfacet
  facet normal 0 1 0
    outer loop
      vertex 44.2 28.5 60.2
      vertex 41.9027 28.5 59.2656
      vertex 41.9717 28.5 59.3283
    endloop
  endfacet
  facet normal 0 1 -0
    outer loop
      vertex 44.2 28.5 52
      vertex 41.9027 28.5 59.2656
      vertex 44.2 28.5 60.2
    endloop
  endfacet
  facet normal 0 1 0
    outer loop
      vertex 41.9027 28.5 59.2656
      vertex 44.2 28.5 52
      vertex 41.8278 28.5 59.2101
    endloop
  endfacet
  facet normal 0 1 0
    outer loop
      vertex 41.8278 28.5 59.2101
      vertex 44.2 28.5 52
      vertex 41.7478 28.5 59.1622
    endloop
  endfacet
  facet normal 0 1 0
    outer loop
      vertex 41.3931 28.5 59.0546
      vertex 44.2 28.5 52
      vertex 41.3 28.5 59.05
    endloop
  endfacet
  facet normal 0 1 0
    outer loop
      vertex 41.4853 28.5 59.0683
      vertex 44.2 28.5 52
      vertex 41.3931 28.5 59.0546
    endloop
  endfacet
  facet normal 0 1 0
    outer loop
      vertex 41.5758 28.5 59.0909
      vertex 44.2 28.5 52
      vertex 41.4853 28.5 59.0683
    endloop
  endfacet
  facet normal 0 1 0
    outer loop
      vertex 41.6635 28.5 59.1223
      vertex 44.2 28.5 52
      vertex 41.5758 28.5 59.0909
    endloop
  endfacet
  facet normal 0 1 0
    outer loop
      vertex 41.7478 28.5 59.1622
      vertex 44.2 28.5 52
      vertex 41.6635 28.5 59.1223
    endloop
  endfacet
  facet normal 0.146871 0 0.989156
    outer loop
      vertex 65.8147 10.6 3.06827
      vertex 65.9069 6.5 3.05458
      vertex 65.9069 10.6 3.05458
    endloop
  endfacet
  facet normal 0.146871 0 0.989156
    outer loop
      vertex 65.9069 6.5 3.05458
      vertex 65.8147 10.6 3.06827
      vertex 65.8147 6.5 3.06827
    endloop
  endfacet
  facet normal 0.146871 0 0.989156
    outer loop
      vertex 65.8147 20 3.06827
      vertex 65.9069 16.4 3.05458
      vertex 65.9069 20 3.05458
    endloop
  endfacet
  facet normal 0.146871 0 0.989156
    outer loop
      vertex 65.9069 16.4 3.05458
      vertex 65.8147 20 3.06827
      vertex 65.8147 16.4 3.06827
    endloop
  endfacet
  facet normal 0.998782 0 -0.0493437
    outer loop
      vertex 65.0546 6.5 4.09311
      vertex 65.05 10.6 4
      vertex 65.0546 10.6 4.09311
    endloop
  endfacet
  facet normal 0.998782 0 -0.0493437
    outer loop
      vertex 65.05 10.6 4
      vertex 65.0546 6.5 4.09311
      vertex 65.05 6.5 4
    endloop
  endfacet
  facet normal 0.998782 0 -0.0493437
    outer loop
      vertex 65.0546 16.4 4.09311
      vertex 65.05 20 4
      vertex 65.0546 20 4.09311
    endloop
  endfacet
  facet normal 0.998782 0 -0.0493437
    outer loop
      vertex 65.05 20 4
      vertex 65.0546 16.4 4.09311
      vertex 65.05 16.4 4
    endloop
  endfacet
  facet normal -0.242687 0 0.970105
    outer loop
      vertex 66.1853 10.6 3.06827
      vertex 66.2758 6.5 3.09091
      vertex 66.2758 10.6 3.09091
    endloop
  endfacet
  facet normal -0.242687 0 0.970105
    outer loop
      vertex 66.2758 6.5 3.09091
      vertex 66.1853 10.6 3.06827
      vertex 66.1853 6.5 3.06827
    endloop
  endfacet
  facet normal -0.242687 0 0.970105
    outer loop
      vertex 66.1853 20 3.06827
      vertex 66.2758 16.4 3.09091
      vertex 66.2758 20 3.09091
    endloop
  endfacet
  facet normal -0.242687 0 0.970105
    outer loop
      vertex 66.2758 16.4 3.09091
      vertex 66.1853 20 3.06827
      vertex 66.1853 16.4 3.06827
    endloop
  endfacet
  facet normal -0.049135 0 0.998792
    outer loop
      vertex 66 10.6 3.05
      vertex 66.0931 6.5 3.05458
      vertex 66.0931 10.6 3.05458
    endloop
  endfacet
  facet normal -0.049135 0 0.998792
    outer loop
      vertex 66.0931 6.5 3.05458
      vertex 66 10.6 3.05
      vertex 66 6.5 3.05
    endloop
  endfacet
  facet normal -0.049135 0 0.998792
    outer loop
      vertex 66 20 3.05
      vertex 66.0931 16.4 3.05458
      vertex 66.0931 20 3.05458
    endloop
  endfacet
  facet normal -0.049135 0 0.998792
    outer loop
      vertex 66.0931 16.4 3.05458
      vertex 66 20 3.05
      vertex 66 16.4 3.05
    endloop
  endfacet
  facet normal 0.427635 0 0.903952
    outer loop
      vertex 65.5522 10.6 3.16219
      vertex 65.6365 6.5 3.12231
      vertex 65.6365 10.6 3.12231
    endloop
  endfacet
  facet normal 0.427635 0 0.903952
    outer loop
      vertex 65.6365 6.5 3.12231
      vertex 65.5522 10.6 3.16219
      vertex 65.5522 6.5 3.16219
    endloop
  endfacet
  facet normal 0.427635 0 0.903952
    outer loop
      vertex 65.5522 20 3.16219
      vertex 65.6365 16.4 3.12231
      vertex 65.6365 20 3.12231
    endloop
  endfacet
  facet normal 0.427635 0 0.903952
    outer loop
      vertex 65.6365 16.4 3.12231
      vertex 65.5522 20 3.16219
      vertex 65.5522 16.4 3.16219
    endloop
  endfacet
  facet normal 0.970161 -0 0.24246
    outer loop
      vertex 65.0683 6.5 3.81467
      vertex 65.0909 10.6 3.72424
      vertex 65.0683 10.6 3.81467
    endloop
  endfacet
  facet normal 0.970161 0 0.24246
    outer loop
      vertex 65.0909 10.6 3.72424
      vertex 65.0683 6.5 3.81467
      vertex 65.0909 6.5 3.72424
    endloop
  endfacet
  facet normal 0.970161 -0 0.24246
    outer loop
      vertex 65.0683 16.4 3.81467
      vertex 65.0909 20 3.72424
      vertex 65.0683 20 3.81467
    endloop
  endfacet
  facet normal 0.970161 0 0.24246
    outer loop
      vertex 65.0909 20 3.72424
      vertex 65.0683 16.4 3.81467
      vertex 65.0909 16.4 3.72424
    endloop
  endfacet
  facet normal 0.707133 0 -0.70708
    outer loop
      vertex 66 6.5 5.34349
      vertex 65.3283 10.6 4.67174
      vertex 66 10.6 5.34349
    endloop
  endfacet
  facet normal 0.707133 0 -0.70708
    outer loop
      vertex 65.3283 10.6 4.67174
      vertex 66 6.5 5.34349
      vertex 65.3283 6.5 4.67174
    endloop
  endfacet
  facet normal 0.707133 0 -0.70708
    outer loop
      vertex 66 16.4 5.34349
      vertex 65.3283 20 4.67174
      vertex 66 20 5.34349
    endloop
  endfacet
  facet normal 0.707133 0 -0.70708
    outer loop
      vertex 65.3283 20 4.67174
      vertex 66 16.4 5.34349
      vertex 65.3283 16.4 4.67174
    endloop
  endfacet
  facet normal 0.049135 0 0.998792
    outer loop
      vertex 65.9069 10.6 3.05458
      vertex 66 6.5 3.05
      vertex 66 10.6 3.05
    endloop
  endfacet
  facet normal 0.049135 0 0.998792
    outer loop
      vertex 66 6.5 3.05
      vertex 65.9069 10.6 3.05458
      vertex 65.9069 6.5 3.05458
    endloop
  endfacet
  facet normal 0.049135 0 0.998792
    outer loop
      vertex 65.9069 20 3.05458
      vertex 66 16.4 3.05
      vertex 66 20 3.05
    endloop
  endfacet
  facet normal 0.049135 0 0.998792
    outer loop
      vertex 66 16.4 3.05
      vertex 65.9069 20 3.05458
      vertex 65.9069 16.4 3.05458
    endloop
  endfacet
  facet normal 0.857909 0 -0.513802
    outer loop
      vertex 65.2101 6.5 4.52779
      vertex 65.1622 10.6 4.44781
      vertex 65.2101 10.6 4.52779
    endloop
  endfacet
  facet normal 0.857909 0 -0.513802
    outer loop
      vertex 65.1622 10.6 4.44781
      vertex 65.2101 6.5 4.52779
      vertex 65.1622 6.5 4.44781
    endloop
  endfacet
  facet normal 0.857909 0 -0.513802
    outer loop
      vertex 65.2101 16.4 4.52779
      vertex 65.1622 20 4.44781
      vertex 65.2101 20 4.52779
    endloop
  endfacet
  facet normal 0.857909 0 -0.513802
    outer loop
      vertex 65.1622 20 4.44781
      vertex 65.2101 16.4 4.52779
      vertex 65.1622 16.4 4.44781
    endloop
  endfacet
  facet normal -0.513865 0 0.857871
    outer loop
      vertex 66.4478 10.6 3.16219
      vertex 66.5278 6.5 3.21011
      vertex 66.5278 10.6 3.21011
    endloop
  endfacet
  facet normal -0.513865 0 0.857871
    outer loop
      vertex 66.5278 6.5 3.21011
      vertex 66.4478 10.6 3.16219
      vertex 66.4478 6.5 3.16219
    endloop
  endfacet
  facet normal -0.513865 0 0.857871
    outer loop
      vertex 66.4478 20 3.16219
      vertex 66.5278 16.4 3.21011
      vertex 66.5278 20 3.21011
    endloop
  endfacet
  facet normal -0.513865 0 0.857871
    outer loop
      vertex 66.5278 16.4 3.21011
      vertex 66.4478 20 3.16219
      vertex 66.4478 16.4 3.16219
    endloop
  endfacet
  facet normal 0.998782 -0 0.0493437
    outer loop
      vertex 65.05 6.5 4
      vertex 65.0546 10.6 3.90689
      vertex 65.05 10.6 4
    endloop
  endfacet
  facet normal 0.998782 0 0.0493437
    outer loop
      vertex 65.0546 10.6 3.90689
      vertex 65.05 6.5 4
      vertex 65.0546 6.5 3.90689
    endloop
  endfacet
  facet normal 0.998782 -0 0.0493437
    outer loop
      vertex 65.05 16.4 4
      vertex 65.0546 20 3.90689
      vertex 65.05 20 4
    endloop
  endfacet
  facet normal 0.998782 0 0.0493437
    outer loop
      vertex 65.0546 20 3.90689
      vertex 65.05 16.4 4
      vertex 65.0546 16.4 3.90689
    endloop
  endfacet
  facet normal 0.941572 0 -0.336812
    outer loop
      vertex 65.1223 6.5 4.36354
      vertex 65.0909 10.6 4.27576
      vertex 65.1223 10.6 4.36354
    endloop
  endfacet
  facet normal 0.941572 0 -0.336812
    outer loop
      vertex 65.0909 10.6 4.27576
      vertex 65.1223 6.5 4.36354
      vertex 65.0909 6.5 4.27576
    endloop
  endfacet
  facet normal 0.941572 0 -0.336812
    outer loop
      vertex 65.1223 16.4 4.36354
      vertex 65.0909 20 4.27576
      vertex 65.1223 20 4.36354
    endloop
  endfacet
  facet normal 0.941572 0 -0.336812
    outer loop
      vertex 65.0909 20 4.27576
      vertex 65.1223 16.4 4.36354
      vertex 65.0909 16.4 4.27576
    endloop
  endfacet
  facet normal -0.941572 0 0.336812
    outer loop
      vertex 66.8777 6.5 3.63646
      vertex 66.9091 10.6 3.72424
      vertex 66.8777 10.6 3.63646
    endloop
  endfacet
  facet normal -0.941572 0 0.336812
    outer loop
      vertex 66.9091 10.6 3.72424
      vertex 66.8777 6.5 3.63646
      vertex 66.9091 6.5 3.72424
    endloop
  endfacet
  facet normal -0.941572 0 0.336812
    outer loop
      vertex 66.8777 16.4 3.63646
      vertex 66.9091 20 3.72424
      vertex 66.8777 20 3.63646
    endloop
  endfacet
  facet normal -0.941572 0 0.336812
    outer loop
      vertex 66.9091 20 3.72424
      vertex 66.8777 16.4 3.63646
      vertex 66.9091 16.4 3.72424
    endloop
  endfacet
  facet normal 0.90381 -0 0.427934
    outer loop
      vertex 65.1223 6.5 3.63646
      vertex 65.1622 10.6 3.55219
      vertex 65.1223 10.6 3.63646
    endloop
  endfacet
  facet normal 0.90381 0 0.427934
    outer loop
      vertex 65.1622 10.6 3.55219
      vertex 65.1223 6.5 3.63646
      vertex 65.1622 6.5 3.55219
    endloop
  endfacet
  facet normal 0.90381 -0 0.427934
    outer loop
      vertex 65.1223 16.4 3.63646
      vertex 65.1622 20 3.55219
      vertex 65.1223 20 3.63646
    endloop
  endfacet
  facet normal 0.90381 0 0.427934
    outer loop
      vertex 65.1622 20 3.55219
      vertex 65.1223 16.4 3.63646
      vertex 65.1622 16.4 3.55219
    endloop
  endfacet
  facet normal -0.740473 0 0.672086
    outer loop
      vertex 66.6717 6.5 3.32826
      vertex 66.7344 10.6 3.39734
      vertex 66.6717 10.6 3.32826
    endloop
  endfacet
  facet normal -0.740473 0 0.672086
    outer loop
      vertex 66.7344 10.6 3.39734
      vertex 66.6717 6.5 3.32826
      vertex 66.7344 6.5 3.39734
    endloop
  endfacet
  facet normal -0.740473 0 0.672086
    outer loop
      vertex 66.6717 16.4 3.32826
      vertex 66.7344 20 3.39734
      vertex 66.6717 20 3.32826
    endloop
  endfacet
  facet normal -0.740473 0 0.672086
    outer loop
      vertex 66.7344 20 3.39734
      vertex 66.6717 16.4 3.32826
      vertex 66.7344 16.4 3.39734
    endloop
  endfacet
  facet normal -0.857909 0 -0.513802
    outer loop
      vertex 66.8378 6.5 4.44781
      vertex 66.7899 10.6 4.52779
      vertex 66.8378 10.6 4.44781
    endloop
  endfacet
  facet normal -0.857909 -0 -0.513802
    outer loop
      vertex 66.7899 10.6 4.52779
      vertex 66.8378 6.5 4.44781
      vertex 66.7899 6.5 4.52779
    endloop
  endfacet
  facet normal -0.857909 0 -0.513802
    outer loop
      vertex 66.8378 16.4 4.44781
      vertex 66.7899 20 4.52779
      vertex 66.8378 20 4.44781
    endloop
  endfacet
  facet normal -0.857909 -0 -0.513802
    outer loop
      vertex 66.7899 20 4.52779
      vertex 66.8378 16.4 4.44781
      vertex 66.7899 16.4 4.52779
    endloop
  endfacet
  facet normal -0.337084 0 0.941474
    outer loop
      vertex 66.2758 10.6 3.09091
      vertex 66.3635 6.5 3.12231
      vertex 66.3635 10.6 3.12231
    endloop
  endfacet
  facet normal -0.337084 0 0.941474
    outer loop
      vertex 66.3635 6.5 3.12231
      vertex 66.2758 10.6 3.09091
      vertex 66.2758 6.5 3.09091
    endloop
  endfacet
  facet normal -0.337084 0 0.941474
    outer loop
      vertex 66.2758 20 3.09091
      vertex 66.3635 16.4 3.12231
      vertex 66.3635 20 3.12231
    endloop
  endfacet
  facet normal -0.337084 0 0.941474
    outer loop
      vertex 66.3635 16.4 3.12231
      vertex 66.2758 20 3.09091
      vertex 66.2758 16.4 3.09091
    endloop
  endfacet
  facet normal -0.803348 0 0.59551
    outer loop
      vertex 66.7344 6.5 3.39734
      vertex 66.7899 10.6 3.47221
      vertex 66.7344 10.6 3.39734
    endloop
  endfacet
  facet normal -0.803348 0 0.59551
    outer loop
      vertex 66.7899 10.6 3.47221
      vertex 66.7344 6.5 3.39734
      vertex 66.7899 6.5 3.47221
    endloop
  endfacet
  facet normal -0.803348 0 0.59551
    outer loop
      vertex 66.7344 16.4 3.39734
      vertex 66.7899 20 3.47221
      vertex 66.7344 20 3.39734
    endloop
  endfacet
  facet normal -0.803348 0 0.59551
    outer loop
      vertex 66.7899 20 3.47221
      vertex 66.7344 16.4 3.39734
      vertex 66.7899 16.4 3.47221
    endloop
  endfacet
  facet normal 0.595564 0 0.803308
    outer loop
      vertex 65.3973 10.6 3.26564
      vertex 65.4722 6.5 3.21011
      vertex 65.4722 10.6 3.21011
    endloop
  endfacet
  facet normal 0.595564 0 0.803308
    outer loop
      vertex 65.4722 6.5 3.21011
      vertex 65.3973 10.6 3.26564
      vertex 65.3973 6.5 3.26564
    endloop
  endfacet
  facet normal 0.595564 0 0.803308
    outer loop
      vertex 65.3973 20 3.26564
      vertex 65.4722 16.4 3.21011
      vertex 65.4722 20 3.21011
    endloop
  endfacet
  facet normal 0.595564 0 0.803308
    outer loop
      vertex 65.4722 16.4 3.21011
      vertex 65.3973 20 3.26564
      vertex 65.3973 16.4 3.26564
    endloop
  endfacet
  facet normal -0.998782 0 0.0493437
    outer loop
      vertex 66.9454 6.5 3.90689
      vertex 66.95 10.6 4
      vertex 66.9454 10.6 3.90689
    endloop
  endfacet
  facet normal -0.998782 0 0.0493437
    outer loop
      vertex 66.95 10.6 4
      vertex 66.9454 6.5 3.90689
      vertex 66.95 6.5 4
    endloop
  endfacet
  facet normal -0.998782 0 0.0493437
    outer loop
      vertex 66.9454 16.4 3.90689
      vertex 66.95 20 4
      vertex 66.9454 20 3.90689
    endloop
  endfacet
  facet normal -0.998782 0 0.0493437
    outer loop
      vertex 66.95 20 4
      vertex 66.9454 16.4 3.90689
      vertex 66.95 16.4 4
    endloop
  endfacet
  facet normal 0.740473 0 -0.672086
    outer loop
      vertex 65.3283 6.5 4.67174
      vertex 65.2656 10.6 4.60266
      vertex 65.3283 10.6 4.67174
    endloop
  endfacet
  facet normal 0.740473 0 -0.672086
    outer loop
      vertex 65.2656 10.6 4.60266
      vertex 65.3283 6.5 4.67174
      vertex 65.2656 6.5 4.60266
    endloop
  endfacet
  facet normal 0.740473 0 -0.672086
    outer loop
      vertex 65.3283 16.4 4.67174
      vertex 65.2656 20 4.60266
      vertex 65.3283 20 4.67174
    endloop
  endfacet
  facet normal 0.740473 0 -0.672086
    outer loop
      vertex 65.2656 20 4.60266
      vertex 65.3283 16.4 4.67174
      vertex 65.2656 16.4 4.60266
    endloop
  endfacet
  facet normal -0.90381 0 0.427934
    outer loop
      vertex 66.8378 6.5 3.55219
      vertex 66.8777 10.6 3.63646
      vertex 66.8378 10.6 3.55219
    endloop
  endfacet
  facet normal -0.90381 0 0.427934
    outer loop
      vertex 66.8777 10.6 3.63646
      vertex 66.8378 6.5 3.55219
      vertex 66.8777 6.5 3.63646
    endloop
  endfacet
  facet normal -0.90381 0 0.427934
    outer loop
      vertex 66.8378 16.4 3.55219
      vertex 66.8777 20 3.63646
      vertex 66.8378 20 3.55219
    endloop
  endfacet
  facet normal -0.90381 0 0.427934
    outer loop
      vertex 66.8777 20 3.63646
      vertex 66.8378 16.4 3.55219
      vertex 66.8777 16.4 3.63646
    endloop
  endfacet
  facet normal -0.998782 0 -0.0493437
    outer loop
      vertex 66.95 6.5 4
      vertex 66.9454 10.6 4.09311
      vertex 66.95 10.6 4
    endloop
  endfacet
  facet normal -0.998782 -0 -0.0493437
    outer loop
      vertex 66.9454 10.6 4.09311
      vertex 66.95 6.5 4
      vertex 66.9454 6.5 4.09311
    endloop
  endfacet
  facet normal -0.998782 0 -0.0493437
    outer loop
      vertex 66.95 16.4 4
      vertex 66.9454 20 4.09311
      vertex 66.95 20 4
    endloop
  endfacet
  facet normal -0.998782 -0 -0.0493437
    outer loop
      vertex 66.9454 20 4.09311
      vertex 66.95 16.4 4
      vertex 66.9454 16.4 4.09311
    endloop
  endfacet
  facet normal -0.146871 0 0.989156
    outer loop
      vertex 66.0931 10.6 3.05458
      vertex 66.1853 6.5 3.06827
      vertex 66.1853 10.6 3.06827
    endloop
  endfacet
  facet normal -0.146871 0 0.989156
    outer loop
      vertex 66.1853 6.5 3.06827
      vertex 66.0931 10.6 3.05458
      vertex 66.0931 6.5 3.05458
    endloop
  endfacet
  facet normal -0.146871 0 0.989156
    outer loop
      vertex 66.0931 20 3.05458
      vertex 66.1853 16.4 3.06827
      vertex 66.1853 20 3.06827
    endloop
  endfacet
  facet normal -0.146871 0 0.989156
    outer loop
      vertex 66.1853 16.4 3.06827
      vertex 66.0931 20 3.05458
      vertex 66.0931 16.4 3.05458
    endloop
  endfacet
  facet normal 0.740473 -0 0.672086
    outer loop
      vertex 65.2656 6.5 3.39734
      vertex 65.3283 10.6 3.32826
      vertex 65.2656 10.6 3.39734
    endloop
  endfacet
  facet normal 0.740473 0 0.672086
    outer loop
      vertex 65.3283 10.6 3.32826
      vertex 65.2656 6.5 3.39734
      vertex 65.3283 6.5 3.32826
    endloop
  endfacet
  facet normal 0.740473 -0 0.672086
    outer loop
      vertex 65.2656 16.4 3.39734
      vertex 65.3283 20 3.32826
      vertex 65.2656 20 3.39734
    endloop
  endfacet
  facet normal 0.740473 0 0.672086
    outer loop
      vertex 65.3283 20 3.32826
      vertex 65.2656 16.4 3.39734
      vertex 65.3283 16.4 3.32826
    endloop
  endfacet
  facet normal 0.672042 0 0.740513
    outer loop
      vertex 65.3283 10.6 3.32826
      vertex 65.3973 6.5 3.26564
      vertex 65.3973 10.6 3.26564
    endloop
  endfacet
  facet normal 0.672042 0 0.740513
    outer loop
      vertex 65.3973 6.5 3.26564
      vertex 65.3283 10.6 3.32826
      vertex 65.3283 6.5 3.32826
    endloop
  endfacet
  facet normal 0.672042 0 0.740513
    outer loop
      vertex 65.3283 20 3.32826
      vertex 65.3973 16.4 3.26564
      vertex 65.3973 20 3.26564
    endloop
  endfacet
  facet normal 0.672042 0 0.740513
    outer loop
      vertex 65.3973 16.4 3.26564
      vertex 65.3283 20 3.32826
      vertex 65.3283 16.4 3.32826
    endloop
  endfacet
  facet normal 0.989145 -0 0.146945
    outer loop
      vertex 65.0546 6.5 3.90689
      vertex 65.0683 10.6 3.81467
      vertex 65.0546 10.6 3.90689
    endloop
  endfacet
  facet normal 0.989145 0 0.146945
    outer loop
      vertex 65.0683 10.6 3.81467
      vertex 65.0546 6.5 3.90689
      vertex 65.0683 6.5 3.81467
    endloop
  endfacet
  facet normal 0.989145 -0 0.146945
    outer loop
      vertex 65.0546 16.4 3.90689
      vertex 65.0683 20 3.81467
      vertex 65.0546 20 3.90689
    endloop
  endfacet
  facet normal 0.989145 0 0.146945
    outer loop
      vertex 65.0683 20 3.81467
      vertex 65.0546 16.4 3.90689
      vertex 65.0683 16.4 3.81467
    endloop
  endfacet
  facet normal 0.803348 -0 0.59551
    outer loop
      vertex 65.2101 6.5 3.47221
      vertex 65.2656 10.6 3.39734
      vertex 65.2101 10.6 3.47221
    endloop
  endfacet
  facet normal 0.803348 0 0.59551
    outer loop
      vertex 65.2656 10.6 3.39734
      vertex 65.2101 6.5 3.47221
      vertex 65.2656 6.5 3.39734
    endloop
  endfacet
  facet normal 0.803348 -0 0.59551
    outer loop
      vertex 65.2101 16.4 3.47221
      vertex 65.2656 20 3.39734
      vertex 65.2101 20 3.47221
    endloop
  endfacet
  facet normal 0.803348 0 0.59551
    outer loop
      vertex 65.2656 20 3.39734
      vertex 65.2101 16.4 3.47221
      vertex 65.2656 16.4 3.39734
    endloop
  endfacet
  facet normal -0.672042 0 0.740513
    outer loop
      vertex 66.6027 10.6 3.26564
      vertex 66.6717 6.5 3.32826
      vertex 66.6717 10.6 3.32826
    endloop
  endfacet
  facet normal -0.672042 0 0.740513
    outer loop
      vertex 66.6717 6.5 3.32826
      vertex 66.6027 10.6 3.26564
      vertex 66.6027 6.5 3.26564
    endloop
  endfacet
  facet normal -0.672042 0 0.740513
    outer loop
      vertex 66.6027 20 3.26564
      vertex 66.6717 16.4 3.32826
      vertex 66.6717 20 3.32826
    endloop
  endfacet
  facet normal -0.672042 0 0.740513
    outer loop
      vertex 66.6717 16.4 3.32826
      vertex 66.6027 20 3.26564
      vertex 66.6027 16.4 3.26564
    endloop
  endfacet
  facet normal -0.427635 0 0.903952
    outer loop
      vertex 66.3635 10.6 3.12231
      vertex 66.4478 6.5 3.16219
      vertex 66.4478 10.6 3.16219
    endloop
  endfacet
  facet normal -0.427635 0 0.903952
    outer loop
      vertex 66.4478 6.5 3.16219
      vertex 66.3635 10.6 3.12231
      vertex 66.3635 6.5 3.12231
    endloop
  endfacet
  facet normal -0.427635 0 0.903952
    outer loop
      vertex 66.3635 20 3.12231
      vertex 66.4478 16.4 3.16219
      vertex 66.4478 20 3.16219
    endloop
  endfacet
  facet normal -0.427635 0 0.903952
    outer loop
      vertex 66.4478 16.4 3.16219
      vertex 66.3635 20 3.12231
      vertex 66.3635 16.4 3.12231
    endloop
  endfacet
  facet normal -0.707133 0 -0.70708
    outer loop
      vertex 66.6717 6.5 4.67174
      vertex 66 10.6 5.34349
      vertex 66.6717 10.6 4.67174
    endloop
  endfacet
  facet normal -0.707133 -0 -0.70708
    outer loop
      vertex 66 10.6 5.34349
      vertex 66.6717 6.5 4.67174
      vertex 66 6.5 5.34349
    endloop
  endfacet
  facet normal -0.707133 0 -0.70708
    outer loop
      vertex 66.6717 16.4 4.67174
      vertex 66 20 5.34349
      vertex 66.6717 20 4.67174
    endloop
  endfacet
  facet normal -0.707133 -0 -0.70708
    outer loop
      vertex 66 20 5.34349
      vertex 66.6717 16.4 4.67174
      vertex 66 16.4 5.34349
    endloop
  endfacet
  facet normal -0.740473 0 -0.672086
    outer loop
      vertex 66.7344 6.5 4.60266
      vertex 66.6717 10.6 4.67174
      vertex 66.7344 10.6 4.60266
    endloop
  endfacet
  facet normal -0.740473 -0 -0.672086
    outer loop
      vertex 66.6717 10.6 4.67174
      vertex 66.7344 6.5 4.60266
      vertex 66.6717 6.5 4.67174
    endloop
  endfacet
  facet normal -0.740473 0 -0.672086
    outer loop
      vertex 66.7344 16.4 4.60266
      vertex 66.6717 20 4.67174
      vertex 66.7344 20 4.60266
    endloop
  endfacet
  facet normal -0.740473 -0 -0.672086
    outer loop
      vertex 66.6717 20 4.67174
      vertex 66.7344 16.4 4.60266
      vertex 66.6717 16.4 4.67174
    endloop
  endfacet
  facet normal -0.989145 0 -0.146945
    outer loop
      vertex 66.9454 6.5 4.09311
      vertex 66.9317 10.6 4.18533
      vertex 66.9454 10.6 4.09311
    endloop
  endfacet
  facet normal -0.989145 -0 -0.146945
    outer loop
      vertex 66.9317 10.6 4.18533
      vertex 66.9454 6.5 4.09311
      vertex 66.9317 6.5 4.18533
    endloop
  endfacet
  facet normal -0.989145 0 -0.146945
    outer loop
      vertex 66.9454 16.4 4.09311
      vertex 66.9317 20 4.18533
      vertex 66.9454 20 4.09311
    endloop
  endfacet
  facet normal -0.989145 -0 -0.146945
    outer loop
      vertex 66.9317 20 4.18533
      vertex 66.9454 16.4 4.09311
      vertex 66.9317 16.4 4.18533
    endloop
  endfacet
  facet normal -0.90381 0 -0.427934
    outer loop
      vertex 66.8777 6.5 4.36354
      vertex 66.8378 10.6 4.44781
      vertex 66.8777 10.6 4.36354
    endloop
  endfacet
  facet normal -0.90381 -0 -0.427934
    outer loop
      vertex 66.8378 10.6 4.44781
      vertex 66.8777 6.5 4.36354
      vertex 66.8378 6.5 4.44781
    endloop
  endfacet
  facet normal -0.90381 0 -0.427934
    outer loop
      vertex 66.8777 16.4 4.36354
      vertex 66.8378 20 4.44781
      vertex 66.8777 20 4.36354
    endloop
  endfacet
  facet normal -0.90381 -0 -0.427934
    outer loop
      vertex 66.8378 20 4.44781
      vertex 66.8777 16.4 4.36354
      vertex 66.8378 16.4 4.44781
    endloop
  endfacet
  facet normal 0.803348 0 -0.59551
    outer loop
      vertex 65.2656 6.5 4.60266
      vertex 65.2101 10.6 4.52779
      vertex 65.2656 10.6 4.60266
    endloop
  endfacet
  facet normal 0.803348 0 -0.59551
    outer loop
      vertex 65.2101 10.6 4.52779
      vertex 65.2656 6.5 4.60266
      vertex 65.2101 6.5 4.52779
    endloop
  endfacet
  facet normal 0.803348 0 -0.59551
    outer loop
      vertex 65.2656 16.4 4.60266
      vertex 65.2101 20 4.52779
      vertex 65.2656 20 4.60266
    endloop
  endfacet
  facet normal 0.803348 0 -0.59551
    outer loop
      vertex 65.2101 20 4.52779
      vertex 65.2656 16.4 4.60266
      vertex 65.2101 16.4 4.52779
    endloop
  endfacet
  facet normal 0.337084 0 0.941474
    outer loop
      vertex 65.6365 10.6 3.12231
      vertex 65.7242 6.5 3.09091
      vertex 65.7242 10.6 3.09091
    endloop
  endfacet
  facet normal 0.337084 0 0.941474
    outer loop
      vertex 65.7242 6.5 3.09091
      vertex 65.6365 10.6 3.12231
      vertex 65.6365 6.5 3.12231
    endloop
  endfacet
  facet normal 0.337084 0 0.941474
    outer loop
      vertex 65.6365 20 3.12231
      vertex 65.7242 16.4 3.09091
      vertex 65.7242 20 3.09091
    endloop
  endfacet
  facet normal 0.337084 0 0.941474
    outer loop
      vertex 65.7242 16.4 3.09091
      vertex 65.6365 20 3.12231
      vertex 65.6365 16.4 3.12231
    endloop
  endfacet
  facet normal 0.513865 0 0.857871
    outer loop
      vertex 65.4722 10.6 3.21011
      vertex 65.5522 6.5 3.16219
      vertex 65.5522 10.6 3.16219
    endloop
  endfacet
  facet normal 0.513865 0 0.857871
    outer loop
      vertex 65.5522 6.5 3.16219
      vertex 65.4722 10.6 3.21011
      vertex 65.4722 6.5 3.21011
    endloop
  endfacet
  facet normal 0.513865 0 0.857871
    outer loop
      vertex 65.4722 20 3.21011
      vertex 65.5522 16.4 3.16219
      vertex 65.5522 20 3.16219
    endloop
  endfacet
  facet normal 0.513865 0 0.857871
    outer loop
      vertex 65.5522 16.4 3.16219
      vertex 65.4722 20 3.21011
      vertex 65.4722 16.4 3.21011
    endloop
  endfacet
  facet normal 0.90381 0 -0.427934
    outer loop
      vertex 65.1622 6.5 4.44781
      vertex 65.1223 10.6 4.36354
      vertex 65.1622 10.6 4.44781
    endloop
  endfacet
  facet normal 0.90381 0 -0.427934
    outer loop
      vertex 65.1223 10.6 4.36354
      vertex 65.1622 6.5 4.44781
      vertex 65.1223 6.5 4.36354
    endloop
  endfacet
  facet normal 0.90381 0 -0.427934
    outer loop
      vertex 65.1622 16.4 4.44781
      vertex 65.1223 20 4.36354
      vertex 65.1622 20 4.44781
    endloop
  endfacet
  facet normal 0.90381 0 -0.427934
    outer loop
      vertex 65.1223 20 4.36354
      vertex 65.1622 16.4 4.44781
      vertex 65.1223 16.4 4.36354
    endloop
  endfacet
  facet normal -0.595564 0 0.803308
    outer loop
      vertex 66.5278 10.6 3.21011
      vertex 66.6027 6.5 3.26564
      vertex 66.6027 10.6 3.26564
    endloop
  endfacet
  facet normal -0.595564 0 0.803308
    outer loop
      vertex 66.6027 6.5 3.26564
      vertex 66.5278 10.6 3.21011
      vertex 66.5278 6.5 3.21011
    endloop
  endfacet
  facet normal -0.595564 0 0.803308
    outer loop
      vertex 66.5278 20 3.21011
      vertex 66.6027 16.4 3.26564
      vertex 66.6027 20 3.26564
    endloop
  endfacet
  facet normal -0.595564 0 0.803308
    outer loop
      vertex 66.6027 16.4 3.26564
      vertex 66.5278 20 3.21011
      vertex 66.5278 16.4 3.21011
    endloop
  endfacet
  facet normal -0.989145 0 0.146945
    outer loop
      vertex 66.9317 6.5 3.81467
      vertex 66.9454 10.6 3.90689
      vertex 66.9317 10.6 3.81467
    endloop
  endfacet
  facet normal -0.989145 0 0.146945
    outer loop
      vertex 66.9454 10.6 3.90689
      vertex 66.9317 6.5 3.81467
      vertex 66.9454 6.5 3.90689
    endloop
  endfacet
  facet normal -0.989145 0 0.146945
    outer loop
      vertex 66.9317 16.4 3.81467
      vertex 66.9454 20 3.90689
      vertex 66.9317 20 3.81467
    endloop
  endfacet
  facet normal -0.989145 0 0.146945
    outer loop
      vertex 66.9454 20 3.90689
      vertex 66.9317 16.4 3.81467
      vertex 66.9454 16.4 3.90689
    endloop
  endfacet
  facet normal -0.970161 0 0.24246
    outer loop
      vertex 66.9091 6.5 3.72424
      vertex 66.9317 10.6 3.81467
      vertex 66.9091 10.6 3.72424
    endloop
  endfacet
  facet normal -0.970161 0 0.24246
    outer loop
      vertex 66.9317 10.6 3.81467
      vertex 66.9091 6.5 3.72424
      vertex 66.9317 6.5 3.81467
    endloop
  endfacet
  facet normal -0.970161 0 0.24246
    outer loop
      vertex 66.9091 16.4 3.72424
      vertex 66.9317 20 3.81467
      vertex 66.9091 20 3.72424
    endloop
  endfacet
  facet normal -0.970161 0 0.24246
    outer loop
      vertex 66.9317 20 3.81467
      vertex 66.9091 16.4 3.72424
      vertex 66.9317 16.4 3.81467
    endloop
  endfacet
  facet normal 0.242687 0 0.970105
    outer loop
      vertex 65.7242 10.6 3.09091
      vertex 65.8147 6.5 3.06827
      vertex 65.8147 10.6 3.06827
    endloop
  endfacet
  facet normal 0.242687 0 0.970105
    outer loop
      vertex 65.8147 6.5 3.06827
      vertex 65.7242 10.6 3.09091
      vertex 65.7242 6.5 3.09091
    endloop
  endfacet
  facet normal 0.242687 0 0.970105
    outer loop
      vertex 65.7242 20 3.09091
      vertex 65.8147 16.4 3.06827
      vertex 65.8147 20 3.06827
    endloop
  endfacet
  facet normal 0.242687 0 0.970105
    outer loop
      vertex 65.8147 16.4 3.06827
      vertex 65.7242 20 3.09091
      vertex 65.7242 16.4 3.09091
    endloop
  endfacet
  facet normal 0.941572 -0 0.336812
    outer loop
      vertex 65.0909 6.5 3.72424
      vertex 65.1223 10.6 3.63646
      vertex 65.0909 10.6 3.72424
    endloop
  endfacet
  facet normal 0.941572 0 0.336812
    outer loop
      vertex 65.1223 10.6 3.63646
      vertex 65.0909 6.5 3.72424
      vertex 65.1223 6.5 3.63646
    endloop
  endfacet
  facet normal 0.941572 -0 0.336812
    outer loop
      vertex 65.0909 16.4 3.72424
      vertex 65.1223 20 3.63646
      vertex 65.0909 20 3.72424
    endloop
  endfacet
  facet normal 0.941572 0 0.336812
    outer loop
      vertex 65.1223 20 3.63646
      vertex 65.0909 16.4 3.72424
      vertex 65.1223 16.4 3.63646
    endloop
  endfacet
  facet normal 0 1 0
    outer loop
      vertex 66.6717 6.5 4.67174
      vertex 65.3283 6.5 4.67174
      vertex 66 6.5 5.34349
    endloop
  endfacet
  facet normal 0 1 0
    outer loop
      vertex 66.7344 6.5 4.60266
      vertex 65.3283 6.5 4.67174
      vertex 66.6717 6.5 4.67174
    endloop
  endfacet
  facet normal 0 1 0
    outer loop
      vertex 66.7344 6.5 4.60266
      vertex 65.2656 6.5 4.60266
      vertex 65.3283 6.5 4.67174
    endloop
  endfacet
  facet normal 0 1 0
    outer loop
      vertex 66.7899 6.5 4.52779
      vertex 65.2656 6.5 4.60266
      vertex 66.7344 6.5 4.60266
    endloop
  endfacet
  facet normal 0 1 0
    outer loop
      vertex 66.7899 6.5 4.52779
      vertex 65.2101 6.5 4.52779
      vertex 65.2656 6.5 4.60266
    endloop
  endfacet
  facet normal 0 1 0
    outer loop
      vertex 66.8378 6.5 4.44781
      vertex 65.2101 6.5 4.52779
      vertex 66.7899 6.5 4.52779
    endloop
  endfacet
  facet normal 0 1 0
    outer loop
      vertex 66.8378 6.5 4.44781
      vertex 65.1622 6.5 4.44781
      vertex 65.2101 6.5 4.52779
    endloop
  endfacet
  facet normal 0 1 0
    outer loop
      vertex 66.8777 6.5 4.36354
      vertex 65.1622 6.5 4.44781
      vertex 66.8378 6.5 4.44781
    endloop
  endfacet
  facet normal 0 1 0
    outer loop
      vertex 66.8777 6.5 4.36354
      vertex 65.1223 6.5 4.36354
      vertex 65.1622 6.5 4.44781
    endloop
  endfacet
  facet normal 0 1 0
    outer loop
      vertex 66.9091 6.5 4.27576
      vertex 65.1223 6.5 4.36354
      vertex 66.8777 6.5 4.36354
    endloop
  endfacet
  facet normal 0 1 0
    outer loop
      vertex 66.9091 6.5 4.27576
      vertex 65.0909 6.5 4.27576
      vertex 65.1223 6.5 4.36354
    endloop
  endfacet
  facet normal 0 1 0
    outer loop
      vertex 66.9317 6.5 4.18533
      vertex 65.0909 6.5 4.27576
      vertex 66.9091 6.5 4.27576
    endloop
  endfacet
  facet normal 0 1 0
    outer loop
      vertex 66.9317 6.5 4.18533
      vertex 65.0683 6.5 4.18533
      vertex 65.0909 6.5 4.27576
    endloop
  endfacet
  facet normal 0 1 0
    outer loop
      vertex 66.9454 6.5 4.09311
      vertex 65.0683 6.5 4.18533
      vertex 66.9317 6.5 4.18533
    endloop
  endfacet
  facet normal 0 1 0
    outer loop
      vertex 66.9454 6.5 4.09311
      vertex 65.0546 6.5 4.09311
      vertex 65.0683 6.5 4.18533
    endloop
  endfacet
  facet normal 0 1 0
    outer loop
      vertex 66.95 6.5 4
      vertex 65.0546 6.5 4.09311
      vertex 66.9454 6.5 4.09311
    endloop
  endfacet
  facet normal 0 1 0
    outer loop
      vertex 66.95 6.5 4
      vertex 65.05 6.5 4
      vertex 65.0546 6.5 4.09311
    endloop
  endfacet
  facet normal 0 1 -0
    outer loop
      vertex 66.9454 6.5 3.90689
      vertex 65.05 6.5 4
      vertex 66.95 6.5 4
    endloop
  endfacet
  facet normal 0 1 0
    outer loop
      vertex 66.9454 6.5 3.90689
      vertex 65.0546 6.5 3.90689
      vertex 65.05 6.5 4
    endloop
  endfacet
  facet normal 0 1 -0
    outer loop
      vertex 66.9317 6.5 3.81467
      vertex 65.0546 6.5 3.90689
      vertex 66.9454 6.5 3.90689
    endloop
  endfacet
  facet normal 0 1 0
    outer loop
      vertex 66.9317 6.5 3.81467
      vertex 65.0683 6.5 3.81467
      vertex 65.0546 6.5 3.90689
    endloop
  endfacet
  facet normal 0 1 -0
    outer loop
      vertex 66.9091 6.5 3.72424
      vertex 65.0683 6.5 3.81467
      vertex 66.9317 6.5 3.81467
    endloop
  endfacet
  facet normal 0 1 0
    outer loop
      vertex 66.9091 6.5 3.72424
      vertex 65.0909 6.5 3.72424
      vertex 65.0683 6.5 3.81467
    endloop
  endfacet
  facet normal 0 1 -0
    outer loop
      vertex 66.8777 6.5 3.63646
      vertex 65.0909 6.5 3.72424
      vertex 66.9091 6.5 3.72424
    endloop
  endfacet
  facet normal 0 1 0
    outer loop
      vertex 66.8777 6.5 3.63646
      vertex 65.1223 6.5 3.63646
      vertex 65.0909 6.5 3.72424
    endloop
  endfacet
  facet normal 0 1 -0
    outer loop
      vertex 66.8378 6.5 3.55219
      vertex 65.1223 6.5 3.63646
      vertex 66.8777 6.5 3.63646
    endloop
  endfacet
  facet normal 0 1 0
    outer loop
      vertex 66.8378 6.5 3.55219
      vertex 65.1622 6.5 3.55219
      vertex 65.1223 6.5 3.63646
    endloop
  endfacet
  facet normal 0 1 -0
    outer loop
      vertex 66.7899 6.5 3.47221
      vertex 65.1622 6.5 3.55219
      vertex 66.8378 6.5 3.55219
    endloop
  endfacet
  facet normal 0 1 0
    outer loop
      vertex 66.7899 6.5 3.47221
      vertex 65.2101 6.5 3.47221
      vertex 65.1622 6.5 3.55219
    endloop
  endfacet
  facet normal 0 1 -0
    outer loop
      vertex 66.7344 6.5 3.39734
      vertex 65.2101 6.5 3.47221
      vertex 66.7899 6.5 3.47221
    endloop
  endfacet
  facet normal 0 1 0
    outer loop
      vertex 66.7344 6.5 3.39734
      vertex 65.2656 6.5 3.39734
      vertex 65.2101 6.5 3.47221
    endloop
  endfacet
  facet normal 0 1 -0
    outer loop
      vertex 66.6717 6.5 3.32826
      vertex 65.2656 6.5 3.39734
      vertex 66.7344 6.5 3.39734
    endloop
  endfacet
  facet normal 0 1 0
    outer loop
      vertex 66.6717 6.5 3.32826
      vertex 65.3283 6.5 3.32826
      vertex 65.2656 6.5 3.39734
    endloop
  endfacet
  facet normal 0 1 -0
    outer loop
      vertex 66.6027 6.5 3.26564
      vertex 65.3283 6.5 3.32826
      vertex 66.6717 6.5 3.32826
    endloop
  endfacet
  facet normal 0 1 0
    outer loop
      vertex 66.6027 6.5 3.26564
      vertex 65.3973 6.5 3.26564
      vertex 65.3283 6.5 3.32826
    endloop
  endfacet
  facet normal 0 1 -0
    outer loop
      vertex 66.5278 6.5 3.21011
      vertex 65.3973 6.5 3.26564
      vertex 66.6027 6.5 3.26564
    endloop
  endfacet
  facet normal 0 1 0
    outer loop
      vertex 66.5278 6.5 3.21011
      vertex 65.4722 6.5 3.21011
      vertex 65.3973 6.5 3.26564
    endloop
  endfacet
  facet normal 0 1 -0
    outer loop
      vertex 66.4478 6.5 3.16219
      vertex 65.4722 6.5 3.21011
      vertex 66.5278 6.5 3.21011
    endloop
  endfacet
  facet normal 0 1 0
    outer loop
      vertex 66.4478 6.5 3.16219
      vertex 65.5522 6.5 3.16219
      vertex 65.4722 6.5 3.21011
    endloop
  endfacet
  facet normal 0 1 -0
    outer loop
      vertex 66.3635 6.5 3.12231
      vertex 65.5522 6.5 3.16219
      vertex 66.4478 6.5 3.16219
    endloop
  endfacet
  facet normal 0 1 0
    outer loop
      vertex 66.3635 6.5 3.12231
      vertex 65.6365 6.5 3.12231
      vertex 65.5522 6.5 3.16219
    endloop
  endfacet
  facet normal 0 1 -0
    outer loop
      vertex 66.2758 6.5 3.09091
      vertex 65.6365 6.5 3.12231
      vertex 66.3635 6.5 3.12231
    endloop
  endfacet
  facet normal 0 1 0
    outer loop
      vertex 66.2758 6.5 3.09091
      vertex 65.7242 6.5 3.09091
      vertex 65.6365 6.5 3.12231
    endloop
  endfacet
  facet normal 0 1 -0
    outer loop
      vertex 66.1853 6.5 3.06827
      vertex 65.7242 6.5 3.09091
      vertex 66.2758 6.5 3.09091
    endloop
  endfacet
  facet normal 0 1 0
    outer loop
      vertex 66.1853 6.5 3.06827
      vertex 65.8147 6.5 3.06827
      vertex 65.7242 6.5 3.09091
    endloop
  endfacet
  facet normal 0 1 -0
    outer loop
      vertex 66.0931 6.5 3.05458
      vertex 65.8147 6.5 3.06827
      vertex 66.1853 6.5 3.06827
    endloop
  endfacet
  facet normal 0 1 0
    outer loop
      vertex 66.0931 6.5 3.05458
      vertex 65.9069 6.5 3.05458
      vertex 65.8147 6.5 3.06827
    endloop
  endfacet
  facet normal -0 1 0
    outer loop
      vertex 65.9069 6.5 3.05458
      vertex 66.0931 6.5 3.05458
      vertex 66 6.5 3.05
    endloop
  endfacet
  facet normal -0.970161 0 -0.24246
    outer loop
      vertex 66.9317 6.5 4.18533
      vertex 66.9091 10.6 4.27576
      vertex 66.9317 10.6 4.18533
    endloop
  endfacet
  facet normal -0.970161 -0 -0.24246
    outer loop
      vertex 66.9091 10.6 4.27576
      vertex 66.9317 6.5 4.18533
      vertex 66.9091 6.5 4.27576
    endloop
  endfacet
  facet normal -0.970161 0 -0.24246
    outer loop
      vertex 66.9317 16.4 4.18533
      vertex 66.9091 20 4.27576
      vertex 66.9317 20 4.18533
    endloop
  endfacet
  facet normal -0.970161 -0 -0.24246
    outer loop
      vertex 66.9091 20 4.27576
      vertex 66.9317 16.4 4.18533
      vertex 66.9091 16.4 4.27576
    endloop
  endfacet
  facet normal -0.941572 0 -0.336812
    outer loop
      vertex 66.9091 6.5 4.27576
      vertex 66.8777 10.6 4.36354
      vertex 66.9091 10.6 4.27576
    endloop
  endfacet
  facet normal -0.941572 -0 -0.336812
    outer loop
      vertex 66.8777 10.6 4.36354
      vertex 66.9091 6.5 4.27576
      vertex 66.8777 6.5 4.36354
    endloop
  endfacet
  facet normal -0.941572 0 -0.336812
    outer loop
      vertex 66.9091 16.4 4.27576
      vertex 66.8777 20 4.36354
      vertex 66.9091 20 4.27576
    endloop
  endfacet
  facet normal -0.941572 -0 -0.336812
    outer loop
      vertex 66.8777 20 4.36354
      vertex 66.9091 16.4 4.27576
      vertex 66.8777 16.4 4.36354
    endloop
  endfacet
  facet normal -0.803348 0 -0.59551
    outer loop
      vertex 66.7899 6.5 4.52779
      vertex 66.7344 10.6 4.60266
      vertex 66.7899 10.6 4.52779
    endloop
  endfacet
  facet normal -0.803348 -0 -0.59551
    outer loop
      vertex 66.7344 10.6 4.60266
      vertex 66.7899 6.5 4.52779
      vertex 66.7344 6.5 4.60266
    endloop
  endfacet
  facet normal -0.803348 0 -0.59551
    outer loop
      vertex 66.7899 16.4 4.52779
      vertex 66.7344 20 4.60266
      vertex 66.7899 20 4.52779
    endloop
  endfacet
  facet normal -0.803348 -0 -0.59551
    outer loop
      vertex 66.7344 20 4.60266
      vertex 66.7899 16.4 4.52779
      vertex 66.7344 16.4 4.60266
    endloop
  endfacet
  facet normal -0.857909 0 0.513802
    outer loop
      vertex 66.7899 6.5 3.47221
      vertex 66.8378 10.6 3.55219
      vertex 66.7899 10.6 3.47221
    endloop
  endfacet
  facet normal -0.857909 0 0.513802
    outer loop
      vertex 66.8378 10.6 3.55219
      vertex 66.7899 6.5 3.47221
      vertex 66.8378 6.5 3.55219
    endloop
  endfacet
  facet normal -0.857909 0 0.513802
    outer loop
      vertex 66.7899 16.4 3.47221
      vertex 66.8378 20 3.55219
      vertex 66.7899 20 3.47221
    endloop
  endfacet
  facet normal -0.857909 0 0.513802
    outer loop
      vertex 66.8378 20 3.55219
      vertex 66.7899 16.4 3.47221
      vertex 66.8378 16.4 3.55219
    endloop
  endfacet
  facet normal 0.857909 -0 0.513802
    outer loop
      vertex 65.1622 6.5 3.55219
      vertex 65.2101 10.6 3.47221
      vertex 65.1622 10.6 3.55219
    endloop
  endfacet
  facet normal 0.857909 0 0.513802
    outer loop
      vertex 65.2101 10.6 3.47221
      vertex 65.1622 6.5 3.55219
      vertex 65.2101 6.5 3.47221
    endloop
  endfacet
  facet normal 0.857909 -0 0.513802
    outer loop
      vertex 65.1622 16.4 3.55219
      vertex 65.2101 20 3.47221
      vertex 65.1622 20 3.55219
    endloop
  endfacet
  facet normal 0.857909 0 0.513802
    outer loop
      vertex 65.2101 20 3.47221
      vertex 65.1622 16.4 3.55219
      vertex 65.2101 16.4 3.47221
    endloop
  endfacet
  facet normal 0.989145 0 -0.146945
    outer loop
      vertex 65.0683 6.5 4.18533
      vertex 65.0546 10.6 4.09311
      vertex 65.0683 10.6 4.18533
    endloop
  endfacet
  facet normal 0.989145 0 -0.146945
    outer loop
      vertex 65.0546 10.6 4.09311
      vertex 65.0683 6.5 4.18533
      vertex 65.0546 6.5 4.09311
    endloop
  endfacet
  facet normal 0.989145 0 -0.146945
    outer loop
      vertex 65.0683 16.4 4.18533
      vertex 65.0546 20 4.09311
      vertex 65.0683 20 4.18533
    endloop
  endfacet
  facet normal 0.989145 0 -0.146945
    outer loop
      vertex 65.0546 20 4.09311
      vertex 65.0683 16.4 4.18533
      vertex 65.0546 16.4 4.09311
    endloop
  endfacet
  facet normal 0.970161 0 -0.24246
    outer loop
      vertex 65.0909 6.5 4.27576
      vertex 65.0683 10.6 4.18533
      vertex 65.0909 10.6 4.27576
    endloop
  endfacet
  facet normal 0.970161 0 -0.24246
    outer loop
      vertex 65.0683 10.6 4.18533
      vertex 65.0909 6.5 4.27576
      vertex 65.0683 6.5 4.18533
    endloop
  endfacet
  facet normal 0.970161 0 -0.24246
    outer loop
      vertex 65.0909 16.4 4.27576
      vertex 65.0683 20 4.18533
      vertex 65.0909 20 4.27576
    endloop
  endfacet
  facet normal 0.970161 0 -0.24246
    outer loop
      vertex 65.0683 20 4.18533
      vertex 65.0909 16.4 4.27576
      vertex 65.0683 16.4 4.18533
    endloop
  endfacet
  facet normal 0.146976 0 0.98914
    outer loop
      vertex 41.1147 34 59.0683
      vertex 41.2069 31.5 59.0546
      vertex 41.2069 34 59.0546
    endloop
  endfacet
  facet normal 0.146976 0 0.98914
    outer loop
      vertex 41.2069 31.5 59.0546
      vertex 41.1147 34 59.0683
      vertex 41.1147 31.5 59.0683
    endloop
  endfacet
  facet normal 0.146976 0 0.98914
    outer loop
      vertex 41.1147 28.5 59.0683
      vertex 41.2069 26 59.0546
      vertex 41.2069 28.5 59.0546
    endloop
  endfacet
  facet normal 0.146976 0 0.98914
    outer loop
      vertex 41.2069 26 59.0546
      vertex 41.1147 28.5 59.0683
      vertex 41.1147 26 59.0683
    endloop
  endfacet
  facet normal 0.998782 0 -0.049349
    outer loop
      vertex 40.3546 31.5 60.0931
      vertex 40.35 34 60
      vertex 40.3546 34 60.0931
    endloop
  endfacet
  facet normal 0.998782 0 -0.049349
    outer loop
      vertex 40.35 34 60
      vertex 40.3546 31.5 60.0931
      vertex 40.35 31.5 60
    endloop
  endfacet
  facet normal 0.998782 0 -0.049349
    outer loop
      vertex 40.3546 26 60.0931
      vertex 40.35 28.5 60
      vertex 40.3546 28.5 60.0931
    endloop
  endfacet
  facet normal 0.998782 0 -0.049349
    outer loop
      vertex 40.35 28.5 60
      vertex 40.3546 26 60.0931
      vertex 40.35 26 60
    endloop
  endfacet
  facet normal -0.242283 0 0.970206
    outer loop
      vertex 41.4853 34 59.0683
      vertex 41.5758 31.5 59.0909
      vertex 41.5758 34 59.0909
    endloop
  endfacet
  facet normal -0.242283 0 0.970206
    outer loop
      vertex 41.5758 31.5 59.0909
      vertex 41.4853 34 59.0683
      vertex 41.4853 31.5 59.0683
    endloop
  endfacet
  facet normal -0.242283 0 0.970206
    outer loop
      vertex 41.4853 28.5 59.0683
      vertex 41.5758 26 59.0909
      vertex 41.5758 28.5 59.0909
    endloop
  endfacet
  facet normal -0.242283 0 0.970206
    outer loop
      vertex 41.5758 26 59.0909
      vertex 41.4853 28.5 59.0683
      vertex 41.4853 26 59.0683
    endloop
  endfacet
  facet normal -0.049349 0 0.998782
    outer loop
      vertex 41.3 34 59.05
      vertex 41.3931 31.5 59.0546
      vertex 41.3931 34 59.0546
    endloop
  endfacet
  facet normal -0.049349 0 0.998782
    outer loop
      vertex 41.3931 31.5 59.0546
      vertex 41.3 34 59.05
      vertex 41.3 31.5 59.05
    endloop
  endfacet
  facet normal -0.049349 0 0.998782
    outer loop
      vertex 41.3 28.5 59.05
      vertex 41.3931 26 59.0546
      vertex 41.3931 28.5 59.0546
    endloop
  endfacet
  facet normal -0.049349 0 0.998782
    outer loop
      vertex 41.3931 26 59.0546
      vertex 41.3 28.5 59.05
      vertex 41.3 26 59.05
    endloop
  endfacet
  facet normal 0.42781 0 0.903869
    outer loop
      vertex 40.8522 34 59.1622
      vertex 40.9365 31.5 59.1223
      vertex 40.9365 34 59.1223
    endloop
  endfacet
  facet normal 0.42781 0 0.903869
    outer loop
      vertex 40.9365 31.5 59.1223
      vertex 40.8522 34 59.1622
      vertex 40.8522 31.5 59.1622
    endloop
  endfacet
  facet normal 0.42781 0 0.903869
    outer loop
      vertex 40.8522 28.5 59.1622
      vertex 40.9365 26 59.1223
      vertex 40.9365 28.5 59.1223
    endloop
  endfacet
  facet normal 0.42781 0 0.903869
    outer loop
      vertex 40.9365 26 59.1223
      vertex 40.8522 28.5 59.1622
      vertex 40.8522 26 59.1622
    endloop
  endfacet
  facet normal 0.970206 -0 0.242283
    outer loop
      vertex 40.3683 31.5 59.8147
      vertex 40.3909 34 59.7242
      vertex 40.3683 34 59.8147
    endloop
  endfacet
  facet normal 0.970206 0 0.242283
    outer loop
      vertex 40.3909 34 59.7242
      vertex 40.3683 31.5 59.8147
      vertex 40.3909 31.5 59.7242
    endloop
  endfacet
  facet normal 0.970206 -0 0.242283
    outer loop
      vertex 40.3683 26 59.8147
      vertex 40.3909 28.5 59.7242
      vertex 40.3683 28.5 59.8147
    endloop
  endfacet
  facet normal 0.970206 0 0.242283
    outer loop
      vertex 40.3909 28.5 59.7242
      vertex 40.3683 26 59.8147
      vertex 40.3909 26 59.7242
    endloop
  endfacet
  facet normal 0.707159 0 -0.707054
    outer loop
      vertex 41.3 31.5 61.3435
      vertex 40.6283 34 60.6717
      vertex 41.3 34 61.3435
    endloop
  endfacet
  facet normal 0.707159 0 -0.707054
    outer loop
      vertex 40.6283 34 60.6717
      vertex 41.3 31.5 61.3435
      vertex 40.6283 31.5 60.6717
    endloop
  endfacet
  facet normal 0.707159 0 -0.707054
    outer loop
      vertex 41.3 26 61.3435
      vertex 40.6283 28.5 60.6717
      vertex 41.3 28.5 61.3435
    endloop
  endfacet
  facet normal 0.707159 0 -0.707054
    outer loop
      vertex 40.6283 28.5 60.6717
      vertex 41.3 26 61.3435
      vertex 40.6283 26 60.6717
    endloop
  endfacet
  facet normal 0.049349 0 0.998782
    outer loop
      vertex 41.2069 34 59.0546
      vertex 41.3 31.5 59.05
      vertex 41.3 34 59.05
    endloop
  endfacet
  facet normal 0.049349 0 0.998782
    outer loop
      vertex 41.3 31.5 59.05
      vertex 41.2069 34 59.0546
      vertex 41.2069 31.5 59.0546
    endloop
  endfacet
  facet normal 0.049349 0 0.998782
    outer loop
      vertex 41.2069 28.5 59.0546
      vertex 41.3 26 59.05
      vertex 41.3 28.5 59.05
    endloop
  endfacet
  facet normal 0.049349 0 0.998782
    outer loop
      vertex 41.3 26 59.05
      vertex 41.2069 28.5 59.0546
      vertex 41.2069 26 59.0546
    endloop
  endfacet
  facet normal 0.857966 0 -0.513707
    outer loop
      vertex 40.5101 31.5 60.5278
      vertex 40.4622 34 60.4478
      vertex 40.5101 34 60.5278
    endloop
  endfacet
  facet normal 0.857966 0 -0.513707
    outer loop
      vertex 40.4622 34 60.4478
      vertex 40.5101 31.5 60.5278
      vertex 40.4622 31.5 60.4478
    endloop
  endfacet
  facet normal 0.857966 0 -0.513707
    outer loop
      vertex 40.5101 26 60.5278
      vertex 40.4622 28.5 60.4478
      vertex 40.5101 28.5 60.5278
    endloop
  endfacet
  facet normal 0.857966 0 -0.513707
    outer loop
      vertex 40.4622 28.5 60.4478
      vertex 40.5101 26 60.5278
      vertex 40.4622 26 60.4478
    endloop
  endfacet
  facet normal -0.513707 0 0.857966
    outer loop
      vertex 41.7478 34 59.1622
      vertex 41.8278 31.5 59.2101
      vertex 41.8278 34 59.2101
    endloop
  endfacet
  facet normal -0.513707 0 0.857966
    outer loop
      vertex 41.8278 31.5 59.2101
      vertex 41.7478 34 59.1622
      vertex 41.7478 31.5 59.1622
    endloop
  endfacet
  facet normal -0.513707 0 0.857966
    outer loop
      vertex 41.7478 28.5 59.1622
      vertex 41.8278 26 59.2101
      vertex 41.8278 28.5 59.2101
    endloop
  endfacet
  facet normal -0.513707 0 0.857966
    outer loop
      vertex 41.8278 26 59.2101
      vertex 41.7478 28.5 59.1622
      vertex 41.7478 26 59.1622
    endloop
  endfacet
  facet normal 0.998782 -0 0.049349
    outer loop
      vertex 40.35 31.5 60
      vertex 40.3546 34 59.9069
      vertex 40.35 34 60
    endloop
  endfacet
  facet normal 0.998782 0 0.049349
    outer loop
      vertex 40.3546 34 59.9069
      vertex 40.35 31.5 60
      vertex 40.3546 31.5 59.9069
    endloop
  endfacet
  facet normal 0.998782 -0 0.049349
    outer loop
      vertex 40.35 26 60
      vertex 40.3546 28.5 59.9069
      vertex 40.35 28.5 60
    endloop
  endfacet
  facet normal 0.998782 0 0.049349
    outer loop
      vertex 40.3546 28.5 59.9069
      vertex 40.35 26 60
      vertex 40.3546 26 59.9069
    endloop
  endfacet
  facet normal 0.941474 0 -0.337084
    outer loop
      vertex 40.4223 31.5 60.3635
      vertex 40.3909 34 60.2758
      vertex 40.4223 34 60.3635
    endloop
  endfacet
  facet normal 0.941474 0 -0.337084
    outer loop
      vertex 40.3909 34 60.2758
      vertex 40.4223 31.5 60.3635
      vertex 40.3909 31.5 60.2758
    endloop
  endfacet
  facet normal 0.941474 0 -0.337084
    outer loop
      vertex 40.4223 26 60.3635
      vertex 40.3909 28.5 60.2758
      vertex 40.4223 28.5 60.3635
    endloop
  endfacet
  facet normal 0.941474 0 -0.337084
    outer loop
      vertex 40.3909 28.5 60.2758
      vertex 40.4223 26 60.3635
      vertex 40.3909 26 60.2758
    endloop
  endfacet
  facet normal -0.941474 0 0.337084
    outer loop
      vertex 42.1777 31.5 59.6365
      vertex 42.2091 34 59.7242
      vertex 42.1777 34 59.6365
    endloop
  endfacet
  facet normal -0.941474 0 0.337084
    outer loop
      vertex 42.2091 34 59.7242
      vertex 42.1777 31.5 59.6365
      vertex 42.2091 31.5 59.7242
    endloop
  endfacet
  facet normal -0.941474 0 0.337084
    outer loop
      vertex 42.1777 26 59.6365
      vertex 42.2091 28.5 59.7242
      vertex 42.1777 28.5 59.6365
    endloop
  endfacet
  facet normal -0.941474 0 0.337084
    outer loop
      vertex 42.2091 28.5 59.7242
      vertex 42.1777 26 59.6365
      vertex 42.2091 26 59.7242
    endloop
  endfacet
  facet normal 0.903869 -0 0.42781
    outer loop
      vertex 40.4223 31.5 59.6365
      vertex 40.4622 34 59.5522
      vertex 40.4223 34 59.6365
    endloop
  endfacet
  facet normal 0.903869 0 0.42781
    outer loop
      vertex 40.4622 34 59.5522
      vertex 40.4223 31.5 59.6365
      vertex 40.4622 31.5 59.5522
    endloop
  endfacet
  facet normal 0.903869 -0 0.42781
    outer loop
      vertex 40.4223 26 59.6365
      vertex 40.4622 28.5 59.5522
      vertex 40.4223 28.5 59.6365
    endloop
  endfacet
  facet normal 0.903869 0 0.42781
    outer loop
      vertex 40.4622 28.5 59.5522
      vertex 40.4223 26 59.6365
      vertex 40.4622 26 59.5522
    endloop
  endfacet
  facet normal -0.740086 0 0.672513
    outer loop
      vertex 41.9717 31.5 59.3283
      vertex 42.0344 34 59.3973
      vertex 41.9717 34 59.3283
    endloop
  endfacet
  facet normal -0.740086 0 0.672513
    outer loop
      vertex 42.0344 34 59.3973
      vertex 41.9717 31.5 59.3283
      vertex 42.0344 31.5 59.3973
    endloop
  endfacet
  facet normal -0.740086 0 0.672513
    outer loop
      vertex 41.9717 26 59.3283
      vertex 42.0344 28.5 59.3973
      vertex 41.9717 28.5 59.3283
    endloop
  endfacet
  facet normal -0.740086 0 0.672513
    outer loop
      vertex 42.0344 28.5 59.3973
      vertex 41.9717 26 59.3283
      vertex 42.0344 26 59.3973
    endloop
  endfacet
  facet normal -0.857966 0 -0.513707
    outer loop
      vertex 42.1378 31.5 60.4478
      vertex 42.0899 34 60.5278
      vertex 42.1378 34 60.4478
    endloop
  endfacet
  facet normal -0.857966 -0 -0.513707
    outer loop
      vertex 42.0899 34 60.5278
      vertex 42.1378 31.5 60.4478
      vertex 42.0899 31.5 60.5278
    endloop
  endfacet
  facet normal -0.857966 0 -0.513707
    outer loop
      vertex 42.1378 26 60.4478
      vertex 42.0899 28.5 60.5278
      vertex 42.1378 28.5 60.4478
    endloop
  endfacet
  facet normal -0.857966 -0 -0.513707
    outer loop
      vertex 42.0899 28.5 60.5278
      vertex 42.1378 26 60.4478
      vertex 42.0899 26 60.5278
    endloop
  endfacet
  facet normal -0.337084 0 0.941474
    outer loop
      vertex 41.5758 34 59.0909
      vertex 41.6635 31.5 59.1223
      vertex 41.6635 34 59.1223
    endloop
  endfacet
  facet normal -0.337084 0 0.941474
    outer loop
      vertex 41.6635 31.5 59.1223
      vertex 41.5758 34 59.0909
      vertex 41.5758 31.5 59.0909
    endloop
  endfacet
  facet normal -0.337084 0 0.941474
    outer loop
      vertex 41.5758 28.5 59.0909
      vertex 41.6635 26 59.1223
      vertex 41.6635 28.5 59.1223
    endloop
  endfacet
  facet normal -0.337084 0 0.941474
    outer loop
      vertex 41.6635 26 59.1223
      vertex 41.5758 28.5 59.0909
      vertex 41.5758 26 59.0909
    endloop
  endfacet
  facet normal -0.803462 0 0.595356
    outer loop
      vertex 42.0344 31.5 59.3973
      vertex 42.0899 34 59.4722
      vertex 42.0344 34 59.3973
    endloop
  endfacet
  facet normal -0.803462 0 0.595356
    outer loop
      vertex 42.0899 34 59.4722
      vertex 42.0344 31.5 59.3973
      vertex 42.0899 31.5 59.4722
    endloop
  endfacet
  facet normal -0.803462 0 0.595356
    outer loop
      vertex 42.0344 26 59.3973
      vertex 42.0899 28.5 59.4722
      vertex 42.0344 28.5 59.3973
    endloop
  endfacet
  facet normal -0.803462 0 0.595356
    outer loop
      vertex 42.0899 28.5 59.4722
      vertex 42.0344 26 59.3973
      vertex 42.0899 26 59.4722
    endloop
  endfacet
  facet normal 0.595356 0 0.803462
    outer loop
      vertex 40.6973 34 59.2656
      vertex 40.7722 31.5 59.2101
      vertex 40.7722 34 59.2101
    endloop
  endfacet
  facet normal 0.595356 0 0.803462
    outer loop
      vertex 40.7722 31.5 59.2101
      vertex 40.6973 34 59.2656
      vertex 40.6973 31.5 59.2656
    endloop
  endfacet
  facet normal 0.595356 0 0.803462
    outer loop
      vertex 40.6973 28.5 59.2656
      vertex 40.7722 26 59.2101
      vertex 40.7722 28.5 59.2101
    endloop
  endfacet
  facet normal 0.595356 0 0.803462
    outer loop
      vertex 40.7722 26 59.2101
      vertex 40.6973 28.5 59.2656
      vertex 40.6973 26 59.2656
    endloop
  endfacet
  facet normal -0.998782 0 0.049349
    outer loop
      vertex 42.2454 31.5 59.9069
      vertex 42.25 34 60
      vertex 42.2454 34 59.9069
    endloop
  endfacet
  facet normal -0.998782 0 0.049349
    outer loop
      vertex 42.25 34 60
      vertex 42.2454 31.5 59.9069
      vertex 42.25 31.5 60
    endloop
  endfacet
  facet normal -0.998782 0 0.049349
    outer loop
      vertex 42.2454 26 59.9069
      vertex 42.25 28.5 60
      vertex 42.2454 28.5 59.9069
    endloop
  endfacet
  facet normal -0.998782 0 0.049349
    outer loop
      vertex 42.25 28.5 60
      vertex 42.2454 26 59.9069
      vertex 42.25 26 60
    endloop
  endfacet
  facet normal 0.740086 0 -0.672513
    outer loop
      vertex 40.6283 31.5 60.6717
      vertex 40.5656 34 60.6027
      vertex 40.6283 34 60.6717
    endloop
  endfacet
  facet normal 0.740086 0 -0.672513
    outer loop
      vertex 40.5656 34 60.6027
      vertex 40.6283 31.5 60.6717
      vertex 40.5656 31.5 60.6027
    endloop
  endfacet
  facet normal 0.740086 0 -0.672513
    outer loop
      vertex 40.6283 26 60.6717
      vertex 40.5656 28.5 60.6027
      vertex 40.6283 28.5 60.6717
    endloop
  endfacet
  facet normal 0.740086 0 -0.672513
    outer loop
      vertex 40.5656 28.5 60.6027
      vertex 40.6283 26 60.6717
      vertex 40.5656 26 60.6027
    endloop
  endfacet
  facet normal -0.903869 0 0.42781
    outer loop
      vertex 42.1378 31.5 59.5522
      vertex 42.1777 34 59.6365
      vertex 42.1378 34 59.5522
    endloop
  endfacet
  facet normal -0.903869 0 0.42781
    outer loop
      vertex 42.1777 34 59.6365
      vertex 42.1378 31.5 59.5522
      vertex 42.1777 31.5 59.6365
    endloop
  endfacet
  facet normal -0.903869 0 0.42781
    outer loop
      vertex 42.1378 26 59.5522
      vertex 42.1777 28.5 59.6365
      vertex 42.1378 28.5 59.5522
    endloop
  endfacet
  facet normal -0.903869 0 0.42781
    outer loop
      vertex 42.1777 28.5 59.6365
      vertex 42.1378 26 59.5522
      vertex 42.1777 26 59.6365
    endloop
  endfacet
  facet normal -0.998782 0 -0.049349
    outer loop
      vertex 42.25 31.5 60
      vertex 42.2454 34 60.0931
      vertex 42.25 34 60
    endloop
  endfacet
  facet normal -0.998782 -0 -0.049349
    outer loop
      vertex 42.2454 34 60.0931
      vertex 42.25 31.5 60
      vertex 42.2454 31.5 60.0931
    endloop
  endfacet
  facet normal -0.998782 0 -0.049349
    outer loop
      vertex 42.25 26 60
      vertex 42.2454 28.5 60.0931
      vertex 42.25 28.5 60
    endloop
  endfacet
  facet normal -0.998782 -0 -0.049349
    outer loop
      vertex 42.2454 28.5 60.0931
      vertex 42.25 26 60
      vertex 42.2454 26 60.0931
    endloop
  endfacet
  facet normal -0.146976 0 0.98914
    outer loop
      vertex 41.3931 34 59.0546
      vertex 41.4853 31.5 59.0683
      vertex 41.4853 34 59.0683
    endloop
  endfacet
  facet normal -0.146976 0 0.98914
    outer loop
      vertex 41.4853 31.5 59.0683
      vertex 41.3931 34 59.0546
      vertex 41.3931 31.5 59.0546
    endloop
  endfacet
  facet normal -0.146976 0 0.98914
    outer loop
      vertex 41.3931 28.5 59.0546
      vertex 41.4853 26 59.0683
      vertex 41.4853 28.5 59.0683
    endloop
  endfacet
  facet normal -0.146976 0 0.98914
    outer loop
      vertex 41.4853 26 59.0683
      vertex 41.3931 28.5 59.0546
      vertex 41.3931 26 59.0546
    endloop
  endfacet
  facet normal 0.740086 -0 0.672513
    outer loop
      vertex 40.5656 31.5 59.3973
      vertex 40.6283 34 59.3283
      vertex 40.5656 34 59.3973
    endloop
  endfacet
  facet normal 0.740086 0 0.672513
    outer loop
      vertex 40.6283 34 59.3283
      vertex 40.5656 31.5 59.3973
      vertex 40.6283 31.5 59.3283
    endloop
  endfacet
  facet normal 0.740086 -0 0.672513
    outer loop
      vertex 40.5656 26 59.3973
      vertex 40.6283 28.5 59.3283
      vertex 40.5656 28.5 59.3973
    endloop
  endfacet
  facet normal 0.740086 0 0.672513
    outer loop
      vertex 40.6283 28.5 59.3283
      vertex 40.5656 26 59.3973
      vertex 40.6283 26 59.3283
    endloop
  endfacet
  facet normal 0.672513 0 0.740086
    outer loop
      vertex 40.6283 34 59.3283
      vertex 40.6973 31.5 59.2656
      vertex 40.6973 34 59.2656
    endloop
  endfacet
  facet normal 0.672513 0 0.740086
    outer loop
      vertex 40.6973 31.5 59.2656
      vertex 40.6283 34 59.3283
      vertex 40.6283 31.5 59.3283
    endloop
  endfacet
  facet normal 0.672513 0 0.740086
    outer loop
      vertex 40.6283 28.5 59.3283
      vertex 40.6973 26 59.2656
      vertex 40.6973 28.5 59.2656
    endloop
  endfacet
  facet normal 0.672513 0 0.740086
    outer loop
      vertex 40.6973 26 59.2656
      vertex 40.6283 28.5 59.3283
      vertex 40.6283 26 59.3283
    endloop
  endfacet
  facet normal 0.98914 -0 0.146976
    outer loop
      vertex 40.3546 31.5 59.9069
      vertex 40.3683 34 59.8147
      vertex 40.3546 34 59.9069
    endloop
  endfacet
  facet normal 0.98914 0 0.146976
    outer loop
      vertex 40.3683 34 59.8147
      vertex 40.3546 31.5 59.9069
      vertex 40.3683 31.5 59.8147
    endloop
  endfacet
  facet normal 0.98914 -0 0.146976
    outer loop
      vertex 40.3546 26 59.9069
      vertex 40.3683 28.5 59.8147
      vertex 40.3546 28.5 59.9069
    endloop
  endfacet
  facet normal 0.98914 0 0.146976
    outer loop
      vertex 40.3683 28.5 59.8147
      vertex 40.3546 26 59.9069
      vertex 40.3683 26 59.8147
    endloop
  endfacet
  facet normal 0.803462 -0 0.595356
    outer loop
      vertex 40.5101 31.5 59.4722
      vertex 40.5656 34 59.3973
      vertex 40.5101 34 59.4722
    endloop
  endfacet
  facet normal 0.803462 0 0.595356
    outer loop
      vertex 40.5656 34 59.3973
      vertex 40.5101 31.5 59.4722
      vertex 40.5656 31.5 59.3973
    endloop
  endfacet
  facet normal 0.803462 -0 0.595356
    outer loop
      vertex 40.5101 26 59.4722
      vertex 40.5656 28.5 59.3973
      vertex 40.5101 28.5 59.4722
    endloop
  endfacet
  facet normal 0.803462 0 0.595356
    outer loop
      vertex 40.5656 28.5 59.3973
      vertex 40.5101 26 59.4722
      vertex 40.5656 26 59.3973
    endloop
  endfacet
  facet normal -0.672513 0 0.740086
    outer loop
      vertex 41.9027 34 59.2656
      vertex 41.9717 31.5 59.3283
      vertex 41.9717 34 59.3283
    endloop
  endfacet
  facet normal -0.672513 0 0.740086
    outer loop
      vertex 41.9717 31.5 59.3283
      vertex 41.9027 34 59.2656
      vertex 41.9027 31.5 59.2656
    endloop
  endfacet
  facet normal -0.672513 0 0.740086
    outer loop
      vertex 41.9027 28.5 59.2656
      vertex 41.9717 26 59.3283
      vertex 41.9717 28.5 59.3283
    endloop
  endfacet
  facet normal -0.672513 0 0.740086
    outer loop
      vertex 41.9717 26 59.3283
      vertex 41.9027 28.5 59.2656
      vertex 41.9027 26 59.2656
    endloop
  endfacet
  facet normal -0.42781 0 0.903869
    outer loop
      vertex 41.6635 34 59.1223
      vertex 41.7478 31.5 59.1622
      vertex 41.7478 34 59.1622
    endloop
  endfacet
  facet normal -0.42781 0 0.903869
    outer loop
      vertex 41.7478 31.5 59.1622
      vertex 41.6635 34 59.1223
      vertex 41.6635 31.5 59.1223
    endloop
  endfacet
  facet normal -0.42781 0 0.903869
    outer loop
      vertex 41.6635 28.5 59.1223
      vertex 41.7478 26 59.1622
      vertex 41.7478 28.5 59.1622
    endloop
  endfacet
  facet normal -0.42781 0 0.903869
    outer loop
      vertex 41.7478 26 59.1622
      vertex 41.6635 28.5 59.1223
      vertex 41.6635 26 59.1223
    endloop
  endfacet
  facet normal -0.707159 0 -0.707054
    outer loop
      vertex 41.9717 31.5 60.6717
      vertex 41.3 34 61.3435
      vertex 41.9717 34 60.6717
    endloop
  endfacet
  facet normal -0.707159 -0 -0.707054
    outer loop
      vertex 41.3 34 61.3435
      vertex 41.9717 31.5 60.6717
      vertex 41.3 31.5 61.3435
    endloop
  endfacet
  facet normal -0.707159 0 -0.707054
    outer loop
      vertex 41.9717 26 60.6717
      vertex 41.3 28.5 61.3435
      vertex 41.9717 28.5 60.6717
    endloop
  endfacet
  facet normal -0.707159 -0 -0.707054
    outer loop
      vertex 41.3 28.5 61.3435
      vertex 41.9717 26 60.6717
      vertex 41.3 26 61.3435
    endloop
  endfacet
  facet normal -0.740086 0 -0.672513
    outer loop
      vertex 42.0344 31.5 60.6027
      vertex 41.9717 34 60.6717
      vertex 42.0344 34 60.6027
    endloop
  endfacet
  facet normal -0.740086 -0 -0.672513
    outer loop
      vertex 41.9717 34 60.6717
      vertex 42.0344 31.5 60.6027
      vertex 41.9717 31.5 60.6717
    endloop
  endfacet
  facet normal -0.740086 0 -0.672513
    outer loop
      vertex 42.0344 26 60.6027
      vertex 41.9717 28.5 60.6717
      vertex 42.0344 28.5 60.6027
    endloop
  endfacet
  facet normal -0.740086 -0 -0.672513
    outer loop
      vertex 41.9717 28.5 60.6717
      vertex 42.0344 26 60.6027
      vertex 41.9717 26 60.6717
    endloop
  endfacet
  facet normal -0.98914 0 -0.146976
    outer loop
      vertex 42.2454 31.5 60.0931
      vertex 42.2317 34 60.1853
      vertex 42.2454 34 60.0931
    endloop
  endfacet
  facet normal -0.98914 -0 -0.146976
    outer loop
      vertex 42.2317 34 60.1853
      vertex 42.2454 31.5 60.0931
      vertex 42.2317 31.5 60.1853
    endloop
  endfacet
  facet normal -0.98914 0 -0.146976
    outer loop
      vertex 42.2454 26 60.0931
      vertex 42.2317 28.5 60.1853
      vertex 42.2454 28.5 60.0931
    endloop
  endfacet
  facet normal -0.98914 -0 -0.146976
    outer loop
      vertex 42.2317 28.5 60.1853
      vertex 42.2454 26 60.0931
      vertex 42.2317 26 60.1853
    endloop
  endfacet
  facet normal -0.903869 0 -0.42781
    outer loop
      vertex 42.1777 31.5 60.3635
      vertex 42.1378 34 60.4478
      vertex 42.1777 34 60.3635
    endloop
  endfacet
  facet normal -0.903869 -0 -0.42781
    outer loop
      vertex 42.1378 34 60.4478
      vertex 42.1777 31.5 60.3635
      vertex 42.1378 31.5 60.4478
    endloop
  endfacet
  facet normal -0.903869 0 -0.42781
    outer loop
      vertex 42.1777 26 60.3635
      vertex 42.1378 28.5 60.4478
      vertex 42.1777 28.5 60.3635
    endloop
  endfacet
  facet normal -0.903869 -0 -0.42781
    outer loop
      vertex 42.1378 28.5 60.4478
      vertex 42.1777 26 60.3635
      vertex 42.1378 26 60.4478
    endloop
  endfacet
  facet normal 0.803462 0 -0.595356
    outer loop
      vertex 40.5656 31.5 60.6027
      vertex 40.5101 34 60.5278
      vertex 40.5656 34 60.6027
    endloop
  endfacet
  facet normal 0.803462 0 -0.595356
    outer loop
      vertex 40.5101 34 60.5278
      vertex 40.5656 31.5 60.6027
      vertex 40.5101 31.5 60.5278
    endloop
  endfacet
  facet normal 0.803462 0 -0.595356
    outer loop
      vertex 40.5656 26 60.6027
      vertex 40.5101 28.5 60.5278
      vertex 40.5656 28.5 60.6027
    endloop
  endfacet
  facet normal 0.803462 0 -0.595356
    outer loop
      vertex 40.5101 28.5 60.5278
      vertex 40.5656 26 60.6027
      vertex 40.5101 26 60.5278
    endloop
  endfacet
  facet normal 0.337084 0 0.941474
    outer loop
      vertex 40.9365 34 59.1223
      vertex 41.0242 31.5 59.0909
      vertex 41.0242 34 59.0909
    endloop
  endfacet
  facet normal 0.337084 0 0.941474
    outer loop
      vertex 41.0242 31.5 59.0909
      vertex 40.9365 34 59.1223
      vertex 40.9365 31.5 59.1223
    endloop
  endfacet
  facet normal 0.337084 0 0.941474
    outer loop
      vertex 40.9365 28.5 59.1223
      vertex 41.0242 26 59.0909
      vertex 41.0242 28.5 59.0909
    endloop
  endfacet
  facet normal 0.337084 0 0.941474
    outer loop
      vertex 41.0242 26 59.0909
      vertex 40.9365 28.5 59.1223
      vertex 40.9365 26 59.1223
    endloop
  endfacet
  facet normal 0.513707 0 0.857966
    outer loop
      vertex 40.7722 34 59.2101
      vertex 40.8522 31.5 59.1622
      vertex 40.8522 34 59.1622
    endloop
  endfacet
  facet normal 0.513707 0 0.857966
    outer loop
      vertex 40.8522 31.5 59.1622
      vertex 40.7722 34 59.2101
      vertex 40.7722 31.5 59.2101
    endloop
  endfacet
  facet normal 0.513707 0 0.857966
    outer loop
      vertex 40.7722 28.5 59.2101
      vertex 40.8522 26 59.1622
      vertex 40.8522 28.5 59.1622
    endloop
  endfacet
  facet normal 0.513707 0 0.857966
    outer loop
      vertex 40.8522 26 59.1622
      vertex 40.7722 28.5 59.2101
      vertex 40.7722 26 59.2101
    endloop
  endfacet
  facet normal 0.903869 0 -0.42781
    outer loop
      vertex 40.4622 31.5 60.4478
      vertex 40.4223 34 60.3635
      vertex 40.4622 34 60.4478
    endloop
  endfacet
  facet normal 0.903869 0 -0.42781
    outer loop
      vertex 40.4223 34 60.3635
      vertex 40.4622 31.5 60.4478
      vertex 40.4223 31.5 60.3635
    endloop
  endfacet
  facet normal 0.903869 0 -0.42781
    outer loop
      vertex 40.4622 26 60.4478
      vertex 40.4223 28.5 60.3635
      vertex 40.4622 28.5 60.4478
    endloop
  endfacet
  facet normal 0.903869 0 -0.42781
    outer loop
      vertex 40.4223 28.5 60.3635
      vertex 40.4622 26 60.4478
      vertex 40.4223 26 60.3635
    endloop
  endfacet
  facet normal -0.595356 0 0.803462
    outer loop
      vertex 41.8278 34 59.2101
      vertex 41.9027 31.5 59.2656
      vertex 41.9027 34 59.2656
    endloop
  endfacet
  facet normal -0.595356 0 0.803462
    outer loop
      vertex 41.9027 31.5 59.2656
      vertex 41.8278 34 59.2101
      vertex 41.8278 31.5 59.2101
    endloop
  endfacet
  facet normal -0.595356 0 0.803462
    outer loop
      vertex 41.8278 28.5 59.2101
      vertex 41.9027 26 59.2656
      vertex 41.9027 28.5 59.2656
    endloop
  endfacet
  facet normal -0.595356 0 0.803462
    outer loop
      vertex 41.9027 26 59.2656
      vertex 41.8278 28.5 59.2101
      vertex 41.8278 26 59.2101
    endloop
  endfacet
  facet normal -0.98914 0 0.146976
    outer loop
      vertex 42.2317 31.5 59.8147
      vertex 42.2454 34 59.9069
      vertex 42.2317 34 59.8147
    endloop
  endfacet
  facet normal -0.98914 0 0.146976
    outer loop
      vertex 42.2454 34 59.9069
      vertex 42.2317 31.5 59.8147
      vertex 42.2454 31.5 59.9069
    endloop
  endfacet
  facet normal -0.98914 0 0.146976
    outer loop
      vertex 42.2317 26 59.8147
      vertex 42.2454 28.5 59.9069
      vertex 42.2317 28.5 59.8147
    endloop
  endfacet
  facet normal -0.98914 0 0.146976
    outer loop
      vertex 42.2454 28.5 59.9069
      vertex 42.2317 26 59.8147
      vertex 42.2454 26 59.9069
    endloop
  endfacet
  facet normal -0.970206 0 0.242283
    outer loop
      vertex 42.2091 31.5 59.7242
      vertex 42.2317 34 59.8147
      vertex 42.2091 34 59.7242
    endloop
  endfacet
  facet normal -0.970206 0 0.242283
    outer loop
      vertex 42.2317 34 59.8147
      vertex 42.2091 31.5 59.7242
      vertex 42.2317 31.5 59.8147
    endloop
  endfacet
  facet normal -0.970206 0 0.242283
    outer loop
      vertex 42.2091 26 59.7242
      vertex 42.2317 28.5 59.8147
      vertex 42.2091 28.5 59.7242
    endloop
  endfacet
  facet normal -0.970206 0 0.242283
    outer loop
      vertex 42.2317 28.5 59.8147
      vertex 42.2091 26 59.7242
      vertex 42.2317 26 59.8147
    endloop
  endfacet
  facet normal 0.242283 0 0.970206
    outer loop
      vertex 41.0242 34 59.0909
      vertex 41.1147 31.5 59.0683
      vertex 41.1147 34 59.0683
    endloop
  endfacet
  facet normal 0.242283 0 0.970206
    outer loop
      vertex 41.1147 31.5 59.0683
      vertex 41.0242 34 59.0909
      vertex 41.0242 31.5 59.0909
    endloop
  endfacet
  facet normal 0.242283 0 0.970206
    outer loop
      vertex 41.0242 28.5 59.0909
      vertex 41.1147 26 59.0683
      vertex 41.1147 28.5 59.0683
    endloop
  endfacet
  facet normal 0.242283 0 0.970206
    outer loop
      vertex 41.1147 26 59.0683
      vertex 41.0242 28.5 59.0909
      vertex 41.0242 26 59.0909
    endloop
  endfacet
  facet normal 0.941474 -0 0.337084
    outer loop
      vertex 40.3909 31.5 59.7242
      vertex 40.4223 34 59.6365
      vertex 40.3909 34 59.7242
    endloop
  endfacet
  facet normal 0.941474 0 0.337084
    outer loop
      vertex 40.4223 34 59.6365
      vertex 40.3909 31.5 59.7242
      vertex 40.4223 31.5 59.6365
    endloop
  endfacet
  facet normal 0.941474 -0 0.337084
    outer loop
      vertex 40.3909 26 59.7242
      vertex 40.4223 28.5 59.6365
      vertex 40.3909 28.5 59.7242
    endloop
  endfacet
  facet normal 0.941474 0 0.337084
    outer loop
      vertex 40.4223 28.5 59.6365
      vertex 40.3909 26 59.7242
      vertex 40.4223 26 59.6365
    endloop
  endfacet
  facet normal -0.970206 0 -0.242283
    outer loop
      vertex 42.2317 31.5 60.1853
      vertex 42.2091 34 60.2758
      vertex 42.2317 34 60.1853
    endloop
  endfacet
  facet normal -0.970206 -0 -0.242283
    outer loop
      vertex 42.2091 34 60.2758
      vertex 42.2317 31.5 60.1853
      vertex 42.2091 31.5 60.2758
    endloop
  endfacet
  facet normal -0.970206 0 -0.242283
    outer loop
      vertex 42.2317 26 60.1853
      vertex 42.2091 28.5 60.2758
      vertex 42.2317 28.5 60.1853
    endloop
  endfacet
  facet normal -0.970206 -0 -0.242283
    outer loop
      vertex 42.2091 28.5 60.2758
      vertex 42.2317 26 60.1853
      vertex 42.2091 26 60.2758
    endloop
  endfacet
  facet normal -0.941474 0 -0.337084
    outer loop
      vertex 42.2091 31.5 60.2758
      vertex 42.1777 34 60.3635
      vertex 42.2091 34 60.2758
    endloop
  endfacet
  facet normal -0.941474 -0 -0.337084
    outer loop
      vertex 42.1777 34 60.3635
      vertex 42.2091 31.5 60.2758
      vertex 42.1777 31.5 60.3635
    endloop
  endfacet
  facet normal -0.941474 0 -0.337084
    outer loop
      vertex 42.2091 26 60.2758
      vertex 42.1777 28.5 60.3635
      vertex 42.2091 28.5 60.2758
    endloop
  endfacet
  facet normal -0.941474 -0 -0.337084
    outer loop
      vertex 42.1777 28.5 60.3635
      vertex 42.2091 26 60.2758
      vertex 42.1777 26 60.3635
    endloop
  endfacet
  facet normal -0.803462 0 -0.595356
    outer loop
      vertex 42.0899 31.5 60.5278
      vertex 42.0344 34 60.6027
      vertex 42.0899 34 60.5278
    endloop
  endfacet
  facet normal -0.803462 -0 -0.595356
    outer loop
      vertex 42.0344 34 60.6027
      vertex 42.0899 31.5 60.5278
      vertex 42.0344 31.5 60.6027
    endloop
  endfacet
  facet normal -0.803462 0 -0.595356
    outer loop
      vertex 42.0899 26 60.5278
      vertex 42.0344 28.5 60.6027
      vertex 42.0899 28.5 60.5278
    endloop
  endfacet
  facet normal -0.803462 -0 -0.595356
    outer loop
      vertex 42.0344 28.5 60.6027
      vertex 42.0899 26 60.5278
      vertex 42.0344 26 60.6027
    endloop
  endfacet
  facet normal -0.857966 0 0.513707
    outer loop
      vertex 42.0899 31.5 59.4722
      vertex 42.1378 34 59.5522
      vertex 42.0899 34 59.4722
    endloop
  endfacet
  facet normal -0.857966 0 0.513707
    outer loop
      vertex 42.1378 34 59.5522
      vertex 42.0899 31.5 59.4722
      vertex 42.1378 31.5 59.5522
    endloop
  endfacet
  facet normal -0.857966 0 0.513707
    outer loop
      vertex 42.0899 26 59.4722
      vertex 42.1378 28.5 59.5522
      vertex 42.0899 28.5 59.4722
    endloop
  endfacet
  facet normal -0.857966 0 0.513707
    outer loop
      vertex 42.1378 28.5 59.5522
      vertex 42.0899 26 59.4722
      vertex 42.1378 26 59.5522
    endloop
  endfacet
  facet normal 0.857966 -0 0.513707
    outer loop
      vertex 40.4622 31.5 59.5522
      vertex 40.5101 34 59.4722
      vertex 40.4622 34 59.5522
    endloop
  endfacet
  facet normal 0.857966 0 0.513707
    outer loop
      vertex 40.5101 34 59.4722
      vertex 40.4622 31.5 59.5522
      vertex 40.5101 31.5 59.4722
    endloop
  endfacet
  facet normal 0.857966 -0 0.513707
    outer loop
      vertex 40.4622 26 59.5522
      vertex 40.5101 28.5 59.4722
      vertex 40.4622 28.5 59.5522
    endloop
  endfacet
  facet normal 0.857966 0 0.513707
    outer loop
      vertex 40.5101 28.5 59.4722
      vertex 40.4622 26 59.5522
      vertex 40.5101 26 59.4722
    endloop
  endfacet
  facet normal 0.98914 0 -0.146976
    outer loop
      vertex 40.3683 31.5 60.1853
      vertex 40.3546 34 60.0931
      vertex 40.3683 34 60.1853
    endloop
  endfacet
  facet normal 0.98914 0 -0.146976
    outer loop
      vertex 40.3546 34 60.0931
      vertex 40.3683 31.5 60.1853
      vertex 40.3546 31.5 60.0931
    endloop
  endfacet
  facet normal 0.98914 0 -0.146976
    outer loop
      vertex 40.3683 26 60.1853
      vertex 40.3546 28.5 60.0931
      vertex 40.3683 28.5 60.1853
    endloop
  endfacet
  facet normal 0.98914 0 -0.146976
    outer loop
      vertex 40.3546 28.5 60.0931
      vertex 40.3683 26 60.1853
      vertex 40.3546 26 60.0931
    endloop
  endfacet
  facet normal 0.970206 0 -0.242283
    outer loop
      vertex 40.3909 31.5 60.2758
      vertex 40.3683 34 60.1853
      vertex 40.3909 34 60.2758
    endloop
  endfacet
  facet normal 0.970206 0 -0.242283
    outer loop
      vertex 40.3683 34 60.1853
      vertex 40.3909 31.5 60.2758
      vertex 40.3683 31.5 60.1853
    endloop
  endfacet
  facet normal 0.970206 0 -0.242283
    outer loop
      vertex 40.3909 26 60.2758
      vertex 40.3683 28.5 60.1853
      vertex 40.3909 28.5 60.2758
    endloop
  endfacet
  facet normal 0.970206 0 -0.242283
    outer loop
      vertex 40.3683 28.5 60.1853
      vertex 40.3909 26 60.2758
      vertex 40.3683 26 60.1853
    endloop
  endfacet
endsolid OpenSCAD_Model
