solid OpenSCAD_Model
  facet normal 1 -0 0
    outer loop
      vertex 6 0 2
      vertex 6 9 -7.62939e-07
      vertex 6 9 2
    endloop
  endfacet
  facet normal 1 0 0
    outer loop
      vertex 6 -9 -7.62939e-07
      vertex 6 0 2
      vertex 6 -9 2
    endloop
  endfacet
  facet normal 1 0 0
    outer loop
      vertex 6 0 2
      vertex 6 -9 -7.62939e-07
      vertex 6 9 -7.62939e-07
    endloop
  endfacet
  facet normal 0 0 1
    outer loop
      vertex 6 9 2
      vertex 5.97111 0.588102 2
      vertex 6 0 2
    endloop
  endfacet
  facet normal 0 0 1
    outer loop
      vertex 6 9 2
      vertex 5.88471 1.17054 2
      vertex 5.97111 0.588102 2
    endloop
  endfacet
  facet normal 0 0 1
    outer loop
      vertex 6 9 2
      vertex 5.74164 1.74171 2
      vertex 5.88471 1.17054 2
    endloop
  endfacet
  facet normal 0 0 1
    outer loop
      vertex 6 9 2
      vertex 5.54328 2.2961 2
      vertex 5.74164 1.74171 2
    endloop
  endfacet
  facet normal 0 0 1
    outer loop
      vertex 6 9 2
      vertex 5.29153 2.82838 2
      vertex 5.54328 2.2961 2
    endloop
  endfacet
  facet normal 0 0 1
    outer loop
      vertex 6 9 2
      vertex 4.98882 3.33342 2
      vertex 5.29153 2.82838 2
    endloop
  endfacet
  facet normal 0 0 1
    outer loop
      vertex 6 9 2
      vertex 4.63806 3.80636 2
      vertex 4.98882 3.33342 2
    endloop
  endfacet
  facet normal 0 0 1
    outer loop
      vertex 6 9 2
      vertex 4.24264 4.24264 2
      vertex 4.63806 3.80636 2
    endloop
  endfacet
  facet normal 0 0 1
    outer loop
      vertex 6 9 2
      vertex 3.80636 4.63806 2
      vertex 4.24264 4.24264 2
    endloop
  endfacet
  facet normal 0 0 1
    outer loop
      vertex 6 9 2
      vertex 3.33342 4.98882 2
      vertex 3.80636 4.63806 2
    endloop
  endfacet
  facet normal 0 0 1
    outer loop
      vertex 6 9 2
      vertex 2.82838 5.29153 2
      vertex 3.33342 4.98882 2
    endloop
  endfacet
  facet normal 0 0 1
    outer loop
      vertex 6 9 2
      vertex 2.2961 5.54328 2
      vertex 2.82838 5.29153 2
    endloop
  endfacet
  facet normal 0 0 1
    outer loop
      vertex 6 9 2
      vertex 1.74171 5.74164 2
      vertex 2.2961 5.54328 2
    endloop
  endfacet
  facet normal 0 0 1
    outer loop
      vertex 6 9 2
      vertex 1.17054 5.88471 2
      vertex 1.74171 5.74164 2
    endloop
  endfacet
  facet normal 0 0 1
    outer loop
      vertex 6 9 2
      vertex 0.588102 5.97111 2
      vertex 1.17054 5.88471 2
    endloop
  endfacet
  facet normal 0 0 1
    outer loop
      vertex 6 9 2
      vertex 0 6 2
      vertex 0.588102 5.97111 2
    endloop
  endfacet
  facet normal -0 0 1
    outer loop
      vertex -6 9 2
      vertex 0 6 2
      vertex 6 9 2
    endloop
  endfacet
  facet normal 0 0 1
    outer loop
      vertex 0 6 2
      vertex -6 9 2
      vertex -0.588102 5.97111 2
    endloop
  endfacet
  facet normal 0 0 1
    outer loop
      vertex -0.588102 5.97111 2
      vertex -6 9 2
      vertex -1.17054 5.88471 2
    endloop
  endfacet
  facet normal 0 0 1
    outer loop
      vertex -1.17054 5.88471 2
      vertex -6 9 2
      vertex -1.74171 5.74164 2
    endloop
  endfacet
  facet normal 0 0 1
    outer loop
      vertex -1.74171 5.74164 2
      vertex -6 9 2
      vertex -2.2961 5.54328 2
    endloop
  endfacet
  facet normal 0 0 1
    outer loop
      vertex -6 9 2
      vertex -2.82838 5.29153 2
      vertex -2.2961 5.54328 2
    endloop
  endfacet
  facet normal 0 0 1
    outer loop
      vertex -6 9 2
      vertex -3.33342 4.98882 2
      vertex -2.82838 5.29153 2
    endloop
  endfacet
  facet normal 0 0 1
    outer loop
      vertex -6 9 2
      vertex -3.80636 4.63806 2
      vertex -3.33342 4.98882 2
    endloop
  endfacet
  facet normal 0 0 1
    outer loop
      vertex -6 9 2
      vertex -4.24264 4.24264 2
      vertex -3.80636 4.63806 2
    endloop
  endfacet
  facet normal 0 0 1
    outer loop
      vertex -6 9 2
      vertex -4.63806 3.80636 2
      vertex -4.24264 4.24264 2
    endloop
  endfacet
  facet normal 0 0 1
    outer loop
      vertex -6 9 2
      vertex -4.98882 3.33342 2
      vertex -4.63806 3.80636 2
    endloop
  endfacet
  facet normal 0 0 1
    outer loop
      vertex -6 9 2
      vertex -5.29153 2.82838 2
      vertex -4.98882 3.33342 2
    endloop
  endfacet
  facet normal 0 0 1
    outer loop
      vertex -6 9 2
      vertex -5.54328 2.2961 2
      vertex -5.29153 2.82838 2
    endloop
  endfacet
  facet normal 0 0 1
    outer loop
      vertex -6 9 2
      vertex -5.74164 1.74171 2
      vertex -5.54328 2.2961 2
    endloop
  endfacet
  facet normal 0 0 1
    outer loop
      vertex -6 9 2
      vertex -5.88471 1.17054 2
      vertex -5.74164 1.74171 2
    endloop
  endfacet
  facet normal 0 0 1
    outer loop
      vertex -6 9 2
      vertex -5.97111 0.588102 2
      vertex -5.88471 1.17054 2
    endloop
  endfacet
  facet normal 0 0 1
    outer loop
      vertex -5.97111 0.588102 2
      vertex -6 9 2
      vertex -6 0 2
    endloop
  endfacet
  facet normal -0 0 1
    outer loop
      vertex 5.97111 -0.588102 2
      vertex 6 -9 2
      vertex 6 0 2
    endloop
  endfacet
  facet normal -0 0 1
    outer loop
      vertex 5.88471 -1.17054 2
      vertex 6 -9 2
      vertex 5.97111 -0.588102 2
    endloop
  endfacet
  facet normal -0 0 1
    outer loop
      vertex 5.74164 -1.74171 2
      vertex 6 -9 2
      vertex 5.88471 -1.17054 2
    endloop
  endfacet
  facet normal -0 0 1
    outer loop
      vertex 5.54328 -2.2961 2
      vertex 6 -9 2
      vertex 5.74164 -1.74171 2
    endloop
  endfacet
  facet normal -0 0 1
    outer loop
      vertex 5.29153 -2.82838 2
      vertex 6 -9 2
      vertex 5.54328 -2.2961 2
    endloop
  endfacet
  facet normal -0 0 1
    outer loop
      vertex 4.98882 -3.33342 2
      vertex 6 -9 2
      vertex 5.29153 -2.82838 2
    endloop
  endfacet
  facet normal -0 0 1
    outer loop
      vertex 4.63806 -3.80636 2
      vertex 6 -9 2
      vertex 4.98882 -3.33342 2
    endloop
  endfacet
  facet normal -0 0 1
    outer loop
      vertex 4.24264 -4.24264 2
      vertex 6 -9 2
      vertex 4.63806 -3.80636 2
    endloop
  endfacet
  facet normal -0 0 1
    outer loop
      vertex 3.80636 -4.63806 2
      vertex 6 -9 2
      vertex 4.24264 -4.24264 2
    endloop
  endfacet
  facet normal -0 0 1
    outer loop
      vertex 3.33342 -4.98882 2
      vertex 6 -9 2
      vertex 3.80636 -4.63806 2
    endloop
  endfacet
  facet normal -0 0 1
    outer loop
      vertex 2.82838 -5.29153 2
      vertex 6 -9 2
      vertex 3.33342 -4.98882 2
    endloop
  endfacet
  facet normal -0 0 1
    outer loop
      vertex 2.2961 -5.54328 2
      vertex 6 -9 2
      vertex 2.82838 -5.29153 2
    endloop
  endfacet
  facet normal -0 0 1
    outer loop
      vertex 1.74171 -5.74164 2
      vertex 6 -9 2
      vertex 2.2961 -5.54328 2
    endloop
  endfacet
  facet normal -0 0 1
    outer loop
      vertex 1.17054 -5.88471 2
      vertex 6 -9 2
      vertex 1.74171 -5.74164 2
    endloop
  endfacet
  facet normal -0 0 1
    outer loop
      vertex 0.588102 -5.97111 2
      vertex 6 -9 2
      vertex 1.17054 -5.88471 2
    endloop
  endfacet
  facet normal -0 0 1
    outer loop
      vertex 0 -6 2
      vertex 6 -9 2
      vertex 0.588102 -5.97111 2
    endloop
  endfacet
  facet normal 0 0 1
    outer loop
      vertex -6 -9 2
      vertex 0 -6 2
      vertex -0.588102 -5.97111 2
    endloop
  endfacet
  facet normal 0 0 1
    outer loop
      vertex -6 -9 2
      vertex -0.588102 -5.97111 2
      vertex -1.17054 -5.88471 2
    endloop
  endfacet
  facet normal 0 0 1
    outer loop
      vertex -6 -9 2
      vertex -1.17054 -5.88471 2
      vertex -1.74171 -5.74164 2
    endloop
  endfacet
  facet normal 0 0 1
    outer loop
      vertex -6 -9 2
      vertex -1.74171 -5.74164 2
      vertex -2.2961 -5.54328 2
    endloop
  endfacet
  facet normal 0 0 1
    outer loop
      vertex 0 -6 2
      vertex -6 -9 2
      vertex 6 -9 2
    endloop
  endfacet
  facet normal 0 0 1
    outer loop
      vertex -2.82838 -5.29153 2
      vertex -6 -9 2
      vertex -2.2961 -5.54328 2
    endloop
  endfacet
  facet normal 0 0 1
    outer loop
      vertex -3.33342 -4.98882 2
      vertex -6 -9 2
      vertex -2.82838 -5.29153 2
    endloop
  endfacet
  facet normal 0 0 1
    outer loop
      vertex -3.80636 -4.63806 2
      vertex -6 -9 2
      vertex -3.33342 -4.98882 2
    endloop
  endfacet
  facet normal 0 0 1
    outer loop
      vertex -4.24264 -4.24264 2
      vertex -6 -9 2
      vertex -3.80636 -4.63806 2
    endloop
  endfacet
  facet normal 0 0 1
    outer loop
      vertex -4.63806 -3.80636 2
      vertex -6 -9 2
      vertex -4.24264 -4.24264 2
    endloop
  endfacet
  facet normal 0 0 1
    outer loop
      vertex -4.98882 -3.33342 2
      vertex -6 -9 2
      vertex -4.63806 -3.80636 2
    endloop
  endfacet
  facet normal 0 0 1
    outer loop
      vertex -5.29153 -2.82838 2
      vertex -6 -9 2
      vertex -4.98882 -3.33342 2
    endloop
  endfacet
  facet normal 0 0 1
    outer loop
      vertex -5.54328 -2.2961 2
      vertex -6 -9 2
      vertex -5.29153 -2.82838 2
    endloop
  endfacet
  facet normal 0 0 1
    outer loop
      vertex -5.74164 -1.74171 2
      vertex -6 -9 2
      vertex -5.54328 -2.2961 2
    endloop
  endfacet
  facet normal 0 0 1
    outer loop
      vertex -5.88471 -1.17054 2
      vertex -6 -9 2
      vertex -5.74164 -1.74171 2
    endloop
  endfacet
  facet normal 0 0 1
    outer loop
      vertex -5.97111 -0.588102 2
      vertex -6 -9 2
      vertex -5.88471 -1.17054 2
    endloop
  endfacet
  facet normal 0 0 1
    outer loop
      vertex -6 -9 2
      vertex -5.97111 -0.588102 2
      vertex -6 0 2
    endloop
  endfacet
  facet normal 0 0 -1
    outer loop
      vertex -6 -9 -7.62939e-07
      vertex 6 9 -7.62939e-07
      vertex 6 -9 -7.62939e-07
    endloop
  endfacet
  facet normal -0 0 -1
    outer loop
      vertex 6 9 -7.62939e-07
      vertex -6 -9 -7.62939e-07
      vertex -6 9 -7.62939e-07
    endloop
  endfacet
  facet normal -1 0 0
    outer loop
      vertex -6 9 -7.62939e-07
      vertex -6 0 2
      vertex -6 9 2
    endloop
  endfacet
  facet normal -1 0 0
    outer loop
      vertex -6 -9 -7.62939e-07
      vertex -6 0 2
      vertex -6 9 -7.62939e-07
    endloop
  endfacet
  facet normal -1 -0 0
    outer loop
      vertex -6 0 2
      vertex -6 -9 -7.62939e-07
      vertex -6 -9 2
    endloop
  endfacet
  facet normal 0 1 -0
    outer loop
      vertex 6 9 -7.62939e-07
      vertex -6 9 2
      vertex 6 9 2
    endloop
  endfacet
  facet normal 0 1 0
    outer loop
      vertex -6 9 2
      vertex 6 9 -7.62939e-07
      vertex -6 9 -7.62939e-07
    endloop
  endfacet
  facet normal 0 -1 0
    outer loop
      vertex -6 -9 -7.62939e-07
      vertex 6 -9 2
      vertex -6 -9 2
    endloop
  endfacet
  facet normal 0 -1 -0
    outer loop
      vertex 6 -9 2
      vertex -6 -9 -7.62939e-07
      vertex 6 -9 -7.62939e-07
    endloop
  endfacet
  facet normal 0.146736 0.989176 -0
    outer loop
      vertex 1.17054 5.88471 4.6
      vertex 0.588102 5.97111 8.6
      vertex 1.17054 5.88471 8.6
    endloop
  endfacet
  facet normal 0.146736 0.989176 0
    outer loop
      vertex 0.588102 5.97111 8.6
      vertex 1.17054 5.88471 4.6
      vertex 0.588102 5.97111 4.6
    endloop
  endfacet
  facet normal 0.146736 0.989176 -0
    outer loop
      vertex 1.17054 5.88471 2
      vertex 0.588102 5.97111 2.2
      vertex 1.17054 5.88471 2.2
    endloop
  endfacet
  facet normal 0.146736 0.989176 0
    outer loop
      vertex 0.588102 5.97111 2.2
      vertex 1.17054 5.88471 2
      vertex 0.588102 5.97111 2
    endloop
  endfacet
  facet normal 0.989176 0.146736 0
    outer loop
      vertex 5.97111 0.588102 8.6
      vertex 5.88471 1.17054 4.6
      vertex 5.88471 1.17054 8.6
    endloop
  endfacet
  facet normal 0.989176 0.146736 0
    outer loop
      vertex 5.88471 1.17054 4.6
      vertex 5.97111 0.588102 8.6
      vertex 5.97111 0.588102 4.6
    endloop
  endfacet
  facet normal 0.989176 0.146736 0
    outer loop
      vertex 5.97111 0.588102 2.2
      vertex 5.88471 1.17054 2
      vertex 5.88471 1.17054 2.2
    endloop
  endfacet
  facet normal 0.989176 0.146736 0
    outer loop
      vertex 5.88471 1.17054 2
      vertex 5.97111 0.588102 2.2
      vertex 5.97111 0.588102 2
    endloop
  endfacet
  facet normal 0.998796 0.049065 0
    outer loop
      vertex 6 0 8.6
      vertex 5.97111 0.588102 4.6
      vertex 5.97111 0.588102 8.6
    endloop
  endfacet
  facet normal 0.998796 0.049065 0
    outer loop
      vertex 5.97111 0.588102 4.6
      vertex 6 0 8.6
      vertex 6 0 4.6
    endloop
  endfacet
  facet normal 0.998796 0.049065 0
    outer loop
      vertex 6 0 2.2
      vertex 5.97111 0.588102 2
      vertex 5.97111 0.588102 2.2
    endloop
  endfacet
  facet normal 0.998796 0.049065 0
    outer loop
      vertex 5.97111 0.588102 2
      vertex 6 0 2.2
      vertex 6 0 2
    endloop
  endfacet
  facet normal 0.970032 0.242979 0
    outer loop
      vertex 5.88471 1.17054 8.6
      vertex 5.74164 1.74171 4.6
      vertex 5.74164 1.74171 8.6
    endloop
  endfacet
  facet normal 0.970032 0.242979 0
    outer loop
      vertex 5.74164 1.74171 4.6
      vertex 5.88471 1.17054 8.6
      vertex 5.88471 1.17054 4.6
    endloop
  endfacet
  facet normal 0.970032 0.242979 0
    outer loop
      vertex 5.88471 1.17054 2.2
      vertex 5.74164 1.74171 2
      vertex 5.74164 1.74171 2.2
    endloop
  endfacet
  facet normal 0.970032 0.242979 0
    outer loop
      vertex 5.74164 1.74171 2
      vertex 5.88471 1.17054 2.2
      vertex 5.88471 1.17054 2
    endloop
  endfacet
  facet normal 0.336884 -0.941546 0
    outer loop
      vertex 1.74171 -5.74164 4.6
      vertex 2.2961 -5.54328 8.6
      vertex 1.74171 -5.74164 8.6
    endloop
  endfacet
  facet normal 0.336884 -0.941546 0
    outer loop
      vertex 2.2961 -5.54328 8.6
      vertex 1.74171 -5.74164 4.6
      vertex 2.2961 -5.54328 4.6
    endloop
  endfacet
  facet normal 0.336884 -0.941546 0
    outer loop
      vertex 1.74171 -5.74164 2
      vertex 2.2961 -5.54328 2.2
      vertex 1.74171 -5.74164 2.2
    endloop
  endfacet
  facet normal 0.336884 -0.941546 0
    outer loop
      vertex 2.2961 -5.54328 2.2
      vertex 1.74171 -5.74164 2
      vertex 2.2961 -5.54328 2
    endloop
  endfacet
  facet normal 0.903989 -0.427556 0
    outer loop
      vertex 5.29153 -2.82838 8.6
      vertex 5.54328 -2.2961 4.6
      vertex 5.54328 -2.2961 8.6
    endloop
  endfacet
  facet normal 0.903989 -0.427556 0
    outer loop
      vertex 5.54328 -2.2961 4.6
      vertex 5.29153 -2.82838 8.6
      vertex 5.29153 -2.82838 4.6
    endloop
  endfacet
  facet normal 0.903989 -0.427556 0
    outer loop
      vertex 5.29153 -2.82838 2.2
      vertex 5.54328 -2.2961 2
      vertex 5.54328 -2.2961 2.2
    endloop
  endfacet
  facet normal 0.903989 -0.427556 0
    outer loop
      vertex 5.54328 -2.2961 2
      vertex 5.29153 -2.82838 2.2
      vertex 5.29153 -2.82838 2
    endloop
  endfacet
  facet normal 0.671558 0.740952 -0
    outer loop
      vertex 4.24264 4.24264 4.6
      vertex 3.80636 4.63806 8.6
      vertex 4.24264 4.24264 8.6
    endloop
  endfacet
  facet normal 0.671558 0.740952 0
    outer loop
      vertex 3.80636 4.63806 8.6
      vertex 4.24264 4.24264 4.6
      vertex 3.80636 4.63806 4.6
    endloop
  endfacet
  facet normal 0.671558 0.740952 -0
    outer loop
      vertex 4.24264 4.24264 2
      vertex 3.80636 4.63806 2.2
      vertex 4.24264 4.24264 2.2
    endloop
  endfacet
  facet normal 0.671558 0.740952 0
    outer loop
      vertex 3.80636 4.63806 2.2
      vertex 4.24264 4.24264 2
      vertex 3.80636 4.63806 2
    endloop
  endfacet
  facet normal -0.740952 0.671558 0
    outer loop
      vertex -4.63806 3.80636 4.6
      vertex -4.24264 4.24264 8.6
      vertex -4.24264 4.24264 4.6
    endloop
  endfacet
  facet normal -0.740952 0.671558 0
    outer loop
      vertex -4.24264 4.24264 8.6
      vertex -4.63806 3.80636 4.6
      vertex -4.63806 3.80636 8.6
    endloop
  endfacet
  facet normal -0.740952 0.671558 0
    outer loop
      vertex -4.63806 3.80636 2
      vertex -4.24264 4.24264 2.2
      vertex -4.24264 4.24264 2
    endloop
  endfacet
  facet normal -0.740952 0.671558 0
    outer loop
      vertex -4.24264 4.24264 2.2
      vertex -4.63806 3.80636 2
      vertex -4.63806 3.80636 2.2
    endloop
  endfacet
  facet normal -0.146736 -0.989176 0
    outer loop
      vertex -1.17054 -5.88471 4.6
      vertex -0.588102 -5.97111 8.6
      vertex -1.17054 -5.88471 8.6
    endloop
  endfacet
  facet normal -0.146736 -0.989176 -0
    outer loop
      vertex -0.588102 -5.97111 8.6
      vertex -1.17054 -5.88471 4.6
      vertex -0.588102 -5.97111 4.6
    endloop
  endfacet
  facet normal -0.146736 -0.989176 0
    outer loop
      vertex -1.17054 -5.88471 2
      vertex -0.588102 -5.97111 2.2
      vertex -1.17054 -5.88471 2.2
    endloop
  endfacet
  facet normal -0.146736 -0.989176 -0
    outer loop
      vertex -0.588102 -5.97111 2.2
      vertex -1.17054 -5.88471 2
      vertex -0.588102 -5.97111 2
    endloop
  endfacet
  facet normal 0.941546 0.336884 0
    outer loop
      vertex 5.74164 1.74171 8.6
      vertex 5.54328 2.2961 4.6
      vertex 5.54328 2.2961 8.6
    endloop
  endfacet
  facet normal 0.941546 0.336884 0
    outer loop
      vertex 5.54328 2.2961 4.6
      vertex 5.74164 1.74171 8.6
      vertex 5.74164 1.74171 4.6
    endloop
  endfacet
  facet normal 0.941546 0.336884 0
    outer loop
      vertex 5.74164 1.74171 2.2
      vertex 5.54328 2.2961 2
      vertex 5.54328 2.2961 2.2
    endloop
  endfacet
  facet normal 0.941546 0.336884 0
    outer loop
      vertex 5.54328 2.2961 2
      vertex 5.74164 1.74171 2.2
      vertex 5.74164 1.74171 2
    endloop
  endfacet
  facet normal -0.049065 0.998796 0
    outer loop
      vertex 0 6 4.6
      vertex -0.588102 5.97111 8.6
      vertex 0 6 8.6
    endloop
  endfacet
  facet normal -0.049065 0.998796 0
    outer loop
      vertex -0.588102 5.97111 8.6
      vertex 0 6 4.6
      vertex -0.588102 5.97111 4.6
    endloop
  endfacet
  facet normal -0.049065 0.998796 0
    outer loop
      vertex 0 6 2
      vertex -0.588102 5.97111 2.2
      vertex 0 6 2.2
    endloop
  endfacet
  facet normal -0.049065 0.998796 0
    outer loop
      vertex -0.588102 5.97111 2.2
      vertex 0 6 2
      vertex -0.588102 5.97111 2
    endloop
  endfacet
  facet normal 0.803204 0.595703 0
    outer loop
      vertex 4.98882 3.33342 8.6
      vertex 4.63806 3.80636 4.6
      vertex 4.63806 3.80636 8.6
    endloop
  endfacet
  facet normal 0.803204 0.595703 0
    outer loop
      vertex 4.63806 3.80636 4.6
      vertex 4.98882 3.33342 8.6
      vertex 4.98882 3.33342 4.6
    endloop
  endfacet
  facet normal 0.803204 0.595703 0
    outer loop
      vertex 4.98882 3.33342 2.2
      vertex 4.63806 3.80636 2
      vertex 4.63806 3.80636 2.2
    endloop
  endfacet
  facet normal 0.803204 0.595703 0
    outer loop
      vertex 4.63806 3.80636 2
      vertex 4.98882 3.33342 2.2
      vertex 4.98882 3.33342 2
    endloop
  endfacet
  facet normal 0.049065 -0.998796 0
    outer loop
      vertex 0 -6 4.6
      vertex 0.588102 -5.97111 8.6
      vertex 0 -6 8.6
    endloop
  endfacet
  facet normal 0.049065 -0.998796 0
    outer loop
      vertex 0.588102 -5.97111 8.6
      vertex 0 -6 4.6
      vertex 0.588102 -5.97111 4.6
    endloop
  endfacet
  facet normal 0.049065 -0.998796 0
    outer loop
      vertex 0 -6 2
      vertex 0.588102 -5.97111 2.2
      vertex 0 -6 2.2
    endloop
  endfacet
  facet normal 0.049065 -0.998796 0
    outer loop
      vertex 0.588102 -5.97111 2.2
      vertex 0 -6 2
      vertex 0.588102 -5.97111 2
    endloop
  endfacet
  facet normal 0.049065 0.998796 -0
    outer loop
      vertex 0.588102 5.97111 4.6
      vertex 0 6 8.6
      vertex 0.588102 5.97111 8.6
    endloop
  endfacet
  facet normal 0.049065 0.998796 0
    outer loop
      vertex 0 6 8.6
      vertex 0.588102 5.97111 4.6
      vertex 0 6 4.6
    endloop
  endfacet
  facet normal 0.049065 0.998796 -0
    outer loop
      vertex 0.588102 5.97111 2
      vertex 0 6 2.2
      vertex 0.588102 5.97111 2.2
    endloop
  endfacet
  facet normal 0.049065 0.998796 0
    outer loop
      vertex 0 6 2.2
      vertex 0.588102 5.97111 2
      vertex 0 6 2
    endloop
  endfacet
  facet normal 0.857728 -0.514104 0
    outer loop
      vertex 4.98882 -3.33342 8.6
      vertex 5.29153 -2.82838 4.6
      vertex 5.29153 -2.82838 8.6
    endloop
  endfacet
  facet normal 0.857728 -0.514104 0
    outer loop
      vertex 5.29153 -2.82838 4.6
      vertex 4.98882 -3.33342 8.6
      vertex 4.98882 -3.33342 4.6
    endloop
  endfacet
  facet normal 0.857728 -0.514104 0
    outer loop
      vertex 4.98882 -3.33342 2.2
      vertex 5.29153 -2.82838 2
      vertex 5.29153 -2.82838 2.2
    endloop
  endfacet
  facet normal 0.857728 -0.514104 0
    outer loop
      vertex 5.29153 -2.82838 2
      vertex 4.98882 -3.33342 2.2
      vertex 4.98882 -3.33342 2
    endloop
  endfacet
  facet normal -0.595703 -0.803204 0
    outer loop
      vertex -3.80636 -4.63806 4.6
      vertex -3.33342 -4.98882 8.6
      vertex -3.80636 -4.63806 8.6
    endloop
  endfacet
  facet normal -0.595703 -0.803204 -0
    outer loop
      vertex -3.33342 -4.98882 8.6
      vertex -3.80636 -4.63806 4.6
      vertex -3.33342 -4.98882 4.6
    endloop
  endfacet
  facet normal -0.595703 -0.803204 0
    outer loop
      vertex -3.80636 -4.63806 2
      vertex -3.33342 -4.98882 2.2
      vertex -3.80636 -4.63806 2.2
    endloop
  endfacet
  facet normal -0.595703 -0.803204 -0
    outer loop
      vertex -3.33342 -4.98882 2.2
      vertex -3.80636 -4.63806 2
      vertex -3.33342 -4.98882 2
    endloop
  endfacet
  facet normal -0.857728 0.514104 0
    outer loop
      vertex -5.29153 2.82838 4.6
      vertex -4.98882 3.33342 8.6
      vertex -4.98882 3.33342 4.6
    endloop
  endfacet
  facet normal -0.857728 0.514104 0
    outer loop
      vertex -4.98882 3.33342 8.6
      vertex -5.29153 2.82838 4.6
      vertex -5.29153 2.82838 8.6
    endloop
  endfacet
  facet normal -0.857728 0.514104 0
    outer loop
      vertex -5.29153 2.82838 2
      vertex -4.98882 3.33342 2.2
      vertex -4.98882 3.33342 2
    endloop
  endfacet
  facet normal -0.857728 0.514104 0
    outer loop
      vertex -4.98882 3.33342 2.2
      vertex -5.29153 2.82838 2
      vertex -5.29153 2.82838 2.2
    endloop
  endfacet
  facet normal -0.242979 -0.970032 0
    outer loop
      vertex -1.74171 -5.74164 4.6
      vertex -1.17054 -5.88471 8.6
      vertex -1.74171 -5.74164 8.6
    endloop
  endfacet
  facet normal -0.242979 -0.970032 -0
    outer loop
      vertex -1.17054 -5.88471 8.6
      vertex -1.74171 -5.74164 4.6
      vertex -1.17054 -5.88471 4.6
    endloop
  endfacet
  facet normal -0.242979 -0.970032 0
    outer loop
      vertex -1.74171 -5.74164 2
      vertex -1.17054 -5.88471 2.2
      vertex -1.74171 -5.74164 2.2
    endloop
  endfacet
  facet normal -0.242979 -0.970032 -0
    outer loop
      vertex -1.17054 -5.88471 2.2
      vertex -1.74171 -5.74164 2
      vertex -1.17054 -5.88471 2
    endloop
  endfacet
  facet normal 0.857728 0.514104 0
    outer loop
      vertex 5.29153 2.82838 8.6
      vertex 4.98882 3.33342 4.6
      vertex 4.98882 3.33342 8.6
    endloop
  endfacet
  facet normal 0.857728 0.514104 0
    outer loop
      vertex 4.98882 3.33342 4.6
      vertex 5.29153 2.82838 8.6
      vertex 5.29153 2.82838 4.6
    endloop
  endfacet
  facet normal 0.857728 0.514104 0
    outer loop
      vertex 5.29153 2.82838 2.2
      vertex 4.98882 3.33342 2
      vertex 4.98882 3.33342 2.2
    endloop
  endfacet
  facet normal 0.857728 0.514104 0
    outer loop
      vertex 4.98882 3.33342 2
      vertex 5.29153 2.82838 2.2
      vertex 5.29153 2.82838 2
    endloop
  endfacet
  facet normal -0.998796 -0.049065 0
    outer loop
      vertex -5.97111 -0.588102 4.6
      vertex -6 0 8.6
      vertex -6 0 4.6
    endloop
  endfacet
  facet normal -0.998796 -0.049065 0
    outer loop
      vertex -6 0 8.6
      vertex -5.97111 -0.588102 4.6
      vertex -5.97111 -0.588102 8.6
    endloop
  endfacet
  facet normal -0.998796 -0.049065 0
    outer loop
      vertex -5.97111 -0.588102 2
      vertex -6 0 2.2
      vertex -6 0 2
    endloop
  endfacet
  facet normal -0.998796 -0.049065 0
    outer loop
      vertex -6 0 2.2
      vertex -5.97111 -0.588102 2
      vertex -5.97111 -0.588102 2.2
    endloop
  endfacet
  facet normal 0.903989 0.427556 0
    outer loop
      vertex 5.54328 2.2961 8.6
      vertex 5.29153 2.82838 4.6
      vertex 5.29153 2.82838 8.6
    endloop
  endfacet
  facet normal 0.903989 0.427556 0
    outer loop
      vertex 5.29153 2.82838 4.6
      vertex 5.54328 2.2961 8.6
      vertex 5.54328 2.2961 4.6
    endloop
  endfacet
  facet normal 0.903989 0.427556 0
    outer loop
      vertex 5.54328 2.2961 2.2
      vertex 5.29153 2.82838 2
      vertex 5.29153 2.82838 2.2
    endloop
  endfacet
  facet normal 0.903989 0.427556 0
    outer loop
      vertex 5.29153 2.82838 2
      vertex 5.54328 2.2961 2.2
      vertex 5.54328 2.2961 2
    endloop
  endfacet
  facet normal 0.970032 -0.242979 0
    outer loop
      vertex 5.74164 -1.74171 8.6
      vertex 5.88471 -1.17054 4.6
      vertex 5.88471 -1.17054 8.6
    endloop
  endfacet
  facet normal 0.970032 -0.242979 0
    outer loop
      vertex 5.88471 -1.17054 4.6
      vertex 5.74164 -1.74171 8.6
      vertex 5.74164 -1.74171 4.6
    endloop
  endfacet
  facet normal 0.970032 -0.242979 0
    outer loop
      vertex 5.74164 -1.74171 2.2
      vertex 5.88471 -1.17054 2
      vertex 5.88471 -1.17054 2.2
    endloop
  endfacet
  facet normal 0.970032 -0.242979 0
    outer loop
      vertex 5.88471 -1.17054 2
      vertex 5.74164 -1.74171 2.2
      vertex 5.74164 -1.74171 2
    endloop
  endfacet
  facet normal -0.970032 0.242979 0
    outer loop
      vertex -5.88471 1.17054 4.6
      vertex -5.74164 1.74171 8.6
      vertex -5.74164 1.74171 4.6
    endloop
  endfacet
  facet normal -0.970032 0.242979 0
    outer loop
      vertex -5.74164 1.74171 8.6
      vertex -5.88471 1.17054 4.6
      vertex -5.88471 1.17054 8.6
    endloop
  endfacet
  facet normal -0.970032 0.242979 0
    outer loop
      vertex -5.88471 1.17054 2
      vertex -5.74164 1.74171 2.2
      vertex -5.74164 1.74171 2
    endloop
  endfacet
  facet normal -0.970032 0.242979 0
    outer loop
      vertex -5.74164 1.74171 2.2
      vertex -5.88471 1.17054 2
      vertex -5.88471 1.17054 2.2
    endloop
  endfacet
  facet normal -0.427556 -0.903989 0
    outer loop
      vertex -2.82838 -5.29153 4.6
      vertex -2.2961 -5.54328 8.6
      vertex -2.82838 -5.29153 8.6
    endloop
  endfacet
  facet normal -0.427556 -0.903989 -0
    outer loop
      vertex -2.2961 -5.54328 8.6
      vertex -2.82838 -5.29153 4.6
      vertex -2.2961 -5.54328 4.6
    endloop
  endfacet
  facet normal -0.427556 -0.903989 0
    outer loop
      vertex -2.82838 -5.29153 2
      vertex -2.2961 -5.54328 2.2
      vertex -2.82838 -5.29153 2.2
    endloop
  endfacet
  facet normal -0.427556 -0.903989 -0
    outer loop
      vertex -2.2961 -5.54328 2.2
      vertex -2.82838 -5.29153 2
      vertex -2.2961 -5.54328 2
    endloop
  endfacet
  facet normal -0.970032 -0.242979 0
    outer loop
      vertex -5.74164 -1.74171 4.6
      vertex -5.88471 -1.17054 8.6
      vertex -5.88471 -1.17054 4.6
    endloop
  endfacet
  facet normal -0.970032 -0.242979 0
    outer loop
      vertex -5.88471 -1.17054 8.6
      vertex -5.74164 -1.74171 4.6
      vertex -5.74164 -1.74171 8.6
    endloop
  endfacet
  facet normal -0.970032 -0.242979 0
    outer loop
      vertex -5.74164 -1.74171 2
      vertex -5.88471 -1.17054 2.2
      vertex -5.88471 -1.17054 2
    endloop
  endfacet
  facet normal -0.970032 -0.242979 0
    outer loop
      vertex -5.88471 -1.17054 2.2
      vertex -5.74164 -1.74171 2
      vertex -5.74164 -1.74171 2.2
    endloop
  endfacet
  facet normal 0.336884 0.941546 -0
    outer loop
      vertex 2.2961 5.54328 4.6
      vertex 1.74171 5.74164 8.6
      vertex 2.2961 5.54328 8.6
    endloop
  endfacet
  facet normal 0.336884 0.941546 0
    outer loop
      vertex 1.74171 5.74164 8.6
      vertex 2.2961 5.54328 4.6
      vertex 1.74171 5.74164 4.6
    endloop
  endfacet
  facet normal 0.336884 0.941546 -0
    outer loop
      vertex 2.2961 5.54328 2
      vertex 1.74171 5.74164 2.2
      vertex 2.2961 5.54328 2.2
    endloop
  endfacet
  facet normal 0.336884 0.941546 0
    outer loop
      vertex 1.74171 5.74164 2.2
      vertex 2.2961 5.54328 2
      vertex 1.74171 5.74164 2
    endloop
  endfacet
  facet normal 0.989176 -0.146736 0
    outer loop
      vertex 5.88471 -1.17054 8.6
      vertex 5.97111 -0.588102 4.6
      vertex 5.97111 -0.588102 8.6
    endloop
  endfacet
  facet normal 0.989176 -0.146736 0
    outer loop
      vertex 5.97111 -0.588102 4.6
      vertex 5.88471 -1.17054 8.6
      vertex 5.88471 -1.17054 4.6
    endloop
  endfacet
  facet normal 0.989176 -0.146736 0
    outer loop
      vertex 5.88471 -1.17054 2.2
      vertex 5.97111 -0.588102 2
      vertex 5.97111 -0.588102 2.2
    endloop
  endfacet
  facet normal 0.989176 -0.146736 0
    outer loop
      vertex 5.97111 -0.588102 2
      vertex 5.88471 -1.17054 2.2
      vertex 5.88471 -1.17054 2
    endloop
  endfacet
  facet normal -0.146736 0.989176 0
    outer loop
      vertex -0.588102 5.97111 4.6
      vertex -1.17054 5.88471 8.6
      vertex -0.588102 5.97111 8.6
    endloop
  endfacet
  facet normal -0.146736 0.989176 0
    outer loop
      vertex -1.17054 5.88471 8.6
      vertex -0.588102 5.97111 4.6
      vertex -1.17054 5.88471 4.6
    endloop
  endfacet
  facet normal -0.146736 0.989176 0
    outer loop
      vertex -0.588102 5.97111 2
      vertex -1.17054 5.88471 2.2
      vertex -0.588102 5.97111 2.2
    endloop
  endfacet
  facet normal -0.146736 0.989176 0
    outer loop
      vertex -1.17054 5.88471 2.2
      vertex -0.588102 5.97111 2
      vertex -1.17054 5.88471 2
    endloop
  endfacet
  facet normal 0.427556 -0.903989 0
    outer loop
      vertex 2.2961 -5.54328 4.6
      vertex 2.82838 -5.29153 8.6
      vertex 2.2961 -5.54328 8.6
    endloop
  endfacet
  facet normal 0.427556 -0.903989 0
    outer loop
      vertex 2.82838 -5.29153 8.6
      vertex 2.2961 -5.54328 4.6
      vertex 2.82838 -5.29153 4.6
    endloop
  endfacet
  facet normal 0.427556 -0.903989 0
    outer loop
      vertex 2.2961 -5.54328 2
      vertex 2.82838 -5.29153 2.2
      vertex 2.2961 -5.54328 2.2
    endloop
  endfacet
  facet normal 0.427556 -0.903989 0
    outer loop
      vertex 2.82838 -5.29153 2.2
      vertex 2.2961 -5.54328 2
      vertex 2.82838 -5.29153 2
    endloop
  endfacet
  facet normal -0.671558 0.740952 0
    outer loop
      vertex -3.80636 4.63806 4.6
      vertex -4.24264 4.24264 8.6
      vertex -3.80636 4.63806 8.6
    endloop
  endfacet
  facet normal -0.671558 0.740952 0
    outer loop
      vertex -4.24264 4.24264 8.6
      vertex -3.80636 4.63806 4.6
      vertex -4.24264 4.24264 4.6
    endloop
  endfacet
  facet normal -0.671558 0.740952 0
    outer loop
      vertex -3.80636 4.63806 2
      vertex -4.24264 4.24264 2.2
      vertex -3.80636 4.63806 2.2
    endloop
  endfacet
  facet normal -0.671558 0.740952 0
    outer loop
      vertex -4.24264 4.24264 2.2
      vertex -3.80636 4.63806 2
      vertex -4.24264 4.24264 2
    endloop
  endfacet
  facet normal -0.595703 0.803204 0
    outer loop
      vertex -3.33342 4.98882 4.6
      vertex -3.80636 4.63806 8.6
      vertex -3.33342 4.98882 8.6
    endloop
  endfacet
  facet normal -0.595703 0.803204 0
    outer loop
      vertex -3.80636 4.63806 8.6
      vertex -3.33342 4.98882 4.6
      vertex -3.80636 4.63806 4.6
    endloop
  endfacet
  facet normal -0.595703 0.803204 0
    outer loop
      vertex -3.33342 4.98882 2
      vertex -3.80636 4.63806 2.2
      vertex -3.33342 4.98882 2.2
    endloop
  endfacet
  facet normal -0.595703 0.803204 0
    outer loop
      vertex -3.80636 4.63806 2.2
      vertex -3.33342 4.98882 2
      vertex -3.80636 4.63806 2
    endloop
  endfacet
  facet normal 0.242979 0.970032 -0
    outer loop
      vertex 1.74171 5.74164 4.6
      vertex 1.17054 5.88471 8.6
      vertex 1.74171 5.74164 8.6
    endloop
  endfacet
  facet normal 0.242979 0.970032 0
    outer loop
      vertex 1.17054 5.88471 8.6
      vertex 1.74171 5.74164 4.6
      vertex 1.17054 5.88471 4.6
    endloop
  endfacet
  facet normal 0.242979 0.970032 -0
    outer loop
      vertex 1.74171 5.74164 2
      vertex 1.17054 5.88471 2.2
      vertex 1.74171 5.74164 2.2
    endloop
  endfacet
  facet normal 0.242979 0.970032 0
    outer loop
      vertex 1.17054 5.88471 2.2
      vertex 1.74171 5.74164 2
      vertex 1.17054 5.88471 2
    endloop
  endfacet
  facet normal 0.998796 -0.049065 0
    outer loop
      vertex 5.97111 -0.588102 8.6
      vertex 6 0 4.6
      vertex 6 0 8.6
    endloop
  endfacet
  facet normal 0.998796 -0.049065 0
    outer loop
      vertex 6 0 4.6
      vertex 5.97111 -0.588102 8.6
      vertex 5.97111 -0.588102 4.6
    endloop
  endfacet
  facet normal 0.998796 -0.049065 0
    outer loop
      vertex 5.97111 -0.588102 2.2
      vertex 6 0 2
      vertex 6 0 2.2
    endloop
  endfacet
  facet normal 0.998796 -0.049065 0
    outer loop
      vertex 6 0 2
      vertex 5.97111 -0.588102 2.2
      vertex 5.97111 -0.588102 2
    endloop
  endfacet
  facet normal -0.427556 0.903989 0
    outer loop
      vertex -2.2961 5.54328 4.6
      vertex -2.82838 5.29153 8.6
      vertex -2.2961 5.54328 8.6
    endloop
  endfacet
  facet normal -0.427556 0.903989 0
    outer loop
      vertex -2.82838 5.29153 8.6
      vertex -2.2961 5.54328 4.6
      vertex -2.82838 5.29153 4.6
    endloop
  endfacet
  facet normal -0.427556 0.903989 0
    outer loop
      vertex -2.2961 5.54328 2
      vertex -2.82838 5.29153 2.2
      vertex -2.2961 5.54328 2.2
    endloop
  endfacet
  facet normal -0.427556 0.903989 0
    outer loop
      vertex -2.82838 5.29153 2.2
      vertex -2.2961 5.54328 2
      vertex -2.82838 5.29153 2
    endloop
  endfacet
  facet normal -0.941546 -0.336884 0
    outer loop
      vertex -5.54328 -2.2961 4.6
      vertex -5.74164 -1.74171 8.6
      vertex -5.74164 -1.74171 4.6
    endloop
  endfacet
  facet normal -0.941546 -0.336884 0
    outer loop
      vertex -5.74164 -1.74171 8.6
      vertex -5.54328 -2.2961 4.6
      vertex -5.54328 -2.2961 8.6
    endloop
  endfacet
  facet normal -0.941546 -0.336884 0
    outer loop
      vertex -5.54328 -2.2961 2
      vertex -5.74164 -1.74171 2.2
      vertex -5.74164 -1.74171 2
    endloop
  endfacet
  facet normal -0.941546 -0.336884 0
    outer loop
      vertex -5.74164 -1.74171 2.2
      vertex -5.54328 -2.2961 2
      vertex -5.54328 -2.2961 2.2
    endloop
  endfacet
  facet normal 0.514104 0.857728 -0
    outer loop
      vertex 3.33342 4.98882 4.6
      vertex 2.82838 5.29153 8.6
      vertex 3.33342 4.98882 8.6
    endloop
  endfacet
  facet normal 0.514104 0.857728 0
    outer loop
      vertex 2.82838 5.29153 8.6
      vertex 3.33342 4.98882 4.6
      vertex 2.82838 5.29153 4.6
    endloop
  endfacet
  facet normal 0.514104 0.857728 -0
    outer loop
      vertex 3.33342 4.98882 2
      vertex 2.82838 5.29153 2.2
      vertex 3.33342 4.98882 2.2
    endloop
  endfacet
  facet normal 0.514104 0.857728 0
    outer loop
      vertex 2.82838 5.29153 2.2
      vertex 3.33342 4.98882 2
      vertex 2.82838 5.29153 2
    endloop
  endfacet
  facet normal 0.595703 0.803204 -0
    outer loop
      vertex 3.80636 4.63806 4.6
      vertex 3.33342 4.98882 8.6
      vertex 3.80636 4.63806 8.6
    endloop
  endfacet
  facet normal 0.595703 0.803204 0
    outer loop
      vertex 3.33342 4.98882 8.6
      vertex 3.80636 4.63806 4.6
      vertex 3.33342 4.98882 4.6
    endloop
  endfacet
  facet normal 0.595703 0.803204 -0
    outer loop
      vertex 3.80636 4.63806 2
      vertex 3.33342 4.98882 2.2
      vertex 3.80636 4.63806 2.2
    endloop
  endfacet
  facet normal 0.595703 0.803204 0
    outer loop
      vertex 3.33342 4.98882 2.2
      vertex 3.80636 4.63806 2
      vertex 3.33342 4.98882 2
    endloop
  endfacet
  facet normal 0.146736 -0.989176 0
    outer loop
      vertex 0.588102 -5.97111 4.6
      vertex 1.17054 -5.88471 8.6
      vertex 0.588102 -5.97111 8.6
    endloop
  endfacet
  facet normal 0.146736 -0.989176 0
    outer loop
      vertex 1.17054 -5.88471 8.6
      vertex 0.588102 -5.97111 4.6
      vertex 1.17054 -5.88471 4.6
    endloop
  endfacet
  facet normal 0.146736 -0.989176 0
    outer loop
      vertex 0.588102 -5.97111 2
      vertex 1.17054 -5.88471 2.2
      vertex 0.588102 -5.97111 2.2
    endloop
  endfacet
  facet normal 0.146736 -0.989176 0
    outer loop
      vertex 1.17054 -5.88471 2.2
      vertex 0.588102 -5.97111 2
      vertex 1.17054 -5.88471 2
    endloop
  endfacet
  facet normal 0.740952 -0.671558 0
    outer loop
      vertex 4.24264 -4.24264 8.6
      vertex 4.63806 -3.80636 4.6
      vertex 4.63806 -3.80636 8.6
    endloop
  endfacet
  facet normal 0.740952 -0.671558 0
    outer loop
      vertex 4.63806 -3.80636 4.6
      vertex 4.24264 -4.24264 8.6
      vertex 4.24264 -4.24264 4.6
    endloop
  endfacet
  facet normal 0.740952 -0.671558 0
    outer loop
      vertex 4.24264 -4.24264 2.2
      vertex 4.63806 -3.80636 2
      vertex 4.63806 -3.80636 2.2
    endloop
  endfacet
  facet normal 0.740952 -0.671558 0
    outer loop
      vertex 4.63806 -3.80636 2
      vertex 4.24264 -4.24264 2.2
      vertex 4.24264 -4.24264 2
    endloop
  endfacet
  facet normal 0.803204 -0.595703 0
    outer loop
      vertex 4.63806 -3.80636 8.6
      vertex 4.98882 -3.33342 4.6
      vertex 4.98882 -3.33342 8.6
    endloop
  endfacet
  facet normal 0.803204 -0.595703 0
    outer loop
      vertex 4.98882 -3.33342 4.6
      vertex 4.63806 -3.80636 8.6
      vertex 4.63806 -3.80636 4.6
    endloop
  endfacet
  facet normal 0.803204 -0.595703 0
    outer loop
      vertex 4.63806 -3.80636 2.2
      vertex 4.98882 -3.33342 2
      vertex 4.98882 -3.33342 2.2
    endloop
  endfacet
  facet normal 0.803204 -0.595703 0
    outer loop
      vertex 4.98882 -3.33342 2
      vertex 4.63806 -3.80636 2.2
      vertex 4.63806 -3.80636 2
    endloop
  endfacet
  facet normal 0.242979 -0.970032 0
    outer loop
      vertex 1.17054 -5.88471 4.6
      vertex 1.74171 -5.74164 8.6
      vertex 1.17054 -5.88471 8.6
    endloop
  endfacet
  facet normal 0.242979 -0.970032 0
    outer loop
      vertex 1.74171 -5.74164 8.6
      vertex 1.17054 -5.88471 4.6
      vertex 1.74171 -5.74164 4.6
    endloop
  endfacet
  facet normal 0.242979 -0.970032 0
    outer loop
      vertex 1.17054 -5.88471 2
      vertex 1.74171 -5.74164 2.2
      vertex 1.17054 -5.88471 2.2
    endloop
  endfacet
  facet normal 0.242979 -0.970032 0
    outer loop
      vertex 1.74171 -5.74164 2.2
      vertex 1.17054 -5.88471 2
      vertex 1.74171 -5.74164 2
    endloop
  endfacet
  facet normal 0.941546 -0.336884 0
    outer loop
      vertex 5.54328 -2.2961 8.6
      vertex 5.74164 -1.74171 4.6
      vertex 5.74164 -1.74171 8.6
    endloop
  endfacet
  facet normal 0.941546 -0.336884 0
    outer loop
      vertex 5.74164 -1.74171 4.6
      vertex 5.54328 -2.2961 8.6
      vertex 5.54328 -2.2961 4.6
    endloop
  endfacet
  facet normal 0.941546 -0.336884 0
    outer loop
      vertex 5.54328 -2.2961 2.2
      vertex 5.74164 -1.74171 2
      vertex 5.74164 -1.74171 2.2
    endloop
  endfacet
  facet normal 0.941546 -0.336884 0
    outer loop
      vertex 5.74164 -1.74171 2
      vertex 5.54328 -2.2961 2.2
      vertex 5.54328 -2.2961 2
    endloop
  endfacet
  facet normal -0.242979 0.970032 0
    outer loop
      vertex -1.17054 5.88471 4.6
      vertex -1.74171 5.74164 8.6
      vertex -1.17054 5.88471 8.6
    endloop
  endfacet
  facet normal -0.242979 0.970032 0
    outer loop
      vertex -1.74171 5.74164 8.6
      vertex -1.17054 5.88471 4.6
      vertex -1.74171 5.74164 4.6
    endloop
  endfacet
  facet normal -0.242979 0.970032 0
    outer loop
      vertex -1.17054 5.88471 2
      vertex -1.74171 5.74164 2.2
      vertex -1.17054 5.88471 2.2
    endloop
  endfacet
  facet normal -0.242979 0.970032 0
    outer loop
      vertex -1.74171 5.74164 2.2
      vertex -1.17054 5.88471 2
      vertex -1.74171 5.74164 2
    endloop
  endfacet
  facet normal -0.903989 -0.427556 0
    outer loop
      vertex -5.29153 -2.82838 4.6
      vertex -5.54328 -2.2961 8.6
      vertex -5.54328 -2.2961 4.6
    endloop
  endfacet
  facet normal -0.903989 -0.427556 0
    outer loop
      vertex -5.54328 -2.2961 8.6
      vertex -5.29153 -2.82838 4.6
      vertex -5.29153 -2.82838 8.6
    endloop
  endfacet
  facet normal -0.903989 -0.427556 0
    outer loop
      vertex -5.29153 -2.82838 2
      vertex -5.54328 -2.2961 2.2
      vertex -5.54328 -2.2961 2
    endloop
  endfacet
  facet normal -0.903989 -0.427556 0
    outer loop
      vertex -5.54328 -2.2961 2.2
      vertex -5.29153 -2.82838 2
      vertex -5.29153 -2.82838 2.2
    endloop
  endfacet
  facet normal -0.989176 0.146736 0
    outer loop
      vertex -5.97111 0.588102 4.6
      vertex -5.88471 1.17054 8.6
      vertex -5.88471 1.17054 4.6
    endloop
  endfacet
  facet normal -0.989176 0.146736 0
    outer loop
      vertex -5.88471 1.17054 8.6
      vertex -5.97111 0.588102 4.6
      vertex -5.97111 0.588102 8.6
    endloop
  endfacet
  facet normal -0.989176 0.146736 0
    outer loop
      vertex -5.97111 0.588102 2
      vertex -5.88471 1.17054 2.2
      vertex -5.88471 1.17054 2
    endloop
  endfacet
  facet normal -0.989176 0.146736 0
    outer loop
      vertex -5.88471 1.17054 2.2
      vertex -5.97111 0.588102 2
      vertex -5.97111 0.588102 2.2
    endloop
  endfacet
  facet normal 0.427556 0.903989 -0
    outer loop
      vertex 2.82838 5.29153 4.6
      vertex 2.2961 5.54328 8.6
      vertex 2.82838 5.29153 8.6
    endloop
  endfacet
  facet normal 0.427556 0.903989 0
    outer loop
      vertex 2.2961 5.54328 8.6
      vertex 2.82838 5.29153 4.6
      vertex 2.2961 5.54328 4.6
    endloop
  endfacet
  facet normal 0.427556 0.903989 -0
    outer loop
      vertex 2.82838 5.29153 2
      vertex 2.2961 5.54328 2.2
      vertex 2.82838 5.29153 2.2
    endloop
  endfacet
  facet normal 0.427556 0.903989 0
    outer loop
      vertex 2.2961 5.54328 2.2
      vertex 2.82838 5.29153 2
      vertex 2.2961 5.54328 2
    endloop
  endfacet
  facet normal -0.740952 -0.671558 0
    outer loop
      vertex -4.24264 -4.24264 4.6
      vertex -4.63806 -3.80636 8.6
      vertex -4.63806 -3.80636 4.6
    endloop
  endfacet
  facet normal -0.740952 -0.671558 0
    outer loop
      vertex -4.63806 -3.80636 8.6
      vertex -4.24264 -4.24264 4.6
      vertex -4.24264 -4.24264 8.6
    endloop
  endfacet
  facet normal -0.740952 -0.671558 0
    outer loop
      vertex -4.24264 -4.24264 2
      vertex -4.63806 -3.80636 2.2
      vertex -4.63806 -3.80636 2
    endloop
  endfacet
  facet normal -0.740952 -0.671558 0
    outer loop
      vertex -4.63806 -3.80636 2.2
      vertex -4.24264 -4.24264 2
      vertex -4.24264 -4.24264 2.2
    endloop
  endfacet
  facet normal -0.857728 -0.514104 0
    outer loop
      vertex -4.98882 -3.33342 4.6
      vertex -5.29153 -2.82838 8.6
      vertex -5.29153 -2.82838 4.6
    endloop
  endfacet
  facet normal -0.857728 -0.514104 0
    outer loop
      vertex -5.29153 -2.82838 8.6
      vertex -4.98882 -3.33342 4.6
      vertex -4.98882 -3.33342 8.6
    endloop
  endfacet
  facet normal -0.857728 -0.514104 0
    outer loop
      vertex -4.98882 -3.33342 2
      vertex -5.29153 -2.82838 2.2
      vertex -5.29153 -2.82838 2
    endloop
  endfacet
  facet normal -0.857728 -0.514104 0
    outer loop
      vertex -5.29153 -2.82838 2.2
      vertex -4.98882 -3.33342 2
      vertex -4.98882 -3.33342 2.2
    endloop
  endfacet
  facet normal -0.336884 0.941546 0
    outer loop
      vertex -1.74171 5.74164 4.6
      vertex -2.2961 5.54328 8.6
      vertex -1.74171 5.74164 8.6
    endloop
  endfacet
  facet normal -0.336884 0.941546 0
    outer loop
      vertex -2.2961 5.54328 8.6
      vertex -1.74171 5.74164 4.6
      vertex -2.2961 5.54328 4.6
    endloop
  endfacet
  facet normal -0.336884 0.941546 0
    outer loop
      vertex -1.74171 5.74164 2
      vertex -2.2961 5.54328 2.2
      vertex -1.74171 5.74164 2.2
    endloop
  endfacet
  facet normal -0.336884 0.941546 0
    outer loop
      vertex -2.2961 5.54328 2.2
      vertex -1.74171 5.74164 2
      vertex -2.2961 5.54328 2
    endloop
  endfacet
  facet normal -0.514104 -0.857728 0
    outer loop
      vertex -3.33342 -4.98882 4.6
      vertex -2.82838 -5.29153 8.6
      vertex -3.33342 -4.98882 8.6
    endloop
  endfacet
  facet normal -0.514104 -0.857728 -0
    outer loop
      vertex -2.82838 -5.29153 8.6
      vertex -3.33342 -4.98882 4.6
      vertex -2.82838 -5.29153 4.6
    endloop
  endfacet
  facet normal -0.514104 -0.857728 0
    outer loop
      vertex -3.33342 -4.98882 2
      vertex -2.82838 -5.29153 2.2
      vertex -3.33342 -4.98882 2.2
    endloop
  endfacet
  facet normal -0.514104 -0.857728 -0
    outer loop
      vertex -2.82838 -5.29153 2.2
      vertex -3.33342 -4.98882 2
      vertex -2.82838 -5.29153 2
    endloop
  endfacet
  facet normal -0.941546 0.336884 0
    outer loop
      vertex -5.74164 1.74171 4.6
      vertex -5.54328 2.2961 8.6
      vertex -5.54328 2.2961 4.6
    endloop
  endfacet
  facet normal -0.941546 0.336884 0
    outer loop
      vertex -5.54328 2.2961 8.6
      vertex -5.74164 1.74171 4.6
      vertex -5.74164 1.74171 8.6
    endloop
  endfacet
  facet normal -0.941546 0.336884 0
    outer loop
      vertex -5.74164 1.74171 2
      vertex -5.54328 2.2961 2.2
      vertex -5.54328 2.2961 2
    endloop
  endfacet
  facet normal -0.941546 0.336884 0
    outer loop
      vertex -5.54328 2.2961 2.2
      vertex -5.74164 1.74171 2
      vertex -5.74164 1.74171 2.2
    endloop
  endfacet
  facet normal 0.595703 -0.803204 0
    outer loop
      vertex 3.33342 -4.98882 4.6
      vertex 3.80636 -4.63806 8.6
      vertex 3.33342 -4.98882 8.6
    endloop
  endfacet
  facet normal 0.595703 -0.803204 0
    outer loop
      vertex 3.80636 -4.63806 8.6
      vertex 3.33342 -4.98882 4.6
      vertex 3.80636 -4.63806 4.6
    endloop
  endfacet
  facet normal 0.595703 -0.803204 0
    outer loop
      vertex 3.33342 -4.98882 2
      vertex 3.80636 -4.63806 2.2
      vertex 3.33342 -4.98882 2.2
    endloop
  endfacet
  facet normal 0.595703 -0.803204 0
    outer loop
      vertex 3.80636 -4.63806 2.2
      vertex 3.33342 -4.98882 2
      vertex 3.80636 -4.63806 2
    endloop
  endfacet
  facet normal 0.740952 0.671558 0
    outer loop
      vertex 4.63806 3.80636 8.6
      vertex 4.24264 4.24264 4.6
      vertex 4.24264 4.24264 8.6
    endloop
  endfacet
  facet normal 0.740952 0.671558 0
    outer loop
      vertex 4.24264 4.24264 4.6
      vertex 4.63806 3.80636 8.6
      vertex 4.63806 3.80636 4.6
    endloop
  endfacet
  facet normal 0.740952 0.671558 0
    outer loop
      vertex 4.63806 3.80636 2.2
      vertex 4.24264 4.24264 2
      vertex 4.24264 4.24264 2.2
    endloop
  endfacet
  facet normal 0.740952 0.671558 0
    outer loop
      vertex 4.24264 4.24264 2
      vertex 4.63806 3.80636 2.2
      vertex 4.63806 3.80636 2
    endloop
  endfacet
  facet normal -0.803204 -0.595703 0
    outer loop
      vertex -4.63806 -3.80636 4.6
      vertex -4.98882 -3.33342 8.6
      vertex -4.98882 -3.33342 4.6
    endloop
  endfacet
  facet normal -0.803204 -0.595703 0
    outer loop
      vertex -4.98882 -3.33342 8.6
      vertex -4.63806 -3.80636 4.6
      vertex -4.63806 -3.80636 8.6
    endloop
  endfacet
  facet normal -0.803204 -0.595703 0
    outer loop
      vertex -4.63806 -3.80636 2
      vertex -4.98882 -3.33342 2.2
      vertex -4.98882 -3.33342 2
    endloop
  endfacet
  facet normal -0.803204 -0.595703 0
    outer loop
      vertex -4.98882 -3.33342 2.2
      vertex -4.63806 -3.80636 2
      vertex -4.63806 -3.80636 2.2
    endloop
  endfacet
  facet normal -0.514104 0.857728 0
    outer loop
      vertex -2.82838 5.29153 4.6
      vertex -3.33342 4.98882 8.6
      vertex -2.82838 5.29153 8.6
    endloop
  endfacet
  facet normal -0.514104 0.857728 0
    outer loop
      vertex -3.33342 4.98882 8.6
      vertex -2.82838 5.29153 4.6
      vertex -3.33342 4.98882 4.6
    endloop
  endfacet
  facet normal -0.514104 0.857728 0
    outer loop
      vertex -2.82838 5.29153 2
      vertex -3.33342 4.98882 2.2
      vertex -2.82838 5.29153 2.2
    endloop
  endfacet
  facet normal -0.514104 0.857728 0
    outer loop
      vertex -3.33342 4.98882 2.2
      vertex -2.82838 5.29153 2
      vertex -3.33342 4.98882 2
    endloop
  endfacet
  facet normal -0.989176 -0.146736 0
    outer loop
      vertex -5.88471 -1.17054 4.6
      vertex -5.97111 -0.588102 8.6
      vertex -5.97111 -0.588102 4.6
    endloop
  endfacet
  facet normal -0.989176 -0.146736 0
    outer loop
      vertex -5.97111 -0.588102 8.6
      vertex -5.88471 -1.17054 4.6
      vertex -5.88471 -1.17054 8.6
    endloop
  endfacet
  facet normal -0.989176 -0.146736 0
    outer loop
      vertex -5.88471 -1.17054 2
      vertex -5.97111 -0.588102 2.2
      vertex -5.97111 -0.588102 2
    endloop
  endfacet
  facet normal -0.989176 -0.146736 0
    outer loop
      vertex -5.97111 -0.588102 2.2
      vertex -5.88471 -1.17054 2
      vertex -5.88471 -1.17054 2.2
    endloop
  endfacet
  facet normal -0.903989 0.427556 0
    outer loop
      vertex -5.54328 2.2961 4.6
      vertex -5.29153 2.82838 8.6
      vertex -5.29153 2.82838 4.6
    endloop
  endfacet
  facet normal -0.903989 0.427556 0
    outer loop
      vertex -5.29153 2.82838 8.6
      vertex -5.54328 2.2961 4.6
      vertex -5.54328 2.2961 8.6
    endloop
  endfacet
  facet normal -0.903989 0.427556 0
    outer loop
      vertex -5.54328 2.2961 2
      vertex -5.29153 2.82838 2.2
      vertex -5.29153 2.82838 2
    endloop
  endfacet
  facet normal -0.903989 0.427556 0
    outer loop
      vertex -5.29153 2.82838 2.2
      vertex -5.54328 2.2961 2
      vertex -5.54328 2.2961 2.2
    endloop
  endfacet
  facet normal 0.514104 -0.857728 0
    outer loop
      vertex 2.82838 -5.29153 4.6
      vertex 3.33342 -4.98882 8.6
      vertex 2.82838 -5.29153 8.6
    endloop
  endfacet
  facet normal 0.514104 -0.857728 0
    outer loop
      vertex 3.33342 -4.98882 8.6
      vertex 2.82838 -5.29153 4.6
      vertex 3.33342 -4.98882 4.6
    endloop
  endfacet
  facet normal 0.514104 -0.857728 0
    outer loop
      vertex 2.82838 -5.29153 2
      vertex 3.33342 -4.98882 2.2
      vertex 2.82838 -5.29153 2.2
    endloop
  endfacet
  facet normal 0.514104 -0.857728 0
    outer loop
      vertex 3.33342 -4.98882 2.2
      vertex 2.82838 -5.29153 2
      vertex 3.33342 -4.98882 2
    endloop
  endfacet
  facet normal -0.671558 -0.740952 0
    outer loop
      vertex -4.24264 -4.24264 4.6
      vertex -3.80636 -4.63806 8.6
      vertex -4.24264 -4.24264 8.6
    endloop
  endfacet
  facet normal -0.671558 -0.740952 -0
    outer loop
      vertex -3.80636 -4.63806 8.6
      vertex -4.24264 -4.24264 4.6
      vertex -3.80636 -4.63806 4.6
    endloop
  endfacet
  facet normal -0.671558 -0.740952 0
    outer loop
      vertex -4.24264 -4.24264 2
      vertex -3.80636 -4.63806 2.2
      vertex -4.24264 -4.24264 2.2
    endloop
  endfacet
  facet normal -0.671558 -0.740952 -0
    outer loop
      vertex -3.80636 -4.63806 2.2
      vertex -4.24264 -4.24264 2
      vertex -3.80636 -4.63806 2
    endloop
  endfacet
  facet normal -0.803204 0.595703 0
    outer loop
      vertex -4.98882 3.33342 4.6
      vertex -4.63806 3.80636 8.6
      vertex -4.63806 3.80636 4.6
    endloop
  endfacet
  facet normal -0.803204 0.595703 0
    outer loop
      vertex -4.63806 3.80636 8.6
      vertex -4.98882 3.33342 4.6
      vertex -4.98882 3.33342 8.6
    endloop
  endfacet
  facet normal -0.803204 0.595703 0
    outer loop
      vertex -4.98882 3.33342 2
      vertex -4.63806 3.80636 2.2
      vertex -4.63806 3.80636 2
    endloop
  endfacet
  facet normal -0.803204 0.595703 0
    outer loop
      vertex -4.63806 3.80636 2.2
      vertex -4.98882 3.33342 2
      vertex -4.98882 3.33342 2.2
    endloop
  endfacet
  facet normal -0.049065 -0.998796 0
    outer loop
      vertex -0.588102 -5.97111 4.6
      vertex 0 -6 8.6
      vertex -0.588102 -5.97111 8.6
    endloop
  endfacet
  facet normal -0.049065 -0.998796 -0
    outer loop
      vertex 0 -6 8.6
      vertex -0.588102 -5.97111 4.6
      vertex 0 -6 4.6
    endloop
  endfacet
  facet normal -0.049065 -0.998796 0
    outer loop
      vertex -0.588102 -5.97111 2
      vertex 0 -6 2.2
      vertex -0.588102 -5.97111 2.2
    endloop
  endfacet
  facet normal -0.049065 -0.998796 -0
    outer loop
      vertex 0 -6 2.2
      vertex -0.588102 -5.97111 2
      vertex 0 -6 2
    endloop
  endfacet
  facet normal 0 0 1
    outer loop
      vertex 5.97111 0.588102 8.6
      vertex 5.99277 0 8.6
      vertex 6 0 8.6
    endloop
  endfacet
  facet normal 0 0 1
    outer loop
      vertex 5.97111 0.588102 8.6
      vertex 5.96392 0.587394 8.6
      vertex 5.99277 0 8.6
    endloop
  endfacet
  facet normal 0 0 1
    outer loop
      vertex 5.88471 1.17054 8.6
      vertex 5.96392 0.587394 8.6
      vertex 5.97111 0.588102 8.6
    endloop
  endfacet
  facet normal 0 0 1
    outer loop
      vertex 5.88471 1.17054 8.6
      vertex 5.87762 1.16913 8.6
      vertex 5.96392 0.587394 8.6
    endloop
  endfacet
  facet normal 0 0 1
    outer loop
      vertex 5.74164 1.74171 8.6
      vertex 5.87762 1.16913 8.6
      vertex 5.88471 1.17054 8.6
    endloop
  endfacet
  facet normal 0 0 1
    outer loop
      vertex 5.74164 1.74171 8.6
      vertex 5.73473 1.73961 8.6
      vertex 5.87762 1.16913 8.6
    endloop
  endfacet
  facet normal 0 0 1
    outer loop
      vertex 5.54328 2.2961 8.6
      vertex 5.73473 1.73961 8.6
      vertex 5.74164 1.74171 8.6
    endloop
  endfacet
  facet normal 0 0 1
    outer loop
      vertex 5.54328 2.2961 8.6
      vertex 5.5366 2.29333 8.6
      vertex 5.73473 1.73961 8.6
    endloop
  endfacet
  facet normal 0 0 1
    outer loop
      vertex 5.29153 2.82838 8.6
      vertex 5.5366 2.29333 8.6
      vertex 5.54328 2.2961 8.6
    endloop
  endfacet
  facet normal 0 0 1
    outer loop
      vertex 5.29153 2.82838 8.6
      vertex 5.28515 2.82497 8.6
      vertex 5.5366 2.29333 8.6
    endloop
  endfacet
  facet normal 0 0 1
    outer loop
      vertex 4.98882 3.33342 8.6
      vertex 5.28515 2.82497 8.6
      vertex 5.29153 2.82838 8.6
    endloop
  endfacet
  facet normal 0 0 1
    outer loop
      vertex 4.98882 3.33342 8.6
      vertex 4.98281 3.32941 8.6
      vertex 5.28515 2.82497 8.6
    endloop
  endfacet
  facet normal 0 0 1
    outer loop
      vertex 4.63806 3.80636 8.6
      vertex 4.98281 3.32941 8.6
      vertex 4.98882 3.33342 8.6
    endloop
  endfacet
  facet normal 0 0 1
    outer loop
      vertex 4.63806 3.80636 8.6
      vertex 4.63248 3.80177 8.6
      vertex 4.98281 3.32941 8.6
    endloop
  endfacet
  facet normal 0 0 1
    outer loop
      vertex 4.24264 4.24264 8.6
      vertex 4.63248 3.80177 8.6
      vertex 4.63806 3.80636 8.6
    endloop
  endfacet
  facet normal 0 0 1
    outer loop
      vertex 4.24264 4.24264 8.6
      vertex 4.23753 4.23753 8.6
      vertex 4.63248 3.80177 8.6
    endloop
  endfacet
  facet normal 0 0 1
    outer loop
      vertex 3.80636 4.63806 8.6
      vertex 4.23753 4.23753 8.6
      vertex 4.24264 4.24264 8.6
    endloop
  endfacet
  facet normal 0 0 1
    outer loop
      vertex 3.80636 4.63806 8.6
      vertex 3.80177 4.63248 8.6
      vertex 4.23753 4.23753 8.6
    endloop
  endfacet
  facet normal 0 0 1
    outer loop
      vertex 3.33342 4.98882 8.6
      vertex 3.80177 4.63248 8.6
      vertex 3.80636 4.63806 8.6
    endloop
  endfacet
  facet normal 0 0 1
    outer loop
      vertex 3.33342 4.98882 8.6
      vertex 3.32941 4.98281 8.6
      vertex 3.80177 4.63248 8.6
    endloop
  endfacet
  facet normal 0 0 1
    outer loop
      vertex 2.82838 5.29153 8.6
      vertex 3.32941 4.98281 8.6
      vertex 3.33342 4.98882 8.6
    endloop
  endfacet
  facet normal 0 0 1
    outer loop
      vertex 2.82838 5.29153 8.6
      vertex 2.82497 5.28515 8.6
      vertex 3.32941 4.98281 8.6
    endloop
  endfacet
  facet normal 0 0 1
    outer loop
      vertex 2.2961 5.54328 8.6
      vertex 2.82497 5.28515 8.6
      vertex 2.82838 5.29153 8.6
    endloop
  endfacet
  facet normal 0 0 1
    outer loop
      vertex 2.2961 5.54328 8.6
      vertex 2.29333 5.5366 8.6
      vertex 2.82497 5.28515 8.6
    endloop
  endfacet
  facet normal 0 0 1
    outer loop
      vertex 1.74171 5.74164 8.6
      vertex 2.29333 5.5366 8.6
      vertex 2.2961 5.54328 8.6
    endloop
  endfacet
  facet normal 0 0 1
    outer loop
      vertex 1.74171 5.74164 8.6
      vertex 1.73961 5.73473 8.6
      vertex 2.29333 5.5366 8.6
    endloop
  endfacet
  facet normal 0 0 1
    outer loop
      vertex 1.17054 5.88471 8.6
      vertex 1.73961 5.73473 8.6
      vertex 1.74171 5.74164 8.6
    endloop
  endfacet
  facet normal 0 0 1
    outer loop
      vertex 1.17054 5.88471 8.6
      vertex 1.16913 5.87762 8.6
      vertex 1.73961 5.73473 8.6
    endloop
  endfacet
  facet normal 0 0 1
    outer loop
      vertex 0.588102 5.97111 8.6
      vertex 1.16913 5.87762 8.6
      vertex 1.17054 5.88471 8.6
    endloop
  endfacet
  facet normal 0 0 1
    outer loop
      vertex 0.588102 5.97111 8.6
      vertex 0.587394 5.96392 8.6
      vertex 1.16913 5.87762 8.6
    endloop
  endfacet
  facet normal 0 0 1
    outer loop
      vertex 0 6 8.6
      vertex 0.587394 5.96392 8.6
      vertex 0.588102 5.97111 8.6
    endloop
  endfacet
  facet normal 0 0 1
    outer loop
      vertex 0 6 8.6
      vertex 0 5.99277 8.6
      vertex 0.587394 5.96392 8.6
    endloop
  endfacet
  facet normal 0 0 1
    outer loop
      vertex 0 6 8.6
      vertex -0.587394 5.96392 8.6
      vertex 0 5.99277 8.6
    endloop
  endfacet
  facet normal -0 0 1
    outer loop
      vertex -0.588102 5.97111 8.6
      vertex -0.587394 5.96392 8.6
      vertex 0 6 8.6
    endloop
  endfacet
  facet normal 0 0 1
    outer loop
      vertex -0.588102 5.97111 8.6
      vertex -1.16913 5.87762 8.6
      vertex -0.587394 5.96392 8.6
    endloop
  endfacet
  facet normal -0 0 1
    outer loop
      vertex -1.17054 5.88471 8.6
      vertex -1.16913 5.87762 8.6
      vertex -0.588102 5.97111 8.6
    endloop
  endfacet
  facet normal 0 0 1
    outer loop
      vertex -1.17054 5.88471 8.6
      vertex -1.73961 5.73473 8.6
      vertex -1.16913 5.87762 8.6
    endloop
  endfacet
  facet normal -0 0 1
    outer loop
      vertex -1.74171 5.74164 8.6
      vertex -1.73961 5.73473 8.6
      vertex -1.17054 5.88471 8.6
    endloop
  endfacet
  facet normal 0 0 1
    outer loop
      vertex -1.74171 5.74164 8.6
      vertex -2.29333 5.5366 8.6
      vertex -1.73961 5.73473 8.6
    endloop
  endfacet
  facet normal -0 0 1
    outer loop
      vertex -2.2961 5.54328 8.6
      vertex -2.29333 5.5366 8.6
      vertex -1.74171 5.74164 8.6
    endloop
  endfacet
  facet normal 0 0 1
    outer loop
      vertex -2.2961 5.54328 8.6
      vertex -2.82497 5.28515 8.6
      vertex -2.29333 5.5366 8.6
    endloop
  endfacet
  facet normal -0 0 1
    outer loop
      vertex -2.82838 5.29153 8.6
      vertex -2.82497 5.28515 8.6
      vertex -2.2961 5.54328 8.6
    endloop
  endfacet
  facet normal 0 0 1
    outer loop
      vertex -2.82838 5.29153 8.6
      vertex -3.32941 4.98281 8.6
      vertex -2.82497 5.28515 8.6
    endloop
  endfacet
  facet normal -0 0 1
    outer loop
      vertex -3.33342 4.98882 8.6
      vertex -3.32941 4.98281 8.6
      vertex -2.82838 5.29153 8.6
    endloop
  endfacet
  facet normal 0 0 1
    outer loop
      vertex -3.33342 4.98882 8.6
      vertex -3.80177 4.63248 8.6
      vertex -3.32941 4.98281 8.6
    endloop
  endfacet
  facet normal -0 0 1
    outer loop
      vertex -3.80636 4.63806 8.6
      vertex -3.80177 4.63248 8.6
      vertex -3.33342 4.98882 8.6
    endloop
  endfacet
  facet normal 0 0 1
    outer loop
      vertex -3.80636 4.63806 8.6
      vertex -4.23753 4.23753 8.6
      vertex -3.80177 4.63248 8.6
    endloop
  endfacet
  facet normal -0 0 1
    outer loop
      vertex -4.24264 4.24264 8.6
      vertex -4.23753 4.23753 8.6
      vertex -3.80636 4.63806 8.6
    endloop
  endfacet
  facet normal 0 0 1
    outer loop
      vertex -4.24264 4.24264 8.6
      vertex -4.63248 3.80177 8.6
      vertex -4.23753 4.23753 8.6
    endloop
  endfacet
  facet normal -0 0 1
    outer loop
      vertex -4.63806 3.80636 8.6
      vertex -4.63248 3.80177 8.6
      vertex -4.24264 4.24264 8.6
    endloop
  endfacet
  facet normal 0 0 1
    outer loop
      vertex -4.63806 3.80636 8.6
      vertex -4.98281 3.32941 8.6
      vertex -4.63248 3.80177 8.6
    endloop
  endfacet
  facet normal -0 0 1
    outer loop
      vertex -4.98882 3.33342 8.6
      vertex -4.98281 3.32941 8.6
      vertex -4.63806 3.80636 8.6
    endloop
  endfacet
  facet normal 0 0 1
    outer loop
      vertex -4.98882 3.33342 8.6
      vertex -5.28515 2.82497 8.6
      vertex -4.98281 3.32941 8.6
    endloop
  endfacet
  facet normal -0 0 1
    outer loop
      vertex -5.29153 2.82838 8.6
      vertex -5.28515 2.82497 8.6
      vertex -4.98882 3.33342 8.6
    endloop
  endfacet
  facet normal 0 0 1
    outer loop
      vertex -5.29153 2.82838 8.6
      vertex -5.5366 2.29333 8.6
      vertex -5.28515 2.82497 8.6
    endloop
  endfacet
  facet normal -0 0 1
    outer loop
      vertex -5.54328 2.2961 8.6
      vertex -5.5366 2.29333 8.6
      vertex -5.29153 2.82838 8.6
    endloop
  endfacet
  facet normal 0 0 1
    outer loop
      vertex -5.54328 2.2961 8.6
      vertex -5.73473 1.73961 8.6
      vertex -5.5366 2.29333 8.6
    endloop
  endfacet
  facet normal -0 0 1
    outer loop
      vertex -5.74164 1.74171 8.6
      vertex -5.73473 1.73961 8.6
      vertex -5.54328 2.2961 8.6
    endloop
  endfacet
  facet normal 0 0 1
    outer loop
      vertex -5.74164 1.74171 8.6
      vertex -5.87762 1.16913 8.6
      vertex -5.73473 1.73961 8.6
    endloop
  endfacet
  facet normal -0 0 1
    outer loop
      vertex -5.88471 1.17054 8.6
      vertex -5.87762 1.16913 8.6
      vertex -5.74164 1.74171 8.6
    endloop
  endfacet
  facet normal 0 0 1
    outer loop
      vertex -5.88471 1.17054 8.6
      vertex -5.96392 0.587394 8.6
      vertex -5.87762 1.16913 8.6
    endloop
  endfacet
  facet normal -0 0 1
    outer loop
      vertex -5.97111 0.588102 8.6
      vertex -5.96392 0.587394 8.6
      vertex -5.88471 1.17054 8.6
    endloop
  endfacet
  facet normal 0 0 1
    outer loop
      vertex -5.97111 0.588102 8.6
      vertex -5.99277 0 8.6
      vertex -5.96392 0.587394 8.6
    endloop
  endfacet
  facet normal 0 -0 1
    outer loop
      vertex -5.99277 0 8.6
      vertex -5.97111 0.588102 8.6
      vertex -6 0 8.6
    endloop
  endfacet
  facet normal -0 0 1
    outer loop
      vertex 5.99277 0 8.6
      vertex 5.97111 -0.588102 8.6
      vertex 6 0 8.6
    endloop
  endfacet
  facet normal -0 0 1
    outer loop
      vertex 5.96392 -0.587394 8.6
      vertex 5.97111 -0.588102 8.6
      vertex 5.99277 0 8.6
    endloop
  endfacet
  facet normal 0 0 1
    outer loop
      vertex 5.96392 -0.587394 8.6
      vertex 5.88471 -1.17054 8.6
      vertex 5.97111 -0.588102 8.6
    endloop
  endfacet
  facet normal -0 0 1
    outer loop
      vertex 5.87762 -1.16913 8.6
      vertex 5.88471 -1.17054 8.6
      vertex 5.96392 -0.587394 8.6
    endloop
  endfacet
  facet normal 0 0 1
    outer loop
      vertex 5.87762 -1.16913 8.6
      vertex 5.74164 -1.74171 8.6
      vertex 5.88471 -1.17054 8.6
    endloop
  endfacet
  facet normal -0 0 1
    outer loop
      vertex 5.73473 -1.73961 8.6
      vertex 5.74164 -1.74171 8.6
      vertex 5.87762 -1.16913 8.6
    endloop
  endfacet
  facet normal 0 0 1
    outer loop
      vertex 5.73473 -1.73961 8.6
      vertex 5.54328 -2.2961 8.6
      vertex 5.74164 -1.74171 8.6
    endloop
  endfacet
  facet normal -0 0 1
    outer loop
      vertex 5.5366 -2.29333 8.6
      vertex 5.54328 -2.2961 8.6
      vertex 5.73473 -1.73961 8.6
    endloop
  endfacet
  facet normal 0 0 1
    outer loop
      vertex 5.5366 -2.29333 8.6
      vertex 5.29153 -2.82838 8.6
      vertex 5.54328 -2.2961 8.6
    endloop
  endfacet
  facet normal -0 0 1
    outer loop
      vertex 5.28515 -2.82497 8.6
      vertex 5.29153 -2.82838 8.6
      vertex 5.5366 -2.29333 8.6
    endloop
  endfacet
  facet normal 0 0 1
    outer loop
      vertex 5.28515 -2.82497 8.6
      vertex 4.98882 -3.33342 8.6
      vertex 5.29153 -2.82838 8.6
    endloop
  endfacet
  facet normal -0 0 1
    outer loop
      vertex 4.98281 -3.32941 8.6
      vertex 4.98882 -3.33342 8.6
      vertex 5.28515 -2.82497 8.6
    endloop
  endfacet
  facet normal 0 0 1
    outer loop
      vertex 4.98281 -3.32941 8.6
      vertex 4.63806 -3.80636 8.6
      vertex 4.98882 -3.33342 8.6
    endloop
  endfacet
  facet normal -0 0 1
    outer loop
      vertex 4.63248 -3.80177 8.6
      vertex 4.63806 -3.80636 8.6
      vertex 4.98281 -3.32941 8.6
    endloop
  endfacet
  facet normal 0 0 1
    outer loop
      vertex 4.63248 -3.80177 8.6
      vertex 4.24264 -4.24264 8.6
      vertex 4.63806 -3.80636 8.6
    endloop
  endfacet
  facet normal -0 0 1
    outer loop
      vertex 4.23753 -4.23753 8.6
      vertex 4.24264 -4.24264 8.6
      vertex 4.63248 -3.80177 8.6
    endloop
  endfacet
  facet normal 0 0 1
    outer loop
      vertex 4.23753 -4.23753 8.6
      vertex 3.80636 -4.63806 8.6
      vertex 4.24264 -4.24264 8.6
    endloop
  endfacet
  facet normal -0 0 1
    outer loop
      vertex 3.80177 -4.63248 8.6
      vertex 3.80636 -4.63806 8.6
      vertex 4.23753 -4.23753 8.6
    endloop
  endfacet
  facet normal 0 0 1
    outer loop
      vertex 3.80177 -4.63248 8.6
      vertex 3.33342 -4.98882 8.6
      vertex 3.80636 -4.63806 8.6
    endloop
  endfacet
  facet normal -0 0 1
    outer loop
      vertex 3.32941 -4.98281 8.6
      vertex 3.33342 -4.98882 8.6
      vertex 3.80177 -4.63248 8.6
    endloop
  endfacet
  facet normal 0 0 1
    outer loop
      vertex 3.32941 -4.98281 8.6
      vertex 2.82838 -5.29153 8.6
      vertex 3.33342 -4.98882 8.6
    endloop
  endfacet
  facet normal -0 0 1
    outer loop
      vertex 2.82497 -5.28515 8.6
      vertex 2.82838 -5.29153 8.6
      vertex 3.32941 -4.98281 8.6
    endloop
  endfacet
  facet normal 0 0 1
    outer loop
      vertex 2.82497 -5.28515 8.6
      vertex 2.2961 -5.54328 8.6
      vertex 2.82838 -5.29153 8.6
    endloop
  endfacet
  facet normal -0 0 1
    outer loop
      vertex 2.29333 -5.5366 8.6
      vertex 2.2961 -5.54328 8.6
      vertex 2.82497 -5.28515 8.6
    endloop
  endfacet
  facet normal 0 0 1
    outer loop
      vertex 2.29333 -5.5366 8.6
      vertex 1.74171 -5.74164 8.6
      vertex 2.2961 -5.54328 8.6
    endloop
  endfacet
  facet normal -0 0 1
    outer loop
      vertex 1.73961 -5.73473 8.6
      vertex 1.74171 -5.74164 8.6
      vertex 2.29333 -5.5366 8.6
    endloop
  endfacet
  facet normal 0 0 1
    outer loop
      vertex 1.73961 -5.73473 8.6
      vertex 1.17054 -5.88471 8.6
      vertex 1.74171 -5.74164 8.6
    endloop
  endfacet
  facet normal -0 0 1
    outer loop
      vertex 1.16913 -5.87762 8.6
      vertex 1.17054 -5.88471 8.6
      vertex 1.73961 -5.73473 8.6
    endloop
  endfacet
  facet normal 0 0 1
    outer loop
      vertex 1.16913 -5.87762 8.6
      vertex 0.588102 -5.97111 8.6
      vertex 1.17054 -5.88471 8.6
    endloop
  endfacet
  facet normal -0 0 1
    outer loop
      vertex 0.587394 -5.96392 8.6
      vertex 0.588102 -5.97111 8.6
      vertex 1.16913 -5.87762 8.6
    endloop
  endfacet
  facet normal 0 0 1
    outer loop
      vertex 0 -5.99277 8.6
      vertex 0.588102 -5.97111 8.6
      vertex 0.587394 -5.96392 8.6
    endloop
  endfacet
  facet normal -0 0 1
    outer loop
      vertex 0 -5.99277 8.6
      vertex 0 -6 8.6
      vertex 0.588102 -5.97111 8.6
    endloop
  endfacet
  facet normal 0 0 1
    outer loop
      vertex -0.587394 -5.96392 8.6
      vertex 0 -6 8.6
      vertex 0 -5.99277 8.6
    endloop
  endfacet
  facet normal 0 0 1
    outer loop
      vertex -0.587394 -5.96392 8.6
      vertex -0.588102 -5.97111 8.6
      vertex 0 -6 8.6
    endloop
  endfacet
  facet normal 0 0 1
    outer loop
      vertex -1.16913 -5.87762 8.6
      vertex -0.588102 -5.97111 8.6
      vertex -0.587394 -5.96392 8.6
    endloop
  endfacet
  facet normal 0 0 1
    outer loop
      vertex -1.16913 -5.87762 8.6
      vertex -1.17054 -5.88471 8.6
      vertex -0.588102 -5.97111 8.6
    endloop
  endfacet
  facet normal 0 0 1
    outer loop
      vertex -1.73961 -5.73473 8.6
      vertex -1.17054 -5.88471 8.6
      vertex -1.16913 -5.87762 8.6
    endloop
  endfacet
  facet normal 0 0 1
    outer loop
      vertex -1.73961 -5.73473 8.6
      vertex -1.74171 -5.74164 8.6
      vertex -1.17054 -5.88471 8.6
    endloop
  endfacet
  facet normal 0 0 1
    outer loop
      vertex -2.29333 -5.5366 8.6
      vertex -1.74171 -5.74164 8.6
      vertex -1.73961 -5.73473 8.6
    endloop
  endfacet
  facet normal 0 0 1
    outer loop
      vertex -2.29333 -5.5366 8.6
      vertex -2.2961 -5.54328 8.6
      vertex -1.74171 -5.74164 8.6
    endloop
  endfacet
  facet normal 0 0 1
    outer loop
      vertex -2.82497 -5.28515 8.6
      vertex -2.2961 -5.54328 8.6
      vertex -2.29333 -5.5366 8.6
    endloop
  endfacet
  facet normal 0 0 1
    outer loop
      vertex -2.82497 -5.28515 8.6
      vertex -2.82838 -5.29153 8.6
      vertex -2.2961 -5.54328 8.6
    endloop
  endfacet
  facet normal 0 0 1
    outer loop
      vertex -3.32941 -4.98281 8.6
      vertex -2.82838 -5.29153 8.6
      vertex -2.82497 -5.28515 8.6
    endloop
  endfacet
  facet normal 0 0 1
    outer loop
      vertex -3.32941 -4.98281 8.6
      vertex -3.33342 -4.98882 8.6
      vertex -2.82838 -5.29153 8.6
    endloop
  endfacet
  facet normal 0 0 1
    outer loop
      vertex -3.80177 -4.63248 8.6
      vertex -3.33342 -4.98882 8.6
      vertex -3.32941 -4.98281 8.6
    endloop
  endfacet
  facet normal 0 0 1
    outer loop
      vertex -3.80177 -4.63248 8.6
      vertex -3.80636 -4.63806 8.6
      vertex -3.33342 -4.98882 8.6
    endloop
  endfacet
  facet normal 0 0 1
    outer loop
      vertex -4.23753 -4.23753 8.6
      vertex -3.80636 -4.63806 8.6
      vertex -3.80177 -4.63248 8.6
    endloop
  endfacet
  facet normal 0 0 1
    outer loop
      vertex -4.23753 -4.23753 8.6
      vertex -4.24264 -4.24264 8.6
      vertex -3.80636 -4.63806 8.6
    endloop
  endfacet
  facet normal 0 0 1
    outer loop
      vertex -4.63248 -3.80177 8.6
      vertex -4.24264 -4.24264 8.6
      vertex -4.23753 -4.23753 8.6
    endloop
  endfacet
  facet normal 0 0 1
    outer loop
      vertex -4.63248 -3.80177 8.6
      vertex -4.63806 -3.80636 8.6
      vertex -4.24264 -4.24264 8.6
    endloop
  endfacet
  facet normal 0 0 1
    outer loop
      vertex -4.98281 -3.32941 8.6
      vertex -4.63806 -3.80636 8.6
      vertex -4.63248 -3.80177 8.6
    endloop
  endfacet
  facet normal 0 0 1
    outer loop
      vertex -4.98281 -3.32941 8.6
      vertex -4.98882 -3.33342 8.6
      vertex -4.63806 -3.80636 8.6
    endloop
  endfacet
  facet normal 0 0 1
    outer loop
      vertex -5.28515 -2.82497 8.6
      vertex -4.98882 -3.33342 8.6
      vertex -4.98281 -3.32941 8.6
    endloop
  endfacet
  facet normal 0 0 1
    outer loop
      vertex -5.28515 -2.82497 8.6
      vertex -5.29153 -2.82838 8.6
      vertex -4.98882 -3.33342 8.6
    endloop
  endfacet
  facet normal 0 0 1
    outer loop
      vertex -5.5366 -2.29333 8.6
      vertex -5.29153 -2.82838 8.6
      vertex -5.28515 -2.82497 8.6
    endloop
  endfacet
  facet normal 0 0 1
    outer loop
      vertex -5.5366 -2.29333 8.6
      vertex -5.54328 -2.2961 8.6
      vertex -5.29153 -2.82838 8.6
    endloop
  endfacet
  facet normal 0 0 1
    outer loop
      vertex -5.73473 -1.73961 8.6
      vertex -5.54328 -2.2961 8.6
      vertex -5.5366 -2.29333 8.6
    endloop
  endfacet
  facet normal 0 0 1
    outer loop
      vertex -5.73473 -1.73961 8.6
      vertex -5.74164 -1.74171 8.6
      vertex -5.54328 -2.2961 8.6
    endloop
  endfacet
  facet normal 0 0 1
    outer loop
      vertex -5.87762 -1.16913 8.6
      vertex -5.74164 -1.74171 8.6
      vertex -5.73473 -1.73961 8.6
    endloop
  endfacet
  facet normal 0 0 1
    outer loop
      vertex -5.87762 -1.16913 8.6
      vertex -5.88471 -1.17054 8.6
      vertex -5.74164 -1.74171 8.6
    endloop
  endfacet
  facet normal 0 0 1
    outer loop
      vertex -5.96392 -0.587394 8.6
      vertex -5.88471 -1.17054 8.6
      vertex -5.87762 -1.16913 8.6
    endloop
  endfacet
  facet normal 0 0 1
    outer loop
      vertex -5.96392 -0.587394 8.6
      vertex -5.97111 -0.588102 8.6
      vertex -5.88471 -1.17054 8.6
    endloop
  endfacet
  facet normal 0 0 1
    outer loop
      vertex -5.99277 0 8.6
      vertex -5.97111 -0.588102 8.6
      vertex -5.96392 -0.587394 8.6
    endloop
  endfacet
  facet normal 0 0 1
    outer loop
      vertex -5.97111 -0.588102 8.6
      vertex -5.99277 0 8.6
      vertex -6 0 8.6
    endloop
  endfacet
  facet normal -0.998796 0.049065 0
    outer loop
      vertex -6 0 4.6
      vertex -5.97111 0.588102 8.6
      vertex -5.97111 0.588102 4.6
    endloop
  endfacet
  facet normal -0.998796 0.049065 0
    outer loop
      vertex -5.97111 0.588102 8.6
      vertex -6 0 4.6
      vertex -6 0 8.6
    endloop
  endfacet
  facet normal -0.998796 0.049065 0
    outer loop
      vertex -6 0 2
      vertex -5.97111 0.588102 2.2
      vertex -5.97111 0.588102 2
    endloop
  endfacet
  facet normal -0.998796 0.049065 0
    outer loop
      vertex -5.97111 0.588102 2.2
      vertex -6 0 2
      vertex -6 0 2.2
    endloop
  endfacet
  facet normal -0.336884 -0.941546 0
    outer loop
      vertex -2.2961 -5.54328 4.6
      vertex -1.74171 -5.74164 8.6
      vertex -2.2961 -5.54328 8.6
    endloop
  endfacet
  facet normal -0.336884 -0.941546 -0
    outer loop
      vertex -1.74171 -5.74164 8.6
      vertex -2.2961 -5.54328 4.6
      vertex -1.74171 -5.74164 4.6
    endloop
  endfacet
  facet normal -0.336884 -0.941546 0
    outer loop
      vertex -2.2961 -5.54328 2
      vertex -1.74171 -5.74164 2.2
      vertex -2.2961 -5.54328 2.2
    endloop
  endfacet
  facet normal -0.336884 -0.941546 -0
    outer loop
      vertex -1.74171 -5.74164 2.2
      vertex -2.2961 -5.54328 2
      vertex -1.74171 -5.74164 2
    endloop
  endfacet
  facet normal 0.671558 -0.740952 0
    outer loop
      vertex 3.80636 -4.63806 4.6
      vertex 4.24264 -4.24264 8.6
      vertex 3.80636 -4.63806 8.6
    endloop
  endfacet
  facet normal 0.671558 -0.740952 0
    outer loop
      vertex 4.24264 -4.24264 8.6
      vertex 3.80636 -4.63806 4.6
      vertex 4.24264 -4.24264 4.6
    endloop
  endfacet
  facet normal 0.671558 -0.740952 0
    outer loop
      vertex 3.80636 -4.63806 2
      vertex 4.24264 -4.24264 2.2
      vertex 3.80636 -4.63806 2.2
    endloop
  endfacet
  facet normal 0.671558 -0.740952 0
    outer loop
      vertex 4.24264 -4.24264 2.2
      vertex 3.80636 -4.63806 2
      vertex 4.24264 -4.24264 2
    endloop
  endfacet
  facet normal 0.706448 -0.523934 -0.475841
    outer loop
      vertex 5.64298 -4.63107 4.6
      vertex 4.63806 -3.80636 2.2
      vertex 6.06973 -4.05566 4.6
    endloop
  endfacet
  facet normal 0.376052 -0.795086 -0.475839
    outer loop
      vertex 2.79359 -6.74432 4.6
      vertex 2.2961 -5.54328 2.2
      vertex 3.4412 -6.43802 4.6
    endloop
  endfacet
  facet normal 0.52394 -0.706444 -0.475839
    outer loop
      vertex 4.05566 -6.06973 4.6
      vertex 3.33342 -4.98882 2.2
      vertex 3.80636 -4.63806 2.2
    endloop
  endfacet
  facet normal 0.878473 0.0431548 -0.475839
    outer loop
      vertex 7.3 0 4.6
      vertex 6 0 2.2
      vertex 7.26485 0.715525 4.6
    endloop
  endfacet
  facet normal 0.878473 0.0431542 -0.475839
    outer loop
      vertex 6 0 2.2
      vertex 5.97111 0.588102 2.2
      vertex 7.26485 0.715525 4.6
    endloop
  endfacet
  facet normal -0.213711 -0.853173 -0.475839
    outer loop
      vertex -1.42416 -7.15973 4.6
      vertex -2.11908 -6.98566 4.6
      vertex -1.17054 -5.88471 2.2
    endloop
  endfacet
  facet normal 0.0431548 -0.878473 -0.475839
    outer loop
      vertex 0.715525 -7.26485 4.6
      vertex 0 -7.3 4.6
      vertex 0 -6 2.2
    endloop
  endfacet
  facet normal -0.795088 -0.376049 -0.475838
    outer loop
      vertex -5.29153 -2.82838 2.2
      vertex -6.43802 -3.4412 4.6
      vertex -5.54328 -2.2961 2.2
    endloop
  endfacet
  facet normal 0.870012 -0.129059 -0.475839
    outer loop
      vertex 7.15973 -1.42416 4.6
      vertex 5.88471 -1.17054 2.2
      vertex 7.26485 -0.715525 4.6
    endloop
  endfacet
  facet normal 0.376049 -0.795088 -0.475838
    outer loop
      vertex 3.4412 -6.43802 4.6
      vertex 2.2961 -5.54328 2.2
      vertex 2.82838 -5.29153 2.2
    endloop
  endfacet
  facet normal 0.795086 0.376052 -0.475839
    outer loop
      vertex 6.74432 2.79359 4.6
      vertex 5.54328 2.2961 2.2
      vertex 6.43802 3.4412 4.6
    endloop
  endfacet
  facet normal -0.706448 -0.523934 -0.475841
    outer loop
      vertex -5.64298 -4.63107 4.6
      vertex -6.06973 -4.05566 4.6
      vertex -4.63806 -3.80636 2.2
    endloop
  endfacet
  facet normal 0.853173 -0.213711 -0.475839
    outer loop
      vertex 6.98566 -2.11908 4.6
      vertex 5.88471 -1.17054 2.2
      vertex 7.15973 -1.42416 4.6
    endloop
  endfacet
  facet normal -0.590656 -0.651691 -0.475841
    outer loop
      vertex -3.80636 -4.63806 2.2
      vertex -4.63107 -5.64298 4.6
      vertex -4.24264 -4.24264 2.2
    endloop
  endfacet
  facet normal 0.82812 -0.296302 -0.475839
    outer loop
      vertex 6.74432 -2.79359 4.6
      vertex 5.74164 -1.74171 2.2
      vertex 6.98566 -2.11908 4.6
    endloop
  endfacet
  facet normal -0.213711 0.853173 -0.475839
    outer loop
      vertex -1.17054 5.88471 2.2
      vertex -2.11908 6.98566 4.6
      vertex -1.42416 7.15973 4.6
    endloop
  endfacet
  facet normal -0.523934 -0.706448 -0.475841
    outer loop
      vertex -4.05566 -6.06973 4.6
      vertex -4.63107 -5.64298 4.6
      vertex -3.80636 -4.63806 2.2
    endloop
  endfacet
  facet normal -0.853174 -0.213708 -0.475839
    outer loop
      vertex -5.74164 -1.74171 2.2
      vertex -6.98566 -2.11908 4.6
      vertex -5.88471 -1.17054 2.2
    endloop
  endfacet
  facet normal -0.651689 0.590659 -0.47584
    outer loop
      vertex -4.24264 4.24264 2.2
      vertex -5.64298 4.63107 4.6
      vertex -5.16188 5.16188 4.6
    endloop
  endfacet
  facet normal 0.870012 -0.129059 -0.475839
    outer loop
      vertex 7.26485 -0.715525 4.6
      vertex 5.88471 -1.17054 2.2
      vertex 5.97111 -0.588102 2.2
    endloop
  endfacet
  facet normal 0.296302 0.82812 -0.475839
    outer loop
      vertex 2.79359 6.74432 4.6
      vertex 1.74171 5.74164 2.2
      vertex 2.11908 6.98566 4.6
    endloop
  endfacet
  facet normal -0.129059 0.870012 -0.475839
    outer loop
      vertex -1.17054 5.88471 2.2
      vertex -1.42416 7.15973 4.6
      vertex -0.715525 7.26485 4.6
    endloop
  endfacet
  facet normal 0.129059 0.870012 -0.475839
    outer loop
      vertex 1.17054 5.88471 2.2
      vertex 0.588102 5.97111 2.2
      vertex 0.715525 7.26485 4.6
    endloop
  endfacet
  facet normal -0.376052 -0.795086 -0.475839
    outer loop
      vertex -2.79359 -6.74432 4.6
      vertex -3.4412 -6.43802 4.6
      vertex -2.2961 -5.54328 2.2
    endloop
  endfacet
  facet normal -0.870012 -0.129059 -0.475839
    outer loop
      vertex -5.88471 -1.17054 2.2
      vertex -7.26485 -0.715525 4.6
      vertex -5.97111 -0.588102 2.2
    endloop
  endfacet
  facet normal 0.129059 0.870012 -0.475839
    outer loop
      vertex 1.17054 5.88471 2.2
      vertex 0.715525 7.26485 4.6
      vertex 1.42416 7.15973 4.6
    endloop
  endfacet
  facet normal -0.651691 -0.590656 -0.475841
    outer loop
      vertex -4.24264 -4.24264 2.2
      vertex -5.64298 -4.63107 4.6
      vertex -4.63806 -3.80636 2.2
    endloop
  endfacet
  facet normal 0.754402 -0.452167 -0.475838
    outer loop
      vertex 6.06973 -4.05566 4.6
      vertex 5.29153 -2.82838 2.2
      vertex 6.43802 -3.4412 4.6
    endloop
  endfacet
  facet normal 0.795086 -0.376052 -0.475839
    outer loop
      vertex 6.43802 -3.4412 4.6
      vertex 5.54328 -2.2961 2.2
      vertex 6.74432 -2.79359 4.6
    endloop
  endfacet
  facet normal 0.651689 -0.590659 -0.47584
    outer loop
      vertex 5.16188 -5.16188 4.6
      vertex 4.24264 -4.24264 2.2
      vertex 5.64298 -4.63107 4.6
    endloop
  endfacet
  facet normal 0.651691 -0.590656 -0.475841
    outer loop
      vertex 5.64298 -4.63107 4.6
      vertex 4.24264 -4.24264 2.2
      vertex 4.63806 -3.80636 2.2
    endloop
  endfacet
  facet normal 0.878473 -0.0431542 -0.475839
    outer loop
      vertex 7.26485 -0.715525 4.6
      vertex 5.97111 -0.588102 2.2
      vertex 6 0 2.2
    endloop
  endfacet
  facet normal 0.7544 -0.452171 -0.475839
    outer loop
      vertex 6.06973 -4.05566 4.6
      vertex 4.98882 -3.33342 2.2
      vertex 5.29153 -2.82838 2.2
    endloop
  endfacet
  facet normal 0.878473 -0.0431548 -0.475839
    outer loop
      vertex 7.26485 -0.715525 4.6
      vertex 6 0 2.2
      vertex 7.3 0 4.6
    endloop
  endfacet
  facet normal -0.795086 0.376052 -0.475839
    outer loop
      vertex -5.54328 2.2961 2.2
      vertex -6.74432 2.79359 4.6
      vertex -6.43802 3.4412 4.6
    endloop
  endfacet
  facet normal 0.523934 -0.706448 -0.475841
    outer loop
      vertex 4.05566 -6.06973 4.6
      vertex 3.80636 -4.63806 2.2
      vertex 4.63107 -5.64298 4.6
    endloop
  endfacet
  facet normal -0.754402 -0.452167 -0.475838
    outer loop
      vertex -6.06973 -4.05566 4.6
      vertex -6.43802 -3.4412 4.6
      vertex -5.29153 -2.82838 2.2
    endloop
  endfacet
  facet normal 0.452167 -0.754402 -0.475838
    outer loop
      vertex 3.4412 -6.43802 4.6
      vertex 2.82838 -5.29153 2.2
      vertex 4.05566 -6.06973 4.6
    endloop
  endfacet
  facet normal -0.213708 -0.853174 -0.475839
    outer loop
      vertex -1.17054 -5.88471 2.2
      vertex -2.11908 -6.98566 4.6
      vertex -1.74171 -5.74164 2.2
    endloop
  endfacet
  facet normal 0.129059 -0.870012 -0.475839
    outer loop
      vertex 0.715525 -7.26485 4.6
      vertex 0.588102 -5.97111 2.2
      vertex 1.17054 -5.88471 2.2
    endloop
  endfacet
  facet normal 0.590656 -0.651691 -0.475841
    outer loop
      vertex 4.63107 -5.64298 4.6
      vertex 3.80636 -4.63806 2.2
      vertex 4.24264 -4.24264 2.2
    endloop
  endfacet
  facet normal 0.0431542 0.878473 -0.475839
    outer loop
      vertex 0.588102 5.97111 2.2
      vertex 0 6 2.2
      vertex 0.715525 7.26485 4.6
    endloop
  endfacet
  facet normal -0.7544 -0.452171 -0.475839
    outer loop
      vertex -4.98882 -3.33342 2.2
      vertex -6.06973 -4.05566 4.6
      vertex -5.29153 -2.82838 2.2
    endloop
  endfacet
  facet normal 0.853174 0.213708 -0.475839
    outer loop
      vertex 5.88471 1.17054 2.2
      vertex 5.74164 1.74171 2.2
      vertex 6.98566 2.11908 4.6
    endloop
  endfacet
  facet normal 0.523934 0.706448 -0.475841
    outer loop
      vertex 4.63107 5.64298 4.6
      vertex 3.80636 4.63806 2.2
      vertex 4.05566 6.06973 4.6
    endloop
  endfacet
  facet normal 0.828121 -0.2963 -0.475839
    outer loop
      vertex 6.74432 -2.79359 4.6
      vertex 5.54328 -2.2961 2.2
      vertex 5.74164 -1.74171 2.2
    endloop
  endfacet
  facet normal 0.376049 0.795088 -0.475838
    outer loop
      vertex 2.82838 5.29153 2.2
      vertex 2.2961 5.54328 2.2
      vertex 3.4412 6.43802 4.6
    endloop
  endfacet
  facet normal -0.870012 0.129059 -0.475839
    outer loop
      vertex -5.97111 0.588102 2.2
      vertex -7.26485 0.715525 4.6
      vertex -5.88471 1.17054 2.2
    endloop
  endfacet
  facet normal -0.590656 0.651691 -0.475841
    outer loop
      vertex -4.24264 4.24264 2.2
      vertex -4.63107 5.64298 4.6
      vertex -3.80636 4.63806 2.2
    endloop
  endfacet
  facet normal 0 0 1
    outer loop
      vertex 6 0 4.6
      vertex 7.3 0 4.6
      vertex 7.26485 0.715525 4.6
    endloop
  endfacet
  facet normal 0 0 1
    outer loop
      vertex 5.97111 0.588102 4.6
      vertex 7.26485 0.715525 4.6
      vertex 7.15973 1.42416 4.6
    endloop
  endfacet
  facet normal 0 0 1
    outer loop
      vertex 7.3 0 4.6
      vertex 6 0 4.6
      vertex 7.26485 -0.715525 4.6
    endloop
  endfacet
  facet normal 0 0 1
    outer loop
      vertex 5.88471 1.17054 4.6
      vertex 7.15973 1.42416 4.6
      vertex 6.98566 2.11908 4.6
    endloop
  endfacet
  facet normal -0 0 1
    outer loop
      vertex 5.97111 -0.588102 4.6
      vertex 7.26485 -0.715525 4.6
      vertex 6 0 4.6
    endloop
  endfacet
  facet normal 0 0 1
    outer loop
      vertex 5.74164 1.74171 4.6
      vertex 6.98566 2.11908 4.6
      vertex 6.74432 2.79359 4.6
    endloop
  endfacet
  facet normal 0 0 1
    outer loop
      vertex 7.26485 -0.715525 4.6
      vertex 5.97111 -0.588102 4.6
      vertex 7.15973 -1.42416 4.6
    endloop
  endfacet
  facet normal 0 0 1
    outer loop
      vertex 5.54328 2.2961 4.6
      vertex 6.74432 2.79359 4.6
      vertex 6.43802 3.4412 4.6
    endloop
  endfacet
  facet normal -0 0 1
    outer loop
      vertex 5.88471 -1.17054 4.6
      vertex 7.15973 -1.42416 4.6
      vertex 5.97111 -0.588102 4.6
    endloop
  endfacet
  facet normal 0 0 1
    outer loop
      vertex 5.29153 2.82838 4.6
      vertex 6.43802 3.4412 4.6
      vertex 6.06973 4.05566 4.6
    endloop
  endfacet
  facet normal 0 0 1
    outer loop
      vertex 7.15973 -1.42416 4.6
      vertex 5.88471 -1.17054 4.6
      vertex 6.98566 -2.11908 4.6
    endloop
  endfacet
  facet normal -0 0 1
    outer loop
      vertex 5.74164 -1.74171 4.6
      vertex 6.98566 -2.11908 4.6
      vertex 5.88471 -1.17054 4.6
    endloop
  endfacet
  facet normal 0 0 1
    outer loop
      vertex 7.26485 0.715525 4.6
      vertex 5.97111 0.588102 4.6
      vertex 6 0 4.6
    endloop
  endfacet
  facet normal 0 0 1
    outer loop
      vertex 7.15973 1.42416 4.6
      vertex 5.88471 1.17054 4.6
      vertex 5.97111 0.588102 4.6
    endloop
  endfacet
  facet normal 0 0 1
    outer loop
      vertex 6.98566 2.11908 4.6
      vertex 5.74164 1.74171 4.6
      vertex 5.88471 1.17054 4.6
    endloop
  endfacet
  facet normal 0 0 1
    outer loop
      vertex 4.98882 3.33342 4.6
      vertex 6.06973 4.05566 4.6
      vertex 5.64298 4.63107 4.6
    endloop
  endfacet
  facet normal 0 0 1
    outer loop
      vertex 6.74432 2.79359 4.6
      vertex 5.54328 2.2961 4.6
      vertex 5.74164 1.74171 4.6
    endloop
  endfacet
  facet normal 0 0 1
    outer loop
      vertex 6.43802 3.4412 4.6
      vertex 5.29153 2.82838 4.6
      vertex 5.54328 2.2961 4.6
    endloop
  endfacet
  facet normal 0 0 1
    outer loop
      vertex 4.63806 3.80636 4.6
      vertex 5.64298 4.63107 4.6
      vertex 5.16188 5.16188 4.6
    endloop
  endfacet
  facet normal 0 0 1
    outer loop
      vertex 6.06973 4.05566 4.6
      vertex 4.98882 3.33342 4.6
      vertex 5.29153 2.82838 4.6
    endloop
  endfacet
  facet normal 0 0 1
    outer loop
      vertex 5.64298 4.63107 4.6
      vertex 4.63806 3.80636 4.6
      vertex 4.98882 3.33342 4.6
    endloop
  endfacet
  facet normal 0 0 1
    outer loop
      vertex 4.24264 4.24264 4.6
      vertex 5.16188 5.16188 4.6
      vertex 4.63107 5.64298 4.6
    endloop
  endfacet
  facet normal 0 0 1
    outer loop
      vertex 5.16188 5.16188 4.6
      vertex 4.24264 4.24264 4.6
      vertex 4.63806 3.80636 4.6
    endloop
  endfacet
  facet normal 0 0 1
    outer loop
      vertex 3.80636 4.63806 4.6
      vertex 4.63107 5.64298 4.6
      vertex 4.05566 6.06973 4.6
    endloop
  endfacet
  facet normal 0 0 1
    outer loop
      vertex 4.63107 5.64298 4.6
      vertex 3.80636 4.63806 4.6
      vertex 4.24264 4.24264 4.6
    endloop
  endfacet
  facet normal 0 0 1
    outer loop
      vertex 3.33342 4.98882 4.6
      vertex 4.05566 6.06973 4.6
      vertex 3.4412 6.43802 4.6
    endloop
  endfacet
  facet normal 0 0 1
    outer loop
      vertex 4.05566 6.06973 4.6
      vertex 3.33342 4.98882 4.6
      vertex 3.80636 4.63806 4.6
    endloop
  endfacet
  facet normal 0 0 1
    outer loop
      vertex 3.4412 6.43802 4.6
      vertex 2.82838 5.29153 4.6
      vertex 3.33342 4.98882 4.6
    endloop
  endfacet
  facet normal 0 0 1
    outer loop
      vertex 2.79359 6.74432 4.6
      vertex 2.82838 5.29153 4.6
      vertex 3.4412 6.43802 4.6
    endloop
  endfacet
  facet normal 0 0 1
    outer loop
      vertex 2.79359 6.74432 4.6
      vertex 2.2961 5.54328 4.6
      vertex 2.82838 5.29153 4.6
    endloop
  endfacet
  facet normal 0 0 1
    outer loop
      vertex 2.11908 6.98566 4.6
      vertex 2.2961 5.54328 4.6
      vertex 2.79359 6.74432 4.6
    endloop
  endfacet
  facet normal 0 0 1
    outer loop
      vertex 2.11908 6.98566 4.6
      vertex 1.74171 5.74164 4.6
      vertex 2.2961 5.54328 4.6
    endloop
  endfacet
  facet normal 0 0 1
    outer loop
      vertex 1.42416 7.15973 4.6
      vertex 1.74171 5.74164 4.6
      vertex 2.11908 6.98566 4.6
    endloop
  endfacet
  facet normal 0 0 1
    outer loop
      vertex 1.42416 7.15973 4.6
      vertex 1.17054 5.88471 4.6
      vertex 1.74171 5.74164 4.6
    endloop
  endfacet
  facet normal 0 0 1
    outer loop
      vertex 0.715525 7.26485 4.6
      vertex 1.17054 5.88471 4.6
      vertex 1.42416 7.15973 4.6
    endloop
  endfacet
  facet normal 0 0 1
    outer loop
      vertex 0.715525 7.26485 4.6
      vertex 0.588102 5.97111 4.6
      vertex 1.17054 5.88471 4.6
    endloop
  endfacet
  facet normal 0 0 1
    outer loop
      vertex 0 7.3 4.6
      vertex 0.588102 5.97111 4.6
      vertex 0.715525 7.26485 4.6
    endloop
  endfacet
  facet normal 0 0 1
    outer loop
      vertex 0 7.3 4.6
      vertex 0 6 4.6
      vertex 0.588102 5.97111 4.6
    endloop
  endfacet
  facet normal 0 0 1
    outer loop
      vertex 0 7.3 4.6
      vertex -0.588102 5.97111 4.6
      vertex 0 6 4.6
    endloop
  endfacet
  facet normal -0 0 1
    outer loop
      vertex -0.715525 7.26485 4.6
      vertex -0.588102 5.97111 4.6
      vertex 0 7.3 4.6
    endloop
  endfacet
  facet normal 0 0 1
    outer loop
      vertex -0.715525 7.26485 4.6
      vertex -1.17054 5.88471 4.6
      vertex -0.588102 5.97111 4.6
    endloop
  endfacet
  facet normal -0 0 1
    outer loop
      vertex -1.42416 7.15973 4.6
      vertex -1.17054 5.88471 4.6
      vertex -0.715525 7.26485 4.6
    endloop
  endfacet
  facet normal 0 0 1
    outer loop
      vertex -1.42416 7.15973 4.6
      vertex -1.74171 5.74164 4.6
      vertex -1.17054 5.88471 4.6
    endloop
  endfacet
  facet normal -0 0 1
    outer loop
      vertex -2.11908 6.98566 4.6
      vertex -1.74171 5.74164 4.6
      vertex -1.42416 7.15973 4.6
    endloop
  endfacet
  facet normal 0 0 1
    outer loop
      vertex -2.11908 6.98566 4.6
      vertex -2.2961 5.54328 4.6
      vertex -1.74171 5.74164 4.6
    endloop
  endfacet
  facet normal -0 0 1
    outer loop
      vertex -2.79359 6.74432 4.6
      vertex -2.2961 5.54328 4.6
      vertex -2.11908 6.98566 4.6
    endloop
  endfacet
  facet normal 0 0 1
    outer loop
      vertex -2.79359 6.74432 4.6
      vertex -2.82838 5.29153 4.6
      vertex -2.2961 5.54328 4.6
    endloop
  endfacet
  facet normal -0 0 1
    outer loop
      vertex -3.4412 6.43802 4.6
      vertex -2.82838 5.29153 4.6
      vertex -2.79359 6.74432 4.6
    endloop
  endfacet
  facet normal 0 0 1
    outer loop
      vertex -2.82838 5.29153 4.6
      vertex -3.4412 6.43802 4.6
      vertex -3.33342 4.98882 4.6
    endloop
  endfacet
  facet normal -0 0 1
    outer loop
      vertex -4.05566 6.06973 4.6
      vertex -3.33342 4.98882 4.6
      vertex -3.4412 6.43802 4.6
    endloop
  endfacet
  facet normal 0 0 1
    outer loop
      vertex -3.33342 4.98882 4.6
      vertex -4.05566 6.06973 4.6
      vertex -3.80636 4.63806 4.6
    endloop
  endfacet
  facet normal -0 0 1
    outer loop
      vertex -4.63107 5.64298 4.6
      vertex -3.80636 4.63806 4.6
      vertex -4.05566 6.06973 4.6
    endloop
  endfacet
  facet normal 0 0 1
    outer loop
      vertex -3.80636 4.63806 4.6
      vertex -4.63107 5.64298 4.6
      vertex -4.24264 4.24264 4.6
    endloop
  endfacet
  facet normal -0 0 1
    outer loop
      vertex -5.16188 5.16188 4.6
      vertex -4.24264 4.24264 4.6
      vertex -4.63107 5.64298 4.6
    endloop
  endfacet
  facet normal 0 0 1
    outer loop
      vertex -4.24264 4.24264 4.6
      vertex -5.16188 5.16188 4.6
      vertex -4.63806 3.80636 4.6
    endloop
  endfacet
  facet normal -0 0 1
    outer loop
      vertex -5.64298 4.63107 4.6
      vertex -4.63806 3.80636 4.6
      vertex -5.16188 5.16188 4.6
    endloop
  endfacet
  facet normal 0 0 1
    outer loop
      vertex -4.63806 3.80636 4.6
      vertex -5.64298 4.63107 4.6
      vertex -4.98882 3.33342 4.6
    endloop
  endfacet
  facet normal -0 0 1
    outer loop
      vertex -6.06973 4.05566 4.6
      vertex -4.98882 3.33342 4.6
      vertex -5.64298 4.63107 4.6
    endloop
  endfacet
  facet normal 0 0 1
    outer loop
      vertex -4.98882 3.33342 4.6
      vertex -6.06973 4.05566 4.6
      vertex -5.29153 2.82838 4.6
    endloop
  endfacet
  facet normal -0 0 1
    outer loop
      vertex -6.43802 3.4412 4.6
      vertex -5.29153 2.82838 4.6
      vertex -6.06973 4.05566 4.6
    endloop
  endfacet
  facet normal 0 0 1
    outer loop
      vertex -5.29153 2.82838 4.6
      vertex -6.43802 3.4412 4.6
      vertex -5.54328 2.2961 4.6
    endloop
  endfacet
  facet normal -0 0 1
    outer loop
      vertex -6.74432 2.79359 4.6
      vertex -5.54328 2.2961 4.6
      vertex -6.43802 3.4412 4.6
    endloop
  endfacet
  facet normal -0 0 1
    outer loop
      vertex -6.98566 2.11908 4.6
      vertex -5.74164 1.74171 4.6
      vertex -6.74432 2.79359 4.6
    endloop
  endfacet
  facet normal 0 0 1
    outer loop
      vertex -5.54328 2.2961 4.6
      vertex -6.74432 2.79359 4.6
      vertex -5.74164 1.74171 4.6
    endloop
  endfacet
  facet normal 0 0 1
    outer loop
      vertex 6.98566 -2.11908 4.6
      vertex 5.74164 -1.74171 4.6
      vertex 6.74432 -2.79359 4.6
    endloop
  endfacet
  facet normal -0 0 1
    outer loop
      vertex 5.54328 -2.2961 4.6
      vertex 6.74432 -2.79359 4.6
      vertex 5.74164 -1.74171 4.6
    endloop
  endfacet
  facet normal 0 0 1
    outer loop
      vertex 6.74432 -2.79359 4.6
      vertex 5.54328 -2.2961 4.6
      vertex 6.43802 -3.4412 4.6
    endloop
  endfacet
  facet normal -0 0 1
    outer loop
      vertex 5.29153 -2.82838 4.6
      vertex 6.43802 -3.4412 4.6
      vertex 5.54328 -2.2961 4.6
    endloop
  endfacet
  facet normal 0 0 1
    outer loop
      vertex 6.43802 -3.4412 4.6
      vertex 5.29153 -2.82838 4.6
      vertex 6.06973 -4.05566 4.6
    endloop
  endfacet
  facet normal -0 0 1
    outer loop
      vertex 4.98882 -3.33342 4.6
      vertex 6.06973 -4.05566 4.6
      vertex 5.29153 -2.82838 4.6
    endloop
  endfacet
  facet normal 0 0 1
    outer loop
      vertex 6.06973 -4.05566 4.6
      vertex 4.98882 -3.33342 4.6
      vertex 5.64298 -4.63107 4.6
    endloop
  endfacet
  facet normal -0 0 1
    outer loop
      vertex 4.63806 -3.80636 4.6
      vertex 5.64298 -4.63107 4.6
      vertex 4.98882 -3.33342 4.6
    endloop
  endfacet
  facet normal 0 0 1
    outer loop
      vertex 5.64298 -4.63107 4.6
      vertex 4.63806 -3.80636 4.6
      vertex 5.16188 -5.16188 4.6
    endloop
  endfacet
  facet normal -0 0 1
    outer loop
      vertex 4.24264 -4.24264 4.6
      vertex 5.16188 -5.16188 4.6
      vertex 4.63806 -3.80636 4.6
    endloop
  endfacet
  facet normal 0 0 1
    outer loop
      vertex 5.16188 -5.16188 4.6
      vertex 4.24264 -4.24264 4.6
      vertex 4.63107 -5.64298 4.6
    endloop
  endfacet
  facet normal -0 0 1
    outer loop
      vertex 3.80636 -4.63806 4.6
      vertex 4.63107 -5.64298 4.6
      vertex 4.24264 -4.24264 4.6
    endloop
  endfacet
  facet normal 0 0 1
    outer loop
      vertex 4.63107 -5.64298 4.6
      vertex 3.80636 -4.63806 4.6
      vertex 4.05566 -6.06973 4.6
    endloop
  endfacet
  facet normal -0 0 1
    outer loop
      vertex 3.33342 -4.98882 4.6
      vertex 4.05566 -6.06973 4.6
      vertex 3.80636 -4.63806 4.6
    endloop
  endfacet
  facet normal 0 0 1
    outer loop
      vertex 4.05566 -6.06973 4.6
      vertex 3.33342 -4.98882 4.6
      vertex 3.4412 -6.43802 4.6
    endloop
  endfacet
  facet normal -0 0 1
    outer loop
      vertex 2.82838 -5.29153 4.6
      vertex 3.4412 -6.43802 4.6
      vertex 3.33342 -4.98882 4.6
    endloop
  endfacet
  facet normal 0 0 1
    outer loop
      vertex 2.82838 -5.29153 4.6
      vertex 2.79359 -6.74432 4.6
      vertex 3.4412 -6.43802 4.6
    endloop
  endfacet
  facet normal -0 0 1
    outer loop
      vertex 2.2961 -5.54328 4.6
      vertex 2.79359 -6.74432 4.6
      vertex 2.82838 -5.29153 4.6
    endloop
  endfacet
  facet normal 0 0 1
    outer loop
      vertex 2.2961 -5.54328 4.6
      vertex 2.11908 -6.98566 4.6
      vertex 2.79359 -6.74432 4.6
    endloop
  endfacet
  facet normal -0 0 1
    outer loop
      vertex 1.74171 -5.74164 4.6
      vertex 2.11908 -6.98566 4.6
      vertex 2.2961 -5.54328 4.6
    endloop
  endfacet
  facet normal 0 0 1
    outer loop
      vertex 1.74171 -5.74164 4.6
      vertex 1.42416 -7.15973 4.6
      vertex 2.11908 -6.98566 4.6
    endloop
  endfacet
  facet normal -0 0 1
    outer loop
      vertex 1.17054 -5.88471 4.6
      vertex 1.42416 -7.15973 4.6
      vertex 1.74171 -5.74164 4.6
    endloop
  endfacet
  facet normal 0 0 1
    outer loop
      vertex 1.17054 -5.88471 4.6
      vertex 0.715525 -7.26485 4.6
      vertex 1.42416 -7.15973 4.6
    endloop
  endfacet
  facet normal -0 0 1
    outer loop
      vertex 0.588102 -5.97111 4.6
      vertex 0.715525 -7.26485 4.6
      vertex 1.17054 -5.88471 4.6
    endloop
  endfacet
  facet normal -0 0 1
    outer loop
      vertex 0 -6 4.6
      vertex 0.715525 -7.26485 4.6
      vertex 0.588102 -5.97111 4.6
    endloop
  endfacet
  facet normal 0 0 1
    outer loop
      vertex 0 -6 4.6
      vertex 0 -7.3 4.6
      vertex 0.715525 -7.26485 4.6
    endloop
  endfacet
  facet normal 0 0 1
    outer loop
      vertex -0.588102 -5.97111 4.6
      vertex 0 -7.3 4.6
      vertex 0 -6 4.6
    endloop
  endfacet
  facet normal 0 0 1
    outer loop
      vertex -0.588102 -5.97111 4.6
      vertex -0.715525 -7.26485 4.6
      vertex 0 -7.3 4.6
    endloop
  endfacet
  facet normal 0 0 1
    outer loop
      vertex -1.17054 -5.88471 4.6
      vertex -0.715525 -7.26485 4.6
      vertex -0.588102 -5.97111 4.6
    endloop
  endfacet
  facet normal 0 0 1
    outer loop
      vertex -1.17054 -5.88471 4.6
      vertex -1.42416 -7.15973 4.6
      vertex -0.715525 -7.26485 4.6
    endloop
  endfacet
  facet normal 0 0 1
    outer loop
      vertex -1.74171 -5.74164 4.6
      vertex -1.42416 -7.15973 4.6
      vertex -1.17054 -5.88471 4.6
    endloop
  endfacet
  facet normal 0 0 1
    outer loop
      vertex -1.74171 -5.74164 4.6
      vertex -2.11908 -6.98566 4.6
      vertex -1.42416 -7.15973 4.6
    endloop
  endfacet
  facet normal 0 0 1
    outer loop
      vertex -2.2961 -5.54328 4.6
      vertex -2.11908 -6.98566 4.6
      vertex -1.74171 -5.74164 4.6
    endloop
  endfacet
  facet normal 0 0 1
    outer loop
      vertex -2.2961 -5.54328 4.6
      vertex -2.79359 -6.74432 4.6
      vertex -2.11908 -6.98566 4.6
    endloop
  endfacet
  facet normal 0 0 1
    outer loop
      vertex -2.82838 -5.29153 4.6
      vertex -2.79359 -6.74432 4.6
      vertex -2.2961 -5.54328 4.6
    endloop
  endfacet
  facet normal 0 0 1
    outer loop
      vertex -3.4412 -6.43802 4.6
      vertex -2.82838 -5.29153 4.6
      vertex -3.33342 -4.98882 4.6
    endloop
  endfacet
  facet normal 0 0 1
    outer loop
      vertex -2.82838 -5.29153 4.6
      vertex -3.4412 -6.43802 4.6
      vertex -2.79359 -6.74432 4.6
    endloop
  endfacet
  facet normal 0 0 1
    outer loop
      vertex -4.05566 -6.06973 4.6
      vertex -3.33342 -4.98882 4.6
      vertex -3.80636 -4.63806 4.6
    endloop
  endfacet
  facet normal 0 0 1
    outer loop
      vertex -3.33342 -4.98882 4.6
      vertex -4.05566 -6.06973 4.6
      vertex -3.4412 -6.43802 4.6
    endloop
  endfacet
  facet normal 0 0 1
    outer loop
      vertex -4.63107 -5.64298 4.6
      vertex -3.80636 -4.63806 4.6
      vertex -4.24264 -4.24264 4.6
    endloop
  endfacet
  facet normal 0 0 1
    outer loop
      vertex -3.80636 -4.63806 4.6
      vertex -4.63107 -5.64298 4.6
      vertex -4.05566 -6.06973 4.6
    endloop
  endfacet
  facet normal 0 0 1
    outer loop
      vertex -5.16188 -5.16188 4.6
      vertex -4.24264 -4.24264 4.6
      vertex -4.63806 -3.80636 4.6
    endloop
  endfacet
  facet normal 0 0 1
    outer loop
      vertex -5.64298 -4.63107 4.6
      vertex -4.63806 -3.80636 4.6
      vertex -4.98882 -3.33342 4.6
    endloop
  endfacet
  facet normal 0 0 1
    outer loop
      vertex -4.24264 -4.24264 4.6
      vertex -5.16188 -5.16188 4.6
      vertex -4.63107 -5.64298 4.6
    endloop
  endfacet
  facet normal 0 0 1
    outer loop
      vertex -6.06973 -4.05566 4.6
      vertex -4.98882 -3.33342 4.6
      vertex -5.29153 -2.82838 4.6
    endloop
  endfacet
  facet normal 0 0 1
    outer loop
      vertex -6.43802 -3.4412 4.6
      vertex -5.29153 -2.82838 4.6
      vertex -5.54328 -2.2961 4.6
    endloop
  endfacet
  facet normal 0 0 1
    outer loop
      vertex -4.63806 -3.80636 4.6
      vertex -5.64298 -4.63107 4.6
      vertex -5.16188 -5.16188 4.6
    endloop
  endfacet
  facet normal 0 0 1
    outer loop
      vertex -6.74432 -2.79359 4.6
      vertex -5.54328 -2.2961 4.6
      vertex -5.74164 -1.74171 4.6
    endloop
  endfacet
  facet normal 0 0 1
    outer loop
      vertex -6.98566 -2.11908 4.6
      vertex -5.74164 -1.74171 4.6
      vertex -5.88471 -1.17054 4.6
    endloop
  endfacet
  facet normal 0 0 1
    outer loop
      vertex -7.15973 -1.42416 4.6
      vertex -5.88471 -1.17054 4.6
      vertex -5.97111 -0.588102 4.6
    endloop
  endfacet
  facet normal 0 0 1
    outer loop
      vertex -4.98882 -3.33342 4.6
      vertex -6.06973 -4.05566 4.6
      vertex -5.64298 -4.63107 4.6
    endloop
  endfacet
  facet normal 0 0 1
    outer loop
      vertex -7.26485 -0.715525 4.6
      vertex -5.97111 -0.588102 4.6
      vertex -6 0 4.6
    endloop
  endfacet
  facet normal 0 0 1
    outer loop
      vertex -5.74164 1.74171 4.6
      vertex -6.98566 2.11908 4.6
      vertex -5.88471 1.17054 4.6
    endloop
  endfacet
  facet normal -0 0 1
    outer loop
      vertex -7.15973 1.42416 4.6
      vertex -5.88471 1.17054 4.6
      vertex -6.98566 2.11908 4.6
    endloop
  endfacet
  facet normal 0 0 1
    outer loop
      vertex -5.29153 -2.82838 4.6
      vertex -6.43802 -3.4412 4.6
      vertex -6.06973 -4.05566 4.6
    endloop
  endfacet
  facet normal 0 0 1
    outer loop
      vertex -5.88471 1.17054 4.6
      vertex -7.15973 1.42416 4.6
      vertex -5.97111 0.588102 4.6
    endloop
  endfacet
  facet normal 0 0 1
    outer loop
      vertex -5.54328 -2.2961 4.6
      vertex -6.74432 -2.79359 4.6
      vertex -6.43802 -3.4412 4.6
    endloop
  endfacet
  facet normal -0 0 1
    outer loop
      vertex -7.26485 0.715525 4.6
      vertex -5.97111 0.588102 4.6
      vertex -7.15973 1.42416 4.6
    endloop
  endfacet
  facet normal 0 0 1
    outer loop
      vertex -5.74164 -1.74171 4.6
      vertex -6.98566 -2.11908 4.6
      vertex -6.74432 -2.79359 4.6
    endloop
  endfacet
  facet normal 0 0 1
    outer loop
      vertex -5.97111 0.588102 4.6
      vertex -7.26485 0.715525 4.6
      vertex -6 0 4.6
    endloop
  endfacet
  facet normal 0 0 1
    outer loop
      vertex -5.88471 -1.17054 4.6
      vertex -7.15973 -1.42416 4.6
      vertex -6.98566 -2.11908 4.6
    endloop
  endfacet
  facet normal 0 0 1
    outer loop
      vertex -7.3 0 4.6
      vertex -6 0 4.6
      vertex -7.26485 0.715525 4.6
    endloop
  endfacet
  facet normal 0 0 1
    outer loop
      vertex -5.97111 -0.588102 4.6
      vertex -7.26485 -0.715525 4.6
      vertex -7.15973 -1.42416 4.6
    endloop
  endfacet
  facet normal 0 0 1
    outer loop
      vertex -6 0 4.6
      vertex -7.3 0 4.6
      vertex -7.26485 -0.715525 4.6
    endloop
  endfacet
  facet normal 0.706444 0.52394 -0.475839
    outer loop
      vertex 4.98882 3.33342 2.2
      vertex 4.63806 3.80636 2.2
      vertex 6.06973 4.05566 4.6
    endloop
  endfacet
  facet normal 0.706444 -0.52394 -0.475839
    outer loop
      vertex 6.06973 -4.05566 4.6
      vertex 4.63806 -3.80636 2.2
      vertex 4.98882 -3.33342 2.2
    endloop
  endfacet
  facet normal 0.795088 -0.376049 -0.475838
    outer loop
      vertex 6.43802 -3.4412 4.6
      vertex 5.29153 -2.82838 2.2
      vertex 5.54328 -2.2961 2.2
    endloop
  endfacet
  facet normal 0.129059 -0.870012 -0.475839
    outer loop
      vertex 1.42416 -7.15973 4.6
      vertex 0.715525 -7.26485 4.6
      vertex 1.17054 -5.88471 2.2
    endloop
  endfacet
  facet normal -0.82812 0.296302 -0.475839
    outer loop
      vertex -5.74164 1.74171 2.2
      vertex -6.98566 2.11908 4.6
      vertex -6.74432 2.79359 4.6
    endloop
  endfacet
  facet normal 0.82812 0.296302 -0.475839
    outer loop
      vertex 6.98566 2.11908 4.6
      vertex 5.74164 1.74171 2.2
      vertex 6.74432 2.79359 4.6
    endloop
  endfacet
  facet normal 0.0431542 -0.878473 -0.475839
    outer loop
      vertex 0.715525 -7.26485 4.6
      vertex 0 -6 2.2
      vertex 0.588102 -5.97111 2.2
    endloop
  endfacet
  facet normal -0.0431548 -0.878473 -0.475839
    outer loop
      vertex 0 -7.3 4.6
      vertex -0.715525 -7.26485 4.6
      vertex 0 -6 2.2
    endloop
  endfacet
  facet normal -0.870012 -0.129059 -0.475839
    outer loop
      vertex -7.15973 -1.42416 4.6
      vertex -7.26485 -0.715525 4.6
      vertex -5.88471 -1.17054 2.2
    endloop
  endfacet
  facet normal 0.590659 -0.651689 -0.47584
    outer loop
      vertex 4.63107 -5.64298 4.6
      vertex 4.24264 -4.24264 2.2
      vertex 5.16188 -5.16188 4.6
    endloop
  endfacet
  facet normal -0.376049 -0.795088 -0.475838
    outer loop
      vertex -2.2961 -5.54328 2.2
      vertex -3.4412 -6.43802 4.6
      vertex -2.82838 -5.29153 2.2
    endloop
  endfacet
  facet normal 0.754402 0.452167 -0.475838
    outer loop
      vertex 6.43802 3.4412 4.6
      vertex 5.29153 2.82838 2.2
      vertex 6.06973 4.05566 4.6
    endloop
  endfacet
  facet normal -0.52394 -0.706444 -0.475839
    outer loop
      vertex -3.33342 -4.98882 2.2
      vertex -4.05566 -6.06973 4.6
      vertex -3.80636 -4.63806 2.2
    endloop
  endfacet
  facet normal -0.2963 0.828121 -0.475839
    outer loop
      vertex -2.2961 5.54328 2.2
      vertex -2.79359 6.74432 4.6
      vertex -1.74171 5.74164 2.2
    endloop
  endfacet
  facet normal 0.651689 0.590659 -0.47584
    outer loop
      vertex 5.64298 4.63107 4.6
      vertex 4.24264 4.24264 2.2
      vertex 5.16188 5.16188 4.6
    endloop
  endfacet
  facet normal 0.7544 0.452171 -0.475839
    outer loop
      vertex 5.29153 2.82838 2.2
      vertex 4.98882 3.33342 2.2
      vertex 6.06973 4.05566 4.6
    endloop
  endfacet
  facet normal -0.706448 0.523934 -0.475841
    outer loop
      vertex -4.63806 3.80636 2.2
      vertex -6.06973 4.05566 4.6
      vertex -5.64298 4.63107 4.6
    endloop
  endfacet
  facet normal 0.452167 0.754402 -0.475838
    outer loop
      vertex 4.05566 6.06973 4.6
      vertex 2.82838 5.29153 2.2
      vertex 3.4412 6.43802 4.6
    endloop
  endfacet
  facet normal 0.2963 -0.828121 -0.475839
    outer loop
      vertex 2.79359 -6.74432 4.6
      vertex 1.74171 -5.74164 2.2
      vertex 2.2961 -5.54328 2.2
    endloop
  endfacet
  facet normal -0.296302 -0.82812 -0.475839
    outer loop
      vertex -2.11908 -6.98566 4.6
      vertex -2.79359 -6.74432 4.6
      vertex -1.74171 -5.74164 2.2
    endloop
  endfacet
  facet normal -0.795086 -0.376052 -0.475839
    outer loop
      vertex -6.43802 -3.4412 4.6
      vertex -6.74432 -2.79359 4.6
      vertex -5.54328 -2.2961 2.2
    endloop
  endfacet
  facet normal -0.7544 0.452171 -0.475839
    outer loop
      vertex -5.29153 2.82838 2.2
      vertex -6.06973 4.05566 4.6
      vertex -4.98882 3.33342 2.2
    endloop
  endfacet
  facet normal -0.754402 0.452167 -0.475838
    outer loop
      vertex -5.29153 2.82838 2.2
      vertex -6.43802 3.4412 4.6
      vertex -6.06973 4.05566 4.6
    endloop
  endfacet
  facet normal -0.0431548 0.878473 -0.475839
    outer loop
      vertex 0 6 2.2
      vertex -0.715525 7.26485 4.6
      vertex 0 7.3 4.6
    endloop
  endfacet
  facet normal 0.853174 -0.213708 -0.475839
    outer loop
      vertex 6.98566 -2.11908 4.6
      vertex 5.74164 -1.74171 2.2
      vertex 5.88471 -1.17054 2.2
    endloop
  endfacet
  facet normal -0.590659 -0.651689 -0.47584
    outer loop
      vertex -4.63107 -5.64298 4.6
      vertex -5.16188 -5.16188 4.6
      vertex -4.24264 -4.24264 2.2
    endloop
  endfacet
  facet normal -0.651689 -0.590659 -0.47584
    outer loop
      vertex -5.16188 -5.16188 4.6
      vertex -5.64298 -4.63107 4.6
      vertex -4.24264 -4.24264 2.2
    endloop
  endfacet
  facet normal 0.452171 -0.7544 -0.475839
    outer loop
      vertex 4.05566 -6.06973 4.6
      vertex 2.82838 -5.29153 2.2
      vertex 3.33342 -4.98882 2.2
    endloop
  endfacet
  facet normal -0.452171 -0.7544 -0.475839
    outer loop
      vertex -2.82838 -5.29153 2.2
      vertex -4.05566 -6.06973 4.6
      vertex -3.33342 -4.98882 2.2
    endloop
  endfacet
  facet normal -0.452167 -0.754402 -0.475838
    outer loop
      vertex -3.4412 -6.43802 4.6
      vertex -4.05566 -6.06973 4.6
      vertex -2.82838 -5.29153 2.2
    endloop
  endfacet
  facet normal -0.2963 -0.828121 -0.475839
    outer loop
      vertex -1.74171 -5.74164 2.2
      vertex -2.79359 -6.74432 4.6
      vertex -2.2961 -5.54328 2.2
    endloop
  endfacet
  facet normal -0.452167 0.754402 -0.475838
    outer loop
      vertex -2.82838 5.29153 2.2
      vertex -4.05566 6.06973 4.6
      vertex -3.4412 6.43802 4.6
    endloop
  endfacet
  facet normal 0.213711 -0.853173 -0.475839
    outer loop
      vertex 1.42416 -7.15973 4.6
      vertex 1.17054 -5.88471 2.2
      vertex 2.11908 -6.98566 4.6
    endloop
  endfacet
  facet normal -0.853173 -0.213711 -0.475839
    outer loop
      vertex -6.98566 -2.11908 4.6
      vertex -7.15973 -1.42416 4.6
      vertex -5.88471 -1.17054 2.2
    endloop
  endfacet
  facet normal -0.828121 0.2963 -0.475839
    outer loop
      vertex -5.74164 1.74171 2.2
      vertex -6.74432 2.79359 4.6
      vertex -5.54328 2.2961 2.2
    endloop
  endfacet
  facet normal -0.129059 -0.870012 -0.475839
    outer loop
      vertex -0.715525 -7.26485 4.6
      vertex -1.42416 -7.15973 4.6
      vertex -1.17054 -5.88471 2.2
    endloop
  endfacet
  facet normal -0.651691 0.590656 -0.475841
    outer loop
      vertex -4.63806 3.80636 2.2
      vertex -5.64298 4.63107 4.6
      vertex -4.24264 4.24264 2.2
    endloop
  endfacet
  facet normal -0.706444 0.52394 -0.475839
    outer loop
      vertex -4.98882 3.33342 2.2
      vertex -6.06973 4.05566 4.6
      vertex -4.63806 3.80636 2.2
    endloop
  endfacet
  facet normal 0.0431548 0.878473 -0.475839
    outer loop
      vertex 0.715525 7.26485 4.6
      vertex 0 6 2.2
      vertex 0 7.3 4.6
    endloop
  endfacet
  facet normal 0.296302 -0.82812 -0.475839
    outer loop
      vertex 2.11908 -6.98566 4.6
      vertex 1.74171 -5.74164 2.2
      vertex 2.79359 -6.74432 4.6
    endloop
  endfacet
  facet normal 0.452171 0.7544 -0.475839
    outer loop
      vertex 3.33342 4.98882 2.2
      vertex 2.82838 5.29153 2.2
      vertex 4.05566 6.06973 4.6
    endloop
  endfacet
  facet normal -0.376052 0.795086 -0.475839
    outer loop
      vertex -2.2961 5.54328 2.2
      vertex -3.4412 6.43802 4.6
      vertex -2.79359 6.74432 4.6
    endloop
  endfacet
  facet normal -0.523934 0.706448 -0.475841
    outer loop
      vertex -3.80636 4.63806 2.2
      vertex -4.63107 5.64298 4.6
      vertex -4.05566 6.06973 4.6
    endloop
  endfacet
  facet normal -0.590659 0.651689 -0.47584
    outer loop
      vertex -4.24264 4.24264 2.2
      vertex -5.16188 5.16188 4.6
      vertex -4.63107 5.64298 4.6
    endloop
  endfacet
  facet normal -0.296302 0.82812 -0.475839
    outer loop
      vertex -1.74171 5.74164 2.2
      vertex -2.79359 6.74432 4.6
      vertex -2.11908 6.98566 4.6
    endloop
  endfacet
  facet normal -0.129059 0.870012 -0.475839
    outer loop
      vertex -0.588102 5.97111 2.2
      vertex -1.17054 5.88471 2.2
      vertex -0.715525 7.26485 4.6
    endloop
  endfacet
  facet normal 0.706448 0.523934 -0.475841
    outer loop
      vertex 6.06973 4.05566 4.6
      vertex 4.63806 3.80636 2.2
      vertex 5.64298 4.63107 4.6
    endloop
  endfacet
  facet normal 0.213711 0.853173 -0.475839
    outer loop
      vertex 2.11908 6.98566 4.6
      vertex 1.17054 5.88471 2.2
      vertex 1.42416 7.15973 4.6
    endloop
  endfacet
  facet normal 0.213708 -0.853174 -0.475839
    outer loop
      vertex 2.11908 -6.98566 4.6
      vertex 1.17054 -5.88471 2.2
      vertex 1.74171 -5.74164 2.2
    endloop
  endfacet
  facet normal -0.52394 0.706444 -0.475839
    outer loop
      vertex -3.80636 4.63806 2.2
      vertex -4.05566 6.06973 4.6
      vertex -3.33342 4.98882 2.2
    endloop
  endfacet
  facet normal -0.795088 0.376049 -0.475838
    outer loop
      vertex -5.54328 2.2961 2.2
      vertex -6.43802 3.4412 4.6
      vertex -5.29153 2.82838 2.2
    endloop
  endfacet
  facet normal -0.878473 -0.0431548 -0.475839
    outer loop
      vertex -7.26485 -0.715525 4.6
      vertex -7.3 0 4.6
      vertex -6 0 2.2
    endloop
  endfacet
  facet normal 0.590659 0.651689 -0.47584
    outer loop
      vertex 5.16188 5.16188 4.6
      vertex 4.24264 4.24264 2.2
      vertex 4.63107 5.64298 4.6
    endloop
  endfacet
  facet normal -0.828121 -0.2963 -0.475839
    outer loop
      vertex -5.54328 -2.2961 2.2
      vertex -6.74432 -2.79359 4.6
      vertex -5.74164 -1.74171 2.2
    endloop
  endfacet
  facet normal -0.82812 -0.296302 -0.475839
    outer loop
      vertex -6.74432 -2.79359 4.6
      vertex -6.98566 -2.11908 4.6
      vertex -5.74164 -1.74171 2.2
    endloop
  endfacet
  facet normal 0.590656 0.651691 -0.475841
    outer loop
      vertex 4.24264 4.24264 2.2
      vertex 3.80636 4.63806 2.2
      vertex 4.63107 5.64298 4.6
    endloop
  endfacet
  facet normal -0.706444 -0.52394 -0.475839
    outer loop
      vertex -4.63806 -3.80636 2.2
      vertex -6.06973 -4.05566 4.6
      vertex -4.98882 -3.33342 2.2
    endloop
  endfacet
  facet normal -0.853174 0.213708 -0.475839
    outer loop
      vertex -5.88471 1.17054 2.2
      vertex -6.98566 2.11908 4.6
      vertex -5.74164 1.74171 2.2
    endloop
  endfacet
  facet normal -0.376049 0.795088 -0.475838
    outer loop
      vertex -2.82838 5.29153 2.2
      vertex -3.4412 6.43802 4.6
      vertex -2.2961 5.54328 2.2
    endloop
  endfacet
  facet normal -0.0431542 -0.878473 -0.475839
    outer loop
      vertex 0 -6 2.2
      vertex -0.715525 -7.26485 4.6
      vertex -0.588102 -5.97111 2.2
    endloop
  endfacet
  facet normal -0.213708 0.853174 -0.475839
    outer loop
      vertex -1.74171 5.74164 2.2
      vertex -2.11908 6.98566 4.6
      vertex -1.17054 5.88471 2.2
    endloop
  endfacet
  facet normal 0.651691 0.590656 -0.475841
    outer loop
      vertex 4.63806 3.80636 2.2
      vertex 4.24264 4.24264 2.2
      vertex 5.64298 4.63107 4.6
    endloop
  endfacet
  facet normal -0.452171 0.7544 -0.475839
    outer loop
      vertex -3.33342 4.98882 2.2
      vertex -4.05566 6.06973 4.6
      vertex -2.82838 5.29153 2.2
    endloop
  endfacet
  facet normal -0.878473 0.0431542 -0.475839
    outer loop
      vertex -6 0 2.2
      vertex -7.26485 0.715525 4.6
      vertex -5.97111 0.588102 2.2
    endloop
  endfacet
  facet normal -0.853173 0.213711 -0.475839
    outer loop
      vertex -5.88471 1.17054 2.2
      vertex -7.15973 1.42416 4.6
      vertex -6.98566 2.11908 4.6
    endloop
  endfacet
  facet normal 0.376052 0.795086 -0.475839
    outer loop
      vertex 3.4412 6.43802 4.6
      vertex 2.2961 5.54328 2.2
      vertex 2.79359 6.74432 4.6
    endloop
  endfacet
  facet normal -0.129059 -0.870012 -0.475839
    outer loop
      vertex -0.715525 -7.26485 4.6
      vertex -1.17054 -5.88471 2.2
      vertex -0.588102 -5.97111 2.2
    endloop
  endfacet
  facet normal 0.52394 0.706444 -0.475839
    outer loop
      vertex 3.80636 4.63806 2.2
      vertex 3.33342 4.98882 2.2
      vertex 4.05566 6.06973 4.6
    endloop
  endfacet
  facet normal 0.2963 0.828121 -0.475839
    outer loop
      vertex 2.2961 5.54328 2.2
      vertex 1.74171 5.74164 2.2
      vertex 2.79359 6.74432 4.6
    endloop
  endfacet
  facet normal -0.0431542 0.878473 -0.475839
    outer loop
      vertex -0.588102 5.97111 2.2
      vertex -0.715525 7.26485 4.6
      vertex 0 6 2.2
    endloop
  endfacet
  facet normal 0.213708 0.853174 -0.475839
    outer loop
      vertex 1.74171 5.74164 2.2
      vertex 1.17054 5.88471 2.2
      vertex 2.11908 6.98566 4.6
    endloop
  endfacet
  facet normal -0.870012 0.129059 -0.475839
    outer loop
      vertex -5.88471 1.17054 2.2
      vertex -7.26485 0.715525 4.6
      vertex -7.15973 1.42416 4.6
    endloop
  endfacet
  facet normal 0.795088 0.376049 -0.475838
    outer loop
      vertex 5.54328 2.2961 2.2
      vertex 5.29153 2.82838 2.2
      vertex 6.43802 3.4412 4.6
    endloop
  endfacet
  facet normal -0.878473 0.0431548 -0.475839
    outer loop
      vertex -6 0 2.2
      vertex -7.3 0 4.6
      vertex -7.26485 0.715525 4.6
    endloop
  endfacet
  facet normal -0.878473 -0.0431542 -0.475839
    outer loop
      vertex -5.97111 -0.588102 2.2
      vertex -7.26485 -0.715525 4.6
      vertex -6 0 2.2
    endloop
  endfacet
  facet normal 0.853173 0.213711 -0.475839
    outer loop
      vertex 7.15973 1.42416 4.6
      vertex 5.88471 1.17054 2.2
      vertex 6.98566 2.11908 4.6
    endloop
  endfacet
  facet normal 0.828121 0.2963 -0.475839
    outer loop
      vertex 5.74164 1.74171 2.2
      vertex 5.54328 2.2961 2.2
      vertex 6.74432 2.79359 4.6
    endloop
  endfacet
  facet normal 0.870012 0.129059 -0.475839
    outer loop
      vertex 7.26485 0.715525 4.6
      vertex 5.88471 1.17054 2.2
      vertex 7.15973 1.42416 4.6
    endloop
  endfacet
  facet normal 0.870012 0.129059 -0.475839
    outer loop
      vertex 5.97111 0.588102 2.2
      vertex 5.88471 1.17054 2.2
      vertex 7.26485 0.715525 4.6
    endloop
  endfacet
  facet normal -0.393466 0.291814 0.871797
    outer loop
      vertex -3.9782 3.26482 9.52538
      vertex -4.50984 3.01338 9.3696
      vertex -4.27905 2.85917 9.52538
    endloop
  endfacet
  facet normal 0.139423 -0.939926 0.311611
    outer loop
      vertex 1.15787 -5.82102 8.86411
      vertex 0.581737 -5.90648 8.86411
      vertex 0.587394 -5.96392 8.68832
    endloop
  endfacet
  facet normal 0.333406 0.0835108 0.939077
    outer loop
      vertex 4.61173 1.39895 9.67226
      vertex 4.25428 1.29052 9.80881
      vertex 4.72664 0.940187 9.67226
    endloop
  endfacet
  facet normal 0.0778604 0.0466725 0.995871
    outer loop
      vertex 1.68068 1.123 10.2948
      vertex 1.21218 0.809955 10.3461
      vertex 1.28574 0.68724 10.3461
    endloop
  endfacet
  facet normal -0.0201177 -0.409525 0.912077
    outer loop
      vertex -0.472368 -4.79604 9.67226
      vertex -0.504432 -5.12159 9.52538
      vertex 0 -5.14637 9.52538
    endloop
  endfacet
  facet normal 0.753712 0.356486 0.55212
    outer loop
      vertex 5.23425 2.79777 8.86411
      vertex 5.13295 2.74362 9.03736
      vertex 5.48328 2.27125 8.86411
    endloop
  endfacet
  facet normal 0.715144 0.42864 0.552121
    outer loop
      vertex 5.23425 2.79777 8.86411
      vertex 4.93482 3.29734 8.86411
      vertex 5.13295 2.74362 9.03736
    endloop
  endfacet
  facet normal -0.521332 0.472525 0.710587
    outer loop
      vertex -4.11549 4.11549 9.03736
      vertex -4.49907 3.69229 9.03736
      vertex -3.99463 3.99463 9.2064
    endloop
  endfacet
  facet normal 0.284541 -0.0422105 0.957734
    outer loop
      vertex 4.4243 -0.435755 9.80881
      vertex 3.95193 -0.786087 9.93371
      vertex 4.36028 -0.867314 9.80881
    endloop
  endfacet
  facet normal 0.815027 -0.488493 0.311617
    outer loop
      vertex 5.28515 -2.82497 8.68832
      vertex 4.93482 -3.29734 8.86411
      vertex 4.98281 -3.32941 8.68832
    endloop
  endfacet
  facet normal -0.92175 0.230874 0.311569
    outer loop
      vertex -5.73473 1.73961 8.68832
      vertex -5.87762 1.16913 8.68832
      vertex -5.82102 1.15787 8.86411
    endloop
  endfacet
  facet normal 0.763214 0.566044 0.311607
    outer loop
      vertex 4.63248 3.80177 8.68832
      vertex 4.58786 3.76516 8.86411
      vertex 4.98281 3.32941 8.68832
    endloop
  endfacet
  facet normal -0.204739 -0.276066 0.939079
    outer loop
      vertex -2.82033 -3.43658 9.80881
      vertex -3.0573 -3.72533 9.67226
      vertex -2.4699 -3.69647 9.80881
    endloop
  endfacet
  facet normal -0.472525 0.521332 0.710587
    outer loop
      vertex -3.69229 4.49907 9.03736
      vertex -4.11549 4.11549 9.03736
      vertex -3.99463 3.99463 9.2064
    endloop
  endfacet
  facet normal -0.0288025 -0.586346 0.809549
    outer loop
      vertex -0.531638 -5.39782 9.3696
      vertex -0.553724 -5.62206 9.2064
      vertex 0 -5.64926 9.2064
    endloop
  endfacet
  facet normal -0.559902 0.617762 0.552159
    outer loop
      vertex -3.76516 4.58786 8.86411
      vertex -4.19672 4.19672 8.86411
      vertex -4.11549 4.11549 9.03736
    endloop
  endfacet
  facet normal 0.763214 -0.566044 0.311607
    outer loop
      vertex 4.98281 -3.32941 8.68832
      vertex 4.58786 -3.76516 8.86411
      vertex 4.63248 -3.80177 8.68832
    endloop
  endfacet
  facet normal 0.177812 0.0840942 0.980465
    outer loop
      vertex 3.30213 1.36779 10.0458
      vertex 2.72039 1.45408 10.1439
      vertex 2.84981 1.18043 10.1439
    endloop
  endfacet
  facet normal 0.192284 0.142611 0.970922
    outer loop
      vertex 3.11473 2.55619 9.93371
      vertex 2.76289 2.26745 10.0458
      vertex 2.97184 1.98572 10.0458
    endloop
  endfacet
  facet normal 0.320128 -0.894672 0.311578
    outer loop
      vertex 2.27125 -5.48328 8.86411
      vertex 1.73961 -5.73473 8.68832
      vertex 2.29333 -5.5366 8.68832
    endloop
  endfacet
  facet normal -0.260034 -0.122993 0.957734
    outer loop
      vertex -3.72264 -1.54197 9.93371
      vertex -4.1073 -1.7013 9.80881
      vertex -3.55357 -1.89942 9.93371
    endloop
  endfacet
  facet normal 0.210788 0.351689 0.912076
    outer loop
      vertex 2.42598 4.53869 9.52538
      vertex 2.27178 4.25019 9.67226
      vertex 2.67743 4.00706 9.67226
    endloop
  endfacet
  facet normal -0.409525 0.0201177 0.912077
    outer loop
      vertex -5.12159 0.504432 9.52538
      vertex -5.14637 0 9.52538
      vertex -4.79604 0.472368 9.67226
    endloop
  endfacet
  facet normal -0.998796 0.0490561 0
    outer loop
      vertex -5.99277 0 8.6
      vertex -5.96392 0.587394 8.68832
      vertex -5.96392 0.587394 8.6
    endloop
  endfacet
  facet normal -0.998796 0.0490561 0
    outer loop
      vertex -5.96392 0.587394 8.68832
      vertex -5.99277 0 8.6
      vertex -5.99277 0 8.68832
    endloop
  endfacet
  facet normal -0.461247 -0.165033 0.871789
    outer loop
      vertex -4.92477 -1.49391 9.52538
      vertex -5.01106 -2.07565 9.3696
      vertex -4.75463 -1.96943 9.52538
    endloop
  endfacet
  facet normal 0.15382 0.0385339 0.987347
    outer loop
      vertex 2.95179 0.895416 10.1439
      vertex 2.51604 0.500471 10.2272
      vertex 3.02535 0.601778 10.1439
    endloop
  endfacet
  facet normal -0.939937 0.139439 0.311568
    outer loop
      vertex -5.87762 1.16913 8.68832
      vertex -5.96392 0.587394 8.68832
      vertex -5.82102 1.15787 8.86411
    endloop
  endfacet
  facet normal 0.636049 0.300828 0.710594
    outer loop
      vertex 5.13295 2.74362 9.03736
      vertex 4.98221 2.66304 9.2064
      vertex 5.21924 2.16188 9.2064
    endloop
  endfacet
  facet normal 0.461243 -0.165034 0.871791
    outer loop
      vertex 5.19038 -1.57448 9.3696
      vertex 4.92477 -1.49391 9.52538
      vertex 5.01106 -2.07565 9.3696
    endloop
  endfacet
  facet normal 0.0634728 -0.105901 0.992349
    outer loop
      vertex 1.123 -1.68068 10.2948
      vertex 0.952852 -1.78266 10.2948
      vertex 1.42522 -2.13299 10.2272
    endloop
  endfacet
  facet normal -0.394243 0.43498 0.809546
    outer loop
      vertex -3.58385 4.36694 9.2064
      vertex -3.99463 3.99463 9.2064
      vertex -3.44091 4.19276 9.3696
    endloop
  endfacet
  facet normal 0.42864 0.71513 0.552138
    outer loop
      vertex 3.29734 4.93482 8.86411
      vertex 2.74362 5.13295 9.03736
      vertex 3.23352 4.83931 9.03736
    endloop
  endfacet
  facet normal 0.171349 -0.231043 0.957736
    outer loop
      vertex 2.55619 -3.11473 9.93371
      vertex 2.4699 -3.69647 9.80881
      vertex 2.82033 -3.43658 9.80881
    endloop
  endfacet
  facet normal 0.34971 0.471526 0.809547
    outer loop
      vertex 3.58385 4.36694 9.2064
      vertex 3.01338 4.50984 9.3696
      vertex 3.44091 4.19276 9.3696
    endloop
  endfacet
  facet normal 0.0287964 0.586337 0.809555
    outer loop
      vertex 0 5.64926 9.2064
      vertex 0 5.42393 9.3696
      vertex 0.531638 5.39782 9.3696
    endloop
  endfacet
  facet normal -0.397719 -0.0996286 0.912082
    outer loop
      vertex -4.72664 -0.940187 9.67226
      vertex -5.04749 -1.00401 9.52538
      vertex -4.92477 -1.49391 9.52538
    endloop
  endfacet
  facet normal -0.116245 -0.0415949 0.992349
    outer loop
      vertex -1.9343 -0.586763 10.2948
      vertex -2.37006 -0.981709 10.2272
      vertex -1.86747 -0.773533 10.2948
    endloop
  endfacet
  facet normal -0.0267094 0.0126324 0.999563
    outer loop
      vertex -0.776428 0.415009 10.3805
      vertex -0.813367 0.336907 10.3805
      vertex -0.271996 0.112664 10.3978
    endloop
  endfacet
  facet normal -0.586337 -0.0287964 0.809555
    outer loop
      vertex -5.42393 0 9.3696
      vertex -5.64926 0 9.2064
      vertex -5.39782 -0.531638 9.3696
    endloop
  endfacet
  facet normal 0.216409 0.102359 0.970922
    outer loop
      vertex 3.55357 1.89942 9.93371
      vertex 3.15216 1.68486 10.0458
      vertex 3.30213 1.36779 10.0458
    endloop
  endfacet
  facet normal -0.0286606 0.00717925 0.999563
    outer loop
      vertex -0.842473 0.255561 10.3805
      vertex -0.863466 0.171754 10.3805
      vertex -0.281729 0.0854607 10.3978
    endloop
  endfacet
  facet normal -0.662481 0.237039 0.710585
    outer loop
      vertex -5.37715 2.22729 9.03736
      vertex -5.56957 1.68951 9.03736
      vertex -5.40601 1.63989 9.2064
    endloop
  endfacet
  facet normal -0.251839 -0.420185 0.871792
    outer loop
      vertex -2.42598 -4.53869 9.52538
      vertex -3.01338 -4.50984 9.3696
      vertex -2.55682 -4.78348 9.3696
    endloop
  endfacet
  facet normal 0.0906687 0.00445275 0.995871
    outer loop
      vertex 2.01161 0.198126 10.2948
      vertex 1.45788 0 10.3461
      vertex 2.02134 0 10.2948
    endloop
  endfacet
  facet normal 0.303803 -0.275358 0.912076
    outer loop
      vertex 3.72533 -3.0573 9.67226
      vertex 3.40772 -3.40772 9.67226
      vertex 3.63903 -3.63903 9.52538
    endloop
  endfacet
  facet normal -0.0060568 0.123316 0.992349
    outer loop
      vertex 0 2.56533 10.2272
      vertex -0.251446 2.55298 10.2272
      vertex -0.198126 2.01161 10.2948
    endloop
  endfacet
  facet normal -0.205339 -0.123075 0.970921
    outer loop
      vertex -2.97184 -1.98572 10.0458
      vertex -3.55357 -1.89942 9.93371
      vertex -3.35028 -2.23859 9.93371
    endloop
  endfacet
  facet normal -0.0409115 0.832742 0.552148
    outer loop
      vertex 0 5.93506 8.86411
      vertex -0.581737 5.90648 8.86411
      vertex -0.570477 5.79216 9.03736
    endloop
  endfacet
  facet normal 0.785005 -0.280884 0.552151
    outer loop
      vertex 5.6795 -1.72286 8.86411
      vertex 5.37715 -2.22729 9.03736
      vertex 5.48328 -2.27125 8.86411
    endloop
  endfacet
  facet normal -0.246727 -0.147882 0.957735
    outer loop
      vertex -3.55357 -1.89942 9.93371
      vertex -3.69647 -2.4699 9.80881
      vertex -3.35028 -2.23859 9.93371
    endloop
  endfacet
  facet normal -0.0240302 -0.48929 0.87179
    outer loop
      vertex 0 -5.14637 9.52538
      vertex -0.531638 -5.39782 9.3696
      vertex 0 -5.42393 9.3696
    endloop
  endfacet
  facet normal 0.105901 0.0634728 0.992349
    outer loop
      vertex 2.13299 1.42522 10.2272
      vertex 1.68068 1.123 10.2948
      vertex 1.78266 0.952852 10.2948
    endloop
  endfacet
  facet normal 0.123075 0.205339 0.970921
    outer loop
      vertex 2.23859 3.35028 9.93371
      vertex 1.89942 3.55357 9.93371
      vertex 1.98572 2.97184 10.0458
    endloop
  endfacet
  facet normal -0.103232 0.695993 0.710589
    outer loop
      vertex -0.570477 5.79216 9.03736
      vertex -1.10212 5.54072 9.2064
      vertex -0.553724 5.62206 9.2064
    endloop
  endfacet
  facet normal -0.0806464 0.225399 0.970923
    outer loop
      vertex -1.16966 3.85585 9.93371
      vertex -1.54197 3.72264 9.93371
      vertex -1.03753 3.42029 10.0458
    endloop
  endfacet
  facet normal 0.586346 -0.0288025 0.809549
    outer loop
      vertex 5.64926 0 9.2064
      vertex 5.39782 -0.531638 9.3696
      vertex 5.62206 -0.553724 9.2064
    endloop
  endfacet
  facet normal 0.361728 0.603496 0.710595
    outer loop
      vertex 2.74362 5.13295 9.03736
      vertex 2.66304 4.98221 9.2064
      vertex 3.23352 4.83931 9.03736
    endloop
  endfacet
  facet normal -0.12234 0.824721 0.552148
    outer loop
      vertex -0.581737 5.90648 8.86411
      vertex -1.13546 5.70835 9.03736
      vertex -0.570477 5.79216 9.03736
    endloop
  endfacet
  facet normal -0.0198421 0.021892 0.999563
    outer loop
      vertex -0.558509 0.680545 10.3805
      vertex -0.622524 0.622524 10.3805
      vertex -0.186769 0.227578 10.3978
    endloop
  endfacet
  facet normal -0.058889 0.00873533 0.998226
    outer loop
      vertex -0.863466 0.171754 10.3805
      vertex -1.45086 0.142897 10.3461
      vertex -0.876143 0.0862923 10.3805
    endloop
  endfacet
  facet normal -0.225403 -0.0806443 0.970922
    outer loop
      vertex -3.42029 -1.03753 10.0458
      vertex -3.72264 -1.54197 9.93371
      vertex -3.30213 -1.36779 10.0458
    endloop
  endfacet
  facet normal -0.808752 0.202578 0.552162
    outer loop
      vertex -5.6795 1.72286 8.86411
      vertex -5.70835 1.13546 9.03736
      vertex -5.56957 1.68951 9.03736
    endloop
  endfacet
  facet normal -0.552724 0.197766 0.809558
    outer loop
      vertex -5.01106 2.07565 9.3696
      vertex -5.40601 1.63989 9.2064
      vertex -5.19038 1.57448 9.3696
    endloop
  endfacet
  facet normal -0.405581 -0.0601579 0.912077
    outer loop
      vertex -4.79604 -0.472368 9.67226
      vertex -5.12159 -0.504432 9.52538
      vertex -5.04749 -1.00401 9.52538
    endloop
  endfacet
  facet normal -0.586337 0.0287964 0.809555
    outer loop
      vertex -5.39782 0.531638 9.3696
      vertex -5.64926 0 9.2064
      vertex -5.42393 0 9.3696
    endloop
  endfacet
  facet normal -0.702746 -0.0345289 0.710603
    outer loop
      vertex -5.64926 0 9.2064
      vertex -5.82019 0 9.03736
      vertex -5.79216 -0.570477 9.03736
    endloop
  endfacet
  facet normal -0.397731 0.0996229 0.912077
    outer loop
      vertex -4.61173 1.39895 9.67226
      vertex -4.92477 1.49391 9.52538
      vertex -4.72664 0.940187 9.67226
    endloop
  endfacet
  facet normal -0.270838 -0.0969079 0.957735
    outer loop
      vertex -3.72264 -1.54197 9.93371
      vertex -4.25428 -1.29052 9.80881
      vertex -4.1073 -1.7013 9.80881
    endloop
  endfacet
  facet normal -0.343295 -0.0168607 0.939076
    outer loop
      vertex -4.44571 0 9.80881
      vertex -4.81924 0 9.67226
      vertex -4.79604 -0.472368 9.67226
    endloop
  endfacet
  facet normal -0.160769 -0.177382 0.970922
    outer loop
      vertex -2.52734 -2.52734 10.0458
      vertex -2.55619 -3.11473 9.93371
      vertex -2.26745 -2.76289 10.0458
    endloop
  endfacet
  facet normal -0.753712 -0.356486 0.55212
    outer loop
      vertex -5.13295 -2.74362 9.03736
      vertex -5.48328 -2.27125 8.86411
      vertex -5.23425 -2.79777 8.86411
    endloop
  endfacet
  facet normal -0.471529 -0.34971 0.809545
    outer loop
      vertex -4.50984 -3.01338 9.3696
      vertex -4.69719 -3.13856 9.2064
      vertex -4.36694 -3.58385 9.2064
    endloop
  endfacet
  facet normal 0.824714 -0.122333 0.552161
    outer loop
      vertex 5.90648 -0.581737 8.86411
      vertex 5.70835 -1.13546 9.03736
      vertex 5.82102 -1.15787 8.86411
    endloop
  endfacet
  facet normal 0.194571 -0.0288576 0.980464
    outer loop
      vertex 3.06976 -0.302345 10.1439
      vertex 3.02535 -0.601778 10.1439
      vertex 3.50552 -0.69729 10.0458
    endloop
  endfacet
  facet normal 0.405569 -0.0601653 0.912082
    outer loop
      vertex 4.79604 -0.472368 9.67226
      vertex 4.72664 -0.940187 9.67226
      vertex 5.04749 -1.00401 9.52538
    endloop
  endfacet
  facet normal 0.250992 -0.530671 0.809562
    outer loop
      vertex 2.55682 -4.78348 9.3696
      vertex 2.07565 -5.01106 9.3696
      vertex 2.66304 -4.98221 9.2064
    endloop
  endfacet
  facet normal 0.0996229 -0.397731 0.912077
    outer loop
      vertex 1.39895 -4.61173 9.67226
      vertex 0.940187 -4.72664 9.67226
      vertex 1.49391 -4.92477 9.52538
    endloop
  endfacet
  facet normal 0.160769 -0.177382 0.970922
    outer loop
      vertex 2.52734 -2.52734 10.0458
      vertex 2.26745 -2.76289 10.0458
      vertex 2.55619 -3.11473 9.93371
    endloop
  endfacet
  facet normal 0.0240357 -0.489282 0.871795
    outer loop
      vertex 0.504432 -5.12159 9.52538
      vertex 0 -5.14637 9.52538
      vertex 0.531638 -5.39782 9.3696
    endloop
  endfacet
  facet normal 0.193172 0.213133 0.957736
    outer loop
      vertex 2.82033 3.43658 9.80881
      vertex 2.55619 3.11473 9.93371
      vertex 2.84918 2.84918 9.93371
    endloop
  endfacet
  facet normal 0.123316 -0.0060568 0.992349
    outer loop
      vertex 2.56533 0 10.2272
      vertex 2.01161 -0.198126 10.2948
      vertex 2.55298 -0.251446 10.2272
    endloop
  endfacet
  facet normal -0.146956 0.3107 0.939079
    outer loop
      vertex -1.7013 4.1073 9.80881
      vertex -2.27178 4.25019 9.67226
      vertex -2.09569 3.92076 9.80881
    endloop
  endfacet
  facet normal -0.0897948 0.0133216 0.995871
    outer loop
      vertex -1.9825 0.394343 10.2948
      vertex -2.01161 0.198126 10.2948
      vertex -1.45086 0.142897 10.3461
    endloop
  endfacet
  facet normal 0.559935 0.61777 0.552117
    outer loop
      vertex 3.76516 4.58786 8.86411
      vertex 3.69229 4.49907 9.03736
      vertex 4.11549 4.11549 9.03736
    endloop
  endfacet
  facet normal 0.386043 0.138131 0.91208
    outer loop
      vertex 4.75463 1.96943 9.52538
      vertex 4.4524 1.84424 9.67226
      vertex 4.61173 1.39895 9.67226
    endloop
  endfacet
  facet normal 0.190804 -0.0477987 0.980464
    outer loop
      vertex 3.02535 -0.601778 10.1439
      vertex 2.95179 -0.895416 10.1439
      vertex 3.50552 -0.69729 10.0458
    endloop
  endfacet
  facet normal 0.193175 0.213133 0.957736
    outer loop
      vertex 3.14359 3.14359 9.80881
      vertex 2.82033 3.43658 9.80881
      vertex 2.84918 2.84918 9.93371
    endloop
  endfacet
  facet normal 0.276061 0.20474 0.93908
    outer loop
      vertex 3.72533 3.0573 9.67226
      vertex 3.69647 2.4699 9.80881
      vertex 4.00706 2.67743 9.67226
    endloop
  endfacet
  facet normal 0.92175 -0.230874 0.311569
    outer loop
      vertex 5.82102 -1.15787 8.86411
      vertex 5.73473 -1.73961 8.68832
      vertex 5.87762 -1.16913 8.68832
    endloop
  endfacet
  facet normal 0.970034 0.242968 0
    outer loop
      vertex 5.87762 1.16913 8.68832
      vertex 5.73473 1.73961 8.6
      vertex 5.73473 1.73961 8.68832
    endloop
  endfacet
  facet normal 0.970034 0.242968 0
    outer loop
      vertex 5.73473 1.73961 8.6
      vertex 5.87762 1.16913 8.68832
      vertex 5.87762 1.16913 8.6
    endloop
  endfacet
  facet normal 0.858988 0.406276 0.311575
    outer loop
      vertex 5.5366 2.29333 8.68832
      vertex 5.28515 2.82497 8.68832
      vertex 5.48328 2.27125 8.86411
    endloop
  endfacet
  facet normal 0.939937 0.139439 0.311568
    outer loop
      vertex 5.87762 1.16913 8.68832
      vertex 5.82102 1.15787 8.86411
      vertex 5.96392 0.587394 8.68832
    endloop
  endfacet
  facet normal 0.815027 0.488493 0.311617
    outer loop
      vertex 4.98281 3.32941 8.68832
      vertex 4.93482 3.29734 8.86411
      vertex 5.28515 2.82497 8.68832
    endloop
  endfacet
  facet normal -0.0237317 0.0176004 0.999563
    outer loop
      vertex -0.680545 0.558509 10.3805
      vertex -0.732011 0.489114 10.3805
      vertex -0.244789 0.163563 10.3978
    endloop
  endfacet
  facet normal 0.0253425 -0.0151898 0.999563
    outer loop
      vertex 0.776428 -0.415009 10.3805
      vertex 0.244789 -0.163563 10.3978
      vertex 0.732011 -0.489114 10.3805
    endloop
  endfacet
  facet normal 0.0820637 -0.0388125 0.995871
    outer loop
      vertex 1.86747 -0.773533 10.2948
      vertex 1.28574 -0.68724 10.3461
      vertex 1.78266 -0.952852 10.2948
    endloop
  endfacet
  facet normal -0.194571 -0.0288583 0.980464
    outer loop
      vertex -3.06976 -0.302345 10.1439
      vertex -3.55698 -0.350332 10.0458
      vertex -3.50552 -0.69729 10.0458
    endloop
  endfacet
  facet normal -0.0594617 -0.00292113 0.998226
    outer loop
      vertex -0.876143 -0.0862923 10.3805
      vertex -1.45788 0 10.3461
      vertex -1.45086 -0.142897 10.3461
    endloop
  endfacet
  facet normal -0.0906682 -0.00445419 0.995871
    outer loop
      vertex -1.45788 0 10.3461
      vertex -2.01161 -0.198126 10.2948
      vertex -1.45086 -0.142897 10.3461
    endloop
  endfacet
  facet normal -0.903987 0.427559 0
    outer loop
      vertex -5.5366 2.29333 8.6
      vertex -5.28515 2.82497 8.68832
      vertex -5.28515 2.82497 8.6
    endloop
  endfacet
  facet normal -0.903987 0.427559 0
    outer loop
      vertex -5.28515 2.82497 8.68832
      vertex -5.5366 2.29333 8.6
      vertex -5.5366 2.29333 8.68832
    endloop
  endfacet
  facet normal -0.461243 0.165034 0.871791
    outer loop
      vertex -5.01106 2.07565 9.3696
      vertex -5.19038 1.57448 9.3696
      vertex -4.92477 1.49391 9.52538
    endloop
  endfacet
  facet normal -0.808752 0.202578 0.552161
    outer loop
      vertex -5.6795 1.72286 8.86411
      vertex -5.82102 1.15787 8.86411
      vertex -5.70835 1.13546 9.03736
    endloop
  endfacet
  facet normal -0.941541 0.336899 0
    outer loop
      vertex -5.73473 1.73961 8.6
      vertex -5.5366 2.29333 8.68832
      vertex -5.5366 2.29333 8.6
    endloop
  endfacet
  facet normal -0.941541 0.336899 0
    outer loop
      vertex -5.5366 2.29333 8.68832
      vertex -5.73473 1.73961 8.6
      vertex -5.73473 1.73961 8.68832
    endloop
  endfacet
  facet normal -0.68254 -0.170974 0.710568
    outer loop
      vertex -5.54072 -1.10212 9.2064
      vertex -5.70835 -1.13546 9.03736
      vertex -5.40601 -1.63989 9.2064
    endloop
  endfacet
  facet normal -0.662482 0.237039 0.710585
    outer loop
      vertex -5.37715 2.22729 9.03736
      vertex -5.40601 1.63989 9.2064
      vertex -5.21924 2.16188 9.2064
    endloop
  endfacet
  facet normal -0.785005 0.280884 0.552151
    outer loop
      vertex -5.48328 2.27125 8.86411
      vertex -5.6795 1.72286 8.86411
      vertex -5.37715 2.22729 9.03736
    endloop
  endfacet
  facet normal -0.291817 -0.393467 0.871795
    outer loop
      vertex -3.26482 -3.9782 9.52538
      vertex -3.44091 -4.19276 9.3696
      vertex -3.01338 -4.50984 9.3696
    endloop
  endfacet
  facet normal -0.0601653 -0.405569 0.912082
    outer loop
      vertex -0.940187 -4.72664 9.67226
      vertex -1.00401 -5.04749 9.52538
      vertex -0.472368 -4.79604 9.67226
    endloop
  endfacet
  facet normal -0.177382 -0.160769 0.970922
    outer loop
      vertex -2.76289 -2.26745 10.0458
      vertex -3.11473 -2.55619 9.93371
      vertex -2.52734 -2.52734 10.0458
    endloop
  endfacet
  facet normal -0.34971 -0.471529 0.809545
    outer loop
      vertex -3.01338 -4.50984 9.3696
      vertex -3.58385 -4.36694 9.2064
      vertex -3.13856 -4.69719 9.2064
    endloop
  endfacet
  facet normal -0.565143 -0.41913 0.710594
    outer loop
      vertex -4.69719 -3.13856 9.2064
      vertex -4.83931 -3.23352 9.03736
      vertex -4.49907 -3.69229 9.03736
    endloop
  endfacet
  facet normal -0.0287964 -0.586337 0.809555
    outer loop
      vertex 0 -5.42393 9.3696
      vertex -0.531638 -5.39782 9.3696
      vertex 0 -5.64926 9.2064
    endloop
  endfacet
  facet normal 0.406276 -0.858988 0.311575
    outer loop
      vertex 2.82497 -5.28515 8.68832
      vertex 2.27125 -5.48328 8.86411
      vertex 2.29333 -5.5366 8.68832
    endloop
  endfacet
  facet normal -0.170961 -0.682527 0.710584
    outer loop
      vertex -1.63989 -5.40601 9.2064
      vertex -1.68951 -5.56957 9.03736
      vertex -1.13546 -5.70835 9.03736
    endloop
  endfacet
  facet normal -0.636049 -0.300828 0.710594
    outer loop
      vertex -4.98221 -2.66304 9.2064
      vertex -5.21924 -2.16188 9.2064
      vertex -5.13295 -2.74362 9.03736
    endloop
  endfacet
  facet normal -0.503521 -0.301786 0.809562
    outer loop
      vertex -4.78348 -2.55682 9.3696
      vertex -4.98221 -2.66304 9.2064
      vertex -4.50984 -3.01338 9.3696
    endloop
  endfacet
  facet normal -0.310708 -0.146953 0.939077
    outer loop
      vertex -4.1073 -1.7013 9.80881
      vertex -4.4524 -1.84424 9.67226
      vertex -4.25019 -2.27178 9.67226
    endloop
  endfacet
  facet normal -0.808752 -0.202578 0.552161
    outer loop
      vertex -5.70835 -1.13546 9.03736
      vertex -5.82102 -1.15787 8.86411
      vertex -5.6795 -1.72286 8.86411
    endloop
  endfacet
  facet normal -0.702746 0.0345289 0.710603
    outer loop
      vertex -5.79216 0.570477 9.03736
      vertex -5.82019 0 9.03736
      vertex -5.64926 0 9.2064
    endloop
  endfacet
  facet normal -0.192284 0.142611 0.970922
    outer loop
      vertex -2.76289 2.26745 10.0458
      vertex -3.11473 2.55619 9.93371
      vertex -2.97184 1.98572 10.0458
    endloop
  endfacet
  facet normal -0.294803 -0.176696 0.939079
    outer loop
      vertex -3.92076 -2.09569 9.80881
      vertex -4.25019 -2.27178 9.67226
      vertex -3.69647 -2.4699 9.80881
    endloop
  endfacet
  facet normal 0.394243 -0.43498 0.809546
    outer loop
      vertex 3.99463 -3.99463 9.2064
      vertex 3.44091 -4.19276 9.3696
      vertex 3.58385 -4.36694 9.2064
    endloop
  endfacet
  facet normal -0.336899 0.941541 0
    outer loop
      vertex -1.73961 5.73473 8.6
      vertex -2.29333 5.5366 8.68832
      vertex -1.73961 5.73473 8.68832
    endloop
  endfacet
  facet normal -0.336899 0.941541 0
    outer loop
      vertex -2.29333 5.5366 8.68832
      vertex -1.73961 5.73473 8.6
      vertex -2.29333 5.5366 8.6
    endloop
  endfacet
  facet normal 0.0466264 0.949065 0.311611
    outer loop
      vertex 0.587394 5.96392 8.68832
      vertex 0 5.93506 8.86411
      vertex 0.581737 5.90648 8.86411
    endloop
  endfacet
  facet normal 0.0240302 0.48929 0.87179
    outer loop
      vertex 0 5.42393 9.3696
      vertex 0 5.14637 9.52538
      vertex 0.531638 5.39782 9.3696
    endloop
  endfacet
  facet normal 0.287302 -0.0141161 0.957736
    outer loop
      vertex 4.44571 0 9.80881
      vertex 4.02935 0 9.93371
      vertex 4.4243 -0.435755 9.80881
    endloop
  endfacet
  facet normal 0.68254 0.170974 0.710568
    outer loop
      vertex 5.70835 1.13546 9.03736
      vertex 5.40601 1.63989 9.2064
      vertex 5.54072 1.10212 9.2064
    endloop
  endfacet
  facet normal 0.832742 -0.0409115 0.552148
    outer loop
      vertex 5.93506 0 8.86411
      vertex 5.79216 -0.570477 9.03736
      vertex 5.90648 -0.581737 8.86411
    endloop
  endfacet
  facet normal 0.420185 -0.251839 0.871792
    outer loop
      vertex 4.53869 -2.42598 9.52538
      vertex 4.50984 -3.01338 9.3696
      vertex 4.78348 -2.55682 9.3696
    endloop
  endfacet
  facet normal 0.3107 -0.146956 0.939079
    outer loop
      vertex 4.1073 -1.7013 9.80881
      vertex 3.92076 -2.09569 9.80881
      vertex 4.25019 -2.27178 9.67226
    endloop
  endfacet
  facet normal 0.569445 -0.142645 0.809558
    outer loop
      vertex 5.54072 -1.10212 9.2064
      vertex 5.19038 -1.57448 9.3696
      vertex 5.40601 -1.63989 9.2064
    endloop
  endfacet
  facet normal 0.127369 -0.0944607 0.987347
    outer loop
      vertex 2.56476 -1.71372 10.1439
      vertex 2.13299 -1.42522 10.2272
      vertex 2.38444 -1.95686 10.1439
    endloop
  endfacet
  facet normal 0.68254 -0.170974 0.710568
    outer loop
      vertex 5.54072 -1.10212 9.2064
      vertex 5.40601 -1.63989 9.2064
      vertex 5.70835 -1.13546 9.03736
    endloop
  endfacet
  facet normal 0.394243 0.43498 0.809546
    outer loop
      vertex 3.58385 4.36694 9.2064
      vertex 3.44091 4.19276 9.3696
      vertex 3.99463 3.99463 9.2064
    endloop
  endfacet
  facet normal 0.119038 -0.475195 0.871791
    outer loop
      vertex 1.49391 -4.92477 9.52538
      vertex 1.05816 -5.31972 9.3696
      vertex 1.57448 -5.19038 9.3696
    endloop
  endfacet
  facet normal 0.12234 -0.824721 0.552148
    outer loop
      vertex 1.13546 -5.70835 9.03736
      vertex 0.570477 -5.79216 9.03736
      vertex 0.581737 -5.90648 8.86411
    endloop
  endfacet
  facet normal 0.20474 -0.276061 0.93908
    outer loop
      vertex 3.0573 -3.72533 9.67226
      vertex 2.4699 -3.69647 9.80881
      vertex 2.67743 -4.00706 9.67226
    endloop
  endfacet
  facet normal 0.165033 -0.461247 0.871789
    outer loop
      vertex 1.96943 -4.75463 9.52538
      vertex 1.49391 -4.92477 9.52538
      vertex 2.07565 -5.01106 9.3696
    endloop
  endfacet
  facet normal 0.0201133 -0.40952 0.912079
    outer loop
      vertex 0 -4.81924 9.67226
      vertex 0 -5.14637 9.52538
      vertex 0.472368 -4.79604 9.67226
    endloop
  endfacet
  facet normal 0.205338 -0.123069 0.970922
    outer loop
      vertex 3.15216 -1.68486 10.0458
      vertex 2.97184 -1.98572 10.0458
      vertex 3.55357 -1.89942 9.93371
    endloop
  endfacet
  facet normal 0.14574 -0.132095 0.980465
    outer loop
      vertex 2.38444 -1.95686 10.1439
      vertex 2.18115 -2.18115 10.1439
      vertex 2.52734 -2.52734 10.0458
    endloop
  endfacet
  facet normal -0.0232641 -0.156858 0.987347
    outer loop
      vertex -0.500471 -2.51604 10.2272
      vertex -0.601778 -3.02535 10.1439
      vertex -0.302345 -3.06976 10.1439
    endloop
  endfacet
  facet normal 0.0198421 -0.021892 0.999563
    outer loop
      vertex 0.622524 -0.622524 10.3805
      vertex 0.186769 -0.227578 10.3978
      vertex 0.558509 -0.680545 10.3805
    endloop
  endfacet
  facet normal 0.106493 -0.117494 0.987347
    outer loop
      vertex 2.18115 -2.18115 10.1439
      vertex 1.81396 -1.81396 10.2272
      vertex 1.95686 -2.38444 10.1439
    endloop
  endfacet
  facet normal 0.165033 0.461247 0.871789
    outer loop
      vertex 2.07565 5.01106 9.3696
      vertex 1.49391 4.92477 9.52538
      vertex 1.96943 4.75463 9.52538
    endloop
  endfacet
  facet normal 0.303805 0.275358 0.912075
    outer loop
      vertex 3.9782 3.26482 9.52538
      vertex 3.63903 3.63903 9.52538
      vertex 3.72533 3.0573 9.67226
    endloop
  endfacet
  facet normal 0.0351223 0.236805 0.970922
    outer loop
      vertex 0.786087 3.95193 9.93371
      vertex 0.350332 3.55698 10.0458
      vertex 0.69729 3.50552 10.0458
    endloop
  endfacet
  facet normal -0.204739 0.276066 0.939079
    outer loop
      vertex -2.4699 3.69647 9.80881
      vertex -3.0573 3.72533 9.67226
      vertex -2.82033 3.43658 9.80881
    endloop
  endfacet
  facet normal 0.242968 0.970034 -0
    outer loop
      vertex 1.73961 5.73473 8.6
      vertex 1.16913 5.87762 8.68832
      vertex 1.73961 5.73473 8.68832
    endloop
  endfacet
  facet normal 0.242968 0.970034 0
    outer loop
      vertex 1.16913 5.87762 8.68832
      vertex 1.73961 5.73473 8.6
      vertex 1.16913 5.87762 8.6
    endloop
  endfacet
  facet normal 0.23088 0.92174 0.311593
    outer loop
      vertex 1.73961 5.73473 8.68832
      vertex 1.15787 5.82102 8.86411
      vertex 1.72286 5.6795 8.86411
    endloop
  endfacet
  facet normal 0.471529 0.34971 0.809545
    outer loop
      vertex 4.69719 3.13856 9.2064
      vertex 4.36694 3.58385 9.2064
      vertex 4.50984 3.01338 9.3696
    endloop
  endfacet
  facet normal 0.489282 -0.0240357 0.871795
    outer loop
      vertex 5.14637 0 9.52538
      vertex 5.12159 -0.504432 9.52538
      vertex 5.39782 -0.531638 9.3696
    endloop
  endfacet
  facet normal 0.56945 0.142649 0.809554
    outer loop
      vertex 5.54072 1.10212 9.2064
      vertex 5.19038 1.57448 9.3696
      vertex 5.31972 1.05816 9.3696
    endloop
  endfacet
  facet normal 0.35169 0.210792 0.912075
    outer loop
      vertex 4.27905 2.85917 9.52538
      vertex 4.00706 2.67743 9.67226
      vertex 4.53869 2.42598 9.52538
    endloop
  endfacet
  facet normal -0.0287964 0.586337 0.809555
    outer loop
      vertex 0 5.64926 9.2064
      vertex -0.531638 5.39782 9.3696
      vertex 0 5.42393 9.3696
    endloop
  endfacet
  facet normal 0.472503 0.521325 0.710606
    outer loop
      vertex 3.69229 4.49907 9.03736
      vertex 3.58385 4.36694 9.2064
      vertex 3.99463 3.99463 9.2064
    endloop
  endfacet
  facet normal 0.989175 -0.146743 0
    outer loop
      vertex 5.87762 -1.16913 8.68832
      vertex 5.96392 -0.587394 8.6
      vertex 5.96392 -0.587394 8.68832
    endloop
  endfacet
  facet normal 0.989175 -0.146743 0
    outer loop
      vertex 5.96392 -0.587394 8.6
      vertex 5.87762 -1.16913 8.68832
      vertex 5.87762 -1.16913 8.6
    endloop
  endfacet
  facet normal 0.941541 0.336899 0
    outer loop
      vertex 5.73473 1.73961 8.68832
      vertex 5.5366 2.29333 8.6
      vertex 5.5366 2.29333 8.68832
    endloop
  endfacet
  facet normal 0.941541 0.336899 0
    outer loop
      vertex 5.5366 2.29333 8.6
      vertex 5.73473 1.73961 8.68832
      vertex 5.73473 1.73961 8.6
    endloop
  endfacet
  facet normal 0.903987 0.427559 0
    outer loop
      vertex 5.5366 2.29333 8.68832
      vertex 5.28515 2.82497 8.6
      vertex 5.28515 2.82497 8.68832
    endloop
  endfacet
  facet normal 0.903987 0.427559 0
    outer loop
      vertex 5.28515 2.82497 8.6
      vertex 5.5366 2.29333 8.68832
      vertex 5.5366 2.29333 8.6
    endloop
  endfacet
  facet normal 0.569445 0.142645 0.809558
    outer loop
      vertex 5.40601 1.63989 9.2064
      vertex 5.19038 1.57448 9.3696
      vertex 5.54072 1.10212 9.2064
    endloop
  endfacet
  facet normal 0.70276 -0.034521 0.710589
    outer loop
      vertex 5.64926 0 9.2064
      vertex 5.62206 -0.553724 9.2064
      vertex 5.79216 -0.570477 9.03736
    endloop
  endfacet
  facet normal 0.246729 0.147882 0.957735
    outer loop
      vertex 3.69647 2.4699 9.80881
      vertex 3.55357 1.89942 9.93371
      vertex 3.92076 2.09569 9.80881
    endloop
  endfacet
  facet normal 0.763213 0.566039 0.311619
    outer loop
      vertex 4.98281 3.32941 8.68832
      vertex 4.58786 3.76516 8.86411
      vertex 4.93482 3.29734 8.86411
    endloop
  endfacet
  facet normal 0.275358 0.303805 0.912075
    outer loop
      vertex 3.26482 3.9782 9.52538
      vertex 3.0573 3.72533 9.67226
      vertex 3.63903 3.63903 9.52538
    endloop
  endfacet
  facet normal 0.521325 0.472503 0.710606
    outer loop
      vertex 4.49907 3.69229 9.03736
      vertex 3.99463 3.99463 9.2064
      vertex 4.36694 3.58385 9.2064
    endloop
  endfacet
  facet normal 0.237039 0.662482 0.710585
    outer loop
      vertex 2.22729 5.37715 9.03736
      vertex 1.63989 5.40601 9.2064
      vertex 2.16188 5.21924 9.2064
    endloop
  endfacet
  facet normal 0.638126 0.704063 0.311592
    outer loop
      vertex 4.23753 4.23753 8.68832
      vertex 3.80177 4.63248 8.68832
      vertex 4.19672 4.19672 8.86411
    endloop
  endfacet
  facet normal 0.671559 0.740951 -0
    outer loop
      vertex 4.23753 4.23753 8.6
      vertex 3.80177 4.63248 8.68832
      vertex 4.23753 4.23753 8.68832
    endloop
  endfacet
  facet normal 0.671559 0.740951 0
    outer loop
      vertex 3.80177 4.63248 8.68832
      vertex 4.23753 4.23753 8.6
      vertex 3.80177 4.63248 8.6
    endloop
  endfacet
  facet normal 0.617762 0.559902 0.552159
    outer loop
      vertex 4.19672 4.19672 8.86411
      vertex 4.11549 4.11549 9.03736
      vertex 4.58786 3.76516 8.86411
    endloop
  endfacet
  facet normal -0.0906682 0.00445419 0.995871
    outer loop
      vertex -1.45086 0.142897 10.3461
      vertex -2.01161 0.198126 10.2948
      vertex -1.45788 0 10.3461
    endloop
  endfacet
  facet normal -0.0906687 -0.00445275 0.995871
    outer loop
      vertex -1.45788 0 10.3461
      vertex -2.02134 0 10.2948
      vertex -2.01161 -0.198126 10.2948
    endloop
  endfacet
  facet normal -0.123069 0.205338 0.970922
    outer loop
      vertex -1.89942 3.55357 9.93371
      vertex -1.98572 2.97184 10.0458
      vertex -1.68486 3.15216 10.0458
    endloop
  endfacet
  facet normal -0.236801 -0.0351258 0.970923
    outer loop
      vertex -3.55698 -0.350332 10.0458
      vertex -4.00995 -0.394945 9.93371
      vertex -3.95193 -0.786087 9.93371
    endloop
  endfacet
  facet normal -0.0897964 0.0133183 0.995871
    outer loop
      vertex -1.42987 0.284418 10.3461
      vertex -1.9825 0.394343 10.2948
      vertex -1.45086 0.142897 10.3461
    endloop
  endfacet
  facet normal -0.0820637 -0.038813 0.995871
    outer loop
      vertex -1.34691 -0.557906 10.3461
      vertex -1.86747 -0.773533 10.2948
      vertex -1.28574 -0.68724 10.3461
    endloop
  endfacet
  facet normal 0.0698944 -0.279034 0.957734
    outer loop
      vertex 1.16966 -3.85585 9.93371
      vertex 0.786087 -3.95193 9.93371
      vertex 0.867314 -4.36028 9.80881
    endloop
  endfacet
  facet normal 0.168708 0.101125 0.980465
    outer loop
      vertex 2.97184 1.98572 10.0458
      vertex 2.56476 1.71372 10.1439
      vertex 2.72039 1.45408 10.1439
    endloop
  endfacet
  facet normal -0.00965118 -0.196462 0.980464
    outer loop
      vertex -0.302345 -3.06976 10.1439
      vertex -0.350332 -3.55698 10.0458
      vertex 0 -3.57419 10.0458
    endloop
  endfacet
  facet normal 0.0144658 -0.0577495 0.998226
    outer loop
      vertex 0.255561 -0.842473 10.3805
      vertex 0.171754 -0.863466 10.3805
      vertex 0.4232 -1.3951 10.3461
    endloop
  endfacet
  facet normal 0.34971 -0.471526 0.809547
    outer loop
      vertex 3.44091 -4.19276 9.3696
      vertex 3.01338 -4.50984 9.3696
      vertex 3.58385 -4.36694 9.2064
    endloop
  endfacet
  facet normal 0.0299992 -0.119764 0.992349
    outer loop
      vertex 0.586763 -1.9343 10.2948
      vertex 0.500471 -2.51604 10.2272
      vertex 0.744676 -2.45487 10.2272
    endloop
  endfacet
  facet normal -0.168708 0.101125 0.980465
    outer loop
      vertex -2.56476 1.71372 10.1439
      vertex -2.97184 1.98572 10.0458
      vertex -2.72039 1.45408 10.1439
    endloop
  endfacet
  facet normal -0.279031 0.0698887 0.957735
    outer loop
      vertex -4.25428 1.29052 9.80881
      vertex -4.36028 0.867314 9.80881
      vertex -3.85585 1.16966 9.93371
    endloop
  endfacet
  facet normal -0.503521 0.301786 0.809562
    outer loop
      vertex -4.50984 3.01338 9.3696
      vertex -4.98221 2.66304 9.2064
      vertex -4.78348 2.55682 9.3696
    endloop
  endfacet
  facet normal -0.580691 0.086135 0.809554
    outer loop
      vertex -5.31972 1.05816 9.3696
      vertex -5.54072 1.10212 9.2064
      vertex -5.39782 0.531638 9.3696
    endloop
  endfacet
  facet normal -0.586346 0.0288025 0.809549
    outer loop
      vertex -5.62206 0.553724 9.2064
      vertex -5.64926 0 9.2064
      vertex -5.39782 0.531638 9.3696
    endloop
  endfacet
  facet normal -0.949078 -0.0466142 0.311572
    outer loop
      vertex -5.93506 0 8.86411
      vertex -5.99277 0 8.68832
      vertex -5.96392 -0.587394 8.68832
    endloop
  endfacet
  facet normal -0.939926 0.139423 0.311611
    outer loop
      vertex -5.82102 1.15787 8.86411
      vertex -5.96392 0.587394 8.68832
      vertex -5.90648 0.581737 8.86411
    endloop
  endfacet
  facet normal -0.71513 0.42864 0.552138
    outer loop
      vertex -4.93482 3.29734 8.86411
      vertex -5.13295 2.74362 9.03736
      vertex -4.83931 3.23352 9.03736
    endloop
  endfacet
  facet normal -0.92174 0.23088 0.311593
    outer loop
      vertex -5.73473 1.73961 8.68832
      vertex -5.82102 1.15787 8.86411
      vertex -5.6795 1.72286 8.86411
    endloop
  endfacet
  facet normal -0.894669 0.320122 0.311591
    outer loop
      vertex -5.48328 2.27125 8.86411
      vertex -5.73473 1.73961 8.68832
      vertex -5.6795 1.72286 8.86411
    endloop
  endfacet
  facet normal -0.824714 0.122333 0.552161
    outer loop
      vertex -5.82102 1.15787 8.86411
      vertex -5.90648 0.581737 8.86411
      vertex -5.70835 1.13546 9.03736
    endloop
  endfacet
  facet normal -0.638121 -0.704063 0.311604
    outer loop
      vertex -3.76516 -4.58786 8.86411
      vertex -4.19672 -4.19672 8.86411
      vertex -3.80177 -4.63248 8.68832
    endloop
  endfacet
  facet normal -0.362967 -0.328979 0.871796
    outer loop
      vertex -3.63903 -3.63903 9.52538
      vertex -4.19276 -3.44091 9.3696
      vertex -3.8353 -3.8353 9.3696
    endloop
  endfacet
  facet normal -0.185201 -0.0662611 0.980464
    outer loop
      vertex -2.95179 -0.895416 10.1439
      vertex -3.42029 -1.03753 10.0458
      vertex -3.30213 -1.36779 10.0458
    endloop
  endfacet
  facet normal -0.339982 -0.0504349 0.939079
    outer loop
      vertex -4.4243 -0.435755 9.80881
      vertex -4.72664 -0.940187 9.67226
      vertex -4.36028 -0.867314 9.80881
    endloop
  endfacet
  facet normal -0.168717 -0.10112 0.980464
    outer loop
      vertex -2.72039 -1.45408 10.1439
      vertex -3.15216 -1.68486 10.0458
      vertex -2.97184 -1.98572 10.0458
    endloop
  endfacet
  facet normal -0.386051 -0.138128 0.912078
    outer loop
      vertex -4.61173 -1.39895 9.67226
      vertex -4.92477 -1.49391 9.52538
      vertex -4.75463 -1.96943 9.52538
    endloop
  endfacet
  facet normal -0.0286606 -0.00717925 0.999563
    outer loop
      vertex -0.281729 -0.0854607 10.3978
      vertex -0.863466 -0.171754 10.3805
      vertex -0.842473 -0.255561 10.3805
    endloop
  endfacet
  facet normal -0.0181163 -0.122128 0.992349
    outer loop
      vertex -0.394343 -1.9825 10.2948
      vertex -0.500471 -2.51604 10.2272
      vertex -0.251446 -2.55298 10.2272
    endloop
  endfacet
  facet normal -0.237039 -0.662481 0.710585
    outer loop
      vertex -1.63989 -5.40601 9.2064
      vertex -2.22729 -5.37715 9.03736
      vertex -1.68951 -5.56957 9.03736
    endloop
  endfacet
  facet normal 0.139439 -0.939937 0.311568
    outer loop
      vertex 1.15787 -5.82102 8.86411
      vertex 0.587394 -5.96392 8.68832
      vertex 1.16913 -5.87762 8.68832
    endloop
  endfacet
  facet normal -0.0466264 -0.949065 0.311611
    outer loop
      vertex -0.581737 -5.90648 8.86411
      vertex -0.587394 -5.96392 8.68832
      vertex 0 -5.93506 8.86411
    endloop
  endfacet
  facet normal 0.170974 -0.68254 0.710568
    outer loop
      vertex 1.63989 -5.40601 9.2064
      vertex 1.10212 -5.54072 9.2064
      vertex 1.13546 -5.70835 9.03736
    endloop
  endfacet
  facet normal -0.496659 -0.669681 0.552139
    outer loop
      vertex -3.23352 -4.83931 9.03736
      vertex -3.69229 -4.49907 9.03736
      vertex -3.29734 -4.93482 8.86411
    endloop
  endfacet
  facet normal -0.35169 -0.210792 0.912075
    outer loop
      vertex -4.00706 -2.67743 9.67226
      vertex -4.53869 -2.42598 9.52538
      vertex -4.27905 -2.85917 9.52538
    endloop
  endfacet
  facet normal -0.0490561 -0.998796 0
    outer loop
      vertex -0.587394 -5.96392 8.6
      vertex 0 -5.99277 8.68832
      vertex -0.587394 -5.96392 8.68832
    endloop
  endfacet
  facet normal -0.0490561 -0.998796 -0
    outer loop
      vertex 0 -5.99277 8.68832
      vertex -0.587394 -5.96392 8.6
      vertex 0 -5.99277 8.6
    endloop
  endfacet
  facet normal -0.280884 -0.785005 0.552151
    outer loop
      vertex -2.22729 -5.37715 9.03736
      vertex -2.27125 -5.48328 8.86411
      vertex -1.72286 -5.6795 8.86411
    endloop
  endfacet
  facet normal -0.970034 -0.242968 0
    outer loop
      vertex -5.73473 -1.73961 8.6
      vertex -5.87762 -1.16913 8.68832
      vertex -5.87762 -1.16913 8.6
    endloop
  endfacet
  facet normal -0.970034 -0.242968 0
    outer loop
      vertex -5.87762 -1.16913 8.68832
      vertex -5.73473 -1.73961 8.6
      vertex -5.73473 -1.73961 8.68832
    endloop
  endfacet
  facet normal -0.808752 -0.202578 0.552162
    outer loop
      vertex -5.56957 -1.68951 9.03736
      vertex -5.70835 -1.13546 9.03736
      vertex -5.6795 -1.72286 8.86411
    endloop
  endfacet
  facet normal -0.386043 -0.138131 0.91208
    outer loop
      vertex -4.61173 -1.39895 9.67226
      vertex -4.75463 -1.96943 9.52538
      vertex -4.4524 -1.84424 9.67226
    endloop
  endfacet
  facet normal -0.696011 -0.103247 0.710569
    outer loop
      vertex -5.54072 -1.10212 9.2064
      vertex -5.79216 -0.570477 9.03736
      vertex -5.70835 -1.13546 9.03736
    endloop
  endfacet
  facet normal -0.682527 -0.170961 0.710584
    outer loop
      vertex -5.40601 -1.63989 9.2064
      vertex -5.70835 -1.13546 9.03736
      vertex -5.56957 -1.68951 9.03736
    endloop
  endfacet
  facet normal -0.894672 -0.320128 0.311578
    outer loop
      vertex -5.48328 -2.27125 8.86411
      vertex -5.73473 -1.73961 8.68832
      vertex -5.5366 -2.29333 8.68832
    endloop
  endfacet
  facet normal -0.580691 -0.086135 0.809554
    outer loop
      vertex -5.39782 -0.531638 9.3696
      vertex -5.54072 -1.10212 9.2064
      vertex -5.31972 -1.05816 9.3696
    endloop
  endfacet
  facet normal -0.569445 -0.142645 0.809558
    outer loop
      vertex -5.19038 -1.57448 9.3696
      vertex -5.54072 -1.10212 9.2064
      vertex -5.40601 -1.63989 9.2064
    endloop
  endfacet
  facet normal -0.832748 -0.0409165 0.552137
    outer loop
      vertex -5.82019 0 9.03736
      vertex -5.93506 0 8.86411
      vertex -5.79216 -0.570477 9.03736
    endloop
  endfacet
  facet normal -0.939926 -0.139423 0.311611
    outer loop
      vertex -5.90648 -0.581737 8.86411
      vertex -5.96392 -0.587394 8.68832
      vertex -5.82102 -1.15787 8.86411
    endloop
  endfacet
  facet normal -0.48457 -0.0718739 0.871795
    outer loop
      vertex -5.12159 -0.504432 9.52538
      vertex -5.39782 -0.531638 9.3696
      vertex -5.04749 -1.00401 9.52538
    endloop
  endfacet
  facet normal -0.565129 0.419129 0.710606
    outer loop
      vertex -4.49907 3.69229 9.03736
      vertex -4.69719 3.13856 9.2064
      vertex -4.36694 3.58385 9.2064
    endloop
  endfacet
  facet normal -0.339981 -0.0504355 0.939079
    outer loop
      vertex -4.4243 -0.435755 9.80881
      vertex -4.79604 -0.472368 9.67226
      vertex -4.72664 -0.940187 9.67226
    endloop
  endfacet
  facet normal -0.239104 0.011745 0.970923
    outer loop
      vertex -4.00995 0.394945 9.93371
      vertex -4.02935 0 9.93371
      vertex -3.55698 0.350332 10.0458
    endloop
  endfacet
  facet normal 0.142645 -0.569445 0.809558
    outer loop
      vertex 1.57448 -5.19038 9.3696
      vertex 1.10212 -5.54072 9.2064
      vertex 1.63989 -5.40601 9.2064
    endloop
  endfacet
  facet normal 0.61777 -0.559935 0.552117
    outer loop
      vertex 4.49907 -3.69229 9.03736
      vertex 4.11549 -4.11549 9.03736
      vertex 4.58786 -3.76516 8.86411
    endloop
  endfacet
  facet normal -0.230874 0.92175 0.311569
    outer loop
      vertex -1.16913 5.87762 8.68832
      vertex -1.73961 5.73473 8.68832
      vertex -1.15787 5.82102 8.86411
    endloop
  endfacet
  facet normal -0.356486 0.753712 0.55212
    outer loop
      vertex -2.27125 5.48328 8.86411
      vertex -2.79777 5.23425 8.86411
      vertex -2.74362 5.13295 9.03736
    endloop
  endfacet
  facet normal -0.300828 0.636049 0.710594
    outer loop
      vertex -2.16188 5.21924 9.2064
      vertex -2.74362 5.13295 9.03736
      vertex -2.66304 4.98221 9.2064
    endloop
  endfacet
  facet normal -0.301786 0.503521 0.809562
    outer loop
      vertex -2.66304 4.98221 9.2064
      vertex -3.01338 4.50984 9.3696
      vertex -2.55682 4.78348 9.3696
    endloop
  endfacet
  facet normal -0.175311 0.370651 0.912077
    outer loop
      vertex -1.96943 4.75463 9.52538
      vertex -2.42598 4.53869 9.52538
      vertex -2.27178 4.25019 9.67226
    endloop
  endfacet
  facet normal -0.20474 0.276061 0.93908
    outer loop
      vertex -2.67743 4.00706 9.67226
      vertex -3.0573 3.72533 9.67226
      vertex -2.4699 3.69647 9.80881
    endloop
  endfacet
  facet normal 0.824721 -0.12234 0.552148
    outer loop
      vertex 5.79216 -0.570477 9.03736
      vertex 5.70835 -1.13546 9.03736
      vertex 5.90648 -0.581737 8.86411
    endloop
  endfacet
  facet normal 0.832748 0.0409165 0.552137
    outer loop
      vertex 5.93506 0 8.86411
      vertex 5.79216 0.570477 9.03736
      vertex 5.82019 0 9.03736
    endloop
  endfacet
  facet normal 0.949065 0.0466264 0.311611
    outer loop
      vertex 5.96392 0.587394 8.68832
      vertex 5.90648 0.581737 8.86411
      vertex 5.93506 0 8.86411
    endloop
  endfacet
  facet normal 0.70276 0.034521 0.710589
    outer loop
      vertex 5.79216 0.570477 9.03736
      vertex 5.62206 0.553724 9.2064
      vertex 5.64926 0 9.2064
    endloop
  endfacet
  facet normal 0.939926 -0.139423 0.311611
    outer loop
      vertex 5.90648 -0.581737 8.86411
      vertex 5.82102 -1.15787 8.86411
      vertex 5.96392 -0.587394 8.68832
    endloop
  endfacet
  facet normal 0.116247 -0.041593 0.992349
    outer loop
      vertex 2.45487 -0.744676 10.2272
      vertex 1.9343 -0.586763 10.2948
      vertex 2.37006 -0.981709 10.2272
    endloop
  endfacet
  facet normal 0.185197 -0.0662647 0.980465
    outer loop
      vertex 2.95179 -0.895416 10.1439
      vertex 2.84981 -1.18043 10.1439
      vertex 3.30213 -1.36779 10.0458
    endloop
  endfacet
  facet normal 0.310708 -0.146953 0.939077
    outer loop
      vertex 4.4524 -1.84424 9.67226
      vertex 4.1073 -1.7013 9.80881
      vertex 4.25019 -2.27178 9.67226
    endloop
  endfacet
  facet normal 0.300827 -0.63606 0.710585
    outer loop
      vertex 2.74362 -5.13295 9.03736
      vertex 2.16188 -5.21924 9.2064
      vertex 2.22729 -5.37715 9.03736
    endloop
  endfacet
  facet normal 0.471526 -0.34971 0.809547
    outer loop
      vertex 4.50984 -3.01338 9.3696
      vertex 4.19276 -3.44091 9.3696
      vertex 4.36694 -3.58385 9.2064
    endloop
  endfacet
  facet normal 0.475194 -0.119036 0.871792
    outer loop
      vertex 5.04749 -1.00401 9.52538
      vertex 4.92477 -1.49391 9.52538
      vertex 5.31972 -1.05816 9.3696
    endloop
  endfacet
  facet normal 0.386051 0.138128 0.912078
    outer loop
      vertex 4.75463 1.96943 9.52538
      vertex 4.61173 1.39895 9.67226
      vertex 4.92477 1.49391 9.52538
    endloop
  endfacet
  facet normal 0.343287 0.0168668 0.939079
    outer loop
      vertex 4.79604 0.472368 9.67226
      vertex 4.4243 0.435755 9.80881
      vertex 4.44571 0 9.80881
    endloop
  endfacet
  facet normal 0.586337 0.0287964 0.809555
    outer loop
      vertex 5.64926 0 9.2064
      vertex 5.39782 0.531638 9.3696
      vertex 5.42393 0 9.3696
    endloop
  endfacet
  facet normal 0.5807 -0.0861314 0.809549
    outer loop
      vertex 5.62206 -0.553724 9.2064
      vertex 5.39782 -0.531638 9.3696
      vertex 5.54072 -1.10212 9.2064
    endloop
  endfacet
  facet normal 0.146956 -0.3107 0.939079
    outer loop
      vertex 2.09569 -3.92076 9.80881
      vertex 1.7013 -4.1073 9.80881
      vertex 2.27178 -4.25019 9.67226
    endloop
  endfacet
  facet normal 0.0835108 -0.333406 0.939077
    outer loop
      vertex 1.29052 -4.25428 9.80881
      vertex 0.940187 -4.72664 9.67226
      vertex 1.39895 -4.61173 9.67226
    endloop
  endfacet
  facet normal 0.202578 -0.808752 0.552161
    outer loop
      vertex 1.72286 -5.6795 8.86411
      vertex 1.13546 -5.70835 9.03736
      vertex 1.15787 -5.82102 8.86411
    endloop
  endfacet
  facet normal 0.197767 -0.552725 0.809557
    outer loop
      vertex 2.07565 -5.01106 9.3696
      vertex 1.63989 -5.40601 9.2064
      vertex 2.16188 -5.21924 9.2064
    endloop
  endfacet
  facet normal 0.209452 -0.442841 0.871792
    outer loop
      vertex 2.42598 -4.53869 9.52538
      vertex 2.07565 -5.01106 9.3696
      vertex 2.55682 -4.78348 9.3696
    endloop
  endfacet
  facet normal 0.175311 -0.370651 0.912077
    outer loop
      vertex 2.27178 -4.25019 9.67226
      vertex 1.96943 -4.75463 9.52538
      vertex 2.42598 -4.53869 9.52538
    endloop
  endfacet
  facet normal 0.230818 -0.254664 0.939079
    outer loop
      vertex 3.14359 -3.14359 9.80881
      vertex 2.82033 -3.43658 9.80881
      vertex 3.0573 -3.72533 9.67226
    endloop
  endfacet
  facet normal 0.393467 -0.291817 0.871795
    outer loop
      vertex 4.50984 -3.01338 9.3696
      vertex 3.9782 -3.26482 9.52538
      vertex 4.19276 -3.44091 9.3696
    endloop
  endfacet
  facet normal 0.475195 -0.119038 0.871791
    outer loop
      vertex 5.31972 -1.05816 9.3696
      vertex 4.92477 -1.49391 9.52538
      vertex 5.19038 -1.57448 9.3696
    endloop
  endfacet
  facet normal 0.246727 -0.147882 0.957735
    outer loop
      vertex 3.55357 -1.89942 9.93371
      vertex 3.35028 -2.23859 9.93371
      vertex 3.69647 -2.4699 9.80881
    endloop
  endfacet
  facet normal 0.00445419 -0.0906682 0.995871
    outer loop
      vertex 0.142897 -1.45086 10.3461
      vertex 0 -1.45788 10.3461
      vertex 0.198126 -2.01161 10.2948
    endloop
  endfacet
  facet normal 0.143352 -0.067797 0.987347
    outer loop
      vertex 2.84981 -1.18043 10.1439
      vertex 2.37006 -0.981709 10.2272
      vertex 2.72039 -1.45408 10.1439
    endloop
  endfacet
  facet normal 0.393466 -0.291814 0.871797
    outer loop
      vertex 4.27905 -2.85917 9.52538
      vertex 3.9782 -3.26482 9.52538
      vertex 4.50984 -3.01338 9.3696
    endloop
  endfacet
  facet normal 0.294803 -0.176696 0.939079
    outer loop
      vertex 3.92076 -2.09569 9.80881
      vertex 3.69647 -2.4699 9.80881
      vertex 4.25019 -2.27178 9.67226
    endloop
  endfacet
  facet normal -0.0198418 0.0218923 0.999563
    outer loop
      vertex -0.186769 0.227578 10.3978
      vertex -0.622524 0.622524 10.3805
      vertex -0.208176 0.208176 10.3978
    endloop
  endfacet
  facet normal 0.15382 -0.0385339 0.987347
    outer loop
      vertex 3.02535 -0.601778 10.1439
      vertex 2.51604 -0.500471 10.2272
      vertex 2.95179 -0.895416 10.1439
    endloop
  endfacet
  facet normal 0.123316 0.00605608 0.992349
    outer loop
      vertex 2.56533 0 10.2272
      vertex 2.01161 0.198126 10.2948
      vertex 2.02134 0 10.2948
    endloop
  endfacet
  facet normal 0.11161 -0.0527865 0.992349
    outer loop
      vertex 1.86747 -0.773533 10.2948
      vertex 1.78266 -0.952852 10.2948
      vertex 2.37006 -0.981709 10.2272
    endloop
  endfacet
  facet normal -0.117174 0.157988 0.980464
    outer loop
      vertex -1.98572 2.97184 10.0458
      vertex -2.26745 2.76289 10.0458
      vertex -1.95686 2.38444 10.1439
    endloop
  endfacet
  facet normal 0.11161 0.0527885 0.992349
    outer loop
      vertex 2.26242 1.20929 10.2272
      vertex 1.78266 0.952852 10.2948
      vertex 2.37006 0.981709 10.2272
    endloop
  endfacet
  facet normal 0.420176 0.25184 0.871797
    outer loop
      vertex 4.50984 3.01338 9.3696
      vertex 4.27905 2.85917 9.52538
      vertex 4.53869 2.42598 9.52538
    endloop
  endfacet
  facet normal 0.370646 0.175301 0.91208
    outer loop
      vertex 4.75463 1.96943 9.52538
      vertex 4.25019 2.27178 9.67226
      vertex 4.4524 1.84424 9.67226
    endloop
  endfacet
  facet normal 0.0835073 0.333404 0.939079
    outer loop
      vertex 0.940187 4.72664 9.67226
      vertex 0.867314 4.36028 9.80881
      vertex 1.29052 4.25428 9.80881
    endloop
  endfacet
  facet normal 0.209458 0.442845 0.871789
    outer loop
      vertex 2.07565 5.01106 9.3696
      vertex 1.96943 4.75463 9.52538
      vertex 2.42598 4.53869 9.52538
    endloop
  endfacet
  facet normal 0.0201177 0.409525 0.912077
    outer loop
      vertex 0.504432 5.12159 9.52538
      vertex 0 5.14637 9.52538
      vertex 0.472368 4.79604 9.67226
    endloop
  endfacet
  facet normal 0.230818 0.254664 0.939079
    outer loop
      vertex 3.0573 3.72533 9.67226
      vertex 2.82033 3.43658 9.80881
      vertex 3.14359 3.14359 9.80881
    endloop
  endfacet
  facet normal -0.0634728 0.105901 0.992349
    outer loop
      vertex -0.952852 1.78266 10.2948
      vertex -1.42522 2.13299 10.2272
      vertex -1.123 1.68068 10.2948
    endloop
  endfacet
  facet normal 0.0306065 0.0510636 0.998226
    outer loop
      vertex 0.809955 1.21218 10.3461
      vertex 0.415009 0.776428 10.3805
      vertex 0.489114 0.732011 10.3805
    endloop
  endfacet
  facet normal 0.34971 0.471529 0.809545
    outer loop
      vertex 3.13856 4.69719 9.2064
      vertex 3.01338 4.50984 9.3696
      vertex 3.58385 4.36694 9.2064
    endloop
  endfacet
  facet normal -0.0718778 0.484574 0.871792
    outer loop
      vertex -0.531638 5.39782 9.3696
      vertex -1.05816 5.31972 9.3696
      vertex -1.00401 5.04749 9.52538
    endloop
  endfacet
  facet normal 0.0996286 0.397719 0.912082
    outer loop
      vertex 1.00401 5.04749 9.52538
      vertex 0.940187 4.72664 9.67226
      vertex 1.49391 4.92477 9.52538
    endloop
  endfacet
  facet normal 0.12234 0.824721 0.552148
    outer loop
      vertex 0.581737 5.90648 8.86411
      vertex 0.570477 5.79216 9.03736
      vertex 1.13546 5.70835 9.03736
    endloop
  endfacet
  facet normal 0.230874 0.92175 0.311569
    outer loop
      vertex 1.16913 5.87762 8.68832
      vertex 1.15787 5.82102 8.86411
      vertex 1.73961 5.73473 8.68832
    endloop
  endfacet
  facet normal 0.280876 0.785 0.552163
    outer loop
      vertex 1.72286 5.6795 8.86411
      vertex 1.68951 5.56957 9.03736
      vertex 2.22729 5.37715 9.03736
    endloop
  endfacet
  facet normal 0.824721 0.12234 0.552148
    outer loop
      vertex 5.90648 0.581737 8.86411
      vertex 5.70835 1.13546 9.03736
      vertex 5.79216 0.570477 9.03736
    endloop
  endfacet
  facet normal 0.92175 0.230874 0.311569
    outer loop
      vertex 5.87762 1.16913 8.68832
      vertex 5.73473 1.73961 8.68832
      vertex 5.82102 1.15787 8.86411
    endloop
  endfacet
  facet normal 0.503521 0.301786 0.809562
    outer loop
      vertex 4.98221 2.66304 9.2064
      vertex 4.50984 3.01338 9.3696
      vertex 4.78348 2.55682 9.3696
    endloop
  endfacet
  facet normal 0.442845 0.209458 0.871789
    outer loop
      vertex 5.01106 2.07565 9.3696
      vertex 4.53869 2.42598 9.52538
      vertex 4.75463 1.96943 9.52538
    endloop
  endfacet
  facet normal 0.339982 0.0504349 0.939079
    outer loop
      vertex 4.72664 0.940187 9.67226
      vertex 4.36028 0.867314 9.80881
      vertex 4.4243 0.435755 9.80881
    endloop
  endfacet
  facet normal 0.284541 0.0422105 0.957734
    outer loop
      vertex 4.36028 0.867314 9.80881
      vertex 3.95193 0.786087 9.93371
      vertex 4.4243 0.435755 9.80881
    endloop
  endfacet
  facet normal 0.146953 0.310708 0.939077
    outer loop
      vertex 1.84424 4.4524 9.67226
      vertex 1.7013 4.1073 9.80881
      vertex 2.27178 4.25019 9.67226
    endloop
  endfacet
  facet normal 0.25184 0.420176 0.871797
    outer loop
      vertex 3.01338 4.50984 9.3696
      vertex 2.42598 4.53869 9.52538
      vertex 2.85917 4.27905 9.52538
    endloop
  endfacet
  facet normal 0.165034 0.461243 0.871791
    outer loop
      vertex 1.57448 5.19038 9.3696
      vertex 1.49391 4.92477 9.52538
      vertex 2.07565 5.01106 9.3696
    endloop
  endfacet
  facet normal 0.406276 0.858988 0.311575
    outer loop
      vertex 2.29333 5.5366 8.68832
      vertex 2.27125 5.48328 8.86411
      vertex 2.82497 5.28515 8.68832
    endloop
  endfacet
  facet normal 0.989175 0.146743 0
    outer loop
      vertex 5.96392 0.587394 8.68832
      vertex 5.87762 1.16913 8.6
      vertex 5.87762 1.16913 8.68832
    endloop
  endfacet
  facet normal 0.989175 0.146743 0
    outer loop
      vertex 5.87762 1.16913 8.6
      vertex 5.96392 0.587394 8.68832
      vertex 5.96392 0.587394 8.6
    endloop
  endfacet
  facet normal 0.92174 0.23088 0.311593
    outer loop
      vertex 5.73473 1.73961 8.68832
      vertex 5.6795 1.72286 8.86411
      vertex 5.82102 1.15787 8.86411
    endloop
  endfacet
  facet normal 0.682527 0.170961 0.710584
    outer loop
      vertex 5.56957 1.68951 9.03736
      vertex 5.40601 1.63989 9.2064
      vertex 5.70835 1.13546 9.03736
    endloop
  endfacet
  facet normal 0.785 0.280876 0.552163
    outer loop
      vertex 5.6795 1.72286 8.86411
      vertex 5.37715 2.22729 9.03736
      vertex 5.56957 1.68951 9.03736
    endloop
  endfacet
  facet normal 0.291817 0.393467 0.871795
    outer loop
      vertex 3.44091 4.19276 9.3696
      vertex 3.01338 4.50984 9.3696
      vertex 3.26482 3.9782 9.52538
    endloop
  endfacet
  facet normal 0.419129 0.565129 0.710606
    outer loop
      vertex 3.69229 4.49907 9.03736
      vertex 3.13856 4.69719 9.2064
      vertex 3.58385 4.36694 9.2064
    endloop
  endfacet
  facet normal 0.362967 0.328979 0.871796
    outer loop
      vertex 3.8353 3.8353 9.3696
      vertex 3.63903 3.63903 9.52538
      vertex 4.19276 3.44091 9.3696
    endloop
  endfacet
  facet normal 0.32898 0.362967 0.871795
    outer loop
      vertex 3.44091 4.19276 9.3696
      vertex 3.26482 3.9782 9.52538
      vertex 3.63903 3.63903 9.52538
    endloop
  endfacet
  facet normal 0.603496 0.361728 0.710595
    outer loop
      vertex 5.13295 2.74362 9.03736
      vertex 4.83931 3.23352 9.03736
      vertex 4.98221 2.66304 9.2064
    endloop
  endfacet
  facet normal 0.71513 0.42864 0.552138
    outer loop
      vertex 4.93482 3.29734 8.86411
      vertex 4.83931 3.23352 9.03736
      vertex 5.13295 2.74362 9.03736
    endloop
  endfacet
  facet normal 0.565129 0.419129 0.710606
    outer loop
      vertex 4.49907 3.69229 9.03736
      vertex 4.36694 3.58385 9.2064
      vertex 4.69719 3.13856 9.2064
    endloop
  endfacet
  facet normal 0.638121 0.704063 0.311604
    outer loop
      vertex 3.80177 4.63248 8.68832
      vertex 3.76516 4.58786 8.86411
      vertex 4.19672 4.19672 8.86411
    endloop
  endfacet
  facet normal 0.496675 0.669687 0.552117
    outer loop
      vertex 3.76516 4.58786 8.86411
      vertex 3.29734 4.93482 8.86411
      vertex 3.69229 4.49907 9.03736
    endloop
  endfacet
  facet normal 0.559902 0.617762 0.552159
    outer loop
      vertex 4.19672 4.19672 8.86411
      vertex 3.76516 4.58786 8.86411
      vertex 4.11549 4.11549 9.03736
    endloop
  endfacet
  facet normal -0.566039 0.763213 0.311619
    outer loop
      vertex -3.32941 4.98281 8.68832
      vertex -3.76516 4.58786 8.86411
      vertex -3.29734 4.93482 8.86411
    endloop
  endfacet
  facet normal -0.136012 0.0815263 0.987347
    outer loop
      vertex -2.13299 1.42522 10.2272
      vertex -2.72039 1.45408 10.1439
      vertex -2.26242 1.20929 10.2272
    endloop
  endfacet
  facet normal -0.397719 0.0996286 0.912082
    outer loop
      vertex -4.92477 1.49391 9.52538
      vertex -5.04749 1.00401 9.52538
      vertex -4.72664 0.940187 9.67226
    endloop
  endfacet
  facet normal -0.405569 0.0601653 0.912082
    outer loop
      vertex -4.72664 0.940187 9.67226
      vertex -5.04749 1.00401 9.52538
      vertex -4.79604 0.472368 9.67226
    endloop
  endfacet
  facet normal -0.40952 0.0201133 0.912079
    outer loop
      vertex -4.79604 0.472368 9.67226
      vertex -5.14637 0 9.52538
      vertex -4.81924 0 9.67226
    endloop
  endfacet
  facet normal 0.00873533 -0.058889 0.998226
    outer loop
      vertex 0.171754 -0.863466 10.3805
      vertex 0.0862923 -0.876143 10.3805
      vertex 0.142897 -1.45086 10.3461
    endloop
  endfacet
  facet normal -0.190804 0.0477987 0.980464
    outer loop
      vertex -2.95179 0.895416 10.1439
      vertex -3.50552 0.69729 10.0458
      vertex -3.02535 0.601778 10.1439
    endloop
  endfacet
  facet normal -0.0478189 -0.0354621 0.998226
    outer loop
      vertex -0.680545 -0.558509 10.3805
      vertex -1.21218 -0.809955 10.3461
      vertex -1.12696 -0.92487 10.3461
    endloop
  endfacet
  facet normal -0.00433529 0.0292263 0.999563
    outer loop
      vertex -0.0862923 0.876143 10.3805
      vertex -0.171754 0.863466 10.3805
      vertex -0.057435 0.288749 10.3978
    endloop
  endfacet
  facet normal -0.0295104 -0.00145014 0.999563
    outer loop
      vertex -0.294406 0 10.3978
      vertex -0.876143 -0.0862923 10.3805
      vertex -0.292988 -0.0288563 10.3978
    endloop
  endfacet
  facet normal -0.0991686 -0.0735486 0.992349
    outer loop
      vertex -1.68068 -1.123 10.2948
      vertex -2.13299 -1.42522 10.2272
      vertex -1.56252 -1.28232 10.2948
    endloop
  endfacet
  facet normal -0.102359 -0.216409 0.970922
    outer loop
      vertex -1.68486 -3.15216 10.0458
      vertex -1.89942 -3.55357 9.93371
      vertex -1.36779 -3.30213 10.0458
    endloop
  endfacet
  facet normal 0.0267094 -0.0126324 0.999563
    outer loop
      vertex 0.813367 -0.336907 10.3805
      vertex 0.271996 -0.112664 10.3978
      vertex 0.776428 -0.415009 10.3805
    endloop
  endfacet
  facet normal 0.117174 -0.157988 0.980464
    outer loop
      vertex 2.26745 -2.76289 10.0458
      vertex 1.95686 -2.38444 10.1439
      vertex 1.98572 -2.97184 10.0458
    endloop
  endfacet
  facet normal -0.194571 0.0288576 0.980464
    outer loop
      vertex -3.02535 0.601778 10.1439
      vertex -3.50552 0.69729 10.0458
      vertex -3.06976 0.302345 10.1439
    endloop
  endfacet
  facet normal -0.136012 -0.0815262 0.987347
    outer loop
      vertex -2.13299 -1.42522 10.2272
      vertex -2.72039 -1.45408 10.1439
      vertex -2.56476 -1.71372 10.1439
    endloop
  endfacet
  facet normal 0.419129 -0.565129 0.710606
    outer loop
      vertex 3.58385 -4.36694 9.2064
      vertex 3.13856 -4.69719 9.2064
      vertex 3.69229 -4.49907 9.03736
    endloop
  endfacet
  facet normal 0.14261 -0.192286 0.970921
    outer loop
      vertex 2.55619 -3.11473 9.93371
      vertex 1.98572 -2.97184 10.0458
      vertex 2.23859 -3.35028 9.93371
    endloop
  endfacet
  facet normal 0.0969079 -0.270838 0.957735
    outer loop
      vertex 1.54197 -3.72264 9.93371
      vertex 1.29052 -4.25428 9.80881
      vertex 1.7013 -4.1073 9.80881
    endloop
  endfacet
  facet normal 0.0829159 -0.0914787 0.992349
    outer loop
      vertex 1.81396 -1.81396 10.2272
      vertex 1.28232 -1.56252 10.2948
      vertex 1.62743 -1.98303 10.2272
    endloop
  endfacet
  facet normal -0.117174 -0.157988 0.980464
    outer loop
      vertex -1.95686 -2.38444 10.1439
      vertex -2.26745 -2.76289 10.0458
      vertex -1.98572 -2.97184 10.0458
    endloop
  endfacet
  facet normal -0.0385306 -0.153823 0.987347
    outer loop
      vertex -0.744676 -2.45487 10.2272
      vertex -0.895416 -2.95179 10.1439
      vertex -0.500471 -2.51604 10.2272
    endloop
  endfacet
  facet normal -0.70276 0.034521 0.710589
    outer loop
      vertex -5.62206 0.553724 9.2064
      vertex -5.79216 0.570477 9.03736
      vertex -5.64926 0 9.2064
    endloop
  endfacet
  facet normal -0.682527 0.170961 0.710584
    outer loop
      vertex -5.56957 1.68951 9.03736
      vertex -5.70835 1.13546 9.03736
      vertex -5.40601 1.63989 9.2064
    endloop
  endfacet
  facet normal -0.753699 0.356464 0.552151
    outer loop
      vertex -5.13295 2.74362 9.03736
      vertex -5.48328 2.27125 8.86411
      vertex -5.37715 2.22729 9.03736
    endloop
  endfacet
  facet normal -0.56945 0.142649 0.809554
    outer loop
      vertex -5.19038 1.57448 9.3696
      vertex -5.54072 1.10212 9.2064
      vertex -5.31972 1.05816 9.3696
    endloop
  endfacet
  facet normal -0.704063 0.638126 0.311592
    outer loop
      vertex -4.23753 4.23753 8.68832
      vertex -4.63248 3.80177 8.68832
      vertex -4.19672 4.19672 8.86411
    endloop
  endfacet
  facet normal -0.949078 0.0466142 0.311572
    outer loop
      vertex -5.96392 0.587394 8.68832
      vertex -5.99277 0 8.68832
      vertex -5.93506 0 8.86411
    endloop
  endfacet
  facet normal -0.894672 0.320128 0.311578
    outer loop
      vertex -5.5366 2.29333 8.68832
      vertex -5.73473 1.73961 8.68832
      vertex -5.48328 2.27125 8.86411
    endloop
  endfacet
  facet normal -0.785 0.280876 0.552163
    outer loop
      vertex -5.37715 2.22729 9.03736
      vertex -5.6795 1.72286 8.86411
      vertex -5.56957 1.68951 9.03736
    endloop
  endfacet
  facet normal -0.603496 0.361728 0.710595
    outer loop
      vertex -4.83931 3.23352 9.03736
      vertex -5.13295 2.74362 9.03736
      vertex -4.98221 2.66304 9.2064
    endloop
  endfacet
  facet normal -0.617762 0.559902 0.552159
    outer loop
      vertex -4.19672 4.19672 8.86411
      vertex -4.58786 3.76516 8.86411
      vertex -4.11549 4.11549 9.03736
    endloop
  endfacet
  facet normal -0.442845 -0.209458 0.871789
    outer loop
      vertex -4.75463 -1.96943 9.52538
      vertex -5.01106 -2.07565 9.3696
      vertex -4.53869 -2.42598 9.52538
    endloop
  endfacet
  facet normal -0.471526 -0.34971 0.809547
    outer loop
      vertex -4.19276 -3.44091 9.3696
      vertex -4.50984 -3.01338 9.3696
      vertex -4.36694 -3.58385 9.2064
    endloop
  endfacet
  facet normal -0.225399 -0.0806464 0.970923
    outer loop
      vertex -3.42029 -1.03753 10.0458
      vertex -3.85585 -1.16966 9.93371
      vertex -3.72264 -1.54197 9.93371
    endloop
  endfacet
  facet normal -0.397731 -0.0996229 0.912077
    outer loop
      vertex -4.72664 -0.940187 9.67226
      vertex -4.92477 -1.49391 9.52538
      vertex -4.61173 -1.39895 9.67226
    endloop
  endfacet
  facet normal -0.279034 -0.0698944 0.957734
    outer loop
      vertex -3.95193 -0.786087 9.93371
      vertex -4.36028 -0.867314 9.80881
      vertex -3.85585 -1.16966 9.93371
    endloop
  endfacet
  facet normal -0.190804 -0.0477987 0.980464
    outer loop
      vertex -3.02535 -0.601778 10.1439
      vertex -3.50552 -0.69729 10.0458
      vertex -2.95179 -0.895416 10.1439
    endloop
  endfacet
  facet normal -0.231043 -0.171349 0.957736
    outer loop
      vertex -3.11473 -2.55619 9.93371
      vertex -3.69647 -2.4699 9.80881
      vertex -3.43658 -2.82033 9.80881
    endloop
  endfacet
  facet normal -0.503534 -0.301811 0.809545
    outer loop
      vertex -4.50984 -3.01338 9.3696
      vertex -4.98221 -2.66304 9.2064
      vertex -4.69719 -3.13856 9.2064
    endloop
  endfacet
  facet normal -0.246729 -0.147882 0.957735
    outer loop
      vertex -3.55357 -1.89942 9.93371
      vertex -3.92076 -2.09569 9.80881
      vertex -3.69647 -2.4699 9.80881
    endloop
  endfacet
  facet normal -0.038813 -0.0820637 0.995871
    outer loop
      vertex -0.68724 -1.28574 10.3461
      vertex -0.773533 -1.86747 10.2948
      vertex -0.557906 -1.34691 10.3461
    endloop
  endfacet
  facet normal -0.24425 -0.329334 0.912075
    outer loop
      vertex -3.0573 -3.72533 9.67226
      vertex -3.26482 -3.9782 9.52538
      vertex -2.85917 -4.27905 9.52538
    endloop
  endfacet
  facet normal -0.192284 -0.142611 0.970922
    outer loop
      vertex -2.97184 -1.98572 10.0458
      vertex -3.11473 -2.55619 9.93371
      vertex -2.76289 -2.26745 10.0458
    endloop
  endfacet
  facet normal -0.291814 -0.393466 0.871797
    outer loop
      vertex -2.85917 -4.27905 9.52538
      vertex -3.26482 -3.9782 9.52538
      vertex -3.01338 -4.50984 9.3696
    endloop
  endfacet
  facet normal 0.011746 -0.239104 0.970923
    outer loop
      vertex 0 -3.57419 10.0458
      vertex 0 -4.02935 9.93371
      vertex 0.350332 -3.55698 10.0458
    endloop
  endfacet
  facet normal 0.034521 -0.70276 0.710589
    outer loop
      vertex 0.553724 -5.62206 9.2064
      vertex 0 -5.64926 9.2064
      vertex 0.570477 -5.79216 9.03736
    endloop
  endfacet
  facet normal 0.103247 -0.696011 0.710569
    outer loop
      vertex 1.10212 -5.54072 9.2064
      vertex 0.570477 -5.79216 9.03736
      vertex 1.13546 -5.70835 9.03736
    endloop
  endfacet
  facet normal -0.301786 -0.503521 0.809562
    outer loop
      vertex -2.55682 -4.78348 9.3696
      vertex -3.01338 -4.50984 9.3696
      vertex -2.66304 -4.98221 9.2064
    endloop
  endfacet
  facet normal -0.595704 -0.803204 0
    outer loop
      vertex -3.80177 -4.63248 8.6
      vertex -3.32941 -4.98281 8.68832
      vertex -3.80177 -4.63248 8.68832
    endloop
  endfacet
  facet normal -0.595704 -0.803204 -0
    outer loop
      vertex -3.32941 -4.98281 8.68832
      vertex -3.80177 -4.63248 8.6
      vertex -3.32941 -4.98281 8.6
    endloop
  endfacet
  facet normal 0.0409165 -0.832748 0.552137
    outer loop
      vertex 0 -5.82019 9.03736
      vertex 0 -5.93506 8.86411
      vertex 0.570477 -5.79216 9.03736
    endloop
  endfacet
  facet normal -0.0806443 -0.225403 0.970922
    outer loop
      vertex -1.36779 -3.30213 10.0458
      vertex -1.54197 -3.72264 9.93371
      vertex -1.03753 -3.42029 10.0458
    endloop
  endfacet
  facet normal -0.301811 -0.503534 0.809545
    outer loop
      vertex -3.01338 -4.50984 9.3696
      vertex -3.13856 -4.69719 9.2064
      vertex -2.66304 -4.98221 9.2064
    endloop
  endfacet
  facet normal -0.300827 -0.63606 0.710585
    outer loop
      vertex -2.16188 -5.21924 9.2064
      vertex -2.74362 -5.13295 9.03736
      vertex -2.22729 -5.37715 9.03736
    endloop
  endfacet
  facet normal -0.361728 -0.603498 0.710594
    outer loop
      vertex -3.13856 -4.69719 9.2064
      vertex -3.23352 -4.83931 9.03736
      vertex -2.66304 -4.98221 9.2064
    endloop
  endfacet
  facet normal -0.42864 -0.715144 0.552121
    outer loop
      vertex -2.74362 -5.13295 9.03736
      vertex -3.29734 -4.93482 8.86411
      vertex -2.79777 -5.23425 8.86411
    endloop
  endfacet
  facet normal -0.406277 -0.858985 0.311582
    outer loop
      vertex -2.79777 -5.23425 8.86411
      vertex -2.82497 -5.28515 8.68832
      vertex -2.27125 -5.48328 8.86411
    endloop
  endfacet
  facet normal -0.903987 -0.427559 0
    outer loop
      vertex -5.28515 -2.82497 8.6
      vertex -5.5366 -2.29333 8.68832
      vertex -5.5366 -2.29333 8.6
    endloop
  endfacet
  facet normal -0.903987 -0.427559 0
    outer loop
      vertex -5.5366 -2.29333 8.68832
      vertex -5.28515 -2.82497 8.6
      vertex -5.28515 -2.82497 8.68832
    endloop
  endfacet
  facet normal -0.894669 -0.320122 0.311591
    outer loop
      vertex -5.6795 -1.72286 8.86411
      vertex -5.73473 -1.73961 8.68832
      vertex -5.48328 -2.27125 8.86411
    endloop
  endfacet
  facet normal -0.71513 -0.42864 0.552138
    outer loop
      vertex -4.83931 -3.23352 9.03736
      vertex -5.13295 -2.74362 9.03736
      vertex -4.93482 -3.29734 8.86411
    endloop
  endfacet
  facet normal -0.858985 -0.406277 0.311582
    outer loop
      vertex -5.23425 -2.79777 8.86411
      vertex -5.48328 -2.27125 8.86411
      vertex -5.28515 -2.82497 8.68832
    endloop
  endfacet
  facet normal -0.803204 -0.595704 0
    outer loop
      vertex -4.63248 -3.80177 8.6
      vertex -4.98281 -3.32941 8.68832
      vertex -4.98281 -3.32941 8.6
    endloop
  endfacet
  facet normal -0.803204 -0.595704 0
    outer loop
      vertex -4.98281 -3.32941 8.68832
      vertex -4.63248 -3.80177 8.6
      vertex -4.63248 -3.80177 8.68832
    endloop
  endfacet
  facet normal -0.815027 -0.488493 0.311617
    outer loop
      vertex -4.93482 -3.29734 8.86411
      vertex -5.28515 -2.82497 8.68832
      vertex -4.98281 -3.32941 8.68832
    endloop
  endfacet
  facet normal -0.370651 -0.175311 0.912077
    outer loop
      vertex -4.25019 -2.27178 9.67226
      vertex -4.75463 -1.96943 9.52538
      vertex -4.53869 -2.42598 9.52538
    endloop
  endfacet
  facet normal -0.23082 -0.254665 0.939078
    outer loop
      vertex -3.14359 -3.14359 9.80881
      vertex -3.40772 -3.40772 9.67226
      vertex -3.0573 -3.72533 9.67226
    endloop
  endfacet
  facet normal -0.405569 -0.0601653 0.912082
    outer loop
      vertex -4.79604 -0.472368 9.67226
      vertex -5.04749 -1.00401 9.52538
      vertex -4.72664 -0.940187 9.67226
    endloop
  endfacet
  facet normal -0.489282 0.0240357 0.871795
    outer loop
      vertex -5.12159 0.504432 9.52538
      vertex -5.39782 0.531638 9.3696
      vertex -5.14637 0 9.52538
    endloop
  endfacet
  facet normal -0.939937 -0.139439 0.311568
    outer loop
      vertex -5.82102 -1.15787 8.86411
      vertex -5.96392 -0.587394 8.68832
      vertex -5.87762 -1.16913 8.68832
    endloop
  endfacet
  facet normal -0.92175 -0.230874 0.311569
    outer loop
      vertex -5.82102 -1.15787 8.86411
      vertex -5.87762 -1.16913 8.68832
      vertex -5.73473 -1.73961 8.68832
    endloop
  endfacet
  facet normal -0.858988 -0.406276 0.311575
    outer loop
      vertex -5.48328 -2.27125 8.86411
      vertex -5.5366 -2.29333 8.68832
      vertex -5.28515 -2.82497 8.68832
    endloop
  endfacet
  facet normal -0.763213 -0.566039 0.311619
    outer loop
      vertex -4.93482 -3.29734 8.86411
      vertex -4.98281 -3.32941 8.68832
      vertex -4.58786 -3.76516 8.86411
    endloop
  endfacet
  facet normal -0.552724 -0.197766 0.809558
    outer loop
      vertex -5.19038 -1.57448 9.3696
      vertex -5.40601 -1.63989 9.2064
      vertex -5.01106 -2.07565 9.3696
    endloop
  endfacet
  facet normal -0.461243 -0.165034 0.871791
    outer loop
      vertex -4.92477 -1.49391 9.52538
      vertex -5.19038 -1.57448 9.3696
      vertex -5.01106 -2.07565 9.3696
    endloop
  endfacet
  facet normal -0.785 -0.280876 0.552163
    outer loop
      vertex -5.56957 -1.68951 9.03736
      vertex -5.6795 -1.72286 8.86411
      vertex -5.37715 -2.22729 9.03736
    endloop
  endfacet
  facet normal -0.530679 -0.250991 0.809557
    outer loop
      vertex -5.01106 -2.07565 9.3696
      vertex -5.21924 -2.16188 9.2064
      vertex -4.98221 -2.66304 9.2064
    endloop
  endfacet
  facet normal -0.475195 -0.119038 0.871791
    outer loop
      vertex -4.92477 -1.49391 9.52538
      vertex -5.31972 -1.05816 9.3696
      vertex -5.19038 -1.57448 9.3696
    endloop
  endfacet
  facet normal -0.56945 -0.142649 0.809554
    outer loop
      vertex -5.31972 -1.05816 9.3696
      vertex -5.54072 -1.10212 9.2064
      vertex -5.19038 -1.57448 9.3696
    endloop
  endfacet
  facet normal -0.484574 0.0718778 0.871792
    outer loop
      vertex -5.31972 1.05816 9.3696
      vertex -5.39782 0.531638 9.3696
      vertex -5.04749 1.00401 9.52538
    endloop
  endfacet
  facet normal -0.475194 0.119036 0.871792
    outer loop
      vertex -4.92477 1.49391 9.52538
      vertex -5.31972 1.05816 9.3696
      vertex -5.04749 1.00401 9.52538
    endloop
  endfacet
  facet normal -0.405581 0.0601579 0.912077
    outer loop
      vertex -5.04749 1.00401 9.52538
      vertex -5.12159 0.504432 9.52538
      vertex -4.79604 0.472368 9.67226
    endloop
  endfacet
  facet normal -0.48457 0.0718739 0.871795
    outer loop
      vertex -5.04749 1.00401 9.52538
      vertex -5.39782 0.531638 9.3696
      vertex -5.12159 0.504432 9.52538
    endloop
  endfacet
  facet normal -0.284541 -0.0422105 0.957734
    outer loop
      vertex -3.95193 -0.786087 9.93371
      vertex -4.4243 -0.435755 9.80881
      vertex -4.36028 -0.867314 9.80881
    endloop
  endfacet
  facet normal -0.284539 -0.042207 0.957735
    outer loop
      vertex -4.00995 -0.394945 9.93371
      vertex -4.4243 -0.435755 9.80881
      vertex -3.95193 -0.786087 9.93371
    endloop
  endfacet
  facet normal 0.300828 -0.636049 0.710594
    outer loop
      vertex 2.66304 -4.98221 9.2064
      vertex 2.16188 -5.21924 9.2064
      vertex 2.74362 -5.13295 9.03736
    endloop
  endfacet
  facet normal 0.230874 -0.92175 0.311569
    outer loop
      vertex 1.73961 -5.73473 8.68832
      vertex 1.15787 -5.82102 8.86411
      vertex 1.16913 -5.87762 8.68832
    endloop
  endfacet
  facet normal 0.242968 -0.970034 0
    outer loop
      vertex 1.16913 -5.87762 8.6
      vertex 1.73961 -5.73473 8.68832
      vertex 1.16913 -5.87762 8.68832
    endloop
  endfacet
  facet normal 0.242968 -0.970034 0
    outer loop
      vertex 1.73961 -5.73473 8.68832
      vertex 1.16913 -5.87762 8.6
      vertex 1.73961 -5.73473 8.6
    endloop
  endfacet
  facet normal 0.362967 -0.328979 0.871796
    outer loop
      vertex 4.19276 -3.44091 9.3696
      vertex 3.63903 -3.63903 9.52538
      vertex 3.8353 -3.8353 9.3696
    endloop
  endfacet
  facet normal 0.638126 -0.704063 0.311592
    outer loop
      vertex 4.19672 -4.19672 8.86411
      vertex 3.80177 -4.63248 8.68832
      vertex 4.23753 -4.23753 8.68832
    endloop
  endfacet
  facet normal 0.566044 -0.763214 0.311607
    outer loop
      vertex 3.76516 -4.58786 8.86411
      vertex 3.32941 -4.98281 8.68832
      vertex 3.80177 -4.63248 8.68832
    endloop
  endfacet
  facet normal 0.671559 -0.740951 0
    outer loop
      vertex 3.80177 -4.63248 8.6
      vertex 4.23753 -4.23753 8.68832
      vertex 3.80177 -4.63248 8.68832
    endloop
  endfacet
  facet normal 0.671559 -0.740951 0
    outer loop
      vertex 4.23753 -4.23753 8.68832
      vertex 3.80177 -4.63248 8.6
      vertex 4.23753 -4.23753 8.6
    endloop
  endfacet
  facet normal 0.638121 -0.704063 0.311604
    outer loop
      vertex 4.19672 -4.19672 8.86411
      vertex 3.76516 -4.58786 8.86411
      vertex 3.80177 -4.63248 8.68832
    endloop
  endfacet
  facet normal 0.858988 -0.406276 0.311575
    outer loop
      vertex 5.48328 -2.27125 8.86411
      vertex 5.28515 -2.82497 8.68832
      vertex 5.5366 -2.29333 8.68832
    endloop
  endfacet
  facet normal 0.894672 -0.320128 0.311578
    outer loop
      vertex 5.73473 -1.73961 8.68832
      vertex 5.48328 -2.27125 8.86411
      vertex 5.5366 -2.29333 8.68832
    endloop
  endfacet
  facet normal -0.970034 0.242968 0
    outer loop
      vertex -5.87762 1.16913 8.6
      vertex -5.73473 1.73961 8.68832
      vertex -5.73473 1.73961 8.6
    endloop
  endfacet
  facet normal -0.970034 0.242968 0
    outer loop
      vertex -5.73473 1.73961 8.68832
      vertex -5.87762 1.16913 8.6
      vertex -5.87762 1.16913 8.68832
    endloop
  endfacet
  facet normal -0.361728 0.603496 0.710595
    outer loop
      vertex -2.74362 5.13295 9.03736
      vertex -3.23352 4.83931 9.03736
      vertex -2.66304 4.98221 9.2064
    endloop
  endfacet
  facet normal 0.0466142 0.949078 0.311572
    outer loop
      vertex 0 5.99277 8.68832
      vertex 0 5.93506 8.86411
      vertex 0.587394 5.96392 8.68832
    endloop
  endfacet
  facet normal -0.566044 0.763214 0.311607
    outer loop
      vertex -3.32941 4.98281 8.68832
      vertex -3.80177 4.63248 8.68832
      vertex -3.76516 4.58786 8.86411
    endloop
  endfacet
  facet normal -0.3107 0.146956 0.939079
    outer loop
      vertex -3.92076 2.09569 9.80881
      vertex -4.25019 2.27178 9.67226
      vertex -4.1073 1.7013 9.80881
    endloop
  endfacet
  facet normal -0.237039 0.662482 0.710585
    outer loop
      vertex -1.63989 5.40601 9.2064
      vertex -2.22729 5.37715 9.03736
      vertex -2.16188 5.21924 9.2064
    endloop
  endfacet
  facet normal -0.530671 0.250992 0.809562
    outer loop
      vertex -4.98221 2.66304 9.2064
      vertex -5.01106 2.07565 9.3696
      vertex -4.78348 2.55682 9.3696
    endloop
  endfacet
  facet normal -0.0504349 0.339982 0.939079
    outer loop
      vertex -0.435755 4.4243 9.80881
      vertex -0.940187 4.72664 9.67226
      vertex -0.867314 4.36028 9.80881
    endloop
  endfacet
  facet normal 0.0240357 0.489282 0.871795
    outer loop
      vertex 0.531638 5.39782 9.3696
      vertex 0 5.14637 9.52538
      vertex 0.504432 5.12159 9.52538
    endloop
  endfacet
  facet normal 0.696011 0.103247 0.710569
    outer loop
      vertex 5.70835 1.13546 9.03736
      vertex 5.54072 1.10212 9.2064
      vertex 5.79216 0.570477 9.03736
    endloop
  endfacet
  facet normal 0.695993 0.103232 0.710589
    outer loop
      vertex 5.79216 0.570477 9.03736
      vertex 5.54072 1.10212 9.2064
      vertex 5.62206 0.553724 9.2064
    endloop
  endfacet
  facet normal 0.603498 -0.361728 0.710594
    outer loop
      vertex 4.98221 -2.66304 9.2064
      vertex 4.69719 -3.13856 9.2064
      vertex 4.83931 -3.23352 9.03736
    endloop
  endfacet
  facet normal 0.503534 -0.301811 0.809545
    outer loop
      vertex 4.98221 -2.66304 9.2064
      vertex 4.50984 -3.01338 9.3696
      vertex 4.69719 -3.13856 9.2064
    endloop
  endfacet
  facet normal 0.471529 -0.34971 0.809545
    outer loop
      vertex 4.50984 -3.01338 9.3696
      vertex 4.36694 -3.58385 9.2064
      vertex 4.69719 -3.13856 9.2064
    endloop
  endfacet
  facet normal 0.566039 -0.763213 0.311619
    outer loop
      vertex 3.76516 -4.58786 8.86411
      vertex 3.29734 -4.93482 8.86411
      vertex 3.32941 -4.98281 8.68832
    endloop
  endfacet
  facet normal 0.472503 -0.521325 0.710606
    outer loop
      vertex 3.99463 -3.99463 9.2064
      vertex 3.58385 -4.36694 9.2064
      vertex 3.69229 -4.49907 9.03736
    endloop
  endfacet
  facet normal 0.753699 -0.356464 0.552151
    outer loop
      vertex 5.37715 -2.22729 9.03736
      vertex 5.13295 -2.74362 9.03736
      vertex 5.48328 -2.27125 8.86411
    endloop
  endfacet
  facet normal 0.276061 -0.20474 0.93908
    outer loop
      vertex 4.00706 -2.67743 9.67226
      vertex 3.69647 -2.4699 9.80881
      vertex 3.72533 -3.0573 9.67226
    endloop
  endfacet
  facet normal 0.442845 -0.209458 0.871789
    outer loop
      vertex 4.75463 -1.96943 9.52538
      vertex 4.53869 -2.42598 9.52538
      vertex 5.01106 -2.07565 9.3696
    endloop
  endfacet
  facet normal 0.339982 -0.0504349 0.939079
    outer loop
      vertex 4.4243 -0.435755 9.80881
      vertex 4.36028 -0.867314 9.80881
      vertex 4.72664 -0.940187 9.67226
    endloop
  endfacet
  facet normal 0.40952 -0.0201133 0.912079
    outer loop
      vertex 4.81924 0 9.67226
      vertex 4.79604 -0.472368 9.67226
      vertex 5.14637 0 9.52538
    endloop
  endfacet
  facet normal 0.461247 0.165033 0.871789
    outer loop
      vertex 5.01106 2.07565 9.3696
      vertex 4.75463 1.96943 9.52538
      vertex 4.92477 1.49391 9.52538
    endloop
  endfacet
  facet normal 0.225399 0.0806464 0.970923
    outer loop
      vertex 3.72264 1.54197 9.93371
      vertex 3.42029 1.03753 10.0458
      vertex 3.85585 1.16966 9.93371
    endloop
  endfacet
  facet normal 0.370646 -0.175301 0.91208
    outer loop
      vertex 4.4524 -1.84424 9.67226
      vertex 4.25019 -2.27178 9.67226
      vertex 4.75463 -1.96943 9.52538
    endloop
  endfacet
  facet normal 0.56945 -0.142649 0.809554
    outer loop
      vertex 5.31972 -1.05816 9.3696
      vertex 5.19038 -1.57448 9.3696
      vertex 5.54072 -1.10212 9.2064
    endloop
  endfacet
  facet normal 0.48457 -0.0718739 0.871795
    outer loop
      vertex 5.12159 -0.504432 9.52538
      vertex 5.04749 -1.00401 9.52538
      vertex 5.39782 -0.531638 9.3696
    endloop
  endfacet
  facet normal 0.48929 0.0240302 0.87179
    outer loop
      vertex 5.39782 0.531638 9.3696
      vertex 5.14637 0 9.52538
      vertex 5.42393 0 9.3696
    endloop
  endfacet
  facet normal 0.0287964 -0.586337 0.809555
    outer loop
      vertex 0 -5.42393 9.3696
      vertex 0 -5.64926 9.2064
      vertex 0.531638 -5.39782 9.3696
    endloop
  endfacet
  facet normal 0.0240302 -0.48929 0.87179
    outer loop
      vertex 0 -5.14637 9.52538
      vertex 0 -5.42393 9.3696
      vertex 0.531638 -5.39782 9.3696
    endloop
  endfacet
  facet normal 0.142649 -0.56945 0.809554
    outer loop
      vertex 1.57448 -5.19038 9.3696
      vertex 1.05816 -5.31972 9.3696
      vertex 1.10212 -5.54072 9.2064
    endloop
  endfacet
  facet normal 0.250991 -0.530679 0.809557
    outer loop
      vertex 2.66304 -4.98221 9.2064
      vertex 2.07565 -5.01106 9.3696
      vertex 2.16188 -5.21924 9.2064
    endloop
  endfacet
  facet normal 0.35169 -0.210792 0.912075
    outer loop
      vertex 4.53869 -2.42598 9.52538
      vertex 4.00706 -2.67743 9.67226
      vertex 4.27905 -2.85917 9.52538
    endloop
  endfacet
  facet normal 0.177382 -0.160769 0.970922
    outer loop
      vertex 2.76289 -2.26745 10.0458
      vertex 2.52734 -2.52734 10.0458
      vertex 3.11473 -2.55619 9.93371
    endloop
  endfacet
  facet normal 0.168717 -0.10112 0.980464
    outer loop
      vertex 3.15216 -1.68486 10.0458
      vertex 2.72039 -1.45408 10.1439
      vertex 2.97184 -1.98572 10.0458
    endloop
  endfacet
  facet normal 0.260034 -0.122993 0.957734
    outer loop
      vertex 3.72264 -1.54197 9.93371
      vertex 3.55357 -1.89942 9.93371
      vertex 4.1073 -1.7013 9.80881
    endloop
  endfacet
  facet normal 0.177382 -0.160769 0.970922
    outer loop
      vertex 3.11473 -2.55619 9.93371
      vertex 2.52734 -2.52734 10.0458
      vertex 2.84918 -2.84918 9.93371
    endloop
  endfacet
  facet normal 0.136012 -0.0815262 0.987347
    outer loop
      vertex 2.72039 -1.45408 10.1439
      vertex 2.13299 -1.42522 10.2272
      vertex 2.56476 -1.71372 10.1439
    endloop
  endfacet
  facet normal 0.160769 -0.177382 0.970922
    outer loop
      vertex 2.84918 -2.84918 9.93371
      vertex 2.52734 -2.52734 10.0458
      vertex 2.55619 -3.11473 9.93371
    endloop
  endfacet
  facet normal 0.193172 -0.213133 0.957736
    outer loop
      vertex 2.84918 -2.84918 9.93371
      vertex 2.55619 -3.11473 9.93371
      vertex 2.82033 -3.43658 9.80881
    endloop
  endfacet
  facet normal -0.0181163 0.122128 0.992349
    outer loop
      vertex -0.251446 2.55298 10.2272
      vertex -0.500471 2.51604 10.2272
      vertex -0.394343 1.9825 10.2948
    endloop
  endfacet
  facet normal -0.0295105 0.00145001 0.999563
    outer loop
      vertex -0.876143 0.0862923 10.3805
      vertex -0.880383 0 10.3805
      vertex -0.294406 0 10.3978
    endloop
  endfacet
  facet normal 0.287306 0.0141127 0.957735
    outer loop
      vertex 4.4243 0.435755 9.80881
      vertex 4.00995 0.394945 9.93371
      vertex 4.02935 0 9.93371
    endloop
  endfacet
  facet normal 0.156859 0.0232683 0.987347
    outer loop
      vertex 3.06976 0.302345 10.1439
      vertex 2.51604 0.500471 10.2272
      vertex 2.55298 0.251446 10.2272
    endloop
  endfacet
  facet normal 0.158385 0.00777921 0.987347
    outer loop
      vertex 3.06976 0.302345 10.1439
      vertex 2.55298 0.251446 10.2272
      vertex 2.56533 0 10.2272
    endloop
  endfacet
  facet normal 0.122129 0.0181185 0.992349
    outer loop
      vertex 2.55298 0.251446 10.2272
      vertex 1.9825 0.394343 10.2948
      vertex 2.01161 0.198126 10.2948
    endloop
  endfacet
  facet normal 0.058889 0.00873533 0.998226
    outer loop
      vertex 1.45086 0.142897 10.3461
      vertex 0.863466 0.171754 10.3805
      vertex 0.876143 0.0862923 10.3805
    endloop
  endfacet
  facet normal 0.0897948 -0.0133216 0.995871
    outer loop
      vertex 2.01161 -0.198126 10.2948
      vertex 1.45086 -0.142897 10.3461
      vertex 1.9825 -0.394343 10.2948
    endloop
  endfacet
  facet normal 0.11161 -0.0527885 0.992349
    outer loop
      vertex 2.37006 -0.981709 10.2272
      vertex 1.78266 -0.952852 10.2948
      vertex 2.26242 -1.20929 10.2272
    endloop
  endfacet
  facet normal 0.105897 -0.0634756 0.992349
    outer loop
      vertex 2.26242 -1.20929 10.2272
      vertex 1.78266 -0.952852 10.2948
      vertex 2.13299 -1.42522 10.2272
    endloop
  endfacet
  facet normal 0.0991696 0.0735447 0.992349
    outer loop
      vertex 1.98303 1.62743 10.2272
      vertex 1.56252 1.28232 10.2948
      vertex 2.13299 1.42522 10.2272
    endloop
  endfacet
  facet normal 0.116245 0.0415949 0.992349
    outer loop
      vertex 2.37006 0.981709 10.2272
      vertex 1.86747 0.773533 10.2948
      vertex 1.9343 0.586763 10.2948
    endloop
  endfacet
  facet normal 0.123069 0.205338 0.970922
    outer loop
      vertex 1.89942 3.55357 9.93371
      vertex 1.68486 3.15216 10.0458
      vertex 1.98572 2.97184 10.0458
    endloop
  endfacet
  facet normal 0.0540763 0.0729133 0.995871
    outer loop
      vertex 1.123 1.68068 10.2948
      vertex 0.809955 1.21218 10.3461
      vertex 1.28232 1.56252 10.2948
    endloop
  endfacet
  facet normal 0.323615 0.115793 0.939077
    outer loop
      vertex 4.4524 1.84424 9.67226
      vertex 4.1073 1.7013 9.80881
      vertex 4.61173 1.39895 9.67226
    endloop
  endfacet
  facet normal 0.370651 0.175311 0.912077
    outer loop
      vertex 4.53869 2.42598 9.52538
      vertex 4.25019 2.27178 9.67226
      vertex 4.75463 1.96943 9.52538
    endloop
  endfacet
  facet normal 0.147882 0.246727 0.957735
    outer loop
      vertex 2.4699 3.69647 9.80881
      vertex 1.89942 3.55357 9.93371
      vertex 2.23859 3.35028 9.93371
    endloop
  endfacet
  facet normal 0.192286 0.14261 0.970921
    outer loop
      vertex 3.11473 2.55619 9.93371
      vertex 2.97184 1.98572 10.0458
      vertex 3.35028 2.23859 9.93371
    endloop
  endfacet
  facet normal 0.239104 0.011745 0.970923
    outer loop
      vertex 4.00995 0.394945 9.93371
      vertex 3.55698 0.350332 10.0458
      vertex 4.02935 0 9.93371
    endloop
  endfacet
  facet normal 0.284539 -0.042207 0.957735
    outer loop
      vertex 4.00995 -0.394945 9.93371
      vertex 3.95193 -0.786087 9.93371
      vertex 4.4243 -0.435755 9.80881
    endloop
  endfacet
  facet normal 0.254664 0.230818 0.939079
    outer loop
      vertex 3.72533 3.0573 9.67226
      vertex 3.14359 3.14359 9.80881
      vertex 3.43658 2.82033 9.80881
    endloop
  endfacet
  facet normal 0.213133 0.193175 0.957736
    outer loop
      vertex 3.14359 3.14359 9.80881
      vertex 2.84918 2.84918 9.93371
      vertex 3.43658 2.82033 9.80881
    endloop
  endfacet
  facet normal 0.301811 0.503534 0.809545
    outer loop
      vertex 3.13856 4.69719 9.2064
      vertex 2.66304 4.98221 9.2064
      vertex 3.01338 4.50984 9.3696
    endloop
  endfacet
  facet normal 0.291814 0.393466 0.871797
    outer loop
      vertex 3.01338 4.50984 9.3696
      vertex 2.85917 4.27905 9.52538
      vertex 3.26482 3.9782 9.52538
    endloop
  endfacet
  facet normal 0.176692 0.294802 0.93908
    outer loop
      vertex 2.67743 4.00706 9.67226
      vertex 2.27178 4.25019 9.67226
      vertex 2.4699 3.69647 9.80881
    endloop
  endfacet
  facet normal 0.147882 0.246729 0.957735
    outer loop
      vertex 2.09569 3.92076 9.80881
      vertex 1.89942 3.55357 9.93371
      vertex 2.4699 3.69647 9.80881
    endloop
  endfacet
  facet normal 0.0201133 0.40952 0.912079
    outer loop
      vertex 0 5.14637 9.52538
      vertex 0 4.81924 9.67226
      vertex 0.472368 4.79604 9.67226
    endloop
  endfacet
  facet normal -0.0237314 0.0176007 0.999563
    outer loop
      vertex -0.227578 0.186769 10.3978
      vertex -0.680545 0.558509 10.3805
      vertex -0.244789 0.163563 10.3978
    endloop
  endfacet
  facet normal -0.0466689 0.0778644 0.995871
    outer loop
      vertex -0.952852 1.78266 10.2948
      vertex -1.123 1.68068 10.2948
      vertex -0.68724 1.28574 10.3461
    endloop
  endfacet
  facet normal 0.00873533 0.058889 0.998226
    outer loop
      vertex 0.142897 1.45086 10.3461
      vertex 0.0862923 0.876143 10.3805
      vertex 0.171754 0.863466 10.3805
    endloop
  endfacet
  facet normal 0.101125 0.168708 0.980465
    outer loop
      vertex 1.98572 2.97184 10.0458
      vertex 1.45408 2.72039 10.1439
      vertex 1.71372 2.56476 10.1439
    endloop
  endfacet
  facet normal -0.0698887 0.279031 0.957735
    outer loop
      vertex -0.867314 4.36028 9.80881
      vertex -1.29052 4.25428 9.80881
      vertex -1.16966 3.85585 9.93371
    endloop
  endfacet
  facet normal 0.0168668 0.343287 0.939079
    outer loop
      vertex 0.472368 4.79604 9.67226
      vertex 0 4.44571 9.80881
      vertex 0.435755 4.4243 9.80881
    endloop
  endfacet
  facet normal -0.119038 0.475195 0.871791
    outer loop
      vertex -1.05816 5.31972 9.3696
      vertex -1.57448 5.19038 9.3696
      vertex -1.49391 4.92477 9.52538
    endloop
  endfacet
  facet normal 0.122333 0.824714 0.552161
    outer loop
      vertex 1.15787 5.82102 8.86411
      vertex 0.581737 5.90648 8.86411
      vertex 1.13546 5.70835 9.03736
    endloop
  endfacet
  facet normal 0.202578 0.808752 0.552161
    outer loop
      vertex 1.15787 5.82102 8.86411
      vertex 1.13546 5.70835 9.03736
      vertex 1.72286 5.6795 8.86411
    endloop
  endfacet
  facet normal -0.034521 0.70276 0.710589
    outer loop
      vertex 0 5.64926 9.2064
      vertex -0.570477 5.79216 9.03736
      vertex -0.553724 5.62206 9.2064
    endloop
  endfacet
  facet normal 0.300827 0.63606 0.710585
    outer loop
      vertex 2.22729 5.37715 9.03736
      vertex 2.16188 5.21924 9.2064
      vertex 2.74362 5.13295 9.03736
    endloop
  endfacet
  facet normal 0.0490561 0.998796 -0
    outer loop
      vertex 0.587394 5.96392 8.6
      vertex 0 5.99277 8.68832
      vertex 0.587394 5.96392 8.68832
    endloop
  endfacet
  facet normal 0.0490561 0.998796 0
    outer loop
      vertex 0 5.99277 8.68832
      vertex 0.587394 5.96392 8.6
      vertex 0 5.99277 8.6
    endloop
  endfacet
  facet normal 0.336899 0.941541 -0
    outer loop
      vertex 2.29333 5.5366 8.6
      vertex 1.73961 5.73473 8.68832
      vertex 2.29333 5.5366 8.68832
    endloop
  endfacet
  facet normal 0.336899 0.941541 0
    outer loop
      vertex 1.73961 5.73473 8.68832
      vertex 2.29333 5.5366 8.6
      vertex 1.73961 5.73473 8.6
    endloop
  endfacet
  facet normal 0.488493 0.815027 0.311617
    outer loop
      vertex 3.32941 4.98281 8.68832
      vertex 2.82497 5.28515 8.68832
      vertex 3.29734 4.93482 8.86411
    endloop
  endfacet
  facet normal 0.351689 0.210788 0.912076
    outer loop
      vertex 4.53869 2.42598 9.52538
      vertex 4.00706 2.67743 9.67226
      vertex 4.25019 2.27178 9.67226
    endloop
  endfacet
  facet normal 0.484574 0.0718778 0.871792
    outer loop
      vertex 5.31972 1.05816 9.3696
      vertex 5.04749 1.00401 9.52538
      vertex 5.39782 0.531638 9.3696
    endloop
  endfacet
  facet normal 0.580691 0.086135 0.809554
    outer loop
      vertex 5.54072 1.10212 9.2064
      vertex 5.31972 1.05816 9.3696
      vertex 5.39782 0.531638 9.3696
    endloop
  endfacet
  facet normal 0.552725 0.197767 0.809557
    outer loop
      vertex 5.21924 2.16188 9.2064
      vertex 5.01106 2.07565 9.3696
      vertex 5.40601 1.63989 9.2064
    endloop
  endfacet
  facet normal 0.397731 0.0996229 0.912077
    outer loop
      vertex 4.92477 1.49391 9.52538
      vertex 4.61173 1.39895 9.67226
      vertex 4.72664 0.940187 9.67226
    endloop
  endfacet
  facet normal 0.397719 0.0996286 0.912082
    outer loop
      vertex 4.92477 1.49391 9.52538
      vertex 4.72664 0.940187 9.67226
      vertex 5.04749 1.00401 9.52538
    endloop
  endfacet
  facet normal 0.225403 0.0806443 0.970922
    outer loop
      vertex 3.72264 1.54197 9.93371
      vertex 3.30213 1.36779 10.0458
      vertex 3.42029 1.03753 10.0458
    endloop
  endfacet
  facet normal 0.279034 0.0698944 0.957734
    outer loop
      vertex 4.36028 0.867314 9.80881
      vertex 3.85585 1.16966 9.93371
      vertex 3.95193 0.786087 9.93371
    endloop
  endfacet
  facet normal 0.202578 0.808752 0.552162
    outer loop
      vertex 1.72286 5.6795 8.86411
      vertex 1.13546 5.70835 9.03736
      vertex 1.68951 5.56957 9.03736
    endloop
  endfacet
  facet normal 0.300828 0.636049 0.710594
    outer loop
      vertex 2.74362 5.13295 9.03736
      vertex 2.16188 5.21924 9.2064
      vertex 2.66304 4.98221 9.2064
    endloop
  endfacet
  facet normal 0.0504355 0.339981 0.939079
    outer loop
      vertex 0.472368 4.79604 9.67226
      vertex 0.435755 4.4243 9.80881
      vertex 0.940187 4.72664 9.67226
    endloop
  endfacet
  facet normal 0.115793 0.323615 0.939077
    outer loop
      vertex 1.84424 4.4524 9.67226
      vertex 1.39895 4.61173 9.67226
      vertex 1.7013 4.1073 9.80881
    endloop
  endfacet
  facet normal 0.103247 0.696011 0.710569
    outer loop
      vertex 1.13546 5.70835 9.03736
      vertex 0.570477 5.79216 9.03736
      vertex 1.10212 5.54072 9.2064
    endloop
  endfacet
  facet normal 0.197766 0.552724 0.809558
    outer loop
      vertex 1.63989 5.40601 9.2064
      vertex 1.57448 5.19038 9.3696
      vertex 2.07565 5.01106 9.3696
    endloop
  endfacet
  facet normal 0.894669 0.320122 0.311591
    outer loop
      vertex 5.73473 1.73961 8.68832
      vertex 5.48328 2.27125 8.86411
      vertex 5.6795 1.72286 8.86411
    endloop
  endfacet
  facet normal 0.808752 0.202578 0.552161
    outer loop
      vertex 5.82102 1.15787 8.86411
      vertex 5.6795 1.72286 8.86411
      vertex 5.70835 1.13546 9.03736
    endloop
  endfacet
  facet normal 0.858985 0.406277 0.311582
    outer loop
      vertex 5.28515 2.82497 8.68832
      vertex 5.23425 2.79777 8.86411
      vertex 5.48328 2.27125 8.86411
    endloop
  endfacet
  facet normal 0.815031 0.48851 0.31158
    outer loop
      vertex 5.28515 2.82497 8.68832
      vertex 4.93482 3.29734 8.86411
      vertex 5.23425 2.79777 8.86411
    endloop
  endfacet
  facet normal 0.894672 0.320128 0.311578
    outer loop
      vertex 5.5366 2.29333 8.68832
      vertex 5.48328 2.27125 8.86411
      vertex 5.73473 1.73961 8.68832
    endloop
  endfacet
  facet normal 0.857736 0.514091 0
    outer loop
      vertex 5.28515 2.82497 8.68832
      vertex 4.98281 3.32941 8.6
      vertex 4.98281 3.32941 8.68832
    endloop
  endfacet
  facet normal 0.857736 0.514091 0
    outer loop
      vertex 4.98281 3.32941 8.6
      vertex 5.28515 2.82497 8.68832
      vertex 5.28515 2.82497 8.6
    endloop
  endfacet
  facet normal 0.704063 0.638121 0.311604
    outer loop
      vertex 4.63248 3.80177 8.68832
      vertex 4.19672 4.19672 8.86411
      vertex 4.58786 3.76516 8.86411
    endloop
  endfacet
  facet normal 0.785005 0.280884 0.552151
    outer loop
      vertex 5.48328 2.27125 8.86411
      vertex 5.37715 2.22729 9.03736
      vertex 5.6795 1.72286 8.86411
    endloop
  endfacet
  facet normal 0.808752 0.202578 0.552162
    outer loop
      vertex 5.6795 1.72286 8.86411
      vertex 5.56957 1.68951 9.03736
      vertex 5.70835 1.13546 9.03736
    endloop
  endfacet
  facet normal 0.753699 0.356464 0.552151
    outer loop
      vertex 5.48328 2.27125 8.86411
      vertex 5.13295 2.74362 9.03736
      vertex 5.37715 2.22729 9.03736
    endloop
  endfacet
  facet normal 0.63606 0.300827 0.710585
    outer loop
      vertex 5.37715 2.22729 9.03736
      vertex 5.13295 2.74362 9.03736
      vertex 5.21924 2.16188 9.2064
    endloop
  endfacet
  facet normal 0.704063 0.638126 0.311592
    outer loop
      vertex 4.23753 4.23753 8.68832
      vertex 4.19672 4.19672 8.86411
      vertex 4.63248 3.80177 8.68832
    endloop
  endfacet
  facet normal 0.251839 0.420185 0.871792
    outer loop
      vertex 2.55682 4.78348 9.3696
      vertex 2.42598 4.53869 9.52538
      vertex 3.01338 4.50984 9.3696
    endloop
  endfacet
  facet normal 0.301786 0.503521 0.809562
    outer loop
      vertex 2.66304 4.98221 9.2064
      vertex 2.55682 4.78348 9.3696
      vertex 3.01338 4.50984 9.3696
    endloop
  endfacet
  facet normal 0.328979 0.362967 0.871796
    outer loop
      vertex 3.8353 3.8353 9.3696
      vertex 3.44091 4.19276 9.3696
      vertex 3.63903 3.63903 9.52538
    endloop
  endfacet
  facet normal 0.43498 0.394243 0.809546
    outer loop
      vertex 4.36694 3.58385 9.2064
      vertex 3.99463 3.99463 9.2064
      vertex 4.19276 3.44091 9.3696
    endloop
  endfacet
  facet normal 0.393466 0.291814 0.871797
    outer loop
      vertex 4.50984 3.01338 9.3696
      vertex 3.9782 3.26482 9.52538
      vertex 4.27905 2.85917 9.52538
    endloop
  endfacet
  facet normal 0.329334 0.24425 0.912075
    outer loop
      vertex 3.9782 3.26482 9.52538
      vertex 3.72533 3.0573 9.67226
      vertex 4.27905 2.85917 9.52538
    endloop
  endfacet
  facet normal 0.393467 0.291817 0.871795
    outer loop
      vertex 4.19276 3.44091 9.3696
      vertex 3.9782 3.26482 9.52538
      vertex 4.50984 3.01338 9.3696
    endloop
  endfacet
  facet normal 0.471526 0.34971 0.809547
    outer loop
      vertex 4.36694 3.58385 9.2064
      vertex 4.19276 3.44091 9.3696
      vertex 4.50984 3.01338 9.3696
    endloop
  endfacet
  facet normal 0.24425 0.329334 0.912075
    outer loop
      vertex 3.26482 3.9782 9.52538
      vertex 2.85917 4.27905 9.52538
      vertex 3.0573 3.72533 9.67226
    endloop
  endfacet
  facet normal 0.362967 0.32898 0.871795
    outer loop
      vertex 4.19276 3.44091 9.3696
      vertex 3.63903 3.63903 9.52538
      vertex 3.9782 3.26482 9.52538
    endloop
  endfacet
  facet normal 0.503534 0.301811 0.809545
    outer loop
      vertex 4.69719 3.13856 9.2064
      vertex 4.50984 3.01338 9.3696
      vertex 4.98221 2.66304 9.2064
    endloop
  endfacet
  facet normal 0.603498 0.361728 0.710594
    outer loop
      vertex 4.83931 3.23352 9.03736
      vertex 4.69719 3.13856 9.2064
      vertex 4.98221 2.66304 9.2064
    endloop
  endfacet
  facet normal 0.565143 0.41913 0.710594
    outer loop
      vertex 4.83931 3.23352 9.03736
      vertex 4.49907 3.69229 9.03736
      vertex 4.69719 3.13856 9.2064
    endloop
  endfacet
  facet normal 0.669681 0.496659 0.552139
    outer loop
      vertex 4.93482 3.29734 8.86411
      vertex 4.49907 3.69229 9.03736
      vertex 4.83931 3.23352 9.03736
    endloop
  endfacet
  facet normal 0.566039 0.763213 0.311619
    outer loop
      vertex 3.32941 4.98281 8.68832
      vertex 3.29734 4.93482 8.86411
      vertex 3.76516 4.58786 8.86411
    endloop
  endfacet
  facet normal 0.406277 0.858985 0.311582
    outer loop
      vertex 2.82497 5.28515 8.68832
      vertex 2.27125 5.48328 8.86411
      vertex 2.79777 5.23425 8.86411
    endloop
  endfacet
  facet normal 0.566044 0.763214 0.311607
    outer loop
      vertex 3.80177 4.63248 8.68832
      vertex 3.32941 4.98281 8.68832
      vertex 3.76516 4.58786 8.86411
    endloop
  endfacet
  facet normal 0.514091 0.857736 -0
    outer loop
      vertex 3.32941 4.98281 8.6
      vertex 2.82497 5.28515 8.68832
      vertex 3.32941 4.98281 8.68832
    endloop
  endfacet
  facet normal 0.514091 0.857736 0
    outer loop
      vertex 2.82497 5.28515 8.68832
      vertex 3.32941 4.98281 8.6
      vertex 2.82497 5.28515 8.6
    endloop
  endfacet
  facet normal -0.177382 0.160769 0.970922
    outer loop
      vertex -2.52734 2.52734 10.0458
      vertex -3.11473 2.55619 9.93371
      vertex -2.76289 2.26745 10.0458
    endloop
  endfacet
  facet normal -0.156859 0.0232683 0.987347
    outer loop
      vertex -2.51604 0.500471 10.2272
      vertex -3.06976 0.302345 10.1439
      vertex -2.55298 0.251446 10.2272
    endloop
  endfacet
  facet normal -0.40952 -0.0201133 0.912079
    outer loop
      vertex -4.81924 0 9.67226
      vertex -5.14637 0 9.52538
      vertex -4.79604 -0.472368 9.67226
    endloop
  endfacet
  facet normal -0.343295 0.0168607 0.939076
    outer loop
      vertex -4.79604 0.472368 9.67226
      vertex -4.81924 0 9.67226
      vertex -4.44571 0 9.80881
    endloop
  endfacet
  facet normal -0.339982 0.0504349 0.939079
    outer loop
      vertex -4.36028 0.867314 9.80881
      vertex -4.72664 0.940187 9.67226
      vertex -4.4243 0.435755 9.80881
    endloop
  endfacet
  facet normal -0.284541 0.0422105 0.957734
    outer loop
      vertex -4.36028 0.867314 9.80881
      vertex -4.4243 0.435755 9.80881
      vertex -3.95193 0.786087 9.93371
    endloop
  endfacet
  facet normal -0.0594617 0.00292113 0.998226
    outer loop
      vertex -1.45086 0.142897 10.3461
      vertex -1.45788 0 10.3461
      vertex -0.876143 0.0862923 10.3805
    endloop
  endfacet
  facet normal 0.00717904 0.0286606 0.999563
    outer loop
      vertex 0.171754 0.863466 10.3805
      vertex 0.057435 0.288749 10.3978
      vertex 0.0854607 0.281729 10.3978
    endloop
  endfacet
  facet normal -0.0820637 0.038813 0.995871
    outer loop
      vertex -1.28574 0.68724 10.3461
      vertex -1.86747 0.773533 10.2948
      vertex -1.34691 0.557906 10.3461
    endloop
  endfacet
  facet normal -0.00717904 0.0286606 0.999563
    outer loop
      vertex -0.057435 0.288749 10.3978
      vertex -0.171754 0.863466 10.3805
      vertex -0.0854607 0.281729 10.3978
    endloop
  endfacet
  facet normal -0.0441105 0.0399803 0.998226
    outer loop
      vertex -0.622524 0.622524 10.3805
      vertex -1.03088 1.03088 10.3461
      vertex -0.680545 0.558509 10.3805
    endloop
  endfacet
  facet normal -0.021892 0.0198421 0.999563
    outer loop
      vertex -0.622524 0.622524 10.3805
      vertex -0.680545 0.558509 10.3805
      vertex -0.227578 0.186769 10.3978
    endloop
  endfacet
  facet normal -0.0253425 0.0151898 0.999563
    outer loop
      vertex -0.732011 0.489114 10.3805
      vertex -0.776428 0.415009 10.3805
      vertex -0.244789 0.163563 10.3978
    endloop
  endfacet
  facet normal -0.0672619 0.060965 0.995871
    outer loop
      vertex -1.4293 1.4293 10.2948
      vertex -1.56252 1.28232 10.2948
      vertex -1.03088 1.03088 10.3461
    endloop
  endfacet
  facet normal -0.0466689 -0.0778644 0.995871
    outer loop
      vertex -0.68724 -1.28574 10.3461
      vertex -1.123 -1.68068 10.2948
      vertex -0.952852 -1.78266 10.2948
    endloop
  endfacet
  facet normal 0.0897964 -0.0133183 0.995871
    outer loop
      vertex 1.45086 -0.142897 10.3461
      vertex 1.42987 -0.284418 10.3461
      vertex 1.9825 -0.394343 10.2948
    endloop
  endfacet
  facet normal 0.0534215 0.149306 0.987347
    outer loop
      vertex 0.895416 2.95179 10.1439
      vertex 0.744676 2.45487 10.2272
      vertex 0.981709 2.37006 10.2272
    endloop
  endfacet
  facet normal -0.0218923 0.0198418 0.999563
    outer loop
      vertex -0.208176 0.208176 10.3978
      vertex -0.622524 0.622524 10.3805
      vertex -0.227578 0.186769 10.3978
    endloop
  endfacet
  facet normal 0.00145001 -0.0295105 0.999563
    outer loop
      vertex 0 -0.294406 10.3978
      vertex 0 -0.880383 10.3805
      vertex 0.0862923 -0.876143 10.3805
    endloop
  endfacet
  facet normal -0.143352 -0.067797 0.987347
    outer loop
      vertex -2.37006 -0.981709 10.2272
      vertex -2.84981 -1.18043 10.1439
      vertex -2.72039 -1.45408 10.1439
    endloop
  endfacet
  facet normal -0.0415949 -0.116245 0.992349
    outer loop
      vertex -0.773533 -1.86747 10.2948
      vertex -0.981709 -2.37006 10.2272
      vertex -0.586763 -1.9343 10.2948
    endloop
  endfacet
  facet normal -0.157988 -0.117174 0.980464
    outer loop
      vertex -2.38444 -1.95686 10.1439
      vertex -2.97184 -1.98572 10.0458
      vertex -2.76289 -2.26745 10.0458
    endloop
  endfacet
  facet normal -0.058889 0.00873425 0.998226
    outer loop
      vertex -1.42987 0.284418 10.3461
      vertex -1.45086 0.142897 10.3461
      vertex -0.863466 0.171754 10.3805
    endloop
  endfacet
  facet normal -0.00292113 -0.0594617 0.998226
    outer loop
      vertex -0.0862923 -0.876143 10.3805
      vertex -0.142897 -1.45086 10.3461
      vertex 0 -1.45788 10.3461
    endloop
  endfacet
  facet normal 0.00292167 -0.0594618 0.998226
    outer loop
      vertex 0 -0.880383 10.3805
      vertex 0 -1.45788 10.3461
      vertex 0.0862923 -0.876143 10.3805
    endloop
  endfacet
  facet normal -0.0672619 -0.060965 0.995871
    outer loop
      vertex -1.03088 -1.03088 10.3461
      vertex -1.56252 -1.28232 10.2948
      vertex -1.4293 -1.4293 10.2948
    endloop
  endfacet
  facet normal 0.0820637 -0.038813 0.995871
    outer loop
      vertex 1.34691 -0.557906 10.3461
      vertex 1.28574 -0.68724 10.3461
      vertex 1.86747 -0.773533 10.2948
    endloop
  endfacet
  facet normal 0.00292113 -0.0594617 0.998226
    outer loop
      vertex 0.0862923 -0.876143 10.3805
      vertex 0 -1.45788 10.3461
      vertex 0.142897 -1.45086 10.3461
    endloop
  endfacet
  facet normal 0.145743 -0.132094 0.980464
    outer loop
      vertex 2.76289 -2.26745 10.0458
      vertex 2.38444 -1.95686 10.1439
      vertex 2.52734 -2.52734 10.0458
    endloop
  endfacet
  facet normal 0.0735447 -0.0991696 0.992349
    outer loop
      vertex 1.62743 -1.98303 10.2272
      vertex 1.28232 -1.56252 10.2948
      vertex 1.42522 -2.13299 10.2272
    endloop
  endfacet
  facet normal -0.196465 -0.0096561 0.980463
    outer loop
      vertex -3.08462 0 10.1439
      vertex -3.57419 0 10.0458
      vertex -3.06976 -0.302345 10.1439
    endloop
  endfacet
  facet normal -0.190803 -0.047796 0.980464
    outer loop
      vertex -2.95179 -0.895416 10.1439
      vertex -3.50552 -0.69729 10.0458
      vertex -3.42029 -1.03753 10.0458
    endloop
  endfacet
  facet normal 0.176696 -0.294803 0.939079
    outer loop
      vertex 2.4699 -3.69647 9.80881
      vertex 2.09569 -3.92076 9.80881
      vertex 2.27178 -4.25019 9.67226
    endloop
  endfacet
  facet normal 0.204739 -0.276066 0.939079
    outer loop
      vertex 2.82033 -3.43658 9.80881
      vertex 2.4699 -3.69647 9.80881
      vertex 3.0573 -3.72533 9.67226
    endloop
  endfacet
  facet normal 0.115791 -0.323614 0.939077
    outer loop
      vertex 1.7013 -4.1073 9.80881
      vertex 1.29052 -4.25428 9.80881
      vertex 1.39895 -4.61173 9.67226
    endloop
  endfacet
  facet normal 0.0969035 -0.270837 0.957735
    outer loop
      vertex 1.54197 -3.72264 9.93371
      vertex 1.16966 -3.85585 9.93371
      vertex 1.29052 -4.25428 9.80881
    endloop
  endfacet
  facet normal 0.138128 -0.386051 0.912078
    outer loop
      vertex 1.96943 -4.75463 9.52538
      vertex 1.39895 -4.61173 9.67226
      vertex 1.49391 -4.92477 9.52538
    endloop
  endfacet
  facet normal 0.209458 -0.442845 0.871789
    outer loop
      vertex 2.42598 -4.53869 9.52538
      vertex 1.96943 -4.75463 9.52538
      vertex 2.07565 -5.01106 9.3696
    endloop
  endfacet
  facet normal 0.102359 -0.216409 0.970922
    outer loop
      vertex 1.68486 -3.15216 10.0458
      vertex 1.36779 -3.30213 10.0458
      vertex 1.89942 -3.55357 9.93371
    endloop
  endfacet
  facet normal 0.0662611 -0.185201 0.980464
    outer loop
      vertex 1.36779 -3.30213 10.0458
      vertex 0.895416 -2.95179 10.1439
      vertex 1.03753 -3.42029 10.0458
    endloop
  endfacet
  facet normal 0.0441105 -0.0399803 0.998226
    outer loop
      vertex 0.680545 -0.558509 10.3805
      vertex 0.622524 -0.622524 10.3805
      vertex 1.03088 -1.03088 10.3461
    endloop
  endfacet
  facet normal 0.0133216 -0.0897948 0.995871
    outer loop
      vertex 0.394343 -1.9825 10.2948
      vertex 0.142897 -1.45086 10.3461
      vertex 0.198126 -2.01161 10.2948
    endloop
  endfacet
  facet normal 0.0601579 -0.405581 0.912077
    outer loop
      vertex 1.00401 -5.04749 9.52538
      vertex 0.472368 -4.79604 9.67226
      vertex 0.504432 -5.12159 9.52538
    endloop
  endfacet
  facet normal 0.0201177 -0.409525 0.912077
    outer loop
      vertex 0.472368 -4.79604 9.67226
      vertex 0 -5.14637 9.52538
      vertex 0.504432 -5.12159 9.52538
    endloop
  endfacet
  facet normal -0.949065 0.0466264 0.311611
    outer loop
      vertex -5.90648 0.581737 8.86411
      vertex -5.96392 0.587394 8.68832
      vertex -5.93506 0 8.86411
    endloop
  endfacet
  facet normal -0.696011 0.103247 0.710569
    outer loop
      vertex -5.70835 1.13546 9.03736
      vertex -5.79216 0.570477 9.03736
      vertex -5.54072 1.10212 9.2064
    endloop
  endfacet
  facet normal -0.569445 0.142645 0.809558
    outer loop
      vertex -5.40601 1.63989 9.2064
      vertex -5.54072 1.10212 9.2064
      vertex -5.19038 1.57448 9.3696
    endloop
  endfacet
  facet normal -0.824721 0.12234 0.552148
    outer loop
      vertex -5.70835 1.13546 9.03736
      vertex -5.90648 0.581737 8.86411
      vertex -5.79216 0.570477 9.03736
    endloop
  endfacet
  facet normal -0.552725 0.197767 0.809557
    outer loop
      vertex -5.21924 2.16188 9.2064
      vertex -5.40601 1.63989 9.2064
      vertex -5.01106 2.07565 9.3696
    endloop
  endfacet
  facet normal -0.530679 0.250991 0.809557
    outer loop
      vertex -4.98221 2.66304 9.2064
      vertex -5.21924 2.16188 9.2064
      vertex -5.01106 2.07565 9.3696
    endloop
  endfacet
  facet normal -0.753712 0.356486 0.55212
    outer loop
      vertex -5.23425 2.79777 8.86411
      vertex -5.48328 2.27125 8.86411
      vertex -5.13295 2.74362 9.03736
    endloop
  endfacet
  facet normal -0.858985 0.406277 0.311582
    outer loop
      vertex -5.28515 2.82497 8.68832
      vertex -5.48328 2.27125 8.86411
      vertex -5.23425 2.79777 8.86411
    endloop
  endfacet
  facet normal -0.63606 0.300827 0.710585
    outer loop
      vertex -5.13295 2.74362 9.03736
      vertex -5.37715 2.22729 9.03736
      vertex -5.21924 2.16188 9.2064
    endloop
  endfacet
  facet normal -0.636049 0.300828 0.710594
    outer loop
      vertex -5.13295 2.74362 9.03736
      vertex -5.21924 2.16188 9.2064
      vertex -4.98221 2.66304 9.2064
    endloop
  endfacet
  facet normal -0.552725 -0.197767 0.809557
    outer loop
      vertex -5.01106 -2.07565 9.3696
      vertex -5.40601 -1.63989 9.2064
      vertex -5.21924 -2.16188 9.2064
    endloop
  endfacet
  facet normal -0.662481 -0.237039 0.710585
    outer loop
      vertex -5.40601 -1.63989 9.2064
      vertex -5.56957 -1.68951 9.03736
      vertex -5.37715 -2.22729 9.03736
    endloop
  endfacet
  facet normal -0.61777 -0.559935 0.552117
    outer loop
      vertex -4.49907 -3.69229 9.03736
      vertex -4.58786 -3.76516 8.86411
      vertex -4.11549 -4.11549 9.03736
    endloop
  endfacet
  facet normal -0.566044 -0.763214 0.311607
    outer loop
      vertex -3.76516 -4.58786 8.86411
      vertex -3.80177 -4.63248 8.68832
      vertex -3.32941 -4.98281 8.68832
    endloop
  endfacet
  facet normal -0.260033 -0.122991 0.957735
    outer loop
      vertex -3.55357 -1.89942 9.93371
      vertex -4.1073 -1.7013 9.80881
      vertex -3.92076 -2.09569 9.80881
    endloop
  endfacet
  facet normal -0.3107 -0.146956 0.939079
    outer loop
      vertex -4.1073 -1.7013 9.80881
      vertex -4.25019 -2.27178 9.67226
      vertex -3.92076 -2.09569 9.80881
    endloop
  endfacet
  facet normal -0.232218 -0.0581677 0.970923
    outer loop
      vertex -3.42029 -1.03753 10.0458
      vertex -3.95193 -0.786087 9.93371
      vertex -3.85585 -1.16966 9.93371
    endloop
  endfacet
  facet normal -0.333404 -0.0835073 0.939079
    outer loop
      vertex -4.36028 -0.867314 9.80881
      vertex -4.72664 -0.940187 9.67226
      vertex -4.25428 -1.29052 9.80881
    endloop
  endfacet
  facet normal -0.276061 -0.20474 0.93908
    outer loop
      vertex -3.69647 -2.4699 9.80881
      vertex -4.00706 -2.67743 9.67226
      vertex -3.72533 -3.0573 9.67226
    endloop
  endfacet
  facet normal -0.294802 -0.176692 0.93908
    outer loop
      vertex -3.69647 -2.4699 9.80881
      vertex -4.25019 -2.27178 9.67226
      vertex -4.00706 -2.67743 9.67226
    endloop
  endfacet
  facet normal -0.216408 -0.102359 0.970922
    outer loop
      vertex -3.30213 -1.36779 10.0458
      vertex -3.72264 -1.54197 9.93371
      vertex -3.55357 -1.89942 9.93371
    endloop
  endfacet
  facet normal -0.177813 -0.0841031 0.980464
    outer loop
      vertex -2.72039 -1.45408 10.1439
      vertex -3.30213 -1.36779 10.0458
      vertex -3.15216 -1.68486 10.0458
    endloop
  endfacet
  facet normal -0.231044 -0.171355 0.957735
    outer loop
      vertex -3.35028 -2.23859 9.93371
      vertex -3.69647 -2.4699 9.80881
      vertex -3.11473 -2.55619 9.93371
    endloop
  endfacet
  facet normal -0.192286 -0.14261 0.970921
    outer loop
      vertex -2.97184 -1.98572 10.0458
      vertex -3.35028 -2.23859 9.93371
      vertex -3.11473 -2.55619 9.93371
    endloop
  endfacet
  facet normal -0.276066 -0.204739 0.939079
    outer loop
      vertex -3.69647 -2.4699 9.80881
      vertex -3.72533 -3.0573 9.67226
      vertex -3.43658 -2.82033 9.80881
    endloop
  endfacet
  facet normal -0.213133 -0.193175 0.957736
    outer loop
      vertex -2.84918 -2.84918 9.93371
      vertex -3.43658 -2.82033 9.80881
      vertex -3.14359 -3.14359 9.80881
    endloop
  endfacet
  facet normal -0.160769 -0.177382 0.970922
    outer loop
      vertex -2.52734 -2.52734 10.0458
      vertex -2.84918 -2.84918 9.93371
      vertex -2.55619 -3.11473 9.93371
    endloop
  endfacet
  facet normal -0.177382 -0.160769 0.970922
    outer loop
      vertex -2.52734 -2.52734 10.0458
      vertex -3.11473 -2.55619 9.93371
      vertex -2.84918 -2.84918 9.93371
    endloop
  endfacet
  facet normal -0.145743 -0.132094 0.980464
    outer loop
      vertex -2.38444 -1.95686 10.1439
      vertex -2.76289 -2.26745 10.0458
      vertex -2.52734 -2.52734 10.0458
    endloop
  endfacet
  facet normal -0.14574 -0.132095 0.980465
    outer loop
      vertex -2.38444 -1.95686 10.1439
      vertex -2.52734 -2.52734 10.0458
      vertex -2.18115 -2.18115 10.1439
    endloop
  endfacet
  facet normal -0.0996229 -0.397731 0.912077
    outer loop
      vertex -1.39895 -4.61173 9.67226
      vertex -1.49391 -4.92477 9.52538
      vertex -0.940187 -4.72664 9.67226
    endloop
  endfacet
  facet normal -0.209452 -0.442841 0.871792
    outer loop
      vertex -2.42598 -4.53869 9.52538
      vertex -2.55682 -4.78348 9.3696
      vertex -2.07565 -5.01106 9.3696
    endloop
  endfacet
  facet normal 0.0841031 -0.177813 0.980464
    outer loop
      vertex 1.45408 -2.72039 10.1439
      vertex 1.36779 -3.30213 10.0458
      vertex 1.68486 -3.15216 10.0458
    endloop
  endfacet
  facet normal 0.0300002 -0.119764 0.992349
    outer loop
      vertex 0.586763 -1.9343 10.2948
      vertex 0.394343 -1.9825 10.2948
      vertex 0.500471 -2.51604 10.2272
    endloop
  endfacet
  facet normal 0.086135 -0.580691 0.809554
    outer loop
      vertex 1.05816 -5.31972 9.3696
      vertex 0.531638 -5.39782 9.3696
      vertex 1.10212 -5.54072 9.2064
    endloop
  endfacet
  facet normal 0.103232 -0.695993 0.710589
    outer loop
      vertex 1.10212 -5.54072 9.2064
      vertex 0.553724 -5.62206 9.2064
      vertex 0.570477 -5.79216 9.03736
    endloop
  endfacet
  facet normal -0.0345289 -0.702746 0.710603
    outer loop
      vertex 0 -5.64926 9.2064
      vertex -0.570477 -5.79216 9.03736
      vertex 0 -5.82019 9.03736
    endloop
  endfacet
  facet normal 0.0466142 -0.949078 0.311572
    outer loop
      vertex 0 -5.93506 8.86411
      vertex 0 -5.99277 8.68832
      vertex 0.587394 -5.96392 8.68832
    endloop
  endfacet
  facet normal -0.23088 -0.92174 0.311593
    outer loop
      vertex -1.72286 -5.6795 8.86411
      vertex -1.73961 -5.73473 8.68832
      vertex -1.15787 -5.82102 8.86411
    endloop
  endfacet
  facet normal -0.336899 -0.941541 0
    outer loop
      vertex -2.29333 -5.5366 8.6
      vertex -1.73961 -5.73473 8.68832
      vertex -2.29333 -5.5366 8.68832
    endloop
  endfacet
  facet normal -0.336899 -0.941541 -0
    outer loop
      vertex -1.73961 -5.73473 8.68832
      vertex -2.29333 -5.5366 8.6
      vertex -1.73961 -5.73473 8.6
    endloop
  endfacet
  facet normal -0.559935 -0.61777 0.552117
    outer loop
      vertex -3.69229 -4.49907 9.03736
      vertex -4.11549 -4.11549 9.03736
      vertex -3.76516 -4.58786 8.86411
    endloop
  endfacet
  facet normal -0.41913 -0.565143 0.710594
    outer loop
      vertex -3.13856 -4.69719 9.2064
      vertex -3.69229 -4.49907 9.03736
      vertex -3.23352 -4.83931 9.03736
    endloop
  endfacet
  facet normal -0.496675 -0.669687 0.552117
    outer loop
      vertex -3.69229 -4.49907 9.03736
      vertex -3.76516 -4.58786 8.86411
      vertex -3.29734 -4.93482 8.86411
    endloop
  endfacet
  facet normal -0.42864 -0.71513 0.552138
    outer loop
      vertex -3.23352 -4.83931 9.03736
      vertex -3.29734 -4.93482 8.86411
      vertex -2.74362 -5.13295 9.03736
    endloop
  endfacet
  facet normal -0.669687 -0.496675 0.552117
    outer loop
      vertex -4.49907 -3.69229 9.03736
      vertex -4.93482 -3.29734 8.86411
      vertex -4.58786 -3.76516 8.86411
    endloop
  endfacet
  facet normal -0.472525 -0.521332 0.710587
    outer loop
      vertex -3.99463 -3.99463 9.2064
      vertex -4.11549 -4.11549 9.03736
      vertex -3.69229 -4.49907 9.03736
    endloop
  endfacet
  facet normal -0.472503 -0.521325 0.710606
    outer loop
      vertex -3.58385 -4.36694 9.2064
      vertex -3.99463 -3.99463 9.2064
      vertex -3.69229 -4.49907 9.03736
    endloop
  endfacet
  facet normal -0.669681 -0.496659 0.552139
    outer loop
      vertex -4.83931 -3.23352 9.03736
      vertex -4.93482 -3.29734 8.86411
      vertex -4.49907 -3.69229 9.03736
    endloop
  endfacet
  facet normal -0.323615 -0.115793 0.939077
    outer loop
      vertex -4.1073 -1.7013 9.80881
      vertex -4.61173 -1.39895 9.67226
      vertex -4.4524 -1.84424 9.67226
    endloop
  endfacet
  facet normal -0.370646 -0.175301 0.91208
    outer loop
      vertex -4.4524 -1.84424 9.67226
      vertex -4.75463 -1.96943 9.52538
      vertex -4.25019 -2.27178 9.67226
    endloop
  endfacet
  facet normal -0.329334 -0.24425 0.912075
    outer loop
      vertex -4.00706 -2.67743 9.67226
      vertex -4.27905 -2.85917 9.52538
      vertex -3.72533 -3.0573 9.67226
    endloop
  endfacet
  facet normal -0.530671 -0.250992 0.809562
    outer loop
      vertex -4.78348 -2.55682 9.3696
      vertex -5.01106 -2.07565 9.3696
      vertex -4.98221 -2.66304 9.2064
    endloop
  endfacet
  facet normal -0.92174 -0.23088 0.311593
    outer loop
      vertex -5.6795 -1.72286 8.86411
      vertex -5.82102 -1.15787 8.86411
      vertex -5.73473 -1.73961 8.68832
    endloop
  endfacet
  facet normal -0.941541 -0.336899 0
    outer loop
      vertex -5.5366 -2.29333 8.6
      vertex -5.73473 -1.73961 8.68832
      vertex -5.73473 -1.73961 8.6
    endloop
  endfacet
  facet normal -0.941541 -0.336899 0
    outer loop
      vertex -5.73473 -1.73961 8.68832
      vertex -5.5366 -2.29333 8.6
      vertex -5.5366 -2.29333 8.68832
    endloop
  endfacet
  facet normal -0.824714 -0.122333 0.552161
    outer loop
      vertex -5.70835 -1.13546 9.03736
      vertex -5.90648 -0.581737 8.86411
      vertex -5.82102 -1.15787 8.86411
    endloop
  endfacet
  facet normal -0.824721 -0.12234 0.552148
    outer loop
      vertex -5.79216 -0.570477 9.03736
      vertex -5.90648 -0.581737 8.86411
      vertex -5.70835 -1.13546 9.03736
    endloop
  endfacet
  facet normal -0.695993 -0.103232 0.710589
    outer loop
      vertex -5.62206 -0.553724 9.2064
      vertex -5.79216 -0.570477 9.03736
      vertex -5.54072 -1.10212 9.2064
    endloop
  endfacet
  facet normal -0.5807 -0.0861314 0.809549
    outer loop
      vertex -5.39782 -0.531638 9.3696
      vertex -5.62206 -0.553724 9.2064
      vertex -5.54072 -1.10212 9.2064
    endloop
  endfacet
  facet normal -0.785005 -0.280884 0.552151
    outer loop
      vertex -5.37715 -2.22729 9.03736
      vertex -5.6795 -1.72286 8.86411
      vertex -5.48328 -2.27125 8.86411
    endloop
  endfacet
  facet normal -0.753699 -0.356464 0.552151
    outer loop
      vertex -5.37715 -2.22729 9.03736
      vertex -5.48328 -2.27125 8.86411
      vertex -5.13295 -2.74362 9.03736
    endloop
  endfacet
  facet normal -0.475194 -0.119036 0.871792
    outer loop
      vertex -5.04749 -1.00401 9.52538
      vertex -5.31972 -1.05816 9.3696
      vertex -4.92477 -1.49391 9.52538
    endloop
  endfacet
  facet normal -0.484574 -0.0718778 0.871792
    outer loop
      vertex -5.04749 -1.00401 9.52538
      vertex -5.39782 -0.531638 9.3696
      vertex -5.31972 -1.05816 9.3696
    endloop
  endfacet
  facet normal -0.68254 0.170974 0.710568
    outer loop
      vertex -5.40601 1.63989 9.2064
      vertex -5.70835 1.13546 9.03736
      vertex -5.54072 1.10212 9.2064
    endloop
  endfacet
  facet normal -0.475195 0.119038 0.871791
    outer loop
      vertex -5.19038 1.57448 9.3696
      vertex -5.31972 1.05816 9.3696
      vertex -4.92477 1.49391 9.52538
    endloop
  endfacet
  facet normal -0.48929 0.0240302 0.87179
    outer loop
      vertex -5.39782 0.531638 9.3696
      vertex -5.42393 0 9.3696
      vertex -5.14637 0 9.52538
    endloop
  endfacet
  facet normal -0.48929 -0.0240302 0.87179
    outer loop
      vertex -5.14637 0 9.52538
      vertex -5.42393 0 9.3696
      vertex -5.39782 -0.531638 9.3696
    endloop
  endfacet
  facet normal -0.339981 0.0504355 0.939079
    outer loop
      vertex -4.72664 0.940187 9.67226
      vertex -4.79604 0.472368 9.67226
      vertex -4.4243 0.435755 9.80881
    endloop
  endfacet
  facet normal -0.236801 0.0351258 0.970923
    outer loop
      vertex -3.95193 0.786087 9.93371
      vertex -4.00995 0.394945 9.93371
      vertex -3.55698 0.350332 10.0458
    endloop
  endfacet
  facet normal 0.488493 -0.815027 0.311617
    outer loop
      vertex 3.29734 -4.93482 8.86411
      vertex 2.82497 -5.28515 8.68832
      vertex 3.32941 -4.98281 8.68832
    endloop
  endfacet
  facet normal 0.336899 -0.941541 0
    outer loop
      vertex 1.73961 -5.73473 8.6
      vertex 2.29333 -5.5366 8.68832
      vertex 1.73961 -5.73473 8.68832
    endloop
  endfacet
  facet normal 0.336899 -0.941541 0
    outer loop
      vertex 2.29333 -5.5366 8.68832
      vertex 1.73961 -5.73473 8.6
      vertex 2.29333 -5.5366 8.6
    endloop
  endfacet
  facet normal 0.122333 -0.824714 0.552161
    outer loop
      vertex 1.13546 -5.70835 9.03736
      vertex 0.581737 -5.90648 8.86411
      vertex 1.15787 -5.82102 8.86411
    endloop
  endfacet
  facet normal 0.0409115 -0.832742 0.552148
    outer loop
      vertex 0.570477 -5.79216 9.03736
      vertex 0 -5.93506 8.86411
      vertex 0.581737 -5.90648 8.86411
    endloop
  endfacet
  facet normal 0.503521 -0.301786 0.809562
    outer loop
      vertex 4.78348 -2.55682 9.3696
      vertex 4.50984 -3.01338 9.3696
      vertex 4.98221 -2.66304 9.2064
    endloop
  endfacet
  facet normal 0.552725 -0.197767 0.809557
    outer loop
      vertex 5.40601 -1.63989 9.2064
      vertex 5.01106 -2.07565 9.3696
      vertex 5.21924 -2.16188 9.2064
    endloop
  endfacet
  facet normal 0.24425 -0.329334 0.912075
    outer loop
      vertex 3.0573 -3.72533 9.67226
      vertex 2.85917 -4.27905 9.52538
      vertex 3.26482 -3.9782 9.52538
    endloop
  endfacet
  facet normal 0.291817 -0.393467 0.871795
    outer loop
      vertex 3.26482 -3.9782 9.52538
      vertex 3.01338 -4.50984 9.3696
      vertex 3.44091 -4.19276 9.3696
    endloop
  endfacet
  facet normal 0.559902 -0.617762 0.552159
    outer loop
      vertex 4.11549 -4.11549 9.03736
      vertex 3.76516 -4.58786 8.86411
      vertex 4.19672 -4.19672 8.86411
    endloop
  endfacet
  facet normal 0.704063 -0.638126 0.311592
    outer loop
      vertex 4.63248 -3.80177 8.68832
      vertex 4.19672 -4.19672 8.86411
      vertex 4.23753 -4.23753 8.68832
    endloop
  endfacet
  facet normal 0.740951 -0.671559 0
    outer loop
      vertex 4.23753 -4.23753 8.68832
      vertex 4.63248 -3.80177 8.6
      vertex 4.63248 -3.80177 8.68832
    endloop
  endfacet
  facet normal 0.740951 -0.671559 0
    outer loop
      vertex 4.63248 -3.80177 8.6
      vertex 4.23753 -4.23753 8.68832
      vertex 4.23753 -4.23753 8.6
    endloop
  endfacet
  facet normal 0.857736 -0.514091 0
    outer loop
      vertex 4.98281 -3.32941 8.68832
      vertex 5.28515 -2.82497 8.6
      vertex 5.28515 -2.82497 8.68832
    endloop
  endfacet
  facet normal 0.857736 -0.514091 0
    outer loop
      vertex 5.28515 -2.82497 8.6
      vertex 4.98281 -3.32941 8.68832
      vertex 4.98281 -3.32941 8.6
    endloop
  endfacet
  facet normal -0.858988 0.406276 0.311575
    outer loop
      vertex -5.28515 2.82497 8.68832
      vertex -5.5366 2.29333 8.68832
      vertex -5.48328 2.27125 8.86411
    endloop
  endfacet
  facet normal -0.989175 0.146743 0
    outer loop
      vertex -5.96392 0.587394 8.6
      vertex -5.87762 1.16913 8.68832
      vertex -5.87762 1.16913 8.6
    endloop
  endfacet
  facet normal -0.989175 0.146743 0
    outer loop
      vertex -5.87762 1.16913 8.68832
      vertex -5.96392 0.587394 8.6
      vertex -5.96392 0.587394 8.68832
    endloop
  endfacet
  facet normal -0.356464 0.753699 0.552151
    outer loop
      vertex -2.27125 5.48328 8.86411
      vertex -2.74362 5.13295 9.03736
      vertex -2.22729 5.37715 9.03736
    endloop
  endfacet
  facet normal -0.250992 0.530671 0.809562
    outer loop
      vertex -2.07565 5.01106 9.3696
      vertex -2.66304 4.98221 9.2064
      vertex -2.55682 4.78348 9.3696
    endloop
  endfacet
  facet normal -0.48851 0.815031 0.31158
    outer loop
      vertex -2.82497 5.28515 8.68832
      vertex -3.29734 4.93482 8.86411
      vertex -2.79777 5.23425 8.86411
    endloop
  endfacet
  facet normal -0.146743 0.989175 0
    outer loop
      vertex -0.587394 5.96392 8.6
      vertex -1.16913 5.87762 8.68832
      vertex -0.587394 5.96392 8.68832
    endloop
  endfacet
  facet normal -0.146743 0.989175 0
    outer loop
      vertex -1.16913 5.87762 8.68832
      vertex -0.587394 5.96392 8.6
      vertex -1.16913 5.87762 8.6
    endloop
  endfacet
  facet normal -0.638126 0.704063 0.311592
    outer loop
      vertex -3.80177 4.63248 8.68832
      vertex -4.23753 4.23753 8.68832
      vertex -4.19672 4.19672 8.86411
    endloop
  endfacet
  facet normal -0.559935 0.61777 0.552117
    outer loop
      vertex -3.76516 4.58786 8.86411
      vertex -4.11549 4.11549 9.03736
      vertex -3.69229 4.49907 9.03736
    endloop
  endfacet
  facet normal -0.0345289 0.702746 0.710603
    outer loop
      vertex 0 5.82019 9.03736
      vertex -0.570477 5.79216 9.03736
      vertex 0 5.64926 9.2064
    endloop
  endfacet
  facet normal -0.242968 0.970034 0
    outer loop
      vertex -1.16913 5.87762 8.6
      vertex -1.73961 5.73473 8.68832
      vertex -1.16913 5.87762 8.68832
    endloop
  endfacet
  facet normal -0.242968 0.970034 0
    outer loop
      vertex -1.73961 5.73473 8.68832
      vertex -1.16913 5.87762 8.6
      vertex -1.73961 5.73473 8.6
    endloop
  endfacet
  facet normal -0.42864 0.715144 0.552121
    outer loop
      vertex -2.79777 5.23425 8.86411
      vertex -3.29734 4.93482 8.86411
      vertex -2.74362 5.13295 9.03736
    endloop
  endfacet
  facet normal -0.197767 0.552725 0.809557
    outer loop
      vertex -1.63989 5.40601 9.2064
      vertex -2.16188 5.21924 9.2064
      vertex -2.07565 5.01106 9.3696
    endloop
  endfacet
  facet normal -0.0409165 0.832748 0.552137
    outer loop
      vertex 0 5.93506 8.86411
      vertex -0.570477 5.79216 9.03736
      vertex 0 5.82019 9.03736
    endloop
  endfacet
  facet normal -0.320128 0.894672 0.311578
    outer loop
      vertex -1.73961 5.73473 8.68832
      vertex -2.29333 5.5366 8.68832
      vertex -2.27125 5.48328 8.86411
    endloop
  endfacet
  facet normal -0.472503 0.521325 0.710606
    outer loop
      vertex -3.69229 4.49907 9.03736
      vertex -3.99463 3.99463 9.2064
      vertex -3.58385 4.36694 9.2064
    endloop
  endfacet
  facet normal -0.251839 0.420185 0.871792
    outer loop
      vertex -2.55682 4.78348 9.3696
      vertex -3.01338 4.50984 9.3696
      vertex -2.42598 4.53869 9.52538
    endloop
  endfacet
  facet normal -0.310708 0.146953 0.939077
    outer loop
      vertex -4.25019 2.27178 9.67226
      vertex -4.4524 1.84424 9.67226
      vertex -4.1073 1.7013 9.80881
    endloop
  endfacet
  facet normal -0.386051 0.138128 0.912078
    outer loop
      vertex -4.75463 1.96943 9.52538
      vertex -4.92477 1.49391 9.52538
      vertex -4.61173 1.39895 9.67226
    endloop
  endfacet
  facet normal -0.250991 0.530679 0.809557
    outer loop
      vertex -2.16188 5.21924 9.2064
      vertex -2.66304 4.98221 9.2064
      vertex -2.07565 5.01106 9.3696
    endloop
  endfacet
  facet normal -0.175301 0.370646 0.91208
    outer loop
      vertex -1.96943 4.75463 9.52538
      vertex -2.27178 4.25019 9.67226
      vertex -1.84424 4.4524 9.67226
    endloop
  endfacet
  facet normal -0.042207 0.284539 0.957735
    outer loop
      vertex -0.435755 4.4243 9.80881
      vertex -0.786087 3.95193 9.93371
      vertex -0.394945 4.00995 9.93371
    endloop
  endfacet
  facet normal -0.0835073 0.333404 0.939079
    outer loop
      vertex -0.940187 4.72664 9.67226
      vertex -1.29052 4.25428 9.80881
      vertex -0.867314 4.36028 9.80881
    endloop
  endfacet
  facet normal 0.832742 0.0409115 0.552148
    outer loop
      vertex 5.90648 0.581737 8.86411
      vertex 5.79216 0.570477 9.03736
      vertex 5.93506 0 8.86411
    endloop
  endfacet
  facet normal 0.702746 0.0345289 0.710603
    outer loop
      vertex 5.79216 0.570477 9.03736
      vertex 5.64926 0 9.2064
      vertex 5.82019 0 9.03736
    endloop
  endfacet
  facet normal 0.998796 -0.0490561 0
    outer loop
      vertex 5.96392 -0.587394 8.68832
      vertex 5.99277 0 8.6
      vertex 5.99277 0 8.68832
    endloop
  endfacet
  facet normal 0.998796 -0.0490561 0
    outer loop
      vertex 5.99277 0 8.6
      vertex 5.96392 -0.587394 8.68832
      vertex 5.96392 -0.587394 8.6
    endloop
  endfacet
  facet normal 0.894669 -0.320122 0.311591
    outer loop
      vertex 5.6795 -1.72286 8.86411
      vertex 5.48328 -2.27125 8.86411
      vertex 5.73473 -1.73961 8.68832
    endloop
  endfacet
  facet normal 0.715144 -0.42864 0.552121
    outer loop
      vertex 5.13295 -2.74362 9.03736
      vertex 4.93482 -3.29734 8.86411
      vertex 5.23425 -2.79777 8.86411
    endloop
  endfacet
  facet normal 0.785 -0.280876 0.552163
    outer loop
      vertex 5.56957 -1.68951 9.03736
      vertex 5.37715 -2.22729 9.03736
      vertex 5.6795 -1.72286 8.86411
    endloop
  endfacet
  facet normal 0.662481 -0.237039 0.710585
    outer loop
      vertex 5.40601 -1.63989 9.2064
      vertex 5.37715 -2.22729 9.03736
      vertex 5.56957 -1.68951 9.03736
    endloop
  endfacet
  facet normal 0.669687 -0.496675 0.552117
    outer loop
      vertex 4.93482 -3.29734 8.86411
      vertex 4.49907 -3.69229 9.03736
      vertex 4.58786 -3.76516 8.86411
    endloop
  endfacet
  facet normal 0.815031 -0.48851 0.31158
    outer loop
      vertex 5.23425 -2.79777 8.86411
      vertex 4.93482 -3.29734 8.86411
      vertex 5.28515 -2.82497 8.68832
    endloop
  endfacet
  facet normal 0.370651 -0.175311 0.912077
    outer loop
      vertex 4.75463 -1.96943 9.52538
      vertex 4.25019 -2.27178 9.67226
      vertex 4.53869 -2.42598 9.52538
    endloop
  endfacet
  facet normal 0.552724 -0.197766 0.809558
    outer loop
      vertex 5.19038 -1.57448 9.3696
      vertex 5.01106 -2.07565 9.3696
      vertex 5.40601 -1.63989 9.2064
    endloop
  endfacet
  facet normal 0.329334 -0.24425 0.912075
    outer loop
      vertex 4.27905 -2.85917 9.52538
      vertex 3.72533 -3.0573 9.67226
      vertex 3.9782 -3.26482 9.52538
    endloop
  endfacet
  facet normal 0.420176 -0.25184 0.871797
    outer loop
      vertex 4.53869 -2.42598 9.52538
      vertex 4.27905 -2.85917 9.52538
      vertex 4.50984 -3.01338 9.3696
    endloop
  endfacet
  facet normal 0.236805 -0.0351223 0.970922
    outer loop
      vertex 3.55698 -0.350332 10.0458
      vertex 3.50552 -0.69729 10.0458
      vertex 3.95193 -0.786087 9.93371
    endloop
  endfacet
  facet normal 0.339981 -0.0504355 0.939079
    outer loop
      vertex 4.79604 -0.472368 9.67226
      vertex 4.4243 -0.435755 9.80881
      vertex 4.72664 -0.940187 9.67226
    endloop
  endfacet
  facet normal 0.695993 -0.103232 0.710589
    outer loop
      vertex 5.62206 -0.553724 9.2064
      vertex 5.54072 -1.10212 9.2064
      vertex 5.79216 -0.570477 9.03736
    endloop
  endfacet
  facet normal 0.696011 -0.103247 0.710569
    outer loop
      vertex 5.79216 -0.570477 9.03736
      vertex 5.54072 -1.10212 9.2064
      vertex 5.70835 -1.13546 9.03736
    endloop
  endfacet
  facet normal 0.5807 0.0861314 0.809549
    outer loop
      vertex 5.54072 1.10212 9.2064
      vertex 5.39782 0.531638 9.3696
      vertex 5.62206 0.553724 9.2064
    endloop
  endfacet
  facet normal 0.586346 0.0288025 0.809549
    outer loop
      vertex 5.62206 0.553724 9.2064
      vertex 5.39782 0.531638 9.3696
      vertex 5.64926 0 9.2064
    endloop
  endfacet
  facet normal 0.343295 0.0168607 0.939076
    outer loop
      vertex 4.79604 0.472368 9.67226
      vertex 4.44571 0 9.80881
      vertex 4.81924 0 9.67226
    endloop
  endfacet
  facet normal 0.343287 -0.0168668 0.939079
    outer loop
      vertex 4.44571 0 9.80881
      vertex 4.4243 -0.435755 9.80881
      vertex 4.79604 -0.472368 9.67226
    endloop
  endfacet
  facet normal 0.197766 -0.552724 0.809558
    outer loop
      vertex 2.07565 -5.01106 9.3696
      vertex 1.57448 -5.19038 9.3696
      vertex 1.63989 -5.40601 9.2064
    endloop
  endfacet
  facet normal 0.165034 -0.461243 0.871791
    outer loop
      vertex 2.07565 -5.01106 9.3696
      vertex 1.49391 -4.92477 9.52538
      vertex 1.57448 -5.19038 9.3696
    endloop
  endfacet
  facet normal 0.427559 -0.903987 0
    outer loop
      vertex 2.29333 -5.5366 8.6
      vertex 2.82497 -5.28515 8.68832
      vertex 2.29333 -5.5366 8.68832
    endloop
  endfacet
  facet normal 0.427559 -0.903987 0
    outer loop
      vertex 2.82497 -5.28515 8.68832
      vertex 2.29333 -5.5366 8.6
      vertex 2.82497 -5.28515 8.6
    endloop
  endfacet
  facet normal 0.42864 -0.715144 0.552121
    outer loop
      vertex 3.29734 -4.93482 8.86411
      vertex 2.74362 -5.13295 9.03736
      vertex 2.79777 -5.23425 8.86411
    endloop
  endfacet
  facet normal 0.254665 -0.23082 0.939078
    outer loop
      vertex 3.72533 -3.0573 9.67226
      vertex 3.14359 -3.14359 9.80881
      vertex 3.40772 -3.40772 9.67226
    endloop
  endfacet
  facet normal 0.23082 -0.254665 0.939078
    outer loop
      vertex 3.14359 -3.14359 9.80881
      vertex 3.0573 -3.72533 9.67226
      vertex 3.40772 -3.40772 9.67226
    endloop
  endfacet
  facet normal 0.260033 -0.122991 0.957735
    outer loop
      vertex 4.1073 -1.7013 9.80881
      vertex 3.55357 -1.89942 9.93371
      vertex 3.92076 -2.09569 9.80881
    endloop
  endfacet
  facet normal 0.246729 -0.147882 0.957735
    outer loop
      vertex 3.92076 -2.09569 9.80881
      vertex 3.55357 -1.89942 9.93371
      vertex 3.69647 -2.4699 9.80881
    endloop
  endfacet
  facet normal 0.194571 -0.0288583 0.980464
    outer loop
      vertex 3.55698 -0.350332 10.0458
      vertex 3.06976 -0.302345 10.1439
      vertex 3.50552 -0.69729 10.0458
    endloop
  endfacet
  facet normal 0.216408 -0.102359 0.970922
    outer loop
      vertex 3.72264 -1.54197 9.93371
      vertex 3.30213 -1.36779 10.0458
      vertex 3.55357 -1.89942 9.93371
    endloop
  endfacet
  facet normal 0.157988 -0.117169 0.980465
    outer loop
      vertex 2.56476 -1.71372 10.1439
      vertex 2.38444 -1.95686 10.1439
      vertex 2.97184 -1.98572 10.0458
    endloop
  endfacet
  facet normal 0.192284 -0.142611 0.970922
    outer loop
      vertex 2.97184 -1.98572 10.0458
      vertex 2.76289 -2.26745 10.0458
      vertex 3.11473 -2.55619 9.93371
    endloop
  endfacet
  facet normal 0.279031 -0.0698887 0.957735
    outer loop
      vertex 4.36028 -0.867314 9.80881
      vertex 3.85585 -1.16966 9.93371
      vertex 4.25428 -1.29052 9.80881
    endloop
  endfacet
  facet normal 0.185201 -0.0662611 0.980464
    outer loop
      vertex 3.42029 -1.03753 10.0458
      vertex 2.95179 -0.895416 10.1439
      vertex 3.30213 -1.36779 10.0458
    endloop
  endfacet
  facet normal 0.231043 -0.171349 0.957736
    outer loop
      vertex 3.69647 -2.4699 9.80881
      vertex 3.11473 -2.55619 9.93371
      vertex 3.43658 -2.82033 9.80881
    endloop
  endfacet
  facet normal 0.213133 -0.193172 0.957736
    outer loop
      vertex 3.11473 -2.55619 9.93371
      vertex 2.84918 -2.84918 9.93371
      vertex 3.43658 -2.82033 9.80881
    endloop
  endfacet
  facet normal 0.0354637 -0.0478181 0.998226
    outer loop
      vertex 0.558509 -0.680545 10.3805
      vertex 0.489114 -0.732011 10.3805
      vertex 0.809955 -1.21218 10.3461
    endloop
  endfacet
  facet normal -0.0295105 -0.00145001 0.999563
    outer loop
      vertex -0.294406 0 10.3978
      vertex -0.880383 0 10.3805
      vertex -0.876143 -0.0862923 10.3805
    endloop
  endfacet
  facet normal 0.122128 -0.0181163 0.992349
    outer loop
      vertex 2.55298 -0.251446 10.2272
      vertex 1.9825 -0.394343 10.2948
      vertex 2.51604 -0.500471 10.2272
    endloop
  endfacet
  facet normal 0.225403 -0.0806443 0.970922
    outer loop
      vertex 3.42029 -1.03753 10.0458
      vertex 3.30213 -1.36779 10.0458
      vertex 3.72264 -1.54197 9.93371
    endloop
  endfacet
  facet normal 0.149306 0.0534229 0.987347
    outer loop
      vertex 2.84981 1.18043 10.1439
      vertex 2.37006 0.981709 10.2272
      vertex 2.95179 0.895416 10.1439
    endloop
  endfacet
  facet normal 0.119764 0.0299992 0.992349
    outer loop
      vertex 2.45487 0.744676 10.2272
      vertex 1.9343 0.586763 10.2948
      vertex 2.51604 0.500471 10.2272
    endloop
  endfacet
  facet normal 0.239104 -0.011746 0.970923
    outer loop
      vertex 3.57419 0 10.0458
      vertex 3.55698 -0.350332 10.0458
      vertex 4.02935 0 9.93371
    endloop
  endfacet
  facet normal 0.153823 -0.0385306 0.987347
    outer loop
      vertex 2.51604 -0.500471 10.2272
      vertex 2.45487 -0.744676 10.2272
      vertex 2.95179 -0.895416 10.1439
    endloop
  endfacet
  facet normal 0.123316 0.0060568 0.992349
    outer loop
      vertex 2.55298 0.251446 10.2272
      vertex 2.01161 0.198126 10.2948
      vertex 2.56533 0 10.2272
    endloop
  endfacet
  facet normal 0.0897964 0.0133183 0.995871
    outer loop
      vertex 1.9825 0.394343 10.2948
      vertex 1.42987 0.284418 10.3461
      vertex 1.45086 0.142897 10.3461
    endloop
  endfacet
  facet normal 0.122129 -0.0181185 0.992349
    outer loop
      vertex 2.01161 -0.198126 10.2948
      vertex 1.9825 -0.394343 10.2948
      vertex 2.55298 -0.251446 10.2272
    endloop
  endfacet
  facet normal 0.0577495 -0.0144658 0.998226
    outer loop
      vertex 0.863466 -0.171754 10.3805
      vertex 0.842473 -0.255561 10.3805
      vertex 1.3951 -0.4232 10.3461
    endloop
  endfacet
  facet normal 0.136012 -0.0815263 0.987347
    outer loop
      vertex 2.26242 -1.20929 10.2272
      vertex 2.13299 -1.42522 10.2272
      vertex 2.72039 -1.45408 10.1439
    endloop
  endfacet
  facet normal 0.143348 -0.0678001 0.987347
    outer loop
      vertex 2.37006 -0.981709 10.2272
      vertex 2.26242 -1.20929 10.2272
      vertex 2.72039 -1.45408 10.1439
    endloop
  endfacet
  facet normal 0.132094 0.145743 0.980464
    outer loop
      vertex 2.26745 2.76289 10.0458
      vertex 1.95686 2.38444 10.1439
      vertex 2.52734 2.52734 10.0458
    endloop
  endfacet
  facet normal 0.205339 0.123075 0.970921
    outer loop
      vertex 3.35028 2.23859 9.93371
      vertex 2.97184 1.98572 10.0458
      vertex 3.55357 1.89942 9.93371
    endloop
  endfacet
  facet normal 0.0534229 0.149306 0.987347
    outer loop
      vertex 1.18043 2.84981 10.1439
      vertex 0.895416 2.95179 10.1439
      vertex 0.981709 2.37006 10.2272
    endloop
  endfacet
  facet normal 0.0278191 0.00995332 0.999563
    outer loop
      vertex 0.842473 0.255561 10.3805
      vertex 0.271996 0.112664 10.3978
      vertex 0.281729 0.0854607 10.3978
    endloop
  endfacet
  facet normal 0.14574 0.132095 0.980465
    outer loop
      vertex 2.52734 2.52734 10.0458
      vertex 2.18115 2.18115 10.1439
      vertex 2.38444 1.95686 10.1439
    endloop
  endfacet
  facet normal 0.10112 0.168717 0.980464
    outer loop
      vertex 1.68486 3.15216 10.0458
      vertex 1.45408 2.72039 10.1439
      vertex 1.98572 2.97184 10.0458
    endloop
  endfacet
  facet normal 0.171355 0.231044 0.957735
    outer loop
      vertex 2.4699 3.69647 9.80881
      vertex 2.23859 3.35028 9.93371
      vertex 2.55619 3.11473 9.93371
    endloop
  endfacet
  facet normal -0.011746 0.239104 0.970923
    outer loop
      vertex 0 4.02935 9.93371
      vertex -0.350332 3.55698 10.0458
      vertex 0 3.57419 10.0458
    endloop
  endfacet
  facet normal 0.246727 0.147882 0.957735
    outer loop
      vertex 3.69647 2.4699 9.80881
      vertex 3.35028 2.23859 9.93371
      vertex 3.55357 1.89942 9.93371
    endloop
  endfacet
  facet normal 0.177382 0.160769 0.970922
    outer loop
      vertex 2.84918 2.84918 9.93371
      vertex 2.52734 2.52734 10.0458
      vertex 3.11473 2.55619 9.93371
    endloop
  endfacet
  facet normal 0.216408 0.102359 0.970922
    outer loop
      vertex 3.55357 1.89942 9.93371
      vertex 3.30213 1.36779 10.0458
      vertex 3.72264 1.54197 9.93371
    endloop
  endfacet
  facet normal 0.190803 0.047796 0.980464
    outer loop
      vertex 3.42029 1.03753 10.0458
      vertex 2.95179 0.895416 10.1439
      vertex 3.50552 0.69729 10.0458
    endloop
  endfacet
  facet normal 0.239104 0.011746 0.970923
    outer loop
      vertex 4.02935 0 9.93371
      vertex 3.55698 0.350332 10.0458
      vertex 3.57419 0 10.0458
    endloop
  endfacet
  facet normal 0.23222 0.058171 0.970922
    outer loop
      vertex 3.95193 0.786087 9.93371
      vertex 3.42029 1.03753 10.0458
      vertex 3.50552 0.69729 10.0458
    endloop
  endfacet
  facet normal 0.287306 -0.0141127 0.957735
    outer loop
      vertex 4.02935 0 9.93371
      vertex 4.00995 -0.394945 9.93371
      vertex 4.4243 -0.435755 9.80881
    endloop
  endfacet
  facet normal 0.287302 0.0141161 0.957736
    outer loop
      vertex 4.4243 0.435755 9.80881
      vertex 4.02935 0 9.93371
      vertex 4.44571 0 9.80881
    endloop
  endfacet
  facet normal 0.23082 0.254665 0.939078
    outer loop
      vertex 3.40772 3.40772 9.67226
      vertex 3.0573 3.72533 9.67226
      vertex 3.14359 3.14359 9.80881
    endloop
  endfacet
  facet normal 0.254665 0.23082 0.939078
    outer loop
      vertex 3.40772 3.40772 9.67226
      vertex 3.14359 3.14359 9.80881
      vertex 3.72533 3.0573 9.67226
    endloop
  endfacet
  facet normal 0.177382 0.160769 0.970922
    outer loop
      vertex 3.11473 2.55619 9.93371
      vertex 2.52734 2.52734 10.0458
      vertex 2.76289 2.26745 10.0458
    endloop
  endfacet
  facet normal 0.276066 0.204739 0.939079
    outer loop
      vertex 3.72533 3.0573 9.67226
      vertex 3.43658 2.82033 9.80881
      vertex 3.69647 2.4699 9.80881
    endloop
  endfacet
  facet normal 0.175301 0.370646 0.91208
    outer loop
      vertex 1.96943 4.75463 9.52538
      vertex 1.84424 4.4524 9.67226
      vertex 2.27178 4.25019 9.67226
    endloop
  endfacet
  facet normal 0.175311 0.370651 0.912077
    outer loop
      vertex 2.42598 4.53869 9.52538
      vertex 1.96943 4.75463 9.52538
      vertex 2.27178 4.25019 9.67226
    endloop
  endfacet
  facet normal 0.122991 0.260033 0.957735
    outer loop
      vertex 2.09569 3.92076 9.80881
      vertex 1.7013 4.1073 9.80881
      vertex 1.89942 3.55357 9.93371
    endloop
  endfacet
  facet normal -0.0351258 0.236801 0.970923
    outer loop
      vertex -0.394945 4.00995 9.93371
      vertex -0.786087 3.95193 9.93371
      vertex -0.350332 3.55698 10.0458
    endloop
  endfacet
  facet normal -0.122991 0.260033 0.957735
    outer loop
      vertex -1.7013 4.1073 9.80881
      vertex -2.09569 3.92076 9.80881
      vertex -1.89942 3.55357 9.93371
    endloop
  endfacet
  facet normal -0.35169 0.210792 0.912075
    outer loop
      vertex -4.27905 2.85917 9.52538
      vertex -4.53869 2.42598 9.52538
      vertex -4.00706 2.67743 9.67226
    endloop
  endfacet
  facet normal -0.117494 0.106496 0.987347
    outer loop
      vertex -1.81396 1.81396 10.2272
      vertex -2.38444 1.95686 10.1439
      vertex -1.98303 1.62743 10.2272
    endloop
  endfacet
  facet normal -0.0678001 0.143348 0.987347
    outer loop
      vertex -0.981709 2.37006 10.2272
      vertex -1.45408 2.72039 10.1439
      vertex -1.20929 2.26242 10.2272
    endloop
  endfacet
  facet normal -0.0240302 0.48929 0.87179
    outer loop
      vertex 0 5.42393 9.3696
      vertex -0.531638 5.39782 9.3696
      vertex 0 5.14637 9.52538
    endloop
  endfacet
  facet normal -0.0601653 0.405569 0.912082
    outer loop
      vertex -0.472368 4.79604 9.67226
      vertex -1.00401 5.04749 9.52538
      vertex -0.940187 4.72664 9.67226
    endloop
  endfacet
  facet normal -0.119036 0.475194 0.871792
    outer loop
      vertex -1.05816 5.31972 9.3696
      vertex -1.49391 4.92477 9.52538
      vertex -1.00401 5.04749 9.52538
    endloop
  endfacet
  facet normal -0.086135 0.580691 0.809554
    outer loop
      vertex -0.531638 5.39782 9.3696
      vertex -1.10212 5.54072 9.2064
      vertex -1.05816 5.31972 9.3696
    endloop
  endfacet
  facet normal 0.146743 0.989175 -0
    outer loop
      vertex 1.16913 5.87762 8.6
      vertex 0.587394 5.96392 8.68832
      vertex 1.16913 5.87762 8.68832
    endloop
  endfacet
  facet normal 0.146743 0.989175 0
    outer loop
      vertex 0.587394 5.96392 8.68832
      vertex 1.16913 5.87762 8.6
      vertex 0.587394 5.96392 8.6
    endloop
  endfacet
  facet normal 0.139423 0.939926 0.311611
    outer loop
      vertex 0.587394 5.96392 8.68832
      vertex 0.581737 5.90648 8.86411
      vertex 1.15787 5.82102 8.86411
    endloop
  endfacet
  facet normal 0.034521 0.70276 0.710589
    outer loop
      vertex 0.570477 5.79216 9.03736
      vertex 0 5.64926 9.2064
      vertex 0.553724 5.62206 9.2064
    endloop
  endfacet
  facet normal 0.0288025 0.586346 0.809549
    outer loop
      vertex 0.553724 5.62206 9.2064
      vertex 0 5.64926 9.2064
      vertex 0.531638 5.39782 9.3696
    endloop
  endfacet
  facet normal 0.320128 0.894672 0.311578
    outer loop
      vertex 2.29333 5.5366 8.68832
      vertex 1.73961 5.73473 8.68832
      vertex 2.27125 5.48328 8.86411
    endloop
  endfacet
  facet normal 0.320122 0.894669 0.311591
    outer loop
      vertex 1.73961 5.73473 8.68832
      vertex 1.72286 5.6795 8.86411
      vertex 2.27125 5.48328 8.86411
    endloop
  endfacet
  facet normal 0.427559 0.903987 -0
    outer loop
      vertex 2.82497 5.28515 8.6
      vertex 2.29333 5.5366 8.68832
      vertex 2.82497 5.28515 8.68832
    endloop
  endfacet
  facet normal 0.427559 0.903987 0
    outer loop
      vertex 2.29333 5.5366 8.68832
      vertex 2.82497 5.28515 8.6
      vertex 2.29333 5.5366 8.6
    endloop
  endfacet
  facet normal 0.461243 0.165034 0.871791
    outer loop
      vertex 5.01106 2.07565 9.3696
      vertex 4.92477 1.49391 9.52538
      vertex 5.19038 1.57448 9.3696
    endloop
  endfacet
  facet normal 0.552724 0.197766 0.809558
    outer loop
      vertex 5.40601 1.63989 9.2064
      vertex 5.01106 2.07565 9.3696
      vertex 5.19038 1.57448 9.3696
    endloop
  endfacet
  facet normal 0.475195 0.119038 0.871791
    outer loop
      vertex 5.19038 1.57448 9.3696
      vertex 4.92477 1.49391 9.52538
      vertex 5.31972 1.05816 9.3696
    endloop
  endfacet
  facet normal 0.475194 0.119036 0.871792
    outer loop
      vertex 5.31972 1.05816 9.3696
      vertex 4.92477 1.49391 9.52538
      vertex 5.04749 1.00401 9.52538
    endloop
  endfacet
  facet normal 0.662481 0.237039 0.710585
    outer loop
      vertex 5.56957 1.68951 9.03736
      vertex 5.37715 2.22729 9.03736
      vertex 5.40601 1.63989 9.2064
    endloop
  endfacet
  facet normal 0.662482 0.237039 0.710585
    outer loop
      vertex 5.37715 2.22729 9.03736
      vertex 5.21924 2.16188 9.2064
      vertex 5.40601 1.63989 9.2064
    endloop
  endfacet
  facet normal 0.333404 0.0835073 0.939079
    outer loop
      vertex 4.72664 0.940187 9.67226
      vertex 4.25428 1.29052 9.80881
      vertex 4.36028 0.867314 9.80881
    endloop
  endfacet
  facet normal 0.236805 0.0351223 0.970922
    outer loop
      vertex 3.95193 0.786087 9.93371
      vertex 3.50552 0.69729 10.0458
      vertex 3.55698 0.350332 10.0458
    endloop
  endfacet
  facet normal 0.260033 0.122991 0.957735
    outer loop
      vertex 3.92076 2.09569 9.80881
      vertex 3.55357 1.89942 9.93371
      vertex 4.1073 1.7013 9.80881
    endloop
  endfacet
  facet normal 0.294802 0.176692 0.93908
    outer loop
      vertex 4.00706 2.67743 9.67226
      vertex 3.69647 2.4699 9.80881
      vertex 4.25019 2.27178 9.67226
    endloop
  endfacet
  facet normal -0.0168668 0.343287 0.939079
    outer loop
      vertex 0 4.44571 9.80881
      vertex -0.472368 4.79604 9.67226
      vertex -0.435755 4.4243 9.80881
    endloop
  endfacet
  facet normal -0.0504355 0.339981 0.939079
    outer loop
      vertex -0.472368 4.79604 9.67226
      vertex -0.940187 4.72664 9.67226
      vertex -0.435755 4.4243 9.80881
    endloop
  endfacet
  facet normal -0.0581677 0.232218 0.970923
    outer loop
      vertex -0.786087 3.95193 9.93371
      vertex -1.16966 3.85585 9.93371
      vertex -1.03753 3.42029 10.0458
    endloop
  endfacet
  facet normal 0.0096561 0.196465 0.980463
    outer loop
      vertex 0 3.57419 10.0458
      vertex 0 3.08462 10.1439
      vertex 0.302345 3.06976 10.1439
    endloop
  endfacet
  facet normal 0.0996229 0.397731 0.912077
    outer loop
      vertex 1.49391 4.92477 9.52538
      vertex 0.940187 4.72664 9.67226
      vertex 1.39895 4.61173 9.67226
    endloop
  endfacet
  facet normal 0.086135 0.580691 0.809554
    outer loop
      vertex 1.10212 5.54072 9.2064
      vertex 0.531638 5.39782 9.3696
      vertex 1.05816 5.31972 9.3696
    endloop
  endfacet
  facet normal 0.170974 0.68254 0.710568
    outer loop
      vertex 1.13546 5.70835 9.03736
      vertex 1.10212 5.54072 9.2064
      vertex 1.63989 5.40601 9.2064
    endloop
  endfacet
  facet normal 0.197767 0.552725 0.809557
    outer loop
      vertex 2.16188 5.21924 9.2064
      vertex 1.63989 5.40601 9.2064
      vertex 2.07565 5.01106 9.3696
    endloop
  endfacet
  facet normal 0.119038 0.475195 0.871791
    outer loop
      vertex 1.57448 5.19038 9.3696
      vertex 1.05816 5.31972 9.3696
      vertex 1.49391 4.92477 9.52538
    endloop
  endfacet
  facet normal 0.250991 0.530679 0.809557
    outer loop
      vertex 2.16188 5.21924 9.2064
      vertex 2.07565 5.01106 9.3696
      vertex 2.66304 4.98221 9.2064
    endloop
  endfacet
  facet normal 0.803204 0.595704 0
    outer loop
      vertex 4.98281 3.32941 8.68832
      vertex 4.63248 3.80177 8.6
      vertex 4.63248 3.80177 8.68832
    endloop
  endfacet
  facet normal 0.803204 0.595704 0
    outer loop
      vertex 4.63248 3.80177 8.6
      vertex 4.98281 3.32941 8.68832
      vertex 4.98281 3.32941 8.6
    endloop
  endfacet
  facet normal 0.824714 0.122333 0.552161
    outer loop
      vertex 5.82102 1.15787 8.86411
      vertex 5.70835 1.13546 9.03736
      vertex 5.90648 0.581737 8.86411
    endloop
  endfacet
  facet normal 0.939926 0.139423 0.311611
    outer loop
      vertex 5.96392 0.587394 8.68832
      vertex 5.82102 1.15787 8.86411
      vertex 5.90648 0.581737 8.86411
    endloop
  endfacet
  facet normal 0.250992 0.530671 0.809562
    outer loop
      vertex 2.66304 4.98221 9.2064
      vertex 2.07565 5.01106 9.3696
      vertex 2.55682 4.78348 9.3696
    endloop
  endfacet
  facet normal 0.209452 0.442841 0.871792
    outer loop
      vertex 2.55682 4.78348 9.3696
      vertex 2.07565 5.01106 9.3696
      vertex 2.42598 4.53869 9.52538
    endloop
  endfacet
  facet normal 0.294803 0.176696 0.939079
    outer loop
      vertex 4.25019 2.27178 9.67226
      vertex 3.69647 2.4699 9.80881
      vertex 3.92076 2.09569 9.80881
    endloop
  endfacet
  facet normal 0.329334 0.24425 0.912075
    outer loop
      vertex 4.27905 2.85917 9.52538
      vertex 3.72533 3.0573 9.67226
      vertex 4.00706 2.67743 9.67226
    endloop
  endfacet
  facet normal 0.521332 0.472525 0.710587
    outer loop
      vertex 4.11549 4.11549 9.03736
      vertex 3.99463 3.99463 9.2064
      vertex 4.49907 3.69229 9.03736
    endloop
  endfacet
  facet normal 0.472525 0.521332 0.710587
    outer loop
      vertex 4.11549 4.11549 9.03736
      vertex 3.69229 4.49907 9.03736
      vertex 3.99463 3.99463 9.2064
    endloop
  endfacet
  facet normal 0.530671 0.250992 0.809562
    outer loop
      vertex 4.98221 2.66304 9.2064
      vertex 4.78348 2.55682 9.3696
      vertex 5.01106 2.07565 9.3696
    endloop
  endfacet
  facet normal 0.530679 0.250991 0.809557
    outer loop
      vertex 5.21924 2.16188 9.2064
      vertex 4.98221 2.66304 9.2064
      vertex 5.01106 2.07565 9.3696
    endloop
  endfacet
  facet normal 0.61777 0.559935 0.552117
    outer loop
      vertex 4.58786 3.76516 8.86411
      vertex 4.11549 4.11549 9.03736
      vertex 4.49907 3.69229 9.03736
    endloop
  endfacet
  facet normal 0.669687 0.496675 0.552117
    outer loop
      vertex 4.58786 3.76516 8.86411
      vertex 4.49907 3.69229 9.03736
      vertex 4.93482 3.29734 8.86411
    endloop
  endfacet
  facet normal 0.595704 0.803204 -0
    outer loop
      vertex 3.80177 4.63248 8.6
      vertex 3.32941 4.98281 8.68832
      vertex 3.80177 4.63248 8.68832
    endloop
  endfacet
  facet normal 0.595704 0.803204 0
    outer loop
      vertex 3.32941 4.98281 8.68832
      vertex 3.80177 4.63248 8.6
      vertex 3.32941 4.98281 8.6
    endloop
  endfacet
  facet normal 0.356486 0.753712 0.55212
    outer loop
      vertex 2.79777 5.23425 8.86411
      vertex 2.27125 5.48328 8.86411
      vertex 2.74362 5.13295 9.03736
    endloop
  endfacet
  facet normal 0.496659 0.669681 0.552139
    outer loop
      vertex 3.29734 4.93482 8.86411
      vertex 3.23352 4.83931 9.03736
      vertex 3.69229 4.49907 9.03736
    endloop
  endfacet
  facet normal -0.0510636 0.0306065 0.998226
    outer loop
      vertex -0.732011 0.489114 10.3805
      vertex -1.21218 0.809955 10.3461
      vertex -0.776428 0.415009 10.3805
    endloop
  endfacet
  facet normal -0.194571 -0.0288576 0.980464
    outer loop
      vertex -3.06976 -0.302345 10.1439
      vertex -3.50552 -0.69729 10.0458
      vertex -3.02535 -0.601778 10.1439
    endloop
  endfacet
  facet normal -0.260033 0.122991 0.957735
    outer loop
      vertex -3.92076 2.09569 9.80881
      vertex -4.1073 1.7013 9.80881
      vertex -3.55357 1.89942 9.93371
    endloop
  endfacet
  facet normal -0.276066 0.204739 0.939079
    outer loop
      vertex -3.43658 2.82033 9.80881
      vertex -3.72533 3.0573 9.67226
      vertex -3.69647 2.4699 9.80881
    endloop
  endfacet
  facet normal -0.343287 0.0168668 0.939079
    outer loop
      vertex -4.4243 0.435755 9.80881
      vertex -4.79604 0.472368 9.67226
      vertex -4.44571 0 9.80881
    endloop
  endfacet
  facet normal -0.287306 0.0141127 0.957735
    outer loop
      vertex -4.00995 0.394945 9.93371
      vertex -4.4243 0.435755 9.80881
      vertex -4.02935 0 9.93371
    endloop
  endfacet
  facet normal -0.0594618 0.00292167 0.998226
    outer loop
      vertex -0.876143 0.0862923 10.3805
      vertex -1.45788 0 10.3461
      vertex -0.880383 0 10.3805
    endloop
  endfacet
  facet normal -0.0594618 -0.00292167 0.998226
    outer loop
      vertex -0.880383 0 10.3805
      vertex -1.45788 0 10.3461
      vertex -0.876143 -0.0862923 10.3805
    endloop
  endfacet
  facet normal -0.00873425 0.058889 0.998226
    outer loop
      vertex -0.142897 1.45086 10.3461
      vertex -0.284418 1.42987 10.3461
      vertex -0.171754 0.863466 10.3805
    endloop
  endfacet
  facet normal -0.102359 0.216408 0.970922
    outer loop
      vertex -1.54197 3.72264 9.93371
      vertex -1.89942 3.55357 9.93371
      vertex -1.36779 3.30213 10.0458
    endloop
  endfacet
  facet normal -0.0478181 0.0354637 0.998226
    outer loop
      vertex -0.680545 0.558509 10.3805
      vertex -1.21218 0.809955 10.3461
      vertex -0.732011 0.489114 10.3805
    endloop
  endfacet
  facet normal -0.143348 0.0678001 0.987347
    outer loop
      vertex -2.26242 1.20929 10.2272
      vertex -2.72039 1.45408 10.1439
      vertex -2.37006 0.981709 10.2272
    endloop
  endfacet
  facet normal 0.0560537 -0.0200563 0.998226
    outer loop
      vertex 0.842473 -0.255561 10.3805
      vertex 0.813367 -0.336907 10.3805
      vertex 1.3951 -0.4232 10.3461
    endloop
  endfacet
  facet normal -0.0278191 0.00995332 0.999563
    outer loop
      vertex -0.271996 0.112664 10.3978
      vertex -0.842473 0.255561 10.3805
      vertex -0.281729 0.0854607 10.3978
    endloop
  endfacet
  facet normal 0.0133183 -0.0897964 0.995871
    outer loop
      vertex 0.284418 -1.42987 10.3461
      vertex 0.142897 -1.45086 10.3461
      vertex 0.394343 -1.9825 10.2948
    endloop
  endfacet
  facet normal 0.060965 -0.0672619 0.995871
    outer loop
      vertex 1.4293 -1.4293 10.2948
      vertex 1.03088 -1.03088 10.3461
      vertex 1.28232 -1.56252 10.2948
    endloop
  endfacet
  facet normal 0.105901 -0.0634728 0.992349
    outer loop
      vertex 1.78266 -0.952852 10.2948
      vertex 1.68068 -1.123 10.2948
      vertex 2.13299 -1.42522 10.2272
    endloop
  endfacet
  facet normal -0.0292263 0.00433506 0.999563
    outer loop
      vertex -0.288749 0.057435 10.3978
      vertex -0.876143 0.0862923 10.3805
      vertex -0.292988 0.0288563 10.3978
    endloop
  endfacet
  facet normal 0.0305832 -0.0854709 0.995871
    outer loop
      vertex 0.773533 -1.86747 10.2948
      vertex 0.4232 -1.3951 10.3461
      vertex 0.586763 -1.9343 10.2948
    endloop
  endfacet
  facet normal 0.0292263 0.00433529 0.999563
    outer loop
      vertex 0.863466 0.171754 10.3805
      vertex 0.288749 0.057435 10.3978
      vertex 0.876143 0.0862923 10.3805
    endloop
  endfacet
  facet normal 0.0594617 0.00292113 0.998226
    outer loop
      vertex 1.45086 0.142897 10.3461
      vertex 0.876143 0.0862923 10.3805
      vertex 1.45788 0 10.3461
    endloop
  endfacet
  facet normal -0.0914787 -0.0829159 0.992349
    outer loop
      vertex -1.56252 -1.28232 10.2948
      vertex -1.98303 -1.62743 10.2272
      vertex -1.81396 -1.81396 10.2272
    endloop
  endfacet
  facet normal -0.0288583 -0.194571 0.980464
    outer loop
      vertex -0.302345 -3.06976 10.1439
      vertex -0.69729 -3.50552 10.0458
      vertex -0.350332 -3.55698 10.0458
    endloop
  endfacet
  facet normal -0.0441115 -0.0399796 0.998226
    outer loop
      vertex -0.680545 -0.558509 10.3805
      vertex -1.12696 -0.92487 10.3461
      vertex -1.03088 -1.03088 10.3461
    endloop
  endfacet
  facet normal -0.127372 -0.0944594 0.987347
    outer loop
      vertex -2.13299 -1.42522 10.2272
      vertex -2.38444 -1.95686 10.1439
      vertex -1.98303 -1.62743 10.2272
    endloop
  endfacet
  facet normal 0.0232683 -0.156859 0.987347
    outer loop
      vertex 0.500471 -2.51604 10.2272
      vertex 0.251446 -2.55298 10.2272
      vertex 0.302345 -3.06976 10.1439
    endloop
  endfacet
  facet normal 0.0060568 -0.123316 0.992349
    outer loop
      vertex 0.198126 -2.01161 10.2948
      vertex 0 -2.56533 10.2272
      vertex 0.251446 -2.55298 10.2272
    endloop
  endfacet
  facet normal -0.0538172 -0.0254535 0.998226
    outer loop
      vertex -0.776428 -0.415009 10.3805
      vertex -1.34691 -0.557906 10.3461
      vertex -1.28574 -0.68724 10.3461
    endloop
  endfacet
  facet normal -0.11161 -0.0527865 0.992349
    outer loop
      vertex -1.86747 -0.773533 10.2948
      vertex -2.37006 -0.981709 10.2272
      vertex -1.78266 -0.952852 10.2948
    endloop
  endfacet
  facet normal 0.0527865 -0.11161 0.992349
    outer loop
      vertex 0.952852 -1.78266 10.2948
      vertex 0.773533 -1.86747 10.2948
      vertex 0.981709 -2.37006 10.2272
    endloop
  endfacet
  facet normal 0.088058 -0.022058 0.995871
    outer loop
      vertex 1.9825 -0.394343 10.2948
      vertex 1.42987 -0.284418 10.3461
      vertex 1.9343 -0.586763 10.2948
    endloop
  endfacet
  facet normal 0.0991686 -0.0735486 0.992349
    outer loop
      vertex 1.68068 -1.123 10.2948
      vertex 1.56252 -1.28232 10.2948
      vertex 2.13299 -1.42522 10.2272
    endloop
  endfacet
  facet normal 0.117494 -0.106493 0.987347
    outer loop
      vertex 2.38444 -1.95686 10.1439
      vertex 1.81396 -1.81396 10.2272
      vertex 2.18115 -2.18115 10.1439
    endloop
  endfacet
  facet normal -0.239104 -0.011745 0.970923
    outer loop
      vertex -3.55698 -0.350332 10.0458
      vertex -4.02935 0 9.93371
      vertex -4.00995 -0.394945 9.93371
    endloop
  endfacet
  facet normal -0.196462 0.00965118 0.980464
    outer loop
      vertex -3.55698 0.350332 10.0458
      vertex -3.57419 0 10.0458
      vertex -3.06976 0.302345 10.1439
    endloop
  endfacet
  facet normal -0.088058 -0.022058 0.995871
    outer loop
      vertex -1.42987 -0.284418 10.3461
      vertex -1.9825 -0.394343 10.2948
      vertex -1.9343 -0.586763 10.2948
    endloop
  endfacet
  facet normal -0.15382 -0.0385339 0.987347
    outer loop
      vertex -2.51604 -0.500471 10.2272
      vertex -3.02535 -0.601778 10.1439
      vertex -2.95179 -0.895416 10.1439
    endloop
  endfacet
  facet normal -0.123316 -0.0060568 0.992349
    outer loop
      vertex -2.01161 -0.198126 10.2948
      vertex -2.56533 0 10.2272
      vertex -2.55298 -0.251446 10.2272
    endloop
  endfacet
  facet normal -0.158385 -0.00777921 0.987347
    outer loop
      vertex -2.56533 0 10.2272
      vertex -3.06976 -0.302345 10.1439
      vertex -2.55298 -0.251446 10.2272
    endloop
  endfacet
  facet normal 0.147882 -0.246729 0.957735
    outer loop
      vertex 2.4699 -3.69647 9.80881
      vertex 1.89942 -3.55357 9.93371
      vertex 2.09569 -3.92076 9.80881
    endloop
  endfacet
  facet normal 0.123075 -0.205339 0.970921
    outer loop
      vertex 1.98572 -2.97184 10.0458
      vertex 1.89942 -3.55357 9.93371
      vertex 2.23859 -3.35028 9.93371
    endloop
  endfacet
  facet normal 0.0351258 -0.236801 0.970923
    outer loop
      vertex 0.786087 -3.95193 9.93371
      vertex 0.350332 -3.55698 10.0458
      vertex 0.394945 -4.00995 9.93371
    endloop
  endfacet
  facet normal 0.0718739 -0.48457 0.871795
    outer loop
      vertex 1.00401 -5.04749 9.52538
      vertex 0.504432 -5.12159 9.52538
      vertex 0.531638 -5.39782 9.3696
    endloop
  endfacet
  facet normal 0.146953 -0.310708 0.939077
    outer loop
      vertex 2.27178 -4.25019 9.67226
      vertex 1.7013 -4.1073 9.80881
      vertex 1.84424 -4.4524 9.67226
    endloop
  endfacet
  facet normal 0.122991 -0.260033 0.957735
    outer loop
      vertex 1.89942 -3.55357 9.93371
      vertex 1.7013 -4.1073 9.80881
      vertex 2.09569 -3.92076 9.80881
    endloop
  endfacet
  facet normal 0.176692 -0.294802 0.93908
    outer loop
      vertex 2.4699 -3.69647 9.80881
      vertex 2.27178 -4.25019 9.67226
      vertex 2.67743 -4.00706 9.67226
    endloop
  endfacet
  facet normal 0.210788 -0.351689 0.912076
    outer loop
      vertex 2.67743 -4.00706 9.67226
      vertex 2.27178 -4.25019 9.67226
      vertex 2.42598 -4.53869 9.52538
    endloop
  endfacet
  facet normal 0.122993 -0.260034 0.957734
    outer loop
      vertex 1.89942 -3.55357 9.93371
      vertex 1.54197 -3.72264 9.93371
      vertex 1.7013 -4.1073 9.80881
    endloop
  endfacet
  facet normal 0.115793 -0.323615 0.939077
    outer loop
      vertex 1.7013 -4.1073 9.80881
      vertex 1.39895 -4.61173 9.67226
      vertex 1.84424 -4.4524 9.67226
    endloop
  endfacet
  facet normal 0.101125 -0.168708 0.980465
    outer loop
      vertex 1.71372 -2.56476 10.1439
      vertex 1.45408 -2.72039 10.1439
      vertex 1.98572 -2.97184 10.0458
    endloop
  endfacet
  facet normal 0.142611 -0.192284 0.970922
    outer loop
      vertex 2.26745 -2.76289 10.0458
      vertex 1.98572 -2.97184 10.0458
      vertex 2.55619 -3.11473 9.93371
    endloop
  endfacet
  facet normal 0.0168607 -0.343295 0.939076
    outer loop
      vertex 0 -4.44571 9.80881
      vertex 0 -4.81924 9.67226
      vertex 0.472368 -4.79604 9.67226
    endloop
  endfacet
  facet normal -0.042207 -0.284539 0.957735
    outer loop
      vertex -0.394945 -4.00995 9.93371
      vertex -0.786087 -3.95193 9.93371
      vertex -0.435755 -4.4243 9.80881
    endloop
  endfacet
  facet normal 0.0534215 -0.149306 0.987347
    outer loop
      vertex 0.981709 -2.37006 10.2272
      vertex 0.744676 -2.45487 10.2272
      vertex 0.895416 -2.95179 10.1439
    endloop
  endfacet
  facet normal 0.117169 -0.157988 0.980465
    outer loop
      vertex 1.95686 -2.38444 10.1439
      vertex 1.71372 -2.56476 10.1439
      vertex 1.98572 -2.97184 10.0458
    endloop
  endfacet
  facet normal 0.0718778 -0.484574 0.871792
    outer loop
      vertex 1.00401 -5.04749 9.52538
      vertex 0.531638 -5.39782 9.3696
      vertex 1.05816 -5.31972 9.3696
    endloop
  endfacet
  facet normal 0.119036 -0.475194 0.871792
    outer loop
      vertex 1.49391 -4.92477 9.52538
      vertex 1.00401 -5.04749 9.52538
      vertex 1.05816 -5.31972 9.3696
    endloop
  endfacet
  facet normal -0.832742 0.0409115 0.552148
    outer loop
      vertex -5.90648 0.581737 8.86411
      vertex -5.93506 0 8.86411
      vertex -5.79216 0.570477 9.03736
    endloop
  endfacet
  facet normal -0.832748 0.0409165 0.552137
    outer loop
      vertex -5.79216 0.570477 9.03736
      vertex -5.93506 0 8.86411
      vertex -5.82019 0 9.03736
    endloop
  endfacet
  facet normal -0.695993 0.103232 0.710589
    outer loop
      vertex -5.54072 1.10212 9.2064
      vertex -5.79216 0.570477 9.03736
      vertex -5.62206 0.553724 9.2064
    endloop
  endfacet
  facet normal -0.5807 0.0861314 0.809549
    outer loop
      vertex -5.54072 1.10212 9.2064
      vertex -5.62206 0.553724 9.2064
      vertex -5.39782 0.531638 9.3696
    endloop
  endfacet
  facet normal -0.715144 0.42864 0.552121
    outer loop
      vertex -4.93482 3.29734 8.86411
      vertex -5.23425 2.79777 8.86411
      vertex -5.13295 2.74362 9.03736
    endloop
  endfacet
  facet normal -0.998796 -0.0490561 0
    outer loop
      vertex -5.96392 -0.587394 8.6
      vertex -5.99277 0 8.68832
      vertex -5.99277 0 8.6
    endloop
  endfacet
  facet normal -0.998796 -0.0490561 0
    outer loop
      vertex -5.99277 0 8.68832
      vertex -5.96392 -0.587394 8.6
      vertex -5.96392 -0.587394 8.68832
    endloop
  endfacet
  facet normal -0.394242 -0.434972 0.809551
    outer loop
      vertex -3.8353 -3.8353 9.3696
      vertex -3.99463 -3.99463 9.2064
      vertex -3.44091 -4.19276 9.3696
    endloop
  endfacet
  facet normal -0.419129 -0.565129 0.710606
    outer loop
      vertex -3.58385 -4.36694 9.2064
      vertex -3.69229 -4.49907 9.03736
      vertex -3.13856 -4.69719 9.2064
    endloop
  endfacet
  facet normal -0.328979 -0.362967 0.871796
    outer loop
      vertex -3.63903 -3.63903 9.52538
      vertex -3.8353 -3.8353 9.3696
      vertex -3.44091 -4.19276 9.3696
    endloop
  endfacet
  facet normal -0.0351223 -0.236805 0.970922
    outer loop
      vertex -0.69729 -3.50552 10.0458
      vertex -0.786087 -3.95193 9.93371
      vertex -0.350332 -3.55698 10.0458
    endloop
  endfacet
  facet normal -0.559902 -0.617762 0.552159
    outer loop
      vertex -4.11549 -4.11549 9.03736
      vertex -4.19672 -4.19672 8.86411
      vertex -3.76516 -4.58786 8.86411
    endloop
  endfacet
  facet normal -0.279031 -0.0698887 0.957735
    outer loop
      vertex -3.85585 -1.16966 9.93371
      vertex -4.36028 -0.867314 9.80881
      vertex -4.25428 -1.29052 9.80881
    endloop
  endfacet
  facet normal -0.270837 -0.0969035 0.957735
    outer loop
      vertex -3.85585 -1.16966 9.93371
      vertex -4.25428 -1.29052 9.80881
      vertex -3.72264 -1.54197 9.93371
    endloop
  endfacet
  facet normal -0.216409 -0.102359 0.970922
    outer loop
      vertex -3.30213 -1.36779 10.0458
      vertex -3.55357 -1.89942 9.93371
      vertex -3.15216 -1.68486 10.0458
    endloop
  endfacet
  facet normal -0.205338 -0.123069 0.970922
    outer loop
      vertex -3.15216 -1.68486 10.0458
      vertex -3.55357 -1.89942 9.93371
      vertex -2.97184 -1.98572 10.0458
    endloop
  endfacet
  facet normal -0.171355 -0.231044 0.957735
    outer loop
      vertex -2.23859 -3.35028 9.93371
      vertex -2.55619 -3.11473 9.93371
      vertex -2.4699 -3.69647 9.80881
    endloop
  endfacet
  facet normal -0.25184 -0.420176 0.871797
    outer loop
      vertex -2.85917 -4.27905 9.52538
      vertex -3.01338 -4.50984 9.3696
      vertex -2.42598 -4.53869 9.52538
    endloop
  endfacet
  facet normal -0.117494 -0.106493 0.987347
    outer loop
      vertex -1.81396 -1.81396 10.2272
      vertex -2.38444 -1.95686 10.1439
      vertex -2.18115 -2.18115 10.1439
    endloop
  endfacet
  facet normal -0.101125 -0.168708 0.980465
    outer loop
      vertex -1.71372 -2.56476 10.1439
      vertex -1.98572 -2.97184 10.0458
      vertex -1.45408 -2.72039 10.1439
    endloop
  endfacet
  facet normal -0.213133 -0.193172 0.957736
    outer loop
      vertex -3.11473 -2.55619 9.93371
      vertex -3.43658 -2.82033 9.80881
      vertex -2.84918 -2.84918 9.93371
    endloop
  endfacet
  facet normal -0.171349 -0.231043 0.957736
    outer loop
      vertex -2.55619 -3.11473 9.93371
      vertex -2.82033 -3.43658 9.80881
      vertex -2.4699 -3.69647 9.80881
    endloop
  endfacet
  facet normal -0.157988 -0.117169 0.980465
    outer loop
      vertex -2.56476 -1.71372 10.1439
      vertex -2.97184 -1.98572 10.0458
      vertex -2.38444 -1.95686 10.1439
    endloop
  endfacet
  facet normal -0.105901 -0.0634728 0.992349
    outer loop
      vertex -1.78266 -0.952852 10.2948
      vertex -2.13299 -1.42522 10.2272
      vertex -1.68068 -1.123 10.2948
    endloop
  endfacet
  facet normal -0.0168607 -0.343295 0.939076
    outer loop
      vertex 0 -4.44571 9.80881
      vertex -0.472368 -4.79604 9.67226
      vertex 0 -4.81924 9.67226
    endloop
  endfacet
  facet normal -0.0201133 -0.40952 0.912079
    outer loop
      vertex 0 -4.81924 9.67226
      vertex -0.472368 -4.79604 9.67226
      vertex 0 -5.14637 9.52538
    endloop
  endfacet
  facet normal 0.067797 -0.143352 0.987347
    outer loop
      vertex 1.45408 -2.72039 10.1439
      vertex 0.981709 -2.37006 10.2272
      vertex 1.18043 -2.84981 10.1439
    endloop
  endfacet
  facet normal 0.0534229 -0.149306 0.987347
    outer loop
      vertex 0.981709 -2.37006 10.2272
      vertex 0.895416 -2.95179 10.1439
      vertex 1.18043 -2.84981 10.1439
    endloop
  endfacet
  facet normal 0.0861314 -0.5807 0.809549
    outer loop
      vertex 1.10212 -5.54072 9.2064
      vertex 0.531638 -5.39782 9.3696
      vertex 0.553724 -5.62206 9.2064
    endloop
  endfacet
  facet normal 0.0288025 -0.586346 0.809549
    outer loop
      vertex 0.531638 -5.39782 9.3696
      vertex 0 -5.64926 9.2064
      vertex 0.553724 -5.62206 9.2064
    endloop
  endfacet
  facet normal -0.427559 -0.903987 0
    outer loop
      vertex -2.82497 -5.28515 8.6
      vertex -2.29333 -5.5366 8.68832
      vertex -2.82497 -5.28515 8.68832
    endloop
  endfacet
  facet normal -0.427559 -0.903987 -0
    outer loop
      vertex -2.29333 -5.5366 8.68832
      vertex -2.82497 -5.28515 8.6
      vertex -2.29333 -5.5366 8.6
    endloop
  endfacet
  facet normal -0.0409115 -0.832742 0.552148
    outer loop
      vertex -0.570477 -5.79216 9.03736
      vertex -0.581737 -5.90648 8.86411
      vertex 0 -5.93506 8.86411
    endloop
  endfacet
  facet normal -0.202578 -0.808752 0.552162
    outer loop
      vertex -1.68951 -5.56957 9.03736
      vertex -1.72286 -5.6795 8.86411
      vertex -1.13546 -5.70835 9.03736
    endloop
  endfacet
  facet normal -0.034521 -0.70276 0.710589
    outer loop
      vertex -0.553724 -5.62206 9.2064
      vertex -0.570477 -5.79216 9.03736
      vertex 0 -5.64926 9.2064
    endloop
  endfacet
  facet normal -0.202578 -0.808752 0.552161
    outer loop
      vertex -1.13546 -5.70835 9.03736
      vertex -1.72286 -5.6795 8.86411
      vertex -1.15787 -5.82102 8.86411
    endloop
  endfacet
  facet normal -0.103232 -0.695993 0.710589
    outer loop
      vertex -0.553724 -5.62206 9.2064
      vertex -1.10212 -5.54072 9.2064
      vertex -0.570477 -5.79216 9.03736
    endloop
  endfacet
  facet normal -0.139423 -0.939926 0.311611
    outer loop
      vertex -0.581737 -5.90648 8.86411
      vertex -1.15787 -5.82102 8.86411
      vertex -0.587394 -5.96392 8.68832
    endloop
  endfacet
  facet normal 0.0345289 -0.702746 0.710603
    outer loop
      vertex 0 -5.64926 9.2064
      vertex 0 -5.82019 9.03736
      vertex 0.570477 -5.79216 9.03736
    endloop
  endfacet
  facet normal -0.300828 -0.636049 0.710594
    outer loop
      vertex -2.66304 -4.98221 9.2064
      vertex -2.74362 -5.13295 9.03736
      vertex -2.16188 -5.21924 9.2064
    endloop
  endfacet
  facet normal -0.237039 -0.662482 0.710585
    outer loop
      vertex -2.16188 -5.21924 9.2064
      vertex -2.22729 -5.37715 9.03736
      vertex -1.63989 -5.40601 9.2064
    endloop
  endfacet
  facet normal -0.361728 -0.603496 0.710595
    outer loop
      vertex -2.66304 -4.98221 9.2064
      vertex -3.23352 -4.83931 9.03736
      vertex -2.74362 -5.13295 9.03736
    endloop
  endfacet
  facet normal -0.566039 -0.763213 0.311619
    outer loop
      vertex -3.29734 -4.93482 8.86411
      vertex -3.76516 -4.58786 8.86411
      vertex -3.32941 -4.98281 8.68832
    endloop
  endfacet
  facet normal -0.230874 -0.92175 0.311569
    outer loop
      vertex -1.15787 -5.82102 8.86411
      vertex -1.73961 -5.73473 8.68832
      vertex -1.16913 -5.87762 8.68832
    endloop
  endfacet
  facet normal 0.146743 -0.989175 0
    outer loop
      vertex 0.587394 -5.96392 8.6
      vertex 1.16913 -5.87762 8.68832
      vertex 0.587394 -5.96392 8.68832
    endloop
  endfacet
  facet normal 0.146743 -0.989175 0
    outer loop
      vertex 1.16913 -5.87762 8.68832
      vertex 0.587394 -5.96392 8.6
      vertex 1.16913 -5.87762 8.6
    endloop
  endfacet
  facet normal -0.617762 -0.559902 0.552159
    outer loop
      vertex -4.11549 -4.11549 9.03736
      vertex -4.58786 -3.76516 8.86411
      vertex -4.19672 -4.19672 8.86411
    endloop
  endfacet
  facet normal -0.488493 -0.815027 0.311617
    outer loop
      vertex -3.29734 -4.93482 8.86411
      vertex -3.32941 -4.98281 8.68832
      vertex -2.82497 -5.28515 8.68832
    endloop
  endfacet
  facet normal -0.48851 -0.815031 0.31158
    outer loop
      vertex -2.79777 -5.23425 8.86411
      vertex -3.29734 -4.93482 8.86411
      vertex -2.82497 -5.28515 8.68832
    endloop
  endfacet
  facet normal -0.815031 -0.48851 0.31158
    outer loop
      vertex -5.23425 -2.79777 8.86411
      vertex -5.28515 -2.82497 8.68832
      vertex -4.93482 -3.29734 8.86411
    endloop
  endfacet
  facet normal -0.715144 -0.42864 0.552121
    outer loop
      vertex -5.13295 -2.74362 9.03736
      vertex -5.23425 -2.79777 8.86411
      vertex -4.93482 -3.29734 8.86411
    endloop
  endfacet
  facet normal -0.603498 -0.361728 0.710594
    outer loop
      vertex -4.69719 -3.13856 9.2064
      vertex -4.98221 -2.66304 9.2064
      vertex -4.83931 -3.23352 9.03736
    endloop
  endfacet
  facet normal -0.603496 -0.361728 0.710595
    outer loop
      vertex -4.98221 -2.66304 9.2064
      vertex -5.13295 -2.74362 9.03736
      vertex -4.83931 -3.23352 9.03736
    endloop
  endfacet
  facet normal -0.565129 -0.419129 0.710606
    outer loop
      vertex -4.36694 -3.58385 9.2064
      vertex -4.69719 -3.13856 9.2064
      vertex -4.49907 -3.69229 9.03736
    endloop
  endfacet
  facet normal -0.394243 -0.43498 0.809546
    outer loop
      vertex -3.44091 -4.19276 9.3696
      vertex -3.99463 -3.99463 9.2064
      vertex -3.58385 -4.36694 9.2064
    endloop
  endfacet
  facet normal -0.857736 -0.514091 0
    outer loop
      vertex -4.98281 -3.32941 8.6
      vertex -5.28515 -2.82497 8.68832
      vertex -5.28515 -2.82497 8.6
    endloop
  endfacet
  facet normal -0.857736 -0.514091 0
    outer loop
      vertex -5.28515 -2.82497 8.68832
      vertex -4.98281 -3.32941 8.6
      vertex -4.98281 -3.32941 8.68832
    endloop
  endfacet
  facet normal -0.323614 -0.115791 0.939077
    outer loop
      vertex -4.25428 -1.29052 9.80881
      vertex -4.61173 -1.39895 9.67226
      vertex -4.1073 -1.7013 9.80881
    endloop
  endfacet
  facet normal -0.333406 -0.0835108 0.939077
    outer loop
      vertex -4.25428 -1.29052 9.80881
      vertex -4.72664 -0.940187 9.67226
      vertex -4.61173 -1.39895 9.67226
    endloop
  endfacet
  facet normal -0.420176 -0.25184 0.871797
    outer loop
      vertex -4.27905 -2.85917 9.52538
      vertex -4.53869 -2.42598 9.52538
      vertex -4.50984 -3.01338 9.3696
    endloop
  endfacet
  facet normal -0.351689 -0.210788 0.912076
    outer loop
      vertex -4.25019 -2.27178 9.67226
      vertex -4.53869 -2.42598 9.52538
      vertex -4.00706 -2.67743 9.67226
    endloop
  endfacet
  facet normal -0.362967 -0.32898 0.871795
    outer loop
      vertex -3.9782 -3.26482 9.52538
      vertex -4.19276 -3.44091 9.3696
      vertex -3.63903 -3.63903 9.52538
    endloop
  endfacet
  facet normal -0.303805 -0.275358 0.912075
    outer loop
      vertex -3.72533 -3.0573 9.67226
      vertex -3.9782 -3.26482 9.52538
      vertex -3.63903 -3.63903 9.52538
    endloop
  endfacet
  facet normal -0.832742 -0.0409115 0.552148
    outer loop
      vertex -5.79216 -0.570477 9.03736
      vertex -5.93506 0 8.86411
      vertex -5.90648 -0.581737 8.86411
    endloop
  endfacet
  facet normal -0.949065 -0.0466264 0.311611
    outer loop
      vertex -5.93506 0 8.86411
      vertex -5.96392 -0.587394 8.68832
      vertex -5.90648 -0.581737 8.86411
    endloop
  endfacet
  facet normal -0.70276 -0.034521 0.710589
    outer loop
      vertex -5.64926 0 9.2064
      vertex -5.79216 -0.570477 9.03736
      vertex -5.62206 -0.553724 9.2064
    endloop
  endfacet
  facet normal -0.586346 -0.0288025 0.809549
    outer loop
      vertex -5.39782 -0.531638 9.3696
      vertex -5.64926 0 9.2064
      vertex -5.62206 -0.553724 9.2064
    endloop
  endfacet
  facet normal -0.662482 -0.237039 0.710585
    outer loop
      vertex -5.21924 -2.16188 9.2064
      vertex -5.40601 -1.63989 9.2064
      vertex -5.37715 -2.22729 9.03736
    endloop
  endfacet
  facet normal -0.63606 -0.300827 0.710585
    outer loop
      vertex -5.21924 -2.16188 9.2064
      vertex -5.37715 -2.22729 9.03736
      vertex -5.13295 -2.74362 9.03736
    endloop
  endfacet
  facet normal -0.409525 -0.0201177 0.912077
    outer loop
      vertex -4.79604 -0.472368 9.67226
      vertex -5.14637 0 9.52538
      vertex -5.12159 -0.504432 9.52538
    endloop
  endfacet
  facet normal -0.489282 -0.0240357 0.871795
    outer loop
      vertex -5.14637 0 9.52538
      vertex -5.39782 -0.531638 9.3696
      vertex -5.12159 -0.504432 9.52538
    endloop
  endfacet
  facet normal 0.23088 -0.92174 0.311593
    outer loop
      vertex 1.72286 -5.6795 8.86411
      vertex 1.15787 -5.82102 8.86411
      vertex 1.73961 -5.73473 8.68832
    endloop
  endfacet
  facet normal 0.237039 -0.662482 0.710585
    outer loop
      vertex 2.16188 -5.21924 9.2064
      vertex 1.63989 -5.40601 9.2064
      vertex 2.22729 -5.37715 9.03736
    endloop
  endfacet
  facet normal 0.763213 -0.566039 0.311619
    outer loop
      vertex 4.93482 -3.29734 8.86411
      vertex 4.58786 -3.76516 8.86411
      vertex 4.98281 -3.32941 8.68832
    endloop
  endfacet
  facet normal 0.565143 -0.41913 0.710594
    outer loop
      vertex 4.69719 -3.13856 9.2064
      vertex 4.49907 -3.69229 9.03736
      vertex 4.83931 -3.23352 9.03736
    endloop
  endfacet
  facet normal 0.521332 -0.472525 0.710587
    outer loop
      vertex 4.49907 -3.69229 9.03736
      vertex 3.99463 -3.99463 9.2064
      vertex 4.11549 -4.11549 9.03736
    endloop
  endfacet
  facet normal 0.25184 -0.420176 0.871797
    outer loop
      vertex 2.85917 -4.27905 9.52538
      vertex 2.42598 -4.53869 9.52538
      vertex 3.01338 -4.50984 9.3696
    endloop
  endfacet
  facet normal 0.617762 -0.559902 0.552159
    outer loop
      vertex 4.58786 -3.76516 8.86411
      vertex 4.11549 -4.11549 9.03736
      vertex 4.19672 -4.19672 8.86411
    endloop
  endfacet
  facet normal 0.704063 -0.638121 0.311604
    outer loop
      vertex 4.58786 -3.76516 8.86411
      vertex 4.19672 -4.19672 8.86411
      vertex 4.63248 -3.80177 8.68832
    endloop
  endfacet
  facet normal 0.559935 -0.61777 0.552117
    outer loop
      vertex 4.11549 -4.11549 9.03736
      vertex 3.69229 -4.49907 9.03736
      vertex 3.76516 -4.58786 8.86411
    endloop
  endfacet
  facet normal 0.356464 -0.753699 0.552151
    outer loop
      vertex 2.74362 -5.13295 9.03736
      vertex 2.22729 -5.37715 9.03736
      vertex 2.27125 -5.48328 8.86411
    endloop
  endfacet
  facet normal 0.803204 -0.595704 0
    outer loop
      vertex 4.63248 -3.80177 8.68832
      vertex 4.98281 -3.32941 8.6
      vertex 4.98281 -3.32941 8.68832
    endloop
  endfacet
  facet normal 0.803204 -0.595704 0
    outer loop
      vertex 4.98281 -3.32941 8.6
      vertex 4.63248 -3.80177 8.68832
      vertex 4.63248 -3.80177 8.6
    endloop
  endfacet
  facet normal 0.941541 -0.336899 0
    outer loop
      vertex 5.5366 -2.29333 8.68832
      vertex 5.73473 -1.73961 8.6
      vertex 5.73473 -1.73961 8.68832
    endloop
  endfacet
  facet normal 0.941541 -0.336899 0
    outer loop
      vertex 5.73473 -1.73961 8.6
      vertex 5.5366 -2.29333 8.68832
      vertex 5.5366 -2.29333 8.6
    endloop
  endfacet
  facet normal -0.115793 0.323615 0.939077
    outer loop
      vertex -1.39895 4.61173 9.67226
      vertex -1.84424 4.4524 9.67226
      vertex -1.7013 4.1073 9.80881
    endloop
  endfacet
  facet normal -0.197766 0.552724 0.809558
    outer loop
      vertex -1.63989 5.40601 9.2064
      vertex -2.07565 5.01106 9.3696
      vertex -1.57448 5.19038 9.3696
    endloop
  endfacet
  facet normal -0.496659 0.669681 0.552139
    outer loop
      vertex -3.29734 4.93482 8.86411
      vertex -3.69229 4.49907 9.03736
      vertex -3.23352 4.83931 9.03736
    endloop
  endfacet
  facet normal -0.42864 0.71513 0.552138
    outer loop
      vertex -2.74362 5.13295 9.03736
      vertex -3.29734 4.93482 8.86411
      vertex -3.23352 4.83931 9.03736
    endloop
  endfacet
  facet normal -0.488493 0.815027 0.311617
    outer loop
      vertex -2.82497 5.28515 8.68832
      vertex -3.32941 4.98281 8.68832
      vertex -3.29734 4.93482 8.86411
    endloop
  endfacet
  facet normal -0.595704 0.803204 0
    outer loop
      vertex -3.32941 4.98281 8.6
      vertex -3.80177 4.63248 8.68832
      vertex -3.32941 4.98281 8.68832
    endloop
  endfacet
  facet normal -0.595704 0.803204 0
    outer loop
      vertex -3.80177 4.63248 8.68832
      vertex -3.32941 4.98281 8.6
      vertex -3.80177 4.63248 8.6
    endloop
  endfacet
  facet normal 0.139439 0.939937 0.311568
    outer loop
      vertex 1.16913 5.87762 8.68832
      vertex 0.587394 5.96392 8.68832
      vertex 1.15787 5.82102 8.86411
    endloop
  endfacet
  facet normal -0.0490561 0.998796 0
    outer loop
      vertex 0 5.99277 8.6
      vertex -0.587394 5.96392 8.68832
      vertex 0 5.99277 8.68832
    endloop
  endfacet
  facet normal -0.0490561 0.998796 0
    outer loop
      vertex -0.587394 5.96392 8.68832
      vertex 0 5.99277 8.6
      vertex -0.587394 5.96392 8.6
    endloop
  endfacet
  facet normal -0.23088 0.92174 0.311593
    outer loop
      vertex -1.15787 5.82102 8.86411
      vertex -1.73961 5.73473 8.68832
      vertex -1.72286 5.6795 8.86411
    endloop
  endfacet
  facet normal -0.139439 0.939937 0.311568
    outer loop
      vertex -0.587394 5.96392 8.68832
      vertex -1.16913 5.87762 8.68832
      vertex -1.15787 5.82102 8.86411
    endloop
  endfacet
  facet normal -0.280884 0.785005 0.552151
    outer loop
      vertex -1.72286 5.6795 8.86411
      vertex -2.27125 5.48328 8.86411
      vertex -2.22729 5.37715 9.03736
    endloop
  endfacet
  facet normal -0.237039 0.662481 0.710585
    outer loop
      vertex -1.68951 5.56957 9.03736
      vertex -2.22729 5.37715 9.03736
      vertex -1.63989 5.40601 9.2064
    endloop
  endfacet
  facet normal 0.0345289 0.702746 0.710603
    outer loop
      vertex 0 5.82019 9.03736
      vertex 0 5.64926 9.2064
      vertex 0.570477 5.79216 9.03736
    endloop
  endfacet
  facet normal -0.0466142 0.949078 0.311572
    outer loop
      vertex 0 5.99277 8.68832
      vertex -0.587394 5.96392 8.68832
      vertex 0 5.93506 8.86411
    endloop
  endfacet
  facet normal -0.704063 0.638121 0.311604
    outer loop
      vertex -4.19672 4.19672 8.86411
      vertex -4.63248 3.80177 8.68832
      vertex -4.58786 3.76516 8.86411
    endloop
  endfacet
  facet normal -0.420185 0.251839 0.871792
    outer loop
      vertex -4.50984 3.01338 9.3696
      vertex -4.78348 2.55682 9.3696
      vertex -4.53869 2.42598 9.52538
    endloop
  endfacet
  facet normal -0.361728 0.603498 0.710594
    outer loop
      vertex -2.66304 4.98221 9.2064
      vertex -3.23352 4.83931 9.03736
      vertex -3.13856 4.69719 9.2064
    endloop
  endfacet
  facet normal -0.41913 0.565143 0.710594
    outer loop
      vertex -3.23352 4.83931 9.03736
      vertex -3.69229 4.49907 9.03736
      vertex -3.13856 4.69719 9.2064
    endloop
  endfacet
  facet normal -0.43498 0.394243 0.809546
    outer loop
      vertex -3.99463 3.99463 9.2064
      vertex -4.36694 3.58385 9.2064
      vertex -4.19276 3.44091 9.3696
    endloop
  endfacet
  facet normal -0.270837 0.0969035 0.957735
    outer loop
      vertex -3.72264 1.54197 9.93371
      vertex -4.25428 1.29052 9.80881
      vertex -3.85585 1.16966 9.93371
    endloop
  endfacet
  facet normal -0.303805 0.275358 0.912075
    outer loop
      vertex -3.63903 3.63903 9.52538
      vertex -3.9782 3.26482 9.52538
      vertex -3.72533 3.0573 9.67226
    endloop
  endfacet
  facet normal -0.434972 0.394242 0.809551
    outer loop
      vertex -3.99463 3.99463 9.2064
      vertex -4.19276 3.44091 9.3696
      vertex -3.8353 3.8353 9.3696
    endloop
  endfacet
  facet normal -0.142611 0.192284 0.970922
    outer loop
      vertex -1.98572 2.97184 10.0458
      vertex -2.55619 3.11473 9.93371
      vertex -2.26745 2.76289 10.0458
    endloop
  endfacet
  facet normal -0.101125 0.168708 0.980465
    outer loop
      vertex -1.45408 2.72039 10.1439
      vertex -1.98572 2.97184 10.0458
      vertex -1.71372 2.56476 10.1439
    endloop
  endfacet
  facet normal 0.949078 0.0466142 0.311572
    outer loop
      vertex 5.96392 0.587394 8.68832
      vertex 5.93506 0 8.86411
      vertex 5.99277 0 8.68832
    endloop
  endfacet
  facet normal 0.903987 -0.427559 0
    outer loop
      vertex 5.28515 -2.82497 8.68832
      vertex 5.5366 -2.29333 8.6
      vertex 5.5366 -2.29333 8.68832
    endloop
  endfacet
  facet normal 0.903987 -0.427559 0
    outer loop
      vertex 5.5366 -2.29333 8.6
      vertex 5.28515 -2.82497 8.68832
      vertex 5.28515 -2.82497 8.6
    endloop
  endfacet
  facet normal 0.92174 -0.23088 0.311593
    outer loop
      vertex 5.82102 -1.15787 8.86411
      vertex 5.6795 -1.72286 8.86411
      vertex 5.73473 -1.73961 8.68832
    endloop
  endfacet
  facet normal 0.808752 -0.202578 0.552161
    outer loop
      vertex 5.70835 -1.13546 9.03736
      vertex 5.6795 -1.72286 8.86411
      vertex 5.82102 -1.15787 8.86411
    endloop
  endfacet
  facet normal 0.858985 -0.406277 0.311582
    outer loop
      vertex 5.48328 -2.27125 8.86411
      vertex 5.23425 -2.79777 8.86411
      vertex 5.28515 -2.82497 8.68832
    endloop
  endfacet
  facet normal 0.753712 -0.356486 0.55212
    outer loop
      vertex 5.48328 -2.27125 8.86411
      vertex 5.13295 -2.74362 9.03736
      vertex 5.23425 -2.79777 8.86411
    endloop
  endfacet
  facet normal 0.580691 -0.086135 0.809554
    outer loop
      vertex 5.39782 -0.531638 9.3696
      vertex 5.31972 -1.05816 9.3696
      vertex 5.54072 -1.10212 9.2064
    endloop
  endfacet
  facet normal 0.484574 -0.0718778 0.871792
    outer loop
      vertex 5.39782 -0.531638 9.3696
      vertex 5.04749 -1.00401 9.52538
      vertex 5.31972 -1.05816 9.3696
    endloop
  endfacet
  facet normal 0.386043 -0.138131 0.91208
    outer loop
      vertex 4.61173 -1.39895 9.67226
      vertex 4.4524 -1.84424 9.67226
      vertex 4.75463 -1.96943 9.52538
    endloop
  endfacet
  facet normal 0.397719 -0.0996286 0.912082
    outer loop
      vertex 5.04749 -1.00401 9.52538
      vertex 4.72664 -0.940187 9.67226
      vertex 4.92477 -1.49391 9.52538
    endloop
  endfacet
  facet normal 0.565129 -0.419129 0.710606
    outer loop
      vertex 4.69719 -3.13856 9.2064
      vertex 4.36694 -3.58385 9.2064
      vertex 4.49907 -3.69229 9.03736
    endloop
  endfacet
  facet normal 0.603496 -0.361728 0.710595
    outer loop
      vertex 4.98221 -2.66304 9.2064
      vertex 4.83931 -3.23352 9.03736
      vertex 5.13295 -2.74362 9.03736
    endloop
  endfacet
  facet normal 0.329334 -0.24425 0.912075
    outer loop
      vertex 4.00706 -2.67743 9.67226
      vertex 3.72533 -3.0573 9.67226
      vertex 4.27905 -2.85917 9.52538
    endloop
  endfacet
  facet normal 0.275358 -0.303803 0.912076
    outer loop
      vertex 3.40772 -3.40772 9.67226
      vertex 3.0573 -3.72533 9.67226
      vertex 3.63903 -3.63903 9.52538
    endloop
  endfacet
  facet normal 0.832748 -0.0409165 0.552137
    outer loop
      vertex 5.82019 0 9.03736
      vertex 5.79216 -0.570477 9.03736
      vertex 5.93506 0 8.86411
    endloop
  endfacet
  facet normal 0.702746 -0.0345289 0.710603
    outer loop
      vertex 5.82019 0 9.03736
      vertex 5.64926 0 9.2064
      vertex 5.79216 -0.570477 9.03736
    endloop
  endfacet
  facet normal 0.40952 0.0201133 0.912079
    outer loop
      vertex 5.14637 0 9.52538
      vertex 4.79604 0.472368 9.67226
      vertex 4.81924 0 9.67226
    endloop
  endfacet
  facet normal 0.409525 0.0201177 0.912077
    outer loop
      vertex 5.12159 0.504432 9.52538
      vertex 4.79604 0.472368 9.67226
      vertex 5.14637 0 9.52538
    endloop
  endfacet
  facet normal 0.409525 -0.0201177 0.912077
    outer loop
      vertex 5.14637 0 9.52538
      vertex 4.79604 -0.472368 9.67226
      vertex 5.12159 -0.504432 9.52538
    endloop
  endfacet
  facet normal 0.405581 -0.0601579 0.912077
    outer loop
      vertex 5.12159 -0.504432 9.52538
      vertex 4.79604 -0.472368 9.67226
      vertex 5.04749 -1.00401 9.52538
    endloop
  endfacet
  facet normal 0.48929 -0.0240302 0.87179
    outer loop
      vertex 5.42393 0 9.3696
      vertex 5.14637 0 9.52538
      vertex 5.39782 -0.531638 9.3696
    endloop
  endfacet
  facet normal 0.586337 -0.0287964 0.809555
    outer loop
      vertex 5.42393 0 9.3696
      vertex 5.39782 -0.531638 9.3696
      vertex 5.64926 0 9.2064
    endloop
  endfacet
  facet normal 0.489282 0.0240357 0.871795
    outer loop
      vertex 5.39782 0.531638 9.3696
      vertex 5.12159 0.504432 9.52538
      vertex 5.14637 0 9.52538
    endloop
  endfacet
  facet normal 0.48457 0.0718739 0.871795
    outer loop
      vertex 5.39782 0.531638 9.3696
      vertex 5.04749 1.00401 9.52538
      vertex 5.12159 0.504432 9.52538
    endloop
  endfacet
  facet normal 0.406277 -0.858985 0.311582
    outer loop
      vertex 2.79777 -5.23425 8.86411
      vertex 2.27125 -5.48328 8.86411
      vertex 2.82497 -5.28515 8.68832
    endloop
  endfacet
  facet normal 0.496675 -0.669687 0.552117
    outer loop
      vertex 3.69229 -4.49907 9.03736
      vertex 3.29734 -4.93482 8.86411
      vertex 3.76516 -4.58786 8.86411
    endloop
  endfacet
  facet normal 0.213133 -0.193175 0.957736
    outer loop
      vertex 3.43658 -2.82033 9.80881
      vertex 2.84918 -2.84918 9.93371
      vertex 3.14359 -3.14359 9.80881
    endloop
  endfacet
  facet normal 0.193175 -0.213133 0.957736
    outer loop
      vertex 2.84918 -2.84918 9.93371
      vertex 2.82033 -3.43658 9.80881
      vertex 3.14359 -3.14359 9.80881
    endloop
  endfacet
  facet normal 0.291814 -0.393466 0.871797
    outer loop
      vertex 3.26482 -3.9782 9.52538
      vertex 2.85917 -4.27905 9.52538
      vertex 3.01338 -4.50984 9.3696
    endloop
  endfacet
  facet normal 0.328979 -0.362967 0.871796
    outer loop
      vertex 3.63903 -3.63903 9.52538
      vertex 3.44091 -4.19276 9.3696
      vertex 3.8353 -3.8353 9.3696
    endloop
  endfacet
  facet normal 0.333404 -0.0835073 0.939079
    outer loop
      vertex 4.36028 -0.867314 9.80881
      vertex 4.25428 -1.29052 9.80881
      vertex 4.72664 -0.940187 9.67226
    endloop
  endfacet
  facet normal 0.279034 -0.0698944 0.957734
    outer loop
      vertex 3.95193 -0.786087 9.93371
      vertex 3.85585 -1.16966 9.93371
      vertex 4.36028 -0.867314 9.80881
    endloop
  endfacet
  facet normal 0.216409 -0.102359 0.970922
    outer loop
      vertex 3.30213 -1.36779 10.0458
      vertex 3.15216 -1.68486 10.0458
      vertex 3.55357 -1.89942 9.93371
    endloop
  endfacet
  facet normal 0.157988 -0.117174 0.980464
    outer loop
      vertex 2.97184 -1.98572 10.0458
      vertex 2.38444 -1.95686 10.1439
      vertex 2.76289 -2.26745 10.0458
    endloop
  endfacet
  facet normal 0.168708 -0.101125 0.980465
    outer loop
      vertex 2.72039 -1.45408 10.1439
      vertex 2.56476 -1.71372 10.1439
      vertex 2.97184 -1.98572 10.0458
    endloop
  endfacet
  facet normal 0.231044 -0.171355 0.957735
    outer loop
      vertex 3.35028 -2.23859 9.93371
      vertex 3.11473 -2.55619 9.93371
      vertex 3.69647 -2.4699 9.80881
    endloop
  endfacet
  facet normal 0.149306 -0.0534215 0.987347
    outer loop
      vertex 2.45487 -0.744676 10.2272
      vertex 2.37006 -0.981709 10.2272
      vertex 2.95179 -0.895416 10.1439
    endloop
  endfacet
  facet normal 0.149306 -0.0534229 0.987347
    outer loop
      vertex 2.95179 -0.895416 10.1439
      vertex 2.37006 -0.981709 10.2272
      vertex 2.84981 -1.18043 10.1439
    endloop
  endfacet
  facet normal 0.116247 0.041593 0.992349
    outer loop
      vertex 2.37006 0.981709 10.2272
      vertex 1.9343 0.586763 10.2948
      vertex 2.45487 0.744676 10.2272
    endloop
  endfacet
  facet normal 0.153823 0.0385306 0.987347
    outer loop
      vertex 2.95179 0.895416 10.1439
      vertex 2.45487 0.744676 10.2272
      vertex 2.51604 0.500471 10.2272
    endloop
  endfacet
  facet normal 0.190804 0.0477987 0.980464
    outer loop
      vertex 3.50552 0.69729 10.0458
      vertex 2.95179 0.895416 10.1439
      vertex 3.02535 0.601778 10.1439
    endloop
  endfacet
  facet normal 0.149306 0.0534215 0.987347
    outer loop
      vertex 2.95179 0.895416 10.1439
      vertex 2.37006 0.981709 10.2272
      vertex 2.45487 0.744676 10.2272
    endloop
  endfacet
  facet normal 0.122128 0.0181163 0.992349
    outer loop
      vertex 2.51604 0.500471 10.2272
      vertex 1.9825 0.394343 10.2948
      vertex 2.55298 0.251446 10.2272
    endloop
  endfacet
  facet normal 0.119764 0.0300002 0.992349
    outer loop
      vertex 2.51604 0.500471 10.2272
      vertex 1.9343 0.586763 10.2948
      vertex 1.9825 0.394343 10.2948
    endloop
  endfacet
  facet normal 0.0729133 -0.0540763 0.995871
    outer loop
      vertex 1.68068 -1.123 10.2948
      vertex 1.21218 -0.809955 10.3461
      vertex 1.56252 -1.28232 10.2948
    endloop
  endfacet
  facet normal 0.123316 -0.00605608 0.992349
    outer loop
      vertex 2.02134 0 10.2948
      vertex 2.01161 -0.198126 10.2948
      vertex 2.56533 0 10.2272
    endloop
  endfacet
  facet normal 0.0594618 0.00292167 0.998226
    outer loop
      vertex 1.45788 0 10.3461
      vertex 0.876143 0.0862923 10.3805
      vertex 0.880383 0 10.3805
    endloop
  endfacet
  facet normal 0.177813 -0.0841031 0.980464
    outer loop
      vertex 3.30213 -1.36779 10.0458
      vertex 2.72039 -1.45408 10.1439
      vertex 3.15216 -1.68486 10.0458
    endloop
  endfacet
  facet normal 0.177812 -0.0840942 0.980465
    outer loop
      vertex 2.84981 -1.18043 10.1439
      vertex 2.72039 -1.45408 10.1439
      vertex 3.30213 -1.36779 10.0458
    endloop
  endfacet
  facet normal 0.177813 0.0841031 0.980464
    outer loop
      vertex 3.15216 1.68486 10.0458
      vertex 2.72039 1.45408 10.1439
      vertex 3.30213 1.36779 10.0458
    endloop
  endfacet
  facet normal 0.168717 0.10112 0.980464
    outer loop
      vertex 2.97184 1.98572 10.0458
      vertex 2.72039 1.45408 10.1439
      vertex 3.15216 1.68486 10.0458
    endloop
  endfacet
  facet normal 0.157988 0.117174 0.980464
    outer loop
      vertex 2.76289 2.26745 10.0458
      vertex 2.38444 1.95686 10.1439
      vertex 2.97184 1.98572 10.0458
    endloop
  endfacet
  facet normal 0.231044 0.171355 0.957735
    outer loop
      vertex 3.69647 2.4699 9.80881
      vertex 3.11473 2.55619 9.93371
      vertex 3.35028 2.23859 9.93371
    endloop
  endfacet
  facet normal 0.0815263 0.136012 0.987347
    outer loop
      vertex 1.45408 2.72039 10.1439
      vertex 1.20929 2.26242 10.2272
      vertex 1.42522 2.13299 10.2272
    endloop
  endfacet
  facet normal 0.0634756 0.105897 0.992349
    outer loop
      vertex 1.20929 2.26242 10.2272
      vertex 0.952852 1.78266 10.2948
      vertex 1.42522 2.13299 10.2272
    endloop
  endfacet
  facet normal 0.0385306 0.153823 0.987347
    outer loop
      vertex 0.895416 2.95179 10.1439
      vertex 0.500471 2.51604 10.2272
      vertex 0.744676 2.45487 10.2272
    endloop
  endfacet
  facet normal 0.0841031 0.177813 0.980464
    outer loop
      vertex 1.68486 3.15216 10.0458
      vertex 1.36779 3.30213 10.0458
      vertex 1.45408 2.72039 10.1439
    endloop
  endfacet
  facet normal 0.0581677 0.232218 0.970923
    outer loop
      vertex 1.16966 3.85585 9.93371
      vertex 0.786087 3.95193 9.93371
      vertex 1.03753 3.42029 10.0458
    endloop
  endfacet
  facet normal 0.102359 0.216409 0.970922
    outer loop
      vertex 1.89942 3.55357 9.93371
      vertex 1.36779 3.30213 10.0458
      vertex 1.68486 3.15216 10.0458
    endloop
  endfacet
  facet normal 0.20474 0.276061 0.93908
    outer loop
      vertex 2.67743 4.00706 9.67226
      vertex 2.4699 3.69647 9.80881
      vertex 3.0573 3.72533 9.67226
    endloop
  endfacet
  facet normal 0.14261 0.192286 0.970921
    outer loop
      vertex 2.23859 3.35028 9.93371
      vertex 1.98572 2.97184 10.0458
      vertex 2.55619 3.11473 9.93371
    endloop
  endfacet
  facet normal 0.158382 -0.00778433 0.987347
    outer loop
      vertex 3.08462 0 10.1439
      vertex 2.56533 0 10.2272
      vertex 3.06976 -0.302345 10.1439
    endloop
  endfacet
  facet normal 0.158385 -0.00777921 0.987347
    outer loop
      vertex 2.56533 0 10.2272
      vertex 2.55298 -0.251446 10.2272
      vertex 3.06976 -0.302345 10.1439
    endloop
  endfacet
  facet normal 0.239104 -0.011745 0.970923
    outer loop
      vertex 4.02935 0 9.93371
      vertex 3.55698 -0.350332 10.0458
      vertex 4.00995 -0.394945 9.93371
    endloop
  endfacet
  facet normal 0.236801 -0.0351258 0.970923
    outer loop
      vertex 4.00995 -0.394945 9.93371
      vertex 3.55698 -0.350332 10.0458
      vertex 3.95193 -0.786087 9.93371
    endloop
  endfacet
  facet normal 0.343295 -0.0168607 0.939076
    outer loop
      vertex 4.81924 0 9.67226
      vertex 4.44571 0 9.80881
      vertex 4.79604 -0.472368 9.67226
    endloop
  endfacet
  facet normal 0.405581 0.0601579 0.912077
    outer loop
      vertex 5.04749 1.00401 9.52538
      vertex 4.79604 0.472368 9.67226
      vertex 5.12159 0.504432 9.52538
    endloop
  endfacet
  facet normal 0.275358 0.303803 0.912076
    outer loop
      vertex 3.63903 3.63903 9.52538
      vertex 3.0573 3.72533 9.67226
      vertex 3.40772 3.40772 9.67226
    endloop
  endfacet
  facet normal 0.303803 0.275358 0.912076
    outer loop
      vertex 3.63903 3.63903 9.52538
      vertex 3.40772 3.40772 9.67226
      vertex 3.72533 3.0573 9.67226
    endloop
  endfacet
  facet normal 0.231043 0.171349 0.957736
    outer loop
      vertex 3.43658 2.82033 9.80881
      vertex 3.11473 2.55619 9.93371
      vertex 3.69647 2.4699 9.80881
    endloop
  endfacet
  facet normal 0.213133 0.193172 0.957736
    outer loop
      vertex 3.43658 2.82033 9.80881
      vertex 2.84918 2.84918 9.93371
      vertex 3.11473 2.55619 9.93371
    endloop
  endfacet
  facet normal 0.138128 0.386051 0.912078
    outer loop
      vertex 1.49391 4.92477 9.52538
      vertex 1.39895 4.61173 9.67226
      vertex 1.96943 4.75463 9.52538
    endloop
  endfacet
  facet normal 0.0698887 0.279031 0.957735
    outer loop
      vertex 1.29052 4.25428 9.80881
      vertex 0.867314 4.36028 9.80881
      vertex 1.16966 3.85585 9.93371
    endloop
  endfacet
  facet normal 0.0141161 0.287302 0.957736
    outer loop
      vertex 0 4.44571 9.80881
      vertex 0 4.02935 9.93371
      vertex 0.435755 4.4243 9.80881
    endloop
  endfacet
  facet normal -0.0141161 0.287302 0.957736
    outer loop
      vertex 0 4.44571 9.80881
      vertex -0.435755 4.4243 9.80881
      vertex 0 4.02935 9.93371
    endloop
  endfacet
  facet normal 0.0662611 0.185201 0.980464
    outer loop
      vertex 1.03753 3.42029 10.0458
      vertex 0.895416 2.95179 10.1439
      vertex 1.36779 3.30213 10.0458
    endloop
  endfacet
  facet normal 0.011745 0.239104 0.970923
    outer loop
      vertex 0.394945 4.00995 9.93371
      vertex 0 4.02935 9.93371
      vertex 0.350332 3.55698 10.0458
    endloop
  endfacet
  facet normal -0.123075 0.205339 0.970921
    outer loop
      vertex -1.89942 3.55357 9.93371
      vertex -2.23859 3.35028 9.93371
      vertex -1.98572 2.97184 10.0458
    endloop
  endfacet
  facet normal -0.0662611 0.185201 0.980464
    outer loop
      vertex -1.03753 3.42029 10.0458
      vertex -1.36779 3.30213 10.0458
      vertex -0.895416 2.95179 10.1439
    endloop
  endfacet
  facet normal -0.213133 0.193175 0.957736
    outer loop
      vertex -3.14359 3.14359 9.80881
      vertex -3.43658 2.82033 9.80881
      vertex -2.84918 2.84918 9.93371
    endloop
  endfacet
  facet normal -0.291817 0.393467 0.871795
    outer loop
      vertex -3.01338 4.50984 9.3696
      vertex -3.44091 4.19276 9.3696
      vertex -3.26482 3.9782 9.52538
    endloop
  endfacet
  facet normal -0.160769 0.177382 0.970922
    outer loop
      vertex -2.26745 2.76289 10.0458
      vertex -2.55619 3.11473 9.93371
      vertex -2.52734 2.52734 10.0458
    endloop
  endfacet
  facet normal -0.210792 0.35169 0.912075
    outer loop
      vertex -2.42598 4.53869 9.52538
      vertex -2.85917 4.27905 9.52538
      vertex -2.67743 4.00706 9.67226
    endloop
  endfacet
  facet normal -0.105901 0.0634728 0.992349
    outer loop
      vertex -1.68068 1.123 10.2948
      vertex -2.13299 1.42522 10.2272
      vertex -1.78266 0.952852 10.2948
    endloop
  endfacet
  facet normal -0.00605608 0.123316 0.992349
    outer loop
      vertex 0 2.56533 10.2272
      vertex -0.198126 2.01161 10.2948
      vertex 0 2.02134 10.2948
    endloop
  endfacet
  facet normal -0.0829159 0.0914787 0.992349
    outer loop
      vertex -1.62743 1.98303 10.2272
      vertex -1.81396 1.81396 10.2272
      vertex -1.28232 1.56252 10.2948
    endloop
  endfacet
  facet normal -0.041593 0.116247 0.992349
    outer loop
      vertex -0.744676 2.45487 10.2272
      vertex -0.981709 2.37006 10.2272
      vertex -0.586763 1.9343 10.2948
    endloop
  endfacet
  facet normal -0.0478189 0.0354621 0.998226
    outer loop
      vertex -1.12696 0.92487 10.3461
      vertex -1.21218 0.809955 10.3461
      vertex -0.680545 0.558509 10.3805
    endloop
  endfacet
  facet normal -0.0441115 0.0399796 0.998226
    outer loop
      vertex -1.03088 1.03088 10.3461
      vertex -1.12696 0.92487 10.3461
      vertex -0.680545 0.558509 10.3805
    endloop
  endfacet
  facet normal -0.0201133 0.40952 0.912079
    outer loop
      vertex 0 5.14637 9.52538
      vertex -0.472368 4.79604 9.67226
      vertex 0 4.81924 9.67226
    endloop
  endfacet
  facet normal 0.0601653 0.405569 0.912082
    outer loop
      vertex 1.00401 5.04749 9.52538
      vertex 0.472368 4.79604 9.67226
      vertex 0.940187 4.72664 9.67226
    endloop
  endfacet
  facet normal -0.170974 0.68254 0.710568
    outer loop
      vertex -1.13546 5.70835 9.03736
      vertex -1.63989 5.40601 9.2064
      vertex -1.10212 5.54072 9.2064
    endloop
  endfacet
  facet normal -0.103247 0.696011 0.710569
    outer loop
      vertex -0.570477 5.79216 9.03736
      vertex -1.13546 5.70835 9.03736
      vertex -1.10212 5.54072 9.2064
    endloop
  endfacet
  facet normal 0.356464 0.753699 0.552151
    outer loop
      vertex 2.27125 5.48328 8.86411
      vertex 2.22729 5.37715 9.03736
      vertex 2.74362 5.13295 9.03736
    endloop
  endfacet
  facet normal 0.280884 0.785005 0.552151
    outer loop
      vertex 2.27125 5.48328 8.86411
      vertex 1.72286 5.6795 8.86411
      vertex 2.22729 5.37715 9.03736
    endloop
  endfacet
  facet normal 0.323614 0.115791 0.939077
    outer loop
      vertex 4.61173 1.39895 9.67226
      vertex 4.1073 1.7013 9.80881
      vertex 4.25428 1.29052 9.80881
    endloop
  endfacet
  facet normal 0.279031 0.0698887 0.957735
    outer loop
      vertex 4.25428 1.29052 9.80881
      vertex 3.85585 1.16966 9.93371
      vertex 4.36028 0.867314 9.80881
    endloop
  endfacet
  facet normal -0.0835108 0.333406 0.939077
    outer loop
      vertex -0.940187 4.72664 9.67226
      vertex -1.39895 4.61173 9.67226
      vertex -1.29052 4.25428 9.80881
    endloop
  endfacet
  facet normal -0.115791 0.323614 0.939077
    outer loop
      vertex -1.39895 4.61173 9.67226
      vertex -1.7013 4.1073 9.80881
      vertex -1.29052 4.25428 9.80881
    endloop
  endfacet
  facet normal 0.119036 0.475194 0.871792
    outer loop
      vertex 1.05816 5.31972 9.3696
      vertex 1.00401 5.04749 9.52538
      vertex 1.49391 4.92477 9.52538
    endloop
  endfacet
  facet normal 0.0718778 0.484574 0.871792
    outer loop
      vertex 1.05816 5.31972 9.3696
      vertex 0.531638 5.39782 9.3696
      vertex 1.00401 5.04749 9.52538
    endloop
  endfacet
  facet normal 0.138131 0.386043 0.91208
    outer loop
      vertex 1.96943 4.75463 9.52538
      vertex 1.39895 4.61173 9.67226
      vertex 1.84424 4.4524 9.67226
    endloop
  endfacet
  facet normal 0.0504349 0.339982 0.939079
    outer loop
      vertex 0.940187 4.72664 9.67226
      vertex 0.435755 4.4243 9.80881
      vertex 0.867314 4.36028 9.80881
    endloop
  endfacet
  facet normal 0.142645 0.569445 0.809558
    outer loop
      vertex 1.63989 5.40601 9.2064
      vertex 1.10212 5.54072 9.2064
      vertex 1.57448 5.19038 9.3696
    endloop
  endfacet
  facet normal 0.142649 0.56945 0.809554
    outer loop
      vertex 1.10212 5.54072 9.2064
      vertex 1.05816 5.31972 9.3696
      vertex 1.57448 5.19038 9.3696
    endloop
  endfacet
  facet normal 0.740951 0.671559 0
    outer loop
      vertex 4.63248 3.80177 8.68832
      vertex 4.23753 4.23753 8.6
      vertex 4.23753 4.23753 8.68832
    endloop
  endfacet
  facet normal 0.740951 0.671559 0
    outer loop
      vertex 4.23753 4.23753 8.6
      vertex 4.63248 3.80177 8.68832
      vertex 4.63248 3.80177 8.6
    endloop
  endfacet
  facet normal 0.3107 0.146956 0.939079
    outer loop
      vertex 4.25019 2.27178 9.67226
      vertex 3.92076 2.09569 9.80881
      vertex 4.1073 1.7013 9.80881
    endloop
  endfacet
  facet normal 0.310708 0.146953 0.939077
    outer loop
      vertex 4.25019 2.27178 9.67226
      vertex 4.1073 1.7013 9.80881
      vertex 4.4524 1.84424 9.67226
    endloop
  endfacet
  facet normal 0.434972 0.394242 0.809551
    outer loop
      vertex 3.99463 3.99463 9.2064
      vertex 3.8353 3.8353 9.3696
      vertex 4.19276 3.44091 9.3696
    endloop
  endfacet
  facet normal 0.394242 0.434972 0.809551
    outer loop
      vertex 3.99463 3.99463 9.2064
      vertex 3.44091 4.19276 9.3696
      vertex 3.8353 3.8353 9.3696
    endloop
  endfacet
  facet normal 0.42864 0.715144 0.552121
    outer loop
      vertex 2.79777 5.23425 8.86411
      vertex 2.74362 5.13295 9.03736
      vertex 3.29734 4.93482 8.86411
    endloop
  endfacet
  facet normal 0.48851 0.815031 0.31158
    outer loop
      vertex 2.82497 5.28515 8.68832
      vertex 2.79777 5.23425 8.86411
      vertex 3.29734 4.93482 8.86411
    endloop
  endfacet
  facet normal 0.361728 0.603498 0.710594
    outer loop
      vertex 3.23352 4.83931 9.03736
      vertex 2.66304 4.98221 9.2064
      vertex 3.13856 4.69719 9.2064
    endloop
  endfacet
  facet normal 0.41913 0.565143 0.710594
    outer loop
      vertex 3.23352 4.83931 9.03736
      vertex 3.13856 4.69719 9.2064
      vertex 3.69229 4.49907 9.03736
    endloop
  endfacet
  facet normal -0.158385 0.00777921 0.987347
    outer loop
      vertex -2.55298 0.251446 10.2272
      vertex -3.06976 0.302345 10.1439
      vertex -2.56533 0 10.2272
    endloop
  endfacet
  facet normal -0.0906687 0.00445275 0.995871
    outer loop
      vertex -2.01161 0.198126 10.2948
      vertex -2.02134 0 10.2948
      vertex -1.45788 0 10.3461
    endloop
  endfacet
  facet normal -0.088056 0.0220613 0.995871
    outer loop
      vertex -1.3951 0.4232 10.3461
      vertex -1.9343 0.586763 10.2948
      vertex -1.42987 0.284418 10.3461
    endloop
  endfacet
  facet normal -0.0560537 0.0200563 0.998226
    outer loop
      vertex -0.813367 0.336907 10.3805
      vertex -1.3951 0.4232 10.3461
      vertex -0.842473 0.255561 10.3805
    endloop
  endfacet
  facet normal -0.185201 0.0662611 0.980464
    outer loop
      vertex -3.30213 1.36779 10.0458
      vertex -3.42029 1.03753 10.0458
      vertex -2.95179 0.895416 10.1439
    endloop
  endfacet
  facet normal -0.116247 0.041593 0.992349
    outer loop
      vertex -2.37006 0.981709 10.2272
      vertex -2.45487 0.744676 10.2272
      vertex -1.9343 0.586763 10.2948
    endloop
  endfacet
  facet normal -0.0914796 0.0829154 0.992349
    outer loop
      vertex -1.4293 1.4293 10.2948
      vertex -1.81396 1.81396 10.2272
      vertex -1.56252 1.28232 10.2948
    endloop
  endfacet
  facet normal -0.160769 0.177382 0.970922
    outer loop
      vertex -2.55619 3.11473 9.93371
      vertex -2.84918 2.84918 9.93371
      vertex -2.52734 2.52734 10.0458
    endloop
  endfacet
  facet normal -0.343287 -0.0168668 0.939079
    outer loop
      vertex -4.44571 0 9.80881
      vertex -4.79604 -0.472368 9.67226
      vertex -4.4243 -0.435755 9.80881
    endloop
  endfacet
  facet normal -0.287302 0.0141161 0.957736
    outer loop
      vertex -4.4243 0.435755 9.80881
      vertex -4.44571 0 9.80881
      vertex -4.02935 0 9.93371
    endloop
  endfacet
  facet normal 0.00717925 -0.0286606 0.999563
    outer loop
      vertex 0.255561 -0.842473 10.3805
      vertex 0.0854607 -0.281729 10.3978
      vertex 0.171754 -0.863466 10.3805
    endloop
  endfacet
  facet normal -0.0854748 0.0305779 0.995871
    outer loop
      vertex -1.34691 0.557906 10.3461
      vertex -1.86747 0.773533 10.2948
      vertex -1.3951 0.4232 10.3461
    endloop
  endfacet
  facet normal -0.0538172 0.0254535 0.998226
    outer loop
      vertex -1.28574 0.68724 10.3461
      vertex -1.34691 0.557906 10.3461
      vertex -0.776428 0.415009 10.3805
    endloop
  endfacet
  facet normal 0.0267093 -0.0126327 0.999563
    outer loop
      vertex 0.271996 -0.112664 10.3978
      vertex 0.259643 -0.138782 10.3978
      vertex 0.776428 -0.415009 10.3805
    endloop
  endfacet
  facet normal -0.00873533 0.058889 0.998226
    outer loop
      vertex -0.142897 1.45086 10.3461
      vertex -0.171754 0.863466 10.3805
      vertex -0.0862923 0.876143 10.3805
    endloop
  endfacet
  facet normal 0.00717904 -0.0286606 0.999563
    outer loop
      vertex 0.0854607 -0.281729 10.3978
      vertex 0.057435 -0.288749 10.3978
      vertex 0.171754 -0.863466 10.3805
    endloop
  endfacet
  facet normal -0.0292263 -0.00433529 0.999563
    outer loop
      vertex -0.288749 -0.057435 10.3978
      vertex -0.876143 -0.0862923 10.3805
      vertex -0.863466 -0.171754 10.3805
    endloop
  endfacet
  facet normal -0.0540763 -0.0729133 0.995871
    outer loop
      vertex -0.809955 -1.21218 10.3461
      vertex -1.28232 -1.56252 10.2948
      vertex -1.123 -1.68068 10.2948
    endloop
  endfacet
  facet normal -0.0538173 -0.0254533 0.998226
    outer loop
      vertex -0.813367 -0.336907 10.3805
      vertex -1.34691 -0.557906 10.3461
      vertex -0.776428 -0.415009 10.3805
    endloop
  endfacet
  facet normal 0.0286606 0.00717904 0.999563
    outer loop
      vertex 0.863466 0.171754 10.3805
      vertex 0.281729 0.0854607 10.3978
      vertex 0.288749 0.057435 10.3978
    endloop
  endfacet
  facet normal 0.0577495 0.0144658 0.998226
    outer loop
      vertex 1.3951 0.4232 10.3461
      vertex 0.842473 0.255561 10.3805
      vertex 0.863466 0.171754 10.3805
    endloop
  endfacet
  facet normal -0.0126324 0.0267094 0.999563
    outer loop
      vertex -0.336907 0.813367 10.3805
      vertex -0.415009 0.776428 10.3805
      vertex -0.112664 0.271996 10.3978
    endloop
  endfacet
  facet normal -0.00145014 -0.0295104 0.999563
    outer loop
      vertex -0.0288563 -0.292988 10.3978
      vertex -0.0862923 -0.876143 10.3805
      vertex 0 -0.294406 10.3978
    endloop
  endfacet
  facet normal 0.038813 -0.0820637 0.995871
    outer loop
      vertex 0.68724 -1.28574 10.3461
      vertex 0.557906 -1.34691 10.3461
      vertex 0.773533 -1.86747 10.2948
    endloop
  endfacet
  facet normal 0.088056 -0.0220613 0.995871
    outer loop
      vertex 1.42987 -0.284418 10.3461
      vertex 1.3951 -0.4232 10.3461
      vertex 1.9343 -0.586763 10.2948
    endloop
  endfacet
  facet normal 0.0295105 -0.00145001 0.999563
    outer loop
      vertex 0.880383 0 10.3805
      vertex 0.294406 0 10.3978
      vertex 0.876143 -0.0862923 10.3805
    endloop
  endfacet
  facet normal 0.0906682 -0.00445419 0.995871
    outer loop
      vertex 1.45788 0 10.3461
      vertex 1.45086 -0.142897 10.3461
      vertex 2.01161 -0.198126 10.2948
    endloop
  endfacet
  facet normal 0.058889 0.00873425 0.998226
    outer loop
      vertex 1.42987 0.284418 10.3461
      vertex 0.863466 0.171754 10.3805
      vertex 1.45086 0.142897 10.3461
    endloop
  endfacet
  facet normal 0.088058 0.022058 0.995871
    outer loop
      vertex 1.9343 0.586763 10.2948
      vertex 1.42987 0.284418 10.3461
      vertex 1.9825 0.394343 10.2948
    endloop
  endfacet
  facet normal 0.0441105 0.0399803 0.998226
    outer loop
      vertex 1.03088 1.03088 10.3461
      vertex 0.622524 0.622524 10.3805
      vertex 0.680545 0.558509 10.3805
    endloop
  endfacet
  facet normal -0.0292263 0.00433529 0.999563
    outer loop
      vertex -0.863466 0.171754 10.3805
      vertex -0.876143 0.0862923 10.3805
      vertex -0.288749 0.057435 10.3978
    endloop
  endfacet
  facet normal -0.0253422 0.0151904 0.999563
    outer loop
      vertex -0.244789 0.163563 10.3978
      vertex -0.776428 0.415009 10.3805
      vertex -0.259643 0.138782 10.3978
    endloop
  endfacet
  facet normal -0.027819 0.00995377 0.999563
    outer loop
      vertex -0.813367 0.336907 10.3805
      vertex -0.842473 0.255561 10.3805
      vertex -0.271996 0.112664 10.3978
    endloop
  endfacet
  facet normal -0.147882 -0.246729 0.957735
    outer loop
      vertex -1.89942 -3.55357 9.93371
      vertex -2.4699 -3.69647 9.80881
      vertex -2.09569 -3.92076 9.80881
    endloop
  endfacet
  facet normal -0.0144681 -0.0577484 0.998226
    outer loop
      vertex -0.171754 -0.863466 10.3805
      vertex -0.4232 -1.3951 10.3461
      vertex -0.284418 -1.42987 10.3461
    endloop
  endfacet
  facet normal -0.0354637 -0.0478181 0.998226
    outer loop
      vertex -0.558509 -0.680545 10.3805
      vertex -0.809955 -1.21218 10.3461
      vertex -0.489114 -0.732011 10.3805
    endloop
  endfacet
  facet normal -0.0306065 -0.0510636 0.998226
    outer loop
      vertex -0.489114 -0.732011 10.3805
      vertex -0.809955 -1.21218 10.3461
      vertex -0.415009 -0.776428 10.3805
    endloop
  endfacet
  facet normal -0.0510636 -0.0306065 0.998226
    outer loop
      vertex -0.776428 -0.415009 10.3805
      vertex -1.21218 -0.809955 10.3461
      vertex -0.732011 -0.489114 10.3805
    endloop
  endfacet
  facet normal -0.117494 -0.106496 0.987347
    outer loop
      vertex -1.98303 -1.62743 10.2272
      vertex -2.38444 -1.95686 10.1439
      vertex -1.81396 -1.81396 10.2272
    endloop
  endfacet
  facet normal 0.0181185 -0.122129 0.992349
    outer loop
      vertex 0.394343 -1.9825 10.2948
      vertex 0.198126 -2.01161 10.2948
      vertex 0.251446 -2.55298 10.2272
    endloop
  endfacet
  facet normal 0.00445275 -0.0906687 0.995871
    outer loop
      vertex 0 -1.45788 10.3461
      vertex 0 -2.02134 10.2948
      vertex 0.198126 -2.01161 10.2948
    endloop
  endfacet
  facet normal 0.0181163 -0.122128 0.992349
    outer loop
      vertex 0.394343 -1.9825 10.2948
      vertex 0.251446 -2.55298 10.2272
      vertex 0.500471 -2.51604 10.2272
    endloop
  endfacet
  facet normal 0.022058 -0.088058 0.995871
    outer loop
      vertex 0.586763 -1.9343 10.2948
      vertex 0.284418 -1.42987 10.3461
      vertex 0.394343 -1.9825 10.2948
    endloop
  endfacet
  facet normal -0.00873425 -0.058889 0.998226
    outer loop
      vertex -0.171754 -0.863466 10.3805
      vertex -0.284418 -1.42987 10.3461
      vertex -0.142897 -1.45086 10.3461
    endloop
  endfacet
  facet normal -0.0181185 -0.122129 0.992349
    outer loop
      vertex -0.198126 -2.01161 10.2948
      vertex -0.394343 -1.9825 10.2948
      vertex -0.251446 -2.55298 10.2272
    endloop
  endfacet
  facet normal -0.0820637 -0.0388125 0.995871
    outer loop
      vertex -1.28574 -0.68724 10.3461
      vertex -1.86747 -0.773533 10.2948
      vertex -1.78266 -0.952852 10.2948
    endloop
  endfacet
  facet normal -0.0560542 -0.0200529 0.998226
    outer loop
      vertex -0.813367 -0.336907 10.3805
      vertex -1.3951 -0.4232 10.3461
      vertex -1.34691 -0.557906 10.3461
    endloop
  endfacet
  facet normal -0.0478181 -0.0354637 0.998226
    outer loop
      vertex -0.732011 -0.489114 10.3805
      vertex -1.21218 -0.809955 10.3461
      vertex -0.680545 -0.558509 10.3805
    endloop
  endfacet
  facet normal -0.0286606 -0.00717904 0.999563
    outer loop
      vertex -0.288749 -0.057435 10.3978
      vertex -0.863466 -0.171754 10.3805
      vertex -0.281729 -0.0854607 10.3978
    endloop
  endfacet
  facet normal 0.0829154 -0.0914796 0.992349
    outer loop
      vertex 1.4293 -1.4293 10.2948
      vertex 1.28232 -1.56252 10.2948
      vertex 1.81396 -1.81396 10.2272
    endloop
  endfacet
  facet normal 0.0778644 -0.0466689 0.995871
    outer loop
      vertex 1.78266 -0.952852 10.2948
      vertex 1.28574 -0.68724 10.3461
      vertex 1.68068 -1.123 10.2948
    endloop
  endfacet
  facet normal 0.0609626 -0.0672631 0.995871
    outer loop
      vertex 1.03088 -1.03088 10.3461
      vertex 0.92487 -1.12696 10.3461
      vertex 1.28232 -1.56252 10.2948
    endloop
  endfacet
  facet normal 0.0634756 -0.105897 0.992349
    outer loop
      vertex 1.42522 -2.13299 10.2272
      vertex 0.952852 -1.78266 10.2948
      vertex 1.20929 -2.26242 10.2272
    endloop
  endfacet
  facet normal 0.117494 -0.106496 0.987347
    outer loop
      vertex 1.98303 -1.62743 10.2272
      vertex 1.81396 -1.81396 10.2272
      vertex 2.38444 -1.95686 10.1439
    endloop
  endfacet
  facet normal 0.127372 -0.0944594 0.987347
    outer loop
      vertex 2.13299 -1.42522 10.2272
      vertex 1.98303 -1.62743 10.2272
      vertex 2.38444 -1.95686 10.1439
    endloop
  endfacet
  facet normal -0.236805 -0.0351223 0.970922
    outer loop
      vertex -3.55698 -0.350332 10.0458
      vertex -3.95193 -0.786087 9.93371
      vertex -3.50552 -0.69729 10.0458
    endloop
  endfacet
  facet normal -0.23222 -0.058171 0.970922
    outer loop
      vertex -3.50552 -0.69729 10.0458
      vertex -3.95193 -0.786087 9.93371
      vertex -3.42029 -1.03753 10.0458
    endloop
  endfacet
  facet normal -0.156858 -0.0232641 0.987347
    outer loop
      vertex -2.51604 -0.500471 10.2272
      vertex -3.06976 -0.302345 10.1439
      vertex -3.02535 -0.601778 10.1439
    endloop
  endfacet
  facet normal -0.196465 0.0096561 0.980463
    outer loop
      vertex -3.06976 0.302345 10.1439
      vertex -3.57419 0 10.0458
      vertex -3.08462 0 10.1439
    endloop
  endfacet
  facet normal -0.284539 0.042207 0.957735
    outer loop
      vertex -3.95193 0.786087 9.93371
      vertex -4.4243 0.435755 9.80881
      vertex -4.00995 0.394945 9.93371
    endloop
  endfacet
  facet normal -0.196462 -0.00965118 0.980464
    outer loop
      vertex -3.06976 -0.302345 10.1439
      vertex -3.57419 0 10.0458
      vertex -3.55698 -0.350332 10.0458
    endloop
  endfacet
  facet normal -0.185197 -0.0662647 0.980465
    outer loop
      vertex -2.95179 -0.895416 10.1439
      vertex -3.30213 -1.36779 10.0458
      vertex -2.84981 -1.18043 10.1439
    endloop
  endfacet
  facet normal -0.177812 -0.0840942 0.980465
    outer loop
      vertex -2.84981 -1.18043 10.1439
      vertex -3.30213 -1.36779 10.0458
      vertex -2.72039 -1.45408 10.1439
    endloop
  endfacet
  facet normal -0.153823 0.0385306 0.987347
    outer loop
      vertex -2.45487 0.744676 10.2272
      vertex -2.95179 0.895416 10.1439
      vertex -2.51604 0.500471 10.2272
    endloop
  endfacet
  facet normal -0.15382 0.0385339 0.987347
    outer loop
      vertex -2.95179 0.895416 10.1439
      vertex -3.02535 0.601778 10.1439
      vertex -2.51604 0.500471 10.2272
    endloop
  endfacet
  facet normal -0.127369 -0.0944607 0.987347
    outer loop
      vertex -2.13299 -1.42522 10.2272
      vertex -2.56476 -1.71372 10.1439
      vertex -2.38444 -1.95686 10.1439
    endloop
  endfacet
  facet normal -0.136012 -0.0815263 0.987347
    outer loop
      vertex -2.26242 -1.20929 10.2272
      vertex -2.72039 -1.45408 10.1439
      vertex -2.13299 -1.42522 10.2272
    endloop
  endfacet
  facet normal 0.147882 -0.246727 0.957735
    outer loop
      vertex 2.23859 -3.35028 9.93371
      vertex 1.89942 -3.55357 9.93371
      vertex 2.4699 -3.69647 9.80881
    endloop
  endfacet
  facet normal 0.171355 -0.231044 0.957735
    outer loop
      vertex 2.55619 -3.11473 9.93371
      vertex 2.23859 -3.35028 9.93371
      vertex 2.4699 -3.69647 9.80881
    endloop
  endfacet
  facet normal 0.24425 -0.329334 0.912075
    outer loop
      vertex 3.0573 -3.72533 9.67226
      vertex 2.67743 -4.00706 9.67226
      vertex 2.85917 -4.27905 9.52538
    endloop
  endfacet
  facet normal 0.210792 -0.35169 0.912075
    outer loop
      vertex 2.67743 -4.00706 9.67226
      vertex 2.42598 -4.53869 9.52538
      vertex 2.85917 -4.27905 9.52538
    endloop
  endfacet
  facet normal 0.0835073 -0.333404 0.939079
    outer loop
      vertex 1.29052 -4.25428 9.80881
      vertex 0.867314 -4.36028 9.80881
      vertex 0.940187 -4.72664 9.67226
    endloop
  endfacet
  facet normal 0.0168668 -0.343287 0.939079
    outer loop
      vertex 0.435755 -4.4243 9.80881
      vertex 0 -4.44571 9.80881
      vertex 0.472368 -4.79604 9.67226
    endloop
  endfacet
  facet normal 0.132094 -0.145743 0.980464
    outer loop
      vertex 2.52734 -2.52734 10.0458
      vertex 1.95686 -2.38444 10.1439
      vertex 2.26745 -2.76289 10.0458
    endloop
  endfacet
  facet normal 0.132095 -0.14574 0.980465
    outer loop
      vertex 2.18115 -2.18115 10.1439
      vertex 1.95686 -2.38444 10.1439
      vertex 2.52734 -2.52734 10.0458
    endloop
  endfacet
  facet normal 0.102359 -0.216408 0.970922
    outer loop
      vertex 1.89942 -3.55357 9.93371
      vertex 1.36779 -3.30213 10.0458
      vertex 1.54197 -3.72264 9.93371
    endloop
  endfacet
  facet normal 0.0698887 -0.279031 0.957735
    outer loop
      vertex 1.16966 -3.85585 9.93371
      vertex 0.867314 -4.36028 9.80881
      vertex 1.29052 -4.25428 9.80881
    endloop
  endfacet
  facet normal 0.123069 -0.205338 0.970922
    outer loop
      vertex 1.98572 -2.97184 10.0458
      vertex 1.68486 -3.15216 10.0458
      vertex 1.89942 -3.55357 9.93371
    endloop
  endfacet
  facet normal 0.10112 -0.168717 0.980464
    outer loop
      vertex 1.98572 -2.97184 10.0458
      vertex 1.45408 -2.72039 10.1439
      vertex 1.68486 -3.15216 10.0458
    endloop
  endfacet
  facet normal 0.00965118 -0.196462 0.980464
    outer loop
      vertex 0.302345 -3.06976 10.1439
      vertex 0 -3.57419 10.0458
      vertex 0.350332 -3.55698 10.0458
    endloop
  endfacet
  facet normal 0.0806464 -0.225399 0.970923
    outer loop
      vertex 1.54197 -3.72264 9.93371
      vertex 1.03753 -3.42029 10.0458
      vertex 1.16966 -3.85585 9.93371
    endloop
  endfacet
  facet normal 0.0815263 -0.136012 0.987347
    outer loop
      vertex 1.42522 -2.13299 10.2272
      vertex 1.20929 -2.26242 10.2272
      vertex 1.45408 -2.72039 10.1439
    endloop
  endfacet
  facet normal 0.0540763 -0.0729133 0.995871
    outer loop
      vertex 1.28232 -1.56252 10.2948
      vertex 0.809955 -1.21218 10.3461
      vertex 1.123 -1.68068 10.2948
    endloop
  endfacet
  facet normal -0.857736 0.514091 0
    outer loop
      vertex -5.28515 2.82497 8.6
      vertex -4.98281 3.32941 8.68832
      vertex -4.98281 3.32941 8.6
    endloop
  endfacet
  facet normal -0.857736 0.514091 0
    outer loop
      vertex -4.98281 3.32941 8.68832
      vertex -5.28515 2.82497 8.6
      vertex -5.28515 2.82497 8.68832
    endloop
  endfacet
  facet normal -0.638121 0.704063 0.311604
    outer loop
      vertex -3.80177 4.63248 8.68832
      vertex -4.19672 4.19672 8.86411
      vertex -3.76516 4.58786 8.86411
    endloop
  endfacet
  facet normal -0.989175 -0.146743 0
    outer loop
      vertex -5.87762 -1.16913 8.6
      vertex -5.96392 -0.587394 8.68832
      vertex -5.96392 -0.587394 8.6
    endloop
  endfacet
  facet normal -0.989175 -0.146743 0
    outer loop
      vertex -5.96392 -0.587394 8.68832
      vertex -5.87762 -1.16913 8.6
      vertex -5.87762 -1.16913 8.68832
    endloop
  endfacet
  facet normal -0.393467 -0.291817 0.871795
    outer loop
      vertex -3.9782 -3.26482 9.52538
      vertex -4.50984 -3.01338 9.3696
      vertex -4.19276 -3.44091 9.3696
    endloop
  endfacet
  facet normal -0.34971 -0.471526 0.809547
    outer loop
      vertex -3.44091 -4.19276 9.3696
      vertex -3.58385 -4.36694 9.2064
      vertex -3.01338 -4.50984 9.3696
    endloop
  endfacet
  facet normal -0.704063 -0.638126 0.311592
    outer loop
      vertex -4.19672 -4.19672 8.86411
      vertex -4.63248 -3.80177 8.68832
      vertex -4.23753 -4.23753 8.68832
    endloop
  endfacet
  facet normal -0.671559 -0.740951 0
    outer loop
      vertex -4.23753 -4.23753 8.6
      vertex -3.80177 -4.63248 8.68832
      vertex -4.23753 -4.23753 8.68832
    endloop
  endfacet
  facet normal -0.671559 -0.740951 -0
    outer loop
      vertex -3.80177 -4.63248 8.68832
      vertex -4.23753 -4.23753 8.6
      vertex -3.80177 -4.63248 8.6
    endloop
  endfacet
  facet normal -0.115793 -0.323615 0.939077
    outer loop
      vertex -1.7013 -4.1073 9.80881
      vertex -1.84424 -4.4524 9.67226
      vertex -1.39895 -4.61173 9.67226
    endloop
  endfacet
  facet normal -0.209458 -0.442845 0.871789
    outer loop
      vertex -1.96943 -4.75463 9.52538
      vertex -2.42598 -4.53869 9.52538
      vertex -2.07565 -5.01106 9.3696
    endloop
  endfacet
  facet normal -0.142645 -0.569445 0.809558
    outer loop
      vertex -1.57448 -5.19038 9.3696
      vertex -1.63989 -5.40601 9.2064
      vertex -1.10212 -5.54072 9.2064
    endloop
  endfacet
  facet normal -0.0168668 -0.343287 0.939079
    outer loop
      vertex -0.435755 -4.4243 9.80881
      vertex -0.472368 -4.79604 9.67226
      vertex 0 -4.44571 9.80881
    endloop
  endfacet
  facet normal -0.0806464 -0.225399 0.970923
    outer loop
      vertex -1.03753 -3.42029 10.0458
      vertex -1.54197 -3.72264 9.93371
      vertex -1.16966 -3.85585 9.93371
    endloop
  endfacet
  facet normal -0.193172 -0.213133 0.957736
    outer loop
      vertex -2.55619 -3.11473 9.93371
      vertex -2.84918 -2.84918 9.93371
      vertex -2.82033 -3.43658 9.80881
    endloop
  endfacet
  facet normal -0.041593 -0.116247 0.992349
    outer loop
      vertex -0.586763 -1.9343 10.2948
      vertex -0.981709 -2.37006 10.2272
      vertex -0.744676 -2.45487 10.2272
    endloop
  endfacet
  facet normal -0.0835073 -0.333404 0.939079
    outer loop
      vertex -0.867314 -4.36028 9.80881
      vertex -1.29052 -4.25428 9.80881
      vertex -0.940187 -4.72664 9.67226
    endloop
  endfacet
  facet normal 0.0477987 -0.190804 0.980464
    outer loop
      vertex 0.895416 -2.95179 10.1439
      vertex 0.601778 -3.02535 10.1439
      vertex 0.69729 -3.50552 10.0458
    endloop
  endfacet
  facet normal -0.00777921 -0.158385 0.987347
    outer loop
      vertex -0.251446 -2.55298 10.2272
      vertex -0.302345 -3.06976 10.1439
      vertex 0 -2.56533 10.2272
    endloop
  endfacet
  facet normal -0.254664 -0.230818 0.939079
    outer loop
      vertex -3.43658 -2.82033 9.80881
      vertex -3.72533 -3.0573 9.67226
      vertex -3.14359 -3.14359 9.80881
    endloop
  endfacet
  facet normal -0.254665 -0.23082 0.939078
    outer loop
      vertex -3.14359 -3.14359 9.80881
      vertex -3.72533 -3.0573 9.67226
      vertex -3.40772 -3.40772 9.67226
    endloop
  endfacet
  facet normal -0.0991696 -0.0735447 0.992349
    outer loop
      vertex -1.56252 -1.28232 10.2948
      vertex -2.13299 -1.42522 10.2272
      vertex -1.98303 -1.62743 10.2272
    endloop
  endfacet
  facet normal -0.168708 -0.101125 0.980465
    outer loop
      vertex -2.72039 -1.45408 10.1439
      vertex -2.97184 -1.98572 10.0458
      vertex -2.56476 -1.71372 10.1439
    endloop
  endfacet
  facet normal 0.011745 -0.239104 0.970923
    outer loop
      vertex 0.350332 -3.55698 10.0458
      vertex 0 -4.02935 9.93371
      vertex 0.394945 -4.00995 9.93371
    endloop
  endfacet
  facet normal 0.0141161 -0.287302 0.957736
    outer loop
      vertex 0 -4.02935 9.93371
      vertex 0 -4.44571 9.80881
      vertex 0.435755 -4.4243 9.80881
    endloop
  endfacet
  facet normal -0.514091 -0.857736 0
    outer loop
      vertex -3.32941 -4.98281 8.6
      vertex -2.82497 -5.28515 8.68832
      vertex -3.32941 -4.98281 8.68832
    endloop
  endfacet
  facet normal -0.514091 -0.857736 -0
    outer loop
      vertex -2.82497 -5.28515 8.68832
      vertex -3.32941 -4.98281 8.6
      vertex -2.82497 -5.28515 8.6
    endloop
  endfacet
  facet normal -0.0861314 -0.5807 0.809549
    outer loop
      vertex -0.531638 -5.39782 9.3696
      vertex -1.10212 -5.54072 9.2064
      vertex -0.553724 -5.62206 9.2064
    endloop
  endfacet
  facet normal -0.250992 -0.530671 0.809562
    outer loop
      vertex -2.55682 -4.78348 9.3696
      vertex -2.66304 -4.98221 9.2064
      vertex -2.07565 -5.01106 9.3696
    endloop
  endfacet
  facet normal -0.280876 -0.785 0.552163
    outer loop
      vertex -1.68951 -5.56957 9.03736
      vertex -2.22729 -5.37715 9.03736
      vertex -1.72286 -5.6795 8.86411
    endloop
  endfacet
  facet normal -0.320122 -0.894669 0.311591
    outer loop
      vertex -1.72286 -5.6795 8.86411
      vertex -2.27125 -5.48328 8.86411
      vertex -1.73961 -5.73473 8.68832
    endloop
  endfacet
  facet normal -0.0409165 -0.832748 0.552137
    outer loop
      vertex 0 -5.82019 9.03736
      vertex -0.570477 -5.79216 9.03736
      vertex 0 -5.93506 8.86411
    endloop
  endfacet
  facet normal -0.521325 -0.472503 0.710606
    outer loop
      vertex -4.36694 -3.58385 9.2064
      vertex -4.49907 -3.69229 9.03736
      vertex -3.99463 -3.99463 9.2064
    endloop
  endfacet
  facet normal -0.521332 -0.472525 0.710587
    outer loop
      vertex -3.99463 -3.99463 9.2064
      vertex -4.49907 -3.69229 9.03736
      vertex -4.11549 -4.11549 9.03736
    endloop
  endfacet
  facet normal -0.43498 -0.394243 0.809546
    outer loop
      vertex -4.19276 -3.44091 9.3696
      vertex -4.36694 -3.58385 9.2064
      vertex -3.99463 -3.99463 9.2064
    endloop
  endfacet
  facet normal -0.434972 -0.394242 0.809551
    outer loop
      vertex -3.8353 -3.8353 9.3696
      vertex -4.19276 -3.44091 9.3696
      vertex -3.99463 -3.99463 9.2064
    endloop
  endfacet
  facet normal -0.420185 -0.251839 0.871792
    outer loop
      vertex -4.53869 -2.42598 9.52538
      vertex -4.78348 -2.55682 9.3696
      vertex -4.50984 -3.01338 9.3696
    endloop
  endfacet
  facet normal -0.442841 -0.209452 0.871792
    outer loop
      vertex -4.53869 -2.42598 9.52538
      vertex -5.01106 -2.07565 9.3696
      vertex -4.78348 -2.55682 9.3696
    endloop
  endfacet
  facet normal -0.32898 -0.362967 0.871795
    outer loop
      vertex -3.26482 -3.9782 9.52538
      vertex -3.63903 -3.63903 9.52538
      vertex -3.44091 -4.19276 9.3696
    endloop
  endfacet
  facet normal -0.275358 -0.303805 0.912075
    outer loop
      vertex -3.0573 -3.72533 9.67226
      vertex -3.63903 -3.63903 9.52538
      vertex -3.26482 -3.9782 9.52538
    endloop
  endfacet
  facet normal -0.393466 -0.291814 0.871797
    outer loop
      vertex -4.27905 -2.85917 9.52538
      vertex -4.50984 -3.01338 9.3696
      vertex -3.9782 -3.26482 9.52538
    endloop
  endfacet
  facet normal -0.329334 -0.24425 0.912075
    outer loop
      vertex -3.72533 -3.0573 9.67226
      vertex -4.27905 -2.85917 9.52538
      vertex -3.9782 -3.26482 9.52538
    endloop
  endfacet
  facet normal 0.514091 -0.857736 0
    outer loop
      vertex 2.82497 -5.28515 8.6
      vertex 3.32941 -4.98281 8.68832
      vertex 2.82497 -5.28515 8.68832
    endloop
  endfacet
  facet normal 0.514091 -0.857736 0
    outer loop
      vertex 3.32941 -4.98281 8.68832
      vertex 2.82497 -5.28515 8.6
      vertex 3.32941 -4.98281 8.6
    endloop
  endfacet
  facet normal 0.472525 -0.521332 0.710587
    outer loop
      vertex 3.99463 -3.99463 9.2064
      vertex 3.69229 -4.49907 9.03736
      vertex 4.11549 -4.11549 9.03736
    endloop
  endfacet
  facet normal 0.361728 -0.603498 0.710594
    outer loop
      vertex 3.13856 -4.69719 9.2064
      vertex 2.66304 -4.98221 9.2064
      vertex 3.23352 -4.83931 9.03736
    endloop
  endfacet
  facet normal 0.521325 -0.472503 0.710606
    outer loop
      vertex 4.36694 -3.58385 9.2064
      vertex 3.99463 -3.99463 9.2064
      vertex 4.49907 -3.69229 9.03736
    endloop
  endfacet
  facet normal 0.43498 -0.394243 0.809546
    outer loop
      vertex 4.19276 -3.44091 9.3696
      vertex 3.99463 -3.99463 9.2064
      vertex 4.36694 -3.58385 9.2064
    endloop
  endfacet
  facet normal 0.595704 -0.803204 0
    outer loop
      vertex 3.32941 -4.98281 8.6
      vertex 3.80177 -4.63248 8.68832
      vertex 3.32941 -4.98281 8.68832
    endloop
  endfacet
  facet normal 0.595704 -0.803204 0
    outer loop
      vertex 3.80177 -4.63248 8.68832
      vertex 3.32941 -4.98281 8.6
      vertex 3.80177 -4.63248 8.6
    endloop
  endfacet
  facet normal 0.998796 0.0490561 0
    outer loop
      vertex 5.99277 0 8.68832
      vertex 5.96392 0.587394 8.6
      vertex 5.96392 0.587394 8.68832
    endloop
  endfacet
  facet normal 0.998796 0.0490561 0
    outer loop
      vertex 5.96392 0.587394 8.6
      vertex 5.99277 0 8.68832
      vertex 5.99277 0 8.6
    endloop
  endfacet
  facet normal 0.949078 -0.0466142 0.311572
    outer loop
      vertex 5.99277 0 8.68832
      vertex 5.93506 0 8.86411
      vertex 5.96392 -0.587394 8.68832
    endloop
  endfacet
  facet normal 0.949065 -0.0466264 0.311611
    outer loop
      vertex 5.93506 0 8.86411
      vertex 5.90648 -0.581737 8.86411
      vertex 5.96392 -0.587394 8.68832
    endloop
  endfacet
  facet normal -0.0996229 0.397731 0.912077
    outer loop
      vertex -0.940187 4.72664 9.67226
      vertex -1.49391 4.92477 9.52538
      vertex -1.39895 4.61173 9.67226
    endloop
  endfacet
  facet normal -0.0996286 0.397719 0.912082
    outer loop
      vertex -1.00401 5.04749 9.52538
      vertex -1.49391 4.92477 9.52538
      vertex -0.940187 4.72664 9.67226
    endloop
  endfacet
  facet normal -0.300827 0.63606 0.710585
    outer loop
      vertex -2.22729 5.37715 9.03736
      vertex -2.74362 5.13295 9.03736
      vertex -2.16188 5.21924 9.2064
    endloop
  endfacet
  facet normal -0.320122 0.894669 0.311591
    outer loop
      vertex -1.73961 5.73473 8.68832
      vertex -2.27125 5.48328 8.86411
      vertex -1.72286 5.6795 8.86411
    endloop
  endfacet
  facet normal -0.496675 0.669687 0.552117
    outer loop
      vertex -3.29734 4.93482 8.86411
      vertex -3.76516 4.58786 8.86411
      vertex -3.69229 4.49907 9.03736
    endloop
  endfacet
  facet normal -0.803204 0.595704 0
    outer loop
      vertex -4.98281 3.32941 8.6
      vertex -4.63248 3.80177 8.68832
      vertex -4.63248 3.80177 8.6
    endloop
  endfacet
  facet normal -0.803204 0.595704 0
    outer loop
      vertex -4.63248 3.80177 8.68832
      vertex -4.98281 3.32941 8.6
      vertex -4.98281 3.32941 8.68832
    endloop
  endfacet
  facet normal -0.427559 0.903987 0
    outer loop
      vertex -2.29333 5.5366 8.6
      vertex -2.82497 5.28515 8.68832
      vertex -2.29333 5.5366 8.68832
    endloop
  endfacet
  facet normal -0.427559 0.903987 0
    outer loop
      vertex -2.82497 5.28515 8.68832
      vertex -2.29333 5.5366 8.6
      vertex -2.82497 5.28515 8.6
    endloop
  endfacet
  facet normal -0.514091 0.857736 0
    outer loop
      vertex -2.82497 5.28515 8.6
      vertex -3.32941 4.98281 8.68832
      vertex -2.82497 5.28515 8.68832
    endloop
  endfacet
  facet normal -0.514091 0.857736 0
    outer loop
      vertex -3.32941 4.98281 8.68832
      vertex -2.82497 5.28515 8.6
      vertex -3.32941 4.98281 8.6
    endloop
  endfacet
  facet normal -0.122333 0.824714 0.552161
    outer loop
      vertex -0.581737 5.90648 8.86411
      vertex -1.15787 5.82102 8.86411
      vertex -1.13546 5.70835 9.03736
    endloop
  endfacet
  facet normal -0.406276 0.858988 0.311575
    outer loop
      vertex -2.29333 5.5366 8.68832
      vertex -2.82497 5.28515 8.68832
      vertex -2.27125 5.48328 8.86411
    endloop
  endfacet
  facet normal -0.406277 0.858985 0.311582
    outer loop
      vertex -2.27125 5.48328 8.86411
      vertex -2.82497 5.28515 8.68832
      vertex -2.79777 5.23425 8.86411
    endloop
  endfacet
  facet normal 0.0409165 0.832748 0.552137
    outer loop
      vertex 0 5.93506 8.86411
      vertex 0 5.82019 9.03736
      vertex 0.570477 5.79216 9.03736
    endloop
  endfacet
  facet normal 0.0409115 0.832742 0.552148
    outer loop
      vertex 0.581737 5.90648 8.86411
      vertex 0 5.93506 8.86411
      vertex 0.570477 5.79216 9.03736
    endloop
  endfacet
  facet normal -0.565143 0.41913 0.710594
    outer loop
      vertex -4.49907 3.69229 9.03736
      vertex -4.83931 3.23352 9.03736
      vertex -4.69719 3.13856 9.2064
    endloop
  endfacet
  facet normal -0.603498 0.361728 0.710594
    outer loop
      vertex -4.83931 3.23352 9.03736
      vertex -4.98221 2.66304 9.2064
      vertex -4.69719 3.13856 9.2064
    endloop
  endfacet
  facet normal -0.763213 0.566039 0.311619
    outer loop
      vertex -4.58786 3.76516 8.86411
      vertex -4.98281 3.32941 8.68832
      vertex -4.93482 3.29734 8.86411
    endloop
  endfacet
  facet normal -0.763214 0.566044 0.311607
    outer loop
      vertex -4.63248 3.80177 8.68832
      vertex -4.98281 3.32941 8.68832
      vertex -4.58786 3.76516 8.86411
    endloop
  endfacet
  facet normal -0.34971 0.471529 0.809545
    outer loop
      vertex -3.13856 4.69719 9.2064
      vertex -3.58385 4.36694 9.2064
      vertex -3.01338 4.50984 9.3696
    endloop
  endfacet
  facet normal -0.419129 0.565129 0.710606
    outer loop
      vertex -3.13856 4.69719 9.2064
      vertex -3.69229 4.49907 9.03736
      vertex -3.58385 4.36694 9.2064
    endloop
  endfacet
  facet normal -0.246729 0.147882 0.957735
    outer loop
      vertex -3.69647 2.4699 9.80881
      vertex -3.92076 2.09569 9.80881
      vertex -3.55357 1.89942 9.93371
    endloop
  endfacet
  facet normal -0.370646 0.175301 0.91208
    outer loop
      vertex -4.25019 2.27178 9.67226
      vertex -4.75463 1.96943 9.52538
      vertex -4.4524 1.84424 9.67226
    endloop
  endfacet
  facet normal -0.246727 0.147882 0.957735
    outer loop
      vertex -3.35028 2.23859 9.93371
      vertex -3.69647 2.4699 9.80881
      vertex -3.55357 1.89942 9.93371
    endloop
  endfacet
  facet normal -0.171349 0.231043 0.957736
    outer loop
      vertex -2.4699 3.69647 9.80881
      vertex -2.82033 3.43658 9.80881
      vertex -2.55619 3.11473 9.93371
    endloop
  endfacet
  facet normal -0.0232641 0.156858 0.987347
    outer loop
      vertex -0.302345 3.06976 10.1439
      vertex -0.601778 3.02535 10.1439
      vertex -0.500471 2.51604 10.2272
    endloop
  endfacet
  facet normal -0.0351223 0.236805 0.970922
    outer loop
      vertex -0.350332 3.55698 10.0458
      vertex -0.786087 3.95193 9.93371
      vertex -0.69729 3.50552 10.0458
    endloop
  endfacet
  facet normal -0.0969035 0.270837 0.957735
    outer loop
      vertex -1.29052 4.25428 9.80881
      vertex -1.54197 3.72264 9.93371
      vertex -1.16966 3.85585 9.93371
    endloop
  endfacet
  facet normal -0.0969079 0.270838 0.957735
    outer loop
      vertex -1.29052 4.25428 9.80881
      vertex -1.7013 4.1073 9.80881
      vertex -1.54197 3.72264 9.93371
    endloop
  endfacet
  facet normal 0.808752 -0.202578 0.552162
    outer loop
      vertex 5.70835 -1.13546 9.03736
      vertex 5.56957 -1.68951 9.03736
      vertex 5.6795 -1.72286 8.86411
    endloop
  endfacet
  facet normal 0.682527 -0.170961 0.710584
    outer loop
      vertex 5.70835 -1.13546 9.03736
      vertex 5.40601 -1.63989 9.2064
      vertex 5.56957 -1.68951 9.03736
    endloop
  endfacet
  facet normal 0.461247 -0.165033 0.871789
    outer loop
      vertex 4.92477 -1.49391 9.52538
      vertex 4.75463 -1.96943 9.52538
      vertex 5.01106 -2.07565 9.3696
    endloop
  endfacet
  facet normal 0.397731 -0.0996229 0.912077
    outer loop
      vertex 4.72664 -0.940187 9.67226
      vertex 4.61173 -1.39895 9.67226
      vertex 4.92477 -1.49391 9.52538
    endloop
  endfacet
  facet normal 0.323614 -0.115791 0.939077
    outer loop
      vertex 4.25428 -1.29052 9.80881
      vertex 4.1073 -1.7013 9.80881
      vertex 4.61173 -1.39895 9.67226
    endloop
  endfacet
  facet normal 0.386051 -0.138128 0.912078
    outer loop
      vertex 4.92477 -1.49391 9.52538
      vertex 4.61173 -1.39895 9.67226
      vertex 4.75463 -1.96943 9.52538
    endloop
  endfacet
  facet normal 0.636049 -0.300828 0.710594
    outer loop
      vertex 5.21924 -2.16188 9.2064
      vertex 4.98221 -2.66304 9.2064
      vertex 5.13295 -2.74362 9.03736
    endloop
  endfacet
  facet normal 0.530679 -0.250991 0.809557
    outer loop
      vertex 5.01106 -2.07565 9.3696
      vertex 4.98221 -2.66304 9.2064
      vertex 5.21924 -2.16188 9.2064
    endloop
  endfacet
  facet normal 0.669681 -0.496659 0.552139
    outer loop
      vertex 4.83931 -3.23352 9.03736
      vertex 4.49907 -3.69229 9.03736
      vertex 4.93482 -3.29734 8.86411
    endloop
  endfacet
  facet normal 0.71513 -0.42864 0.552138
    outer loop
      vertex 5.13295 -2.74362 9.03736
      vertex 4.83931 -3.23352 9.03736
      vertex 4.93482 -3.29734 8.86411
    endloop
  endfacet
  facet normal 0.351689 -0.210788 0.912076
    outer loop
      vertex 4.25019 -2.27178 9.67226
      vertex 4.00706 -2.67743 9.67226
      vertex 4.53869 -2.42598 9.52538
    endloop
  endfacet
  facet normal 0.294802 -0.176692 0.93908
    outer loop
      vertex 4.25019 -2.27178 9.67226
      vertex 3.69647 -2.4699 9.80881
      vertex 4.00706 -2.67743 9.67226
    endloop
  endfacet
  facet normal 0.405569 0.0601653 0.912082
    outer loop
      vertex 5.04749 1.00401 9.52538
      vertex 4.72664 0.940187 9.67226
      vertex 4.79604 0.472368 9.67226
    endloop
  endfacet
  facet normal 0.339981 0.0504355 0.939079
    outer loop
      vertex 4.72664 0.940187 9.67226
      vertex 4.4243 0.435755 9.80881
      vertex 4.79604 0.472368 9.67226
    endloop
  endfacet
  facet normal 0.42864 -0.71513 0.552138
    outer loop
      vertex 3.23352 -4.83931 9.03736
      vertex 2.74362 -5.13295 9.03736
      vertex 3.29734 -4.93482 8.86411
    endloop
  endfacet
  facet normal 0.361728 -0.603496 0.710595
    outer loop
      vertex 3.23352 -4.83931 9.03736
      vertex 2.66304 -4.98221 9.2064
      vertex 2.74362 -5.13295 9.03736
    endloop
  endfacet
  facet normal 0.237039 -0.662481 0.710585
    outer loop
      vertex 2.22729 -5.37715 9.03736
      vertex 1.63989 -5.40601 9.2064
      vertex 1.68951 -5.56957 9.03736
    endloop
  endfacet
  facet normal 0.170961 -0.682527 0.710584
    outer loop
      vertex 1.63989 -5.40601 9.2064
      vertex 1.13546 -5.70835 9.03736
      vertex 1.68951 -5.56957 9.03736
    endloop
  endfacet
  facet normal 0.356486 -0.753712 0.55212
    outer loop
      vertex 2.74362 -5.13295 9.03736
      vertex 2.27125 -5.48328 8.86411
      vertex 2.79777 -5.23425 8.86411
    endloop
  endfacet
  facet normal 0.48851 -0.815031 0.31158
    outer loop
      vertex 3.29734 -4.93482 8.86411
      vertex 2.79777 -5.23425 8.86411
      vertex 2.82497 -5.28515 8.68832
    endloop
  endfacet
  facet normal 0.254664 -0.230818 0.939079
    outer loop
      vertex 3.43658 -2.82033 9.80881
      vertex 3.14359 -3.14359 9.80881
      vertex 3.72533 -3.0573 9.67226
    endloop
  endfacet
  facet normal 0.276066 -0.204739 0.939079
    outer loop
      vertex 3.69647 -2.4699 9.80881
      vertex 3.43658 -2.82033 9.80881
      vertex 3.72533 -3.0573 9.67226
    endloop
  endfacet
  facet normal 0.303805 -0.275358 0.912075
    outer loop
      vertex 3.72533 -3.0573 9.67226
      vertex 3.63903 -3.63903 9.52538
      vertex 3.9782 -3.26482 9.52538
    endloop
  endfacet
  facet normal 0.362967 -0.32898 0.871795
    outer loop
      vertex 3.9782 -3.26482 9.52538
      vertex 3.63903 -3.63903 9.52538
      vertex 4.19276 -3.44091 9.3696
    endloop
  endfacet
  facet normal 0.225399 -0.0806464 0.970923
    outer loop
      vertex 3.85585 -1.16966 9.93371
      vertex 3.42029 -1.03753 10.0458
      vertex 3.72264 -1.54197 9.93371
    endloop
  endfacet
  facet normal 0.232218 -0.0581677 0.970923
    outer loop
      vertex 3.95193 -0.786087 9.93371
      vertex 3.42029 -1.03753 10.0458
      vertex 3.85585 -1.16966 9.93371
    endloop
  endfacet
  facet normal 0.192286 -0.14261 0.970921
    outer loop
      vertex 3.35028 -2.23859 9.93371
      vertex 2.97184 -1.98572 10.0458
      vertex 3.11473 -2.55619 9.93371
    endloop
  endfacet
  facet normal 0.205339 -0.123075 0.970921
    outer loop
      vertex 3.55357 -1.89942 9.93371
      vertex 2.97184 -1.98572 10.0458
      vertex 3.35028 -2.23859 9.93371
    endloop
  endfacet
  facet normal 0.156858 -0.0232641 0.987347
    outer loop
      vertex 3.06976 -0.302345 10.1439
      vertex 2.51604 -0.500471 10.2272
      vertex 3.02535 -0.601778 10.1439
    endloop
  endfacet
  facet normal 0.156859 -0.0232683 0.987347
    outer loop
      vertex 2.55298 -0.251446 10.2272
      vertex 2.51604 -0.500471 10.2272
      vertex 3.06976 -0.302345 10.1439
    endloop
  endfacet
  facet normal 0.105897 0.0634756 0.992349
    outer loop
      vertex 2.13299 1.42522 10.2272
      vertex 1.78266 0.952852 10.2948
      vertex 2.26242 1.20929 10.2272
    endloop
  endfacet
  facet normal 0.136012 0.0815263 0.987347
    outer loop
      vertex 2.72039 1.45408 10.1439
      vertex 2.13299 1.42522 10.2272
      vertex 2.26242 1.20929 10.2272
    endloop
  endfacet
  facet normal 0.185201 0.0662611 0.980464
    outer loop
      vertex 3.30213 1.36779 10.0458
      vertex 2.95179 0.895416 10.1439
      vertex 3.42029 1.03753 10.0458
    endloop
  endfacet
  facet normal 0.185197 0.0662647 0.980465
    outer loop
      vertex 3.30213 1.36779 10.0458
      vertex 2.84981 1.18043 10.1439
      vertex 2.95179 0.895416 10.1439
    endloop
  endfacet
  facet normal -0.0126327 -0.0267093 0.999563
    outer loop
      vertex -0.138782 -0.259643 10.3978
      vertex -0.415009 -0.776428 10.3805
      vertex -0.112664 -0.271996 10.3978
    endloop
  endfacet
  facet normal 0.0292263 -0.00433529 0.999563
    outer loop
      vertex 0.876143 -0.0862923 10.3805
      vertex 0.288749 -0.057435 10.3978
      vertex 0.863466 -0.171754 10.3805
    endloop
  endfacet
  facet normal 0.205338 0.123069 0.970922
    outer loop
      vertex 3.55357 1.89942 9.93371
      vertex 2.97184 1.98572 10.0458
      vertex 3.15216 1.68486 10.0458
    endloop
  endfacet
  facet normal 0.145743 0.132094 0.980464
    outer loop
      vertex 2.52734 2.52734 10.0458
      vertex 2.38444 1.95686 10.1439
      vertex 2.76289 2.26745 10.0458
    endloop
  endfacet
  facet normal 0.0672619 0.060965 0.995871
    outer loop
      vertex 1.4293 1.4293 10.2948
      vertex 1.03088 1.03088 10.3461
      vertex 1.56252 1.28232 10.2948
    endloop
  endfacet
  facet normal 0.136012 0.0815262 0.987347
    outer loop
      vertex 2.56476 1.71372 10.1439
      vertex 2.13299 1.42522 10.2272
      vertex 2.72039 1.45408 10.1439
    endloop
  endfacet
  facet normal 0.117174 0.157988 0.980464
    outer loop
      vertex 1.98572 2.97184 10.0458
      vertex 1.95686 2.38444 10.1439
      vertex 2.26745 2.76289 10.0458
    endloop
  endfacet
  facet normal 0.160769 0.177382 0.970922
    outer loop
      vertex 2.55619 3.11473 9.93371
      vertex 2.52734 2.52734 10.0458
      vertex 2.84918 2.84918 9.93371
    endloop
  endfacet
  facet normal 0.0944594 0.127372 0.987347
    outer loop
      vertex 1.95686 2.38444 10.1439
      vertex 1.42522 2.13299 10.2272
      vertex 1.62743 1.98303 10.2272
    endloop
  endfacet
  facet normal 0.117169 0.157988 0.980465
    outer loop
      vertex 1.98572 2.97184 10.0458
      vertex 1.71372 2.56476 10.1439
      vertex 1.95686 2.38444 10.1439
    endloop
  endfacet
  facet normal 0.0806443 0.225403 0.970922
    outer loop
      vertex 1.54197 3.72264 9.93371
      vertex 1.03753 3.42029 10.0458
      vertex 1.36779 3.30213 10.0458
    endloop
  endfacet
  facet normal 0.0354621 0.0478189 0.998226
    outer loop
      vertex 0.809955 1.21218 10.3461
      vertex 0.558509 0.680545 10.3805
      vertex 0.92487 1.12696 10.3461
    endloop
  endfacet
  facet normal 0.00433529 0.0292263 0.999563
    outer loop
      vertex 0.0862923 0.876143 10.3805
      vertex 0.057435 0.288749 10.3978
      vertex 0.171754 0.863466 10.3805
    endloop
  endfacet
  facet normal 0.0126324 0.0267094 0.999563
    outer loop
      vertex 0.336907 0.813367 10.3805
      vertex 0.112664 0.271996 10.3978
      vertex 0.415009 0.776428 10.3805
    endloop
  endfacet
  facet normal 0.106493 0.117494 0.987347
    outer loop
      vertex 1.95686 2.38444 10.1439
      vertex 1.81396 1.81396 10.2272
      vertex 2.18115 2.18115 10.1439
    endloop
  endfacet
  facet normal 0.127372 0.0944594 0.987347
    outer loop
      vertex 2.38444 1.95686 10.1439
      vertex 1.98303 1.62743 10.2272
      vertex 2.13299 1.42522 10.2272
    endloop
  endfacet
  facet normal 0.0698944 0.279034 0.957734
    outer loop
      vertex 0.867314 4.36028 9.80881
      vertex 0.786087 3.95193 9.93371
      vertex 1.16966 3.85585 9.93371
    endloop
  endfacet
  facet normal 0.0422105 0.284541 0.957734
    outer loop
      vertex 0.867314 4.36028 9.80881
      vertex 0.435755 4.4243 9.80881
      vertex 0.786087 3.95193 9.93371
    endloop
  endfacet
  facet normal 0.102359 0.216408 0.970922
    outer loop
      vertex 1.54197 3.72264 9.93371
      vertex 1.36779 3.30213 10.0458
      vertex 1.89942 3.55357 9.93371
    endloop
  endfacet
  facet normal 0.122993 0.260034 0.957734
    outer loop
      vertex 1.7013 4.1073 9.80881
      vertex 1.54197 3.72264 9.93371
      vertex 1.89942 3.55357 9.93371
    endloop
  endfacet
  facet normal 0.24425 0.329334 0.912075
    outer loop
      vertex 2.85917 4.27905 9.52538
      vertex 2.67743 4.00706 9.67226
      vertex 3.0573 3.72533 9.67226
    endloop
  endfacet
  facet normal 0.210792 0.35169 0.912075
    outer loop
      vertex 2.85917 4.27905 9.52538
      vertex 2.42598 4.53869 9.52538
      vertex 2.67743 4.00706 9.67226
    endloop
  endfacet
  facet normal 0.196465 -0.0096561 0.980463
    outer loop
      vertex 3.08462 0 10.1439
      vertex 3.06976 -0.302345 10.1439
      vertex 3.57419 0 10.0458
    endloop
  endfacet
  facet normal 0.196462 -0.00965118 0.980464
    outer loop
      vertex 3.57419 0 10.0458
      vertex 3.06976 -0.302345 10.1439
      vertex 3.55698 -0.350332 10.0458
    endloop
  endfacet
  facet normal -0.0288583 0.194571 0.980464
    outer loop
      vertex -0.350332 3.55698 10.0458
      vertex -0.69729 3.50552 10.0458
      vertex -0.302345 3.06976 10.1439
    endloop
  endfacet
  facet normal -0.00965118 0.196462 0.980464
    outer loop
      vertex 0 3.57419 10.0458
      vertex -0.350332 3.55698 10.0458
      vertex -0.302345 3.06976 10.1439
    endloop
  endfacet
  facet normal 0.0141127 0.287306 0.957735
    outer loop
      vertex 0.435755 4.4243 9.80881
      vertex 0 4.02935 9.93371
      vertex 0.394945 4.00995 9.93371
    endloop
  endfacet
  facet normal 0.011746 0.239104 0.970923
    outer loop
      vertex 0 4.02935 9.93371
      vertex 0 3.57419 10.0458
      vertex 0.350332 3.55698 10.0458
    endloop
  endfacet
  facet normal 0.0181185 0.122129 0.992349
    outer loop
      vertex 0.251446 2.55298 10.2272
      vertex 0.198126 2.01161 10.2948
      vertex 0.394343 1.9825 10.2948
    endloop
  endfacet
  facet normal 0.0399803 0.0441105 0.998226
    outer loop
      vertex 1.03088 1.03088 10.3461
      vertex 0.558509 0.680545 10.3805
      vertex 0.622524 0.622524 10.3805
    endloop
  endfacet
  facet normal -0.147882 0.246727 0.957735
    outer loop
      vertex -1.89942 3.55357 9.93371
      vertex -2.4699 3.69647 9.80881
      vertex -2.23859 3.35028 9.93371
    endloop
  endfacet
  facet normal -0.24425 0.329334 0.912075
    outer loop
      vertex -2.85917 4.27905 9.52538
      vertex -3.0573 3.72533 9.67226
      vertex -2.67743 4.00706 9.67226
    endloop
  endfacet
  facet normal -0.106493 0.117494 0.987347
    outer loop
      vertex -1.95686 2.38444 10.1439
      vertex -2.18115 2.18115 10.1439
      vertex -1.81396 1.81396 10.2272
    endloop
  endfacet
  facet normal -0.132095 0.14574 0.980465
    outer loop
      vertex -1.95686 2.38444 10.1439
      vertex -2.52734 2.52734 10.0458
      vertex -2.18115 2.18115 10.1439
    endloop
  endfacet
  facet normal -0.00777921 0.158385 0.987347
    outer loop
      vertex 0 2.56533 10.2272
      vertex -0.302345 3.06976 10.1439
      vertex -0.251446 2.55298 10.2272
    endloop
  endfacet
  facet normal -0.0385339 0.15382 0.987347
    outer loop
      vertex -0.601778 3.02535 10.1439
      vertex -0.895416 2.95179 10.1439
      vertex -0.500471 2.51604 10.2272
    endloop
  endfacet
  facet normal -0.11161 0.0527885 0.992349
    outer loop
      vertex -2.26242 1.20929 10.2272
      vertex -2.37006 0.981709 10.2272
      vertex -1.78266 0.952852 10.2948
    endloop
  endfacet
  facet normal -0.0729133 0.0540763 0.995871
    outer loop
      vertex -1.56252 1.28232 10.2948
      vertex -1.68068 1.123 10.2948
      vertex -1.21218 0.809955 10.3461
    endloop
  endfacet
  facet normal -0.0815262 0.136012 0.987347
    outer loop
      vertex -1.45408 2.72039 10.1439
      vertex -1.71372 2.56476 10.1439
      vertex -1.42522 2.13299 10.2272
    endloop
  endfacet
  facet normal -0.102359 0.216409 0.970922
    outer loop
      vertex -1.36779 3.30213 10.0458
      vertex -1.89942 3.55357 9.93371
      vertex -1.68486 3.15216 10.0458
    endloop
  endfacet
  facet normal -0.0534229 0.149306 0.987347
    outer loop
      vertex -0.895416 2.95179 10.1439
      vertex -1.18043 2.84981 10.1439
      vertex -0.981709 2.37006 10.2272
    endloop
  endfacet
  facet normal -0.117169 0.157988 0.980465
    outer loop
      vertex -1.71372 2.56476 10.1439
      vertex -1.98572 2.97184 10.0458
      vertex -1.95686 2.38444 10.1439
    endloop
  endfacet
  facet normal -0.0944607 0.127369 0.987347
    outer loop
      vertex -1.71372 2.56476 10.1439
      vertex -1.95686 2.38444 10.1439
      vertex -1.42522 2.13299 10.2272
    endloop
  endfacet
  facet normal -0.0735447 0.0991696 0.992349
    outer loop
      vertex -1.42522 2.13299 10.2272
      vertex -1.62743 1.98303 10.2272
      vertex -1.28232 1.56252 10.2948
    endloop
  endfacet
  facet normal -0.0240357 0.489282 0.871795
    outer loop
      vertex 0 5.14637 9.52538
      vertex -0.531638 5.39782 9.3696
      vertex -0.504432 5.12159 9.52538
    endloop
  endfacet
  facet normal -0.0718739 0.48457 0.871795
    outer loop
      vertex -0.531638 5.39782 9.3696
      vertex -1.00401 5.04749 9.52538
      vertex -0.504432 5.12159 9.52538
    endloop
  endfacet
  facet normal -0.0861314 0.5807 0.809549
    outer loop
      vertex -0.553724 5.62206 9.2064
      vertex -1.10212 5.54072 9.2064
      vertex -0.531638 5.39782 9.3696
    endloop
  endfacet
  facet normal -0.0288025 0.586346 0.809549
    outer loop
      vertex 0 5.64926 9.2064
      vertex -0.553724 5.62206 9.2064
      vertex -0.531638 5.39782 9.3696
    endloop
  endfacet
  facet normal -0.280876 0.785 0.552163
    outer loop
      vertex -1.72286 5.6795 8.86411
      vertex -2.22729 5.37715 9.03736
      vertex -1.68951 5.56957 9.03736
    endloop
  endfacet
  facet normal -0.170961 0.682527 0.710584
    outer loop
      vertex -1.13546 5.70835 9.03736
      vertex -1.68951 5.56957 9.03736
      vertex -1.63989 5.40601 9.2064
    endloop
  endfacet
  facet normal 0.270837 0.0969035 0.957735
    outer loop
      vertex 4.25428 1.29052 9.80881
      vertex 3.72264 1.54197 9.93371
      vertex 3.85585 1.16966 9.93371
    endloop
  endfacet
  facet normal 0.232218 0.0581677 0.970923
    outer loop
      vertex 3.85585 1.16966 9.93371
      vertex 3.42029 1.03753 10.0458
      vertex 3.95193 0.786087 9.93371
    endloop
  endfacet
  facet normal -0.0698944 0.279034 0.957734
    outer loop
      vertex -0.867314 4.36028 9.80881
      vertex -1.16966 3.85585 9.93371
      vertex -0.786087 3.95193 9.93371
    endloop
  endfacet
  facet normal -0.0422105 0.284541 0.957734
    outer loop
      vertex -0.435755 4.4243 9.80881
      vertex -0.867314 4.36028 9.80881
      vertex -0.786087 3.95193 9.93371
    endloop
  endfacet
  facet normal 0.0601579 0.405581 0.912077
    outer loop
      vertex 0.504432 5.12159 9.52538
      vertex 0.472368 4.79604 9.67226
      vertex 1.00401 5.04749 9.52538
    endloop
  endfacet
  facet normal 0.0718739 0.48457 0.871795
    outer loop
      vertex 0.531638 5.39782 9.3696
      vertex 0.504432 5.12159 9.52538
      vertex 1.00401 5.04749 9.52538
    endloop
  endfacet
  facet normal 0.0969035 0.270837 0.957735
    outer loop
      vertex 1.29052 4.25428 9.80881
      vertex 1.16966 3.85585 9.93371
      vertex 1.54197 3.72264 9.93371
    endloop
  endfacet
  facet normal 0.0969079 0.270838 0.957735
    outer loop
      vertex 1.7013 4.1073 9.80881
      vertex 1.29052 4.25428 9.80881
      vertex 1.54197 3.72264 9.93371
    endloop
  endfacet
  facet normal 0.103232 0.695993 0.710589
    outer loop
      vertex 0.570477 5.79216 9.03736
      vertex 0.553724 5.62206 9.2064
      vertex 1.10212 5.54072 9.2064
    endloop
  endfacet
  facet normal 0.0861314 0.5807 0.809549
    outer loop
      vertex 0.553724 5.62206 9.2064
      vertex 0.531638 5.39782 9.3696
      vertex 1.10212 5.54072 9.2064
    endloop
  endfacet
  facet normal 0.442841 0.209452 0.871792
    outer loop
      vertex 4.78348 2.55682 9.3696
      vertex 4.53869 2.42598 9.52538
      vertex 5.01106 2.07565 9.3696
    endloop
  endfacet
  facet normal 0.420185 0.251839 0.871792
    outer loop
      vertex 4.78348 2.55682 9.3696
      vertex 4.50984 3.01338 9.3696
      vertex 4.53869 2.42598 9.52538
    endloop
  endfacet
  facet normal -0.123316 0.00605608 0.992349
    outer loop
      vertex -2.01161 0.198126 10.2948
      vertex -2.56533 0 10.2272
      vertex -2.02134 0 10.2948
    endloop
  endfacet
  facet normal -0.123316 -0.00605608 0.992349
    outer loop
      vertex -2.02134 0 10.2948
      vertex -2.56533 0 10.2272
      vertex -2.01161 -0.198126 10.2948
    endloop
  endfacet
  facet normal -0.0854709 0.0305832 0.995871
    outer loop
      vertex -1.86747 0.773533 10.2948
      vertex -1.9343 0.586763 10.2948
      vertex -1.3951 0.4232 10.3461
    endloop
  endfacet
  facet normal -0.119764 0.0299992 0.992349
    outer loop
      vertex -2.45487 0.744676 10.2272
      vertex -2.51604 0.500471 10.2272
      vertex -1.9343 0.586763 10.2948
    endloop
  endfacet
  facet normal -0.127372 0.0944594 0.987347
    outer loop
      vertex -1.98303 1.62743 10.2272
      vertex -2.38444 1.95686 10.1439
      vertex -2.13299 1.42522 10.2272
    endloop
  endfacet
  facet normal -0.116245 0.0415949 0.992349
    outer loop
      vertex -1.86747 0.773533 10.2948
      vertex -2.37006 0.981709 10.2272
      vertex -1.9343 0.586763 10.2948
    endloop
  endfacet
  facet normal -0.119764 0.0300002 0.992349
    outer loop
      vertex -1.9343 0.586763 10.2948
      vertex -2.51604 0.500471 10.2272
      vertex -1.9825 0.394343 10.2948
    endloop
  endfacet
  facet normal -0.088058 0.022058 0.995871
    outer loop
      vertex -1.9343 0.586763 10.2948
      vertex -1.9825 0.394343 10.2948
      vertex -1.42987 0.284418 10.3461
    endloop
  endfacet
  facet normal -0.205339 0.123075 0.970921
    outer loop
      vertex -3.35028 2.23859 9.93371
      vertex -3.55357 1.89942 9.93371
      vertex -2.97184 1.98572 10.0458
    endloop
  endfacet
  facet normal -0.225399 0.0806464 0.970923
    outer loop
      vertex -3.72264 1.54197 9.93371
      vertex -3.85585 1.16966 9.93371
      vertex -3.42029 1.03753 10.0458
    endloop
  endfacet
  facet normal -0.185197 0.0662647 0.980465
    outer loop
      vertex -2.84981 1.18043 10.1439
      vertex -3.30213 1.36779 10.0458
      vertex -2.95179 0.895416 10.1439
    endloop
  endfacet
  facet normal -0.260034 0.122993 0.957734
    outer loop
      vertex -3.55357 1.89942 9.93371
      vertex -4.1073 1.7013 9.80881
      vertex -3.72264 1.54197 9.93371
    endloop
  endfacet
  facet normal -0.149306 0.0534229 0.987347
    outer loop
      vertex -2.84981 1.18043 10.1439
      vertex -2.95179 0.895416 10.1439
      vertex -2.37006 0.981709 10.2272
    endloop
  endfacet
  facet normal -0.168717 0.10112 0.980464
    outer loop
      vertex -2.97184 1.98572 10.0458
      vertex -3.15216 1.68486 10.0458
      vertex -2.72039 1.45408 10.1439
    endloop
  endfacet
  facet normal -0.143352 0.067797 0.987347
    outer loop
      vertex -2.72039 1.45408 10.1439
      vertex -2.84981 1.18043 10.1439
      vertex -2.37006 0.981709 10.2272
    endloop
  endfacet
  facet normal -0.149306 0.0534215 0.987347
    outer loop
      vertex -2.37006 0.981709 10.2272
      vertex -2.95179 0.895416 10.1439
      vertex -2.45487 0.744676 10.2272
    endloop
  endfacet
  facet normal 0 0 1
    outer loop
      vertex 0.292988 0.0288563 10.3978
      vertex 0.292988 -0.0288563 10.3978
      vertex 0.294406 0 10.3978
    endloop
  endfacet
  facet normal 0 0 1
    outer loop
      vertex 0.288749 0.057435 10.3978
      vertex 0.292988 -0.0288563 10.3978
      vertex 0.292988 0.0288563 10.3978
    endloop
  endfacet
  facet normal 0 0 1
    outer loop
      vertex 0.288749 0.057435 10.3978
      vertex 0.288749 -0.057435 10.3978
      vertex 0.292988 -0.0288563 10.3978
    endloop
  endfacet
  facet normal 0 0 1
    outer loop
      vertex 0.281729 0.0854607 10.3978
      vertex 0.288749 -0.057435 10.3978
      vertex 0.288749 0.057435 10.3978
    endloop
  endfacet
  facet normal 0 0 1
    outer loop
      vertex 0.281729 0.0854607 10.3978
      vertex 0.281729 -0.0854607 10.3978
      vertex 0.288749 -0.057435 10.3978
    endloop
  endfacet
  facet normal 0 0 1
    outer loop
      vertex 0.271996 0.112664 10.3978
      vertex 0.281729 -0.0854607 10.3978
      vertex 0.281729 0.0854607 10.3978
    endloop
  endfacet
  facet normal 0 0 1
    outer loop
      vertex 0.271996 0.112664 10.3978
      vertex 0.271996 -0.112664 10.3978
      vertex 0.281729 -0.0854607 10.3978
    endloop
  endfacet
  facet normal 0 0 1
    outer loop
      vertex 0.259643 0.138782 10.3978
      vertex 0.271996 -0.112664 10.3978
      vertex 0.271996 0.112664 10.3978
    endloop
  endfacet
  facet normal 0 0 1
    outer loop
      vertex 0.259643 0.138782 10.3978
      vertex 0.259643 -0.138782 10.3978
      vertex 0.271996 -0.112664 10.3978
    endloop
  endfacet
  facet normal 0 0 1
    outer loop
      vertex 0.244789 0.163563 10.3978
      vertex 0.259643 -0.138782 10.3978
      vertex 0.259643 0.138782 10.3978
    endloop
  endfacet
  facet normal 0 0 1
    outer loop
      vertex 0.244789 0.163563 10.3978
      vertex 0.244789 -0.163563 10.3978
      vertex 0.259643 -0.138782 10.3978
    endloop
  endfacet
  facet normal 0 0 1
    outer loop
      vertex 0.227578 0.186769 10.3978
      vertex 0.244789 -0.163563 10.3978
      vertex 0.244789 0.163563 10.3978
    endloop
  endfacet
  facet normal 0 0 1
    outer loop
      vertex 0.227578 0.186769 10.3978
      vertex 0.227578 -0.186769 10.3978
      vertex 0.244789 -0.163563 10.3978
    endloop
  endfacet
  facet normal 0 0 1
    outer loop
      vertex 0.208176 0.208176 10.3978
      vertex 0.227578 -0.186769 10.3978
      vertex 0.227578 0.186769 10.3978
    endloop
  endfacet
  facet normal 0 0 1
    outer loop
      vertex 0.208176 0.208176 10.3978
      vertex 0.208176 -0.208176 10.3978
      vertex 0.227578 -0.186769 10.3978
    endloop
  endfacet
  facet normal 0 0 1
    outer loop
      vertex 0.186769 0.227578 10.3978
      vertex 0.208176 -0.208176 10.3978
      vertex 0.208176 0.208176 10.3978
    endloop
  endfacet
  facet normal 0 0 1
    outer loop
      vertex 0.186769 0.227578 10.3978
      vertex 0.186769 -0.227578 10.3978
      vertex 0.208176 -0.208176 10.3978
    endloop
  endfacet
  facet normal 0 0 1
    outer loop
      vertex 0.163563 0.244789 10.3978
      vertex 0.186769 -0.227578 10.3978
      vertex 0.186769 0.227578 10.3978
    endloop
  endfacet
  facet normal 0 0 1
    outer loop
      vertex 0.163563 0.244789 10.3978
      vertex 0.163563 -0.244789 10.3978
      vertex 0.186769 -0.227578 10.3978
    endloop
  endfacet
  facet normal 0 0 1
    outer loop
      vertex 0.138782 0.259643 10.3978
      vertex 0.163563 -0.244789 10.3978
      vertex 0.163563 0.244789 10.3978
    endloop
  endfacet
  facet normal 0 0 1
    outer loop
      vertex 0.138782 0.259643 10.3978
      vertex 0.138782 -0.259643 10.3978
      vertex 0.163563 -0.244789 10.3978
    endloop
  endfacet
  facet normal 0 0 1
    outer loop
      vertex 0.112664 0.271996 10.3978
      vertex 0.138782 -0.259643 10.3978
      vertex 0.138782 0.259643 10.3978
    endloop
  endfacet
  facet normal 0 0 1
    outer loop
      vertex 0.112664 0.271996 10.3978
      vertex 0.112664 -0.271996 10.3978
      vertex 0.138782 -0.259643 10.3978
    endloop
  endfacet
  facet normal 0 0 1
    outer loop
      vertex 0.0854607 0.281729 10.3978
      vertex 0.112664 -0.271996 10.3978
      vertex 0.112664 0.271996 10.3978
    endloop
  endfacet
  facet normal 0 0 1
    outer loop
      vertex 0.0854607 0.281729 10.3978
      vertex 0.0854607 -0.281729 10.3978
      vertex 0.112664 -0.271996 10.3978
    endloop
  endfacet
  facet normal 0 0 1
    outer loop
      vertex 0.057435 0.288749 10.3978
      vertex 0.0854607 -0.281729 10.3978
      vertex 0.0854607 0.281729 10.3978
    endloop
  endfacet
  facet normal 0 0 1
    outer loop
      vertex 0.057435 0.288749 10.3978
      vertex 0.057435 -0.288749 10.3978
      vertex 0.0854607 -0.281729 10.3978
    endloop
  endfacet
  facet normal 0 0 1
    outer loop
      vertex 0.0288563 0.292988 10.3978
      vertex 0.057435 -0.288749 10.3978
      vertex 0.057435 0.288749 10.3978
    endloop
  endfacet
  facet normal 0 0 1
    outer loop
      vertex 0.0288563 0.292988 10.3978
      vertex 0.0288563 -0.292988 10.3978
      vertex 0.057435 -0.288749 10.3978
    endloop
  endfacet
  facet normal 0 0 1
    outer loop
      vertex 0 0.294406 10.3978
      vertex 0.0288563 -0.292988 10.3978
      vertex 0.0288563 0.292988 10.3978
    endloop
  endfacet
  facet normal 0 0 1
    outer loop
      vertex 0 0.294406 10.3978
      vertex 0 -0.294406 10.3978
      vertex 0.0288563 -0.292988 10.3978
    endloop
  endfacet
  facet normal -0 0 1
    outer loop
      vertex -0.0288563 0.292988 10.3978
      vertex 0 -0.294406 10.3978
      vertex 0 0.294406 10.3978
    endloop
  endfacet
  facet normal 0 0 1
    outer loop
      vertex -0.0288563 0.292988 10.3978
      vertex -0.0288563 -0.292988 10.3978
      vertex 0 -0.294406 10.3978
    endloop
  endfacet
  facet normal -0 0 1
    outer loop
      vertex -0.057435 0.288749 10.3978
      vertex -0.0288563 -0.292988 10.3978
      vertex -0.0288563 0.292988 10.3978
    endloop
  endfacet
  facet normal 0 0 1
    outer loop
      vertex -0.057435 0.288749 10.3978
      vertex -0.057435 -0.288749 10.3978
      vertex -0.0288563 -0.292988 10.3978
    endloop
  endfacet
  facet normal -0 0 1
    outer loop
      vertex -0.0854607 0.281729 10.3978
      vertex -0.057435 -0.288749 10.3978
      vertex -0.057435 0.288749 10.3978
    endloop
  endfacet
  facet normal 0 0 1
    outer loop
      vertex -0.0854607 0.281729 10.3978
      vertex -0.0854607 -0.281729 10.3978
      vertex -0.057435 -0.288749 10.3978
    endloop
  endfacet
  facet normal -0 0 1
    outer loop
      vertex -0.112664 0.271996 10.3978
      vertex -0.0854607 -0.281729 10.3978
      vertex -0.0854607 0.281729 10.3978
    endloop
  endfacet
  facet normal 0 0 1
    outer loop
      vertex -0.112664 0.271996 10.3978
      vertex -0.112664 -0.271996 10.3978
      vertex -0.0854607 -0.281729 10.3978
    endloop
  endfacet
  facet normal -0 0 1
    outer loop
      vertex -0.138782 0.259643 10.3978
      vertex -0.112664 -0.271996 10.3978
      vertex -0.112664 0.271996 10.3978
    endloop
  endfacet
  facet normal 0 0 1
    outer loop
      vertex -0.138782 0.259643 10.3978
      vertex -0.138782 -0.259643 10.3978
      vertex -0.112664 -0.271996 10.3978
    endloop
  endfacet
  facet normal -0 0 1
    outer loop
      vertex -0.163563 0.244789 10.3978
      vertex -0.138782 -0.259643 10.3978
      vertex -0.138782 0.259643 10.3978
    endloop
  endfacet
  facet normal 0 0 1
    outer loop
      vertex -0.163563 0.244789 10.3978
      vertex -0.163563 -0.244789 10.3978
      vertex -0.138782 -0.259643 10.3978
    endloop
  endfacet
  facet normal -0 0 1
    outer loop
      vertex -0.186769 0.227578 10.3978
      vertex -0.163563 -0.244789 10.3978
      vertex -0.163563 0.244789 10.3978
    endloop
  endfacet
  facet normal 0 0 1
    outer loop
      vertex -0.186769 0.227578 10.3978
      vertex -0.186769 -0.227578 10.3978
      vertex -0.163563 -0.244789 10.3978
    endloop
  endfacet
  facet normal -0 0 1
    outer loop
      vertex -0.208176 0.208176 10.3978
      vertex -0.186769 -0.227578 10.3978
      vertex -0.186769 0.227578 10.3978
    endloop
  endfacet
  facet normal 0 0 1
    outer loop
      vertex -0.208176 0.208176 10.3978
      vertex -0.208176 -0.208176 10.3978
      vertex -0.186769 -0.227578 10.3978
    endloop
  endfacet
  facet normal -0 0 1
    outer loop
      vertex -0.227578 0.186769 10.3978
      vertex -0.208176 -0.208176 10.3978
      vertex -0.208176 0.208176 10.3978
    endloop
  endfacet
  facet normal 0 0 1
    outer loop
      vertex -0.227578 0.186769 10.3978
      vertex -0.227578 -0.186769 10.3978
      vertex -0.208176 -0.208176 10.3978
    endloop
  endfacet
  facet normal -0 0 1
    outer loop
      vertex -0.244789 0.163563 10.3978
      vertex -0.227578 -0.186769 10.3978
      vertex -0.227578 0.186769 10.3978
    endloop
  endfacet
  facet normal 0 0 1
    outer loop
      vertex -0.244789 0.163563 10.3978
      vertex -0.244789 -0.163563 10.3978
      vertex -0.227578 -0.186769 10.3978
    endloop
  endfacet
  facet normal -0 0 1
    outer loop
      vertex -0.259643 0.138782 10.3978
      vertex -0.244789 -0.163563 10.3978
      vertex -0.244789 0.163563 10.3978
    endloop
  endfacet
  facet normal 0 0 1
    outer loop
      vertex -0.259643 0.138782 10.3978
      vertex -0.259643 -0.138782 10.3978
      vertex -0.244789 -0.163563 10.3978
    endloop
  endfacet
  facet normal -0 0 1
    outer loop
      vertex -0.271996 0.112664 10.3978
      vertex -0.259643 -0.138782 10.3978
      vertex -0.259643 0.138782 10.3978
    endloop
  endfacet
  facet normal 0 0 1
    outer loop
      vertex -0.271996 0.112664 10.3978
      vertex -0.271996 -0.112664 10.3978
      vertex -0.259643 -0.138782 10.3978
    endloop
  endfacet
  facet normal -0 0 1
    outer loop
      vertex -0.281729 0.0854607 10.3978
      vertex -0.271996 -0.112664 10.3978
      vertex -0.271996 0.112664 10.3978
    endloop
  endfacet
  facet normal 0 0 1
    outer loop
      vertex -0.281729 0.0854607 10.3978
      vertex -0.281729 -0.0854607 10.3978
      vertex -0.271996 -0.112664 10.3978
    endloop
  endfacet
  facet normal -0 0 1
    outer loop
      vertex -0.288749 0.057435 10.3978
      vertex -0.281729 -0.0854607 10.3978
      vertex -0.281729 0.0854607 10.3978
    endloop
  endfacet
  facet normal 0 0 1
    outer loop
      vertex -0.288749 0.057435 10.3978
      vertex -0.288749 -0.057435 10.3978
      vertex -0.281729 -0.0854607 10.3978
    endloop
  endfacet
  facet normal -0 0 1
    outer loop
      vertex -0.292988 0.0288563 10.3978
      vertex -0.288749 -0.057435 10.3978
      vertex -0.288749 0.057435 10.3978
    endloop
  endfacet
  facet normal 0 0 1
    outer loop
      vertex -0.292988 0.0288563 10.3978
      vertex -0.292988 -0.0288563 10.3978
      vertex -0.288749 -0.057435 10.3978
    endloop
  endfacet
  facet normal 0 -0 1
    outer loop
      vertex -0.292988 -0.0288563 10.3978
      vertex -0.292988 0.0288563 10.3978
      vertex -0.294406 0 10.3978
    endloop
  endfacet
  facet normal 0.0200563 -0.0560537 0.998226
    outer loop
      vertex 0.336907 -0.813367 10.3805
      vertex 0.255561 -0.842473 10.3805
      vertex 0.4232 -1.3951 10.3461
    endloop
  endfacet
  facet normal 0.0286606 -0.00717904 0.999563
    outer loop
      vertex 0.288749 -0.057435 10.3978
      vertex 0.281729 -0.0854607 10.3978
      vertex 0.863466 -0.171754 10.3805
    endloop
  endfacet
  facet normal -0.0306084 0.0510619 0.998226
    outer loop
      vertex -0.68724 1.28574 10.3461
      vertex -0.809955 1.21218 10.3461
      vertex -0.415009 0.776428 10.3805
    endloop
  endfacet
  facet normal 0.0198418 -0.0218923 0.999563
    outer loop
      vertex 0.208176 -0.208176 10.3978
      vertex 0.186769 -0.227578 10.3978
      vertex 0.622524 -0.622524 10.3805
    endloop
  endfacet
  facet normal -0.0253422 -0.0151904 0.999563
    outer loop
      vertex -0.259643 -0.138782 10.3978
      vertex -0.776428 -0.415009 10.3805
      vertex -0.244789 -0.163563 10.3978
    endloop
  endfacet
  facet normal -0.0176004 -0.0237317 0.999563
    outer loop
      vertex -0.163563 -0.244789 10.3978
      vertex -0.558509 -0.680545 10.3805
      vertex -0.489114 -0.732011 10.3805
    endloop
  endfacet
  facet normal -0.0133183 -0.0897964 0.995871
    outer loop
      vertex -0.284418 -1.42987 10.3461
      vertex -0.394343 -1.9825 10.2948
      vertex -0.142897 -1.45086 10.3461
    endloop
  endfacet
  facet normal -0.0254533 0.0538173 0.998226
    outer loop
      vertex -0.336907 0.813367 10.3805
      vertex -0.557906 1.34691 10.3461
      vertex -0.415009 0.776428 10.3805
    endloop
  endfacet
  facet normal -0.0253425 -0.0151898 0.999563
    outer loop
      vertex -0.244789 -0.163563 10.3978
      vertex -0.776428 -0.415009 10.3805
      vertex -0.732011 -0.489114 10.3805
    endloop
  endfacet
  facet normal -0.0466725 -0.0778604 0.995871
    outer loop
      vertex -0.809955 -1.21218 10.3461
      vertex -1.123 -1.68068 10.2948
      vertex -0.68724 -1.28574 10.3461
    endloop
  endfacet
  facet normal -0.0200563 -0.0560537 0.998226
    outer loop
      vertex -0.336907 -0.813367 10.3805
      vertex -0.4232 -1.3951 10.3461
      vertex -0.255561 -0.842473 10.3805
    endloop
  endfacet
  facet normal -0.00995332 0.0278191 0.999563
    outer loop
      vertex -0.0854607 0.281729 10.3978
      vertex -0.255561 0.842473 10.3805
      vertex -0.112664 0.271996 10.3978
    endloop
  endfacet
  facet normal 0.00873425 -0.058889 0.998226
    outer loop
      vertex 0.171754 -0.863466 10.3805
      vertex 0.142897 -1.45086 10.3461
      vertex 0.284418 -1.42987 10.3461
    endloop
  endfacet
  facet normal 0.0510636 -0.0306065 0.998226
    outer loop
      vertex 0.776428 -0.415009 10.3805
      vertex 0.732011 -0.489114 10.3805
      vertex 1.21218 -0.809955 10.3461
    endloop
  endfacet
  facet normal 0.0253422 0.0151904 0.999563
    outer loop
      vertex 0.776428 0.415009 10.3805
      vertex 0.244789 0.163563 10.3978
      vertex 0.259643 0.138782 10.3978
    endloop
  endfacet
  facet normal 0.0176007 0.0237314 0.999563
    outer loop
      vertex 0.558509 0.680545 10.3805
      vertex 0.163563 0.244789 10.3978
      vertex 0.186769 0.227578 10.3978
    endloop
  endfacet
  facet normal 0.0466689 0.0778644 0.995871
    outer loop
      vertex 0.952852 1.78266 10.2948
      vertex 0.68724 1.28574 10.3461
      vertex 1.123 1.68068 10.2948
    endloop
  endfacet
  facet normal 0.058889 -0.00873533 0.998226
    outer loop
      vertex 0.876143 -0.0862923 10.3805
      vertex 0.863466 -0.171754 10.3805
      vertex 1.45086 -0.142897 10.3461
    endloop
  endfacet
  facet normal -0.0278191 -0.00995332 0.999563
    outer loop
      vertex -0.281729 -0.0854607 10.3978
      vertex -0.842473 -0.255561 10.3805
      vertex -0.271996 -0.112664 10.3978
    endloop
  endfacet
  facet normal 0.0292263 0.00433506 0.999563
    outer loop
      vertex 0.876143 0.0862923 10.3805
      vertex 0.288749 0.057435 10.3978
      vertex 0.292988 0.0288563 10.3978
    endloop
  endfacet
  facet normal 0.0295104 0.00145014 0.999563
    outer loop
      vertex 0.876143 0.0862923 10.3805
      vertex 0.292988 0.0288563 10.3978
      vertex 0.294406 0 10.3978
    endloop
  endfacet
  facet normal 0.0778644 0.0466689 0.995871
    outer loop
      vertex 1.68068 1.123 10.2948
      vertex 1.28574 0.68724 10.3461
      vertex 1.78266 0.952852 10.2948
    endloop
  endfacet
  facet normal 0.0560542 0.0200529 0.998226
    outer loop
      vertex 1.34691 0.557906 10.3461
      vertex 0.813367 0.336907 10.3805
      vertex 1.3951 0.4232 10.3461
    endloop
  endfacet
  facet normal 0.0286606 0.00717925 0.999563
    outer loop
      vertex 0.842473 0.255561 10.3805
      vertex 0.281729 0.0854607 10.3978
      vertex 0.863466 0.171754 10.3805
    endloop
  endfacet
  facet normal 0.0510619 0.0306084 0.998226
    outer loop
      vertex 1.21218 0.809955 10.3461
      vertex 0.776428 0.415009 10.3805
      vertex 1.28574 0.68724 10.3461
    endloop
  endfacet
  facet normal -0.0634728 -0.105901 0.992349
    outer loop
      vertex -1.123 -1.68068 10.2948
      vertex -1.42522 -2.13299 10.2272
      vertex -0.952852 -1.78266 10.2948
    endloop
  endfacet
  facet normal -0.0305832 -0.0854709 0.995871
    outer loop
      vertex -0.4232 -1.3951 10.3461
      vertex -0.773533 -1.86747 10.2948
      vertex -0.586763 -1.9343 10.2948
    endloop
  endfacet
  facet normal -0.0944607 -0.127369 0.987347
    outer loop
      vertex -1.42522 -2.13299 10.2272
      vertex -1.95686 -2.38444 10.1439
      vertex -1.71372 -2.56476 10.1439
    endloop
  endfacet
  facet normal -0.00873533 -0.058889 0.998226
    outer loop
      vertex -0.0862923 -0.876143 10.3805
      vertex -0.171754 -0.863466 10.3805
      vertex -0.142897 -1.45086 10.3461
    endloop
  endfacet
  facet normal -0.0840942 -0.177812 0.980465
    outer loop
      vertex -1.18043 -2.84981 10.1439
      vertex -1.45408 -2.72039 10.1439
      vertex -1.36779 -3.30213 10.0458
    endloop
  endfacet
  facet normal -0.0735486 -0.0991686 0.992349
    outer loop
      vertex -1.28232 -1.56252 10.2948
      vertex -1.42522 -2.13299 10.2272
      vertex -1.123 -1.68068 10.2948
    endloop
  endfacet
  facet normal -0.0914796 -0.0829154 0.992349
    outer loop
      vertex -1.56252 -1.28232 10.2948
      vertex -1.81396 -1.81396 10.2272
      vertex -1.4293 -1.4293 10.2948
    endloop
  endfacet
  facet normal -0.0829154 -0.0914796 0.992349
    outer loop
      vertex -1.4293 -1.4293 10.2948
      vertex -1.81396 -1.81396 10.2272
      vertex -1.28232 -1.56252 10.2948
    endloop
  endfacet
  facet normal -0.00445275 -0.0906687 0.995871
    outer loop
      vertex 0 -1.45788 10.3461
      vertex -0.198126 -2.01161 10.2948
      vertex 0 -2.02134 10.2948
    endloop
  endfacet
  facet normal 0.00605608 -0.123316 0.992349
    outer loop
      vertex 0 -2.02134 10.2948
      vertex 0 -2.56533 10.2272
      vertex 0.198126 -2.01161 10.2948
    endloop
  endfacet
  facet normal -0.058889 -0.00873533 0.998226
    outer loop
      vertex -0.876143 -0.0862923 10.3805
      vertex -1.45086 -0.142897 10.3461
      vertex -0.863466 -0.171754 10.3805
    endloop
  endfacet
  facet normal -0.122129 -0.0181185 0.992349
    outer loop
      vertex -2.01161 -0.198126 10.2948
      vertex -2.55298 -0.251446 10.2272
      vertex -1.9825 -0.394343 10.2948
    endloop
  endfacet
  facet normal -0.0126324 -0.0267094 0.999563
    outer loop
      vertex -0.112664 -0.271996 10.3978
      vertex -0.415009 -0.776428 10.3805
      vertex -0.336907 -0.813367 10.3805
    endloop
  endfacet
  facet normal -0.0510619 -0.0306084 0.998226
    outer loop
      vertex -0.776428 -0.415009 10.3805
      vertex -1.28574 -0.68724 10.3461
      vertex -1.21218 -0.809955 10.3461
    endloop
  endfacet
  facet normal -0.0778644 -0.0466689 0.995871
    outer loop
      vertex -1.28574 -0.68724 10.3461
      vertex -1.78266 -0.952852 10.2948
      vertex -1.68068 -1.123 10.2948
    endloop
  endfacet
  facet normal 0.0254535 -0.0538172 0.998226
    outer loop
      vertex 0.68724 -1.28574 10.3461
      vertex 0.415009 -0.776428 10.3805
      vertex 0.557906 -1.34691 10.3461
    endloop
  endfacet
  facet normal 0.0540741 -0.0729163 0.995871
    outer loop
      vertex 0.92487 -1.12696 10.3461
      vertex 0.809955 -1.21218 10.3461
      vertex 1.28232 -1.56252 10.2948
    endloop
  endfacet
  facet normal 0.0914787 -0.0829159 0.992349
    outer loop
      vertex 1.98303 -1.62743 10.2272
      vertex 1.56252 -1.28232 10.2948
      vertex 1.81396 -1.81396 10.2272
    endloop
  endfacet
  facet normal 0.0991696 -0.0735447 0.992349
    outer loop
      vertex 2.13299 -1.42522 10.2272
      vertex 1.56252 -1.28232 10.2948
      vertex 1.98303 -1.62743 10.2272
    endloop
  endfacet
  facet normal -0.287302 -0.0141161 0.957736
    outer loop
      vertex -4.02935 0 9.93371
      vertex -4.44571 0 9.80881
      vertex -4.4243 -0.435755 9.80881
    endloop
  endfacet
  facet normal -0.287306 -0.0141127 0.957735
    outer loop
      vertex -4.02935 0 9.93371
      vertex -4.4243 -0.435755 9.80881
      vertex -4.00995 -0.394945 9.93371
    endloop
  endfacet
  facet normal -0.158382 -0.00778433 0.987347
    outer loop
      vertex -2.56533 0 10.2272
      vertex -3.08462 0 10.1439
      vertex -3.06976 -0.302345 10.1439
    endloop
  endfacet
  facet normal -0.194571 0.0288583 0.980464
    outer loop
      vertex -3.50552 0.69729 10.0458
      vertex -3.55698 0.350332 10.0458
      vertex -3.06976 0.302345 10.1439
    endloop
  endfacet
  facet normal -0.236805 0.0351223 0.970922
    outer loop
      vertex -3.50552 0.69729 10.0458
      vertex -3.95193 0.786087 9.93371
      vertex -3.55698 0.350332 10.0458
    endloop
  endfacet
  facet normal -0.158382 0.00778433 0.987347
    outer loop
      vertex -3.06976 0.302345 10.1439
      vertex -3.08462 0 10.1439
      vertex -2.56533 0 10.2272
    endloop
  endfacet
  facet normal -0.153823 -0.0385306 0.987347
    outer loop
      vertex -2.51604 -0.500471 10.2272
      vertex -2.95179 -0.895416 10.1439
      vertex -2.45487 -0.744676 10.2272
    endloop
  endfacet
  facet normal -0.149306 -0.0534229 0.987347
    outer loop
      vertex -2.37006 -0.981709 10.2272
      vertex -2.95179 -0.895416 10.1439
      vertex -2.84981 -1.18043 10.1439
    endloop
  endfacet
  facet normal -0.122128 0.0181163 0.992349
    outer loop
      vertex -2.51604 0.500471 10.2272
      vertex -2.55298 0.251446 10.2272
      vertex -1.9825 0.394343 10.2948
    endloop
  endfacet
  facet normal -0.156858 0.0232641 0.987347
    outer loop
      vertex -3.02535 0.601778 10.1439
      vertex -3.06976 0.302345 10.1439
      vertex -2.51604 0.500471 10.2272
    endloop
  endfacet
  facet normal -0.156859 -0.0232683 0.987347
    outer loop
      vertex -2.55298 -0.251446 10.2272
      vertex -3.06976 -0.302345 10.1439
      vertex -2.51604 -0.500471 10.2272
    endloop
  endfacet
  facet normal -0.0897948 -0.0133216 0.995871
    outer loop
      vertex -1.45086 -0.142897 10.3461
      vertex -2.01161 -0.198126 10.2948
      vertex -1.9825 -0.394343 10.2948
    endloop
  endfacet
  facet normal -0.105897 -0.0634756 0.992349
    outer loop
      vertex -1.78266 -0.952852 10.2948
      vertex -2.26242 -1.20929 10.2272
      vertex -2.13299 -1.42522 10.2272
    endloop
  endfacet
  facet normal -0.119764 -0.0299992 0.992349
    outer loop
      vertex -1.9343 -0.586763 10.2948
      vertex -2.51604 -0.500471 10.2272
      vertex -2.45487 -0.744676 10.2272
    endloop
  endfacet
  facet normal 0.251839 -0.420185 0.871792
    outer loop
      vertex 3.01338 -4.50984 9.3696
      vertex 2.42598 -4.53869 9.52538
      vertex 2.55682 -4.78348 9.3696
    endloop
  endfacet
  facet normal 0.301786 -0.503521 0.809562
    outer loop
      vertex 3.01338 -4.50984 9.3696
      vertex 2.55682 -4.78348 9.3696
      vertex 2.66304 -4.98221 9.2064
    endloop
  endfacet
  facet normal 0.32898 -0.362967 0.871795
    outer loop
      vertex 3.63903 -3.63903 9.52538
      vertex 3.26482 -3.9782 9.52538
      vertex 3.44091 -4.19276 9.3696
    endloop
  endfacet
  facet normal 0.275358 -0.303805 0.912075
    outer loop
      vertex 3.63903 -3.63903 9.52538
      vertex 3.0573 -3.72533 9.67226
      vertex 3.26482 -3.9782 9.52538
    endloop
  endfacet
  facet normal 0.138131 -0.386043 0.91208
    outer loop
      vertex 1.84424 -4.4524 9.67226
      vertex 1.39895 -4.61173 9.67226
      vertex 1.96943 -4.75463 9.52538
    endloop
  endfacet
  facet normal 0.175301 -0.370646 0.91208
    outer loop
      vertex 2.27178 -4.25019 9.67226
      vertex 1.84424 -4.4524 9.67226
      vertex 1.96943 -4.75463 9.52538
    endloop
  endfacet
  facet normal 0.0601653 -0.405569 0.912082
    outer loop
      vertex 0.940187 -4.72664 9.67226
      vertex 0.472368 -4.79604 9.67226
      vertex 1.00401 -5.04749 9.52538
    endloop
  endfacet
  facet normal 0.0996286 -0.397719 0.912082
    outer loop
      vertex 1.49391 -4.92477 9.52538
      vertex 0.940187 -4.72664 9.67226
      vertex 1.00401 -5.04749 9.52538
    endloop
  endfacet
  facet normal 0.0944594 -0.127372 0.987347
    outer loop
      vertex 1.62743 -1.98303 10.2272
      vertex 1.42522 -2.13299 10.2272
      vertex 1.95686 -2.38444 10.1439
    endloop
  endfacet
  facet normal 0.106496 -0.117494 0.987347
    outer loop
      vertex 1.81396 -1.81396 10.2272
      vertex 1.62743 -1.98303 10.2272
      vertex 1.95686 -2.38444 10.1439
    endloop
  endfacet
  facet normal 0.0944607 -0.127369 0.987347
    outer loop
      vertex 1.95686 -2.38444 10.1439
      vertex 1.42522 -2.13299 10.2272
      vertex 1.71372 -2.56476 10.1439
    endloop
  endfacet
  facet normal 0.0815262 -0.136012 0.987347
    outer loop
      vertex 1.71372 -2.56476 10.1439
      vertex 1.42522 -2.13299 10.2272
      vertex 1.45408 -2.72039 10.1439
    endloop
  endfacet
  facet normal 0.0581677 -0.232218 0.970923
    outer loop
      vertex 1.03753 -3.42029 10.0458
      vertex 0.786087 -3.95193 9.93371
      vertex 1.16966 -3.85585 9.93371
    endloop
  endfacet
  facet normal 0.0806443 -0.225403 0.970922
    outer loop
      vertex 1.36779 -3.30213 10.0458
      vertex 1.03753 -3.42029 10.0458
      vertex 1.54197 -3.72264 9.93371
    endloop
  endfacet
  facet normal 0.0288576 -0.194571 0.980464
    outer loop
      vertex 0.601778 -3.02535 10.1439
      vertex 0.302345 -3.06976 10.1439
      vertex 0.69729 -3.50552 10.0458
    endloop
  endfacet
  facet normal -0.011746 -0.239104 0.970923
    outer loop
      vertex 0 -3.57419 10.0458
      vertex -0.350332 -3.55698 10.0458
      vertex 0 -4.02935 9.93371
    endloop
  endfacet
  facet normal 0.0662647 -0.185197 0.980465
    outer loop
      vertex 1.18043 -2.84981 10.1439
      vertex 0.895416 -2.95179 10.1439
      vertex 1.36779 -3.30213 10.0458
    endloop
  endfacet
  facet normal 0.0840942 -0.177812 0.980465
    outer loop
      vertex 1.45408 -2.72039 10.1439
      vertex 1.18043 -2.84981 10.1439
      vertex 1.36779 -3.30213 10.0458
    endloop
  endfacet
  facet normal 0.00777921 -0.158385 0.987347
    outer loop
      vertex 0.251446 -2.55298 10.2272
      vertex 0 -2.56533 10.2272
      vertex 0.302345 -3.06976 10.1439
    endloop
  endfacet
  facet normal 0.0385306 -0.153823 0.987347
    outer loop
      vertex 0.744676 -2.45487 10.2272
      vertex 0.500471 -2.51604 10.2272
      vertex 0.895416 -2.95179 10.1439
    endloop
  endfacet
  facet normal 0.0527885 -0.11161 0.992349
    outer loop
      vertex 1.20929 -2.26242 10.2272
      vertex 0.952852 -1.78266 10.2948
      vertex 0.981709 -2.37006 10.2272
    endloop
  endfacet
  facet normal 0.0678001 -0.143348 0.987347
    outer loop
      vertex 1.20929 -2.26242 10.2272
      vertex 0.981709 -2.37006 10.2272
      vertex 1.45408 -2.72039 10.1439
    endloop
  endfacet
  facet normal -0.669681 0.496659 0.552139
    outer loop
      vertex -4.49907 3.69229 9.03736
      vertex -4.93482 3.29734 8.86411
      vertex -4.83931 3.23352 9.03736
    endloop
  endfacet
  facet normal -0.815027 0.488493 0.311617
    outer loop
      vertex -4.98281 3.32941 8.68832
      vertex -5.28515 2.82497 8.68832
      vertex -4.93482 3.29734 8.86411
    endloop
  endfacet
  facet normal -0.815031 0.48851 0.31158
    outer loop
      vertex -4.93482 3.29734 8.86411
      vertex -5.28515 2.82497 8.68832
      vertex -5.23425 2.79777 8.86411
    endloop
  endfacet
  facet normal -0.740951 -0.671559 0
    outer loop
      vertex -4.23753 -4.23753 8.6
      vertex -4.63248 -3.80177 8.68832
      vertex -4.63248 -3.80177 8.6
    endloop
  endfacet
  facet normal -0.740951 -0.671559 0
    outer loop
      vertex -4.63248 -3.80177 8.68832
      vertex -4.23753 -4.23753 8.6
      vertex -4.23753 -4.23753 8.68832
    endloop
  endfacet
  facet normal -0.638126 -0.704063 0.311592
    outer loop
      vertex -4.19672 -4.19672 8.86411
      vertex -4.23753 -4.23753 8.68832
      vertex -3.80177 -4.63248 8.68832
    endloop
  endfacet
  facet normal -0.704063 -0.638121 0.311604
    outer loop
      vertex -4.58786 -3.76516 8.86411
      vertex -4.63248 -3.80177 8.68832
      vertex -4.19672 -4.19672 8.86411
    endloop
  endfacet
  facet normal -0.763214 -0.566044 0.311607
    outer loop
      vertex -4.58786 -3.76516 8.86411
      vertex -4.98281 -3.32941 8.68832
      vertex -4.63248 -3.80177 8.68832
    endloop
  endfacet
  facet normal -0.24425 -0.329334 0.912075
    outer loop
      vertex -2.67743 -4.00706 9.67226
      vertex -3.0573 -3.72533 9.67226
      vertex -2.85917 -4.27905 9.52538
    endloop
  endfacet
  facet normal -0.210792 -0.35169 0.912075
    outer loop
      vertex -2.67743 -4.00706 9.67226
      vertex -2.85917 -4.27905 9.52538
      vertex -2.42598 -4.53869 9.52538
    endloop
  endfacet
  facet normal -0.197767 -0.552725 0.809557
    outer loop
      vertex -2.07565 -5.01106 9.3696
      vertex -2.16188 -5.21924 9.2064
      vertex -1.63989 -5.40601 9.2064
    endloop
  endfacet
  facet normal -0.250991 -0.530679 0.809557
    outer loop
      vertex -2.07565 -5.01106 9.3696
      vertex -2.66304 -4.98221 9.2064
      vertex -2.16188 -5.21924 9.2064
    endloop
  endfacet
  facet normal -0.086135 -0.580691 0.809554
    outer loop
      vertex -1.05816 -5.31972 9.3696
      vertex -1.10212 -5.54072 9.2064
      vertex -0.531638 -5.39782 9.3696
    endloop
  endfacet
  facet normal -0.0601579 -0.405581 0.912077
    outer loop
      vertex -0.472368 -4.79604 9.67226
      vertex -1.00401 -5.04749 9.52538
      vertex -0.504432 -5.12159 9.52538
    endloop
  endfacet
  facet normal -0.102359 -0.216408 0.970922
    outer loop
      vertex -1.36779 -3.30213 10.0458
      vertex -1.89942 -3.55357 9.93371
      vertex -1.54197 -3.72264 9.93371
    endloop
  endfacet
  facet normal -0.0581677 -0.232218 0.970923
    outer loop
      vertex -1.03753 -3.42029 10.0458
      vertex -1.16966 -3.85585 9.93371
      vertex -0.786087 -3.95193 9.93371
    endloop
  endfacet
  facet normal -0.0527865 -0.11161 0.992349
    outer loop
      vertex -0.952852 -1.78266 10.2948
      vertex -0.981709 -2.37006 10.2272
      vertex -0.773533 -1.86747 10.2948
    endloop
  endfacet
  facet normal -0.142611 -0.192284 0.970922
    outer loop
      vertex -2.26745 -2.76289 10.0458
      vertex -2.55619 -3.11473 9.93371
      vertex -1.98572 -2.97184 10.0458
    endloop
  endfacet
  facet normal -0.123069 -0.205338 0.970922
    outer loop
      vertex -1.68486 -3.15216 10.0458
      vertex -1.98572 -2.97184 10.0458
      vertex -1.89942 -3.55357 9.93371
    endloop
  endfacet
  facet normal -0.147882 -0.246727 0.957735
    outer loop
      vertex -2.23859 -3.35028 9.93371
      vertex -2.4699 -3.69647 9.80881
      vertex -1.89942 -3.55357 9.93371
    endloop
  endfacet
  facet normal -0.00605608 -0.123316 0.992349
    outer loop
      vertex 0 -2.02134 10.2948
      vertex -0.198126 -2.01161 10.2948
      vertex 0 -2.56533 10.2272
    endloop
  endfacet
  facet normal -0.0060568 -0.123316 0.992349
    outer loop
      vertex -0.198126 -2.01161 10.2948
      vertex -0.251446 -2.55298 10.2272
      vertex 0 -2.56533 10.2272
    endloop
  endfacet
  facet normal -0.193175 -0.213133 0.957736
    outer loop
      vertex -2.84918 -2.84918 9.93371
      vertex -3.14359 -3.14359 9.80881
      vertex -2.82033 -3.43658 9.80881
    endloop
  endfacet
  facet normal -0.230818 -0.254664 0.939079
    outer loop
      vertex -2.82033 -3.43658 9.80881
      vertex -3.14359 -3.14359 9.80881
      vertex -3.0573 -3.72533 9.67226
    endloop
  endfacet
  facet normal -0.210788 -0.351689 0.912076
    outer loop
      vertex -2.27178 -4.25019 9.67226
      vertex -2.67743 -4.00706 9.67226
      vertex -2.42598 -4.53869 9.52538
    endloop
  endfacet
  facet normal 0.0504355 -0.339981 0.939079
    outer loop
      vertex 0.940187 -4.72664 9.67226
      vertex 0.435755 -4.4243 9.80881
      vertex 0.472368 -4.79604 9.67226
    endloop
  endfacet
  facet normal -0.0141161 -0.287302 0.957736
    outer loop
      vertex 0 -4.02935 9.93371
      vertex -0.435755 -4.4243 9.80881
      vertex 0 -4.44571 9.80881
    endloop
  endfacet
  facet normal -0.0141127 -0.287306 0.957735
    outer loop
      vertex -0.394945 -4.00995 9.93371
      vertex -0.435755 -4.4243 9.80881
      vertex 0 -4.02935 9.93371
    endloop
  endfacet
  facet normal 0.0504349 -0.339982 0.939079
    outer loop
      vertex 0.867314 -4.36028 9.80881
      vertex 0.435755 -4.4243 9.80881
      vertex 0.940187 -4.72664 9.67226
    endloop
  endfacet
  facet normal 0.0422105 -0.284541 0.957734
    outer loop
      vertex 0.786087 -3.95193 9.93371
      vertex 0.435755 -4.4243 9.80881
      vertex 0.867314 -4.36028 9.80881
    endloop
  endfacet
  facet normal -0.242968 -0.970034 0
    outer loop
      vertex -1.73961 -5.73473 8.6
      vertex -1.16913 -5.87762 8.68832
      vertex -1.73961 -5.73473 8.68832
    endloop
  endfacet
  facet normal -0.242968 -0.970034 -0
    outer loop
      vertex -1.16913 -5.87762 8.68832
      vertex -1.73961 -5.73473 8.6
      vertex -1.16913 -5.87762 8.6
    endloop
  endfacet
  facet normal -0.320128 -0.894672 0.311578
    outer loop
      vertex -2.27125 -5.48328 8.86411
      vertex -2.29333 -5.5366 8.68832
      vertex -1.73961 -5.73473 8.68832
    endloop
  endfacet
  facet normal -0.406276 -0.858988 0.311575
    outer loop
      vertex -2.27125 -5.48328 8.86411
      vertex -2.82497 -5.28515 8.68832
      vertex -2.29333 -5.5366 8.68832
    endloop
  endfacet
  facet normal -0.103247 -0.696011 0.710569
    outer loop
      vertex -1.10212 -5.54072 9.2064
      vertex -1.13546 -5.70835 9.03736
      vertex -0.570477 -5.79216 9.03736
    endloop
  endfacet
  facet normal -0.170974 -0.68254 0.710568
    outer loop
      vertex -1.10212 -5.54072 9.2064
      vertex -1.63989 -5.40601 9.2064
      vertex -1.13546 -5.70835 9.03736
    endloop
  endfacet
  facet normal 0.0490561 -0.998796 0
    outer loop
      vertex 0 -5.99277 8.6
      vertex 0.587394 -5.96392 8.68832
      vertex 0 -5.99277 8.68832
    endloop
  endfacet
  facet normal 0.0490561 -0.998796 0
    outer loop
      vertex 0.587394 -5.96392 8.68832
      vertex 0 -5.99277 8.6
      vertex 0.587394 -5.96392 8.6
    endloop
  endfacet
  facet normal 0.0466264 -0.949065 0.311611
    outer loop
      vertex 0.581737 -5.90648 8.86411
      vertex 0 -5.93506 8.86411
      vertex 0.587394 -5.96392 8.68832
    endloop
  endfacet
  facet normal -0.139439 -0.939937 0.311568
    outer loop
      vertex -1.15787 -5.82102 8.86411
      vertex -1.16913 -5.87762 8.68832
      vertex -0.587394 -5.96392 8.68832
    endloop
  endfacet
  facet normal -0.303803 -0.275358 0.912076
    outer loop
      vertex -3.40772 -3.40772 9.67226
      vertex -3.72533 -3.0573 9.67226
      vertex -3.63903 -3.63903 9.52538
    endloop
  endfacet
  facet normal -0.275358 -0.303803 0.912076
    outer loop
      vertex -3.40772 -3.40772 9.67226
      vertex -3.63903 -3.63903 9.52538
      vertex -3.0573 -3.72533 9.67226
    endloop
  endfacet
  facet normal 0.41913 -0.565143 0.710594
    outer loop
      vertex 3.69229 -4.49907 9.03736
      vertex 3.13856 -4.69719 9.2064
      vertex 3.23352 -4.83931 9.03736
    endloop
  endfacet
  facet normal 0.496659 -0.669681 0.552139
    outer loop
      vertex 3.69229 -4.49907 9.03736
      vertex 3.23352 -4.83931 9.03736
      vertex 3.29734 -4.93482 8.86411
    endloop
  endfacet
  facet normal 0.34971 -0.471529 0.809545
    outer loop
      vertex 3.58385 -4.36694 9.2064
      vertex 3.01338 -4.50984 9.3696
      vertex 3.13856 -4.69719 9.2064
    endloop
  endfacet
  facet normal 0.301811 -0.503534 0.809545
    outer loop
      vertex 3.01338 -4.50984 9.3696
      vertex 2.66304 -4.98221 9.2064
      vertex 3.13856 -4.69719 9.2064
    endloop
  endfacet
  facet normal 0.394242 -0.434972 0.809551
    outer loop
      vertex 3.8353 -3.8353 9.3696
      vertex 3.44091 -4.19276 9.3696
      vertex 3.99463 -3.99463 9.2064
    endloop
  endfacet
  facet normal 0.434972 -0.394242 0.809551
    outer loop
      vertex 4.19276 -3.44091 9.3696
      vertex 3.8353 -3.8353 9.3696
      vertex 3.99463 -3.99463 9.2064
    endloop
  endfacet
  facet normal 0.939937 -0.139439 0.311568
    outer loop
      vertex 5.96392 -0.587394 8.68832
      vertex 5.82102 -1.15787 8.86411
      vertex 5.87762 -1.16913 8.68832
    endloop
  endfacet
  facet normal -0.34971 0.471526 0.809547
    outer loop
      vertex -3.01338 4.50984 9.3696
      vertex -3.58385 4.36694 9.2064
      vertex -3.44091 4.19276 9.3696
    endloop
  endfacet
  facet normal -0.394242 0.434972 0.809551
    outer loop
      vertex -3.44091 4.19276 9.3696
      vertex -3.99463 3.99463 9.2064
      vertex -3.8353 3.8353 9.3696
    endloop
  endfacet
  facet normal -0.138131 0.386043 0.91208
    outer loop
      vertex -1.39895 4.61173 9.67226
      vertex -1.96943 4.75463 9.52538
      vertex -1.84424 4.4524 9.67226
    endloop
  endfacet
  facet normal -0.146953 0.310708 0.939077
    outer loop
      vertex -1.84424 4.4524 9.67226
      vertex -2.27178 4.25019 9.67226
      vertex -1.7013 4.1073 9.80881
    endloop
  endfacet
  facet normal -0.142649 0.56945 0.809554
    outer loop
      vertex -1.10212 5.54072 9.2064
      vertex -1.57448 5.19038 9.3696
      vertex -1.05816 5.31972 9.3696
    endloop
  endfacet
  facet normal -0.142645 0.569445 0.809558
    outer loop
      vertex -1.10212 5.54072 9.2064
      vertex -1.63989 5.40601 9.2064
      vertex -1.57448 5.19038 9.3696
    endloop
  endfacet
  facet normal -0.740951 0.671559 0
    outer loop
      vertex -4.63248 3.80177 8.6
      vertex -4.23753 4.23753 8.68832
      vertex -4.23753 4.23753 8.6
    endloop
  endfacet
  facet normal -0.740951 0.671559 0
    outer loop
      vertex -4.23753 4.23753 8.68832
      vertex -4.63248 3.80177 8.6
      vertex -4.63248 3.80177 8.68832
    endloop
  endfacet
  facet normal -0.202578 0.808752 0.552162
    outer loop
      vertex -1.13546 5.70835 9.03736
      vertex -1.72286 5.6795 8.86411
      vertex -1.68951 5.56957 9.03736
    endloop
  endfacet
  facet normal -0.202578 0.808752 0.552161
    outer loop
      vertex -1.15787 5.82102 8.86411
      vertex -1.72286 5.6795 8.86411
      vertex -1.13546 5.70835 9.03736
    endloop
  endfacet
  facet normal -0.0466264 0.949065 0.311611
    outer loop
      vertex 0 5.93506 8.86411
      vertex -0.587394 5.96392 8.68832
      vertex -0.581737 5.90648 8.86411
    endloop
  endfacet
  facet normal -0.139423 0.939926 0.311611
    outer loop
      vertex -0.587394 5.96392 8.68832
      vertex -1.15787 5.82102 8.86411
      vertex -0.581737 5.90648 8.86411
    endloop
  endfacet
  facet normal -0.521325 0.472503 0.710606
    outer loop
      vertex -3.99463 3.99463 9.2064
      vertex -4.49907 3.69229 9.03736
      vertex -4.36694 3.58385 9.2064
    endloop
  endfacet
  facet normal -0.503534 0.301811 0.809545
    outer loop
      vertex -4.69719 3.13856 9.2064
      vertex -4.98221 2.66304 9.2064
      vertex -4.50984 3.01338 9.3696
    endloop
  endfacet
  facet normal -0.362967 0.32898 0.871795
    outer loop
      vertex -3.63903 3.63903 9.52538
      vertex -4.19276 3.44091 9.3696
      vertex -3.9782 3.26482 9.52538
    endloop
  endfacet
  facet normal -0.329334 0.24425 0.912075
    outer loop
      vertex -3.72533 3.0573 9.67226
      vertex -4.27905 2.85917 9.52538
      vertex -4.00706 2.67743 9.67226
    endloop
  endfacet
  facet normal -0.270838 0.0969079 0.957735
    outer loop
      vertex -4.1073 1.7013 9.80881
      vertex -4.25428 1.29052 9.80881
      vertex -3.72264 1.54197 9.93371
    endloop
  endfacet
  facet normal -0.351689 0.210788 0.912076
    outer loop
      vertex -4.00706 2.67743 9.67226
      vertex -4.53869 2.42598 9.52538
      vertex -4.25019 2.27178 9.67226
    endloop
  endfacet
  facet normal -0.370651 0.175311 0.912077
    outer loop
      vertex -4.53869 2.42598 9.52538
      vertex -4.75463 1.96943 9.52538
      vertex -4.25019 2.27178 9.67226
    endloop
  endfacet
  facet normal -0.386043 0.138131 0.91208
    outer loop
      vertex -4.4524 1.84424 9.67226
      vertex -4.75463 1.96943 9.52538
      vertex -4.61173 1.39895 9.67226
    endloop
  endfacet
  facet normal -0.329334 0.24425 0.912075
    outer loop
      vertex -3.9782 3.26482 9.52538
      vertex -4.27905 2.85917 9.52538
      vertex -3.72533 3.0573 9.67226
    endloop
  endfacet
  facet normal -0.276061 0.20474 0.93908
    outer loop
      vertex -3.72533 3.0573 9.67226
      vertex -4.00706 2.67743 9.67226
      vertex -3.69647 2.4699 9.80881
    endloop
  endfacet
  facet normal -0.0806443 0.225403 0.970922
    outer loop
      vertex -1.03753 3.42029 10.0458
      vertex -1.54197 3.72264 9.93371
      vertex -1.36779 3.30213 10.0458
    endloop
  endfacet
  facet normal -0.122993 0.260034 0.957734
    outer loop
      vertex -1.7013 4.1073 9.80881
      vertex -1.89942 3.55357 9.93371
      vertex -1.54197 3.72264 9.93371
    endloop
  endfacet
  facet normal 0.333406 -0.0835108 0.939077
    outer loop
      vertex 4.72664 -0.940187 9.67226
      vertex 4.25428 -1.29052 9.80881
      vertex 4.61173 -1.39895 9.67226
    endloop
  endfacet
  facet normal 0.323615 -0.115793 0.939077
    outer loop
      vertex 4.61173 -1.39895 9.67226
      vertex 4.1073 -1.7013 9.80881
      vertex 4.4524 -1.84424 9.67226
    endloop
  endfacet
  facet normal 0.63606 -0.300827 0.710585
    outer loop
      vertex 5.21924 -2.16188 9.2064
      vertex 5.13295 -2.74362 9.03736
      vertex 5.37715 -2.22729 9.03736
    endloop
  endfacet
  facet normal 0.662482 -0.237039 0.710585
    outer loop
      vertex 5.40601 -1.63989 9.2064
      vertex 5.21924 -2.16188 9.2064
      vertex 5.37715 -2.22729 9.03736
    endloop
  endfacet
  facet normal 0.530671 -0.250992 0.809562
    outer loop
      vertex 5.01106 -2.07565 9.3696
      vertex 4.78348 -2.55682 9.3696
      vertex 4.98221 -2.66304 9.2064
    endloop
  endfacet
  facet normal 0.442841 -0.209452 0.871792
    outer loop
      vertex 5.01106 -2.07565 9.3696
      vertex 4.53869 -2.42598 9.52538
      vertex 4.78348 -2.55682 9.3696
    endloop
  endfacet
  facet normal 0.280876 -0.785 0.552163
    outer loop
      vertex 2.22729 -5.37715 9.03736
      vertex 1.68951 -5.56957 9.03736
      vertex 1.72286 -5.6795 8.86411
    endloop
  endfacet
  facet normal 0.202578 -0.808752 0.552162
    outer loop
      vertex 1.68951 -5.56957 9.03736
      vertex 1.13546 -5.70835 9.03736
      vertex 1.72286 -5.6795 8.86411
    endloop
  endfacet
  facet normal 0.190803 -0.047796 0.980464
    outer loop
      vertex 3.50552 -0.69729 10.0458
      vertex 2.95179 -0.895416 10.1439
      vertex 3.42029 -1.03753 10.0458
    endloop
  endfacet
  facet normal 0.23222 -0.058171 0.970922
    outer loop
      vertex 3.50552 -0.69729 10.0458
      vertex 3.42029 -1.03753 10.0458
      vertex 3.95193 -0.786087 9.93371
    endloop
  endfacet
  facet normal 0.119764 -0.0299992 0.992349
    outer loop
      vertex 2.51604 -0.500471 10.2272
      vertex 1.9343 -0.586763 10.2948
      vertex 2.45487 -0.744676 10.2272
    endloop
  endfacet
  facet normal 0.119764 -0.0300002 0.992349
    outer loop
      vertex 1.9825 -0.394343 10.2948
      vertex 1.9343 -0.586763 10.2948
      vertex 2.51604 -0.500471 10.2272
    endloop
  endfacet
  facet normal 0.0820637 0.0388125 0.995871
    outer loop
      vertex 1.78266 0.952852 10.2948
      vertex 1.28574 0.68724 10.3461
      vertex 1.86747 0.773533 10.2948
    endloop
  endfacet
  facet normal 0.11161 0.0527865 0.992349
    outer loop
      vertex 2.37006 0.981709 10.2272
      vertex 1.78266 0.952852 10.2948
      vertex 1.86747 0.773533 10.2948
    endloop
  endfacet
  facet normal 0.196462 0.00965118 0.980464
    outer loop
      vertex 3.55698 0.350332 10.0458
      vertex 3.06976 0.302345 10.1439
      vertex 3.57419 0 10.0458
    endloop
  endfacet
  facet normal 0.194571 0.0288583 0.980464
    outer loop
      vertex 3.50552 0.69729 10.0458
      vertex 3.06976 0.302345 10.1439
      vertex 3.55698 0.350332 10.0458
    endloop
  endfacet
  facet normal 0.0854748 -0.0305779 0.995871
    outer loop
      vertex 1.3951 -0.4232 10.3461
      vertex 1.34691 -0.557906 10.3461
      vertex 1.86747 -0.773533 10.2948
    endloop
  endfacet
  facet normal 0.0560542 -0.0200529 0.998226
    outer loop
      vertex 1.3951 -0.4232 10.3461
      vertex 0.813367 -0.336907 10.3805
      vertex 1.34691 -0.557906 10.3461
    endloop
  endfacet
  facet normal 0.143348 0.0678001 0.987347
    outer loop
      vertex 2.72039 1.45408 10.1439
      vertex 2.26242 1.20929 10.2272
      vertex 2.37006 0.981709 10.2272
    endloop
  endfacet
  facet normal 0.143352 0.067797 0.987347
    outer loop
      vertex 2.72039 1.45408 10.1439
      vertex 2.37006 0.981709 10.2272
      vertex 2.84981 1.18043 10.1439
    endloop
  endfacet
  facet normal 0.0829154 0.0914796 0.992349
    outer loop
      vertex 1.81396 1.81396 10.2272
      vertex 1.28232 1.56252 10.2948
      vertex 1.4293 1.4293 10.2948
    endloop
  endfacet
  facet normal 0.0914796 0.0829154 0.992349
    outer loop
      vertex 1.81396 1.81396 10.2272
      vertex 1.4293 1.4293 10.2948
      vertex 1.56252 1.28232 10.2948
    endloop
  endfacet
  facet normal 0.160769 0.177382 0.970922
    outer loop
      vertex 2.55619 3.11473 9.93371
      vertex 2.26745 2.76289 10.0458
      vertex 2.52734 2.52734 10.0458
    endloop
  endfacet
  facet normal 0.142611 0.192284 0.970922
    outer loop
      vertex 2.55619 3.11473 9.93371
      vertex 1.98572 2.97184 10.0458
      vertex 2.26745 2.76289 10.0458
    endloop
  endfacet
  facet normal 0.0815262 0.136012 0.987347
    outer loop
      vertex 1.45408 2.72039 10.1439
      vertex 1.42522 2.13299 10.2272
      vertex 1.71372 2.56476 10.1439
    endloop
  endfacet
  facet normal 0.0944607 0.127369 0.987347
    outer loop
      vertex 1.71372 2.56476 10.1439
      vertex 1.42522 2.13299 10.2272
      vertex 1.95686 2.38444 10.1439
    endloop
  endfacet
  facet normal -0.00445275 0.0906687 0.995871
    outer loop
      vertex 0 2.02134 10.2948
      vertex -0.198126 2.01161 10.2948
      vertex 0 1.45788 10.3461
    endloop
  endfacet
  facet normal -0.0144658 0.0577495 0.998226
    outer loop
      vertex -0.171754 0.863466 10.3805
      vertex -0.4232 1.3951 10.3461
      vertex -0.255561 0.842473 10.3805
    endloop
  endfacet
  facet normal 0.0388125 0.0820637 0.995871
    outer loop
      vertex 0.773533 1.86747 10.2948
      vertex 0.68724 1.28574 10.3461
      vertex 0.952852 1.78266 10.2948
    endloop
  endfacet
  facet normal 0.0478189 0.0354621 0.998226
    outer loop
      vertex 1.12696 0.92487 10.3461
      vertex 0.680545 0.558509 10.3805
      vertex 1.21218 0.809955 10.3461
    endloop
  endfacet
  facet normal 0.0634728 0.105901 0.992349
    outer loop
      vertex 1.42522 2.13299 10.2272
      vertex 0.952852 1.78266 10.2948
      vertex 1.123 1.68068 10.2948
    endloop
  endfacet
  facet normal 0.0829159 0.0914787 0.992349
    outer loop
      vertex 1.62743 1.98303 10.2272
      vertex 1.28232 1.56252 10.2948
      vertex 1.81396 1.81396 10.2272
    endloop
  endfacet
  facet normal 0.106496 0.117494 0.987347
    outer loop
      vertex 1.95686 2.38444 10.1439
      vertex 1.62743 1.98303 10.2272
      vertex 1.81396 1.81396 10.2272
    endloop
  endfacet
  facet normal 0.171349 0.231043 0.957736
    outer loop
      vertex 2.82033 3.43658 9.80881
      vertex 2.4699 3.69647 9.80881
      vertex 2.55619 3.11473 9.93371
    endloop
  endfacet
  facet normal 0.204739 0.276066 0.939079
    outer loop
      vertex 3.0573 3.72533 9.67226
      vertex 2.4699 3.69647 9.80881
      vertex 2.82033 3.43658 9.80881
    endloop
  endfacet
  facet normal -0.058171 0.23222 0.970922
    outer loop
      vertex -0.786087 3.95193 9.93371
      vertex -1.03753 3.42029 10.0458
      vertex -0.69729 3.50552 10.0458
    endloop
  endfacet
  facet normal -0.047796 0.190803 0.980464
    outer loop
      vertex -0.69729 3.50552 10.0458
      vertex -1.03753 3.42029 10.0458
      vertex -0.895416 2.95179 10.1439
    endloop
  endfacet
  facet normal -0.011745 0.239104 0.970923
    outer loop
      vertex 0 4.02935 9.93371
      vertex -0.394945 4.00995 9.93371
      vertex -0.350332 3.55698 10.0458
    endloop
  endfacet
  facet normal -0.0141127 0.287306 0.957735
    outer loop
      vertex 0 4.02935 9.93371
      vertex -0.435755 4.4243 9.80881
      vertex -0.394945 4.00995 9.93371
    endloop
  endfacet
  facet normal 0.0351258 0.236801 0.970923
    outer loop
      vertex 0.394945 4.00995 9.93371
      vertex 0.350332 3.55698 10.0458
      vertex 0.786087 3.95193 9.93371
    endloop
  endfacet
  facet normal 0.042207 0.284539 0.957735
    outer loop
      vertex 0.435755 4.4243 9.80881
      vertex 0.394945 4.00995 9.93371
      vertex 0.786087 3.95193 9.93371
    endloop
  endfacet
  facet normal 0.0181163 0.122128 0.992349
    outer loop
      vertex 0.500471 2.51604 10.2272
      vertex 0.251446 2.55298 10.2272
      vertex 0.394343 1.9825 10.2948
    endloop
  endfacet
  facet normal 0.0133216 0.0897948 0.995871
    outer loop
      vertex 0.198126 2.01161 10.2948
      vertex 0.142897 1.45086 10.3461
      vertex 0.394343 1.9825 10.2948
    endloop
  endfacet
  facet normal 0.0527885 0.11161 0.992349
    outer loop
      vertex 0.981709 2.37006 10.2272
      vertex 0.952852 1.78266 10.2948
      vertex 1.20929 2.26242 10.2272
    endloop
  endfacet
  facet normal 0.0678001 0.143348 0.987347
    outer loop
      vertex 1.45408 2.72039 10.1439
      vertex 0.981709 2.37006 10.2272
      vertex 1.20929 2.26242 10.2272
    endloop
  endfacet
  facet normal 0.0385339 0.15382 0.987347
    outer loop
      vertex 0.601778 3.02535 10.1439
      vertex 0.500471 2.51604 10.2272
      vertex 0.895416 2.95179 10.1439
    endloop
  endfacet
  facet normal 0.0806464 0.225399 0.970923
    outer loop
      vertex 1.16966 3.85585 9.93371
      vertex 1.03753 3.42029 10.0458
      vertex 1.54197 3.72264 9.93371
    endloop
  endfacet
  facet normal -0.254664 0.230818 0.939079
    outer loop
      vertex -3.14359 3.14359 9.80881
      vertex -3.72533 3.0573 9.67226
      vertex -3.43658 2.82033 9.80881
    endloop
  endfacet
  facet normal -0.275358 0.303803 0.912076
    outer loop
      vertex -3.0573 3.72533 9.67226
      vertex -3.63903 3.63903 9.52538
      vertex -3.40772 3.40772 9.67226
    endloop
  endfacet
  facet normal -0.193172 0.213133 0.957736
    outer loop
      vertex -2.82033 3.43658 9.80881
      vertex -2.84918 2.84918 9.93371
      vertex -2.55619 3.11473 9.93371
    endloop
  endfacet
  facet normal -0.193175 0.213133 0.957736
    outer loop
      vertex -2.82033 3.43658 9.80881
      vertex -3.14359 3.14359 9.80881
      vertex -2.84918 2.84918 9.93371
    endloop
  endfacet
  facet normal -0.0778644 0.0466689 0.995871
    outer loop
      vertex -1.68068 1.123 10.2948
      vertex -1.78266 0.952852 10.2948
      vertex -1.28574 0.68724 10.3461
    endloop
  endfacet
  facet normal -0.157988 0.117169 0.980465
    outer loop
      vertex -2.38444 1.95686 10.1439
      vertex -2.97184 1.98572 10.0458
      vertex -2.56476 1.71372 10.1439
    endloop
  endfacet
  facet normal -0.0232683 0.156859 0.987347
    outer loop
      vertex -0.302345 3.06976 10.1439
      vertex -0.500471 2.51604 10.2272
      vertex -0.251446 2.55298 10.2272
    endloop
  endfacet
  facet normal -0.0305832 0.0854709 0.995871
    outer loop
      vertex -0.586763 1.9343 10.2948
      vertex -0.773533 1.86747 10.2948
      vertex -0.4232 1.3951 10.3461
    endloop
  endfacet
  facet normal -0.0288576 0.194571 0.980464
    outer loop
      vertex -0.302345 3.06976 10.1439
      vertex -0.69729 3.50552 10.0458
      vertex -0.601778 3.02535 10.1439
    endloop
  endfacet
  facet normal -0.0477987 0.190804 0.980464
    outer loop
      vertex -0.69729 3.50552 10.0458
      vertex -0.895416 2.95179 10.1439
      vertex -0.601778 3.02535 10.1439
    endloop
  endfacet
  facet normal -0.0829154 0.0914796 0.992349
    outer loop
      vertex -1.28232 1.56252 10.2948
      vertex -1.81396 1.81396 10.2272
      vertex -1.4293 1.4293 10.2948
    endloop
  endfacet
  facet normal -0.060965 0.0672619 0.995871
    outer loop
      vertex -1.28232 1.56252 10.2948
      vertex -1.4293 1.4293 10.2948
      vertex -1.03088 1.03088 10.3461
    endloop
  endfacet
  facet normal -0.067797 0.143352 0.987347
    outer loop
      vertex -1.18043 2.84981 10.1439
      vertex -1.45408 2.72039 10.1439
      vertex -0.981709 2.37006 10.2272
    endloop
  endfacet
  facet normal -0.0527885 0.11161 0.992349
    outer loop
      vertex -0.981709 2.37006 10.2272
      vertex -1.20929 2.26242 10.2272
      vertex -0.952852 1.78266 10.2948
    endloop
  endfacet
  facet normal -0.132094 0.145743 0.980464
    outer loop
      vertex -2.26745 2.76289 10.0458
      vertex -2.52734 2.52734 10.0458
      vertex -1.95686 2.38444 10.1439
    endloop
  endfacet
  facet normal -0.117494 0.106493 0.987347
    outer loop
      vertex -2.18115 2.18115 10.1439
      vertex -2.38444 1.95686 10.1439
      vertex -1.81396 1.81396 10.2272
    endloop
  endfacet
  facet normal -0.0415949 0.116245 0.992349
    outer loop
      vertex -0.586763 1.9343 10.2948
      vertex -0.981709 2.37006 10.2272
      vertex -0.773533 1.86747 10.2948
    endloop
  endfacet
  facet normal -0.0385306 0.153823 0.987347
    outer loop
      vertex -0.500471 2.51604 10.2272
      vertex -0.895416 2.95179 10.1439
      vertex -0.744676 2.45487 10.2272
    endloop
  endfacet
  facet normal -0.0201177 0.409525 0.912077
    outer loop
      vertex 0 5.14637 9.52538
      vertex -0.504432 5.12159 9.52538
      vertex -0.472368 4.79604 9.67226
    endloop
  endfacet
  facet normal -0.0601579 0.405581 0.912077
    outer loop
      vertex -0.504432 5.12159 9.52538
      vertex -1.00401 5.04749 9.52538
      vertex -0.472368 4.79604 9.67226
    endloop
  endfacet
  facet normal 0.236801 0.0351258 0.970923
    outer loop
      vertex 3.95193 0.786087 9.93371
      vertex 3.55698 0.350332 10.0458
      vertex 4.00995 0.394945 9.93371
    endloop
  endfacet
  facet normal 0.284539 0.042207 0.957735
    outer loop
      vertex 4.4243 0.435755 9.80881
      vertex 3.95193 0.786087 9.93371
      vertex 4.00995 0.394945 9.93371
    endloop
  endfacet
  facet normal 0.270838 0.0969079 0.957735
    outer loop
      vertex 4.1073 1.7013 9.80881
      vertex 3.72264 1.54197 9.93371
      vertex 4.25428 1.29052 9.80881
    endloop
  endfacet
  facet normal 0.260034 0.122993 0.957734
    outer loop
      vertex 4.1073 1.7013 9.80881
      vertex 3.55357 1.89942 9.93371
      vertex 3.72264 1.54197 9.93371
    endloop
  endfacet
  facet normal 0.0835108 0.333406 0.939077
    outer loop
      vertex 1.39895 4.61173 9.67226
      vertex 0.940187 4.72664 9.67226
      vertex 1.29052 4.25428 9.80881
    endloop
  endfacet
  facet normal 0.115791 0.323614 0.939077
    outer loop
      vertex 1.39895 4.61173 9.67226
      vertex 1.29052 4.25428 9.80881
      vertex 1.7013 4.1073 9.80881
    endloop
  endfacet
  facet normal 0.237039 0.662481 0.710585
    outer loop
      vertex 1.68951 5.56957 9.03736
      vertex 1.63989 5.40601 9.2064
      vertex 2.22729 5.37715 9.03736
    endloop
  endfacet
  facet normal 0.170961 0.682527 0.710584
    outer loop
      vertex 1.68951 5.56957 9.03736
      vertex 1.13546 5.70835 9.03736
      vertex 1.63989 5.40601 9.2064
    endloop
  endfacet
  facet normal -0.0560542 0.0200529 0.998226
    outer loop
      vertex -1.34691 0.557906 10.3461
      vertex -1.3951 0.4232 10.3461
      vertex -0.813367 0.336907 10.3805
    endloop
  endfacet
  facet normal -0.0538173 0.0254533 0.998226
    outer loop
      vertex -0.776428 0.415009 10.3805
      vertex -1.34691 0.557906 10.3461
      vertex -0.813367 0.336907 10.3805
    endloop
  endfacet
  facet normal -0.0778604 0.0466725 0.995871
    outer loop
      vertex -1.21218 0.809955 10.3461
      vertex -1.68068 1.123 10.2948
      vertex -1.28574 0.68724 10.3461
    endloop
  endfacet
  facet normal -0.0510619 0.0306084 0.998226
    outer loop
      vertex -1.21218 0.809955 10.3461
      vertex -1.28574 0.68724 10.3461
      vertex -0.776428 0.415009 10.3805
    endloop
  endfacet
  facet normal -0.0729163 0.0540741 0.995871
    outer loop
      vertex -1.12696 0.92487 10.3461
      vertex -1.56252 1.28232 10.2948
      vertex -1.21218 0.809955 10.3461
    endloop
  endfacet
  facet normal -0.0672631 0.0609626 0.995871
    outer loop
      vertex -1.03088 1.03088 10.3461
      vertex -1.56252 1.28232 10.2948
      vertex -1.12696 0.92487 10.3461
    endloop
  endfacet
  facet normal -0.231044 0.171355 0.957735
    outer loop
      vertex -3.11473 2.55619 9.93371
      vertex -3.69647 2.4699 9.80881
      vertex -3.35028 2.23859 9.93371
    endloop
  endfacet
  facet normal -0.14574 0.132095 0.980465
    outer loop
      vertex -2.18115 2.18115 10.1439
      vertex -2.52734 2.52734 10.0458
      vertex -2.38444 1.95686 10.1439
    endloop
  endfacet
  facet normal -0.216409 0.102359 0.970922
    outer loop
      vertex -3.15216 1.68486 10.0458
      vertex -3.55357 1.89942 9.93371
      vertex -3.30213 1.36779 10.0458
    endloop
  endfacet
  facet normal -0.205338 0.123069 0.970922
    outer loop
      vertex -2.97184 1.98572 10.0458
      vertex -3.55357 1.89942 9.93371
      vertex -3.15216 1.68486 10.0458
    endloop
  endfacet
  facet normal -0.177813 0.0841031 0.980464
    outer loop
      vertex -3.15216 1.68486 10.0458
      vertex -3.30213 1.36779 10.0458
      vertex -2.72039 1.45408 10.1439
    endloop
  endfacet
  facet normal -0.177812 0.0840942 0.980465
    outer loop
      vertex -2.72039 1.45408 10.1439
      vertex -3.30213 1.36779 10.0458
      vertex -2.84981 1.18043 10.1439
    endloop
  endfacet
  facet normal -0.136012 0.0815262 0.987347
    outer loop
      vertex -2.56476 1.71372 10.1439
      vertex -2.72039 1.45408 10.1439
      vertex -2.13299 1.42522 10.2272
    endloop
  endfacet
  facet normal -0.127369 0.0944607 0.987347
    outer loop
      vertex -2.38444 1.95686 10.1439
      vertex -2.56476 1.71372 10.1439
      vertex -2.13299 1.42522 10.2272
    endloop
  endfacet
  facet normal -0.0267093 0.0126327 0.999563
    outer loop
      vertex -0.259643 0.138782 10.3978
      vertex -0.776428 0.415009 10.3805
      vertex -0.271996 0.112664 10.3978
    endloop
  endfacet
  facet normal -0.0577495 0.0144658 0.998226
    outer loop
      vertex -0.842473 0.255561 10.3805
      vertex -1.3951 0.4232 10.3461
      vertex -0.863466 0.171754 10.3805
    endloop
  endfacet
  facet normal -0.0577484 0.0144681 0.998226
    outer loop
      vertex -1.3951 0.4232 10.3461
      vertex -1.42987 0.284418 10.3461
      vertex -0.863466 0.171754 10.3805
    endloop
  endfacet
  facet normal -0.00995332 -0.0278191 0.999563
    outer loop
      vertex -0.112664 -0.271996 10.3978
      vertex -0.255561 -0.842473 10.3805
      vertex -0.0854607 -0.281729 10.3978
    endloop
  endfacet
  facet normal -0.0399803 0.0441105 0.998226
    outer loop
      vertex -0.558509 0.680545 10.3805
      vertex -1.03088 1.03088 10.3461
      vertex -0.622524 0.622524 10.3805
    endloop
  endfacet
  facet normal -0.0151898 -0.0253425 0.999563
    outer loop
      vertex -0.163563 -0.244789 10.3978
      vertex -0.489114 -0.732011 10.3805
      vertex -0.415009 -0.776428 10.3805
    endloop
  endfacet
  facet normal -0.0560537 -0.0200563 0.998226
    outer loop
      vertex -0.842473 -0.255561 10.3805
      vertex -1.3951 -0.4232 10.3461
      vertex -0.813367 -0.336907 10.3805
    endloop
  endfacet
  facet normal -0.0466725 0.0778604 0.995871
    outer loop
      vertex -0.68724 1.28574 10.3461
      vertex -1.123 1.68068 10.2948
      vertex -0.809955 1.21218 10.3461
    endloop
  endfacet
  facet normal -0.0609626 0.0672631 0.995871
    outer loop
      vertex -0.92487 1.12696 10.3461
      vertex -1.28232 1.56252 10.2948
      vertex -1.03088 1.03088 10.3461
    endloop
  endfacet
  facet normal -0.00145001 -0.0295105 0.999563
    outer loop
      vertex 0 -0.294406 10.3978
      vertex -0.0862923 -0.876143 10.3805
      vertex 0 -0.880383 10.3805
    endloop
  endfacet
  facet normal -0.00292167 -0.0594618 0.998226
    outer loop
      vertex 0 -0.880383 10.3805
      vertex -0.0862923 -0.876143 10.3805
      vertex 0 -1.45788 10.3461
    endloop
  endfacet
  facet normal -0.00717925 -0.0286606 0.999563
    outer loop
      vertex -0.0854607 -0.281729 10.3978
      vertex -0.255561 -0.842473 10.3805
      vertex -0.171754 -0.863466 10.3805
    endloop
  endfacet
  facet normal 0.0151898 -0.0253425 0.999563
    outer loop
      vertex 0.489114 -0.732011 10.3805
      vertex 0.163563 -0.244789 10.3978
      vertex 0.415009 -0.776428 10.3805
    endloop
  endfacet
  facet normal -0.0267093 -0.0126327 0.999563
    outer loop
      vertex -0.271996 -0.112664 10.3978
      vertex -0.776428 -0.415009 10.3805
      vertex -0.259643 -0.138782 10.3978
    endloop
  endfacet
  facet normal 0.0176004 -0.0237317 0.999563
    outer loop
      vertex 0.558509 -0.680545 10.3805
      vertex 0.163563 -0.244789 10.3978
      vertex 0.489114 -0.732011 10.3805
    endloop
  endfacet
  facet normal -0.0306084 -0.0510619 0.998226
    outer loop
      vertex -0.415009 -0.776428 10.3805
      vertex -0.809955 -1.21218 10.3461
      vertex -0.68724 -1.28574 10.3461
    endloop
  endfacet
  facet normal 0.0220613 -0.088056 0.995871
    outer loop
      vertex 0.4232 -1.3951 10.3461
      vertex 0.284418 -1.42987 10.3461
      vertex 0.586763 -1.9343 10.2948
    endloop
  endfacet
  facet normal 0.0144681 -0.0577484 0.998226
    outer loop
      vertex 0.4232 -1.3951 10.3461
      vertex 0.171754 -0.863466 10.3805
      vertex 0.284418 -1.42987 10.3461
    endloop
  endfacet
  facet normal 0.041593 -0.116247 0.992349
    outer loop
      vertex 0.981709 -2.37006 10.2272
      vertex 0.586763 -1.9343 10.2948
      vertex 0.744676 -2.45487 10.2272
    endloop
  endfacet
  facet normal 0.0415949 -0.116245 0.992349
    outer loop
      vertex 0.773533 -1.86747 10.2948
      vertex 0.586763 -1.9343 10.2948
      vertex 0.981709 -2.37006 10.2272
    endloop
  endfacet
  facet normal 0.00995377 -0.027819 0.999563
    outer loop
      vertex 0.336907 -0.813367 10.3805
      vertex 0.112664 -0.271996 10.3978
      vertex 0.255561 -0.842473 10.3805
    endloop
  endfacet
  facet normal -0.0286606 0.00717904 0.999563
    outer loop
      vertex -0.281729 0.0854607 10.3978
      vertex -0.863466 0.171754 10.3805
      vertex -0.288749 0.057435 10.3978
    endloop
  endfacet
  facet normal 0.0478189 -0.0354621 0.998226
    outer loop
      vertex 1.21218 -0.809955 10.3461
      vertex 0.680545 -0.558509 10.3805
      vertex 1.12696 -0.92487 10.3461
    endloop
  endfacet
  facet normal 0.00433506 -0.0292263 0.999563
    outer loop
      vertex 0.057435 -0.288749 10.3978
      vertex 0.0288563 -0.292988 10.3978
      vertex 0.0862923 -0.876143 10.3805
    endloop
  endfacet
  facet normal 0.0672631 -0.0609626 0.995871
    outer loop
      vertex 1.12696 -0.92487 10.3461
      vertex 1.03088 -1.03088 10.3461
      vertex 1.56252 -1.28232 10.2948
    endloop
  endfacet
  facet normal 0.0729163 -0.0540741 0.995871
    outer loop
      vertex 1.21218 -0.809955 10.3461
      vertex 1.12696 -0.92487 10.3461
      vertex 1.56252 -1.28232 10.2948
    endloop
  endfacet
  facet normal 0.0399803 -0.0441105 0.998226
    outer loop
      vertex 0.622524 -0.622524 10.3805
      vertex 0.558509 -0.680545 10.3805
      vertex 1.03088 -1.03088 10.3461
    endloop
  endfacet
  facet normal -0.00995377 0.027819 0.999563
    outer loop
      vertex -0.255561 0.842473 10.3805
      vertex -0.336907 0.813367 10.3805
      vertex -0.112664 0.271996 10.3978
    endloop
  endfacet
  facet normal -0.0237317 -0.0176004 0.999563
    outer loop
      vertex -0.244789 -0.163563 10.3978
      vertex -0.732011 -0.489114 10.3805
      vertex -0.680545 -0.558509 10.3805
    endloop
  endfacet
  facet normal 0.027819 -0.00995377 0.999563
    outer loop
      vertex 0.842473 -0.255561 10.3805
      vertex 0.271996 -0.112664 10.3978
      vertex 0.813367 -0.336907 10.3805
    endloop
  endfacet
  facet normal 0.0292263 -0.00433506 0.999563
    outer loop
      vertex 0.292988 -0.0288563 10.3978
      vertex 0.288749 -0.057435 10.3978
      vertex 0.876143 -0.0862923 10.3805
    endloop
  endfacet
  facet normal 0.0295104 -0.00145014 0.999563
    outer loop
      vertex 0.294406 0 10.3978
      vertex 0.292988 -0.0288563 10.3978
      vertex 0.876143 -0.0862923 10.3805
    endloop
  endfacet
  facet normal 0.0897948 0.0133216 0.995871
    outer loop
      vertex 1.9825 0.394343 10.2948
      vertex 1.45086 0.142897 10.3461
      vertex 2.01161 0.198126 10.2948
    endloop
  endfacet
  facet normal 0.0295105 0.00145001 0.999563
    outer loop
      vertex 0.876143 0.0862923 10.3805
      vertex 0.294406 0 10.3978
      vertex 0.880383 0 10.3805
    endloop
  endfacet
  facet normal 0.0906682 0.00445419 0.995871
    outer loop
      vertex 2.01161 0.198126 10.2948
      vertex 1.45086 0.142897 10.3461
      vertex 1.45788 0 10.3461
    endloop
  endfacet
  facet normal 0.0906687 -0.00445275 0.995871
    outer loop
      vertex 2.02134 0 10.2948
      vertex 1.45788 0 10.3461
      vertex 2.01161 -0.198126 10.2948
    endloop
  endfacet
  facet normal 0.0577484 0.0144681 0.998226
    outer loop
      vertex 1.3951 0.4232 10.3461
      vertex 0.863466 0.171754 10.3805
      vertex 1.42987 0.284418 10.3461
    endloop
  endfacet
  facet normal 0.088056 0.0220613 0.995871
    outer loop
      vertex 1.9343 0.586763 10.2948
      vertex 1.3951 0.4232 10.3461
      vertex 1.42987 0.284418 10.3461
    endloop
  endfacet
  facet normal -0.0198421 -0.021892 0.999563
    outer loop
      vertex -0.186769 -0.227578 10.3978
      vertex -0.622524 -0.622524 10.3805
      vertex -0.558509 -0.680545 10.3805
    endloop
  endfacet
  facet normal 0.00145014 -0.0295104 0.999563
    outer loop
      vertex 0.0288563 -0.292988 10.3978
      vertex 0 -0.294406 10.3978
      vertex 0.0862923 -0.876143 10.3805
    endloop
  endfacet
  facet normal 0.0510636 0.0306065 0.998226
    outer loop
      vertex 1.21218 0.809955 10.3461
      vertex 0.732011 0.489114 10.3805
      vertex 0.776428 0.415009 10.3805
    endloop
  endfacet
  facet normal 0.0538173 0.0254533 0.998226
    outer loop
      vertex 1.34691 0.557906 10.3461
      vertex 0.776428 0.415009 10.3805
      vertex 0.813367 0.336907 10.3805
    endloop
  endfacet
  facet normal 0.0267094 0.0126324 0.999563
    outer loop
      vertex 0.776428 0.415009 10.3805
      vertex 0.271996 0.112664 10.3978
      vertex 0.813367 0.336907 10.3805
    endloop
  endfacet
  facet normal -0.0385339 -0.15382 0.987347
    outer loop
      vertex -0.500471 -2.51604 10.2272
      vertex -0.895416 -2.95179 10.1439
      vertex -0.601778 -3.02535 10.1439
    endloop
  endfacet
  facet normal -0.0232683 -0.156859 0.987347
    outer loop
      vertex -0.251446 -2.55298 10.2272
      vertex -0.500471 -2.51604 10.2272
      vertex -0.302345 -3.06976 10.1439
    endloop
  endfacet
  facet normal -0.0299992 -0.119764 0.992349
    outer loop
      vertex -0.586763 -1.9343 10.2948
      vertex -0.744676 -2.45487 10.2272
      vertex -0.500471 -2.51604 10.2272
    endloop
  endfacet
  facet normal -0.0300002 -0.119764 0.992349
    outer loop
      vertex -0.394343 -1.9825 10.2948
      vertex -0.586763 -1.9343 10.2948
      vertex -0.500471 -2.51604 10.2272
    endloop
  endfacet
  facet normal -0.0527885 -0.11161 0.992349
    outer loop
      vertex -0.952852 -1.78266 10.2948
      vertex -1.20929 -2.26242 10.2272
      vertex -0.981709 -2.37006 10.2272
    endloop
  endfacet
  facet normal -0.10112 -0.168717 0.980464
    outer loop
      vertex -1.45408 -2.72039 10.1439
      vertex -1.98572 -2.97184 10.0458
      vertex -1.68486 -3.15216 10.0458
    endloop
  endfacet
  facet normal -0.0133216 -0.0897948 0.995871
    outer loop
      vertex -0.142897 -1.45086 10.3461
      vertex -0.394343 -1.9825 10.2948
      vertex -0.198126 -2.01161 10.2948
    endloop
  endfacet
  facet normal -0.00445419 -0.0906682 0.995871
    outer loop
      vertex -0.142897 -1.45086 10.3461
      vertex -0.198126 -2.01161 10.2948
      vertex 0 -1.45788 10.3461
    endloop
  endfacet
  facet normal -0.0388125 -0.0820637 0.995871
    outer loop
      vertex -0.68724 -1.28574 10.3461
      vertex -0.952852 -1.78266 10.2948
      vertex -0.773533 -1.86747 10.2948
    endloop
  endfacet
  facet normal -0.0144658 -0.0577495 0.998226
    outer loop
      vertex -0.255561 -0.842473 10.3805
      vertex -0.4232 -1.3951 10.3461
      vertex -0.171754 -0.863466 10.3805
    endloop
  endfacet
  facet normal 0.0267093 0.0126327 0.999563
    outer loop
      vertex 0.776428 0.415009 10.3805
      vertex 0.259643 0.138782 10.3978
      vertex 0.271996 0.112664 10.3978
    endloop
  endfacet
  facet normal -0.0176007 -0.0237314 0.999563
    outer loop
      vertex -0.186769 -0.227578 10.3978
      vertex -0.558509 -0.680545 10.3805
      vertex -0.163563 -0.244789 10.3978
    endloop
  endfacet
  facet normal -0.0729133 -0.0540763 0.995871
    outer loop
      vertex -1.21218 -0.809955 10.3461
      vertex -1.68068 -1.123 10.2948
      vertex -1.56252 -1.28232 10.2948
    endloop
  endfacet
  facet normal -0.0778604 -0.0466725 0.995871
    outer loop
      vertex -1.28574 -0.68724 10.3461
      vertex -1.68068 -1.123 10.2948
      vertex -1.21218 -0.809955 10.3461
    endloop
  endfacet
  facet normal -0.0729163 -0.0540741 0.995871
    outer loop
      vertex -1.21218 -0.809955 10.3461
      vertex -1.56252 -1.28232 10.2948
      vertex -1.12696 -0.92487 10.3461
    endloop
  endfacet
  facet normal -0.0399803 -0.0441105 0.998226
    outer loop
      vertex -0.622524 -0.622524 10.3805
      vertex -1.03088 -1.03088 10.3461
      vertex -0.558509 -0.680545 10.3805
    endloop
  endfacet
  facet normal 0.0735486 -0.0991686 0.992349
    outer loop
      vertex 1.28232 -1.56252 10.2948
      vertex 1.123 -1.68068 10.2948
      vertex 1.42522 -2.13299 10.2272
    endloop
  endfacet
  facet normal 0.0354621 -0.0478189 0.998226
    outer loop
      vertex 0.92487 -1.12696 10.3461
      vertex 0.558509 -0.680545 10.3805
      vertex 0.809955 -1.21218 10.3461
    endloop
  endfacet
  facet normal 0.0200529 -0.0560542 0.998226
    outer loop
      vertex 0.557906 -1.34691 10.3461
      vertex 0.336907 -0.813367 10.3805
      vertex 0.4232 -1.3951 10.3461
    endloop
  endfacet
  facet normal 0.0305779 -0.0854748 0.995871
    outer loop
      vertex 0.557906 -1.34691 10.3461
      vertex 0.4232 -1.3951 10.3461
      vertex 0.773533 -1.86747 10.2948
    endloop
  endfacet
  facet normal -0.239104 0.011746 0.970923
    outer loop
      vertex -3.55698 0.350332 10.0458
      vertex -4.02935 0 9.93371
      vertex -3.57419 0 10.0458
    endloop
  endfacet
  facet normal -0.239104 -0.011746 0.970923
    outer loop
      vertex -3.57419 0 10.0458
      vertex -4.02935 0 9.93371
      vertex -3.55698 -0.350332 10.0458
    endloop
  endfacet
  facet normal -0.23222 0.058171 0.970922
    outer loop
      vertex -3.42029 1.03753 10.0458
      vertex -3.95193 0.786087 9.93371
      vertex -3.50552 0.69729 10.0458
    endloop
  endfacet
  facet normal -0.190803 0.047796 0.980464
    outer loop
      vertex -3.42029 1.03753 10.0458
      vertex -3.50552 0.69729 10.0458
      vertex -2.95179 0.895416 10.1439
    endloop
  endfacet
  facet normal -0.123316 0.0060568 0.992349
    outer loop
      vertex -2.55298 0.251446 10.2272
      vertex -2.56533 0 10.2272
      vertex -2.01161 0.198126 10.2948
    endloop
  endfacet
  facet normal -0.122129 0.0181185 0.992349
    outer loop
      vertex -1.9825 0.394343 10.2948
      vertex -2.55298 0.251446 10.2272
      vertex -2.01161 0.198126 10.2948
    endloop
  endfacet
  facet normal -0.088056 -0.0220613 0.995871
    outer loop
      vertex -1.42987 -0.284418 10.3461
      vertex -1.9343 -0.586763 10.2948
      vertex -1.3951 -0.4232 10.3461
    endloop
  endfacet
  facet normal -0.0897964 -0.0133183 0.995871
    outer loop
      vertex -1.45086 -0.142897 10.3461
      vertex -1.9825 -0.394343 10.2948
      vertex -1.42987 -0.284418 10.3461
    endloop
  endfacet
  facet normal -0.11161 -0.0527885 0.992349
    outer loop
      vertex -1.78266 -0.952852 10.2948
      vertex -2.37006 -0.981709 10.2272
      vertex -2.26242 -1.20929 10.2272
    endloop
  endfacet
  facet normal -0.143348 -0.0678001 0.987347
    outer loop
      vertex -2.37006 -0.981709 10.2272
      vertex -2.72039 -1.45408 10.1439
      vertex -2.26242 -1.20929 10.2272
    endloop
  endfacet
  facet normal 0.047796 -0.190803 0.980464
    outer loop
      vertex 0.895416 -2.95179 10.1439
      vertex 0.69729 -3.50552 10.0458
      vertex 1.03753 -3.42029 10.0458
    endloop
  endfacet
  facet normal 0.058171 -0.23222 0.970922
    outer loop
      vertex 1.03753 -3.42029 10.0458
      vertex 0.69729 -3.50552 10.0458
      vertex 0.786087 -3.95193 9.93371
    endloop
  endfacet
  facet normal 0.00778433 -0.158382 0.987347
    outer loop
      vertex 0 -2.56533 10.2272
      vertex 0 -3.08462 10.1439
      vertex 0.302345 -3.06976 10.1439
    endloop
  endfacet
  facet normal -0.00778433 -0.158382 0.987347
    outer loop
      vertex 0 -2.56533 10.2272
      vertex -0.302345 -3.06976 10.1439
      vertex 0 -3.08462 10.1439
    endloop
  endfacet
  facet normal -0.669687 0.496675 0.552117
    outer loop
      vertex -4.58786 3.76516 8.86411
      vertex -4.93482 3.29734 8.86411
      vertex -4.49907 3.69229 9.03736
    endloop
  endfacet
  facet normal -0.61777 0.559935 0.552117
    outer loop
      vertex -4.11549 4.11549 9.03736
      vertex -4.58786 3.76516 8.86411
      vertex -4.49907 3.69229 9.03736
    endloop
  endfacet
  facet normal -0.122991 -0.260033 0.957735
    outer loop
      vertex -1.89942 -3.55357 9.93371
      vertex -2.09569 -3.92076 9.80881
      vertex -1.7013 -4.1073 9.80881
    endloop
  endfacet
  facet normal -0.20474 -0.276061 0.93908
    outer loop
      vertex -2.4699 -3.69647 9.80881
      vertex -3.0573 -3.72533 9.67226
      vertex -2.67743 -4.00706 9.67226
    endloop
  endfacet
  facet normal -0.0718739 -0.48457 0.871795
    outer loop
      vertex -0.504432 -5.12159 9.52538
      vertex -1.00401 -5.04749 9.52538
      vertex -0.531638 -5.39782 9.3696
    endloop
  endfacet
  facet normal -0.0240357 -0.489282 0.871795
    outer loop
      vertex -0.504432 -5.12159 9.52538
      vertex -0.531638 -5.39782 9.3696
      vertex 0 -5.14637 9.52538
    endloop
  endfacet
  facet normal -0.0422105 -0.284541 0.957734
    outer loop
      vertex -0.786087 -3.95193 9.93371
      vertex -0.867314 -4.36028 9.80881
      vertex -0.435755 -4.4243 9.80881
    endloop
  endfacet
  facet normal -0.0996286 -0.397719 0.912082
    outer loop
      vertex -0.940187 -4.72664 9.67226
      vertex -1.49391 -4.92477 9.52538
      vertex -1.00401 -5.04749 9.52538
    endloop
  endfacet
  facet normal -0.197766 -0.552724 0.809558
    outer loop
      vertex -1.57448 -5.19038 9.3696
      vertex -2.07565 -5.01106 9.3696
      vertex -1.63989 -5.40601 9.2064
    endloop
  endfacet
  facet normal -0.175311 -0.370651 0.912077
    outer loop
      vertex -2.27178 -4.25019 9.67226
      vertex -2.42598 -4.53869 9.52538
      vertex -1.96943 -4.75463 9.52538
    endloop
  endfacet
  facet normal -0.0288576 -0.194571 0.980464
    outer loop
      vertex -0.601778 -3.02535 10.1439
      vertex -0.69729 -3.50552 10.0458
      vertex -0.302345 -3.06976 10.1439
    endloop
  endfacet
  facet normal -0.058171 -0.23222 0.970922
    outer loop
      vertex -0.69729 -3.50552 10.0458
      vertex -1.03753 -3.42029 10.0458
      vertex -0.786087 -3.95193 9.93371
    endloop
  endfacet
  facet normal -0.0841031 -0.177813 0.980464
    outer loop
      vertex -1.45408 -2.72039 10.1439
      vertex -1.68486 -3.15216 10.0458
      vertex -1.36779 -3.30213 10.0458
    endloop
  endfacet
  facet normal -0.106493 -0.117494 0.987347
    outer loop
      vertex -1.81396 -1.81396 10.2272
      vertex -2.18115 -2.18115 10.1439
      vertex -1.95686 -2.38444 10.1439
    endloop
  endfacet
  facet normal -0.123075 -0.205339 0.970921
    outer loop
      vertex -1.98572 -2.97184 10.0458
      vertex -2.23859 -3.35028 9.93371
      vertex -1.89942 -3.55357 9.93371
    endloop
  endfacet
  facet normal -0.14261 -0.192286 0.970921
    outer loop
      vertex -1.98572 -2.97184 10.0458
      vertex -2.55619 -3.11473 9.93371
      vertex -2.23859 -3.35028 9.93371
    endloop
  endfacet
  facet normal -0.122993 -0.260034 0.957734
    outer loop
      vertex -1.54197 -3.72264 9.93371
      vertex -1.89942 -3.55357 9.93371
      vertex -1.7013 -4.1073 9.80881
    endloop
  endfacet
  facet normal -0.0698887 -0.279031 0.957735
    outer loop
      vertex -1.16966 -3.85585 9.93371
      vertex -1.29052 -4.25428 9.80881
      vertex -0.867314 -4.36028 9.80881
    endloop
  endfacet
  facet normal 0.0141127 -0.287306 0.957735
    outer loop
      vertex 0.394945 -4.00995 9.93371
      vertex 0 -4.02935 9.93371
      vertex 0.435755 -4.4243 9.80881
    endloop
  endfacet
  facet normal 0.042207 -0.284539 0.957735
    outer loop
      vertex 0.786087 -3.95193 9.93371
      vertex 0.394945 -4.00995 9.93371
      vertex 0.435755 -4.4243 9.80881
    endloop
  endfacet
  facet normal -0.011745 -0.239104 0.970923
    outer loop
      vertex -0.350332 -3.55698 10.0458
      vertex -0.394945 -4.00995 9.93371
      vertex 0 -4.02935 9.93371
    endloop
  endfacet
  facet normal -0.0351258 -0.236801 0.970923
    outer loop
      vertex -0.350332 -3.55698 10.0458
      vertex -0.786087 -3.95193 9.93371
      vertex -0.394945 -4.00995 9.93371
    endloop
  endfacet
  facet normal -0.356464 -0.753699 0.552151
    outer loop
      vertex -2.22729 -5.37715 9.03736
      vertex -2.74362 -5.13295 9.03736
      vertex -2.27125 -5.48328 8.86411
    endloop
  endfacet
  facet normal -0.356486 -0.753712 0.55212
    outer loop
      vertex -2.74362 -5.13295 9.03736
      vertex -2.79777 -5.23425 8.86411
      vertex -2.27125 -5.48328 8.86411
    endloop
  endfacet
  facet normal -0.12234 -0.824721 0.552148
    outer loop
      vertex -0.570477 -5.79216 9.03736
      vertex -1.13546 -5.70835 9.03736
      vertex -0.581737 -5.90648 8.86411
    endloop
  endfacet
  facet normal -0.122333 -0.824714 0.552161
    outer loop
      vertex -1.13546 -5.70835 9.03736
      vertex -1.15787 -5.82102 8.86411
      vertex -0.581737 -5.90648 8.86411
    endloop
  endfacet
  facet normal -0.0466142 -0.949078 0.311572
    outer loop
      vertex 0 -5.93506 8.86411
      vertex -0.587394 -5.96392 8.68832
      vertex 0 -5.99277 8.68832
    endloop
  endfacet
  facet normal -0.146743 -0.989175 0
    outer loop
      vertex -1.16913 -5.87762 8.6
      vertex -0.587394 -5.96392 8.68832
      vertex -1.16913 -5.87762 8.68832
    endloop
  endfacet
  facet normal -0.146743 -0.989175 -0
    outer loop
      vertex -0.587394 -5.96392 8.68832
      vertex -1.16913 -5.87762 8.6
      vertex -0.587394 -5.96392 8.6
    endloop
  endfacet
  facet normal 0.970034 -0.242968 0
    outer loop
      vertex 5.73473 -1.73961 8.68832
      vertex 5.87762 -1.16913 8.6
      vertex 5.87762 -1.16913 8.68832
    endloop
  endfacet
  facet normal 0.970034 -0.242968 0
    outer loop
      vertex 5.87762 -1.16913 8.6
      vertex 5.73473 -1.73961 8.68832
      vertex 5.73473 -1.73961 8.6
    endloop
  endfacet
  facet normal -0.209452 0.442841 0.871792
    outer loop
      vertex -2.07565 5.01106 9.3696
      vertex -2.55682 4.78348 9.3696
      vertex -2.42598 4.53869 9.52538
    endloop
  endfacet
  facet normal -0.301811 0.503534 0.809545
    outer loop
      vertex -2.66304 4.98221 9.2064
      vertex -3.13856 4.69719 9.2064
      vertex -3.01338 4.50984 9.3696
    endloop
  endfacet
  facet normal -0.165034 0.461243 0.871791
    outer loop
      vertex -1.57448 5.19038 9.3696
      vertex -2.07565 5.01106 9.3696
      vertex -1.49391 4.92477 9.52538
    endloop
  endfacet
  facet normal -0.138128 0.386051 0.912078
    outer loop
      vertex -1.49391 4.92477 9.52538
      vertex -1.96943 4.75463 9.52538
      vertex -1.39895 4.61173 9.67226
    endloop
  endfacet
  facet normal -0.671559 0.740951 0
    outer loop
      vertex -3.80177 4.63248 8.6
      vertex -4.23753 4.23753 8.68832
      vertex -3.80177 4.63248 8.68832
    endloop
  endfacet
  facet normal -0.671559 0.740951 0
    outer loop
      vertex -4.23753 4.23753 8.68832
      vertex -3.80177 4.63248 8.6
      vertex -4.23753 4.23753 8.6
    endloop
  endfacet
  facet normal -0.393467 0.291817 0.871795
    outer loop
      vertex -4.19276 3.44091 9.3696
      vertex -4.50984 3.01338 9.3696
      vertex -3.9782 3.26482 9.52538
    endloop
  endfacet
  facet normal -0.32898 0.362967 0.871795
    outer loop
      vertex -3.44091 4.19276 9.3696
      vertex -3.63903 3.63903 9.52538
      vertex -3.26482 3.9782 9.52538
    endloop
  endfacet
  facet normal -0.275358 0.303805 0.912075
    outer loop
      vertex -3.26482 3.9782 9.52538
      vertex -3.63903 3.63903 9.52538
      vertex -3.0573 3.72533 9.67226
    endloop
  endfacet
  facet normal -0.25184 0.420176 0.871797
    outer loop
      vertex -2.42598 4.53869 9.52538
      vertex -3.01338 4.50984 9.3696
      vertex -2.85917 4.27905 9.52538
    endloop
  endfacet
  facet normal -0.328979 0.362967 0.871796
    outer loop
      vertex -3.44091 4.19276 9.3696
      vertex -3.8353 3.8353 9.3696
      vertex -3.63903 3.63903 9.52538
    endloop
  endfacet
  facet normal -0.362967 0.328979 0.871796
    outer loop
      vertex -3.8353 3.8353 9.3696
      vertex -4.19276 3.44091 9.3696
      vertex -3.63903 3.63903 9.52538
    endloop
  endfacet
  facet normal -0.333406 0.0835108 0.939077
    outer loop
      vertex -4.61173 1.39895 9.67226
      vertex -4.72664 0.940187 9.67226
      vertex -4.25428 1.29052 9.80881
    endloop
  endfacet
  facet normal -0.333404 0.0835073 0.939079
    outer loop
      vertex -4.25428 1.29052 9.80881
      vertex -4.72664 0.940187 9.67226
      vertex -4.36028 0.867314 9.80881
    endloop
  endfacet
  facet normal -0.420176 0.25184 0.871797
    outer loop
      vertex -4.50984 3.01338 9.3696
      vertex -4.53869 2.42598 9.52538
      vertex -4.27905 2.85917 9.52538
    endloop
  endfacet
  facet normal -0.461247 0.165033 0.871789
    outer loop
      vertex -4.75463 1.96943 9.52538
      vertex -5.01106 2.07565 9.3696
      vertex -4.92477 1.49391 9.52538
    endloop
  endfacet
  facet normal -0.294802 0.176692 0.93908
    outer loop
      vertex -4.00706 2.67743 9.67226
      vertex -4.25019 2.27178 9.67226
      vertex -3.69647 2.4699 9.80881
    endloop
  endfacet
  facet normal -0.294803 0.176696 0.939079
    outer loop
      vertex -3.69647 2.4699 9.80881
      vertex -4.25019 2.27178 9.67226
      vertex -3.92076 2.09569 9.80881
    endloop
  endfacet
  facet normal -0.0840942 0.177812 0.980465
    outer loop
      vertex -1.36779 3.30213 10.0458
      vertex -1.45408 2.72039 10.1439
      vertex -1.18043 2.84981 10.1439
    endloop
  endfacet
  facet normal -0.0662647 0.185197 0.980465
    outer loop
      vertex -0.895416 2.95179 10.1439
      vertex -1.36779 3.30213 10.0458
      vertex -1.18043 2.84981 10.1439
    endloop
  endfacet
  facet normal 0.270837 -0.0969035 0.957735
    outer loop
      vertex 3.85585 -1.16966 9.93371
      vertex 3.72264 -1.54197 9.93371
      vertex 4.25428 -1.29052 9.80881
    endloop
  endfacet
  facet normal 0.270838 -0.0969079 0.957735
    outer loop
      vertex 4.25428 -1.29052 9.80881
      vertex 3.72264 -1.54197 9.93371
      vertex 4.1073 -1.7013 9.80881
    endloop
  endfacet
  facet normal 0.280884 -0.785005 0.552151
    outer loop
      vertex 2.22729 -5.37715 9.03736
      vertex 1.72286 -5.6795 8.86411
      vertex 2.27125 -5.48328 8.86411
    endloop
  endfacet
  facet normal 0.320122 -0.894669 0.311591
    outer loop
      vertex 2.27125 -5.48328 8.86411
      vertex 1.72286 -5.6795 8.86411
      vertex 1.73961 -5.73473 8.68832
    endloop
  endfacet
  facet normal 0.0854709 -0.0305832 0.995871
    outer loop
      vertex 1.9343 -0.586763 10.2948
      vertex 1.3951 -0.4232 10.3461
      vertex 1.86747 -0.773533 10.2948
    endloop
  endfacet
  facet normal 0.116245 -0.0415949 0.992349
    outer loop
      vertex 1.9343 -0.586763 10.2948
      vertex 1.86747 -0.773533 10.2948
      vertex 2.37006 -0.981709 10.2272
    endloop
  endfacet
  facet normal 0.0854748 0.0305779 0.995871
    outer loop
      vertex 1.86747 0.773533 10.2948
      vertex 1.34691 0.557906 10.3461
      vertex 1.3951 0.4232 10.3461
    endloop
  endfacet
  facet normal 0.0854709 0.0305832 0.995871
    outer loop
      vertex 1.86747 0.773533 10.2948
      vertex 1.3951 0.4232 10.3461
      vertex 1.9343 0.586763 10.2948
    endloop
  endfacet
  facet normal 0.0991686 0.0735486 0.992349
    outer loop
      vertex 2.13299 1.42522 10.2272
      vertex 1.56252 1.28232 10.2948
      vertex 1.68068 1.123 10.2948
    endloop
  endfacet
  facet normal 0.0729133 0.0540763 0.995871
    outer loop
      vertex 1.56252 1.28232 10.2948
      vertex 1.21218 0.809955 10.3461
      vertex 1.68068 1.123 10.2948
    endloop
  endfacet
  facet normal 0.0538172 0.0254535 0.998226
    outer loop
      vertex 1.28574 0.68724 10.3461
      vertex 0.776428 0.415009 10.3805
      vertex 1.34691 0.557906 10.3461
    endloop
  endfacet
  facet normal 0.0820637 0.038813 0.995871
    outer loop
      vertex 1.86747 0.773533 10.2948
      vertex 1.28574 0.68724 10.3461
      vertex 1.34691 0.557906 10.3461
    endloop
  endfacet
  facet normal 0.156858 0.0232641 0.987347
    outer loop
      vertex 3.02535 0.601778 10.1439
      vertex 2.51604 0.500471 10.2272
      vertex 3.06976 0.302345 10.1439
    endloop
  endfacet
  facet normal 0.194571 0.0288576 0.980464
    outer loop
      vertex 3.50552 0.69729 10.0458
      vertex 3.02535 0.601778 10.1439
      vertex 3.06976 0.302345 10.1439
    endloop
  endfacet
  facet normal 0.196465 0.0096561 0.980463
    outer loop
      vertex 3.57419 0 10.0458
      vertex 3.06976 0.302345 10.1439
      vertex 3.08462 0 10.1439
    endloop
  endfacet
  facet normal 0.158382 0.00778433 0.987347
    outer loop
      vertex 3.06976 0.302345 10.1439
      vertex 2.56533 0 10.2272
      vertex 3.08462 0 10.1439
    endloop
  endfacet
  facet normal 0.157988 0.117169 0.980465
    outer loop
      vertex 2.97184 1.98572 10.0458
      vertex 2.38444 1.95686 10.1439
      vertex 2.56476 1.71372 10.1439
    endloop
  endfacet
  facet normal 0.127369 0.0944607 0.987347
    outer loop
      vertex 2.38444 1.95686 10.1439
      vertex 2.13299 1.42522 10.2272
      vertex 2.56476 1.71372 10.1439
    endloop
  endfacet
  facet normal 0.132095 0.14574 0.980465
    outer loop
      vertex 2.52734 2.52734 10.0458
      vertex 1.95686 2.38444 10.1439
      vertex 2.18115 2.18115 10.1439
    endloop
  endfacet
  facet normal 0.0914787 0.0829159 0.992349
    outer loop
      vertex 1.81396 1.81396 10.2272
      vertex 1.56252 1.28232 10.2948
      vertex 1.98303 1.62743 10.2272
    endloop
  endfacet
  facet normal 0.0735486 0.0991686 0.992349
    outer loop
      vertex 1.42522 2.13299 10.2272
      vertex 1.123 1.68068 10.2948
      vertex 1.28232 1.56252 10.2948
    endloop
  endfacet
  facet normal 0.0735447 0.0991696 0.992349
    outer loop
      vertex 1.42522 2.13299 10.2272
      vertex 1.28232 1.56252 10.2948
      vertex 1.62743 1.98303 10.2272
    endloop
  endfacet
  facet normal -0.0527865 0.11161 0.992349
    outer loop
      vertex -0.773533 1.86747 10.2948
      vertex -0.981709 2.37006 10.2272
      vertex -0.952852 1.78266 10.2948
    endloop
  endfacet
  facet normal -0.022058 0.088058 0.995871
    outer loop
      vertex -0.394343 1.9825 10.2948
      vertex -0.586763 1.9343 10.2948
      vertex -0.284418 1.42987 10.3461
    endloop
  endfacet
  facet normal 0.00145001 0.0295105 0.999563
    outer loop
      vertex 0 0.880383 10.3805
      vertex 0 0.294406 10.3978
      vertex 0.0862923 0.876143 10.3805
    endloop
  endfacet
  facet normal 0.0232683 0.156859 0.987347
    outer loop
      vertex 0.302345 3.06976 10.1439
      vertex 0.251446 2.55298 10.2272
      vertex 0.500471 2.51604 10.2272
    endloop
  endfacet
  facet normal -0.0144681 0.0577484 0.998226
    outer loop
      vertex -0.284418 1.42987 10.3461
      vertex -0.4232 1.3951 10.3461
      vertex -0.171754 0.863466 10.3805
    endloop
  endfacet
  facet normal -0.0133183 0.0897964 0.995871
    outer loop
      vertex -0.142897 1.45086 10.3461
      vertex -0.394343 1.9825 10.2948
      vertex -0.284418 1.42987 10.3461
    endloop
  endfacet
  facet normal 0.00995377 0.027819 0.999563
    outer loop
      vertex 0.255561 0.842473 10.3805
      vertex 0.112664 0.271996 10.3978
      vertex 0.336907 0.813367 10.3805
    endloop
  endfacet
  facet normal 0.0133183 0.0897964 0.995871
    outer loop
      vertex 0.394343 1.9825 10.2948
      vertex 0.142897 1.45086 10.3461
      vertex 0.284418 1.42987 10.3461
    endloop
  endfacet
  facet normal 0.0527865 0.11161 0.992349
    outer loop
      vertex 0.981709 2.37006 10.2272
      vertex 0.773533 1.86747 10.2948
      vertex 0.952852 1.78266 10.2948
    endloop
  endfacet
  facet normal 0.0200529 0.0560542 0.998226
    outer loop
      vertex 0.4232 1.3951 10.3461
      vertex 0.336907 0.813367 10.3805
      vertex 0.557906 1.34691 10.3461
    endloop
  endfacet
  facet normal 0.0254533 0.0538173 0.998226
    outer loop
      vertex 0.557906 1.34691 10.3461
      vertex 0.336907 0.813367 10.3805
      vertex 0.415009 0.776428 10.3805
    endloop
  endfacet
  facet normal 0.117494 0.106496 0.987347
    outer loop
      vertex 2.38444 1.95686 10.1439
      vertex 1.81396 1.81396 10.2272
      vertex 1.98303 1.62743 10.2272
    endloop
  endfacet
  facet normal 0.117494 0.106493 0.987347
    outer loop
      vertex 2.18115 2.18115 10.1439
      vertex 1.81396 1.81396 10.2272
      vertex 2.38444 1.95686 10.1439
    endloop
  endfacet
  facet normal 0.176696 0.294803 0.939079
    outer loop
      vertex 2.27178 4.25019 9.67226
      vertex 2.09569 3.92076 9.80881
      vertex 2.4699 3.69647 9.80881
    endloop
  endfacet
  facet normal 0.146956 0.3107 0.939079
    outer loop
      vertex 2.27178 4.25019 9.67226
      vertex 1.7013 4.1073 9.80881
      vertex 2.09569 3.92076 9.80881
    endloop
  endfacet
  facet normal 0.00605608 0.123316 0.992349
    outer loop
      vertex 0 2.56533 10.2272
      vertex 0 2.02134 10.2948
      vertex 0.198126 2.01161 10.2948
    endloop
  endfacet
  facet normal 0.00445275 0.0906687 0.995871
    outer loop
      vertex 0 2.02134 10.2948
      vertex 0 1.45788 10.3461
      vertex 0.198126 2.01161 10.2948
    endloop
  endfacet
  facet normal 0.0415949 0.116245 0.992349
    outer loop
      vertex 0.981709 2.37006 10.2272
      vertex 0.586763 1.9343 10.2948
      vertex 0.773533 1.86747 10.2948
    endloop
  endfacet
  facet normal 0.067797 0.143352 0.987347
    outer loop
      vertex 1.18043 2.84981 10.1439
      vertex 0.981709 2.37006 10.2272
      vertex 1.45408 2.72039 10.1439
    endloop
  endfacet
  facet normal -0.0096561 0.196465 0.980463
    outer loop
      vertex 0 3.57419 10.0458
      vertex -0.302345 3.06976 10.1439
      vertex 0 3.08462 10.1439
    endloop
  endfacet
  facet normal 0.0477987 0.190804 0.980464
    outer loop
      vertex 0.69729 3.50552 10.0458
      vertex 0.601778 3.02535 10.1439
      vertex 0.895416 2.95179 10.1439
    endloop
  endfacet
  facet normal 0.0232641 0.156858 0.987347
    outer loop
      vertex 0.601778 3.02535 10.1439
      vertex 0.302345 3.06976 10.1439
      vertex 0.500471 2.51604 10.2272
    endloop
  endfacet
  facet normal 0.0288576 0.194571 0.980464
    outer loop
      vertex 0.69729 3.50552 10.0458
      vertex 0.302345 3.06976 10.1439
      vertex 0.601778 3.02535 10.1439
    endloop
  endfacet
  facet normal -0.230818 0.254664 0.939079
    outer loop
      vertex -3.0573 3.72533 9.67226
      vertex -3.14359 3.14359 9.80881
      vertex -2.82033 3.43658 9.80881
    endloop
  endfacet
  facet normal -0.303803 0.275358 0.912076
    outer loop
      vertex -3.63903 3.63903 9.52538
      vertex -3.72533 3.0573 9.67226
      vertex -3.40772 3.40772 9.67226
    endloop
  endfacet
  facet normal -0.147882 0.246729 0.957735
    outer loop
      vertex -2.09569 3.92076 9.80881
      vertex -2.4699 3.69647 9.80881
      vertex -1.89942 3.55357 9.93371
    endloop
  endfacet
  facet normal -0.176696 0.294803 0.939079
    outer loop
      vertex -2.27178 4.25019 9.67226
      vertex -2.4699 3.69647 9.80881
      vertex -2.09569 3.92076 9.80881
    endloop
  endfacet
  facet normal -0.23082 0.254665 0.939078
    outer loop
      vertex -3.0573 3.72533 9.67226
      vertex -3.40772 3.40772 9.67226
      vertex -3.14359 3.14359 9.80881
    endloop
  endfacet
  facet normal -0.254665 0.23082 0.939078
    outer loop
      vertex -3.40772 3.40772 9.67226
      vertex -3.72533 3.0573 9.67226
      vertex -3.14359 3.14359 9.80881
    endloop
  endfacet
  facet normal -0.0944594 0.127372 0.987347
    outer loop
      vertex -1.42522 2.13299 10.2272
      vertex -1.95686 2.38444 10.1439
      vertex -1.62743 1.98303 10.2272
    endloop
  endfacet
  facet normal -0.106496 0.117494 0.987347
    outer loop
      vertex -1.62743 1.98303 10.2272
      vertex -1.95686 2.38444 10.1439
      vertex -1.81396 1.81396 10.2272
    endloop
  endfacet
  facet normal -0.0815263 0.136012 0.987347
    outer loop
      vertex -1.20929 2.26242 10.2272
      vertex -1.45408 2.72039 10.1439
      vertex -1.42522 2.13299 10.2272
    endloop
  endfacet
  facet normal -0.0634756 0.105897 0.992349
    outer loop
      vertex -1.20929 2.26242 10.2272
      vertex -1.42522 2.13299 10.2272
      vertex -0.952852 1.78266 10.2948
    endloop
  endfacet
  facet normal -0.0168607 0.343295 0.939076
    outer loop
      vertex 0 4.81924 9.67226
      vertex -0.472368 4.79604 9.67226
      vertex 0 4.44571 9.80881
    endloop
  endfacet
  facet normal 0.0168607 0.343295 0.939076
    outer loop
      vertex 0 4.81924 9.67226
      vertex 0 4.44571 9.80881
      vertex 0.472368 4.79604 9.67226
    endloop
  endfacet
  facet normal -0.192286 0.14261 0.970921
    outer loop
      vertex -3.11473 2.55619 9.93371
      vertex -3.35028 2.23859 9.93371
      vertex -2.97184 1.98572 10.0458
    endloop
  endfacet
  facet normal -0.177382 0.160769 0.970922
    outer loop
      vertex -2.84918 2.84918 9.93371
      vertex -3.11473 2.55619 9.93371
      vertex -2.52734 2.52734 10.0458
    endloop
  endfacet
  facet normal -0.14261 0.192286 0.970921
    outer loop
      vertex -2.23859 3.35028 9.93371
      vertex -2.55619 3.11473 9.93371
      vertex -1.98572 2.97184 10.0458
    endloop
  endfacet
  facet normal -0.171355 0.231044 0.957735
    outer loop
      vertex -2.4699 3.69647 9.80881
      vertex -2.55619 3.11473 9.93371
      vertex -2.23859 3.35028 9.93371
    endloop
  endfacet
  facet normal -0.213133 0.193172 0.957736
    outer loop
      vertex -2.84918 2.84918 9.93371
      vertex -3.43658 2.82033 9.80881
      vertex -3.11473 2.55619 9.93371
    endloop
  endfacet
  facet normal -0.231043 0.171349 0.957736
    outer loop
      vertex -3.43658 2.82033 9.80881
      vertex -3.69647 2.4699 9.80881
      vertex -3.11473 2.55619 9.93371
    endloop
  endfacet
  facet normal -0.105897 0.0634756 0.992349
    outer loop
      vertex -2.13299 1.42522 10.2272
      vertex -2.26242 1.20929 10.2272
      vertex -1.78266 0.952852 10.2948
    endloop
  endfacet
  facet normal -0.0914787 0.0829159 0.992349
    outer loop
      vertex -1.81396 1.81396 10.2272
      vertex -1.98303 1.62743 10.2272
      vertex -1.56252 1.28232 10.2948
    endloop
  endfacet
  facet normal -0.11161 0.0527865 0.992349
    outer loop
      vertex -1.78266 0.952852 10.2948
      vertex -2.37006 0.981709 10.2272
      vertex -1.86747 0.773533 10.2948
    endloop
  endfacet
  facet normal -0.0820637 0.0388125 0.995871
    outer loop
      vertex -1.78266 0.952852 10.2948
      vertex -1.86747 0.773533 10.2948
      vertex -1.28574 0.68724 10.3461
    endloop
  endfacet
  facet normal 0.0126327 0.0267093 0.999563
    outer loop
      vertex 0.415009 0.776428 10.3805
      vertex 0.112664 0.271996 10.3978
      vertex 0.138782 0.259643 10.3978
    endloop
  endfacet
  facet normal -0.0151904 -0.0253422 0.999563
    outer loop
      vertex -0.163563 -0.244789 10.3978
      vertex -0.415009 -0.776428 10.3805
      vertex -0.138782 -0.259643 10.3978
    endloop
  endfacet
  facet normal -0.0306065 0.0510636 0.998226
    outer loop
      vertex -0.415009 0.776428 10.3805
      vertex -0.809955 1.21218 10.3461
      vertex -0.489114 0.732011 10.3805
    endloop
  endfacet
  facet normal -0.0237314 -0.0176007 0.999563
    outer loop
      vertex -0.244789 -0.163563 10.3978
      vertex -0.680545 -0.558509 10.3805
      vertex -0.227578 -0.186769 10.3978
    endloop
  endfacet
  facet normal -0.0292263 -0.00433506 0.999563
    outer loop
      vertex -0.292988 -0.0288563 10.3978
      vertex -0.876143 -0.0862923 10.3805
      vertex -0.288749 -0.057435 10.3978
    endloop
  endfacet
  facet normal -0.058889 -0.00873425 0.998226
    outer loop
      vertex -0.863466 -0.171754 10.3805
      vertex -1.45086 -0.142897 10.3461
      vertex -1.42987 -0.284418 10.3461
    endloop
  endfacet
  facet normal -0.00433529 -0.0292263 0.999563
    outer loop
      vertex -0.057435 -0.288749 10.3978
      vertex -0.171754 -0.863466 10.3805
      vertex -0.0862923 -0.876143 10.3805
    endloop
  endfacet
  facet normal -0.00717925 0.0286606 0.999563
    outer loop
      vertex -0.171754 0.863466 10.3805
      vertex -0.255561 0.842473 10.3805
      vertex -0.0854607 0.281729 10.3978
    endloop
  endfacet
  facet normal 0.00433506 0.0292263 0.999563
    outer loop
      vertex 0.0862923 0.876143 10.3805
      vertex 0.0288563 0.292988 10.3978
      vertex 0.057435 0.288749 10.3978
    endloop
  endfacet
  facet normal -0.0399796 0.0441115 0.998226
    outer loop
      vertex -0.92487 1.12696 10.3461
      vertex -1.03088 1.03088 10.3461
      vertex -0.558509 0.680545 10.3805
    endloop
  endfacet
  facet normal -0.0540763 0.0729133 0.995871
    outer loop
      vertex -1.123 1.68068 10.2948
      vertex -1.28232 1.56252 10.2948
      vertex -0.809955 1.21218 10.3461
    endloop
  endfacet
  facet normal -0.0254535 0.0538172 0.998226
    outer loop
      vertex -0.557906 1.34691 10.3461
      vertex -0.68724 1.28574 10.3461
      vertex -0.415009 0.776428 10.3805
    endloop
  endfacet
  facet normal -0.0200563 0.0560537 0.998226
    outer loop
      vertex -0.255561 0.842473 10.3805
      vertex -0.4232 1.3951 10.3461
      vertex -0.336907 0.813367 10.3805
    endloop
  endfacet
  facet normal -0.0735486 0.0991686 0.992349
    outer loop
      vertex -1.123 1.68068 10.2948
      vertex -1.42522 2.13299 10.2272
      vertex -1.28232 1.56252 10.2948
    endloop
  endfacet
  facet normal -0.0540741 0.0729163 0.995871
    outer loop
      vertex -0.809955 1.21218 10.3461
      vertex -1.28232 1.56252 10.2948
      vertex -0.92487 1.12696 10.3461
    endloop
  endfacet
  facet normal -0.0218923 -0.0198418 0.999563
    outer loop
      vertex -0.227578 -0.186769 10.3978
      vertex -0.622524 -0.622524 10.3805
      vertex -0.208176 -0.208176 10.3978
    endloop
  endfacet
  facet normal -0.0295104 0.00145014 0.999563
    outer loop
      vertex -0.292988 0.0288563 10.3978
      vertex -0.876143 0.0862923 10.3805
      vertex -0.294406 0 10.3978
    endloop
  endfacet
  facet normal 0.0278191 -0.00995332 0.999563
    outer loop
      vertex 0.281729 -0.0854607 10.3978
      vertex 0.271996 -0.112664 10.3978
      vertex 0.842473 -0.255561 10.3805
    endloop
  endfacet
  facet normal 0.0286606 -0.00717925 0.999563
    outer loop
      vertex 0.863466 -0.171754 10.3805
      vertex 0.281729 -0.0854607 10.3978
      vertex 0.842473 -0.255561 10.3805
    endloop
  endfacet
  facet normal 0.00145014 0.0295104 0.999563
    outer loop
      vertex 0.0862923 0.876143 10.3805
      vertex 0 0.294406 10.3978
      vertex 0.0288563 0.292988 10.3978
    endloop
  endfacet
  facet normal -0.0354621 -0.0478189 0.998226
    outer loop
      vertex -0.558509 -0.680545 10.3805
      vertex -0.92487 -1.12696 10.3461
      vertex -0.809955 -1.21218 10.3461
    endloop
  endfacet
  facet normal -0.0399796 -0.0441115 0.998226
    outer loop
      vertex -0.558509 -0.680545 10.3805
      vertex -1.03088 -1.03088 10.3461
      vertex -0.92487 -1.12696 10.3461
    endloop
  endfacet
  facet normal 0.00995332 -0.0278191 0.999563
    outer loop
      vertex 0.112664 -0.271996 10.3978
      vertex 0.0854607 -0.281729 10.3978
      vertex 0.255561 -0.842473 10.3805
    endloop
  endfacet
  facet normal -0.0151904 0.0253422 0.999563
    outer loop
      vertex -0.138782 0.259643 10.3978
      vertex -0.415009 0.776428 10.3805
      vertex -0.163563 0.244789 10.3978
    endloop
  endfacet
  facet normal 0.00433529 -0.0292263 0.999563
    outer loop
      vertex 0.171754 -0.863466 10.3805
      vertex 0.057435 -0.288749 10.3978
      vertex 0.0862923 -0.876143 10.3805
    endloop
  endfacet
  facet normal 0.0538172 -0.0254535 0.998226
    outer loop
      vertex 1.34691 -0.557906 10.3461
      vertex 0.776428 -0.415009 10.3805
      vertex 1.28574 -0.68724 10.3461
    endloop
  endfacet
  facet normal 0.0538173 -0.0254533 0.998226
    outer loop
      vertex 0.813367 -0.336907 10.3805
      vertex 0.776428 -0.415009 10.3805
      vertex 1.34691 -0.557906 10.3461
    endloop
  endfacet
  facet normal 0.0126327 -0.0267093 0.999563
    outer loop
      vertex 0.138782 -0.259643 10.3978
      vertex 0.112664 -0.271996 10.3978
      vertex 0.415009 -0.776428 10.3805
    endloop
  endfacet
  facet normal 0.0778604 -0.0466725 0.995871
    outer loop
      vertex 1.28574 -0.68724 10.3461
      vertex 1.21218 -0.809955 10.3461
      vertex 1.68068 -1.123 10.2948
    endloop
  endfacet
  facet normal 0.0510619 -0.0306084 0.998226
    outer loop
      vertex 1.28574 -0.68724 10.3461
      vertex 0.776428 -0.415009 10.3805
      vertex 1.21218 -0.809955 10.3461
    endloop
  endfacet
  facet normal 0.0441115 -0.0399796 0.998226
    outer loop
      vertex 1.12696 -0.92487 10.3461
      vertex 0.680545 -0.558509 10.3805
      vertex 1.03088 -1.03088 10.3461
    endloop
  endfacet
  facet normal -0.00433506 -0.0292263 0.999563
    outer loop
      vertex -0.057435 -0.288749 10.3978
      vertex -0.0862923 -0.876143 10.3805
      vertex -0.0288563 -0.292988 10.3978
    endloop
  endfacet
  facet normal 0.0218923 -0.0198418 0.999563
    outer loop
      vertex 0.227578 -0.186769 10.3978
      vertex 0.208176 -0.208176 10.3978
      vertex 0.622524 -0.622524 10.3805
    endloop
  endfacet
  facet normal 0.0151898 0.0253425 0.999563
    outer loop
      vertex 0.415009 0.776428 10.3805
      vertex 0.163563 0.244789 10.3978
      vertex 0.489114 0.732011 10.3805
    endloop
  endfacet
  facet normal 0.0253425 0.0151898 0.999563
    outer loop
      vertex 0.732011 0.489114 10.3805
      vertex 0.244789 0.163563 10.3978
      vertex 0.776428 0.415009 10.3805
    endloop
  endfacet
  facet normal 0.0126324 -0.0267094 0.999563
    outer loop
      vertex 0.415009 -0.776428 10.3805
      vertex 0.112664 -0.271996 10.3978
      vertex 0.336907 -0.813367 10.3805
    endloop
  endfacet
  facet normal 0.0254533 -0.0538173 0.998226
    outer loop
      vertex 0.415009 -0.776428 10.3805
      vertex 0.336907 -0.813367 10.3805
      vertex 0.557906 -1.34691 10.3461
    endloop
  endfacet
  facet normal 0.0306065 -0.0510636 0.998226
    outer loop
      vertex 0.489114 -0.732011 10.3805
      vertex 0.415009 -0.776428 10.3805
      vertex 0.809955 -1.21218 10.3461
    endloop
  endfacet
  facet normal 0.0399796 -0.0441115 0.998226
    outer loop
      vertex 1.03088 -1.03088 10.3461
      vertex 0.558509 -0.680545 10.3805
      vertex 0.92487 -1.12696 10.3461
    endloop
  endfacet
  facet normal 0.0577484 -0.0144681 0.998226
    outer loop
      vertex 1.42987 -0.284418 10.3461
      vertex 0.863466 -0.171754 10.3805
      vertex 1.3951 -0.4232 10.3461
    endloop
  endfacet
  facet normal 0.058889 -0.00873425 0.998226
    outer loop
      vertex 1.45086 -0.142897 10.3461
      vertex 0.863466 -0.171754 10.3805
      vertex 1.42987 -0.284418 10.3461
    endloop
  endfacet
  facet normal 0.00995332 0.0278191 0.999563
    outer loop
      vertex 0.255561 0.842473 10.3805
      vertex 0.0854607 0.281729 10.3978
      vertex 0.112664 0.271996 10.3978
    endloop
  endfacet
  facet normal 0.021892 -0.0198421 0.999563
    outer loop
      vertex 0.680545 -0.558509 10.3805
      vertex 0.227578 -0.186769 10.3978
      vertex 0.622524 -0.622524 10.3805
    endloop
  endfacet
  facet normal 0.0594618 -0.00292167 0.998226
    outer loop
      vertex 0.880383 0 10.3805
      vertex 0.876143 -0.0862923 10.3805
      vertex 1.45788 0 10.3461
    endloop
  endfacet
  facet normal 0.0594617 -0.00292113 0.998226
    outer loop
      vertex 1.45788 0 10.3461
      vertex 0.876143 -0.0862923 10.3805
      vertex 1.45086 -0.142897 10.3461
    endloop
  endfacet
  facet normal 0.0237314 -0.0176007 0.999563
    outer loop
      vertex 0.244789 -0.163563 10.3978
      vertex 0.227578 -0.186769 10.3978
      vertex 0.680545 -0.558509 10.3805
    endloop
  endfacet
  facet normal 0.0441115 0.0399796 0.998226
    outer loop
      vertex 1.03088 1.03088 10.3461
      vertex 0.680545 0.558509 10.3805
      vertex 1.12696 0.92487 10.3461
    endloop
  endfacet
  facet normal 0.0560537 0.0200563 0.998226
    outer loop
      vertex 1.3951 0.4232 10.3461
      vertex 0.813367 0.336907 10.3805
      vertex 0.842473 0.255561 10.3805
    endloop
  endfacet
  facet normal 0.027819 0.00995377 0.999563
    outer loop
      vertex 0.813367 0.336907 10.3805
      vertex 0.271996 0.112664 10.3978
      vertex 0.842473 0.255561 10.3805
    endloop
  endfacet
  facet normal -0.0815262 -0.136012 0.987347
    outer loop
      vertex -1.42522 -2.13299 10.2272
      vertex -1.71372 -2.56476 10.1439
      vertex -1.45408 -2.72039 10.1439
    endloop
  endfacet
  facet normal -0.117169 -0.157988 0.980465
    outer loop
      vertex -1.95686 -2.38444 10.1439
      vertex -1.98572 -2.97184 10.0458
      vertex -1.71372 -2.56476 10.1439
    endloop
  endfacet
  facet normal -0.0220613 -0.088056 0.995871
    outer loop
      vertex -0.4232 -1.3951 10.3461
      vertex -0.586763 -1.9343 10.2948
      vertex -0.284418 -1.42987 10.3461
    endloop
  endfacet
  facet normal -0.022058 -0.088058 0.995871
    outer loop
      vertex -0.284418 -1.42987 10.3461
      vertex -0.586763 -1.9343 10.2948
      vertex -0.394343 -1.9825 10.2948
    endloop
  endfacet
  facet normal -0.00995377 -0.027819 0.999563
    outer loop
      vertex -0.112664 -0.271996 10.3978
      vertex -0.336907 -0.813367 10.3805
      vertex -0.255561 -0.842473 10.3805
    endloop
  endfacet
  facet normal -0.0577484 -0.0144681 0.998226
    outer loop
      vertex -0.863466 -0.171754 10.3805
      vertex -1.42987 -0.284418 10.3461
      vertex -1.3951 -0.4232 10.3461
    endloop
  endfacet
  facet normal -0.0577495 -0.0144658 0.998226
    outer loop
      vertex -0.863466 -0.171754 10.3805
      vertex -1.3951 -0.4232 10.3461
      vertex -0.842473 -0.255561 10.3805
    endloop
  endfacet
  facet normal -0.0267094 -0.0126324 0.999563
    outer loop
      vertex -0.271996 -0.112664 10.3978
      vertex -0.813367 -0.336907 10.3805
      vertex -0.776428 -0.415009 10.3805
    endloop
  endfacet
  facet normal -0.027819 -0.00995377 0.999563
    outer loop
      vertex -0.271996 -0.112664 10.3978
      vertex -0.842473 -0.255561 10.3805
      vertex -0.813367 -0.336907 10.3805
    endloop
  endfacet
  facet normal -0.0198418 -0.0218923 0.999563
    outer loop
      vertex -0.208176 -0.208176 10.3978
      vertex -0.622524 -0.622524 10.3805
      vertex -0.186769 -0.227578 10.3978
    endloop
  endfacet
  facet normal 0.0151904 -0.0253422 0.999563
    outer loop
      vertex 0.163563 -0.244789 10.3978
      vertex 0.138782 -0.259643 10.3978
      vertex 0.415009 -0.776428 10.3805
    endloop
  endfacet
  facet normal 0.0388125 -0.0820637 0.995871
    outer loop
      vertex 0.952852 -1.78266 10.2948
      vertex 0.68724 -1.28574 10.3461
      vertex 0.773533 -1.86747 10.2948
    endloop
  endfacet
  facet normal 0.0466689 -0.0778644 0.995871
    outer loop
      vertex 1.123 -1.68068 10.2948
      vertex 0.68724 -1.28574 10.3461
      vertex 0.952852 -1.78266 10.2948
    endloop
  endfacet
  facet normal -0.216408 0.102359 0.970922
    outer loop
      vertex -3.55357 1.89942 9.93371
      vertex -3.72264 1.54197 9.93371
      vertex -3.30213 1.36779 10.0458
    endloop
  endfacet
  facet normal -0.225403 0.0806443 0.970922
    outer loop
      vertex -3.30213 1.36779 10.0458
      vertex -3.72264 1.54197 9.93371
      vertex -3.42029 1.03753 10.0458
    endloop
  endfacet
  facet normal -0.279034 0.0698944 0.957734
    outer loop
      vertex -3.85585 1.16966 9.93371
      vertex -4.36028 0.867314 9.80881
      vertex -3.95193 0.786087 9.93371
    endloop
  endfacet
  facet normal -0.232218 0.0581677 0.970923
    outer loop
      vertex -3.85585 1.16966 9.93371
      vertex -3.95193 0.786087 9.93371
      vertex -3.42029 1.03753 10.0458
    endloop
  endfacet
  facet normal -0.122128 -0.0181163 0.992349
    outer loop
      vertex -1.9825 -0.394343 10.2948
      vertex -2.55298 -0.251446 10.2272
      vertex -2.51604 -0.500471 10.2272
    endloop
  endfacet
  facet normal -0.119764 -0.0300002 0.992349
    outer loop
      vertex -1.9825 -0.394343 10.2948
      vertex -2.51604 -0.500471 10.2272
      vertex -1.9343 -0.586763 10.2948
    endloop
  endfacet
  facet normal -0.149306 -0.0534215 0.987347
    outer loop
      vertex -2.45487 -0.744676 10.2272
      vertex -2.95179 -0.895416 10.1439
      vertex -2.37006 -0.981709 10.2272
    endloop
  endfacet
  facet normal -0.116247 -0.041593 0.992349
    outer loop
      vertex -1.9343 -0.586763 10.2948
      vertex -2.45487 -0.744676 10.2272
      vertex -2.37006 -0.981709 10.2272
    endloop
  endfacet
  facet normal -0.0854748 -0.0305779 0.995871
    outer loop
      vertex -1.3951 -0.4232 10.3461
      vertex -1.86747 -0.773533 10.2948
      vertex -1.34691 -0.557906 10.3461
    endloop
  endfacet
  facet normal -0.0854709 -0.0305832 0.995871
    outer loop
      vertex -1.3951 -0.4232 10.3461
      vertex -1.9343 -0.586763 10.2948
      vertex -1.86747 -0.773533 10.2948
    endloop
  endfacet
  facet normal 0.0351223 -0.236805 0.970922
    outer loop
      vertex 0.69729 -3.50552 10.0458
      vertex 0.350332 -3.55698 10.0458
      vertex 0.786087 -3.95193 9.93371
    endloop
  endfacet
  facet normal 0.0288583 -0.194571 0.980464
    outer loop
      vertex 0.69729 -3.50552 10.0458
      vertex 0.302345 -3.06976 10.1439
      vertex 0.350332 -3.55698 10.0458
    endloop
  endfacet
  facet normal 0.0385339 -0.15382 0.987347
    outer loop
      vertex 0.895416 -2.95179 10.1439
      vertex 0.500471 -2.51604 10.2272
      vertex 0.601778 -3.02535 10.1439
    endloop
  endfacet
  facet normal 0.0232641 -0.156858 0.987347
    outer loop
      vertex 0.500471 -2.51604 10.2272
      vertex 0.302345 -3.06976 10.1439
      vertex 0.601778 -3.02535 10.1439
    endloop
  endfacet
  facet normal -0.0096561 -0.196465 0.980463
    outer loop
      vertex 0 -3.08462 10.1439
      vertex -0.302345 -3.06976 10.1439
      vertex 0 -3.57419 10.0458
    endloop
  endfacet
  facet normal 0.0096561 -0.196465 0.980463
    outer loop
      vertex 0 -3.08462 10.1439
      vertex 0 -3.57419 10.0458
      vertex 0.302345 -3.06976 10.1439
    endloop
  endfacet
  facet normal -0.0698944 -0.279034 0.957734
    outer loop
      vertex -0.786087 -3.95193 9.93371
      vertex -1.16966 -3.85585 9.93371
      vertex -0.867314 -4.36028 9.80881
    endloop
  endfacet
  facet normal -0.0969079 -0.270838 0.957735
    outer loop
      vertex -1.54197 -3.72264 9.93371
      vertex -1.7013 -4.1073 9.80881
      vertex -1.29052 -4.25428 9.80881
    endloop
  endfacet
  facet normal -0.176696 -0.294803 0.939079
    outer loop
      vertex -2.09569 -3.92076 9.80881
      vertex -2.4699 -3.69647 9.80881
      vertex -2.27178 -4.25019 9.67226
    endloop
  endfacet
  facet normal -0.176692 -0.294802 0.93908
    outer loop
      vertex -2.4699 -3.69647 9.80881
      vertex -2.67743 -4.00706 9.67226
      vertex -2.27178 -4.25019 9.67226
    endloop
  endfacet
  facet normal -0.142649 -0.56945 0.809554
    outer loop
      vertex -1.05816 -5.31972 9.3696
      vertex -1.57448 -5.19038 9.3696
      vertex -1.10212 -5.54072 9.2064
    endloop
  endfacet
  facet normal -0.0504355 -0.339981 0.939079
    outer loop
      vertex -0.435755 -4.4243 9.80881
      vertex -0.940187 -4.72664 9.67226
      vertex -0.472368 -4.79604 9.67226
    endloop
  endfacet
  facet normal -0.0662611 -0.185201 0.980464
    outer loop
      vertex -0.895416 -2.95179 10.1439
      vertex -1.36779 -3.30213 10.0458
      vertex -1.03753 -3.42029 10.0458
    endloop
  endfacet
  facet normal -0.0477987 -0.190804 0.980464
    outer loop
      vertex -0.601778 -3.02535 10.1439
      vertex -0.895416 -2.95179 10.1439
      vertex -0.69729 -3.50552 10.0458
    endloop
  endfacet
  facet normal -0.146956 -0.3107 0.939079
    outer loop
      vertex -2.09569 -3.92076 9.80881
      vertex -2.27178 -4.25019 9.67226
      vertex -1.7013 -4.1073 9.80881
    endloop
  endfacet
  facet normal -0.138131 -0.386043 0.91208
    outer loop
      vertex -1.84424 -4.4524 9.67226
      vertex -1.96943 -4.75463 9.52538
      vertex -1.39895 -4.61173 9.67226
    endloop
  endfacet
  facet normal -0.165033 0.461247 0.871789
    outer loop
      vertex -1.49391 4.92477 9.52538
      vertex -2.07565 5.01106 9.3696
      vertex -1.96943 4.75463 9.52538
    endloop
  endfacet
  facet normal -0.209458 0.442845 0.871789
    outer loop
      vertex -2.07565 5.01106 9.3696
      vertex -2.42598 4.53869 9.52538
      vertex -1.96943 4.75463 9.52538
    endloop
  endfacet
  facet normal -0.471529 0.34971 0.809545
    outer loop
      vertex -4.36694 3.58385 9.2064
      vertex -4.69719 3.13856 9.2064
      vertex -4.50984 3.01338 9.3696
    endloop
  endfacet
  facet normal -0.471526 0.34971 0.809547
    outer loop
      vertex -4.36694 3.58385 9.2064
      vertex -4.50984 3.01338 9.3696
      vertex -4.19276 3.44091 9.3696
    endloop
  endfacet
  facet normal -0.24425 0.329334 0.912075
    outer loop
      vertex -2.85917 4.27905 9.52538
      vertex -3.26482 3.9782 9.52538
      vertex -3.0573 3.72533 9.67226
    endloop
  endfacet
  facet normal -0.291814 0.393466 0.871797
    outer loop
      vertex -3.01338 4.50984 9.3696
      vertex -3.26482 3.9782 9.52538
      vertex -2.85917 4.27905 9.52538
    endloop
  endfacet
  facet normal -0.323615 0.115793 0.939077
    outer loop
      vertex -4.4524 1.84424 9.67226
      vertex -4.61173 1.39895 9.67226
      vertex -4.1073 1.7013 9.80881
    endloop
  endfacet
  facet normal -0.323614 0.115791 0.939077
    outer loop
      vertex -4.1073 1.7013 9.80881
      vertex -4.61173 1.39895 9.67226
      vertex -4.25428 1.29052 9.80881
    endloop
  endfacet
  facet normal -0.442841 0.209452 0.871792
    outer loop
      vertex -4.78348 2.55682 9.3696
      vertex -5.01106 2.07565 9.3696
      vertex -4.53869 2.42598 9.52538
    endloop
  endfacet
  facet normal -0.442845 0.209458 0.871789
    outer loop
      vertex -4.53869 2.42598 9.52538
      vertex -5.01106 2.07565 9.3696
      vertex -4.75463 1.96943 9.52538
    endloop
  endfacet
  facet normal -0.10112 0.168717 0.980464
    outer loop
      vertex -1.68486 3.15216 10.0458
      vertex -1.98572 2.97184 10.0458
      vertex -1.45408 2.72039 10.1439
    endloop
  endfacet
  facet normal -0.0841031 0.177813 0.980464
    outer loop
      vertex -1.36779 3.30213 10.0458
      vertex -1.68486 3.15216 10.0458
      vertex -1.45408 2.72039 10.1439
    endloop
  endfacet
  facet normal 0.00717925 0.0286606 0.999563
    outer loop
      vertex 0.171754 0.863466 10.3805
      vertex 0.0854607 0.281729 10.3978
      vertex 0.255561 0.842473 10.3805
    endloop
  endfacet
  facet normal 0.00873425 0.058889 0.998226
    outer loop
      vertex 0.284418 1.42987 10.3461
      vertex 0.142897 1.45086 10.3461
      vertex 0.171754 0.863466 10.3805
    endloop
  endfacet
  facet normal 0.00445419 0.0906682 0.995871
    outer loop
      vertex 0.198126 2.01161 10.2948
      vertex 0 1.45788 10.3461
      vertex 0.142897 1.45086 10.3461
    endloop
  endfacet
  facet normal 0.00292113 0.0594617 0.998226
    outer loop
      vertex 0.142897 1.45086 10.3461
      vertex 0 1.45788 10.3461
      vertex 0.0862923 0.876143 10.3805
    endloop
  endfacet
  facet normal -0.0181185 0.122129 0.992349
    outer loop
      vertex -0.251446 2.55298 10.2272
      vertex -0.394343 1.9825 10.2948
      vertex -0.198126 2.01161 10.2948
    endloop
  endfacet
  facet normal -0.0133216 0.0897948 0.995871
    outer loop
      vertex -0.198126 2.01161 10.2948
      vertex -0.394343 1.9825 10.2948
      vertex -0.142897 1.45086 10.3461
    endloop
  endfacet
  facet normal -0.0534215 0.149306 0.987347
    outer loop
      vertex -0.895416 2.95179 10.1439
      vertex -0.981709 2.37006 10.2272
      vertex -0.744676 2.45487 10.2272
    endloop
  endfacet
  facet normal -0.0305779 0.0854748 0.995871
    outer loop
      vertex -0.4232 1.3951 10.3461
      vertex -0.773533 1.86747 10.2948
      vertex -0.557906 1.34691 10.3461
    endloop
  endfacet
  facet normal 0.0300002 0.119764 0.992349
    outer loop
      vertex 0.500471 2.51604 10.2272
      vertex 0.394343 1.9825 10.2948
      vertex 0.586763 1.9343 10.2948
    endloop
  endfacet
  facet normal 0.022058 0.088058 0.995871
    outer loop
      vertex 0.394343 1.9825 10.2948
      vertex 0.284418 1.42987 10.3461
      vertex 0.586763 1.9343 10.2948
    endloop
  endfacet
  facet normal 0.0466725 0.0778604 0.995871
    outer loop
      vertex 1.123 1.68068 10.2948
      vertex 0.68724 1.28574 10.3461
      vertex 0.809955 1.21218 10.3461
    endloop
  endfacet
  facet normal 0.0306084 0.0510619 0.998226
    outer loop
      vertex 0.68724 1.28574 10.3461
      vertex 0.415009 0.776428 10.3805
      vertex 0.809955 1.21218 10.3461
    endloop
  endfacet
  facet normal 0.0200563 0.0560537 0.998226
    outer loop
      vertex 0.4232 1.3951 10.3461
      vertex 0.255561 0.842473 10.3805
      vertex 0.336907 0.813367 10.3805
    endloop
  endfacet
  facet normal 0.0305779 0.0854748 0.995871
    outer loop
      vertex 0.773533 1.86747 10.2948
      vertex 0.4232 1.3951 10.3461
      vertex 0.557906 1.34691 10.3461
    endloop
  endfacet
  facet normal 0.0840942 0.177812 0.980465
    outer loop
      vertex 1.36779 3.30213 10.0458
      vertex 1.18043 2.84981 10.1439
      vertex 1.45408 2.72039 10.1439
    endloop
  endfacet
  facet normal 0.0662647 0.185197 0.980465
    outer loop
      vertex 1.36779 3.30213 10.0458
      vertex 0.895416 2.95179 10.1439
      vertex 1.18043 2.84981 10.1439
    endloop
  endfacet
  facet normal 0.0299992 0.119764 0.992349
    outer loop
      vertex 0.744676 2.45487 10.2272
      vertex 0.500471 2.51604 10.2272
      vertex 0.586763 1.9343 10.2948
    endloop
  endfacet
  facet normal 0.041593 0.116247 0.992349
    outer loop
      vertex 0.744676 2.45487 10.2272
      vertex 0.586763 1.9343 10.2948
      vertex 0.981709 2.37006 10.2272
    endloop
  endfacet
  facet normal 0.058171 0.23222 0.970922
    outer loop
      vertex 0.786087 3.95193 9.93371
      vertex 0.69729 3.50552 10.0458
      vertex 1.03753 3.42029 10.0458
    endloop
  endfacet
  facet normal 0.047796 0.190803 0.980464
    outer loop
      vertex 1.03753 3.42029 10.0458
      vertex 0.69729 3.50552 10.0458
      vertex 0.895416 2.95179 10.1439
    endloop
  endfacet
  facet normal 0.00965118 0.196462 0.980464
    outer loop
      vertex 0.350332 3.55698 10.0458
      vertex 0 3.57419 10.0458
      vertex 0.302345 3.06976 10.1439
    endloop
  endfacet
  facet normal 0.0288583 0.194571 0.980464
    outer loop
      vertex 0.350332 3.55698 10.0458
      vertex 0.302345 3.06976 10.1439
      vertex 0.69729 3.50552 10.0458
    endloop
  endfacet
  facet normal -0.00778433 0.158382 0.987347
    outer loop
      vertex 0 3.08462 10.1439
      vertex -0.302345 3.06976 10.1439
      vertex 0 2.56533 10.2272
    endloop
  endfacet
  facet normal 0.00778433 0.158382 0.987347
    outer loop
      vertex 0 3.08462 10.1439
      vertex 0 2.56533 10.2272
      vertex 0.302345 3.06976 10.1439
    endloop
  endfacet
  facet normal 0.00777921 0.158385 0.987347
    outer loop
      vertex 0.302345 3.06976 10.1439
      vertex 0 2.56533 10.2272
      vertex 0.251446 2.55298 10.2272
    endloop
  endfacet
  facet normal 0.0060568 0.123316 0.992349
    outer loop
      vertex 0.251446 2.55298 10.2272
      vertex 0 2.56533 10.2272
      vertex 0.198126 2.01161 10.2948
    endloop
  endfacet
  facet normal -0.176692 0.294802 0.93908
    outer loop
      vertex -2.27178 4.25019 9.67226
      vertex -2.67743 4.00706 9.67226
      vertex -2.4699 3.69647 9.80881
    endloop
  endfacet
  facet normal -0.210788 0.351689 0.912076
    outer loop
      vertex -2.42598 4.53869 9.52538
      vertex -2.67743 4.00706 9.67226
      vertex -2.27178 4.25019 9.67226
    endloop
  endfacet
  facet normal -0.157988 0.117174 0.980464
    outer loop
      vertex -2.76289 2.26745 10.0458
      vertex -2.97184 1.98572 10.0458
      vertex -2.38444 1.95686 10.1439
    endloop
  endfacet
  facet normal -0.145743 0.132094 0.980464
    outer loop
      vertex -2.52734 2.52734 10.0458
      vertex -2.76289 2.26745 10.0458
      vertex -2.38444 1.95686 10.1439
    endloop
  endfacet
  facet normal -0.0991686 0.0735486 0.992349
    outer loop
      vertex -1.56252 1.28232 10.2948
      vertex -2.13299 1.42522 10.2272
      vertex -1.68068 1.123 10.2948
    endloop
  endfacet
  facet normal -0.0991696 0.0735447 0.992349
    outer loop
      vertex -1.98303 1.62743 10.2272
      vertex -2.13299 1.42522 10.2272
      vertex -1.56252 1.28232 10.2948
    endloop
  endfacet
  facet normal 0.0253422 -0.0151904 0.999563
    outer loop
      vertex 0.259643 -0.138782 10.3978
      vertex 0.244789 -0.163563 10.3978
      vertex 0.776428 -0.415009 10.3805
    endloop
  endfacet
  facet normal 0.0176007 -0.0237314 0.999563
    outer loop
      vertex 0.186769 -0.227578 10.3978
      vertex 0.163563 -0.244789 10.3978
      vertex 0.558509 -0.680545 10.3805
    endloop
  endfacet
  facet normal -0.0126327 0.0267093 0.999563
    outer loop
      vertex -0.112664 0.271996 10.3978
      vertex -0.415009 0.776428 10.3805
      vertex -0.138782 0.259643 10.3978
    endloop
  endfacet
  facet normal -0.0354621 0.0478189 0.998226
    outer loop
      vertex -0.809955 1.21218 10.3461
      vertex -0.92487 1.12696 10.3461
      vertex -0.558509 0.680545 10.3805
    endloop
  endfacet
  facet normal -0.0151898 0.0253425 0.999563
    outer loop
      vertex -0.415009 0.776428 10.3805
      vertex -0.489114 0.732011 10.3805
      vertex -0.163563 0.244789 10.3978
    endloop
  endfacet
  facet normal -0.0200529 0.0560542 0.998226
    outer loop
      vertex -0.4232 1.3951 10.3461
      vertex -0.557906 1.34691 10.3461
      vertex -0.336907 0.813367 10.3805
    endloop
  endfacet
  facet normal -0.0220613 0.088056 0.995871
    outer loop
      vertex -0.284418 1.42987 10.3461
      vertex -0.586763 1.9343 10.2948
      vertex -0.4232 1.3951 10.3461
    endloop
  endfacet
  facet normal -0.00717904 -0.0286606 0.999563
    outer loop
      vertex -0.0854607 -0.281729 10.3978
      vertex -0.171754 -0.863466 10.3805
      vertex -0.057435 -0.288749 10.3978
    endloop
  endfacet
  facet normal -0.0200529 -0.0560542 0.998226
    outer loop
      vertex -0.336907 -0.813367 10.3805
      vertex -0.557906 -1.34691 10.3461
      vertex -0.4232 -1.3951 10.3461
    endloop
  endfacet
  facet normal -0.0305779 -0.0854748 0.995871
    outer loop
      vertex -0.557906 -1.34691 10.3461
      vertex -0.773533 -1.86747 10.2948
      vertex -0.4232 -1.3951 10.3461
    endloop
  endfacet
  facet normal -0.0672631 -0.0609626 0.995871
    outer loop
      vertex -1.12696 -0.92487 10.3461
      vertex -1.56252 -1.28232 10.2948
      vertex -1.03088 -1.03088 10.3461
    endloop
  endfacet
  facet normal -0.0540741 -0.0729163 0.995871
    outer loop
      vertex -0.92487 -1.12696 10.3461
      vertex -1.28232 -1.56252 10.2948
      vertex -0.809955 -1.21218 10.3461
    endloop
  endfacet
  facet normal -0.00145001 0.0295105 0.999563
    outer loop
      vertex 0 0.880383 10.3805
      vertex -0.0862923 0.876143 10.3805
      vertex 0 0.294406 10.3978
    endloop
  endfacet
  facet normal -0.00433506 0.0292263 0.999563
    outer loop
      vertex -0.0288563 0.292988 10.3978
      vertex -0.0862923 0.876143 10.3805
      vertex -0.057435 0.288749 10.3978
    endloop
  endfacet
  facet normal 0.0478181 -0.0354637 0.998226
    outer loop
      vertex 0.732011 -0.489114 10.3805
      vertex 0.680545 -0.558509 10.3805
      vertex 1.21218 -0.809955 10.3461
    endloop
  endfacet
  facet normal 0.0237317 -0.0176004 0.999563
    outer loop
      vertex 0.732011 -0.489114 10.3805
      vertex 0.244789 -0.163563 10.3978
      vertex 0.680545 -0.558509 10.3805
    endloop
  endfacet
  facet normal 0.0218923 0.0198418 0.999563
    outer loop
      vertex 0.622524 0.622524 10.3805
      vertex 0.208176 0.208176 10.3978
      vertex 0.227578 0.186769 10.3978
    endloop
  endfacet
  facet normal 0.0198418 0.0218923 0.999563
    outer loop
      vertex 0.622524 0.622524 10.3805
      vertex 0.186769 0.227578 10.3978
      vertex 0.208176 0.208176 10.3978
    endloop
  endfacet
  facet normal 0.0914796 -0.0829154 0.992349
    outer loop
      vertex 1.56252 -1.28232 10.2948
      vertex 1.4293 -1.4293 10.2948
      vertex 1.81396 -1.81396 10.2272
    endloop
  endfacet
  facet normal 0.0672619 -0.060965 0.995871
    outer loop
      vertex 1.56252 -1.28232 10.2948
      vertex 1.03088 -1.03088 10.3461
      vertex 1.4293 -1.4293 10.2948
    endloop
  endfacet
  facet normal 0.021892 0.0198421 0.999563
    outer loop
      vertex 0.622524 0.622524 10.3805
      vertex 0.227578 0.186769 10.3978
      vertex 0.680545 0.558509 10.3805
    endloop
  endfacet
  facet normal 0.0198421 0.021892 0.999563
    outer loop
      vertex 0.558509 0.680545 10.3805
      vertex 0.186769 0.227578 10.3978
      vertex 0.622524 0.622524 10.3805
    endloop
  endfacet
  facet normal 0.0151904 0.0253422 0.999563
    outer loop
      vertex 0.415009 0.776428 10.3805
      vertex 0.138782 0.259643 10.3978
      vertex 0.163563 0.244789 10.3978
    endloop
  endfacet
  facet normal 0.0237314 0.0176007 0.999563
    outer loop
      vertex 0.680545 0.558509 10.3805
      vertex 0.227578 0.186769 10.3978
      vertex 0.244789 0.163563 10.3978
    endloop
  endfacet
  facet normal 0.0478181 0.0354637 0.998226
    outer loop
      vertex 1.21218 0.809955 10.3461
      vertex 0.680545 0.558509 10.3805
      vertex 0.732011 0.489114 10.3805
    endloop
  endfacet
  facet normal 0.0237317 0.0176004 0.999563
    outer loop
      vertex 0.680545 0.558509 10.3805
      vertex 0.244789 0.163563 10.3978
      vertex 0.732011 0.489114 10.3805
    endloop
  endfacet
  facet normal -0.0176007 0.0237314 0.999563
    outer loop
      vertex -0.163563 0.244789 10.3978
      vertex -0.558509 0.680545 10.3805
      vertex -0.186769 0.227578 10.3978
    endloop
  endfacet
  facet normal -0.132095 -0.14574 0.980465
    outer loop
      vertex -2.18115 -2.18115 10.1439
      vertex -2.52734 -2.52734 10.0458
      vertex -1.95686 -2.38444 10.1439
    endloop
  endfacet
  facet normal -0.132094 -0.145743 0.980464
    outer loop
      vertex -1.95686 -2.38444 10.1439
      vertex -2.52734 -2.52734 10.0458
      vertex -2.26745 -2.76289 10.0458
    endloop
  endfacet
  facet normal -0.047796 -0.190803 0.980464
    outer loop
      vertex -0.895416 -2.95179 10.1439
      vertex -1.03753 -3.42029 10.0458
      vertex -0.69729 -3.50552 10.0458
    endloop
  endfacet
  facet normal -0.0678001 -0.143348 0.987347
    outer loop
      vertex -1.20929 -2.26242 10.2272
      vertex -1.45408 -2.72039 10.1439
      vertex -0.981709 -2.37006 10.2272
    endloop
  endfacet
  facet normal -0.0944594 -0.127372 0.987347
    outer loop
      vertex -1.62743 -1.98303 10.2272
      vertex -1.95686 -2.38444 10.1439
      vertex -1.42522 -2.13299 10.2272
    endloop
  endfacet
  facet normal -0.0735447 -0.0991696 0.992349
    outer loop
      vertex -1.28232 -1.56252 10.2948
      vertex -1.62743 -1.98303 10.2272
      vertex -1.42522 -2.13299 10.2272
    endloop
  endfacet
  facet normal 0.0306084 -0.0510619 0.998226
    outer loop
      vertex 0.809955 -1.21218 10.3461
      vertex 0.415009 -0.776428 10.3805
      vertex 0.68724 -1.28574 10.3461
    endloop
  endfacet
  facet normal 0.0466725 -0.0778604 0.995871
    outer loop
      vertex 0.809955 -1.21218 10.3461
      vertex 0.68724 -1.28574 10.3461
      vertex 1.123 -1.68068 10.2948
    endloop
  endfacet
  facet normal -0.0504349 -0.339982 0.939079
    outer loop
      vertex -0.867314 -4.36028 9.80881
      vertex -0.940187 -4.72664 9.67226
      vertex -0.435755 -4.4243 9.80881
    endloop
  endfacet
  facet normal -0.0969035 -0.270837 0.957735
    outer loop
      vertex -1.16966 -3.85585 9.93371
      vertex -1.54197 -3.72264 9.93371
      vertex -1.29052 -4.25428 9.80881
    endloop
  endfacet
  facet normal -0.165033 -0.461247 0.871789
    outer loop
      vertex -1.96943 -4.75463 9.52538
      vertex -2.07565 -5.01106 9.3696
      vertex -1.49391 -4.92477 9.52538
    endloop
  endfacet
  facet normal -0.138128 -0.386051 0.912078
    outer loop
      vertex -1.39895 -4.61173 9.67226
      vertex -1.96943 -4.75463 9.52538
      vertex -1.49391 -4.92477 9.52538
    endloop
  endfacet
  facet normal -0.0718778 -0.484574 0.871792
    outer loop
      vertex -1.00401 -5.04749 9.52538
      vertex -1.05816 -5.31972 9.3696
      vertex -0.531638 -5.39782 9.3696
    endloop
  endfacet
  facet normal -0.165034 -0.461243 0.871791
    outer loop
      vertex -1.49391 -4.92477 9.52538
      vertex -2.07565 -5.01106 9.3696
      vertex -1.57448 -5.19038 9.3696
    endloop
  endfacet
  facet normal -0.115791 -0.323614 0.939077
    outer loop
      vertex -1.29052 -4.25428 9.80881
      vertex -1.7013 -4.1073 9.80881
      vertex -1.39895 -4.61173 9.67226
    endloop
  endfacet
  facet normal -0.0835108 -0.333406 0.939077
    outer loop
      vertex -1.29052 -4.25428 9.80881
      vertex -1.39895 -4.61173 9.67226
      vertex -0.940187 -4.72664 9.67226
    endloop
  endfacet
  facet normal -0.146953 -0.310708 0.939077
    outer loop
      vertex -1.7013 -4.1073 9.80881
      vertex -2.27178 -4.25019 9.67226
      vertex -1.84424 -4.4524 9.67226
    endloop
  endfacet
  facet normal -0.175301 -0.370646 0.91208
    outer loop
      vertex -1.84424 -4.4524 9.67226
      vertex -2.27178 -4.25019 9.67226
      vertex -1.96943 -4.75463 9.52538
    endloop
  endfacet
  facet normal -0.00445419 0.0906682 0.995871
    outer loop
      vertex 0 1.45788 10.3461
      vertex -0.198126 2.01161 10.2948
      vertex -0.142897 1.45086 10.3461
    endloop
  endfacet
  facet normal -0.00292113 0.0594617 0.998226
    outer loop
      vertex 0 1.45788 10.3461
      vertex -0.142897 1.45086 10.3461
      vertex -0.0862923 0.876143 10.3805
    endloop
  endfacet
  facet normal -0.0300002 0.119764 0.992349
    outer loop
      vertex -0.500471 2.51604 10.2272
      vertex -0.586763 1.9343 10.2948
      vertex -0.394343 1.9825 10.2948
    endloop
  endfacet
  facet normal -0.0299992 0.119764 0.992349
    outer loop
      vertex -0.500471 2.51604 10.2272
      vertex -0.744676 2.45487 10.2272
      vertex -0.586763 1.9343 10.2948
    endloop
  endfacet
  facet normal 0.0176004 0.0237317 0.999563
    outer loop
      vertex 0.489114 0.732011 10.3805
      vertex 0.163563 0.244789 10.3978
      vertex 0.558509 0.680545 10.3805
    endloop
  endfacet
  facet normal 0.0354637 0.0478181 0.998226
    outer loop
      vertex 0.809955 1.21218 10.3461
      vertex 0.489114 0.732011 10.3805
      vertex 0.558509 0.680545 10.3805
    endloop
  endfacet
  facet normal 0.060965 0.0672619 0.995871
    outer loop
      vertex 1.28232 1.56252 10.2948
      vertex 1.03088 1.03088 10.3461
      vertex 1.4293 1.4293 10.2948
    endloop
  endfacet
  facet normal 0.0399796 0.0441115 0.998226
    outer loop
      vertex 0.92487 1.12696 10.3461
      vertex 0.558509 0.680545 10.3805
      vertex 1.03088 1.03088 10.3461
    endloop
  endfacet
  facet normal 0.0144681 0.0577484 0.998226
    outer loop
      vertex 0.284418 1.42987 10.3461
      vertex 0.171754 0.863466 10.3805
      vertex 0.4232 1.3951 10.3461
    endloop
  endfacet
  facet normal 0.0144658 0.0577495 0.998226
    outer loop
      vertex 0.4232 1.3951 10.3461
      vertex 0.171754 0.863466 10.3805
      vertex 0.255561 0.842473 10.3805
    endloop
  endfacet
  facet normal 0.0220613 0.088056 0.995871
    outer loop
      vertex 0.586763 1.9343 10.2948
      vertex 0.284418 1.42987 10.3461
      vertex 0.4232 1.3951 10.3461
    endloop
  endfacet
  facet normal 0.0305832 0.0854709 0.995871
    outer loop
      vertex 0.586763 1.9343 10.2948
      vertex 0.4232 1.3951 10.3461
      vertex 0.773533 1.86747 10.2948
    endloop
  endfacet
  facet normal -0.0354637 0.0478181 0.998226
    outer loop
      vertex -0.489114 0.732011 10.3805
      vertex -0.809955 1.21218 10.3461
      vertex -0.558509 0.680545 10.3805
    endloop
  endfacet
  facet normal -0.0176004 0.0237317 0.999563
    outer loop
      vertex -0.489114 0.732011 10.3805
      vertex -0.558509 0.680545 10.3805
      vertex -0.163563 0.244789 10.3978
    endloop
  endfacet
  facet normal -0.0254533 -0.0538173 0.998226
    outer loop
      vertex -0.415009 -0.776428 10.3805
      vertex -0.557906 -1.34691 10.3461
      vertex -0.336907 -0.813367 10.3805
    endloop
  endfacet
  facet normal -0.0254535 -0.0538172 0.998226
    outer loop
      vertex -0.415009 -0.776428 10.3805
      vertex -0.68724 -1.28574 10.3461
      vertex -0.557906 -1.34691 10.3461
    endloop
  endfacet
  facet normal -0.060965 -0.0672619 0.995871
    outer loop
      vertex -1.03088 -1.03088 10.3461
      vertex -1.4293 -1.4293 10.2948
      vertex -1.28232 -1.56252 10.2948
    endloop
  endfacet
  facet normal -0.0609626 -0.0672631 0.995871
    outer loop
      vertex -1.03088 -1.03088 10.3461
      vertex -1.28232 -1.56252 10.2948
      vertex -0.92487 -1.12696 10.3461
    endloop
  endfacet
  facet normal -0.00145014 0.0295104 0.999563
    outer loop
      vertex 0 0.294406 10.3978
      vertex -0.0862923 0.876143 10.3805
      vertex -0.0288563 0.292988 10.3978
    endloop
  endfacet
  facet normal -0.0534215 -0.149306 0.987347
    outer loop
      vertex -0.744676 -2.45487 10.2272
      vertex -0.981709 -2.37006 10.2272
      vertex -0.895416 -2.95179 10.1439
    endloop
  endfacet
  facet normal -0.0662647 -0.185197 0.980465
    outer loop
      vertex -1.18043 -2.84981 10.1439
      vertex -1.36779 -3.30213 10.0458
      vertex -0.895416 -2.95179 10.1439
    endloop
  endfacet
  facet normal -0.0634756 -0.105897 0.992349
    outer loop
      vertex -0.952852 -1.78266 10.2948
      vertex -1.42522 -2.13299 10.2272
      vertex -1.20929 -2.26242 10.2272
    endloop
  endfacet
  facet normal -0.0815263 -0.136012 0.987347
    outer loop
      vertex -1.42522 -2.13299 10.2272
      vertex -1.45408 -2.72039 10.1439
      vertex -1.20929 -2.26242 10.2272
    endloop
  endfacet
  facet normal -0.0829159 -0.0914787 0.992349
    outer loop
      vertex -1.28232 -1.56252 10.2948
      vertex -1.81396 -1.81396 10.2272
      vertex -1.62743 -1.98303 10.2272
    endloop
  endfacet
  facet normal -0.106496 -0.117494 0.987347
    outer loop
      vertex -1.81396 -1.81396 10.2272
      vertex -1.95686 -2.38444 10.1439
      vertex -1.62743 -1.98303 10.2272
    endloop
  endfacet
  facet normal -0.119036 -0.475194 0.871792
    outer loop
      vertex -1.00401 -5.04749 9.52538
      vertex -1.49391 -4.92477 9.52538
      vertex -1.05816 -5.31972 9.3696
    endloop
  endfacet
  facet normal -0.119038 -0.475195 0.871791
    outer loop
      vertex -1.49391 -4.92477 9.52538
      vertex -1.57448 -5.19038 9.3696
      vertex -1.05816 -5.31972 9.3696
    endloop
  endfacet
  facet normal 0.00292167 0.0594618 0.998226
    outer loop
      vertex 0 1.45788 10.3461
      vertex 0 0.880383 10.3805
      vertex 0.0862923 0.876143 10.3805
    endloop
  endfacet
  facet normal -0.00292167 0.0594618 0.998226
    outer loop
      vertex 0 1.45788 10.3461
      vertex -0.0862923 0.876143 10.3805
      vertex 0 0.880383 10.3805
    endloop
  endfacet
  facet normal -0.0388125 0.0820637 0.995871
    outer loop
      vertex -0.773533 1.86747 10.2948
      vertex -0.952852 1.78266 10.2948
      vertex -0.68724 1.28574 10.3461
    endloop
  endfacet
  facet normal -0.038813 0.0820637 0.995871
    outer loop
      vertex -0.557906 1.34691 10.3461
      vertex -0.773533 1.86747 10.2948
      vertex -0.68724 1.28574 10.3461
    endloop
  endfacet
  facet normal 0.0609626 0.0672631 0.995871
    outer loop
      vertex 1.28232 1.56252 10.2948
      vertex 0.92487 1.12696 10.3461
      vertex 1.03088 1.03088 10.3461
    endloop
  endfacet
  facet normal 0.0540741 0.0729163 0.995871
    outer loop
      vertex 1.28232 1.56252 10.2948
      vertex 0.809955 1.21218 10.3461
      vertex 0.92487 1.12696 10.3461
    endloop
  endfacet
  facet normal 0.0729163 0.0540741 0.995871
    outer loop
      vertex 1.56252 1.28232 10.2948
      vertex 1.12696 0.92487 10.3461
      vertex 1.21218 0.809955 10.3461
    endloop
  endfacet
  facet normal 0.0672631 0.0609626 0.995871
    outer loop
      vertex 1.56252 1.28232 10.2948
      vertex 1.03088 1.03088 10.3461
      vertex 1.12696 0.92487 10.3461
    endloop
  endfacet
  facet normal 0.0254535 0.0538172 0.998226
    outer loop
      vertex 0.557906 1.34691 10.3461
      vertex 0.415009 0.776428 10.3805
      vertex 0.68724 1.28574 10.3461
    endloop
  endfacet
  facet normal 0.038813 0.0820637 0.995871
    outer loop
      vertex 0.773533 1.86747 10.2948
      vertex 0.557906 1.34691 10.3461
      vertex 0.68724 1.28574 10.3461
    endloop
  endfacet
  facet normal -0.021892 -0.0198421 0.999563
    outer loop
      vertex -0.227578 -0.186769 10.3978
      vertex -0.680545 -0.558509 10.3805
      vertex -0.622524 -0.622524 10.3805
    endloop
  endfacet
  facet normal -0.0441105 -0.0399803 0.998226
    outer loop
      vertex -0.680545 -0.558509 10.3805
      vertex -1.03088 -1.03088 10.3461
      vertex -0.622524 -0.622524 10.3805
    endloop
  endfacet
  facet normal -0.0534229 -0.149306 0.987347
    outer loop
      vertex -0.981709 -2.37006 10.2272
      vertex -1.18043 -2.84981 10.1439
      vertex -0.895416 -2.95179 10.1439
    endloop
  endfacet
  facet normal -0.067797 -0.143352 0.987347
    outer loop
      vertex -0.981709 -2.37006 10.2272
      vertex -1.45408 -2.72039 10.1439
      vertex -1.18043 -2.84981 10.1439
    endloop
  endfacet
endsolid OpenSCAD_Model
