solid OpenSCAD_Model
  facet normal 1 -0 0
    outer loop
      vertex 17.35 -12.75 4
      vertex 17.35 12.75 2
      vertex 17.35 12.75 4
    endloop
  endfacet
  facet normal 1 0 0
    outer loop
      vertex 17.35 12.75 2
      vertex 17.35 -12.75 4
      vertex 17.35 -12.75 2
    endloop
  endfacet
  facet normal 0 0 1
    outer loop
      vertex 17.35 12.75 4
      vertex 16.15 11.55 4
      vertex 17.35 -12.75 4
    endloop
  endfacet
  facet normal -0 0 1
    outer loop
      vertex -59.55 12.75 4
      vertex 16.15 11.55 4
      vertex 17.35 12.75 4
    endloop
  endfacet
  facet normal 0 0 1
    outer loop
      vertex 16.15 11.55 4
      vertex -59.55 12.75 4
      vertex -59.55 11.55 4
    endloop
  endfacet
  facet normal -0 0 1
    outer loop
      vertex 16.15 -11.55 4
      vertex 17.35 -12.75 4
      vertex 16.15 11.55 4
    endloop
  endfacet
  facet normal 0 0 1
    outer loop
      vertex -59.55 -12.75 4
      vertex 16.15 -11.55 4
      vertex -59.55 -11.55 4
    endloop
  endfacet
  facet normal 0 0 1
    outer loop
      vertex 16.15 -11.55 4
      vertex -59.55 -12.75 4
      vertex 17.35 -12.75 4
    endloop
  endfacet
  facet normal -1 0 0
    outer loop
      vertex -59.55 11.55 2
      vertex -59.55 12.75 4
      vertex -59.55 12.75 2
    endloop
  endfacet
  facet normal -1 -0 0
    outer loop
      vertex -59.55 12.75 4
      vertex -59.55 11.55 2
      vertex -59.55 11.55 4
    endloop
  endfacet
  facet normal -1 0 0
    outer loop
      vertex -59.55 -12.75 2
      vertex -59.55 -11.55 4
      vertex -59.55 -11.55 2
    endloop
  endfacet
  facet normal -1 -0 0
    outer loop
      vertex -59.55 -11.55 4
      vertex -59.55 -12.75 2
      vertex -59.55 -12.75 4
    endloop
  endfacet
  facet normal 0 -1 0
    outer loop
      vertex -59.55 -12.75 2
      vertex 17.35 -12.75 4
      vertex -59.55 -12.75 4
    endloop
  endfacet
  facet normal 0 -1 -0
    outer loop
      vertex 17.35 -12.75 4
      vertex -59.55 -12.75 2
      vertex 17.35 -12.75 2
    endloop
  endfacet
  facet normal 0 1 -0
    outer loop
      vertex 17.35 12.75 2
      vertex -59.55 12.75 4
      vertex 17.35 12.75 4
    endloop
  endfacet
  facet normal 0 1 0
    outer loop
      vertex -59.55 12.75 4
      vertex 17.35 12.75 2
      vertex -59.55 12.75 2
    endloop
  endfacet
  facet normal -1 0 0
    outer loop
      vertex 16.15 -11.55 2
      vertex 16.15 11.55 4
      vertex 16.15 11.55 2
    endloop
  endfacet
  facet normal -1 -0 0
    outer loop
      vertex 16.15 11.55 4
      vertex 16.15 -11.55 2
      vertex 16.15 -11.55 4
    endloop
  endfacet
  facet normal 0 1 -0
    outer loop
      vertex 16.15 -11.55 2
      vertex -59.55 -11.55 4
      vertex 16.15 -11.55 4
    endloop
  endfacet
  facet normal 0 1 0
    outer loop
      vertex -59.55 -11.55 4
      vertex 16.15 -11.55 2
      vertex -59.55 -11.55 2
    endloop
  endfacet
  facet normal 0 -1 0
    outer loop
      vertex -59.55 11.55 2
      vertex 16.15 11.55 4
      vertex -59.55 11.55 4
    endloop
  endfacet
  facet normal 0 -1 -0
    outer loop
      vertex 16.15 11.55 4
      vertex -59.55 11.55 2
      vertex 16.15 11.55 2
    endloop
  endfacet
  facet normal -0.514196 0.857673 0
    outer loop
      vertex -62.5928 14.4138 3.8147e-07
      vertex -62.7611 14.3129 2
      vertex -62.5928 14.4138 2
    endloop
  endfacet
  facet normal -0.514196 0.857673 0
    outer loop
      vertex -62.7611 14.3129 2
      vertex -62.5928 14.4138 3.8147e-07
      vertex -62.7611 14.3129 3.8147e-07
    endloop
  endfacet
  facet normal 0.94158 -0.336788 0
    outer loop
      vertex 23.8978 -13.4154 2
      vertex 23.9639 -13.2306 3.8147e-07
      vertex 23.9639 -13.2306 2
    endloop
  endfacet
  facet normal 0.94158 -0.336788 0
    outer loop
      vertex 23.9639 -13.2306 3.8147e-07
      vertex 23.8978 -13.4154 2
      vertex 23.8978 -13.4154 3.8147e-07
    endloop
  endfacet
  facet normal -0.336788 0.94158 0
    outer loop
      vertex -62.2306 14.5639 3.8147e-07
      vertex -62.4154 14.4978 2
      vertex -62.2306 14.5639 2
    endloop
  endfacet
  facet normal -0.336788 0.94158 0
    outer loop
      vertex -62.4154 14.4978 2
      vertex -62.2306 14.5639 3.8147e-07
      vertex -62.4154 14.4978 3.8147e-07
    endloop
  endfacet
  facet normal 1 -0 0
    outer loop
      vertex 24.05 -12.65 2
      vertex 24.05 12.65 3.8147e-07
      vertex 24.05 12.65 2
    endloop
  endfacet
  facet normal 1 0 0
    outer loop
      vertex 24.05 12.65 3.8147e-07
      vertex 24.05 -12.65 2
      vertex 24.05 -12.65 3.8147e-07
    endloop
  endfacet
  facet normal 0.9038 -0.427955 0
    outer loop
      vertex 23.8138 -13.5928 2
      vertex 23.8978 -13.4154 3.8147e-07
      vertex 23.8978 -13.4154 2
    endloop
  endfacet
  facet normal 0.9038 -0.427955 0
    outer loop
      vertex 23.8978 -13.4154 3.8147e-07
      vertex 23.8138 -13.5928 2
      vertex 23.8138 -13.5928 3.8147e-07
    endloop
  endfacet
  facet normal 0.998803 0.0489209 0
    outer loop
      vertex 24.05 12.65 2
      vertex 24.0404 12.846 3.8147e-07
      vertex 24.0404 12.846 2
    endloop
  endfacet
  facet normal 0.998803 0.0489209 0
    outer loop
      vertex 24.0404 12.846 3.8147e-07
      vertex 24.05 12.65 2
      vertex 24.05 12.65 3.8147e-07
    endloop
  endfacet
  facet normal 0.857673 0.514196 0
    outer loop
      vertex 23.8138 13.5928 2
      vertex 23.7129 13.7611 3.8147e-07
      vertex 23.7129 13.7611 2
    endloop
  endfacet
  facet normal 0.857673 0.514196 0
    outer loop
      vertex 23.7129 13.7611 3.8147e-07
      vertex 23.8138 13.5928 2
      vertex 23.8138 13.5928 3.8147e-07
    endloop
  endfacet
  facet normal 0.970023 0.243015 0
    outer loop
      vertex 24.0116 13.0402 2
      vertex 23.9639 13.2306 3.8147e-07
      vertex 23.9639 13.2306 2
    endloop
  endfacet
  facet normal 0.970023 0.243015 0
    outer loop
      vertex 23.9639 13.2306 3.8147e-07
      vertex 24.0116 13.0402 2
      vertex 24.0116 13.0402 3.8147e-07
    endloop
  endfacet
  facet normal 0 1 -0
    outer loop
      vertex 22.05 14.65 3.8147e-07
      vertex -61.65 14.65 2
      vertex 22.05 14.65 2
    endloop
  endfacet
  facet normal 0 1 0
    outer loop
      vertex -61.65 14.65 2
      vertex 22.05 14.65 3.8147e-07
      vertex -61.65 14.65 3.8147e-07
    endloop
  endfacet
  facet normal -0.857673 0.514196 0
    outer loop
      vertex -63.4138 13.5928 3.8147e-07
      vertex -63.3129 13.7611 2
      vertex -63.3129 13.7611 3.8147e-07
    endloop
  endfacet
  facet normal -0.857673 0.514196 0
    outer loop
      vertex -63.3129 13.7611 2
      vertex -63.4138 13.5928 3.8147e-07
      vertex -63.4138 13.5928 2
    endloop
  endfacet
  facet normal -0.671607 -0.740908 0
    outer loop
      vertex -63.0642 -14.0642 3.8147e-07
      vertex -62.9188 -14.196 2
      vertex -63.0642 -14.0642 2
    endloop
  endfacet
  facet normal -0.671607 -0.740908 -0
    outer loop
      vertex -62.9188 -14.196 2
      vertex -63.0642 -14.0642 3.8147e-07
      vertex -62.9188 -14.196 3.8147e-07
    endloop
  endfacet
  facet normal -0.740908 -0.671607 0
    outer loop
      vertex -63.0642 -14.0642 3.8147e-07
      vertex -63.196 -13.9188 2
      vertex -63.196 -13.9188 3.8147e-07
    endloop
  endfacet
  facet normal -0.740908 -0.671607 0
    outer loop
      vertex -63.196 -13.9188 2
      vertex -63.0642 -14.0642 3.8147e-07
      vertex -63.0642 -14.0642 2
    endloop
  endfacet
  facet normal -0.146696 -0.989182 0
    outer loop
      vertex -62.0402 -14.6116 3.8147e-07
      vertex -61.846 -14.6404 2
      vertex -62.0402 -14.6116 2
    endloop
  endfacet
  facet normal -0.146696 -0.989182 -0
    outer loop
      vertex -61.846 -14.6404 2
      vertex -62.0402 -14.6116 3.8147e-07
      vertex -61.846 -14.6404 3.8147e-07
    endloop
  endfacet
  facet normal 0.740908 -0.671607 0
    outer loop
      vertex 23.4642 -14.0642 2
      vertex 23.596 -13.9188 3.8147e-07
      vertex 23.596 -13.9188 2
    endloop
  endfacet
  facet normal 0.740908 -0.671607 0
    outer loop
      vertex 23.596 -13.9188 3.8147e-07
      vertex 23.4642 -14.0642 2
      vertex 23.4642 -14.0642 3.8147e-07
    endloop
  endfacet
  facet normal -0.80335 -0.595508 0
    outer loop
      vertex -63.196 -13.9188 3.8147e-07
      vertex -63.3129 -13.7611 2
      vertex -63.3129 -13.7611 3.8147e-07
    endloop
  endfacet
  facet normal -0.80335 -0.595508 0
    outer loop
      vertex -63.3129 -13.7611 2
      vertex -63.196 -13.9188 3.8147e-07
      vertex -63.196 -13.9188 2
    endloop
  endfacet
  facet normal 0 0 -1
    outer loop
      vertex 22.05 -14.65 3.8147e-07
      vertex 24.05 -12.65 3.8147e-07
      vertex 24.0404 -12.846 3.8147e-07
    endloop
  endfacet
  facet normal 0 0 -1
    outer loop
      vertex 24.05 -12.65 3.8147e-07
      vertex 23.95 0 3.8147e-07
      vertex 24.05 12.65 3.8147e-07
    endloop
  endfacet
  facet normal 0 0 -1
    outer loop
      vertex 22.05 -14.65 3.8147e-07
      vertex 24.0404 -12.846 3.8147e-07
      vertex 24.0116 -13.0402 3.8147e-07
    endloop
  endfacet
  facet normal 0 0 -1
    outer loop
      vertex 23.9351 0.303853 3.8147e-07
      vertex 24.05 12.65 3.8147e-07
      vertex 23.95 0 3.8147e-07
    endloop
  endfacet
  facet normal 0 0 -1
    outer loop
      vertex 22.05 -14.65 3.8147e-07
      vertex 24.0116 -13.0402 3.8147e-07
      vertex 23.9639 -13.2306 3.8147e-07
    endloop
  endfacet
  facet normal 0 0 -1
    outer loop
      vertex 23.8904 0.604779 3.8147e-07
      vertex 24.05 12.65 3.8147e-07
      vertex 23.9351 0.303853 3.8147e-07
    endloop
  endfacet
  facet normal 0 0 -1
    outer loop
      vertex 23.8165 0.899882 3.8147e-07
      vertex 24.05 12.65 3.8147e-07
      vertex 23.8904 0.604779 3.8147e-07
    endloop
  endfacet
  facet normal 0 0 -1
    outer loop
      vertex 24.05 -12.65 3.8147e-07
      vertex 23.9351 -0.303853 3.8147e-07
      vertex 23.95 0 3.8147e-07
    endloop
  endfacet
  facet normal 0 0 -1
    outer loop
      vertex 22.05 -14.65 3.8147e-07
      vertex 23.9639 -13.2306 3.8147e-07
      vertex 23.8978 -13.4154 3.8147e-07
    endloop
  endfacet
  facet normal 0 0 -1
    outer loop
      vertex 24.05 -12.65 3.8147e-07
      vertex 23.8904 -0.604779 3.8147e-07
      vertex 23.9351 -0.303853 3.8147e-07
    endloop
  endfacet
  facet normal 0 0 -1
    outer loop
      vertex 24.05 -12.65 3.8147e-07
      vertex 23.8165 -0.899882 3.8147e-07
      vertex 23.8904 -0.604779 3.8147e-07
    endloop
  endfacet
  facet normal 0 0 -1
    outer loop
      vertex 22.05 -14.65 3.8147e-07
      vertex 23.8978 -13.4154 3.8147e-07
      vertex 23.8138 -13.5928 3.8147e-07
    endloop
  endfacet
  facet normal 0 0 -1
    outer loop
      vertex 24.05 -12.65 3.8147e-07
      vertex 23.714 -1.18632 3.8147e-07
      vertex 23.8165 -0.899882 3.8147e-07
    endloop
  endfacet
  facet normal 0 0 -1
    outer loop
      vertex 22.05 -14.65 3.8147e-07
      vertex 23.8138 -13.5928 3.8147e-07
      vertex 23.7129 -13.7611 3.8147e-07
    endloop
  endfacet
  facet normal 0 0 -1
    outer loop
      vertex 22.05 -14.65 3.8147e-07
      vertex 23.7129 -13.7611 3.8147e-07
      vertex 23.596 -13.9188 3.8147e-07
    endloop
  endfacet
  facet normal 0 0 -1
    outer loop
      vertex 24.05 -12.65 3.8147e-07
      vertex 23.584 -1.46133 3.8147e-07
      vertex 23.714 -1.18632 3.8147e-07
    endloop
  endfacet
  facet normal 0 0 -1
    outer loop
      vertex 22.05 -14.65 3.8147e-07
      vertex 23.596 -13.9188 3.8147e-07
      vertex 23.4642 -14.0642 3.8147e-07
    endloop
  endfacet
  facet normal 0 0 -1
    outer loop
      vertex 24.05 -12.65 3.8147e-07
      vertex 23.4276 -1.72227 3.8147e-07
      vertex 23.584 -1.46133 3.8147e-07
    endloop
  endfacet
  facet normal 0 0 -1
    outer loop
      vertex 22.05 -14.65 3.8147e-07
      vertex 23.4642 -14.0642 3.8147e-07
      vertex 23.3188 -14.196 3.8147e-07
    endloop
  endfacet
  facet normal 0 0 -1
    outer loop
      vertex 24.05 -12.65 3.8147e-07
      vertex 23.2463 -1.96662 3.8147e-07
      vertex 23.4276 -1.72227 3.8147e-07
    endloop
  endfacet
  facet normal 0 0 -1
    outer loop
      vertex 22.05 -14.65 3.8147e-07
      vertex 23.3188 -14.196 3.8147e-07
      vertex 23.1611 -14.3129 3.8147e-07
    endloop
  endfacet
  facet normal 0 0 -1
    outer loop
      vertex 24.05 -12.65 3.8147e-07
      vertex 23.042 -2.19203 3.8147e-07
      vertex 23.2463 -1.96662 3.8147e-07
    endloop
  endfacet
  facet normal 0 0 -1
    outer loop
      vertex 22.05 -14.65 3.8147e-07
      vertex 23.1611 -14.3129 3.8147e-07
      vertex 22.9928 -14.4138 3.8147e-07
    endloop
  endfacet
  facet normal 0 0 -1
    outer loop
      vertex 24.05 -12.65 3.8147e-07
      vertex 22.8166 -2.39633 3.8147e-07
      vertex 23.042 -2.19203 3.8147e-07
    endloop
  endfacet
  facet normal 0 0 -1
    outer loop
      vertex 22.05 -14.65 3.8147e-07
      vertex 22.9928 -14.4138 3.8147e-07
      vertex 22.8154 -14.4978 3.8147e-07
    endloop
  endfacet
  facet normal 0 0 -1
    outer loop
      vertex 22.05 -14.65 3.8147e-07
      vertex 22.8154 -14.4978 3.8147e-07
      vertex 22.6306 -14.5639 3.8147e-07
    endloop
  endfacet
  facet normal 0 0 -1
    outer loop
      vertex 24.05 -12.65 3.8147e-07
      vertex 22.5723 -2.57756 3.8147e-07
      vertex 22.8166 -2.39633 3.8147e-07
    endloop
  endfacet
  facet normal 0 0 -1
    outer loop
      vertex 22.05 -14.65 3.8147e-07
      vertex 22.6306 -14.5639 3.8147e-07
      vertex 22.4402 -14.6116 3.8147e-07
    endloop
  endfacet
  facet normal 0 0 -1
    outer loop
      vertex 24.05 -12.65 3.8147e-07
      vertex 22.3113 -2.73396 3.8147e-07
      vertex 22.5723 -2.57756 3.8147e-07
    endloop
  endfacet
  facet normal 0 0 -1
    outer loop
      vertex 22.05 -14.65 3.8147e-07
      vertex 22.4402 -14.6116 3.8147e-07
      vertex 22.246 -14.6404 3.8147e-07
    endloop
  endfacet
  facet normal -0 0 -1
    outer loop
      vertex 24.05 -12.65 3.8147e-07
      vertex 22.05 -14.65 3.8147e-07
      vertex 20.2452 -3.04043 3.8147e-07
    endloop
  endfacet
  facet normal 0 0 -1
    outer loop
      vertex 24.05 -12.65 3.8147e-07
      vertex 22.0363 -2.86403 3.8147e-07
      vertex 22.3113 -2.73396 3.8147e-07
    endloop
  endfacet
  facet normal 0 0 -1
    outer loop
      vertex 24.05 -12.65 3.8147e-07
      vertex 21.7499 -2.96651 3.8147e-07
      vertex 22.0363 -2.86403 3.8147e-07
    endloop
  endfacet
  facet normal 0 0 -1
    outer loop
      vertex 24.05 -12.65 3.8147e-07
      vertex 21.4548 -3.04043 3.8147e-07
      vertex 21.7499 -2.96651 3.8147e-07
    endloop
  endfacet
  facet normal 0 0 -1
    outer loop
      vertex 24.05 -12.65 3.8147e-07
      vertex 21.1539 -3.08507 3.8147e-07
      vertex 21.4548 -3.04043 3.8147e-07
    endloop
  endfacet
  facet normal 0 0 -1
    outer loop
      vertex 24.05 -12.65 3.8147e-07
      vertex 20.85 -3.1 3.8147e-07
      vertex 21.1539 -3.08507 3.8147e-07
    endloop
  endfacet
  facet normal 0 0 -1
    outer loop
      vertex 24.05 -12.65 3.8147e-07
      vertex 20.5461 -3.08507 3.8147e-07
      vertex 20.85 -3.1 3.8147e-07
    endloop
  endfacet
  facet normal 0 0 -1
    outer loop
      vertex 24.05 -12.65 3.8147e-07
      vertex 20.2452 -3.04043 3.8147e-07
      vertex 20.5461 -3.08507 3.8147e-07
    endloop
  endfacet
  facet normal 0 0 -1
    outer loop
      vertex 22.05 -14.65 3.8147e-07
      vertex 19.9501 -2.96651 3.8147e-07
      vertex 20.2452 -3.04043 3.8147e-07
    endloop
  endfacet
  facet normal 0 0 -1
    outer loop
      vertex 22.05 -14.65 3.8147e-07
      vertex 19.6637 -2.86403 3.8147e-07
      vertex 19.9501 -2.96651 3.8147e-07
    endloop
  endfacet
  facet normal 0 0 -1
    outer loop
      vertex 22.05 -14.65 3.8147e-07
      vertex 19.3887 -2.73396 3.8147e-07
      vertex 19.6637 -2.86403 3.8147e-07
    endloop
  endfacet
  facet normal 0 0 -1
    outer loop
      vertex 8.45 -11.65 3.8147e-07
      vertex 19.3887 -2.73396 3.8147e-07
      vertex 22.05 -14.65 3.8147e-07
    endloop
  endfacet
  facet normal -0 0 -1
    outer loop
      vertex 19.3887 -2.73396 3.8147e-07
      vertex 8.45 -11.65 3.8147e-07
      vertex 19.1277 -2.57756 3.8147e-07
    endloop
  endfacet
  facet normal -0 0 -1
    outer loop
      vertex 19.1277 -2.57756 3.8147e-07
      vertex 8.45 -11.65 3.8147e-07
      vertex 18.8834 -2.39633 3.8147e-07
    endloop
  endfacet
  facet normal -0 0 -1
    outer loop
      vertex 18.8834 -2.39633 3.8147e-07
      vertex 8.45 -11.65 3.8147e-07
      vertex 18.658 -2.19203 3.8147e-07
    endloop
  endfacet
  facet normal -0 0 -1
    outer loop
      vertex 18.658 -2.19203 3.8147e-07
      vertex 8.45 -11.65 3.8147e-07
      vertex 18.4537 -1.96662 3.8147e-07
    endloop
  endfacet
  facet normal -0 0 -1
    outer loop
      vertex 18.4537 -1.96662 3.8147e-07
      vertex 8.45 -11.65 3.8147e-07
      vertex 18.2724 -1.72227 3.8147e-07
    endloop
  endfacet
  facet normal -0 0 -1
    outer loop
      vertex 18.2724 -1.72227 3.8147e-07
      vertex 8.45 -11.65 3.8147e-07
      vertex 18.116 -1.46133 3.8147e-07
    endloop
  endfacet
  facet normal -0 0 -1
    outer loop
      vertex 18.116 -1.46133 3.8147e-07
      vertex 8.45 -11.65 3.8147e-07
      vertex 17.986 -1.18632 3.8147e-07
    endloop
  endfacet
  facet normal -0 0 -1
    outer loop
      vertex 17.7649 -0.303853 3.8147e-07
      vertex 8.45 -11.65 3.8147e-07
      vertex 17.75 0 3.8147e-07
    endloop
  endfacet
  facet normal -0 0 -1
    outer loop
      vertex 17.8096 -0.604779 3.8147e-07
      vertex 8.45 -11.65 3.8147e-07
      vertex 17.7649 -0.303853 3.8147e-07
    endloop
  endfacet
  facet normal -0 0 -1
    outer loop
      vertex 17.8835 -0.899882 3.8147e-07
      vertex 8.45 -11.65 3.8147e-07
      vertex 17.8096 -0.604779 3.8147e-07
    endloop
  endfacet
  facet normal -0 0 -1
    outer loop
      vertex 17.986 -1.18632 3.8147e-07
      vertex 8.45 -11.65 3.8147e-07
      vertex 17.8835 -0.899882 3.8147e-07
    endloop
  endfacet
  facet normal 0 0 -1
    outer loop
      vertex 22.05 -14.65 3.8147e-07
      vertex 7.65 -11.65 3.8147e-07
      vertex 8.45 -11.65 3.8147e-07
    endloop
  endfacet
  facet normal 0 0 -1
    outer loop
      vertex 7.65 -11.65 3.8147e-07
      vertex -38.85 -11.65 3.8147e-07
      vertex 7.65 11.65 3.8147e-07
    endloop
  endfacet
  facet normal 0 0 -1
    outer loop
      vertex 22.05 -14.65 3.8147e-07
      vertex -38.85 -11.65 3.8147e-07
      vertex 7.65 -11.65 3.8147e-07
    endloop
  endfacet
  facet normal 0 0 -1
    outer loop
      vertex -61.65 -14.65 3.8147e-07
      vertex -38.85 -11.65 3.8147e-07
      vertex 22.05 -14.65 3.8147e-07
    endloop
  endfacet
  facet normal 0 0 -1
    outer loop
      vertex -39.65 -11.65 3.8147e-07
      vertex -46.9598 0 3.8147e-07
      vertex -39.65 11.65 3.8147e-07
    endloop
  endfacet
  facet normal 0 0 -1
    outer loop
      vertex -39.65 -11.65 3.8147e-07
      vertex -46.9935 -0.684512 3.8147e-07
      vertex -46.9598 0 3.8147e-07
    endloop
  endfacet
  facet normal 0 0 -1
    outer loop
      vertex -39.65 -11.65 3.8147e-07
      vertex -46.994 -0.694957 3.8147e-07
      vertex -46.9935 -0.684512 3.8147e-07
    endloop
  endfacet
  facet normal 0 0 -1
    outer loop
      vertex -39.65 -11.65 3.8147e-07
      vertex -47.0945 -1.37288 3.8147e-07
      vertex -46.994 -0.694957 3.8147e-07
    endloop
  endfacet
  facet normal 0 0 -1
    outer loop
      vertex -39.65 -11.65 3.8147e-07
      vertex -47.0961 -1.38322 3.8147e-07
      vertex -47.0945 -1.37288 3.8147e-07
    endloop
  endfacet
  facet normal 0 0 -1
    outer loop
      vertex -39.65 -11.65 3.8147e-07
      vertex -47.0986 -1.39337 3.8147e-07
      vertex -47.0961 -1.38322 3.8147e-07
    endloop
  endfacet
  facet normal 0 0 -1
    outer loop
      vertex -39.65 -11.65 3.8147e-07
      vertex -47.2651 -2.05817 3.8147e-07
      vertex -47.0986 -1.39337 3.8147e-07
    endloop
  endfacet
  facet normal 0 0 -1
    outer loop
      vertex -39.65 -11.65 3.8147e-07
      vertex -47.2687 -2.06801 3.8147e-07
      vertex -47.2651 -2.05817 3.8147e-07
    endloop
  endfacet
  facet normal 0 0 -1
    outer loop
      vertex -39.65 -11.65 3.8147e-07
      vertex -47.4995 -2.71329 3.8147e-07
      vertex -47.2687 -2.06801 3.8147e-07
    endloop
  endfacet
  facet normal 0 0 -1
    outer loop
      vertex -39.65 -11.65 3.8147e-07
      vertex -47.7926 -3.33283 3.8147e-07
      vertex -47.4995 -2.71329 3.8147e-07
    endloop
  endfacet
  facet normal 0 0 -1
    outer loop
      vertex -39.65 -11.65 3.8147e-07
      vertex -47.797 -3.34228 3.8147e-07
      vertex -47.7926 -3.33283 3.8147e-07
    endloop
  endfacet
  facet normal 0 0 -1
    outer loop
      vertex -39.65 -11.65 3.8147e-07
      vertex -47.8024 -3.35125 3.8147e-07
      vertex -47.797 -3.34228 3.8147e-07
    endloop
  endfacet
  facet normal 0 0 -1
    outer loop
      vertex -39.65 -11.65 3.8147e-07
      vertex -48.1547 -3.93908 3.8147e-07
      vertex -47.8024 -3.35125 3.8147e-07
    endloop
  endfacet
  facet normal 0 0 -1
    outer loop
      vertex -39.65 -11.65 3.8147e-07
      vertex -48.161 -3.94748 3.8147e-07
      vertex -48.1547 -3.93908 3.8147e-07
    endloop
  endfacet
  facet normal 0 0 -1
    outer loop
      vertex -39.65 -11.65 3.8147e-07
      vertex -48.5692 -4.49795 3.8147e-07
      vertex -48.161 -3.94748 3.8147e-07
    endloop
  endfacet
  facet normal 0 0 -1
    outer loop
      vertex -39.65 -11.65 3.8147e-07
      vertex -49.0295 -5.00575 3.8147e-07
      vertex -48.5692 -4.49795 3.8147e-07
    endloop
  endfacet
  facet normal 0 0 -1
    outer loop
      vertex -39.65 -11.65 3.8147e-07
      vertex -49.0365 -5.0135 3.8147e-07
      vertex -49.0295 -5.00575 3.8147e-07
    endloop
  endfacet
  facet normal 0 0 -1
    outer loop
      vertex -39.65 -11.65 3.8147e-07
      vertex -49.5443 -5.47375 3.8147e-07
      vertex -49.0365 -5.0135 3.8147e-07
    endloop
  endfacet
  facet normal 0 0 -1
    outer loop
      vertex -39.65 -11.65 3.8147e-07
      vertex -49.552 -5.48077 3.8147e-07
      vertex -49.5443 -5.47375 3.8147e-07
    endloop
  endfacet
  facet normal 0 0 -1
    outer loop
      vertex -39.65 -11.65 3.8147e-07
      vertex -49.5604 -5.487 3.8147e-07
      vertex -49.552 -5.48077 3.8147e-07
    endloop
  endfacet
  facet normal 0 0 -1
    outer loop
      vertex -39.65 -11.65 3.8147e-07
      vertex -50.1109 -5.89526 3.8147e-07
      vertex -49.5604 -5.487 3.8147e-07
    endloop
  endfacet
  facet normal 0 0 -1
    outer loop
      vertex -39.65 -11.65 3.8147e-07
      vertex -50.6987 -6.24759 3.8147e-07
      vertex -50.1109 -5.89526 3.8147e-07
    endloop
  endfacet
  facet normal 0 0 -1
    outer loop
      vertex -39.65 -11.65 3.8147e-07
      vertex -50.7077 -6.25297 3.8147e-07
      vertex -50.6987 -6.24759 3.8147e-07
    endloop
  endfacet
  facet normal 0 0 -1
    outer loop
      vertex -39.65 -11.65 3.8147e-07
      vertex -51.3273 -6.54599 3.8147e-07
      vertex -50.7077 -6.25297 3.8147e-07
    endloop
  endfacet
  facet normal 0 0 -1
    outer loop
      vertex -39.65 -11.65 3.8147e-07
      vertex -51.3367 -6.55046 3.8147e-07
      vertex -51.3273 -6.54599 3.8147e-07
    endloop
  endfacet
  facet normal 0 0 -1
    outer loop
      vertex -39.65 -11.65 3.8147e-07
      vertex -51.3466 -6.55398 3.8147e-07
      vertex -51.3367 -6.55046 3.8147e-07
    endloop
  endfacet
  facet normal 0 0 -1
    outer loop
      vertex -39.65 -11.65 3.8147e-07
      vertex -51.9918 -6.78486 3.8147e-07
      vertex -51.3466 -6.55398 3.8147e-07
    endloop
  endfacet
  facet normal 0 0 -1
    outer loop
      vertex -39.65 -11.65 3.8147e-07
      vertex -52.6566 -6.95139 3.8147e-07
      vertex -51.9918 -6.78486 3.8147e-07
    endloop
  endfacet
  facet normal 0 0 -1
    outer loop
      vertex -39.65 -11.65 3.8147e-07
      vertex -52.6668 -6.95393 3.8147e-07
      vertex -52.6566 -6.95139 3.8147e-07
    endloop
  endfacet
  facet normal 0 0 -1
    outer loop
      vertex -61.65 -14.65 3.8147e-07
      vertex -52.6668 -6.95393 3.8147e-07
      vertex -39.65 -11.65 3.8147e-07
    endloop
  endfacet
  facet normal 0 0 -1
    outer loop
      vertex -52.6668 -6.95393 3.8147e-07
      vertex -61.65 -14.65 3.8147e-07
      vertex -52.6771 -6.95546 3.8147e-07
    endloop
  endfacet
  facet normal 0 0 -1
    outer loop
      vertex -52.6771 -6.95546 3.8147e-07
      vertex -61.65 -14.65 3.8147e-07
      vertex -53.355 -7.05602 3.8147e-07
    endloop
  endfacet
  facet normal 0 0 -1
    outer loop
      vertex -53.355 -7.05602 3.8147e-07
      vertex -61.65 -14.65 3.8147e-07
      vertex -53.3655 -7.05654 3.8147e-07
    endloop
  endfacet
  facet normal 0 0 -1
    outer loop
      vertex -53.3655 -7.05654 3.8147e-07
      vertex -61.65 -14.65 3.8147e-07
      vertex -54.05 -7.09016 3.8147e-07
    endloop
  endfacet
  facet normal -0 0 -1
    outer loop
      vertex -54.05 -7.09016 3.8147e-07
      vertex -61.65 -14.65 3.8147e-07
      vertex -54.7345 -7.05654 3.8147e-07
    endloop
  endfacet
  facet normal -0 0 -1
    outer loop
      vertex -54.7345 -7.05654 3.8147e-07
      vertex -61.65 -14.65 3.8147e-07
      vertex -54.745 -7.05602 3.8147e-07
    endloop
  endfacet
  facet normal -0 0 -1
    outer loop
      vertex -54.745 -7.05602 3.8147e-07
      vertex -61.65 -14.65 3.8147e-07
      vertex -55.4229 -6.95546 3.8147e-07
    endloop
  endfacet
  facet normal -0 0 -1
    outer loop
      vertex -55.4229 -6.95546 3.8147e-07
      vertex -61.65 -14.65 3.8147e-07
      vertex -55.4332 -6.95393 3.8147e-07
    endloop
  endfacet
  facet normal -0 0 -1
    outer loop
      vertex -55.4332 -6.95393 3.8147e-07
      vertex -61.65 -14.65 3.8147e-07
      vertex -56.098 -6.7874 3.8147e-07
    endloop
  endfacet
  facet normal 0 0 -1
    outer loop
      vertex -61.65 -14.65 3.8147e-07
      vertex -56.118 -6.78134 3.8147e-07
      vertex -56.1082 -6.78486 3.8147e-07
    endloop
  endfacet
  facet normal 0 0 -1
    outer loop
      vertex -61.65 -14.65 3.8147e-07
      vertex -57.3828 -6.25744 3.8147e-07
      vertex -56.7633 -6.55046 3.8147e-07
    endloop
  endfacet
  facet normal 0 0 -1
    outer loop
      vertex -63.65 -12.65 3.8147e-07
      vertex -57.4012 -6.24759 3.8147e-07
      vertex -57.3923 -6.25297 3.8147e-07
    endloop
  endfacet
  facet normal 0 0 -1
    outer loop
      vertex -63.65 -12.65 3.8147e-07
      vertex -58.5396 -5.487 3.8147e-07
      vertex -57.9891 -5.89526 3.8147e-07
    endloop
  endfacet
  facet normal 0 0 -1
    outer loop
      vertex -63.65 -12.65 3.8147e-07
      vertex -59.0705 -5.00575 3.8147e-07
      vertex -59.0635 -5.0135 3.8147e-07
    endloop
  endfacet
  facet normal 0 0 -1
    outer loop
      vertex -63.65 -12.65 3.8147e-07
      vertex -59.9506 -3.93011 3.8147e-07
      vertex -59.9453 -3.93908 3.8147e-07
    endloop
  endfacet
  facet normal 0 0 -1
    outer loop
      vertex -63.65 -12.65 3.8147e-07
      vertex -60.3074 -3.33283 3.8147e-07
      vertex -60.303 -3.34228 3.8147e-07
    endloop
  endfacet
  facet normal 0 0 -1
    outer loop
      vertex -63.65 -12.65 3.8147e-07
      vertex -61.0014 -1.39337 3.8147e-07
      vertex -60.8349 -2.05817 3.8147e-07
    endloop
  endfacet
  facet normal 0 0 -1
    outer loop
      vertex -63.65 -12.65 3.8147e-07
      vertex -61.1396 -0.0104447 3.8147e-07
      vertex -61.106 -0.694957 3.8147e-07
    endloop
  endfacet
  facet normal -0 0 -1
    outer loop
      vertex -61.1045 -0.705301 3.8147e-07
      vertex -63.65 -12.65 3.8147e-07
      vertex -61.106 -0.694957 3.8147e-07
    endloop
  endfacet
  facet normal -0 0 -1
    outer loop
      vertex -61.0039 -1.38322 3.8147e-07
      vertex -63.65 -12.65 3.8147e-07
      vertex -61.1045 -0.705301 3.8147e-07
    endloop
  endfacet
  facet normal -0 0 -1
    outer loop
      vertex -61.0014 -1.39337 3.8147e-07
      vertex -63.65 -12.65 3.8147e-07
      vertex -61.0039 -1.38322 3.8147e-07
    endloop
  endfacet
  facet normal -0 0 -1
    outer loop
      vertex -60.8313 -2.06801 3.8147e-07
      vertex -63.65 -12.65 3.8147e-07
      vertex -60.8349 -2.05817 3.8147e-07
    endloop
  endfacet
  facet normal -0 0 -1
    outer loop
      vertex -60.6005 -2.71329 3.8147e-07
      vertex -63.65 -12.65 3.8147e-07
      vertex -60.8313 -2.06801 3.8147e-07
    endloop
  endfacet
  facet normal -0 0 -1
    outer loop
      vertex -60.3074 -3.33283 3.8147e-07
      vertex -63.65 -12.65 3.8147e-07
      vertex -60.6005 -2.71329 3.8147e-07
    endloop
  endfacet
  facet normal -0 0 -1
    outer loop
      vertex -59.9506 -3.93011 3.8147e-07
      vertex -63.65 -12.65 3.8147e-07
      vertex -60.303 -3.34228 3.8147e-07
    endloop
  endfacet
  facet normal -0 0 -1
    outer loop
      vertex -59.939 -3.94748 3.8147e-07
      vertex -63.65 -12.65 3.8147e-07
      vertex -59.9453 -3.93908 3.8147e-07
    endloop
  endfacet
  facet normal -0 0 -1
    outer loop
      vertex -59.5308 -4.49795 3.8147e-07
      vertex -63.65 -12.65 3.8147e-07
      vertex -59.939 -3.94748 3.8147e-07
    endloop
  endfacet
  facet normal -0 0 -1
    outer loop
      vertex -59.0705 -5.00575 3.8147e-07
      vertex -63.65 -12.65 3.8147e-07
      vertex -59.5308 -4.49795 3.8147e-07
    endloop
  endfacet
  facet normal -0 0 -1
    outer loop
      vertex -59.0558 -5.02052 3.8147e-07
      vertex -63.65 -12.65 3.8147e-07
      vertex -59.0635 -5.0135 3.8147e-07
    endloop
  endfacet
  facet normal -0 0 -1
    outer loop
      vertex -58.548 -5.48077 3.8147e-07
      vertex -63.65 -12.65 3.8147e-07
      vertex -59.0558 -5.02052 3.8147e-07
    endloop
  endfacet
  facet normal -0 0 -1
    outer loop
      vertex -58.5396 -5.487 3.8147e-07
      vertex -63.65 -12.65 3.8147e-07
      vertex -58.548 -5.48077 3.8147e-07
    endloop
  endfacet
  facet normal -0 0 -1
    outer loop
      vertex -57.4012 -6.24759 3.8147e-07
      vertex -63.65 -12.65 3.8147e-07
      vertex -57.9891 -5.89526 3.8147e-07
    endloop
  endfacet
  facet normal 0 0 -1
    outer loop
      vertex -63.65 -12.65 3.8147e-07
      vertex -57.3923 -6.25297 3.8147e-07
      vertex -61.65 -14.65 3.8147e-07
    endloop
  endfacet
  facet normal -0 0 -1
    outer loop
      vertex -57.3828 -6.25744 3.8147e-07
      vertex -61.65 -14.65 3.8147e-07
      vertex -57.3923 -6.25297 3.8147e-07
    endloop
  endfacet
  facet normal -0 0 -1
    outer loop
      vertex -56.118 -6.78134 3.8147e-07
      vertex -61.65 -14.65 3.8147e-07
      vertex -56.7633 -6.55046 3.8147e-07
    endloop
  endfacet
  facet normal -0 0 -1
    outer loop
      vertex -56.098 -6.7874 3.8147e-07
      vertex -61.65 -14.65 3.8147e-07
      vertex -56.1082 -6.78486 3.8147e-07
    endloop
  endfacet
  facet normal -0 0 -1
    outer loop
      vertex -38.85 -11.65 3.8147e-07
      vertex -61.65 -14.65 3.8147e-07
      vertex -39.65 -11.65 3.8147e-07
    endloop
  endfacet
  facet normal 0 0 -1
    outer loop
      vertex 23.714 1.18632 3.8147e-07
      vertex 24.05 12.65 3.8147e-07
      vertex 23.8165 0.899882 3.8147e-07
    endloop
  endfacet
  facet normal 0 0 -1
    outer loop
      vertex 23.584 1.46133 3.8147e-07
      vertex 24.05 12.65 3.8147e-07
      vertex 23.714 1.18632 3.8147e-07
    endloop
  endfacet
  facet normal 0 0 -1
    outer loop
      vertex 23.4276 1.72227 3.8147e-07
      vertex 24.05 12.65 3.8147e-07
      vertex 23.584 1.46133 3.8147e-07
    endloop
  endfacet
  facet normal 0 0 -1
    outer loop
      vertex 23.2463 1.96662 3.8147e-07
      vertex 24.05 12.65 3.8147e-07
      vertex 23.4276 1.72227 3.8147e-07
    endloop
  endfacet
  facet normal 0 0 -1
    outer loop
      vertex 23.042 2.19203 3.8147e-07
      vertex 24.05 12.65 3.8147e-07
      vertex 23.2463 1.96662 3.8147e-07
    endloop
  endfacet
  facet normal 0 0 -1
    outer loop
      vertex 22.8166 2.39633 3.8147e-07
      vertex 24.05 12.65 3.8147e-07
      vertex 23.042 2.19203 3.8147e-07
    endloop
  endfacet
  facet normal 0 0 -1
    outer loop
      vertex 22.5723 2.57756 3.8147e-07
      vertex 24.05 12.65 3.8147e-07
      vertex 22.8166 2.39633 3.8147e-07
    endloop
  endfacet
  facet normal 0 0 -1
    outer loop
      vertex 22.3113 2.73396 3.8147e-07
      vertex 24.05 12.65 3.8147e-07
      vertex 22.5723 2.57756 3.8147e-07
    endloop
  endfacet
  facet normal 0 0 -1
    outer loop
      vertex 22.0363 2.86403 3.8147e-07
      vertex 24.05 12.65 3.8147e-07
      vertex 22.3113 2.73396 3.8147e-07
    endloop
  endfacet
  facet normal 0 0 -1
    outer loop
      vertex 21.7499 2.96651 3.8147e-07
      vertex 24.05 12.65 3.8147e-07
      vertex 22.0363 2.86403 3.8147e-07
    endloop
  endfacet
  facet normal 0 0 -1
    outer loop
      vertex 21.4548 3.04043 3.8147e-07
      vertex 24.05 12.65 3.8147e-07
      vertex 21.7499 2.96651 3.8147e-07
    endloop
  endfacet
  facet normal 0 0 -1
    outer loop
      vertex 21.1539 3.08507 3.8147e-07
      vertex 24.05 12.65 3.8147e-07
      vertex 21.4548 3.04043 3.8147e-07
    endloop
  endfacet
  facet normal 0 0 -1
    outer loop
      vertex 20.85 3.1 3.8147e-07
      vertex 24.05 12.65 3.8147e-07
      vertex 21.1539 3.08507 3.8147e-07
    endloop
  endfacet
  facet normal 0 0 -1
    outer loop
      vertex 20.5461 3.08507 3.8147e-07
      vertex 24.05 12.65 3.8147e-07
      vertex 20.85 3.1 3.8147e-07
    endloop
  endfacet
  facet normal 0 0 -1
    outer loop
      vertex 20.2452 3.04043 3.8147e-07
      vertex 24.05 12.65 3.8147e-07
      vertex 20.5461 3.08507 3.8147e-07
    endloop
  endfacet
  facet normal 0 -0 -1
    outer loop
      vertex 22.05 14.65 3.8147e-07
      vertex 24.05 12.65 3.8147e-07
      vertex 20.2452 3.04043 3.8147e-07
    endloop
  endfacet
  facet normal 0 0 -1
    outer loop
      vertex 24.05 12.65 3.8147e-07
      vertex 22.05 14.65 3.8147e-07
      vertex 24.0404 12.846 3.8147e-07
    endloop
  endfacet
  facet normal 0 0 -1
    outer loop
      vertex 24.0404 12.846 3.8147e-07
      vertex 22.05 14.65 3.8147e-07
      vertex 24.0116 13.0402 3.8147e-07
    endloop
  endfacet
  facet normal 0 0 -1
    outer loop
      vertex 23.9639 13.2306 3.8147e-07
      vertex 22.05 14.65 3.8147e-07
      vertex 23.8978 13.4154 3.8147e-07
    endloop
  endfacet
  facet normal 0 0 -1
    outer loop
      vertex 23.8978 13.4154 3.8147e-07
      vertex 22.05 14.65 3.8147e-07
      vertex 23.8138 13.5928 3.8147e-07
    endloop
  endfacet
  facet normal 0 0 -1
    outer loop
      vertex 23.8138 13.5928 3.8147e-07
      vertex 22.05 14.65 3.8147e-07
      vertex 23.7129 13.7611 3.8147e-07
    endloop
  endfacet
  facet normal 0 0 -1
    outer loop
      vertex 23.596 13.9188 3.8147e-07
      vertex 22.05 14.65 3.8147e-07
      vertex 23.4642 14.0642 3.8147e-07
    endloop
  endfacet
  facet normal 0 0 -1
    outer loop
      vertex 23.4642 14.0642 3.8147e-07
      vertex 22.05 14.65 3.8147e-07
      vertex 23.3188 14.196 3.8147e-07
    endloop
  endfacet
  facet normal 0 0 -1
    outer loop
      vertex 23.3188 14.196 3.8147e-07
      vertex 22.05 14.65 3.8147e-07
      vertex 23.1611 14.3129 3.8147e-07
    endloop
  endfacet
  facet normal 0 0 -1
    outer loop
      vertex 22.9928 14.4138 3.8147e-07
      vertex 22.05 14.65 3.8147e-07
      vertex 22.8154 14.4978 3.8147e-07
    endloop
  endfacet
  facet normal 0 0 -1
    outer loop
      vertex 22.8154 14.4978 3.8147e-07
      vertex 22.05 14.65 3.8147e-07
      vertex 22.6306 14.5639 3.8147e-07
    endloop
  endfacet
  facet normal 0 0 -1
    outer loop
      vertex 22.6306 14.5639 3.8147e-07
      vertex 22.05 14.65 3.8147e-07
      vertex 22.4402 14.6116 3.8147e-07
    endloop
  endfacet
  facet normal 0 0 -1
    outer loop
      vertex 22.4402 14.6116 3.8147e-07
      vertex 22.05 14.65 3.8147e-07
      vertex 22.246 14.6404 3.8147e-07
    endloop
  endfacet
  facet normal 0 0 -1
    outer loop
      vertex 23.1611 14.3129 3.8147e-07
      vertex 22.05 14.65 3.8147e-07
      vertex 22.9928 14.4138 3.8147e-07
    endloop
  endfacet
  facet normal 0 0 -1
    outer loop
      vertex 23.7129 13.7611 3.8147e-07
      vertex 22.05 14.65 3.8147e-07
      vertex 23.596 13.9188 3.8147e-07
    endloop
  endfacet
  facet normal 0 0 -1
    outer loop
      vertex 24.0116 13.0402 3.8147e-07
      vertex 22.05 14.65 3.8147e-07
      vertex 23.9639 13.2306 3.8147e-07
    endloop
  endfacet
  facet normal 0 0 -1
    outer loop
      vertex 19.9501 2.96651 3.8147e-07
      vertex 22.05 14.65 3.8147e-07
      vertex 20.2452 3.04043 3.8147e-07
    endloop
  endfacet
  facet normal 0 0 -1
    outer loop
      vertex 19.6637 2.86403 3.8147e-07
      vertex 22.05 14.65 3.8147e-07
      vertex 19.9501 2.96651 3.8147e-07
    endloop
  endfacet
  facet normal 0 0 -1
    outer loop
      vertex 19.3887 2.73396 3.8147e-07
      vertex 22.05 14.65 3.8147e-07
      vertex 19.6637 2.86403 3.8147e-07
    endloop
  endfacet
  facet normal 0 0 -1
    outer loop
      vertex 8.45 11.65 3.8147e-07
      vertex 19.3887 2.73396 3.8147e-07
      vertex 19.1277 2.57756 3.8147e-07
    endloop
  endfacet
  facet normal 0 0 -1
    outer loop
      vertex 8.45 11.65 3.8147e-07
      vertex 19.1277 2.57756 3.8147e-07
      vertex 18.8834 2.39633 3.8147e-07
    endloop
  endfacet
  facet normal 0 0 -1
    outer loop
      vertex 8.45 11.65 3.8147e-07
      vertex 18.8834 2.39633 3.8147e-07
      vertex 18.658 2.19203 3.8147e-07
    endloop
  endfacet
  facet normal 0 0 -1
    outer loop
      vertex 8.45 11.65 3.8147e-07
      vertex 18.658 2.19203 3.8147e-07
      vertex 18.4537 1.96662 3.8147e-07
    endloop
  endfacet
  facet normal 0 0 -1
    outer loop
      vertex 8.45 11.65 3.8147e-07
      vertex 18.4537 1.96662 3.8147e-07
      vertex 18.2724 1.72227 3.8147e-07
    endloop
  endfacet
  facet normal 0 0 -1
    outer loop
      vertex 8.45 11.65 3.8147e-07
      vertex 18.2724 1.72227 3.8147e-07
      vertex 18.116 1.46133 3.8147e-07
    endloop
  endfacet
  facet normal 0 0 -1
    outer loop
      vertex 8.45 11.65 3.8147e-07
      vertex 18.116 1.46133 3.8147e-07
      vertex 17.986 1.18632 3.8147e-07
    endloop
  endfacet
  facet normal 0 0 -1
    outer loop
      vertex 8.45 11.65 3.8147e-07
      vertex 17.986 1.18632 3.8147e-07
      vertex 17.8835 0.899882 3.8147e-07
    endloop
  endfacet
  facet normal 0 0 -1
    outer loop
      vertex 8.45 11.65 3.8147e-07
      vertex 17.75 0 3.8147e-07
      vertex 8.45 -11.65 3.8147e-07
    endloop
  endfacet
  facet normal 0 0 -1
    outer loop
      vertex 17.75 0 3.8147e-07
      vertex 8.45 11.65 3.8147e-07
      vertex 17.7649 0.303853 3.8147e-07
    endloop
  endfacet
  facet normal 0 0 -1
    outer loop
      vertex 17.7649 0.303853 3.8147e-07
      vertex 8.45 11.65 3.8147e-07
      vertex 17.8096 0.604779 3.8147e-07
    endloop
  endfacet
  facet normal 0 0 -1
    outer loop
      vertex 17.8096 0.604779 3.8147e-07
      vertex 8.45 11.65 3.8147e-07
      vertex 17.8835 0.899882 3.8147e-07
    endloop
  endfacet
  facet normal 0 0 -1
    outer loop
      vertex 19.3887 2.73396 3.8147e-07
      vertex 8.45 11.65 3.8147e-07
      vertex 22.05 14.65 3.8147e-07
    endloop
  endfacet
  facet normal 0 0 -1
    outer loop
      vertex 7.65 11.65 3.8147e-07
      vertex 22.05 14.65 3.8147e-07
      vertex 8.45 11.65 3.8147e-07
    endloop
  endfacet
  facet normal 0 0 -1
    outer loop
      vertex -38.85 11.65 3.8147e-07
      vertex 7.65 11.65 3.8147e-07
      vertex -38.85 -11.65 3.8147e-07
    endloop
  endfacet
  facet normal 0 0 -1
    outer loop
      vertex -38.85 11.65 3.8147e-07
      vertex 22.05 14.65 3.8147e-07
      vertex 7.65 11.65 3.8147e-07
    endloop
  endfacet
  facet normal 0 0 -1
    outer loop
      vertex -61.65 14.65 3.8147e-07
      vertex -38.85 11.65 3.8147e-07
      vertex -39.65 11.65 3.8147e-07
    endloop
  endfacet
  facet normal 0 0 -1
    outer loop
      vertex -46.9935 0.684512 3.8147e-07
      vertex -39.65 11.65 3.8147e-07
      vertex -46.9598 0 3.8147e-07
    endloop
  endfacet
  facet normal 0 0 -1
    outer loop
      vertex -46.994 0.694957 3.8147e-07
      vertex -39.65 11.65 3.8147e-07
      vertex -46.9935 0.684512 3.8147e-07
    endloop
  endfacet
  facet normal 0 0 -1
    outer loop
      vertex -47.0945 1.37288 3.8147e-07
      vertex -39.65 11.65 3.8147e-07
      vertex -46.994 0.694957 3.8147e-07
    endloop
  endfacet
  facet normal 0 0 -1
    outer loop
      vertex -47.0961 1.38322 3.8147e-07
      vertex -39.65 11.65 3.8147e-07
      vertex -47.0945 1.37288 3.8147e-07
    endloop
  endfacet
  facet normal 0 0 -1
    outer loop
      vertex -47.0986 1.39337 3.8147e-07
      vertex -39.65 11.65 3.8147e-07
      vertex -47.0961 1.38322 3.8147e-07
    endloop
  endfacet
  facet normal 0 0 -1
    outer loop
      vertex -47.2651 2.05817 3.8147e-07
      vertex -39.65 11.65 3.8147e-07
      vertex -47.0986 1.39337 3.8147e-07
    endloop
  endfacet
  facet normal 0 0 -1
    outer loop
      vertex -47.2687 2.06801 3.8147e-07
      vertex -39.65 11.65 3.8147e-07
      vertex -47.2651 2.05817 3.8147e-07
    endloop
  endfacet
  facet normal 0 0 -1
    outer loop
      vertex -47.4995 2.71329 3.8147e-07
      vertex -39.65 11.65 3.8147e-07
      vertex -47.2687 2.06801 3.8147e-07
    endloop
  endfacet
  facet normal 0 0 -1
    outer loop
      vertex -47.7926 3.33283 3.8147e-07
      vertex -39.65 11.65 3.8147e-07
      vertex -47.4995 2.71329 3.8147e-07
    endloop
  endfacet
  facet normal 0 0 -1
    outer loop
      vertex -47.797 3.34228 3.8147e-07
      vertex -39.65 11.65 3.8147e-07
      vertex -47.7926 3.33283 3.8147e-07
    endloop
  endfacet
  facet normal 0 0 -1
    outer loop
      vertex -47.8024 3.35125 3.8147e-07
      vertex -39.65 11.65 3.8147e-07
      vertex -47.797 3.34228 3.8147e-07
    endloop
  endfacet
  facet normal 0 0 -1
    outer loop
      vertex -48.1547 3.93908 3.8147e-07
      vertex -39.65 11.65 3.8147e-07
      vertex -47.8024 3.35125 3.8147e-07
    endloop
  endfacet
  facet normal 0 0 -1
    outer loop
      vertex -48.161 3.94748 3.8147e-07
      vertex -39.65 11.65 3.8147e-07
      vertex -48.1547 3.93908 3.8147e-07
    endloop
  endfacet
  facet normal 0 0 -1
    outer loop
      vertex -48.5692 4.49795 3.8147e-07
      vertex -39.65 11.65 3.8147e-07
      vertex -48.161 3.94748 3.8147e-07
    endloop
  endfacet
  facet normal 0 0 -1
    outer loop
      vertex -49.0295 5.00575 3.8147e-07
      vertex -39.65 11.65 3.8147e-07
      vertex -48.5692 4.49795 3.8147e-07
    endloop
  endfacet
  facet normal 0 0 -1
    outer loop
      vertex -49.0365 5.0135 3.8147e-07
      vertex -39.65 11.65 3.8147e-07
      vertex -49.0295 5.00575 3.8147e-07
    endloop
  endfacet
  facet normal 0 0 -1
    outer loop
      vertex -49.5443 5.47375 3.8147e-07
      vertex -39.65 11.65 3.8147e-07
      vertex -49.0365 5.0135 3.8147e-07
    endloop
  endfacet
  facet normal 0 0 -1
    outer loop
      vertex -49.552 5.48077 3.8147e-07
      vertex -39.65 11.65 3.8147e-07
      vertex -49.5443 5.47375 3.8147e-07
    endloop
  endfacet
  facet normal 0 0 -1
    outer loop
      vertex -49.5604 5.487 3.8147e-07
      vertex -39.65 11.65 3.8147e-07
      vertex -49.552 5.48077 3.8147e-07
    endloop
  endfacet
  facet normal 0 0 -1
    outer loop
      vertex -50.1109 5.89526 3.8147e-07
      vertex -39.65 11.65 3.8147e-07
      vertex -49.5604 5.487 3.8147e-07
    endloop
  endfacet
  facet normal 0 0 -1
    outer loop
      vertex -50.6987 6.24759 3.8147e-07
      vertex -39.65 11.65 3.8147e-07
      vertex -50.1109 5.89526 3.8147e-07
    endloop
  endfacet
  facet normal 0 0 -1
    outer loop
      vertex -50.7077 6.25297 3.8147e-07
      vertex -39.65 11.65 3.8147e-07
      vertex -50.6987 6.24759 3.8147e-07
    endloop
  endfacet
  facet normal 0 0 -1
    outer loop
      vertex -51.3273 6.54599 3.8147e-07
      vertex -39.65 11.65 3.8147e-07
      vertex -50.7077 6.25297 3.8147e-07
    endloop
  endfacet
  facet normal 0 0 -1
    outer loop
      vertex -51.3367 6.55046 3.8147e-07
      vertex -39.65 11.65 3.8147e-07
      vertex -51.3273 6.54599 3.8147e-07
    endloop
  endfacet
  facet normal 0 0 -1
    outer loop
      vertex -51.3466 6.55398 3.8147e-07
      vertex -39.65 11.65 3.8147e-07
      vertex -51.3367 6.55046 3.8147e-07
    endloop
  endfacet
  facet normal 0 0 -1
    outer loop
      vertex -51.9918 6.78486 3.8147e-07
      vertex -39.65 11.65 3.8147e-07
      vertex -51.3466 6.55398 3.8147e-07
    endloop
  endfacet
  facet normal 0 0 -1
    outer loop
      vertex -52.6566 6.95139 3.8147e-07
      vertex -39.65 11.65 3.8147e-07
      vertex -51.9918 6.78486 3.8147e-07
    endloop
  endfacet
  facet normal 0 0 -1
    outer loop
      vertex -52.6668 6.95393 3.8147e-07
      vertex -39.65 11.65 3.8147e-07
      vertex -52.6566 6.95139 3.8147e-07
    endloop
  endfacet
  facet normal 0 0 -1
    outer loop
      vertex -61.65 14.65 3.8147e-07
      vertex -52.6668 6.95393 3.8147e-07
      vertex -52.6771 6.95546 3.8147e-07
    endloop
  endfacet
  facet normal 0 0 -1
    outer loop
      vertex -61.65 14.65 3.8147e-07
      vertex -52.6771 6.95546 3.8147e-07
      vertex -53.355 7.05602 3.8147e-07
    endloop
  endfacet
  facet normal 0 0 -1
    outer loop
      vertex -61.65 14.65 3.8147e-07
      vertex -53.355 7.05602 3.8147e-07
      vertex -53.3655 7.05654 3.8147e-07
    endloop
  endfacet
  facet normal 0 0 -1
    outer loop
      vertex -61.65 14.65 3.8147e-07
      vertex -53.3655 7.05654 3.8147e-07
      vertex -54.05 7.09016 3.8147e-07
    endloop
  endfacet
  facet normal 0 0 -1
    outer loop
      vertex -61.65 14.65 3.8147e-07
      vertex -54.05 7.09016 3.8147e-07
      vertex -54.7345 7.05654 3.8147e-07
    endloop
  endfacet
  facet normal 0 0 -1
    outer loop
      vertex -61.65 14.65 3.8147e-07
      vertex -54.7345 7.05654 3.8147e-07
      vertex -54.745 7.05602 3.8147e-07
    endloop
  endfacet
  facet normal 0 0 -1
    outer loop
      vertex -61.65 14.65 3.8147e-07
      vertex -54.745 7.05602 3.8147e-07
      vertex -55.4229 6.95546 3.8147e-07
    endloop
  endfacet
  facet normal 0 0 -1
    outer loop
      vertex -61.65 14.65 3.8147e-07
      vertex -55.4229 6.95546 3.8147e-07
      vertex -55.4332 6.95393 3.8147e-07
    endloop
  endfacet
  facet normal 0 0 -1
    outer loop
      vertex -61.65 14.65 3.8147e-07
      vertex -55.4332 6.95393 3.8147e-07
      vertex -56.098 6.7874 3.8147e-07
    endloop
  endfacet
  facet normal 0 0 -1
    outer loop
      vertex -61.65 14.65 3.8147e-07
      vertex -56.098 6.7874 3.8147e-07
      vertex -56.1082 6.78486 3.8147e-07
    endloop
  endfacet
  facet normal 0 0 -1
    outer loop
      vertex -61.65 14.65 3.8147e-07
      vertex -56.118 6.78134 3.8147e-07
      vertex -56.7633 6.55046 3.8147e-07
    endloop
  endfacet
  facet normal 0 0 -1
    outer loop
      vertex -61.65 14.65 3.8147e-07
      vertex -57.3828 6.25744 3.8147e-07
      vertex -57.3923 6.25297 3.8147e-07
    endloop
  endfacet
  facet normal 0 0 -1
    outer loop
      vertex -63.65 12.65 3.8147e-07
      vertex -57.4012 6.24759 3.8147e-07
      vertex -57.9891 5.89526 3.8147e-07
    endloop
  endfacet
  facet normal 0 0 -1
    outer loop
      vertex -63.65 12.65 3.8147e-07
      vertex -58.5396 5.487 3.8147e-07
      vertex -58.548 5.48077 3.8147e-07
    endloop
  endfacet
  facet normal 0 0 -1
    outer loop
      vertex -63.65 12.65 3.8147e-07
      vertex -59.0705 5.00575 3.8147e-07
      vertex -59.5308 4.49795 3.8147e-07
    endloop
  endfacet
  facet normal 0 0 -1
    outer loop
      vertex -63.65 12.65 3.8147e-07
      vertex -59.9506 3.93011 3.8147e-07
      vertex -60.303 3.34228 3.8147e-07
    endloop
  endfacet
  facet normal 0 0 -1
    outer loop
      vertex -63.65 12.65 3.8147e-07
      vertex -60.3074 3.33283 3.8147e-07
      vertex -60.6005 2.71329 3.8147e-07
    endloop
  endfacet
  facet normal 0 0 -1
    outer loop
      vertex -63.65 12.65 3.8147e-07
      vertex -61.0014 1.39337 3.8147e-07
      vertex -61.0039 1.38322 3.8147e-07
    endloop
  endfacet
  facet normal 0 0 -1
    outer loop
      vertex -63.65 12.65 3.8147e-07
      vertex -61.1396 0.0104447 3.8147e-07
      vertex -61.1402 0 3.8147e-07
    endloop
  endfacet
  facet normal 0 0 -1
    outer loop
      vertex -38.85 11.65 3.8147e-07
      vertex -61.65 14.65 3.8147e-07
      vertex 22.05 14.65 3.8147e-07
    endloop
  endfacet
  facet normal 0 0 -1
    outer loop
      vertex -52.6668 6.95393 3.8147e-07
      vertex -61.65 14.65 3.8147e-07
      vertex -39.65 11.65 3.8147e-07
    endloop
  endfacet
  facet normal 0 0 -1
    outer loop
      vertex -56.118 6.78134 3.8147e-07
      vertex -61.65 14.65 3.8147e-07
      vertex -56.1082 6.78486 3.8147e-07
    endloop
  endfacet
  facet normal 0 0 -1
    outer loop
      vertex -57.3828 6.25744 3.8147e-07
      vertex -61.65 14.65 3.8147e-07
      vertex -56.7633 6.55046 3.8147e-07
    endloop
  endfacet
  facet normal 0 0 -1
    outer loop
      vertex -57.4012 6.24759 3.8147e-07
      vertex -63.65 12.65 3.8147e-07
      vertex -57.3923 6.25297 3.8147e-07
    endloop
  endfacet
  facet normal 0 0 -1
    outer loop
      vertex -58.5396 5.487 3.8147e-07
      vertex -63.65 12.65 3.8147e-07
      vertex -57.9891 5.89526 3.8147e-07
    endloop
  endfacet
  facet normal 0 0 -1
    outer loop
      vertex -63.65 12.65 3.8147e-07
      vertex -58.548 5.48077 3.8147e-07
      vertex -59.0558 5.02052 3.8147e-07
    endloop
  endfacet
  facet normal 0 0 -1
    outer loop
      vertex -63.65 12.65 3.8147e-07
      vertex -59.0558 5.02052 3.8147e-07
      vertex -59.0635 5.0135 3.8147e-07
    endloop
  endfacet
  facet normal 0 0 -1
    outer loop
      vertex -59.0705 5.00575 3.8147e-07
      vertex -63.65 12.65 3.8147e-07
      vertex -59.0635 5.0135 3.8147e-07
    endloop
  endfacet
  facet normal 0 0 -1
    outer loop
      vertex -63.65 12.65 3.8147e-07
      vertex -59.5308 4.49795 3.8147e-07
      vertex -59.939 3.94748 3.8147e-07
    endloop
  endfacet
  facet normal 0 0 -1
    outer loop
      vertex -63.65 12.65 3.8147e-07
      vertex -59.939 3.94748 3.8147e-07
      vertex -59.9453 3.93908 3.8147e-07
    endloop
  endfacet
  facet normal 0 0 -1
    outer loop
      vertex -59.9506 3.93011 3.8147e-07
      vertex -63.65 12.65 3.8147e-07
      vertex -59.9453 3.93908 3.8147e-07
    endloop
  endfacet
  facet normal 0 0 -1
    outer loop
      vertex -60.3074 3.33283 3.8147e-07
      vertex -63.65 12.65 3.8147e-07
      vertex -60.303 3.34228 3.8147e-07
    endloop
  endfacet
  facet normal 0 0 -1
    outer loop
      vertex -63.65 12.65 3.8147e-07
      vertex -60.6005 2.71329 3.8147e-07
      vertex -60.8313 2.06801 3.8147e-07
    endloop
  endfacet
  facet normal 0 0 -1
    outer loop
      vertex -63.65 12.65 3.8147e-07
      vertex -60.8313 2.06801 3.8147e-07
      vertex -60.8349 2.05817 3.8147e-07
    endloop
  endfacet
  facet normal 0 0 -1
    outer loop
      vertex -61.0014 1.39337 3.8147e-07
      vertex -63.65 12.65 3.8147e-07
      vertex -60.8349 2.05817 3.8147e-07
    endloop
  endfacet
  facet normal 0 0 -1
    outer loop
      vertex -63.65 12.65 3.8147e-07
      vertex -61.0039 1.38322 3.8147e-07
      vertex -61.1045 0.705301 3.8147e-07
    endloop
  endfacet
  facet normal 0 0 -1
    outer loop
      vertex -63.65 12.65 3.8147e-07
      vertex -61.1045 0.705301 3.8147e-07
      vertex -61.106 0.694957 3.8147e-07
    endloop
  endfacet
  facet normal 0 0 -1
    outer loop
      vertex -61.1396 0.0104447 3.8147e-07
      vertex -63.65 12.65 3.8147e-07
      vertex -61.106 0.694957 3.8147e-07
    endloop
  endfacet
  facet normal -0 0 -1
    outer loop
      vertex -61.1396 -0.0104447 3.8147e-07
      vertex -63.65 -12.65 3.8147e-07
      vertex -61.1402 0 3.8147e-07
    endloop
  endfacet
  facet normal 0 0 -1
    outer loop
      vertex -63.65 -12.65 3.8147e-07
      vertex -61.65 -14.65 3.8147e-07
      vertex -61.846 -14.6404 3.8147e-07
    endloop
  endfacet
  facet normal 0 0 -1
    outer loop
      vertex -63.65 12.65 3.8147e-07
      vertex -61.1402 0 3.8147e-07
      vertex -63.65 -12.65 3.8147e-07
    endloop
  endfacet
  facet normal 0 0 -1
    outer loop
      vertex -63.65 -12.65 3.8147e-07
      vertex -61.846 -14.6404 3.8147e-07
      vertex -62.0402 -14.6116 3.8147e-07
    endloop
  endfacet
  facet normal 0 0 -1
    outer loop
      vertex -57.3923 6.25297 3.8147e-07
      vertex -63.65 12.65 3.8147e-07
      vertex -61.65 14.65 3.8147e-07
    endloop
  endfacet
  facet normal 0 0 -1
    outer loop
      vertex -63.65 -12.65 3.8147e-07
      vertex -62.0402 -14.6116 3.8147e-07
      vertex -62.2306 -14.5639 3.8147e-07
    endloop
  endfacet
  facet normal 0 0 -1
    outer loop
      vertex -61.65 14.65 3.8147e-07
      vertex -63.65 12.65 3.8147e-07
      vertex -61.846 14.6404 3.8147e-07
    endloop
  endfacet
  facet normal 0 0 -1
    outer loop
      vertex -63.65 -12.65 3.8147e-07
      vertex -62.2306 -14.5639 3.8147e-07
      vertex -62.4154 -14.4978 3.8147e-07
    endloop
  endfacet
  facet normal 0 0 -1
    outer loop
      vertex -61.846 14.6404 3.8147e-07
      vertex -63.65 12.65 3.8147e-07
      vertex -62.0402 14.6116 3.8147e-07
    endloop
  endfacet
  facet normal 0 0 -1
    outer loop
      vertex -63.65 -12.65 3.8147e-07
      vertex -62.4154 -14.4978 3.8147e-07
      vertex -62.5928 -14.4138 3.8147e-07
    endloop
  endfacet
  facet normal 0 0 -1
    outer loop
      vertex -62.0402 14.6116 3.8147e-07
      vertex -63.65 12.65 3.8147e-07
      vertex -62.2306 14.5639 3.8147e-07
    endloop
  endfacet
  facet normal 0 0 -1
    outer loop
      vertex -63.65 -12.65 3.8147e-07
      vertex -62.5928 -14.4138 3.8147e-07
      vertex -62.7611 -14.3129 3.8147e-07
    endloop
  endfacet
  facet normal 0 0 -1
    outer loop
      vertex -62.2306 14.5639 3.8147e-07
      vertex -63.65 12.65 3.8147e-07
      vertex -62.4154 14.4978 3.8147e-07
    endloop
  endfacet
  facet normal 0 0 -1
    outer loop
      vertex -63.65 -12.65 3.8147e-07
      vertex -62.7611 -14.3129 3.8147e-07
      vertex -62.9188 -14.196 3.8147e-07
    endloop
  endfacet
  facet normal 0 0 -1
    outer loop
      vertex -62.4154 14.4978 3.8147e-07
      vertex -63.65 12.65 3.8147e-07
      vertex -62.5928 14.4138 3.8147e-07
    endloop
  endfacet
  facet normal 0 0 -1
    outer loop
      vertex -63.65 -12.65 3.8147e-07
      vertex -62.9188 -14.196 3.8147e-07
      vertex -63.0642 -14.0642 3.8147e-07
    endloop
  endfacet
  facet normal 0 0 -1
    outer loop
      vertex -62.5928 14.4138 3.8147e-07
      vertex -63.65 12.65 3.8147e-07
      vertex -62.7611 14.3129 3.8147e-07
    endloop
  endfacet
  facet normal 0 0 -1
    outer loop
      vertex -63.65 -12.65 3.8147e-07
      vertex -63.0642 -14.0642 3.8147e-07
      vertex -63.196 -13.9188 3.8147e-07
    endloop
  endfacet
  facet normal 0 0 -1
    outer loop
      vertex -62.7611 14.3129 3.8147e-07
      vertex -63.65 12.65 3.8147e-07
      vertex -62.9188 14.196 3.8147e-07
    endloop
  endfacet
  facet normal 0 0 -1
    outer loop
      vertex -63.65 -12.65 3.8147e-07
      vertex -63.196 -13.9188 3.8147e-07
      vertex -63.3129 -13.7611 3.8147e-07
    endloop
  endfacet
  facet normal 0 0 -1
    outer loop
      vertex -62.9188 14.196 3.8147e-07
      vertex -63.65 12.65 3.8147e-07
      vertex -63.0642 14.0642 3.8147e-07
    endloop
  endfacet
  facet normal 0 0 -1
    outer loop
      vertex -63.65 -12.65 3.8147e-07
      vertex -63.3129 -13.7611 3.8147e-07
      vertex -63.4138 -13.5928 3.8147e-07
    endloop
  endfacet
  facet normal 0 0 -1
    outer loop
      vertex -63.0642 14.0642 3.8147e-07
      vertex -63.65 12.65 3.8147e-07
      vertex -63.196 13.9188 3.8147e-07
    endloop
  endfacet
  facet normal 0 0 -1
    outer loop
      vertex -63.65 -12.65 3.8147e-07
      vertex -63.4138 -13.5928 3.8147e-07
      vertex -63.4978 -13.4154 3.8147e-07
    endloop
  endfacet
  facet normal 0 0 -1
    outer loop
      vertex -63.196 13.9188 3.8147e-07
      vertex -63.65 12.65 3.8147e-07
      vertex -63.3129 13.7611 3.8147e-07
    endloop
  endfacet
  facet normal 0 0 -1
    outer loop
      vertex -63.65 -12.65 3.8147e-07
      vertex -63.4978 -13.4154 3.8147e-07
      vertex -63.5639 -13.2306 3.8147e-07
    endloop
  endfacet
  facet normal 0 0 -1
    outer loop
      vertex -63.3129 13.7611 3.8147e-07
      vertex -63.65 12.65 3.8147e-07
      vertex -63.4138 13.5928 3.8147e-07
    endloop
  endfacet
  facet normal 0 0 -1
    outer loop
      vertex -63.65 -12.65 3.8147e-07
      vertex -63.5639 -13.2306 3.8147e-07
      vertex -63.6116 -13.0402 3.8147e-07
    endloop
  endfacet
  facet normal 0 0 -1
    outer loop
      vertex -63.4138 13.5928 3.8147e-07
      vertex -63.65 12.65 3.8147e-07
      vertex -63.4978 13.4154 3.8147e-07
    endloop
  endfacet
  facet normal 0 0 -1
    outer loop
      vertex -63.65 -12.65 3.8147e-07
      vertex -63.6116 -13.0402 3.8147e-07
      vertex -63.6404 -12.846 3.8147e-07
    endloop
  endfacet
  facet normal 0 0 -1
    outer loop
      vertex -63.4978 13.4154 3.8147e-07
      vertex -63.65 12.65 3.8147e-07
      vertex -63.5639 13.2306 3.8147e-07
    endloop
  endfacet
  facet normal 0 0 -1
    outer loop
      vertex -63.5639 13.2306 3.8147e-07
      vertex -63.65 12.65 3.8147e-07
      vertex -63.6116 13.0402 3.8147e-07
    endloop
  endfacet
  facet normal 0 0 -1
    outer loop
      vertex -63.6116 13.0402 3.8147e-07
      vertex -63.65 12.65 3.8147e-07
      vertex -63.6404 12.846 3.8147e-07
    endloop
  endfacet
  facet normal 0.80335 -0.595508 0
    outer loop
      vertex 23.596 -13.9188 2
      vertex 23.7129 -13.7611 3.8147e-07
      vertex 23.7129 -13.7611 2
    endloop
  endfacet
  facet normal 0.80335 -0.595508 0
    outer loop
      vertex 23.7129 -13.7611 3.8147e-07
      vertex 23.596 -13.9188 2
      vertex 23.596 -13.9188 3.8147e-07
    endloop
  endfacet
  facet normal 0.740908 0.671607 0
    outer loop
      vertex 23.596 13.9188 2
      vertex 23.4642 14.0642 3.8147e-07
      vertex 23.4642 14.0642 2
    endloop
  endfacet
  facet normal 0.740908 0.671607 0
    outer loop
      vertex 23.4642 14.0642 3.8147e-07
      vertex 23.596 13.9188 2
      vertex 23.596 13.9188 3.8147e-07
    endloop
  endfacet
  facet normal -0.998803 -0.0489209 0
    outer loop
      vertex -63.6404 -12.846 3.8147e-07
      vertex -63.65 -12.65 2
      vertex -63.65 -12.65 3.8147e-07
    endloop
  endfacet
  facet normal -0.998803 -0.0489209 0
    outer loop
      vertex -63.65 -12.65 2
      vertex -63.6404 -12.846 3.8147e-07
      vertex -63.6404 -12.846 2
    endloop
  endfacet
  facet normal -0.94158 -0.336788 0
    outer loop
      vertex -63.4978 -13.4154 3.8147e-07
      vertex -63.5639 -13.2306 2
      vertex -63.5639 -13.2306 3.8147e-07
    endloop
  endfacet
  facet normal -0.94158 -0.336788 0
    outer loop
      vertex -63.5639 -13.2306 2
      vertex -63.4978 -13.4154 3.8147e-07
      vertex -63.4978 -13.4154 2
    endloop
  endfacet
  facet normal 0 -1 0
    outer loop
      vertex -61.65 -14.65 3.8147e-07
      vertex 22.05 -14.65 2
      vertex -61.65 -14.65 2
    endloop
  endfacet
  facet normal 0 -1 -0
    outer loop
      vertex 22.05 -14.65 2
      vertex -61.65 -14.65 3.8147e-07
      vertex 22.05 -14.65 3.8147e-07
    endloop
  endfacet
  facet normal -0.595508 0.80335 0
    outer loop
      vertex -62.7611 14.3129 3.8147e-07
      vertex -62.9188 14.196 2
      vertex -62.7611 14.3129 2
    endloop
  endfacet
  facet normal -0.595508 0.80335 0
    outer loop
      vertex -62.9188 14.196 2
      vertex -62.7611 14.3129 3.8147e-07
      vertex -62.9188 14.196 3.8147e-07
    endloop
  endfacet
  facet normal 0.0489209 -0.998803 0
    outer loop
      vertex 22.05 -14.65 3.8147e-07
      vertex 22.246 -14.6404 2
      vertex 22.05 -14.65 2
    endloop
  endfacet
  facet normal 0.0489209 -0.998803 0
    outer loop
      vertex 22.246 -14.6404 2
      vertex 22.05 -14.65 3.8147e-07
      vertex 22.246 -14.6404 3.8147e-07
    endloop
  endfacet
  facet normal -0.989182 -0.146696 0
    outer loop
      vertex -63.6116 -13.0402 3.8147e-07
      vertex -63.6404 -12.846 2
      vertex -63.6404 -12.846 3.8147e-07
    endloop
  endfacet
  facet normal -0.989182 -0.146696 0
    outer loop
      vertex -63.6404 -12.846 2
      vertex -63.6116 -13.0402 3.8147e-07
      vertex -63.6116 -13.0402 2
    endloop
  endfacet
  facet normal -0.857673 -0.514196 0
    outer loop
      vertex -63.3129 -13.7611 3.8147e-07
      vertex -63.4138 -13.5928 2
      vertex -63.4138 -13.5928 3.8147e-07
    endloop
  endfacet
  facet normal -0.857673 -0.514196 0
    outer loop
      vertex -63.4138 -13.5928 2
      vertex -63.3129 -13.7611 3.8147e-07
      vertex -63.3129 -13.7611 2
    endloop
  endfacet
  facet normal -0.998803 0.0489209 0
    outer loop
      vertex -63.65 12.65 3.8147e-07
      vertex -63.6404 12.846 2
      vertex -63.6404 12.846 3.8147e-07
    endloop
  endfacet
  facet normal -0.998803 0.0489209 0
    outer loop
      vertex -63.6404 12.846 2
      vertex -63.65 12.65 3.8147e-07
      vertex -63.65 12.65 2
    endloop
  endfacet
  facet normal -0.243015 -0.970023 0
    outer loop
      vertex -62.2306 -14.5639 3.8147e-07
      vertex -62.0402 -14.6116 2
      vertex -62.2306 -14.5639 2
    endloop
  endfacet
  facet normal -0.243015 -0.970023 -0
    outer loop
      vertex -62.0402 -14.6116 2
      vertex -62.2306 -14.5639 3.8147e-07
      vertex -62.0402 -14.6116 3.8147e-07
    endloop
  endfacet
  facet normal -0.9038 -0.427955 0
    outer loop
      vertex -63.4138 -13.5928 3.8147e-07
      vertex -63.4978 -13.4154 2
      vertex -63.4978 -13.4154 3.8147e-07
    endloop
  endfacet
  facet normal -0.9038 -0.427955 0
    outer loop
      vertex -63.4978 -13.4154 2
      vertex -63.4138 -13.5928 3.8147e-07
      vertex -63.4138 -13.5928 2
    endloop
  endfacet
  facet normal 0.9038 0.427955 0
    outer loop
      vertex 23.8978 13.4154 2
      vertex 23.8138 13.5928 3.8147e-07
      vertex 23.8138 13.5928 2
    endloop
  endfacet
  facet normal 0.9038 0.427955 0
    outer loop
      vertex 23.8138 13.5928 3.8147e-07
      vertex 23.8978 13.4154 2
      vertex 23.8978 13.4154 3.8147e-07
    endloop
  endfacet
  facet normal -1 0 0
    outer loop
      vertex -63.65 -12.65 3.8147e-07
      vertex -63.65 12.65 2
      vertex -63.65 12.65 3.8147e-07
    endloop
  endfacet
  facet normal -1 -0 0
    outer loop
      vertex -63.65 12.65 2
      vertex -63.65 -12.65 3.8147e-07
      vertex -63.65 -12.65 2
    endloop
  endfacet
  facet normal 0.336788 0.94158 -0
    outer loop
      vertex 22.8154 14.4978 3.8147e-07
      vertex 22.6306 14.5639 2
      vertex 22.8154 14.4978 2
    endloop
  endfacet
  facet normal 0.336788 0.94158 0
    outer loop
      vertex 22.6306 14.5639 2
      vertex 22.8154 14.4978 3.8147e-07
      vertex 22.6306 14.5639 3.8147e-07
    endloop
  endfacet
  facet normal -0.336788 -0.94158 0
    outer loop
      vertex -62.4154 -14.4978 3.8147e-07
      vertex -62.2306 -14.5639 2
      vertex -62.4154 -14.4978 2
    endloop
  endfacet
  facet normal -0.336788 -0.94158 -0
    outer loop
      vertex -62.2306 -14.5639 2
      vertex -62.4154 -14.4978 3.8147e-07
      vertex -62.2306 -14.5639 3.8147e-07
    endloop
  endfacet
  facet normal -0.0489209 0.998803 0
    outer loop
      vertex -61.65 14.65 3.8147e-07
      vertex -61.846 14.6404 2
      vertex -61.65 14.65 2
    endloop
  endfacet
  facet normal -0.0489209 0.998803 0
    outer loop
      vertex -61.846 14.6404 2
      vertex -61.65 14.65 3.8147e-07
      vertex -61.846 14.6404 3.8147e-07
    endloop
  endfacet
  facet normal -0.970023 0.243015 0
    outer loop
      vertex -63.6116 13.0402 3.8147e-07
      vertex -63.5639 13.2306 2
      vertex -63.5639 13.2306 3.8147e-07
    endloop
  endfacet
  facet normal -0.970023 0.243015 0
    outer loop
      vertex -63.5639 13.2306 2
      vertex -63.6116 13.0402 3.8147e-07
      vertex -63.6116 13.0402 2
    endloop
  endfacet
  facet normal 0.94158 0.336788 0
    outer loop
      vertex 23.9639 13.2306 2
      vertex 23.8978 13.4154 3.8147e-07
      vertex 23.8978 13.4154 2
    endloop
  endfacet
  facet normal 0.94158 0.336788 0
    outer loop
      vertex 23.8978 13.4154 3.8147e-07
      vertex 23.9639 13.2306 2
      vertex 23.9639 13.2306 3.8147e-07
    endloop
  endfacet
  facet normal -0.80335 0.595508 0
    outer loop
      vertex -63.3129 13.7611 3.8147e-07
      vertex -63.196 13.9188 2
      vertex -63.196 13.9188 3.8147e-07
    endloop
  endfacet
  facet normal -0.80335 0.595508 0
    outer loop
      vertex -63.196 13.9188 2
      vertex -63.3129 13.7611 3.8147e-07
      vertex -63.3129 13.7611 2
    endloop
  endfacet
  facet normal -0.970023 -0.243015 0
    outer loop
      vertex -63.5639 -13.2306 3.8147e-07
      vertex -63.6116 -13.0402 2
      vertex -63.6116 -13.0402 3.8147e-07
    endloop
  endfacet
  facet normal -0.970023 -0.243015 0
    outer loop
      vertex -63.6116 -13.0402 2
      vertex -63.5639 -13.2306 3.8147e-07
      vertex -63.5639 -13.2306 2
    endloop
  endfacet
  facet normal 0.989182 0.146696 0
    outer loop
      vertex 24.0404 12.846 2
      vertex 24.0116 13.0402 3.8147e-07
      vertex 24.0116 13.0402 2
    endloop
  endfacet
  facet normal 0.989182 0.146696 0
    outer loop
      vertex 24.0116 13.0402 3.8147e-07
      vertex 24.0404 12.846 2
      vertex 24.0404 12.846 3.8147e-07
    endloop
  endfacet
  facet normal 0 0 1
    outer loop
      vertex -61.903 -3.25281 2
      vertex -61.75 -7.5 2
      vertex -61.75 -3.57625 2
    endloop
  endfacet
  facet normal 0 0 1
    outer loop
      vertex -62.184 -2.46742 2
      vertex -61.75 -7.5 2
      vertex -61.903 -3.25281 2
    endloop
  endfacet
  facet normal 0 0 1
    outer loop
      vertex -61.75 -7.5 2
      vertex -63.65 -12.65 2
      vertex -61.846 -14.6404 2
    endloop
  endfacet
  facet normal 0 0 1
    outer loop
      vertex -61.75 -7.5 2
      vertex -62.184 -2.46742 2
      vertex -63.65 -12.65 2
    endloop
  endfacet
  facet normal 0 0 1
    outer loop
      vertex -61.846 -14.6404 2
      vertex -63.65 -12.65 2
      vertex -62.0402 -14.6116 2
    endloop
  endfacet
  facet normal 0 0 1
    outer loop
      vertex -63.65 -12.65 2
      vertex -62.184 -2.46742 2
      vertex -62.3867 -1.65827 2
    endloop
  endfacet
  facet normal 0 0 1
    outer loop
      vertex -62.0402 -14.6116 2
      vertex -63.65 -12.65 2
      vertex -62.2306 -14.5639 2
    endloop
  endfacet
  facet normal 0 0 1
    outer loop
      vertex -63.65 -12.65 2
      vertex -62.3867 -1.65827 2
      vertex -62.5091 -0.833145 2
    endloop
  endfacet
  facet normal 0 0 1
    outer loop
      vertex -63.65 -12.65 2
      vertex -62.5091 -0.833145 2
      vertex -62.55 0 2
    endloop
  endfacet
  facet normal 0 0 1
    outer loop
      vertex -62.2306 -14.5639 2
      vertex -63.65 -12.65 2
      vertex -62.4154 -14.4978 2
    endloop
  endfacet
  facet normal 0 0 1
    outer loop
      vertex -62.5091 0.833145 2
      vertex -63.65 12.65 2
      vertex -62.55 0 2
    endloop
  endfacet
  facet normal 0 0 1
    outer loop
      vertex -63.65 12.65 2
      vertex -62.5928 14.4138 2
      vertex -62.7611 14.3129 2
    endloop
  endfacet
  facet normal 0 0 1
    outer loop
      vertex -63.65 -12.65 2
      vertex -62.55 0 2
      vertex -63.65 12.65 2
    endloop
  endfacet
  facet normal 0 0 1
    outer loop
      vertex -63.65 12.65 2
      vertex -62.7611 14.3129 2
      vertex -62.9188 14.196 2
    endloop
  endfacet
  facet normal 0 0 1
    outer loop
      vertex -62.4154 -14.4978 2
      vertex -63.65 -12.65 2
      vertex -62.5928 -14.4138 2
    endloop
  endfacet
  facet normal 0 0 1
    outer loop
      vertex -63.65 12.65 2
      vertex -62.9188 14.196 2
      vertex -63.0642 14.0642 2
    endloop
  endfacet
  facet normal 0 0 1
    outer loop
      vertex -62.5928 -14.4138 2
      vertex -63.65 -12.65 2
      vertex -62.7611 -14.3129 2
    endloop
  endfacet
  facet normal 0 0 1
    outer loop
      vertex -63.65 12.65 2
      vertex -63.0642 14.0642 2
      vertex -63.196 13.9188 2
    endloop
  endfacet
  facet normal 0 0 1
    outer loop
      vertex -62.7611 -14.3129 2
      vertex -63.65 -12.65 2
      vertex -62.9188 -14.196 2
    endloop
  endfacet
  facet normal 0 0 1
    outer loop
      vertex -63.65 12.65 2
      vertex -63.196 13.9188 2
      vertex -63.3129 13.7611 2
    endloop
  endfacet
  facet normal 0 0 1
    outer loop
      vertex -62.9188 -14.196 2
      vertex -63.65 -12.65 2
      vertex -63.0642 -14.0642 2
    endloop
  endfacet
  facet normal 0 0 1
    outer loop
      vertex -63.65 12.65 2
      vertex -63.3129 13.7611 2
      vertex -63.4138 13.5928 2
    endloop
  endfacet
  facet normal 0 0 1
    outer loop
      vertex -63.0642 -14.0642 2
      vertex -63.65 -12.65 2
      vertex -63.196 -13.9188 2
    endloop
  endfacet
  facet normal 0 0 1
    outer loop
      vertex -63.65 12.65 2
      vertex -63.4138 13.5928 2
      vertex -63.4978 13.4154 2
    endloop
  endfacet
  facet normal 0 0 1
    outer loop
      vertex -63.196 -13.9188 2
      vertex -63.65 -12.65 2
      vertex -63.3129 -13.7611 2
    endloop
  endfacet
  facet normal 0 0 1
    outer loop
      vertex -63.65 12.65 2
      vertex -63.4978 13.4154 2
      vertex -63.5639 13.2306 2
    endloop
  endfacet
  facet normal 0 0 1
    outer loop
      vertex -63.3129 -13.7611 2
      vertex -63.65 -12.65 2
      vertex -63.4138 -13.5928 2
    endloop
  endfacet
  facet normal 0 0 1
    outer loop
      vertex -63.65 12.65 2
      vertex -63.5639 13.2306 2
      vertex -63.6116 13.0402 2
    endloop
  endfacet
  facet normal 0 0 1
    outer loop
      vertex -63.4138 -13.5928 2
      vertex -63.65 -12.65 2
      vertex -63.4978 -13.4154 2
    endloop
  endfacet
  facet normal 0 0 1
    outer loop
      vertex -63.65 12.65 2
      vertex -63.6116 13.0402 2
      vertex -63.6404 12.846 2
    endloop
  endfacet
  facet normal 0 0 1
    outer loop
      vertex -63.4978 -13.4154 2
      vertex -63.65 -12.65 2
      vertex -63.5639 -13.2306 2
    endloop
  endfacet
  facet normal 0 0 1
    outer loop
      vertex -63.5639 -13.2306 2
      vertex -63.65 -12.65 2
      vertex -63.6116 -13.0402 2
    endloop
  endfacet
  facet normal 0 0 1
    outer loop
      vertex -63.6116 -13.0402 2
      vertex -63.65 -12.65 2
      vertex -63.6404 -12.846 2
    endloop
  endfacet
  facet normal 0 0 1
    outer loop
      vertex 16.15 11.55 2
      vertex -45.55 0 2
      vertex 16.15 -11.55 2
    endloop
  endfacet
  facet normal 0 0 1
    outer loop
      vertex 16.15 11.55 2
      vertex -45.5909 0.833145 2
      vertex -45.55 0 2
    endloop
  endfacet
  facet normal 0 0 1
    outer loop
      vertex 16.15 11.55 2
      vertex -45.7133 1.65827 2
      vertex -45.5909 0.833145 2
    endloop
  endfacet
  facet normal 0 0 1
    outer loop
      vertex 16.15 11.55 2
      vertex -45.916 2.46742 2
      vertex -45.7133 1.65827 2
    endloop
  endfacet
  facet normal 0 0 1
    outer loop
      vertex 16.15 11.55 2
      vertex -46.197 3.25281 2
      vertex -45.916 2.46742 2
    endloop
  endfacet
  facet normal 0 0 1
    outer loop
      vertex 16.15 11.55 2
      vertex -46.5537 4.00687 2
      vertex -46.197 3.25281 2
    endloop
  endfacet
  facet normal 0 0 1
    outer loop
      vertex 16.15 11.55 2
      vertex -46.9825 4.72235 2
      vertex -46.5537 4.00687 2
    endloop
  endfacet
  facet normal 0 0 1
    outer loop
      vertex 16.15 11.55 2
      vertex -47.4794 5.39234 2
      vertex -46.9825 4.72235 2
    endloop
  endfacet
  facet normal 0 0 1
    outer loop
      vertex 16.15 11.55 2
      vertex -48.0396 6.01041 2
      vertex -47.4794 5.39234 2
    endloop
  endfacet
  facet normal 0 0 1
    outer loop
      vertex 16.15 11.55 2
      vertex -48.6577 6.57059 2
      vertex -48.0396 6.01041 2
    endloop
  endfacet
  facet normal 0 0 1
    outer loop
      vertex 16.15 11.55 2
      vertex -49.3277 7.06749 2
      vertex -48.6577 6.57059 2
    endloop
  endfacet
  facet normal 0 0 1
    outer loop
      vertex 16.15 11.55 2
      vertex -50.0431 7.49633 2
      vertex -49.3277 7.06749 2
    endloop
  endfacet
  facet normal 0 0 1
    outer loop
      vertex 16.15 11.55 2
      vertex -50.7972 7.85298 2
      vertex -50.0431 7.49633 2
    endloop
  endfacet
  facet normal 0 0 1
    outer loop
      vertex 16.15 11.55 2
      vertex -51.5826 8.13399 2
      vertex -50.7972 7.85298 2
    endloop
  endfacet
  facet normal -0 0 1
    outer loop
      vertex -59.55 11.55 2
      vertex -51.5826 8.13399 2
      vertex 16.15 11.55 2
    endloop
  endfacet
  facet normal 0 0 1
    outer loop
      vertex -51.5826 8.13399 2
      vertex -59.55 11.55 2
      vertex -52.3917 8.33667 2
    endloop
  endfacet
  facet normal 0 0 1
    outer loop
      vertex -52.3917 8.33667 2
      vertex -59.55 11.55 2
      vertex -53.2169 8.45907 2
    endloop
  endfacet
  facet normal 0 0 1
    outer loop
      vertex -58.7723 7.06749 2
      vertex -59.54 7.5 2
      vertex -59.4423 6.57059 2
    endloop
  endfacet
  facet normal 0 0 1
    outer loop
      vertex -58.0569 7.49633 2
      vertex -59.54 7.5 2
      vertex -58.7723 7.06749 2
    endloop
  endfacet
  facet normal 0 0 1
    outer loop
      vertex -59.55 11.55 2
      vertex -58.0569 7.49633 2
      vertex -57.3028 7.85298 2
    endloop
  endfacet
  facet normal 0 0 1
    outer loop
      vertex -59.55 11.55 2
      vertex -57.3028 7.85298 2
      vertex -56.5174 8.13399 2
    endloop
  endfacet
  facet normal 0 0 1
    outer loop
      vertex -59.55 11.55 2
      vertex -56.5174 8.13399 2
      vertex -55.7083 8.33667 2
    endloop
  endfacet
  facet normal 0 0 1
    outer loop
      vertex -53.2169 8.45907 2
      vertex -59.55 11.55 2
      vertex -54.05 8.5 2
    endloop
  endfacet
  facet normal 0 0 1
    outer loop
      vertex -59.55 11.55 2
      vertex -54.8831 8.45907 2
      vertex -54.05 8.5 2
    endloop
  endfacet
  facet normal 0 0 1
    outer loop
      vertex -59.55 11.55 2
      vertex -55.7083 8.33667 2
      vertex -54.8831 8.45907 2
    endloop
  endfacet
  facet normal 0 0 1
    outer loop
      vertex -58.0569 7.49633 2
      vertex -59.55 11.55 2
      vertex -59.54 7.5 2
    endloop
  endfacet
  facet normal 0 0 1
    outer loop
      vertex -61.65 14.65 2
      vertex -63.65 12.65 2
      vertex -59.55 12.75 2
    endloop
  endfacet
  facet normal 0 0 1
    outer loop
      vertex -59.55 11.55 2
      vertex -61.75 7.5 2
      vertex -59.54 7.5 2
    endloop
  endfacet
  facet normal 0 0 1
    outer loop
      vertex -62.5928 14.4138 2
      vertex -61.65 14.65 2
      vertex -61.846 14.6404 2
    endloop
  endfacet
  facet normal 0 0 1
    outer loop
      vertex -59.55 12.75 2
      vertex -63.65 12.65 2
      vertex -59.55 11.55 2
    endloop
  endfacet
  facet normal 0 0 1
    outer loop
      vertex -59.55 11.55 2
      vertex -63.65 12.65 2
      vertex -61.75 7.5 2
    endloop
  endfacet
  facet normal 0 0 1
    outer loop
      vertex -62.5928 14.4138 2
      vertex -61.846 14.6404 2
      vertex -62.0402 14.6116 2
    endloop
  endfacet
  facet normal 0 0 1
    outer loop
      vertex -61.75 7.5 2
      vertex -61.903 3.25281 2
      vertex -61.75 3.57625 2
    endloop
  endfacet
  facet normal 0 0 1
    outer loop
      vertex -62.5928 14.4138 2
      vertex -62.0402 14.6116 2
      vertex -62.2306 14.5639 2
    endloop
  endfacet
  facet normal 0 0 1
    outer loop
      vertex -61.75 7.5 2
      vertex -62.184 2.46742 2
      vertex -61.903 3.25281 2
    endloop
  endfacet
  facet normal 0 0 1
    outer loop
      vertex -62.5928 14.4138 2
      vertex -62.2306 14.5639 2
      vertex -62.4154 14.4978 2
    endloop
  endfacet
  facet normal 0 0 1
    outer loop
      vertex -63.65 12.65 2
      vertex -62.184 2.46742 2
      vertex -61.75 7.5 2
    endloop
  endfacet
  facet normal 0 0 1
    outer loop
      vertex -62.184 2.46742 2
      vertex -63.65 12.65 2
      vertex -62.3867 1.65827 2
    endloop
  endfacet
  facet normal 0 0 1
    outer loop
      vertex -62.3867 1.65827 2
      vertex -63.65 12.65 2
      vertex -62.5091 0.833145 2
    endloop
  endfacet
  facet normal -0 0 1
    outer loop
      vertex -45.5909 -0.833145 2
      vertex 16.15 -11.55 2
      vertex -45.55 0 2
    endloop
  endfacet
  facet normal -0 0 1
    outer loop
      vertex -45.7133 -1.65827 2
      vertex 16.15 -11.55 2
      vertex -45.5909 -0.833145 2
    endloop
  endfacet
  facet normal -0 0 1
    outer loop
      vertex -45.916 -2.46742 2
      vertex 16.15 -11.55 2
      vertex -45.7133 -1.65827 2
    endloop
  endfacet
  facet normal -0 0 1
    outer loop
      vertex -46.197 -3.25281 2
      vertex 16.15 -11.55 2
      vertex -45.916 -2.46742 2
    endloop
  endfacet
  facet normal -0 0 1
    outer loop
      vertex -46.5537 -4.00687 2
      vertex 16.15 -11.55 2
      vertex -46.197 -3.25281 2
    endloop
  endfacet
  facet normal -0 0 1
    outer loop
      vertex -46.9825 -4.72235 2
      vertex 16.15 -11.55 2
      vertex -46.5537 -4.00687 2
    endloop
  endfacet
  facet normal -0 0 1
    outer loop
      vertex -47.4794 -5.39234 2
      vertex 16.15 -11.55 2
      vertex -46.9825 -4.72235 2
    endloop
  endfacet
  facet normal -0 0 1
    outer loop
      vertex -48.0396 -6.01041 2
      vertex 16.15 -11.55 2
      vertex -47.4794 -5.39234 2
    endloop
  endfacet
  facet normal -0 0 1
    outer loop
      vertex -48.6577 -6.57059 2
      vertex 16.15 -11.55 2
      vertex -48.0396 -6.01041 2
    endloop
  endfacet
  facet normal -0 0 1
    outer loop
      vertex -49.3277 -7.06749 2
      vertex 16.15 -11.55 2
      vertex -48.6577 -6.57059 2
    endloop
  endfacet
  facet normal -0 0 1
    outer loop
      vertex -50.0431 -7.49633 2
      vertex 16.15 -11.55 2
      vertex -49.3277 -7.06749 2
    endloop
  endfacet
  facet normal -0 0 1
    outer loop
      vertex -50.7972 -7.85298 2
      vertex 16.15 -11.55 2
      vertex -50.0431 -7.49633 2
    endloop
  endfacet
  facet normal -0 0 1
    outer loop
      vertex -51.5826 -8.13399 2
      vertex 16.15 -11.55 2
      vertex -50.7972 -7.85298 2
    endloop
  endfacet
  facet normal 0 0 1
    outer loop
      vertex -59.55 -11.55 2
      vertex -51.5826 -8.13399 2
      vertex -52.3917 -8.33667 2
    endloop
  endfacet
  facet normal 0 0 1
    outer loop
      vertex -59.55 -11.55 2
      vertex -52.3917 -8.33667 2
      vertex -53.2169 -8.45907 2
    endloop
  endfacet
  facet normal 0 0 1
    outer loop
      vertex -59.55 -11.55 2
      vertex -53.2169 -8.45907 2
      vertex -54.05 -8.5 2
    endloop
  endfacet
  facet normal 0 0 1
    outer loop
      vertex -59.54 -7.5 2
      vertex -59.4423 -6.57059 2
      vertex -59.54 -6.48208 2
    endloop
  endfacet
  facet normal 0 0 1
    outer loop
      vertex -59.54 -7.5 2
      vertex -58.7723 -7.06749 2
      vertex -59.4423 -6.57059 2
    endloop
  endfacet
  facet normal 0 0 1
    outer loop
      vertex -59.54 -7.5 2
      vertex -58.0569 -7.49633 2
      vertex -58.7723 -7.06749 2
    endloop
  endfacet
  facet normal 0 0 1
    outer loop
      vertex -59.55 -11.55 2
      vertex -58.0569 -7.49633 2
      vertex -59.54 -7.5 2
    endloop
  endfacet
  facet normal 0 0 1
    outer loop
      vertex -58.0569 -7.49633 2
      vertex -59.55 -11.55 2
      vertex -57.3028 -7.85298 2
    endloop
  endfacet
  facet normal 0 0 1
    outer loop
      vertex -57.3028 -7.85298 2
      vertex -59.55 -11.55 2
      vertex -56.5174 -8.13399 2
    endloop
  endfacet
  facet normal 0 0 1
    outer loop
      vertex -51.5826 -8.13399 2
      vertex -59.55 -11.55 2
      vertex 16.15 -11.55 2
    endloop
  endfacet
  facet normal 0 0 1
    outer loop
      vertex -54.8831 -8.45907 2
      vertex -59.55 -11.55 2
      vertex -54.05 -8.5 2
    endloop
  endfacet
  facet normal 0 0 1
    outer loop
      vertex -55.7083 -8.33667 2
      vertex -59.55 -11.55 2
      vertex -54.8831 -8.45907 2
    endloop
  endfacet
  facet normal 0 0 1
    outer loop
      vertex -56.5174 -8.13399 2
      vertex -59.55 -11.55 2
      vertex -55.7083 -8.33667 2
    endloop
  endfacet
  facet normal 0 0 1
    outer loop
      vertex -61.846 -14.6404 2
      vertex -59.55 -12.75 2
      vertex -59.55 -11.55 2
    endloop
  endfacet
  facet normal -0 0 1
    outer loop
      vertex -61.75 -7.5 2
      vertex -59.55 -11.55 2
      vertex -59.54 -7.5 2
    endloop
  endfacet
  facet normal 0 0 1
    outer loop
      vertex -61.846 -14.6404 2
      vertex -59.55 -11.55 2
      vertex -61.75 -7.5 2
    endloop
  endfacet
  facet normal 0 0 1
    outer loop
      vertex -59.55 -12.75 2
      vertex -61.846 -14.6404 2
      vertex -61.65 -14.65 2
    endloop
  endfacet
  facet normal 0 0 1
    outer loop
      vertex -59.4423 6.57059 2
      vertex -59.54 7.5 2
      vertex -59.54 6.48208 2
    endloop
  endfacet
  facet normal 0 0 1
    outer loop
      vertex 22.05 14.65 2
      vertex 24.05 12.65 2
      vertex 24.0404 12.846 2
    endloop
  endfacet
  facet normal 0 0 1
    outer loop
      vertex 24.05 12.65 2
      vertex 22.55 0 2
      vertex 24.05 -12.65 2
    endloop
  endfacet
  facet normal 0 0 1
    outer loop
      vertex 22.05 14.65 2
      vertex 24.0404 12.846 2
      vertex 24.0116 13.0402 2
    endloop
  endfacet
  facet normal -0 0 1
    outer loop
      vertex 22.5418 -0.166629 2
      vertex 24.05 -12.65 2
      vertex 22.55 0 2
    endloop
  endfacet
  facet normal 0 0 1
    outer loop
      vertex 22.05 14.65 2
      vertex 24.0116 13.0402 2
      vertex 23.9639 13.2306 2
    endloop
  endfacet
  facet normal -0 0 1
    outer loop
      vertex 22.5173 -0.331653 2
      vertex 24.05 -12.65 2
      vertex 22.5418 -0.166629 2
    endloop
  endfacet
  facet normal 0 0 1
    outer loop
      vertex 22.05 14.65 2
      vertex 23.9639 13.2306 2
      vertex 23.8978 13.4154 2
    endloop
  endfacet
  facet normal -0 0 1
    outer loop
      vertex 22.4768 -0.493484 2
      vertex 24.05 -12.65 2
      vertex 22.5173 -0.331653 2
    endloop
  endfacet
  facet normal 0 0 1
    outer loop
      vertex 22.05 14.65 2
      vertex 23.8978 13.4154 2
      vertex 23.8138 13.5928 2
    endloop
  endfacet
  facet normal -0 0 1
    outer loop
      vertex 22.4206 -0.650561 2
      vertex 24.05 -12.65 2
      vertex 22.4768 -0.493484 2
    endloop
  endfacet
  facet normal 0 0 1
    outer loop
      vertex 22.05 14.65 2
      vertex 23.8138 13.5928 2
      vertex 23.7129 13.7611 2
    endloop
  endfacet
  facet normal -0 0 1
    outer loop
      vertex 22.3493 -0.801374 2
      vertex 24.05 -12.65 2
      vertex 22.4206 -0.650561 2
    endloop
  endfacet
  facet normal 0 0 1
    outer loop
      vertex 22.05 14.65 2
      vertex 23.7129 13.7611 2
      vertex 23.596 13.9188 2
    endloop
  endfacet
  facet normal -0 0 1
    outer loop
      vertex 22.2635 -0.944468 2
      vertex 24.05 -12.65 2
      vertex 22.3493 -0.801374 2
    endloop
  endfacet
  facet normal 0 0 1
    outer loop
      vertex 22.05 14.65 2
      vertex 23.596 13.9188 2
      vertex 23.4642 14.0642 2
    endloop
  endfacet
  facet normal -0 0 1
    outer loop
      vertex 22.1641 -1.07847 2
      vertex 24.05 -12.65 2
      vertex 22.2635 -0.944468 2
    endloop
  endfacet
  facet normal 0 0 1
    outer loop
      vertex 22.05 14.65 2
      vertex 23.4642 14.0642 2
      vertex 23.3188 14.196 2
    endloop
  endfacet
  facet normal -0 0 1
    outer loop
      vertex 22.0521 -1.20208 2
      vertex 24.05 -12.65 2
      vertex 22.1641 -1.07847 2
    endloop
  endfacet
  facet normal 0 0 1
    outer loop
      vertex 22.05 14.65 2
      vertex 23.3188 14.196 2
      vertex 23.1611 14.3129 2
    endloop
  endfacet
  facet normal -0 0 1
    outer loop
      vertex 21.9285 -1.31412 2
      vertex 24.05 -12.65 2
      vertex 22.0521 -1.20208 2
    endloop
  endfacet
  facet normal 0 0 1
    outer loop
      vertex 22.05 14.65 2
      vertex 23.1611 14.3129 2
      vertex 22.9928 14.4138 2
    endloop
  endfacet
  facet normal -0 0 1
    outer loop
      vertex 21.7945 -1.4135 2
      vertex 24.05 -12.65 2
      vertex 21.9285 -1.31412 2
    endloop
  endfacet
  facet normal 0 0 1
    outer loop
      vertex 22.05 14.65 2
      vertex 22.9928 14.4138 2
      vertex 22.8154 14.4978 2
    endloop
  endfacet
  facet normal -0 0 1
    outer loop
      vertex 21.6514 -1.49927 2
      vertex 24.05 -12.65 2
      vertex 21.7945 -1.4135 2
    endloop
  endfacet
  facet normal 0 0 1
    outer loop
      vertex 22.05 14.65 2
      vertex 22.8154 14.4978 2
      vertex 22.6306 14.5639 2
    endloop
  endfacet
  facet normal -0 0 1
    outer loop
      vertex 21.5006 -1.57059 2
      vertex 24.05 -12.65 2
      vertex 21.6514 -1.49927 2
    endloop
  endfacet
  facet normal -0 0 1
    outer loop
      vertex 21.3435 -1.6268 2
      vertex 24.05 -12.65 2
      vertex 21.5006 -1.57059 2
    endloop
  endfacet
  facet normal 0 0 1
    outer loop
      vertex 24.05 12.65 2
      vertex 22.5418 0.166629 2
      vertex 22.55 0 2
    endloop
  endfacet
  facet normal 0 0 1
    outer loop
      vertex 24.05 12.65 2
      vertex 22.5173 0.331653 2
      vertex 22.5418 0.166629 2
    endloop
  endfacet
  facet normal 0 0 1
    outer loop
      vertex 24.05 12.65 2
      vertex 22.4768 0.493484 2
      vertex 22.5173 0.331653 2
    endloop
  endfacet
  facet normal 0 0 1
    outer loop
      vertex 22.05 14.65 2
      vertex 22.6306 14.5639 2
      vertex 22.4402 14.6116 2
    endloop
  endfacet
  facet normal 0 0 1
    outer loop
      vertex 24.05 12.65 2
      vertex 22.4206 0.650561 2
      vertex 22.4768 0.493484 2
    endloop
  endfacet
  facet normal 0 0 1
    outer loop
      vertex 24.05 12.65 2
      vertex 22.3493 0.801374 2
      vertex 22.4206 0.650561 2
    endloop
  endfacet
  facet normal 0 0 1
    outer loop
      vertex 24.05 12.65 2
      vertex 22.2635 0.944468 2
      vertex 22.3493 0.801374 2
    endloop
  endfacet
  facet normal 0 0 1
    outer loop
      vertex 22.05 14.65 2
      vertex 22.4402 14.6116 2
      vertex 22.246 14.6404 2
    endloop
  endfacet
  facet normal 0 0 1
    outer loop
      vertex 24.05 12.65 2
      vertex 22.1641 1.07847 2
      vertex 22.2635 0.944468 2
    endloop
  endfacet
  facet normal 0 0 1
    outer loop
      vertex 24.05 12.65 2
      vertex 22.0521 1.20208 2
      vertex 22.1641 1.07847 2
    endloop
  endfacet
  facet normal 0 0 1
    outer loop
      vertex 24.05 12.65 2
      vertex 22.05 14.65 2
      vertex 17.35 12.75 2
    endloop
  endfacet
  facet normal 0 0 1
    outer loop
      vertex 24.05 12.65 2
      vertex 21.9285 1.31412 2
      vertex 22.0521 1.20208 2
    endloop
  endfacet
  facet normal 0 0 1
    outer loop
      vertex 24.05 12.65 2
      vertex 21.7945 1.4135 2
      vertex 21.9285 1.31412 2
    endloop
  endfacet
  facet normal 0 0 1
    outer loop
      vertex 24.05 12.65 2
      vertex 21.6514 1.49927 2
      vertex 21.7945 1.4135 2
    endloop
  endfacet
  facet normal 0 0 1
    outer loop
      vertex 24.05 12.65 2
      vertex 21.5006 1.57059 2
      vertex 21.6514 1.49927 2
    endloop
  endfacet
  facet normal 0 0 1
    outer loop
      vertex 24.05 12.65 2
      vertex 21.3435 1.6268 2
      vertex 21.5006 1.57059 2
    endloop
  endfacet
  facet normal 0 0 1
    outer loop
      vertex 24.05 12.65 2
      vertex 21.1817 1.66733 2
      vertex 21.3435 1.6268 2
    endloop
  endfacet
  facet normal 0 0 1
    outer loop
      vertex 24.05 12.65 2
      vertex 21.0166 1.69181 2
      vertex 21.1817 1.66733 2
    endloop
  endfacet
  facet normal 0 0 1
    outer loop
      vertex 24.05 12.65 2
      vertex 17.35 12.75 2
      vertex 20.85 1.7 2
    endloop
  endfacet
  facet normal 0 0 1
    outer loop
      vertex 24.05 12.65 2
      vertex 20.85 1.7 2
      vertex 21.0166 1.69181 2
    endloop
  endfacet
  facet normal 0 0 1
    outer loop
      vertex 20.85 1.7 2
      vertex 17.35 12.75 2
      vertex 20.6834 1.69181 2
    endloop
  endfacet
  facet normal 0 0 1
    outer loop
      vertex 20.6834 1.69181 2
      vertex 17.35 12.75 2
      vertex 20.5183 1.66733 2
    endloop
  endfacet
  facet normal 0 0 1
    outer loop
      vertex 20.5183 1.66733 2
      vertex 17.35 12.75 2
      vertex 20.3565 1.6268 2
    endloop
  endfacet
  facet normal 0 0 1
    outer loop
      vertex 20.3565 1.6268 2
      vertex 17.35 12.75 2
      vertex 20.1994 1.57059 2
    endloop
  endfacet
  facet normal 0 0 1
    outer loop
      vertex 20.1994 1.57059 2
      vertex 17.35 12.75 2
      vertex 20.0486 1.49927 2
    endloop
  endfacet
  facet normal 0 0 1
    outer loop
      vertex 20.0486 1.49927 2
      vertex 17.35 12.75 2
      vertex 19.9055 1.4135 2
    endloop
  endfacet
  facet normal 0 0 1
    outer loop
      vertex 19.9055 1.4135 2
      vertex 17.35 12.75 2
      vertex 19.7715 1.31412 2
    endloop
  endfacet
  facet normal 0 0 1
    outer loop
      vertex 19.7715 1.31412 2
      vertex 17.35 12.75 2
      vertex 19.6479 1.20208 2
    endloop
  endfacet
  facet normal 0 0 1
    outer loop
      vertex 19.6479 1.20208 2
      vertex 17.35 12.75 2
      vertex 19.5359 1.07847 2
    endloop
  endfacet
  facet normal 0 0 1
    outer loop
      vertex 19.5359 1.07847 2
      vertex 17.35 12.75 2
      vertex 19.4365 0.944468 2
    endloop
  endfacet
  facet normal 0 0 1
    outer loop
      vertex 19.4365 0.944468 2
      vertex 17.35 12.75 2
      vertex 19.3507 0.801374 2
    endloop
  endfacet
  facet normal 0 0 1
    outer loop
      vertex 19.3507 0.801374 2
      vertex 17.35 12.75 2
      vertex 19.2794 0.650561 2
    endloop
  endfacet
  facet normal 0 0 1
    outer loop
      vertex 19.2794 0.650561 2
      vertex 17.35 12.75 2
      vertex 19.2232 0.493484 2
    endloop
  endfacet
  facet normal 0 0 1
    outer loop
      vertex 19.1582 0.166629 2
      vertex 17.35 12.75 2
      vertex 19.15 0 2
    endloop
  endfacet
  facet normal 0 0 1
    outer loop
      vertex 19.1827 0.331653 2
      vertex 17.35 12.75 2
      vertex 19.1582 0.166629 2
    endloop
  endfacet
  facet normal 0 0 1
    outer loop
      vertex 19.2232 0.493484 2
      vertex 17.35 12.75 2
      vertex 19.1827 0.331653 2
    endloop
  endfacet
  facet normal -0 0 1
    outer loop
      vertex -61.65 14.65 2
      vertex 17.35 12.75 2
      vertex 22.05 14.65 2
    endloop
  endfacet
  facet normal 0 0 1
    outer loop
      vertex -63.65 12.65 2
      vertex -61.65 14.65 2
      vertex -62.5928 14.4138 2
    endloop
  endfacet
  facet normal 0 0 1
    outer loop
      vertex 17.35 12.75 2
      vertex -61.65 14.65 2
      vertex -59.55 12.75 2
    endloop
  endfacet
  facet normal -0 0 1
    outer loop
      vertex 21.1817 -1.66733 2
      vertex 24.05 -12.65 2
      vertex 21.3435 -1.6268 2
    endloop
  endfacet
  facet normal -0 0 1
    outer loop
      vertex 21.0166 -1.69181 2
      vertex 24.05 -12.65 2
      vertex 21.1817 -1.66733 2
    endloop
  endfacet
  facet normal -0 0 1
    outer loop
      vertex 20.85 -1.7 2
      vertex 24.05 -12.65 2
      vertex 21.0166 -1.69181 2
    endloop
  endfacet
  facet normal 0 0 1
    outer loop
      vertex 17.35 -12.75 2
      vertex 24.05 -12.65 2
      vertex 20.85 -1.7 2
    endloop
  endfacet
  facet normal 0 -0 1
    outer loop
      vertex 22.05 -14.65 2
      vertex 24.05 -12.65 2
      vertex 17.35 -12.75 2
    endloop
  endfacet
  facet normal 0 0 1
    outer loop
      vertex 24.05 -12.65 2
      vertex 22.05 -14.65 2
      vertex 24.0404 -12.846 2
    endloop
  endfacet
  facet normal 0 0 1
    outer loop
      vertex 24.0404 -12.846 2
      vertex 22.05 -14.65 2
      vertex 24.0116 -13.0402 2
    endloop
  endfacet
  facet normal 0 0 1
    outer loop
      vertex 23.9639 -13.2306 2
      vertex 22.05 -14.65 2
      vertex 23.8978 -13.4154 2
    endloop
  endfacet
  facet normal 0 0 1
    outer loop
      vertex 23.8978 -13.4154 2
      vertex 22.05 -14.65 2
      vertex 23.8138 -13.5928 2
    endloop
  endfacet
  facet normal 0 0 1
    outer loop
      vertex 23.8138 -13.5928 2
      vertex 22.05 -14.65 2
      vertex 23.7129 -13.7611 2
    endloop
  endfacet
  facet normal 0 0 1
    outer loop
      vertex 23.7129 -13.7611 2
      vertex 22.05 -14.65 2
      vertex 23.596 -13.9188 2
    endloop
  endfacet
  facet normal 0 0 1
    outer loop
      vertex 23.596 -13.9188 2
      vertex 22.05 -14.65 2
      vertex 23.4642 -14.0642 2
    endloop
  endfacet
  facet normal 0 0 1
    outer loop
      vertex 23.4642 -14.0642 2
      vertex 22.05 -14.65 2
      vertex 23.3188 -14.196 2
    endloop
  endfacet
  facet normal 0 0 1
    outer loop
      vertex 23.3188 -14.196 2
      vertex 22.05 -14.65 2
      vertex 23.1611 -14.3129 2
    endloop
  endfacet
  facet normal 0 0 1
    outer loop
      vertex 23.1611 -14.3129 2
      vertex 22.05 -14.65 2
      vertex 22.9928 -14.4138 2
    endloop
  endfacet
  facet normal 0 0 1
    outer loop
      vertex 22.9928 -14.4138 2
      vertex 22.05 -14.65 2
      vertex 22.8154 -14.4978 2
    endloop
  endfacet
  facet normal 0 0 1
    outer loop
      vertex 22.8154 -14.4978 2
      vertex 22.05 -14.65 2
      vertex 22.6306 -14.5639 2
    endloop
  endfacet
  facet normal 0 0 1
    outer loop
      vertex 22.6306 -14.5639 2
      vertex 22.05 -14.65 2
      vertex 22.4402 -14.6116 2
    endloop
  endfacet
  facet normal 0 0 1
    outer loop
      vertex 24.0116 -13.0402 2
      vertex 22.05 -14.65 2
      vertex 23.9639 -13.2306 2
    endloop
  endfacet
  facet normal 0 0 1
    outer loop
      vertex 17.35 -12.75 2
      vertex 20.85 -1.7 2
      vertex 20.6834 -1.69181 2
    endloop
  endfacet
  facet normal 0 0 1
    outer loop
      vertex 17.35 -12.75 2
      vertex 20.6834 -1.69181 2
      vertex 20.5183 -1.66733 2
    endloop
  endfacet
  facet normal 0 0 1
    outer loop
      vertex 17.35 -12.75 2
      vertex 20.5183 -1.66733 2
      vertex 20.3565 -1.6268 2
    endloop
  endfacet
  facet normal 0 0 1
    outer loop
      vertex 17.35 -12.75 2
      vertex 20.3565 -1.6268 2
      vertex 20.1994 -1.57059 2
    endloop
  endfacet
  facet normal 0 0 1
    outer loop
      vertex 17.35 -12.75 2
      vertex 20.1994 -1.57059 2
      vertex 20.0486 -1.49927 2
    endloop
  endfacet
  facet normal 0 0 1
    outer loop
      vertex 17.35 -12.75 2
      vertex 20.0486 -1.49927 2
      vertex 19.9055 -1.4135 2
    endloop
  endfacet
  facet normal 0 0 1
    outer loop
      vertex 17.35 -12.75 2
      vertex 19.9055 -1.4135 2
      vertex 19.7715 -1.31412 2
    endloop
  endfacet
  facet normal 0 0 1
    outer loop
      vertex 17.35 -12.75 2
      vertex 19.7715 -1.31412 2
      vertex 19.6479 -1.20208 2
    endloop
  endfacet
  facet normal 0 0 1
    outer loop
      vertex 17.35 -12.75 2
      vertex 19.6479 -1.20208 2
      vertex 19.5359 -1.07847 2
    endloop
  endfacet
  facet normal 0 0 1
    outer loop
      vertex 17.35 -12.75 2
      vertex 19.5359 -1.07847 2
      vertex 19.4365 -0.944468 2
    endloop
  endfacet
  facet normal 0 0 1
    outer loop
      vertex 17.35 -12.75 2
      vertex 19.4365 -0.944468 2
      vertex 19.3507 -0.801374 2
    endloop
  endfacet
  facet normal 0 0 1
    outer loop
      vertex 17.35 -12.75 2
      vertex 19.3507 -0.801374 2
      vertex 19.2794 -0.650561 2
    endloop
  endfacet
  facet normal 0 0 1
    outer loop
      vertex 17.35 -12.75 2
      vertex 19.2794 -0.650561 2
      vertex 19.2232 -0.493484 2
    endloop
  endfacet
  facet normal 0 0 1
    outer loop
      vertex 17.35 -12.75 2
      vertex 19.2232 -0.493484 2
      vertex 19.1827 -0.331653 2
    endloop
  endfacet
  facet normal 0 0 1
    outer loop
      vertex 17.35 -12.75 2
      vertex 19.15 0 2
      vertex 17.35 12.75 2
    endloop
  endfacet
  facet normal 0 0 1
    outer loop
      vertex 19.15 0 2
      vertex 17.35 -12.75 2
      vertex 19.1582 -0.166629 2
    endloop
  endfacet
  facet normal 0 0 1
    outer loop
      vertex 17.35 -12.75 2
      vertex 19.1827 -0.331653 2
      vertex 19.1582 -0.166629 2
    endloop
  endfacet
  facet normal 0 0 1
    outer loop
      vertex 22.4402 -14.6116 2
      vertex 22.05 -14.65 2
      vertex 22.246 -14.6404 2
    endloop
  endfacet
  facet normal 0 0 1
    outer loop
      vertex -61.65 -14.65 2
      vertex 17.35 -12.75 2
      vertex -59.55 -12.75 2
    endloop
  endfacet
  facet normal 0 0 1
    outer loop
      vertex 17.35 -12.75 2
      vertex -61.65 -14.65 2
      vertex 22.05 -14.65 2
    endloop
  endfacet
  facet normal 0 0 1
    outer loop
      vertex -47.55 0 2
      vertex -45.55 0 2
      vertex -45.5909 0.833145 2
    endloop
  endfacet
  facet normal 0 0 1
    outer loop
      vertex -47.5813 0.637111 2
      vertex -45.5909 0.833145 2
      vertex -45.7133 1.65827 2
    endloop
  endfacet
  facet normal 0 0 1
    outer loop
      vertex -45.55 0 2
      vertex -47.55 0 2
      vertex -45.5909 -0.833145 2
    endloop
  endfacet
  facet normal 0 0 1
    outer loop
      vertex -47.6749 1.26809 2
      vertex -45.7133 1.65827 2
      vertex -45.916 2.46742 2
    endloop
  endfacet
  facet normal -0 0 1
    outer loop
      vertex -47.5813 -0.637111 2
      vertex -45.5909 -0.833145 2
      vertex -47.55 0 2
    endloop
  endfacet
  facet normal 0 0 1
    outer loop
      vertex -47.8299 1.88685 2
      vertex -45.916 2.46742 2
      vertex -46.197 3.25281 2
    endloop
  endfacet
  facet normal 0 0 1
    outer loop
      vertex -45.5909 -0.833145 2
      vertex -47.5813 -0.637111 2
      vertex -45.7133 -1.65827 2
    endloop
  endfacet
  facet normal 0 0 1
    outer loop
      vertex -48.0448 2.48744 2
      vertex -46.197 3.25281 2
      vertex -46.5537 4.00687 2
    endloop
  endfacet
  facet normal -0 0 1
    outer loop
      vertex -47.6749 -1.26809 2
      vertex -45.7133 -1.65827 2
      vertex -47.5813 -0.637111 2
    endloop
  endfacet
  facet normal 0 0 1
    outer loop
      vertex -48.3175 3.06408 2
      vertex -46.5537 4.00687 2
      vertex -46.9825 4.72235 2
    endloop
  endfacet
  facet normal 0 0 1
    outer loop
      vertex -45.7133 -1.65827 2
      vertex -47.6749 -1.26809 2
      vertex -45.916 -2.46742 2
    endloop
  endfacet
  facet normal 0 0 1
    outer loop
      vertex -48.6454 3.61121 2
      vertex -46.9825 4.72235 2
      vertex -47.4794 5.39234 2
    endloop
  endfacet
  facet normal -0 0 1
    outer loop
      vertex -47.8299 -1.88685 2
      vertex -45.916 -2.46742 2
      vertex -47.6749 -1.26809 2
    endloop
  endfacet
  facet normal 0 0 1
    outer loop
      vertex -45.916 -2.46742 2
      vertex -47.8299 -1.88685 2
      vertex -46.197 -3.25281 2
    endloop
  endfacet
  facet normal 0 0 1
    outer loop
      vertex -45.5909 0.833145 2
      vertex -47.5813 0.637111 2
      vertex -47.55 0 2
    endloop
  endfacet
  facet normal 0 0 1
    outer loop
      vertex -45.7133 1.65827 2
      vertex -47.6749 1.26809 2
      vertex -47.5813 0.637111 2
    endloop
  endfacet
  facet normal 0 0 1
    outer loop
      vertex -45.916 2.46742 2
      vertex -47.8299 1.88685 2
      vertex -47.6749 1.26809 2
    endloop
  endfacet
  facet normal 0 0 1
    outer loop
      vertex -49.0254 4.12356 2
      vertex -47.4794 5.39234 2
      vertex -48.0396 6.01041 2
    endloop
  endfacet
  facet normal 0 0 1
    outer loop
      vertex -46.197 3.25281 2
      vertex -48.0448 2.48744 2
      vertex -47.8299 1.88685 2
    endloop
  endfacet
  facet normal 0 0 1
    outer loop
      vertex -46.5537 4.00687 2
      vertex -48.3175 3.06408 2
      vertex -48.0448 2.48744 2
    endloop
  endfacet
  facet normal 0 0 1
    outer loop
      vertex -46.9825 4.72235 2
      vertex -48.6454 3.61121 2
      vertex -48.3175 3.06408 2
    endloop
  endfacet
  facet normal 0 0 1
    outer loop
      vertex -49.4538 4.59619 2
      vertex -48.0396 6.01041 2
      vertex -48.6577 6.57059 2
    endloop
  endfacet
  facet normal 0 0 1
    outer loop
      vertex -47.4794 5.39234 2
      vertex -49.0254 4.12356 2
      vertex -48.6454 3.61121 2
    endloop
  endfacet
  facet normal 0 0 1
    outer loop
      vertex -49.9264 5.02457 2
      vertex -48.6577 6.57059 2
      vertex -49.3277 7.06749 2
    endloop
  endfacet
  facet normal 0 0 1
    outer loop
      vertex -48.0396 6.01041 2
      vertex -49.4538 4.59619 2
      vertex -49.0254 4.12356 2
    endloop
  endfacet
  facet normal 0 0 1
    outer loop
      vertex -48.6577 6.57059 2
      vertex -49.9264 5.02457 2
      vertex -49.4538 4.59619 2
    endloop
  endfacet
  facet normal 0 0 1
    outer loop
      vertex -50.4388 5.40455 2
      vertex -49.3277 7.06749 2
      vertex -50.0431 7.49633 2
    endloop
  endfacet
  facet normal 0 0 1
    outer loop
      vertex -49.3277 7.06749 2
      vertex -50.4388 5.40455 2
      vertex -49.9264 5.02457 2
    endloop
  endfacet
  facet normal 0 0 1
    outer loop
      vertex -50.9859 5.73249 2
      vertex -50.0431 7.49633 2
      vertex -50.7972 7.85298 2
    endloop
  endfacet
  facet normal 0 0 1
    outer loop
      vertex -50.0431 7.49633 2
      vertex -50.9859 5.73249 2
      vertex -50.4388 5.40455 2
    endloop
  endfacet
  facet normal 0 0 1
    outer loop
      vertex -50.7972 7.85298 2
      vertex -51.5626 6.00522 2
      vertex -50.9859 5.73249 2
    endloop
  endfacet
  facet normal 0 0 1
    outer loop
      vertex -51.5826 8.13399 2
      vertex -51.5626 6.00522 2
      vertex -50.7972 7.85298 2
    endloop
  endfacet
  facet normal 0 0 1
    outer loop
      vertex -51.5826 8.13399 2
      vertex -52.1631 6.22011 2
      vertex -51.5626 6.00522 2
    endloop
  endfacet
  facet normal 0 0 1
    outer loop
      vertex -52.3917 8.33667 2
      vertex -52.1631 6.22011 2
      vertex -51.5826 8.13399 2
    endloop
  endfacet
  facet normal 0 0 1
    outer loop
      vertex -52.3917 8.33667 2
      vertex -52.7819 6.3751 2
      vertex -52.1631 6.22011 2
    endloop
  endfacet
  facet normal 0 0 1
    outer loop
      vertex -53.2169 8.45907 2
      vertex -52.7819 6.3751 2
      vertex -52.3917 8.33667 2
    endloop
  endfacet
  facet normal 0 0 1
    outer loop
      vertex -53.2169 8.45907 2
      vertex -53.4129 6.4687 2
      vertex -52.7819 6.3751 2
    endloop
  endfacet
  facet normal 0 0 1
    outer loop
      vertex -54.05 8.5 2
      vertex -53.4129 6.4687 2
      vertex -53.2169 8.45907 2
    endloop
  endfacet
  facet normal 0 0 1
    outer loop
      vertex -54.05 8.5 2
      vertex -54.05 6.5 2
      vertex -53.4129 6.4687 2
    endloop
  endfacet
  facet normal 0 0 1
    outer loop
      vertex -54.05 8.5 2
      vertex -54.6871 6.4687 2
      vertex -54.05 6.5 2
    endloop
  endfacet
  facet normal -0 0 1
    outer loop
      vertex -54.8831 8.45907 2
      vertex -54.6871 6.4687 2
      vertex -54.05 8.5 2
    endloop
  endfacet
  facet normal 0 0 1
    outer loop
      vertex -54.8831 8.45907 2
      vertex -55.3181 6.3751 2
      vertex -54.6871 6.4687 2
    endloop
  endfacet
  facet normal -0 0 1
    outer loop
      vertex -55.7083 8.33667 2
      vertex -55.3181 6.3751 2
      vertex -54.8831 8.45907 2
    endloop
  endfacet
  facet normal 0 0 1
    outer loop
      vertex -55.7083 8.33667 2
      vertex -55.9369 6.22011 2
      vertex -55.3181 6.3751 2
    endloop
  endfacet
  facet normal -0 0 1
    outer loop
      vertex -56.5174 8.13399 2
      vertex -55.9369 6.22011 2
      vertex -55.7083 8.33667 2
    endloop
  endfacet
  facet normal 0 0 1
    outer loop
      vertex -56.5174 8.13399 2
      vertex -56.5374 6.00522 2
      vertex -55.9369 6.22011 2
    endloop
  endfacet
  facet normal -0 0 1
    outer loop
      vertex -57.3028 7.85298 2
      vertex -56.5374 6.00522 2
      vertex -56.5174 8.13399 2
    endloop
  endfacet
  facet normal 0 0 1
    outer loop
      vertex -56.5374 6.00522 2
      vertex -57.3028 7.85298 2
      vertex -57.1141 5.73249 2
    endloop
  endfacet
  facet normal -0 0 1
    outer loop
      vertex -58.0569 7.49633 2
      vertex -57.1141 5.73249 2
      vertex -57.3028 7.85298 2
    endloop
  endfacet
  facet normal 0 0 1
    outer loop
      vertex -57.1141 5.73249 2
      vertex -58.0569 7.49633 2
      vertex -57.6612 5.40455 2
    endloop
  endfacet
  facet normal -0 0 1
    outer loop
      vertex -58.7723 7.06749 2
      vertex -57.6612 5.40455 2
      vertex -58.0569 7.49633 2
    endloop
  endfacet
  facet normal 0 0 1
    outer loop
      vertex -57.6612 5.40455 2
      vertex -58.7723 7.06749 2
      vertex -58.1736 5.02457 2
    endloop
  endfacet
  facet normal -0 0 1
    outer loop
      vertex -59.4423 6.57059 2
      vertex -58.1736 5.02457 2
      vertex -58.7723 7.06749 2
    endloop
  endfacet
  facet normal -0 0 1
    outer loop
      vertex -59.54 6.48208 2
      vertex -58.1736 5.02457 2
      vertex -59.4423 6.57059 2
    endloop
  endfacet
  facet normal 0 0 1
    outer loop
      vertex -58.1736 5.02457 2
      vertex -59.54 6.48208 2
      vertex -58.6462 4.59619 2
    endloop
  endfacet
  facet normal -0 0 1
    outer loop
      vertex -60.0604 6.01041 2
      vertex -58.6462 4.59619 2
      vertex -59.54 6.48208 2
    endloop
  endfacet
  facet normal 0 0 1
    outer loop
      vertex -58.6462 4.59619 2
      vertex -60.0604 6.01041 2
      vertex -59.0746 4.12356 2
    endloop
  endfacet
  facet normal -0 0 1
    outer loop
      vertex -60.6206 5.39234 2
      vertex -59.0746 4.12356 2
      vertex -60.0604 6.01041 2
    endloop
  endfacet
  facet normal 0 0 1
    outer loop
      vertex -59.0746 4.12356 2
      vertex -60.6206 5.39234 2
      vertex -59.4546 3.61121 2
    endloop
  endfacet
  facet normal -0 0 1
    outer loop
      vertex -61.1175 4.72235 2
      vertex -59.4546 3.61121 2
      vertex -60.6206 5.39234 2
    endloop
  endfacet
  facet normal 0 0 1
    outer loop
      vertex -59.4546 3.61121 2
      vertex -61.1175 4.72235 2
      vertex -59.7825 3.06408 2
    endloop
  endfacet
  facet normal -0 0 1
    outer loop
      vertex -61.5463 4.00687 2
      vertex -59.7825 3.06408 2
      vertex -61.1175 4.72235 2
    endloop
  endfacet
  facet normal -0 0 1
    outer loop
      vertex -61.75 3.57625 2
      vertex -59.7825 3.06408 2
      vertex -61.5463 4.00687 2
    endloop
  endfacet
  facet normal -0 0 1
    outer loop
      vertex -61.903 3.25281 2
      vertex -60.0552 2.48744 2
      vertex -61.75 3.57625 2
    endloop
  endfacet
  facet normal 0 0 1
    outer loop
      vertex -59.7825 3.06408 2
      vertex -61.75 3.57625 2
      vertex -60.0552 2.48744 2
    endloop
  endfacet
  facet normal -0 0 1
    outer loop
      vertex -48.0448 -2.48744 2
      vertex -46.197 -3.25281 2
      vertex -47.8299 -1.88685 2
    endloop
  endfacet
  facet normal 0 0 1
    outer loop
      vertex -46.197 -3.25281 2
      vertex -48.0448 -2.48744 2
      vertex -46.5537 -4.00687 2
    endloop
  endfacet
  facet normal -0 0 1
    outer loop
      vertex -48.3175 -3.06408 2
      vertex -46.5537 -4.00687 2
      vertex -48.0448 -2.48744 2
    endloop
  endfacet
  facet normal 0 0 1
    outer loop
      vertex -46.5537 -4.00687 2
      vertex -48.3175 -3.06408 2
      vertex -46.9825 -4.72235 2
    endloop
  endfacet
  facet normal -0 0 1
    outer loop
      vertex -48.6454 -3.61121 2
      vertex -46.9825 -4.72235 2
      vertex -48.3175 -3.06408 2
    endloop
  endfacet
  facet normal 0 0 1
    outer loop
      vertex -46.9825 -4.72235 2
      vertex -48.6454 -3.61121 2
      vertex -47.4794 -5.39234 2
    endloop
  endfacet
  facet normal -0 0 1
    outer loop
      vertex -49.0254 -4.12356 2
      vertex -47.4794 -5.39234 2
      vertex -48.6454 -3.61121 2
    endloop
  endfacet
  facet normal 0 0 1
    outer loop
      vertex -47.4794 -5.39234 2
      vertex -49.0254 -4.12356 2
      vertex -48.0396 -6.01041 2
    endloop
  endfacet
  facet normal -0 0 1
    outer loop
      vertex -49.4538 -4.59619 2
      vertex -48.0396 -6.01041 2
      vertex -49.0254 -4.12356 2
    endloop
  endfacet
  facet normal 0 0 1
    outer loop
      vertex -48.0396 -6.01041 2
      vertex -49.4538 -4.59619 2
      vertex -48.6577 -6.57059 2
    endloop
  endfacet
  facet normal -0 0 1
    outer loop
      vertex -49.9264 -5.02457 2
      vertex -48.6577 -6.57059 2
      vertex -49.4538 -4.59619 2
    endloop
  endfacet
  facet normal 0 0 1
    outer loop
      vertex -48.6577 -6.57059 2
      vertex -49.9264 -5.02457 2
      vertex -49.3277 -7.06749 2
    endloop
  endfacet
  facet normal -0 0 1
    outer loop
      vertex -50.4388 -5.40455 2
      vertex -49.3277 -7.06749 2
      vertex -49.9264 -5.02457 2
    endloop
  endfacet
  facet normal 0 0 1
    outer loop
      vertex -49.3277 -7.06749 2
      vertex -50.4388 -5.40455 2
      vertex -50.0431 -7.49633 2
    endloop
  endfacet
  facet normal -0 0 1
    outer loop
      vertex -50.9859 -5.73249 2
      vertex -50.0431 -7.49633 2
      vertex -50.4388 -5.40455 2
    endloop
  endfacet
  facet normal 0 0 1
    outer loop
      vertex -50.0431 -7.49633 2
      vertex -50.9859 -5.73249 2
      vertex -50.7972 -7.85298 2
    endloop
  endfacet
  facet normal -0 0 1
    outer loop
      vertex -51.5626 -6.00522 2
      vertex -50.7972 -7.85298 2
      vertex -50.9859 -5.73249 2
    endloop
  endfacet
  facet normal 0 0 1
    outer loop
      vertex -51.5626 -6.00522 2
      vertex -51.5826 -8.13399 2
      vertex -50.7972 -7.85298 2
    endloop
  endfacet
  facet normal -0 0 1
    outer loop
      vertex -52.1631 -6.22011 2
      vertex -51.5826 -8.13399 2
      vertex -51.5626 -6.00522 2
    endloop
  endfacet
  facet normal 0 0 1
    outer loop
      vertex -52.1631 -6.22011 2
      vertex -52.3917 -8.33667 2
      vertex -51.5826 -8.13399 2
    endloop
  endfacet
  facet normal -0 0 1
    outer loop
      vertex -52.7819 -6.3751 2
      vertex -52.3917 -8.33667 2
      vertex -52.1631 -6.22011 2
    endloop
  endfacet
  facet normal 0 0 1
    outer loop
      vertex -52.7819 -6.3751 2
      vertex -53.2169 -8.45907 2
      vertex -52.3917 -8.33667 2
    endloop
  endfacet
  facet normal -0 0 1
    outer loop
      vertex -53.4129 -6.4687 2
      vertex -53.2169 -8.45907 2
      vertex -52.7819 -6.3751 2
    endloop
  endfacet
  facet normal -0 0 1
    outer loop
      vertex -54.05 -6.5 2
      vertex -53.2169 -8.45907 2
      vertex -53.4129 -6.4687 2
    endloop
  endfacet
  facet normal 0 0 1
    outer loop
      vertex -54.05 -6.5 2
      vertex -54.05 -8.5 2
      vertex -53.2169 -8.45907 2
    endloop
  endfacet
  facet normal 0 0 1
    outer loop
      vertex -54.6871 -6.4687 2
      vertex -54.05 -8.5 2
      vertex -54.05 -6.5 2
    endloop
  endfacet
  facet normal 0 0 1
    outer loop
      vertex -54.6871 -6.4687 2
      vertex -54.8831 -8.45907 2
      vertex -54.05 -8.5 2
    endloop
  endfacet
  facet normal 0 0 1
    outer loop
      vertex -55.3181 -6.3751 2
      vertex -54.8831 -8.45907 2
      vertex -54.6871 -6.4687 2
    endloop
  endfacet
  facet normal 0 0 1
    outer loop
      vertex -55.3181 -6.3751 2
      vertex -55.7083 -8.33667 2
      vertex -54.8831 -8.45907 2
    endloop
  endfacet
  facet normal 0 0 1
    outer loop
      vertex -55.9369 -6.22011 2
      vertex -55.7083 -8.33667 2
      vertex -55.3181 -6.3751 2
    endloop
  endfacet
  facet normal 0 0 1
    outer loop
      vertex -55.9369 -6.22011 2
      vertex -56.5174 -8.13399 2
      vertex -55.7083 -8.33667 2
    endloop
  endfacet
  facet normal 0 0 1
    outer loop
      vertex -56.5374 -6.00522 2
      vertex -56.5174 -8.13399 2
      vertex -55.9369 -6.22011 2
    endloop
  endfacet
  facet normal 0 0 1
    outer loop
      vertex -57.3028 -7.85298 2
      vertex -56.5374 -6.00522 2
      vertex -57.1141 -5.73249 2
    endloop
  endfacet
  facet normal 0 0 1
    outer loop
      vertex -56.5374 -6.00522 2
      vertex -57.3028 -7.85298 2
      vertex -56.5174 -8.13399 2
    endloop
  endfacet
  facet normal 0 0 1
    outer loop
      vertex -58.0569 -7.49633 2
      vertex -57.1141 -5.73249 2
      vertex -57.6612 -5.40455 2
    endloop
  endfacet
  facet normal 0 0 1
    outer loop
      vertex -57.1141 -5.73249 2
      vertex -58.0569 -7.49633 2
      vertex -57.3028 -7.85298 2
    endloop
  endfacet
  facet normal 0 0 1
    outer loop
      vertex -58.7723 -7.06749 2
      vertex -57.6612 -5.40455 2
      vertex -58.1736 -5.02457 2
    endloop
  endfacet
  facet normal 0 0 1
    outer loop
      vertex -59.54 -6.48208 2
      vertex -58.1736 -5.02457 2
      vertex -58.6462 -4.59619 2
    endloop
  endfacet
  facet normal 0 0 1
    outer loop
      vertex -57.6612 -5.40455 2
      vertex -58.7723 -7.06749 2
      vertex -58.0569 -7.49633 2
    endloop
  endfacet
  facet normal 0 0 1
    outer loop
      vertex -60.0604 -6.01041 2
      vertex -58.6462 -4.59619 2
      vertex -59.0746 -4.12356 2
    endloop
  endfacet
  facet normal 0 0 1
    outer loop
      vertex -58.1736 -5.02457 2
      vertex -59.4423 -6.57059 2
      vertex -58.7723 -7.06749 2
    endloop
  endfacet
  facet normal 0 0 1
    outer loop
      vertex -60.6206 -5.39234 2
      vertex -59.0746 -4.12356 2
      vertex -59.4546 -3.61121 2
    endloop
  endfacet
  facet normal 0 0 1
    outer loop
      vertex -58.1736 -5.02457 2
      vertex -59.54 -6.48208 2
      vertex -59.4423 -6.57059 2
    endloop
  endfacet
  facet normal 0 0 1
    outer loop
      vertex -61.1175 -4.72235 2
      vertex -59.4546 -3.61121 2
      vertex -59.7825 -3.06408 2
    endloop
  endfacet
  facet normal 0 0 1
    outer loop
      vertex -61.75 -3.57625 2
      vertex -59.7825 -3.06408 2
      vertex -60.0552 -2.48744 2
    endloop
  endfacet
  facet normal 0 0 1
    outer loop
      vertex -58.6462 -4.59619 2
      vertex -60.0604 -6.01041 2
      vertex -59.54 -6.48208 2
    endloop
  endfacet
  facet normal 0 0 1
    outer loop
      vertex -61.903 -3.25281 2
      vertex -60.0552 -2.48744 2
      vertex -60.2701 -1.88685 2
    endloop
  endfacet
  facet normal 0 0 1
    outer loop
      vertex -62.184 -2.46742 2
      vertex -60.2701 -1.88685 2
      vertex -60.4251 -1.26809 2
    endloop
  endfacet
  facet normal 0 0 1
    outer loop
      vertex -62.3867 -1.65827 2
      vertex -60.4251 -1.26809 2
      vertex -60.5187 -0.637111 2
    endloop
  endfacet
  facet normal 0 0 1
    outer loop
      vertex -59.0746 -4.12356 2
      vertex -60.6206 -5.39234 2
      vertex -60.0604 -6.01041 2
    endloop
  endfacet
  facet normal 0 0 1
    outer loop
      vertex -62.5091 -0.833145 2
      vertex -60.5187 -0.637111 2
      vertex -60.55 0 2
    endloop
  endfacet
  facet normal 0 0 1
    outer loop
      vertex -60.0552 2.48744 2
      vertex -61.903 3.25281 2
      vertex -60.2701 1.88685 2
    endloop
  endfacet
  facet normal -0 0 1
    outer loop
      vertex -62.184 2.46742 2
      vertex -60.2701 1.88685 2
      vertex -61.903 3.25281 2
    endloop
  endfacet
  facet normal 0 0 1
    outer loop
      vertex -59.4546 -3.61121 2
      vertex -61.1175 -4.72235 2
      vertex -60.6206 -5.39234 2
    endloop
  endfacet
  facet normal 0 0 1
    outer loop
      vertex -60.2701 1.88685 2
      vertex -62.184 2.46742 2
      vertex -60.4251 1.26809 2
    endloop
  endfacet
  facet normal -0 0 1
    outer loop
      vertex -62.3867 1.65827 2
      vertex -60.4251 1.26809 2
      vertex -62.184 2.46742 2
    endloop
  endfacet
  facet normal 0 0 1
    outer loop
      vertex -59.7825 -3.06408 2
      vertex -61.75 -3.57625 2
      vertex -61.5463 -4.00687 2
    endloop
  endfacet
  facet normal 0 0 1
    outer loop
      vertex -59.7825 -3.06408 2
      vertex -61.5463 -4.00687 2
      vertex -61.1175 -4.72235 2
    endloop
  endfacet
  facet normal 0 0 1
    outer loop
      vertex -60.4251 1.26809 2
      vertex -62.3867 1.65827 2
      vertex -60.5187 0.637111 2
    endloop
  endfacet
  facet normal -0 0 1
    outer loop
      vertex -62.5091 0.833145 2
      vertex -60.5187 0.637111 2
      vertex -62.3867 1.65827 2
    endloop
  endfacet
  facet normal 0 0 1
    outer loop
      vertex -60.2701 -1.88685 2
      vertex -62.184 -2.46742 2
      vertex -61.903 -3.25281 2
    endloop
  endfacet
  facet normal 0 0 1
    outer loop
      vertex -60.0552 -2.48744 2
      vertex -61.903 -3.25281 2
      vertex -61.75 -3.57625 2
    endloop
  endfacet
  facet normal 0 0 1
    outer loop
      vertex -60.5187 0.637111 2
      vertex -62.5091 0.833145 2
      vertex -60.55 0 2
    endloop
  endfacet
  facet normal 0 0 1
    outer loop
      vertex -60.4251 -1.26809 2
      vertex -62.3867 -1.65827 2
      vertex -62.184 -2.46742 2
    endloop
  endfacet
  facet normal 0 0 1
    outer loop
      vertex -62.55 0 2
      vertex -60.55 0 2
      vertex -62.5091 0.833145 2
    endloop
  endfacet
  facet normal 0 0 1
    outer loop
      vertex -60.5187 -0.637111 2
      vertex -62.5091 -0.833145 2
      vertex -62.3867 -1.65827 2
    endloop
  endfacet
  facet normal 0 0 1
    outer loop
      vertex -60.55 0 2
      vertex -62.55 0 2
      vertex -62.5091 -0.833145 2
    endloop
  endfacet
  facet normal 0.146696 -0.989182 0
    outer loop
      vertex 22.246 -14.6404 3.8147e-07
      vertex 22.4402 -14.6116 2
      vertex 22.246 -14.6404 2
    endloop
  endfacet
  facet normal 0.146696 -0.989182 0
    outer loop
      vertex 22.4402 -14.6116 2
      vertex 22.246 -14.6404 3.8147e-07
      vertex 22.4402 -14.6116 3.8147e-07
    endloop
  endfacet
  facet normal 0.970023 -0.243015 0
    outer loop
      vertex 23.9639 -13.2306 2
      vertex 24.0116 -13.0402 3.8147e-07
      vertex 24.0116 -13.0402 2
    endloop
  endfacet
  facet normal 0.970023 -0.243015 0
    outer loop
      vertex 24.0116 -13.0402 3.8147e-07
      vertex 23.9639 -13.2306 2
      vertex 23.9639 -13.2306 3.8147e-07
    endloop
  endfacet
  facet normal 0.427955 0.9038 -0
    outer loop
      vertex 22.9928 14.4138 3.8147e-07
      vertex 22.8154 14.4978 2
      vertex 22.9928 14.4138 2
    endloop
  endfacet
  facet normal 0.427955 0.9038 0
    outer loop
      vertex 22.8154 14.4978 2
      vertex 22.9928 14.4138 3.8147e-07
      vertex 22.8154 14.4978 3.8147e-07
    endloop
  endfacet
  facet normal 0.243015 -0.970023 0
    outer loop
      vertex 22.4402 -14.6116 3.8147e-07
      vertex 22.6306 -14.5639 2
      vertex 22.4402 -14.6116 2
    endloop
  endfacet
  facet normal 0.243015 -0.970023 0
    outer loop
      vertex 22.6306 -14.5639 2
      vertex 22.4402 -14.6116 3.8147e-07
      vertex 22.6306 -14.5639 3.8147e-07
    endloop
  endfacet
  facet normal 0.146696 0.989182 -0
    outer loop
      vertex 22.4402 14.6116 3.8147e-07
      vertex 22.246 14.6404 2
      vertex 22.4402 14.6116 2
    endloop
  endfacet
  facet normal 0.146696 0.989182 0
    outer loop
      vertex 22.246 14.6404 2
      vertex 22.4402 14.6116 3.8147e-07
      vertex 22.246 14.6404 3.8147e-07
    endloop
  endfacet
  facet normal 0.514196 0.857673 -0
    outer loop
      vertex 23.1611 14.3129 3.8147e-07
      vertex 22.9928 14.4138 2
      vertex 23.1611 14.3129 2
    endloop
  endfacet
  facet normal 0.514196 0.857673 0
    outer loop
      vertex 22.9928 14.4138 2
      vertex 23.1611 14.3129 3.8147e-07
      vertex 22.9928 14.4138 3.8147e-07
    endloop
  endfacet
  facet normal -0.989182 0.146696 0
    outer loop
      vertex -63.6404 12.846 3.8147e-07
      vertex -63.6116 13.0402 2
      vertex -63.6116 13.0402 3.8147e-07
    endloop
  endfacet
  facet normal -0.989182 0.146696 0
    outer loop
      vertex -63.6116 13.0402 2
      vertex -63.6404 12.846 3.8147e-07
      vertex -63.6404 12.846 2
    endloop
  endfacet
  facet normal 0.857673 -0.514196 0
    outer loop
      vertex 23.7129 -13.7611 2
      vertex 23.8138 -13.5928 3.8147e-07
      vertex 23.8138 -13.5928 2
    endloop
  endfacet
  facet normal 0.857673 -0.514196 0
    outer loop
      vertex 23.8138 -13.5928 3.8147e-07
      vertex 23.7129 -13.7611 2
      vertex 23.7129 -13.7611 3.8147e-07
    endloop
  endfacet
  facet normal 0.998803 -0.0489209 0
    outer loop
      vertex 24.0404 -12.846 2
      vertex 24.05 -12.65 3.8147e-07
      vertex 24.05 -12.65 2
    endloop
  endfacet
  facet normal 0.998803 -0.0489209 0
    outer loop
      vertex 24.05 -12.65 3.8147e-07
      vertex 24.0404 -12.846 2
      vertex 24.0404 -12.846 3.8147e-07
    endloop
  endfacet
  facet normal -0.514196 -0.857673 0
    outer loop
      vertex -62.7611 -14.3129 3.8147e-07
      vertex -62.5928 -14.4138 2
      vertex -62.7611 -14.3129 2
    endloop
  endfacet
  facet normal -0.514196 -0.857673 -0
    outer loop
      vertex -62.5928 -14.4138 2
      vertex -62.7611 -14.3129 3.8147e-07
      vertex -62.5928 -14.4138 3.8147e-07
    endloop
  endfacet
  facet normal -0.0489209 -0.998803 0
    outer loop
      vertex -61.846 -14.6404 3.8147e-07
      vertex -61.65 -14.65 2
      vertex -61.846 -14.6404 2
    endloop
  endfacet
  facet normal -0.0489209 -0.998803 -0
    outer loop
      vertex -61.65 -14.65 2
      vertex -61.846 -14.6404 3.8147e-07
      vertex -61.65 -14.65 3.8147e-07
    endloop
  endfacet
  facet normal -0.146696 0.989182 0
    outer loop
      vertex -61.846 14.6404 3.8147e-07
      vertex -62.0402 14.6116 2
      vertex -61.846 14.6404 2
    endloop
  endfacet
  facet normal -0.146696 0.989182 0
    outer loop
      vertex -62.0402 14.6116 2
      vertex -61.846 14.6404 3.8147e-07
      vertex -62.0402 14.6116 3.8147e-07
    endloop
  endfacet
  facet normal -0.740908 0.671607 0
    outer loop
      vertex -63.196 13.9188 3.8147e-07
      vertex -63.0642 14.0642 2
      vertex -63.0642 14.0642 3.8147e-07
    endloop
  endfacet
  facet normal -0.740908 0.671607 0
    outer loop
      vertex -63.0642 14.0642 2
      vertex -63.196 13.9188 3.8147e-07
      vertex -63.196 13.9188 2
    endloop
  endfacet
  facet normal 0.0489209 0.998803 -0
    outer loop
      vertex 22.246 14.6404 3.8147e-07
      vertex 22.05 14.65 2
      vertex 22.246 14.6404 2
    endloop
  endfacet
  facet normal 0.0489209 0.998803 0
    outer loop
      vertex 22.05 14.65 2
      vertex 22.246 14.6404 3.8147e-07
      vertex 22.05 14.65 3.8147e-07
    endloop
  endfacet
  facet normal -0.427955 0.9038 0
    outer loop
      vertex -62.4154 14.4978 3.8147e-07
      vertex -62.5928 14.4138 2
      vertex -62.4154 14.4978 2
    endloop
  endfacet
  facet normal -0.427955 0.9038 0
    outer loop
      vertex -62.5928 14.4138 2
      vertex -62.4154 14.4978 3.8147e-07
      vertex -62.5928 14.4138 3.8147e-07
    endloop
  endfacet
  facet normal -0.427955 -0.9038 0
    outer loop
      vertex -62.5928 -14.4138 3.8147e-07
      vertex -62.4154 -14.4978 2
      vertex -62.5928 -14.4138 2
    endloop
  endfacet
  facet normal -0.427955 -0.9038 -0
    outer loop
      vertex -62.4154 -14.4978 2
      vertex -62.5928 -14.4138 3.8147e-07
      vertex -62.4154 -14.4978 3.8147e-07
    endloop
  endfacet
  facet normal -0.595508 -0.80335 0
    outer loop
      vertex -62.9188 -14.196 3.8147e-07
      vertex -62.7611 -14.3129 2
      vertex -62.9188 -14.196 2
    endloop
  endfacet
  facet normal -0.595508 -0.80335 -0
    outer loop
      vertex -62.7611 -14.3129 2
      vertex -62.9188 -14.196 3.8147e-07
      vertex -62.7611 -14.3129 3.8147e-07
    endloop
  endfacet
  facet normal -0.9038 0.427955 0
    outer loop
      vertex -63.4978 13.4154 3.8147e-07
      vertex -63.4138 13.5928 2
      vertex -63.4138 13.5928 3.8147e-07
    endloop
  endfacet
  facet normal -0.9038 0.427955 0
    outer loop
      vertex -63.4138 13.5928 2
      vertex -63.4978 13.4154 3.8147e-07
      vertex -63.4978 13.4154 2
    endloop
  endfacet
  facet normal -0.671607 0.740908 0
    outer loop
      vertex -62.9188 14.196 3.8147e-07
      vertex -63.0642 14.0642 2
      vertex -62.9188 14.196 2
    endloop
  endfacet
  facet normal -0.671607 0.740908 0
    outer loop
      vertex -63.0642 14.0642 2
      vertex -62.9188 14.196 3.8147e-07
      vertex -63.0642 14.0642 3.8147e-07
    endloop
  endfacet
  facet normal 0.80335 0.595508 0
    outer loop
      vertex 23.7129 13.7611 2
      vertex 23.596 13.9188 3.8147e-07
      vertex 23.596 13.9188 2
    endloop
  endfacet
  facet normal 0.80335 0.595508 0
    outer loop
      vertex 23.596 13.9188 3.8147e-07
      vertex 23.7129 13.7611 2
      vertex 23.7129 13.7611 3.8147e-07
    endloop
  endfacet
  facet normal 0.336788 -0.94158 0
    outer loop
      vertex 22.6306 -14.5639 3.8147e-07
      vertex 22.8154 -14.4978 2
      vertex 22.6306 -14.5639 2
    endloop
  endfacet
  facet normal 0.336788 -0.94158 0
    outer loop
      vertex 22.8154 -14.4978 2
      vertex 22.6306 -14.5639 3.8147e-07
      vertex 22.8154 -14.4978 3.8147e-07
    endloop
  endfacet
  facet normal -0.243015 0.970023 0
    outer loop
      vertex -62.0402 14.6116 3.8147e-07
      vertex -62.2306 14.5639 2
      vertex -62.0402 14.6116 2
    endloop
  endfacet
  facet normal -0.243015 0.970023 0
    outer loop
      vertex -62.2306 14.5639 2
      vertex -62.0402 14.6116 3.8147e-07
      vertex -62.2306 14.5639 3.8147e-07
    endloop
  endfacet
  facet normal 0.671607 0.740908 -0
    outer loop
      vertex 23.4642 14.0642 3.8147e-07
      vertex 23.3188 14.196 2
      vertex 23.4642 14.0642 2
    endloop
  endfacet
  facet normal 0.671607 0.740908 0
    outer loop
      vertex 23.3188 14.196 2
      vertex 23.4642 14.0642 3.8147e-07
      vertex 23.3188 14.196 3.8147e-07
    endloop
  endfacet
  facet normal 0.595508 0.80335 -0
    outer loop
      vertex 23.3188 14.196 3.8147e-07
      vertex 23.1611 14.3129 2
      vertex 23.3188 14.196 2
    endloop
  endfacet
  facet normal 0.595508 0.80335 0
    outer loop
      vertex 23.1611 14.3129 2
      vertex 23.3188 14.196 3.8147e-07
      vertex 23.1611 14.3129 3.8147e-07
    endloop
  endfacet
  facet normal -0.94158 0.336788 0
    outer loop
      vertex -63.5639 13.2306 3.8147e-07
      vertex -63.4978 13.4154 2
      vertex -63.4978 13.4154 3.8147e-07
    endloop
  endfacet
  facet normal -0.94158 0.336788 0
    outer loop
      vertex -63.4978 13.4154 2
      vertex -63.5639 13.2306 3.8147e-07
      vertex -63.5639 13.2306 2
    endloop
  endfacet
  facet normal 0.243015 0.970023 -0
    outer loop
      vertex 22.6306 14.5639 3.8147e-07
      vertex 22.4402 14.6116 2
      vertex 22.6306 14.5639 2
    endloop
  endfacet
  facet normal 0.243015 0.970023 0
    outer loop
      vertex 22.4402 14.6116 2
      vertex 22.6306 14.5639 3.8147e-07
      vertex 22.4402 14.6116 3.8147e-07
    endloop
  endfacet
  facet normal 0.514196 -0.857673 0
    outer loop
      vertex 22.9928 -14.4138 3.8147e-07
      vertex 23.1611 -14.3129 2
      vertex 22.9928 -14.4138 2
    endloop
  endfacet
  facet normal 0.514196 -0.857673 0
    outer loop
      vertex 23.1611 -14.3129 2
      vertex 22.9928 -14.4138 3.8147e-07
      vertex 23.1611 -14.3129 3.8147e-07
    endloop
  endfacet
  facet normal 0.989182 -0.146696 0
    outer loop
      vertex 24.0116 -13.0402 2
      vertex 24.0404 -12.846 3.8147e-07
      vertex 24.0404 -12.846 2
    endloop
  endfacet
  facet normal 0.989182 -0.146696 0
    outer loop
      vertex 24.0404 -12.846 3.8147e-07
      vertex 24.0116 -13.0402 2
      vertex 24.0116 -13.0402 3.8147e-07
    endloop
  endfacet
  facet normal 0.427955 -0.9038 0
    outer loop
      vertex 22.8154 -14.4978 3.8147e-07
      vertex 22.9928 -14.4138 2
      vertex 22.8154 -14.4978 2
    endloop
  endfacet
  facet normal 0.427955 -0.9038 0
    outer loop
      vertex 22.9928 -14.4138 2
      vertex 22.8154 -14.4978 3.8147e-07
      vertex 22.9928 -14.4138 3.8147e-07
    endloop
  endfacet
  facet normal 0.595508 -0.80335 0
    outer loop
      vertex 23.1611 -14.3129 3.8147e-07
      vertex 23.3188 -14.196 2
      vertex 23.1611 -14.3129 2
    endloop
  endfacet
  facet normal 0.595508 -0.80335 0
    outer loop
      vertex 23.3188 -14.196 2
      vertex 23.1611 -14.3129 3.8147e-07
      vertex 23.3188 -14.196 3.8147e-07
    endloop
  endfacet
  facet normal 0.671607 -0.740908 0
    outer loop
      vertex 23.3188 -14.196 3.8147e-07
      vertex 23.4642 -14.0642 2
      vertex 23.3188 -14.196 2
    endloop
  endfacet
  facet normal 0.671607 -0.740908 0
    outer loop
      vertex 23.4642 -14.0642 2
      vertex 23.3188 -14.196 3.8147e-07
      vertex 23.4642 -14.0642 3.8147e-07
    endloop
  endfacet
  facet normal 0 0 -1
    outer loop
      vertex -63.65 -7.5 3.2
      vertex -61.75 -3.57625 3.2
      vertex -61.75 -7.5 3.2
    endloop
  endfacet
  facet normal -0 0 -1
    outer loop
      vertex -61.75 -3.57625 3.2
      vertex -63.65 -7.5 3.2
      vertex -61.903 -3.25281 3.2
    endloop
  endfacet
  facet normal -0 0 -1
    outer loop
      vertex -61.903 -3.25281 3.2
      vertex -63.65 -7.5 3.2
      vertex -62.184 -2.46742 3.2
    endloop
  endfacet
  facet normal -0 0 -1
    outer loop
      vertex -62.184 -2.46742 3.2
      vertex -63.65 -7.5 3.2
      vertex -62.3867 -1.65827 3.2
    endloop
  endfacet
  facet normal -0 0 -1
    outer loop
      vertex -62.5091 -0.833145 3.2
      vertex -63.65 -7.5 3.2
      vertex -62.55 0 3.2
    endloop
  endfacet
  facet normal -0 0 -1
    outer loop
      vertex -62.3867 -1.65827 3.2
      vertex -63.65 -7.5 3.2
      vertex -62.5091 -0.833145 3.2
    endloop
  endfacet
  facet normal 0 0 -1
    outer loop
      vertex -63.65 7.5 3.2
      vertex -61.75 3.57625 3.2
      vertex -61.903 3.25281 3.2
    endloop
  endfacet
  facet normal 0 0 -1
    outer loop
      vertex -63.65 7.5 3.2
      vertex -61.903 3.25281 3.2
      vertex -62.184 2.46742 3.2
    endloop
  endfacet
  facet normal 0 0 -1
    outer loop
      vertex -63.65 7.5 3.2
      vertex -62.184 2.46742 3.2
      vertex -62.3867 1.65827 3.2
    endloop
  endfacet
  facet normal 0 0 -1
    outer loop
      vertex -63.65 7.5 3.2
      vertex -62.3867 1.65827 3.2
      vertex -62.5091 0.833145 3.2
    endloop
  endfacet
  facet normal 0 0 -1
    outer loop
      vertex -63.65 7.5 3.2
      vertex -62.55 0 3.2
      vertex -63.65 -7.5 3.2
    endloop
  endfacet
  facet normal 0 0 -1
    outer loop
      vertex -62.55 0 3.2
      vertex -63.65 7.5 3.2
      vertex -62.5091 0.833145 3.2
    endloop
  endfacet
  facet normal 0 0 -1
    outer loop
      vertex -61.75 3.57625 3.2
      vertex -63.65 7.5 3.2
      vertex -61.75 7.5 3.2
    endloop
  endfacet
  facet normal 0 0 1
    outer loop
      vertex -59.54 7.5 4.2
      vertex -60.0604 6.01041 4.2
      vertex -59.54 6.48208 4.2
    endloop
  endfacet
  facet normal -0 0 1
    outer loop
      vertex -63.65 7.5 4.2
      vertex -60.0604 6.01041 4.2
      vertex -59.54 7.5 4.2
    endloop
  endfacet
  facet normal 0 0 1
    outer loop
      vertex -60.0604 6.01041 4.2
      vertex -63.65 7.5 4.2
      vertex -60.6206 5.39234 4.2
    endloop
  endfacet
  facet normal 0 0 1
    outer loop
      vertex -60.6206 5.39234 4.2
      vertex -63.65 7.5 4.2
      vertex -61.1175 4.72235 4.2
    endloop
  endfacet
  facet normal 0 0 1
    outer loop
      vertex -62.5091 0.833145 4.2
      vertex -63.65 7.5 4.2
      vertex -62.55 0 4.2
    endloop
  endfacet
  facet normal 0 0 1
    outer loop
      vertex -62.3867 1.65827 4.2
      vertex -63.65 7.5 4.2
      vertex -62.5091 0.833145 4.2
    endloop
  endfacet
  facet normal 0 0 1
    outer loop
      vertex -62.184 2.46742 4.2
      vertex -63.65 7.5 4.2
      vertex -62.3867 1.65827 4.2
    endloop
  endfacet
  facet normal 0 0 1
    outer loop
      vertex -61.903 3.25281 4.2
      vertex -63.65 7.5 4.2
      vertex -62.184 2.46742 4.2
    endloop
  endfacet
  facet normal 0 0 1
    outer loop
      vertex -61.5463 4.00687 4.2
      vertex -63.65 7.5 4.2
      vertex -61.903 3.25281 4.2
    endloop
  endfacet
  facet normal 0 0 1
    outer loop
      vertex -61.1175 4.72235 4.2
      vertex -63.65 7.5 4.2
      vertex -61.5463 4.00687 4.2
    endloop
  endfacet
  facet normal 0 0 1
    outer loop
      vertex -60.0604 -6.01041 4.2
      vertex -59.54 -7.5 4.2
      vertex -59.54 -6.48208 4.2
    endloop
  endfacet
  facet normal 0 0 1
    outer loop
      vertex -63.65 -7.5 4.2
      vertex -60.0604 -6.01041 4.2
      vertex -60.6206 -5.39234 4.2
    endloop
  endfacet
  facet normal 0 0 1
    outer loop
      vertex -63.65 -7.5 4.2
      vertex -60.6206 -5.39234 4.2
      vertex -61.1175 -4.72235 4.2
    endloop
  endfacet
  facet normal 0 0 1
    outer loop
      vertex -63.65 -7.5 4.2
      vertex -61.1175 -4.72235 4.2
      vertex -61.5463 -4.00687 4.2
    endloop
  endfacet
  facet normal 0 0 1
    outer loop
      vertex -63.65 -7.5 4.2
      vertex -62.55 0 4.2
      vertex -63.65 7.5 4.2
    endloop
  endfacet
  facet normal 0 0 1
    outer loop
      vertex -60.0604 -6.01041 4.2
      vertex -63.65 -7.5 4.2
      vertex -59.54 -7.5 4.2
    endloop
  endfacet
  facet normal 0 0 1
    outer loop
      vertex -61.903 -3.25281 4.2
      vertex -63.65 -7.5 4.2
      vertex -61.5463 -4.00687 4.2
    endloop
  endfacet
  facet normal 0 0 1
    outer loop
      vertex -62.184 -2.46742 4.2
      vertex -63.65 -7.5 4.2
      vertex -61.903 -3.25281 4.2
    endloop
  endfacet
  facet normal 0 0 1
    outer loop
      vertex -62.3867 -1.65827 4.2
      vertex -63.65 -7.5 4.2
      vertex -62.184 -2.46742 4.2
    endloop
  endfacet
  facet normal 0 0 1
    outer loop
      vertex -62.5091 -0.833145 4.2
      vertex -63.65 -7.5 4.2
      vertex -62.3867 -1.65827 4.2
    endloop
  endfacet
  facet normal 0 0 1
    outer loop
      vertex -62.55 0 4.2
      vertex -63.65 -7.5 4.2
      vertex -62.5091 -0.833145 4.2
    endloop
  endfacet
  facet normal -1 0 0
    outer loop
      vertex -63.65 -7.5 3.2
      vertex -63.65 7.5 4.2
      vertex -63.65 7.5 3.2
    endloop
  endfacet
  facet normal -1 -0 0
    outer loop
      vertex -63.65 7.5 4.2
      vertex -63.65 -7.5 3.2
      vertex -63.65 -7.5 4.2
    endloop
  endfacet
  facet normal 0 -1 0
    outer loop
      vertex -61.75 -7.5 3.2
      vertex -63.65 -7.5 4.2
      vertex -63.65 -7.5 3.2
    endloop
  endfacet
  facet normal 0 -1 0
    outer loop
      vertex -63.65 -7.5 4.2
      vertex -61.75 -7.5 3.2
      vertex -59.54 -7.5 4.2
    endloop
  endfacet
  facet normal 0 -1 0
    outer loop
      vertex -59.54 -7.5 2
      vertex -61.75 -7.5 3.2
      vertex -61.75 -7.5 2
    endloop
  endfacet
  facet normal 0 -1 0
    outer loop
      vertex -61.75 -7.5 3.2
      vertex -59.54 -7.5 2
      vertex -59.54 -7.5 4.2
    endloop
  endfacet
  facet normal 0 1 0
    outer loop
      vertex -59.54 7.5 4.2
      vertex -61.75 7.5 3.2
      vertex -63.65 7.5 4.2
    endloop
  endfacet
  facet normal 0 1 -0
    outer loop
      vertex -59.54 7.5 2
      vertex -61.75 7.5 3.2
      vertex -59.54 7.5 4.2
    endloop
  endfacet
  facet normal 0 1 0
    outer loop
      vertex -61.75 7.5 3.2
      vertex -59.54 7.5 2
      vertex -61.75 7.5 2
    endloop
  endfacet
  facet normal 0 1 0
    outer loop
      vertex -63.65 7.5 4.2
      vertex -61.75 7.5 3.2
      vertex -63.65 7.5 3.2
    endloop
  endfacet
  facet normal 1 -0 0
    outer loop
      vertex -59.54 -7.5 4.2
      vertex -59.54 -6.48208 2
      vertex -59.54 -6.48208 4.2
    endloop
  endfacet
  facet normal 1 0 0
    outer loop
      vertex -59.54 -6.48208 2
      vertex -59.54 -7.5 4.2
      vertex -59.54 -7.5 2
    endloop
  endfacet
  facet normal 1 -0 0
    outer loop
      vertex -59.54 6.48208 4.2
      vertex -59.54 7.5 2
      vertex -59.54 7.5 4.2
    endloop
  endfacet
  facet normal 1 0 0
    outer loop
      vertex -59.54 7.5 2
      vertex -59.54 6.48208 4.2
      vertex -59.54 6.48208 2
    endloop
  endfacet
  facet normal -1 0 0
    outer loop
      vertex -61.75 -7.5 2
      vertex -61.75 -3.57625 3.2
      vertex -61.75 -3.57625 2
    endloop
  endfacet
  facet normal -1 -0 0
    outer loop
      vertex -61.75 -3.57625 3.2
      vertex -61.75 -7.5 2
      vertex -61.75 -7.5 3.2
    endloop
  endfacet
  facet normal -1 0 0
    outer loop
      vertex -61.75 3.57625 2
      vertex -61.75 7.5 3.2
      vertex -61.75 7.5 2
    endloop
  endfacet
  facet normal -1 -0 0
    outer loop
      vertex -61.75 7.5 3.2
      vertex -61.75 3.57625 2
      vertex -61.75 3.57625 3.2
    endloop
  endfacet
  facet normal 0.857751 0.514066 0
    outer loop
      vertex -61.1175 -4.72235 4.2
      vertex -61.5463 -4.00687 2
      vertex -61.5463 -4.00687 4.2
    endloop
  endfacet
  facet normal 0.857751 0.514066 0
    outer loop
      vertex -61.5463 -4.00687 2
      vertex -61.1175 -4.72235 4.2
      vertex -61.1175 -4.72235 2
    endloop
  endfacet
  facet normal 0.998797 -0.049032 0
    outer loop
      vertex -62.55 0 4.2
      vertex -62.5091 0.833145 3.2
      vertex -62.5091 0.833145 4.2
    endloop
  endfacet
  facet normal 0.998797 -0.049032 0
    outer loop
      vertex -62.5091 0.833145 3.2
      vertex -62.55 0 4.2
      vertex -62.55 0 3.2
    endloop
  endfacet
  facet normal 0.671564 0.740946 -0
    outer loop
      vertex -59.54 -6.48208 2
      vertex -60.0604 -6.01041 4.2
      vertex -59.54 -6.48208 4.2
    endloop
  endfacet
  facet normal 0.671564 0.740946 0
    outer loop
      vertex -60.0604 -6.01041 4.2
      vertex -59.54 -6.48208 2
      vertex -60.0604 -6.01041 2
    endloop
  endfacet
  facet normal 0.970026 -0.243001 0
    outer loop
      vertex -62.3867 1.65827 4.2
      vertex -62.184 2.46742 3.2
      vertex -62.184 2.46742 4.2
    endloop
  endfacet
  facet normal 0.970026 -0.243001 0
    outer loop
      vertex -62.184 2.46742 3.2
      vertex -62.3867 1.65827 4.2
      vertex -62.3867 1.65827 3.2
    endloop
  endfacet
  facet normal 0.941551 -0.336872 0
    outer loop
      vertex -62.184 2.46742 4.2
      vertex -61.903 3.25281 3.2
      vertex -61.903 3.25281 4.2
    endloop
  endfacet
  facet normal 0.941551 -0.336872 0
    outer loop
      vertex -61.903 3.25281 3.2
      vertex -62.184 2.46742 4.2
      vertex -62.184 2.46742 3.2
    endloop
  endfacet
  facet normal 0.970026 0.243001 0
    outer loop
      vertex -62.184 -2.46742 4.2
      vertex -62.3867 -1.65827 3.2
      vertex -62.3867 -1.65827 4.2
    endloop
  endfacet
  facet normal 0.970026 0.243001 0
    outer loop
      vertex -62.3867 -1.65827 3.2
      vertex -62.184 -2.46742 4.2
      vertex -62.184 -2.46742 3.2
    endloop
  endfacet
  facet normal 0.941551 0.336872 0
    outer loop
      vertex -61.903 -3.25281 4.2
      vertex -62.184 -2.46742 3.2
      vertex -62.184 -2.46742 4.2
    endloop
  endfacet
  facet normal 0.941551 0.336872 0
    outer loop
      vertex -62.184 -2.46742 3.2
      vertex -61.903 -3.25281 4.2
      vertex -61.903 -3.25281 3.2
    endloop
  endfacet
  facet normal 0.903963 -0.42761 0
    outer loop
      vertex -61.5463 4.00687 4.2
      vertex -61.75 3.57625 3.2
      vertex -61.5463 4.00687 2
    endloop
  endfacet
  facet normal 0.903963 -0.42761 1.58241e-07
    outer loop
      vertex -61.903 3.25281 4.2
      vertex -61.75 3.57625 3.2
      vertex -61.5463 4.00687 4.2
    endloop
  endfacet
  facet normal 0.903963 -0.427611 0
    outer loop
      vertex -61.75 3.57625 3.2
      vertex -61.903 3.25281 4.2
      vertex -61.903 3.25281 3.2
    endloop
  endfacet
  facet normal 0.903963 -0.42761 0
    outer loop
      vertex -61.5463 4.00687 2
      vertex -61.75 3.57625 3.2
      vertex -61.75 3.57625 2
    endloop
  endfacet
  facet normal 0.740943 0.671568 0
    outer loop
      vertex -60.0604 -6.01041 4.2
      vertex -60.6206 -5.39234 2
      vertex -60.6206 -5.39234 4.2
    endloop
  endfacet
  facet normal 0.740943 0.671568 0
    outer loop
      vertex -60.6206 -5.39234 2
      vertex -60.0604 -6.01041 4.2
      vertex -60.0604 -6.01041 2
    endloop
  endfacet
  facet normal 0.989176 0.146735 0
    outer loop
      vertex -62.3867 -1.65827 4.2
      vertex -62.5091 -0.833145 3.2
      vertex -62.5091 -0.833145 4.2
    endloop
  endfacet
  facet normal 0.989176 0.146735 0
    outer loop
      vertex -62.5091 -0.833145 3.2
      vertex -62.3867 -1.65827 4.2
      vertex -62.3867 -1.65827 3.2
    endloop
  endfacet
  facet normal 0.740943 -0.671568 0
    outer loop
      vertex -60.6206 5.39234 4.2
      vertex -60.0604 6.01041 2
      vertex -60.0604 6.01041 4.2
    endloop
  endfacet
  facet normal 0.740943 -0.671568 0
    outer loop
      vertex -60.0604 6.01041 2
      vertex -60.6206 5.39234 4.2
      vertex -60.6206 5.39234 2
    endloop
  endfacet
  facet normal 0.857751 -0.514066 0
    outer loop
      vertex -61.5463 4.00687 4.2
      vertex -61.1175 4.72235 2
      vertex -61.1175 4.72235 4.2
    endloop
  endfacet
  facet normal 0.857751 -0.514066 0
    outer loop
      vertex -61.1175 4.72235 2
      vertex -61.5463 4.00687 4.2
      vertex -61.5463 4.00687 2
    endloop
  endfacet
  facet normal 0.803207 -0.595701 0
    outer loop
      vertex -61.1175 4.72235 4.2
      vertex -60.6206 5.39234 2
      vertex -60.6206 5.39234 4.2
    endloop
  endfacet
  facet normal 0.803207 -0.595701 0
    outer loop
      vertex -60.6206 5.39234 2
      vertex -61.1175 4.72235 4.2
      vertex -61.1175 4.72235 2
    endloop
  endfacet
  facet normal 0.989176 -0.146735 0
    outer loop
      vertex -62.5091 0.833145 4.2
      vertex -62.3867 1.65827 3.2
      vertex -62.3867 1.65827 4.2
    endloop
  endfacet
  facet normal 0.989176 -0.146735 0
    outer loop
      vertex -62.3867 1.65827 3.2
      vertex -62.5091 0.833145 4.2
      vertex -62.5091 0.833145 3.2
    endloop
  endfacet
  facet normal 0.903963 0.427611 0
    outer loop
      vertex -61.903 -3.25281 4.2
      vertex -61.75 -3.57625 3.2
      vertex -61.903 -3.25281 3.2
    endloop
  endfacet
  facet normal 0.903963 0.42761 1.58241e-07
    outer loop
      vertex -61.5463 -4.00687 4.2
      vertex -61.75 -3.57625 3.2
      vertex -61.903 -3.25281 4.2
    endloop
  endfacet
  facet normal 0.903963 0.42761 -0
    outer loop
      vertex -61.5463 -4.00687 2
      vertex -61.75 -3.57625 3.2
      vertex -61.5463 -4.00687 4.2
    endloop
  endfacet
  facet normal 0.903963 0.42761 0
    outer loop
      vertex -61.75 -3.57625 3.2
      vertex -61.5463 -4.00687 2
      vertex -61.75 -3.57625 2
    endloop
  endfacet
  facet normal 0.671564 -0.740946 0
    outer loop
      vertex -60.0604 6.01041 2
      vertex -59.54 6.48208 4.2
      vertex -60.0604 6.01041 4.2
    endloop
  endfacet
  facet normal 0.671564 -0.740946 0
    outer loop
      vertex -59.54 6.48208 4.2
      vertex -60.0604 6.01041 2
      vertex -59.54 6.48208 2
    endloop
  endfacet
  facet normal 0.803207 0.595701 0
    outer loop
      vertex -60.6206 -5.39234 4.2
      vertex -61.1175 -4.72235 2
      vertex -61.1175 -4.72235 4.2
    endloop
  endfacet
  facet normal 0.803207 0.595701 0
    outer loop
      vertex -61.1175 -4.72235 2
      vertex -60.6206 -5.39234 4.2
      vertex -60.6206 -5.39234 2
    endloop
  endfacet
  facet normal 0.998797 0.049032 0
    outer loop
      vertex -62.5091 -0.833145 4.2
      vertex -62.55 0 3.2
      vertex -62.55 0 4.2
    endloop
  endfacet
  facet normal 0.998797 0.049032 0
    outer loop
      vertex -62.55 0 3.2
      vertex -62.5091 -0.833145 4.2
      vertex -62.5091 -0.833145 3.2
    endloop
  endfacet
  facet normal -0.989176 0.146735 0
    outer loop
      vertex -47.6749 -1.26809 0.600001
      vertex -47.5813 -0.637111 2
      vertex -47.5813 -0.637111 0.600001
    endloop
  endfacet
  facet normal -0.989176 0.146735 0
    outer loop
      vertex -47.5813 -0.637111 2
      vertex -47.6749 -1.26809 0.600001
      vertex -47.6749 -1.26809 2
    endloop
  endfacet
  facet normal -0.998795 0.0490688 0
    outer loop
      vertex -47.5813 -0.637111 0.600001
      vertex -47.55 0 2
      vertex -47.55 0 0.600001
    endloop
  endfacet
  facet normal -0.998795 0.0490688 0
    outer loop
      vertex -47.55 0 2
      vertex -47.5813 -0.637111 0.600001
      vertex -47.5813 -0.637111 2
    endloop
  endfacet
  facet normal -0.970028 0.242993 0
    outer loop
      vertex -47.8299 -1.88685 0.600001
      vertex -47.6749 -1.26809 2
      vertex -47.6749 -1.26809 0.600001
    endloop
  endfacet
  facet normal -0.970028 0.242993 0
    outer loop
      vertex -47.6749 -1.26809 2
      vertex -47.8299 -1.88685 0.600001
      vertex -47.8299 -1.88685 2
    endloop
  endfacet
  facet normal 0.14673 0.989177 -0
    outer loop
      vertex -54.6871 -6.4687 0.600001
      vertex -55.3181 -6.3751 2
      vertex -54.6871 -6.4687 2
    endloop
  endfacet
  facet normal 0.14673 0.989177 0
    outer loop
      vertex -55.3181 -6.3751 2
      vertex -54.6871 -6.4687 0.600001
      vertex -55.3181 -6.3751 0.600001
    endloop
  endfacet
  facet normal -0.803196 0.595715 0
    outer loop
      vertex -49.0254 -4.12356 0.600001
      vertex -48.6454 -3.61121 2
      vertex -48.6454 -3.61121 0.600001
    endloop
  endfacet
  facet normal -0.803196 0.595715 0
    outer loop
      vertex -48.6454 -3.61121 2
      vertex -49.0254 -4.12356 0.600001
      vertex -49.0254 -4.12356 2
    endloop
  endfacet
  facet normal -0.14673 0.989177 0
    outer loop
      vertex -52.7819 -6.3751 0.600001
      vertex -53.4129 -6.4687 2
      vertex -52.7819 -6.3751 2
    endloop
  endfacet
  facet normal -0.14673 0.989177 0
    outer loop
      vertex -53.4129 -6.4687 2
      vertex -52.7819 -6.3751 0.600001
      vertex -53.4129 -6.4687 0.600001
    endloop
  endfacet
  facet normal -0.595657 0.803239 0
    outer loop
      vertex -49.9264 -5.02457 0.600001
      vertex -50.4388 -5.40455 2
      vertex -49.9264 -5.02457 2
    endloop
  endfacet
  facet normal -0.595657 0.803239 0
    outer loop
      vertex -50.4388 -5.40455 2
      vertex -49.9264 -5.02457 0.600001
      vertex -50.4388 -5.40455 0.600001
    endloop
  endfacet
  facet normal -0.998795 -0.0490688 0
    outer loop
      vertex -47.55 0 0.600001
      vertex -47.5813 0.637111 2
      vertex -47.5813 0.637111 0.600001
    endloop
  endfacet
  facet normal -0.998795 -0.0490688 0
    outer loop
      vertex -47.5813 0.637111 2
      vertex -47.55 0 0.600001
      vertex -47.55 0 2
    endloop
  endfacet
  facet normal 0.242963 0.970035 -0
    outer loop
      vertex -55.3181 -6.3751 0.600001
      vertex -55.9369 -6.22011 2
      vertex -55.3181 -6.3751 2
    endloop
  endfacet
  facet normal 0.242963 0.970035 0
    outer loop
      vertex -55.9369 -6.22011 2
      vertex -55.3181 -6.3751 0.600001
      vertex -55.9369 -6.22011 0.600001
    endloop
  endfacet
  facet normal 0.989176 0.146735 0
    outer loop
      vertex -60.4251 -1.26809 2
      vertex -60.5187 -0.637111 0.600001
      vertex -60.5187 -0.637111 2
    endloop
  endfacet
  facet normal 0.989176 0.146735 0
    outer loop
      vertex -60.5187 -0.637111 0.600001
      vertex -60.4251 -1.26809 2
      vertex -60.4251 -1.26809 0.600001
    endloop
  endfacet
  facet normal -0.427518 0.904007 0
    outer loop
      vertex -50.9859 -5.73249 0.600001
      vertex -51.5626 -6.00522 2
      vertex -50.9859 -5.73249 2
    endloop
  endfacet
  facet normal -0.427518 0.904007 0
    outer loop
      vertex -51.5626 -6.00522 2
      vertex -50.9859 -5.73249 0.600001
      vertex -51.5626 -6.00522 0.600001
    endloop
  endfacet
  facet normal -0.671594 -0.74092 0
    outer loop
      vertex -49.9264 5.02457 0.600001
      vertex -49.4538 4.59619 2
      vertex -49.9264 5.02457 2
    endloop
  endfacet
  facet normal -0.671594 -0.74092 -0
    outer loop
      vertex -49.4538 4.59619 2
      vertex -49.9264 5.02457 0.600001
      vertex -49.4538 4.59619 0.600001
    endloop
  endfacet
  facet normal 0.427518 0.904007 -0
    outer loop
      vertex -56.5374 -6.00522 0.600001
      vertex -57.1141 -5.73249 2
      vertex -56.5374 -6.00522 2
    endloop
  endfacet
  facet normal 0.427518 0.904007 0
    outer loop
      vertex -57.1141 -5.73249 2
      vertex -56.5374 -6.00522 0.600001
      vertex -57.1141 -5.73249 0.600001
    endloop
  endfacet
  facet normal 0.970028 0.242993 0
    outer loop
      vertex -60.2701 -1.88685 2
      vertex -60.4251 -1.26809 0.600001
      vertex -60.4251 -1.26809 2
    endloop
  endfacet
  facet normal 0.970028 0.242993 0
    outer loop
      vertex -60.4251 -1.26809 0.600001
      vertex -60.2701 -1.88685 2
      vertex -60.2701 -1.88685 0.600001
    endloop
  endfacet
  facet normal 0.595657 -0.803239 0
    outer loop
      vertex -58.1736 5.02457 0.600001
      vertex -57.6612 5.40455 2
      vertex -58.1736 5.02457 2
    endloop
  endfacet
  facet normal 0.595657 -0.803239 0
    outer loop
      vertex -57.6612 5.40455 2
      vertex -58.1736 5.02457 0.600001
      vertex -57.6612 5.40455 0.600001
    endloop
  endfacet
  facet normal 0.671594 -0.74092 0
    outer loop
      vertex -58.6462 4.59619 0.600001
      vertex -58.1736 5.02457 2
      vertex -58.6462 4.59619 2
    endloop
  endfacet
  facet normal 0.671594 -0.74092 0
    outer loop
      vertex -58.1736 5.02457 2
      vertex -58.6462 4.59619 0.600001
      vertex -58.1736 5.02457 0.600001
    endloop
  endfacet
  facet normal -0.427518 -0.904007 0
    outer loop
      vertex -51.5626 6.00522 0.600001
      vertex -50.9859 5.73249 2
      vertex -51.5626 6.00522 2
    endloop
  endfacet
  facet normal -0.427518 -0.904007 -0
    outer loop
      vertex -50.9859 5.73249 2
      vertex -51.5626 6.00522 0.600001
      vertex -50.9859 5.73249 0.600001
    endloop
  endfacet
  facet normal 0.857754 0.51406 0
    outer loop
      vertex -59.4546 -3.61121 2
      vertex -59.7825 -3.06408 0.600001
      vertex -59.7825 -3.06408 2
    endloop
  endfacet
  facet normal 0.857754 0.51406 0
    outer loop
      vertex -59.7825 -3.06408 0.600001
      vertex -59.4546 -3.61121 2
      vertex -59.4546 -3.61121 0.600001
    endloop
  endfacet
  facet normal -0.671594 0.74092 0
    outer loop
      vertex -49.4538 -4.59619 0.600001
      vertex -49.9264 -5.02457 2
      vertex -49.4538 -4.59619 2
    endloop
  endfacet
  facet normal -0.671594 0.74092 0
    outer loop
      vertex -49.9264 -5.02457 2
      vertex -49.4538 -4.59619 0.600001
      vertex -49.9264 -5.02457 0.600001
    endloop
  endfacet
  facet normal 0.989176 -0.146735 0
    outer loop
      vertex -60.5187 0.637111 2
      vertex -60.4251 1.26809 0.600001
      vertex -60.4251 1.26809 2
    endloop
  endfacet
  facet normal 0.989176 -0.146735 0
    outer loop
      vertex -60.4251 1.26809 0.600001
      vertex -60.5187 0.637111 2
      vertex -60.5187 0.637111 0.600001
    endloop
  endfacet
  facet normal -0.857754 -0.51406 0
    outer loop
      vertex -48.3175 3.06408 0.600001
      vertex -48.6454 3.61121 2
      vertex -48.6454 3.61121 0.600001
    endloop
  endfacet
  facet normal -0.857754 -0.51406 0
    outer loop
      vertex -48.6454 3.61121 2
      vertex -48.3175 3.06408 0.600001
      vertex -48.3175 3.06408 2
    endloop
  endfacet
  facet normal -0.336928 0.94153 0
    outer loop
      vertex -51.5626 -6.00522 0.600001
      vertex -52.1631 -6.22011 2
      vertex -51.5626 -6.00522 2
    endloop
  endfacet
  facet normal -0.336928 0.94153 0
    outer loop
      vertex -52.1631 -6.22011 2
      vertex -51.5626 -6.00522 0.600001
      vertex -52.1631 -6.22011 0.600001
    endloop
  endfacet
  facet normal 0.336928 0.94153 -0
    outer loop
      vertex -55.9369 -6.22011 0.600001
      vertex -56.5374 -6.00522 2
      vertex -55.9369 -6.22011 2
    endloop
  endfacet
  facet normal 0.336928 0.94153 0
    outer loop
      vertex -56.5374 -6.00522 2
      vertex -55.9369 -6.22011 0.600001
      vertex -56.5374 -6.00522 0.600001
    endloop
  endfacet
  facet normal -0.904008 0.427516 0
    outer loop
      vertex -48.3175 -3.06408 0.600001
      vertex -48.0448 -2.48744 2
      vertex -48.0448 -2.48744 0.600001
    endloop
  endfacet
  facet normal -0.904008 0.427516 0
    outer loop
      vertex -48.0448 -2.48744 2
      vertex -48.3175 -3.06408 0.600001
      vertex -48.3175 -3.06408 2
    endloop
  endfacet
  facet normal 0.970028 -0.242993 0
    outer loop
      vertex -60.4251 1.26809 2
      vertex -60.2701 1.88685 0.600001
      vertex -60.2701 1.88685 2
    endloop
  endfacet
  facet normal 0.970028 -0.242993 0
    outer loop
      vertex -60.2701 1.88685 0.600001
      vertex -60.4251 1.26809 2
      vertex -60.4251 1.26809 0.600001
    endloop
  endfacet
  facet normal 0.941541 -0.336897 0
    outer loop
      vertex -60.2701 1.88685 2
      vertex -60.0552 2.48744 0.600001
      vertex -60.0552 2.48744 2
    endloop
  endfacet
  facet normal 0.941541 -0.336897 0
    outer loop
      vertex -60.0552 2.48744 0.600001
      vertex -60.2701 1.88685 2
      vertex -60.2701 1.88685 0.600001
    endloop
  endfacet
  facet normal -0.970028 -0.242993 0
    outer loop
      vertex -47.6749 1.26809 0.600001
      vertex -47.8299 1.88685 2
      vertex -47.8299 1.88685 0.600001
    endloop
  endfacet
  facet normal -0.970028 -0.242993 0
    outer loop
      vertex -47.8299 1.88685 2
      vertex -47.6749 1.26809 0.600001
      vertex -47.6749 1.26809 2
    endloop
  endfacet
  facet normal -0.740925 0.671587 0
    outer loop
      vertex -49.4538 -4.59619 0.600001
      vertex -49.0254 -4.12356 2
      vertex -49.0254 -4.12356 0.600001
    endloop
  endfacet
  facet normal -0.740925 0.671587 0
    outer loop
      vertex -49.0254 -4.12356 2
      vertex -49.4538 -4.59619 0.600001
      vertex -49.4538 -4.59619 2
    endloop
  endfacet
  facet normal -0.14673 -0.989177 0
    outer loop
      vertex -53.4129 6.4687 0.600001
      vertex -52.7819 6.3751 2
      vertex -53.4129 6.4687 2
    endloop
  endfacet
  facet normal -0.14673 -0.989177 -0
    outer loop
      vertex -52.7819 6.3751 2
      vertex -53.4129 6.4687 0.600001
      vertex -52.7819 6.3751 0.600001
    endloop
  endfacet
  facet normal -0.514127 0.857714 0
    outer loop
      vertex -50.4388 -5.40455 0.600001
      vertex -50.9859 -5.73249 2
      vertex -50.4388 -5.40455 2
    endloop
  endfacet
  facet normal -0.514127 0.857714 0
    outer loop
      vertex -50.9859 -5.73249 2
      vertex -50.4388 -5.40455 0.600001
      vertex -50.9859 -5.73249 0.600001
    endloop
  endfacet
  facet normal -0.242963 -0.970035 0
    outer loop
      vertex -52.7819 6.3751 0.600001
      vertex -52.1631 6.22011 2
      vertex -52.7819 6.3751 2
    endloop
  endfacet
  facet normal -0.242963 -0.970035 -0
    outer loop
      vertex -52.1631 6.22011 2
      vertex -52.7819 6.3751 0.600001
      vertex -52.1631 6.22011 0.600001
    endloop
  endfacet
  facet normal -0.336928 -0.94153 0
    outer loop
      vertex -52.1631 6.22011 0.600001
      vertex -51.5626 6.00522 2
      vertex -52.1631 6.22011 2
    endloop
  endfacet
  facet normal -0.336928 -0.94153 -0
    outer loop
      vertex -51.5626 6.00522 2
      vertex -52.1631 6.22011 0.600001
      vertex -51.5626 6.00522 0.600001
    endloop
  endfacet
  facet normal -0.514127 -0.857714 0
    outer loop
      vertex -50.9859 5.73249 0.600001
      vertex -50.4388 5.40455 2
      vertex -50.9859 5.73249 2
    endloop
  endfacet
  facet normal -0.514127 -0.857714 -0
    outer loop
      vertex -50.4388 5.40455 2
      vertex -50.9859 5.73249 0.600001
      vertex -50.4388 5.40455 0.600001
    endloop
  endfacet
  facet normal -0.803196 -0.595715 0
    outer loop
      vertex -48.6454 3.61121 0.600001
      vertex -49.0254 4.12356 2
      vertex -49.0254 4.12356 0.600001
    endloop
  endfacet
  facet normal -0.803196 -0.595715 0
    outer loop
      vertex -49.0254 4.12356 2
      vertex -48.6454 3.61121 0.600001
      vertex -48.6454 3.61121 2
    endloop
  endfacet
  facet normal -0.941541 0.336897 0
    outer loop
      vertex -48.0448 -2.48744 0.600001
      vertex -47.8299 -1.88685 2
      vertex -47.8299 -1.88685 0.600001
    endloop
  endfacet
  facet normal -0.941541 0.336897 0
    outer loop
      vertex -47.8299 -1.88685 2
      vertex -48.0448 -2.48744 0.600001
      vertex -48.0448 -2.48744 2
    endloop
  endfacet
  facet normal -0.595657 -0.803239 0
    outer loop
      vertex -50.4388 5.40455 0.600001
      vertex -49.9264 5.02457 2
      vertex -50.4388 5.40455 2
    endloop
  endfacet
  facet normal -0.595657 -0.803239 -0
    outer loop
      vertex -49.9264 5.02457 2
      vertex -50.4388 5.40455 0.600001
      vertex -49.9264 5.02457 0.600001
    endloop
  endfacet
  facet normal 0.941541 0.336897 0
    outer loop
      vertex -60.0552 -2.48744 2
      vertex -60.2701 -1.88685 0.600001
      vertex -60.2701 -1.88685 2
    endloop
  endfacet
  facet normal 0.941541 0.336897 0
    outer loop
      vertex -60.2701 -1.88685 0.600001
      vertex -60.0552 -2.48744 2
      vertex -60.0552 -2.48744 0.600001
    endloop
  endfacet
  facet normal 0.242963 -0.970035 0
    outer loop
      vertex -55.9369 6.22011 0.600001
      vertex -55.3181 6.3751 2
      vertex -55.9369 6.22011 2
    endloop
  endfacet
  facet normal 0.242963 -0.970035 0
    outer loop
      vertex -55.3181 6.3751 2
      vertex -55.9369 6.22011 0.600001
      vertex -55.3181 6.3751 0.600001
    endloop
  endfacet
  facet normal 0.0490697 0.998795 -0
    outer loop
      vertex -54.05 -6.5 0.600001
      vertex -54.6871 -6.4687 2
      vertex -54.05 -6.5 2
    endloop
  endfacet
  facet normal 0.0490697 0.998795 0
    outer loop
      vertex -54.6871 -6.4687 2
      vertex -54.05 -6.5 0.600001
      vertex -54.6871 -6.4687 0.600001
    endloop
  endfacet
  facet normal 0.740925 -0.671587 0
    outer loop
      vertex -59.0746 4.12356 2
      vertex -58.6462 4.59619 0.600001
      vertex -58.6462 4.59619 2
    endloop
  endfacet
  facet normal 0.740925 -0.671587 0
    outer loop
      vertex -58.6462 4.59619 0.600001
      vertex -59.0746 4.12356 2
      vertex -59.0746 4.12356 0.600001
    endloop
  endfacet
  facet normal -0.989176 -0.146735 0
    outer loop
      vertex -47.5813 0.637111 0.600001
      vertex -47.6749 1.26809 2
      vertex -47.6749 1.26809 0.600001
    endloop
  endfacet
  facet normal -0.989176 -0.146735 0
    outer loop
      vertex -47.6749 1.26809 2
      vertex -47.5813 0.637111 0.600001
      vertex -47.5813 0.637111 2
    endloop
  endfacet
  facet normal -0.857754 0.51406 0
    outer loop
      vertex -48.6454 -3.61121 0.600001
      vertex -48.3175 -3.06408 2
      vertex -48.3175 -3.06408 0.600001
    endloop
  endfacet
  facet normal -0.857754 0.51406 0
    outer loop
      vertex -48.3175 -3.06408 2
      vertex -48.6454 -3.61121 0.600001
      vertex -48.6454 -3.61121 2
    endloop
  endfacet
  facet normal 0.595657 0.803239 -0
    outer loop
      vertex -57.6612 -5.40455 0.600001
      vertex -58.1736 -5.02457 2
      vertex -57.6612 -5.40455 2
    endloop
  endfacet
  facet normal 0.595657 0.803239 0
    outer loop
      vertex -58.1736 -5.02457 2
      vertex -57.6612 -5.40455 0.600001
      vertex -58.1736 -5.02457 0.600001
    endloop
  endfacet
  facet normal 0.671594 0.74092 -0
    outer loop
      vertex -58.1736 -5.02457 0.600001
      vertex -58.6462 -4.59619 2
      vertex -58.1736 -5.02457 2
    endloop
  endfacet
  facet normal 0.671594 0.74092 0
    outer loop
      vertex -58.6462 -4.59619 2
      vertex -58.1736 -5.02457 0.600001
      vertex -58.6462 -4.59619 0.600001
    endloop
  endfacet
  facet normal 0.0490697 -0.998795 0
    outer loop
      vertex -54.6871 6.4687 0.600001
      vertex -54.05 6.5 2
      vertex -54.6871 6.4687 2
    endloop
  endfacet
  facet normal 0.0490697 -0.998795 0
    outer loop
      vertex -54.05 6.5 2
      vertex -54.6871 6.4687 0.600001
      vertex -54.05 6.5 0.600001
    endloop
  endfacet
  facet normal 0.803196 0.595715 0
    outer loop
      vertex -59.0746 -4.12356 2
      vertex -59.4546 -3.61121 0.600001
      vertex -59.4546 -3.61121 2
    endloop
  endfacet
  facet normal 0.803196 0.595715 0
    outer loop
      vertex -59.4546 -3.61121 0.600001
      vertex -59.0746 -4.12356 2
      vertex -59.0746 -4.12356 0.600001
    endloop
  endfacet
  facet normal 0.803196 -0.595715 0
    outer loop
      vertex -59.4546 3.61121 2
      vertex -59.0746 4.12356 0.600001
      vertex -59.0746 4.12356 2
    endloop
  endfacet
  facet normal 0.803196 -0.595715 0
    outer loop
      vertex -59.0746 4.12356 0.600001
      vertex -59.4546 3.61121 2
      vertex -59.4546 3.61121 0.600001
    endloop
  endfacet
  facet normal 0.740925 0.671587 0
    outer loop
      vertex -58.6462 -4.59619 2
      vertex -59.0746 -4.12356 0.600001
      vertex -59.0746 -4.12356 2
    endloop
  endfacet
  facet normal 0.740925 0.671587 0
    outer loop
      vertex -59.0746 -4.12356 0.600001
      vertex -58.6462 -4.59619 2
      vertex -58.6462 -4.59619 0.600001
    endloop
  endfacet
  facet normal 0.514127 0.857714 -0
    outer loop
      vertex -57.1141 -5.73249 0.600001
      vertex -57.6612 -5.40455 2
      vertex -57.1141 -5.73249 2
    endloop
  endfacet
  facet normal 0.514127 0.857714 0
    outer loop
      vertex -57.6612 -5.40455 2
      vertex -57.1141 -5.73249 0.600001
      vertex -57.6612 -5.40455 0.600001
    endloop
  endfacet
  facet normal 0.857754 -0.51406 0
    outer loop
      vertex -59.7825 3.06408 2
      vertex -59.4546 3.61121 0.600001
      vertex -59.4546 3.61121 2
    endloop
  endfacet
  facet normal 0.857754 -0.51406 0
    outer loop
      vertex -59.4546 3.61121 0.600001
      vertex -59.7825 3.06408 2
      vertex -59.7825 3.06408 0.600001
    endloop
  endfacet
  facet normal 0.336928 -0.94153 0
    outer loop
      vertex -56.5374 6.00522 0.600001
      vertex -55.9369 6.22011 2
      vertex -56.5374 6.00522 2
    endloop
  endfacet
  facet normal 0.336928 -0.94153 0
    outer loop
      vertex -55.9369 6.22011 2
      vertex -56.5374 6.00522 0.600001
      vertex -55.9369 6.22011 0.600001
    endloop
  endfacet
  facet normal 0.904008 -0.427516 0
    outer loop
      vertex -60.0552 2.48744 2
      vertex -59.7825 3.06408 0.600001
      vertex -59.7825 3.06408 2
    endloop
  endfacet
  facet normal 0.904008 -0.427516 0
    outer loop
      vertex -59.7825 3.06408 0.600001
      vertex -60.0552 2.48744 2
      vertex -60.0552 2.48744 0.600001
    endloop
  endfacet
  facet normal -0.740925 -0.671587 0
    outer loop
      vertex -49.0254 4.12356 0.600001
      vertex -49.4538 4.59619 2
      vertex -49.4538 4.59619 0.600001
    endloop
  endfacet
  facet normal -0.740925 -0.671587 0
    outer loop
      vertex -49.4538 4.59619 2
      vertex -49.0254 4.12356 0.600001
      vertex -49.0254 4.12356 2
    endloop
  endfacet
  facet normal -0.941541 -0.336897 0
    outer loop
      vertex -47.8299 1.88685 0.600001
      vertex -48.0448 2.48744 2
      vertex -48.0448 2.48744 0.600001
    endloop
  endfacet
  facet normal -0.941541 -0.336897 0
    outer loop
      vertex -48.0448 2.48744 2
      vertex -47.8299 1.88685 0.600001
      vertex -47.8299 1.88685 2
    endloop
  endfacet
  facet normal -0.0490697 -0.998795 0
    outer loop
      vertex -54.05 6.5 0.600001
      vertex -53.4129 6.4687 2
      vertex -54.05 6.5 2
    endloop
  endfacet
  facet normal -0.0490697 -0.998795 -0
    outer loop
      vertex -53.4129 6.4687 2
      vertex -54.05 6.5 0.600001
      vertex -53.4129 6.4687 0.600001
    endloop
  endfacet
  facet normal -0.0490697 0.998795 0
    outer loop
      vertex -53.4129 -6.4687 0.600001
      vertex -54.05 -6.5 2
      vertex -53.4129 -6.4687 2
    endloop
  endfacet
  facet normal -0.0490697 0.998795 0
    outer loop
      vertex -54.05 -6.5 2
      vertex -53.4129 -6.4687 0.600001
      vertex -54.05 -6.5 0.600001
    endloop
  endfacet
  facet normal 0.904008 0.427516 0
    outer loop
      vertex -59.7825 -3.06408 2
      vertex -60.0552 -2.48744 0.600001
      vertex -60.0552 -2.48744 2
    endloop
  endfacet
  facet normal 0.904008 0.427516 0
    outer loop
      vertex -60.0552 -2.48744 0.600001
      vertex -59.7825 -3.06408 2
      vertex -59.7825 -3.06408 0.600001
    endloop
  endfacet
  facet normal -0.904008 -0.427516 0
    outer loop
      vertex -48.0448 2.48744 0.600001
      vertex -48.3175 3.06408 2
      vertex -48.3175 3.06408 0.600001
    endloop
  endfacet
  facet normal -0.904008 -0.427516 0
    outer loop
      vertex -48.3175 3.06408 2
      vertex -48.0448 2.48744 0.600001
      vertex -48.0448 2.48744 2
    endloop
  endfacet
  facet normal -0.242963 0.970035 0
    outer loop
      vertex -52.1631 -6.22011 0.600001
      vertex -52.7819 -6.3751 2
      vertex -52.1631 -6.22011 2
    endloop
  endfacet
  facet normal -0.242963 0.970035 0
    outer loop
      vertex -52.7819 -6.3751 2
      vertex -52.1631 -6.22011 0.600001
      vertex -52.7819 -6.3751 0.600001
    endloop
  endfacet
  facet normal 0.998795 0.0490688 0
    outer loop
      vertex -60.5187 -0.637111 2
      vertex -60.55 0 0.600001
      vertex -60.55 0 2
    endloop
  endfacet
  facet normal 0.998795 0.0490688 0
    outer loop
      vertex -60.55 0 0.600001
      vertex -60.5187 -0.637111 2
      vertex -60.5187 -0.637111 0.600001
    endloop
  endfacet
  facet normal 0.998795 -0.0490688 0
    outer loop
      vertex -60.55 0 2
      vertex -60.5187 0.637111 0.600001
      vertex -60.5187 0.637111 2
    endloop
  endfacet
  facet normal 0.998795 -0.0490688 0
    outer loop
      vertex -60.5187 0.637111 0.600001
      vertex -60.55 0 2
      vertex -60.55 0 0.600001
    endloop
  endfacet
  facet normal 0.14673 -0.989177 0
    outer loop
      vertex -55.3181 6.3751 0.600001
      vertex -54.6871 6.4687 2
      vertex -55.3181 6.3751 2
    endloop
  endfacet
  facet normal 0.14673 -0.989177 0
    outer loop
      vertex -54.6871 6.4687 2
      vertex -55.3181 6.3751 0.600001
      vertex -54.6871 6.4687 0.600001
    endloop
  endfacet
  facet normal 0.427518 -0.904007 0
    outer loop
      vertex -57.1141 5.73249 0.600001
      vertex -56.5374 6.00522 2
      vertex -57.1141 5.73249 2
    endloop
  endfacet
  facet normal 0.427518 -0.904007 0
    outer loop
      vertex -56.5374 6.00522 2
      vertex -57.1141 5.73249 0.600001
      vertex -56.5374 6.00522 0.600001
    endloop
  endfacet
  facet normal 0.514127 -0.857714 0
    outer loop
      vertex -57.6612 5.40455 0.600001
      vertex -57.1141 5.73249 2
      vertex -57.6612 5.40455 2
    endloop
  endfacet
  facet normal 0.514127 -0.857714 0
    outer loop
      vertex -57.1141 5.73249 2
      vertex -57.6612 5.40455 0.600001
      vertex -57.1141 5.73249 0.600001
    endloop
  endfacet
  facet normal 0.712308 0.0409188 -0.700673
    outer loop
      vertex -60.55 0 0.600001
      vertex -61.1396 -0.0104447 3.8147e-07
      vertex -61.1402 0 3.8147e-07
    endloop
  endfacet
  facet normal 0.71252 0.0350047 -0.700778
    outer loop
      vertex -61.1396 -0.0104447 3.8147e-07
      vertex -60.55 0 0.600001
      vertex -60.5187 -0.637111 0.600001
    endloop
  endfacet
  facet normal 0.528531 0.479092 -0.700804
    outer loop
      vertex -59.0746 -4.12356 0.600001
      vertex -59.0705 -5.00575 3.8147e-07
      vertex -59.5308 -4.49795 3.8147e-07
    endloop
  endfacet
  facet normal -0.304969 -0.644871 -0.70081
    outer loop
      vertex -51.5626 6.00522 0.600001
      vertex -51.3273 6.54599 3.8147e-07
      vertex -50.9859 5.73249 0.600001
    endloop
  endfacet
  facet normal -0.306357 -0.64424 -0.700785
    outer loop
      vertex -51.3273 6.54599 3.8147e-07
      vertex -51.5626 6.00522 0.600001
      vertex -51.3367 6.55046 3.8147e-07
    endloop
  endfacet
  facet normal 0.69195 0.1733 -0.700837
    outer loop
      vertex -60.2701 -1.88685 0.600001
      vertex -60.8349 -2.05817 3.8147e-07
      vertex -61.0014 -1.39337 3.8147e-07
    endloop
  endfacet
  facet normal -0.712467 0.0350763 -0.700829
    outer loop
      vertex -46.9598 0 3.8147e-07
      vertex -46.9935 -0.684512 3.8147e-07
      vertex -47.55 0 0.600001
    endloop
  endfacet
  facet normal -0.712511 0.0350042 -0.700788
    outer loop
      vertex -46.9935 -0.684512 3.8147e-07
      vertex -47.5813 -0.637111 0.600001
      vertex -47.55 0 0.600001
    endloop
  endfacet
  facet normal -0.712568 0.0341105 -0.700773
    outer loop
      vertex -47.5813 -0.637111 0.600001
      vertex -46.9935 -0.684512 3.8147e-07
      vertex -46.994 -0.694957 3.8147e-07
    endloop
  endfacet
  facet normal -0.173337 -0.691972 -0.700806
    outer loop
      vertex -51.9918 6.78486 3.8147e-07
      vertex -52.1631 6.22011 0.600001
      vertex -52.6566 6.95139 3.8147e-07
    endloop
  endfacet
  facet normal 0.304975 -0.644883 -0.700796
    outer loop
      vertex -57.1141 5.73249 0.600001
      vertex -57.3828 6.25744 3.8147e-07
      vertex -56.5374 6.00522 0.600001
    endloop
  endfacet
  facet normal 0.303724 -0.645498 -0.700774
    outer loop
      vertex -57.3828 6.25744 3.8147e-07
      vertex -57.1141 5.73249 0.600001
      vertex -57.3923 6.25297 3.8147e-07
    endloop
  endfacet
  facet normal 0.240305 0.671644 -0.700819
    outer loop
      vertex -56.5374 -6.00522 0.600001
      vertex -56.118 -6.78134 3.8147e-07
      vertex -56.7633 -6.55046 3.8147e-07
    endloop
  endfacet
  facet normal 0.424922 -0.572967 -0.700821
    outer loop
      vertex -57.9891 5.89526 3.8147e-07
      vertex -57.6612 5.40455 0.600001
      vertex -58.5396 5.487 3.8147e-07
    endloop
  endfacet
  facet normal 0.644897 -0.30498 -0.700782
    outer loop
      vertex -60.3074 3.33283 3.8147e-07
      vertex -59.7825 3.06408 0.600001
      vertex -60.0552 2.48744 0.600001
    endloop
  endfacet
  facet normal 0.646776 -0.301145 -0.700708
    outer loop
      vertex -59.7825 3.06408 0.600001
      vertex -60.3074 3.33283 3.8147e-07
      vertex -60.303 3.34228 3.8147e-07
    endloop
  endfacet
  facet normal -0.528549 -0.479086 -0.700795
    outer loop
      vertex -49.4538 4.59619 0.600001
      vertex -49.0295 5.00575 3.8147e-07
      vertex -49.0254 4.12356 0.600001
    endloop
  endfacet
  facet normal -0.529403 -0.478171 -0.700775
    outer loop
      vertex -49.0295 5.00575 3.8147e-07
      vertex -49.4538 4.59619 0.600001
      vertex -49.0365 5.0135 3.8147e-07
    endloop
  endfacet
  facet normal -0.240344 0.671646 -0.700804
    outer loop
      vertex -51.3466 -6.55398 3.8147e-07
      vertex -51.9918 -6.78486 3.8147e-07
      vertex -52.1631 -6.22011 0.600001
    endloop
  endfacet
  facet normal 0.6448 -0.30505 -0.700841
    outer loop
      vertex -60.3074 3.33283 3.8147e-07
      vertex -60.0552 2.48744 0.600001
      vertex -60.6005 2.71329 3.8147e-07
    endloop
  endfacet
  facet normal -0.6448 -0.30505 -0.700841
    outer loop
      vertex -47.7926 3.33283 3.8147e-07
      vertex -47.4995 2.71329 3.8147e-07
      vertex -48.0448 2.48744 0.600001
    endloop
  endfacet
  facet normal -0.692599 -0.170591 -0.70086
    outer loop
      vertex -47.6749 1.26809 0.600001
      vertex -47.0986 1.39337 3.8147e-07
      vertex -47.0961 1.38322 3.8147e-07
    endloop
  endfacet
  facet normal -0.691959 -0.173336 -0.700819
    outer loop
      vertex -47.0986 1.39337 3.8147e-07
      vertex -47.6749 1.26809 0.600001
      vertex -47.8299 1.88685 0.600001
    endloop
  endfacet
  facet normal -0.104673 0.705624 -0.700812
    outer loop
      vertex -52.6771 -6.95546 3.8147e-07
      vertex -53.355 -7.05602 3.8147e-07
      vertex -53.4129 -6.4687 0.600001
    endloop
  endfacet
  facet normal -0.572999 0.424906 -0.700804
    outer loop
      vertex -48.161 -3.94748 3.8147e-07
      vertex -48.5692 -4.49795 3.8147e-07
      vertex -49.0254 -4.12356 0.600001
    endloop
  endfacet
  facet normal 0.705621 -0.104672 -0.700816
    outer loop
      vertex -60.5187 0.637111 0.600001
      vertex -61.1045 0.705301 3.8147e-07
      vertex -60.4251 1.26809 0.600001
    endloop
  endfacet
  facet normal 0.705924 -0.102367 -0.700851
    outer loop
      vertex -61.1045 0.705301 3.8147e-07
      vertex -60.5187 0.637111 0.600001
      vertex -61.106 0.694957 3.8147e-07
    endloop
  endfacet
  facet normal 0.691959 0.173336 -0.700819
    outer loop
      vertex -61.0014 -1.39337 3.8147e-07
      vertex -60.4251 -1.26809 0.600001
      vertex -60.2701 -1.88685 0.600001
    endloop
  endfacet
  facet normal 0.692599 0.170591 -0.70086
    outer loop
      vertex -60.4251 -1.26809 0.600001
      vertex -61.0014 -1.39337 3.8147e-07
      vertex -61.0039 -1.38322 3.8147e-07
    endloop
  endfacet
  facet normal -0.10467 -0.705626 -0.700811
    outer loop
      vertex -52.6771 6.95546 3.8147e-07
      vertex -52.7819 6.3751 0.600001
      vertex -53.4129 6.4687 0.600001
    endloop
  endfacet
  facet normal -0.104813 -0.705603 -0.700813
    outer loop
      vertex -52.7819 6.3751 0.600001
      vertex -52.6771 6.95546 3.8147e-07
      vertex -52.6668 6.95393 3.8147e-07
    endloop
  endfacet
  facet normal 0.47907 -0.528523 -0.700825
    outer loop
      vertex -58.6462 4.59619 0.600001
      vertex -59.0558 5.02052 3.8147e-07
      vertex -58.1736 5.02457 0.600001
    endloop
  endfacet
  facet normal 0.480569 -0.52712 -0.700855
    outer loop
      vertex -59.0558 5.02052 3.8147e-07
      vertex -58.6462 4.59619 0.600001
      vertex -59.0635 5.0135 3.8147e-07
    endloop
  endfacet
  facet normal -0.479062 -0.528555 -0.700806
    outer loop
      vertex -49.0365 5.0135 3.8147e-07
      vertex -49.4538 4.59619 0.600001
      vertex -49.5443 5.47375 3.8147e-07
    endloop
  endfacet
  facet normal 0.705924 0.102367 -0.700851
    outer loop
      vertex -60.5187 -0.637111 0.600001
      vertex -61.1045 -0.705301 3.8147e-07
      vertex -61.106 -0.694957 3.8147e-07
    endloop
  endfacet
  facet normal 0.705621 0.104672 -0.700816
    outer loop
      vertex -61.1045 -0.705301 3.8147e-07
      vertex -60.5187 -0.637111 0.600001
      vertex -60.4251 -1.26809 0.600001
    endloop
  endfacet
  facet normal 0.424922 0.572967 -0.700821
    outer loop
      vertex -57.6612 -5.40455 0.600001
      vertex -57.9891 -5.89526 3.8147e-07
      vertex -58.5396 -5.487 3.8147e-07
    endloop
  endfacet
  facet normal 0.173321 -0.691986 -0.700797
    outer loop
      vertex -55.9369 6.22011 0.600001
      vertex -56.098 6.7874 3.8147e-07
      vertex -55.3181 6.3751 0.600001
    endloop
  endfacet
  facet normal 0.17238 -0.692236 -0.700781
    outer loop
      vertex -56.098 6.7874 3.8147e-07
      vertex -55.9369 6.22011 0.600001
      vertex -56.1082 6.78486 3.8147e-07
    endloop
  endfacet
  facet normal -0.424947 -0.572963 -0.700809
    outer loop
      vertex -49.9264 5.02457 0.600001
      vertex -49.5604 5.487 3.8147e-07
      vertex -49.552 5.48077 3.8147e-07
    endloop
  endfacet
  facet normal -0.424912 -0.57299 -0.700808
    outer loop
      vertex -49.5604 5.487 3.8147e-07
      vertex -49.9264 5.02457 0.600001
      vertex -50.4388 5.40455 0.600001
    endloop
  endfacet
  facet normal -0.705649 -0.10461 -0.700797
    outer loop
      vertex -47.0945 1.37288 3.8147e-07
      vertex -46.994 0.694957 3.8147e-07
      vertex -47.5813 0.637111 0.600001
    endloop
  endfacet
  facet normal -0.104813 0.705603 -0.700813
    outer loop
      vertex -52.6771 -6.95546 3.8147e-07
      vertex -52.7819 -6.3751 0.600001
      vertex -52.6668 -6.95393 3.8147e-07
    endloop
  endfacet
  facet normal -0.10467 0.705626 -0.700811
    outer loop
      vertex -52.7819 -6.3751 0.600001
      vertex -52.6771 -6.95546 3.8147e-07
      vertex -53.4129 -6.4687 0.600001
    endloop
  endfacet
  facet normal -0.671647 -0.240231 -0.700842
    outer loop
      vertex -47.4995 2.71329 3.8147e-07
      vertex -47.2687 2.06801 3.8147e-07
      vertex -48.0448 2.48744 0.600001
    endloop
  endfacet
  facet normal -0.424922 -0.572967 -0.700821
    outer loop
      vertex -50.1109 5.89526 3.8147e-07
      vertex -49.5604 5.487 3.8147e-07
      vertex -50.4388 5.40455 0.600001
    endloop
  endfacet
  facet normal -0.712568 -0.0341105 -0.700773
    outer loop
      vertex -46.9935 0.684512 3.8147e-07
      vertex -47.5813 0.637111 0.600001
      vertex -46.994 0.694957 3.8147e-07
    endloop
  endfacet
  facet normal -0.712511 -0.0350042 -0.700788
    outer loop
      vertex -47.5813 0.637111 0.600001
      vertex -46.9935 0.684512 3.8147e-07
      vertex -47.55 0 0.600001
    endloop
  endfacet
  facet normal -0.712467 -0.0350763 -0.700829
    outer loop
      vertex -46.9935 0.684512 3.8147e-07
      vertex -46.9598 0 3.8147e-07
      vertex -47.55 0 0.600001
    endloop
  endfacet
  facet normal -0.570761 -0.42807 -0.700705
    outer loop
      vertex -48.6454 3.61121 0.600001
      vertex -48.161 3.94748 3.8147e-07
      vertex -48.1547 3.93908 3.8147e-07
    endloop
  endfacet
  facet normal -0.57299 -0.424975 -0.70077
    outer loop
      vertex -48.161 3.94748 3.8147e-07
      vertex -48.6454 3.61121 0.600001
      vertex -49.0254 4.12356 0.600001
    endloop
  endfacet
  facet normal 0.0352842 -0.712469 -0.700816
    outer loop
      vertex -54.7345 7.05654 3.8147e-07
      vertex -54.6871 6.4687 0.600001
      vertex -54.745 7.05602 3.8147e-07
    endloop
  endfacet
  facet normal 0.0350037 -0.712487 -0.700812
    outer loop
      vertex -54.6871 6.4687 0.600001
      vertex -54.7345 7.05654 3.8147e-07
      vertex -54.05 6.5 0.600001
    endloop
  endfacet
  facet normal 0.366696 -0.611872 -0.700818
    outer loop
      vertex -57.4012 6.24759 3.8147e-07
      vertex -57.6612 5.40455 0.600001
      vertex -57.9891 5.89526 3.8147e-07
    endloop
  endfacet
  facet normal -0.572999 -0.424906 -0.700804
    outer loop
      vertex -48.5692 4.49795 3.8147e-07
      vertex -48.161 3.94748 3.8147e-07
      vertex -49.0254 4.12356 0.600001
    endloop
  endfacet
  facet normal -0.69195 -0.1733 -0.700837
    outer loop
      vertex -47.2651 2.05817 3.8147e-07
      vertex -47.0986 1.39337 3.8147e-07
      vertex -47.8299 1.88685 0.600001
    endloop
  endfacet
  facet normal 0.173336 0.691971 -0.700807
    outer loop
      vertex -55.3181 -6.3751 0.600001
      vertex -55.4332 -6.95393 3.8147e-07
      vertex -56.098 -6.7874 3.8147e-07
    endloop
  endfacet
  facet normal 0.529403 0.478171 -0.700775
    outer loop
      vertex -59.0705 -5.00575 3.8147e-07
      vertex -58.6462 -4.59619 0.600001
      vertex -59.0635 -5.0135 3.8147e-07
    endloop
  endfacet
  facet normal 0.528549 0.479086 -0.700795
    outer loop
      vertex -58.6462 -4.59619 0.600001
      vertex -59.0705 -5.00575 3.8147e-07
      vertex -59.0746 -4.12356 0.600001
    endloop
  endfacet
  facet normal -0.366742 0.611843 -0.70082
    outer loop
      vertex -50.4388 -5.40455 0.600001
      vertex -50.1109 -5.89526 3.8147e-07
      vertex -50.6987 -6.24759 3.8147e-07
    endloop
  endfacet
  facet normal 0.47906 -0.528553 -0.700809
    outer loop
      vertex -58.548 5.48077 3.8147e-07
      vertex -58.1736 5.02457 0.600001
      vertex -59.0558 5.02052 3.8147e-07
    endloop
  endfacet
  facet normal -0.479093 -0.528548 -0.70079
    outer loop
      vertex -49.9264 5.02457 0.600001
      vertex -49.5443 5.47375 3.8147e-07
      vertex -49.4538 4.59619 0.600001
    endloop
  endfacet
  facet normal -0.480634 -0.527192 -0.700756
    outer loop
      vertex -49.5443 5.47375 3.8147e-07
      vertex -49.9264 5.02457 0.600001
      vertex -49.552 5.48077 3.8147e-07
    endloop
  endfacet
  facet normal -0.528531 -0.479092 -0.700804
    outer loop
      vertex -48.5692 4.49795 3.8147e-07
      vertex -49.0254 4.12356 0.600001
      vertex -49.0295 5.00575 3.8147e-07
    endloop
  endfacet
  facet normal -0.480634 0.527192 -0.700756
    outer loop
      vertex -49.9264 -5.02457 0.600001
      vertex -49.5443 -5.47375 3.8147e-07
      vertex -49.552 -5.48077 3.8147e-07
    endloop
  endfacet
  facet normal -0.479093 0.528548 -0.70079
    outer loop
      vertex -49.5443 -5.47375 3.8147e-07
      vertex -49.9264 -5.02457 0.600001
      vertex -49.4538 -4.59619 0.600001
    endloop
  endfacet
  facet normal 0.369065 -0.610535 -0.700741
    outer loop
      vertex -57.1141 5.73249 0.600001
      vertex -57.4012 6.24759 3.8147e-07
      vertex -57.3923 6.25297 3.8147e-07
    endloop
  endfacet
  facet normal 0.366764 -0.611869 -0.700786
    outer loop
      vertex -57.4012 6.24759 3.8147e-07
      vertex -57.1141 5.73249 0.600001
      vertex -57.6612 5.40455 0.600001
    endloop
  endfacet
  facet normal -0.644897 -0.30498 -0.700782
    outer loop
      vertex -48.3175 3.06408 0.600001
      vertex -47.7926 3.33283 3.8147e-07
      vertex -48.0448 2.48744 0.600001
    endloop
  endfacet
  facet normal -0.646776 -0.301145 -0.700708
    outer loop
      vertex -47.7926 3.33283 3.8147e-07
      vertex -48.3175 3.06408 0.600001
      vertex -47.797 3.34228 3.8147e-07
    endloop
  endfacet
  facet normal -0.67002 -0.245129 -0.700704
    outer loop
      vertex -47.8299 1.88685 0.600001
      vertex -47.2687 2.06801 3.8147e-07
      vertex -47.2651 2.05817 3.8147e-07
    endloop
  endfacet
  facet normal -0.671663 -0.240331 -0.700792
    outer loop
      vertex -47.2687 2.06801 3.8147e-07
      vertex -47.8299 1.88685 0.600001
      vertex -48.0448 2.48744 0.600001
    endloop
  endfacet
  facet normal 0.369065 0.610535 -0.700741
    outer loop
      vertex -57.4012 -6.24759 3.8147e-07
      vertex -57.1141 -5.73249 0.600001
      vertex -57.3923 -6.25297 3.8147e-07
    endloop
  endfacet
  facet normal 0.366764 0.611869 -0.700786
    outer loop
      vertex -57.1141 -5.73249 0.600001
      vertex -57.4012 -6.24759 3.8147e-07
      vertex -57.6612 -5.40455 0.600001
    endloop
  endfacet
  facet normal 0.712505 -0.0349741 -0.700795
    outer loop
      vertex -61.106 0.694957 3.8147e-07
      vertex -60.5187 0.637111 0.600001
      vertex -61.1396 0.0104447 3.8147e-07
    endloop
  endfacet
  facet normal -0.0352842 0.712469 -0.700816
    outer loop
      vertex -53.3655 -7.05654 3.8147e-07
      vertex -53.4129 -6.4687 0.600001
      vertex -53.355 -7.05602 3.8147e-07
    endloop
  endfacet
  facet normal -0.0350037 0.712487 -0.700812
    outer loop
      vertex -53.4129 -6.4687 0.600001
      vertex -53.3655 -7.05654 3.8147e-07
      vertex -54.05 -6.5 0.600001
    endloop
  endfacet
  facet normal -0.704874 -0.109071 -0.700897
    outer loop
      vertex -47.0945 1.37288 3.8147e-07
      vertex -47.6749 1.26809 0.600001
      vertex -47.0961 1.38322 3.8147e-07
    endloop
  endfacet
  facet normal -0.705604 -0.10467 -0.700834
    outer loop
      vertex -47.6749 1.26809 0.600001
      vertex -47.0945 1.37288 3.8147e-07
      vertex -47.5813 0.637111 0.600001
    endloop
  endfacet
  facet normal -0.611878 -0.366713 -0.700804
    outer loop
      vertex -48.1547 3.93908 3.8147e-07
      vertex -47.8024 3.35125 3.8147e-07
      vertex -48.6454 3.61121 0.600001
    endloop
  endfacet
  facet normal 0.671647 -0.240231 -0.700842
    outer loop
      vertex -60.6005 2.71329 3.8147e-07
      vertex -60.0552 2.48744 0.600001
      vertex -60.8313 2.06801 3.8147e-07
    endloop
  endfacet
  facet normal -0.424947 0.572963 -0.700809
    outer loop
      vertex -49.5604 -5.487 3.8147e-07
      vertex -49.9264 -5.02457 0.600001
      vertex -49.552 -5.48077 3.8147e-07
    endloop
  endfacet
  facet normal -0.424912 0.57299 -0.700808
    outer loop
      vertex -49.9264 -5.02457 0.600001
      vertex -49.5604 -5.487 3.8147e-07
      vertex -50.4388 -5.40455 0.600001
    endloop
  endfacet
  facet normal -0.304971 -0.644872 -0.700809
    outer loop
      vertex -50.7077 6.25297 3.8147e-07
      vertex -50.9859 5.73249 0.600001
      vertex -51.3273 6.54599 3.8147e-07
    endloop
  endfacet
  facet normal 0.6448 0.30505 -0.700841
    outer loop
      vertex -60.0552 -2.48744 0.600001
      vertex -60.3074 -3.33283 3.8147e-07
      vertex -60.6005 -2.71329 3.8147e-07
    endloop
  endfacet
  facet normal -0.104673 -0.705624 -0.700812
    outer loop
      vertex -53.355 7.05602 3.8147e-07
      vertex -52.6771 6.95546 3.8147e-07
      vertex -53.4129 6.4687 0.600001
    endloop
  endfacet
  facet normal 0.10467 0.705626 -0.700811
    outer loop
      vertex -55.4229 -6.95546 3.8147e-07
      vertex -55.3181 -6.3751 0.600001
      vertex -54.6871 -6.4687 0.600001
    endloop
  endfacet
  facet normal 0.104813 0.705603 -0.700813
    outer loop
      vertex -55.3181 -6.3751 0.600001
      vertex -55.4229 -6.95546 3.8147e-07
      vertex -55.4332 -6.95393 3.8147e-07
    endloop
  endfacet
  facet normal 0.611821 0.366782 -0.700818
    outer loop
      vertex -59.7825 -3.06408 0.600001
      vertex -59.9506 -3.93011 3.8147e-07
      vertex -60.303 -3.34228 3.8147e-07
    endloop
  endfacet
  facet normal 0.305006 -0.644841 -0.700822
    outer loop
      vertex -56.7633 6.55046 3.8147e-07
      vertex -56.5374 6.00522 0.600001
      vertex -57.3828 6.25744 3.8147e-07
    endloop
  endfacet
  facet normal 0.671663 0.240331 -0.700792
    outer loop
      vertex -60.8313 -2.06801 3.8147e-07
      vertex -60.2701 -1.88685 0.600001
      vertex -60.0552 -2.48744 0.600001
    endloop
  endfacet
  facet normal 0.67002 0.245129 -0.700704
    outer loop
      vertex -60.2701 -1.88685 0.600001
      vertex -60.8313 -2.06801 3.8147e-07
      vertex -60.8349 -2.05817 3.8147e-07
    endloop
  endfacet
  facet normal 0.305006 0.644841 -0.700822
    outer loop
      vertex -56.5374 -6.00522 0.600001
      vertex -56.7633 -6.55046 3.8147e-07
      vertex -57.3828 -6.25744 3.8147e-07
    endloop
  endfacet
  facet normal 0.104673 0.705624 -0.700812
    outer loop
      vertex -54.6871 -6.4687 0.600001
      vertex -54.745 -7.05602 3.8147e-07
      vertex -55.4229 -6.95546 3.8147e-07
    endloop
  endfacet
  facet normal 0.424912 -0.57299 -0.700808
    outer loop
      vertex -58.1736 5.02457 0.600001
      vertex -58.5396 5.487 3.8147e-07
      vertex -57.6612 5.40455 0.600001
    endloop
  endfacet
  facet normal 0.424947 -0.572963 -0.700809
    outer loop
      vertex -58.5396 5.487 3.8147e-07
      vertex -58.1736 5.02457 0.600001
      vertex -58.548 5.48077 3.8147e-07
    endloop
  endfacet
  facet normal -0.238987 0.672151 -0.700784
    outer loop
      vertex -51.3466 -6.55398 3.8147e-07
      vertex -51.5626 -6.00522 0.600001
      vertex -51.3367 -6.55046 3.8147e-07
    endloop
  endfacet
  facet normal -0.240348 0.671641 -0.700807
    outer loop
      vertex -51.5626 -6.00522 0.600001
      vertex -51.3466 -6.55398 3.8147e-07
      vertex -52.1631 -6.22011 0.600001
    endloop
  endfacet
  facet normal 0.0350037 0.712487 -0.700812
    outer loop
      vertex -54.7345 -7.05654 3.8147e-07
      vertex -54.6871 -6.4687 0.600001
      vertex -54.05 -6.5 0.600001
    endloop
  endfacet
  facet normal 0.0352842 0.712469 -0.700816
    outer loop
      vertex -54.6871 -6.4687 0.600001
      vertex -54.7345 -7.05654 3.8147e-07
      vertex -54.745 -7.05602 3.8147e-07
    endloop
  endfacet
  facet normal 0.47906 0.528553 -0.700809
    outer loop
      vertex -58.1736 -5.02457 0.600001
      vertex -58.548 -5.48077 3.8147e-07
      vertex -59.0558 -5.02052 3.8147e-07
    endloop
  endfacet
  facet normal -0.173337 0.691972 -0.700806
    outer loop
      vertex -52.1631 -6.22011 0.600001
      vertex -51.9918 -6.78486 3.8147e-07
      vertex -52.6566 -6.95139 3.8147e-07
    endloop
  endfacet
  facet normal -0.646776 0.301145 -0.700708
    outer loop
      vertex -48.3175 -3.06408 0.600001
      vertex -47.7926 -3.33283 3.8147e-07
      vertex -47.797 -3.34228 3.8147e-07
    endloop
  endfacet
  facet normal -0.644897 0.30498 -0.700782
    outer loop
      vertex -47.7926 -3.33283 3.8147e-07
      vertex -48.3175 -3.06408 0.600001
      vertex -48.0448 -2.48744 0.600001
    endloop
  endfacet
  facet normal -0.172369 0.692188 -0.700831
    outer loop
      vertex -52.7819 -6.3751 0.600001
      vertex -52.6566 -6.95139 3.8147e-07
      vertex -52.6668 -6.95393 3.8147e-07
    endloop
  endfacet
  facet normal -0.173316 0.691967 -0.700816
    outer loop
      vertex -52.6566 -6.95139 3.8147e-07
      vertex -52.7819 -6.3751 0.600001
      vertex -52.1631 -6.22011 0.600001
    endloop
  endfacet
  facet normal 0.614257 0.362939 -0.700688
    outer loop
      vertex -59.9506 -3.93011 3.8147e-07
      vertex -59.4546 -3.61121 0.600001
      vertex -59.9453 -3.93908 3.8147e-07
    endloop
  endfacet
  facet normal 0.611916 0.366727 -0.700765
    outer loop
      vertex -59.4546 -3.61121 0.600001
      vertex -59.9506 -3.93011 3.8147e-07
      vertex -59.7825 -3.06408 0.600001
    endloop
  endfacet
  facet normal 0.529403 -0.478171 -0.700775
    outer loop
      vertex -58.6462 4.59619 0.600001
      vertex -59.0705 5.00575 3.8147e-07
      vertex -59.0635 5.0135 3.8147e-07
    endloop
  endfacet
  facet normal 0.528549 -0.479086 -0.700795
    outer loop
      vertex -59.0705 5.00575 3.8147e-07
      vertex -58.6462 4.59619 0.600001
      vertex -59.0746 4.12356 0.600001
    endloop
  endfacet
  facet normal -0.61117 -0.367928 -0.700785
    outer loop
      vertex -48.3175 3.06408 0.600001
      vertex -47.8024 3.35125 3.8147e-07
      vertex -47.797 3.34228 3.8147e-07
    endloop
  endfacet
  facet normal -0.611879 -0.366705 -0.700808
    outer loop
      vertex -47.8024 3.35125 3.8147e-07
      vertex -48.3175 3.06408 0.600001
      vertex -48.6454 3.61121 0.600001
    endloop
  endfacet
  facet normal 0.69195 -0.1733 -0.700837
    outer loop
      vertex -60.8349 2.05817 3.8147e-07
      vertex -60.2701 1.88685 0.600001
      vertex -61.0014 1.39337 3.8147e-07
    endloop
  endfacet
  facet normal -0.240344 -0.671646 -0.700804
    outer loop
      vertex -51.9918 6.78486 3.8147e-07
      vertex -51.3466 6.55398 3.8147e-07
      vertex -52.1631 6.22011 0.600001
    endloop
  endfacet
  facet normal -0.366748 -0.611843 -0.700817
    outer loop
      vertex -50.9859 5.73249 0.600001
      vertex -50.6987 6.24759 3.8147e-07
      vertex -50.4388 5.40455 0.600001
    endloop
  endfacet
  facet normal -0.366004 -0.612274 -0.70083
    outer loop
      vertex -50.6987 6.24759 3.8147e-07
      vertex -50.9859 5.73249 0.600001
      vertex -50.7077 6.25297 3.8147e-07
    endloop
  endfacet
  facet normal -0.424922 0.572967 -0.700821
    outer loop
      vertex -49.5604 -5.487 3.8147e-07
      vertex -50.1109 -5.89526 3.8147e-07
      vertex -50.4388 -5.40455 0.600001
    endloop
  endfacet
  facet normal -0.238987 -0.672151 -0.700784
    outer loop
      vertex -51.5626 6.00522 0.600001
      vertex -51.3466 6.55398 3.8147e-07
      vertex -51.3367 6.55046 3.8147e-07
    endloop
  endfacet
  facet normal -0.240348 -0.671641 -0.700807
    outer loop
      vertex -51.3466 6.55398 3.8147e-07
      vertex -51.5626 6.00522 0.600001
      vertex -52.1631 6.22011 0.600001
    endloop
  endfacet
  facet normal -0.0350037 -0.712487 -0.700812
    outer loop
      vertex -53.3655 7.05654 3.8147e-07
      vertex -53.4129 6.4687 0.600001
      vertex -54.05 6.5 0.600001
    endloop
  endfacet
  facet normal -0.0352842 -0.712469 -0.700816
    outer loop
      vertex -53.4129 6.4687 0.600001
      vertex -53.3655 7.05654 3.8147e-07
      vertex -53.355 7.05602 3.8147e-07
    endloop
  endfacet
  facet normal -0.366742 -0.611843 -0.70082
    outer loop
      vertex -50.1109 5.89526 3.8147e-07
      vertex -50.4388 5.40455 0.600001
      vertex -50.6987 6.24759 3.8147e-07
    endloop
  endfacet
  facet normal 0.57299 -0.424975 -0.70077
    outer loop
      vertex -59.4546 3.61121 0.600001
      vertex -59.939 3.94748 3.8147e-07
      vertex -59.0746 4.12356 0.600001
    endloop
  endfacet
  facet normal 0.570761 -0.42807 -0.700705
    outer loop
      vertex -59.939 3.94748 3.8147e-07
      vertex -59.4546 3.61121 0.600001
      vertex -59.9453 3.93908 3.8147e-07
    endloop
  endfacet
  facet normal 0.241149 0.671379 -0.700783
    outer loop
      vertex -56.118 -6.78134 3.8147e-07
      vertex -55.9369 -6.22011 0.600001
      vertex -56.1082 -6.78486 3.8147e-07
    endloop
  endfacet
  facet normal 0.240352 0.671651 -0.700797
    outer loop
      vertex -55.9369 -6.22011 0.600001
      vertex -56.118 -6.78134 3.8147e-07
      vertex -56.5374 -6.00522 0.600001
    endloop
  endfacet
  facet normal 0.0349949 -0.712492 -0.700807
    outer loop
      vertex -54.05 7.09016 3.8147e-07
      vertex -54.05 6.5 0.600001
      vertex -54.7345 7.05654 3.8147e-07
    endloop
  endfacet
  facet normal 0.304975 0.644883 -0.700796
    outer loop
      vertex -57.3828 -6.25744 3.8147e-07
      vertex -57.1141 -5.73249 0.600001
      vertex -56.5374 -6.00522 0.600001
    endloop
  endfacet
  facet normal 0.303724 0.645498 -0.700774
    outer loop
      vertex -57.1141 -5.73249 0.600001
      vertex -57.3828 -6.25744 3.8147e-07
      vertex -57.3923 -6.25297 3.8147e-07
    endloop
  endfacet
  facet normal 0.71252 -0.0350047 -0.700778
    outer loop
      vertex -60.55 0 0.600001
      vertex -61.1396 0.0104447 3.8147e-07
      vertex -60.5187 0.637111 0.600001
    endloop
  endfacet
  facet normal 0.712308 -0.0409188 -0.700673
    outer loop
      vertex -61.1396 0.0104447 3.8147e-07
      vertex -60.55 0 0.600001
      vertex -61.1402 0 3.8147e-07
    endloop
  endfacet
  facet normal 0.572999 -0.424906 -0.700804
    outer loop
      vertex -59.5308 4.49795 3.8147e-07
      vertex -59.0746 4.12356 0.600001
      vertex -59.939 3.94748 3.8147e-07
    endloop
  endfacet
  facet normal 0.611821 -0.366782 -0.700818
    outer loop
      vertex -59.9506 3.93011 3.8147e-07
      vertex -59.7825 3.06408 0.600001
      vertex -60.303 3.34228 3.8147e-07
    endloop
  endfacet
  facet normal -0.69195 0.1733 -0.700837
    outer loop
      vertex -47.0986 -1.39337 3.8147e-07
      vertex -47.2651 -2.05817 3.8147e-07
      vertex -47.8299 -1.88685 0.600001
    endloop
  endfacet
  facet normal 0.528531 -0.479092 -0.700804
    outer loop
      vertex -59.0705 5.00575 3.8147e-07
      vertex -59.0746 4.12356 0.600001
      vertex -59.5308 4.49795 3.8147e-07
    endloop
  endfacet
  facet normal -0.705649 0.10461 -0.700797
    outer loop
      vertex -46.994 -0.694957 3.8147e-07
      vertex -47.0945 -1.37288 3.8147e-07
      vertex -47.5813 -0.637111 0.600001
    endloop
  endfacet
  facet normal 0.240305 -0.671644 -0.700819
    outer loop
      vertex -56.118 6.78134 3.8147e-07
      vertex -56.5374 6.00522 0.600001
      vertex -56.7633 6.55046 3.8147e-07
    endloop
  endfacet
  facet normal 0.671663 -0.240331 -0.700792
    outer loop
      vertex -60.2701 1.88685 0.600001
      vertex -60.8313 2.06801 3.8147e-07
      vertex -60.0552 2.48744 0.600001
    endloop
  endfacet
  facet normal 0.67002 -0.245129 -0.700704
    outer loop
      vertex -60.8313 2.06801 3.8147e-07
      vertex -60.2701 1.88685 0.600001
      vertex -60.8349 2.05817 3.8147e-07
    endloop
  endfacet
  facet normal 0.173336 -0.691971 -0.700807
    outer loop
      vertex -55.4332 6.95393 3.8147e-07
      vertex -55.3181 6.3751 0.600001
      vertex -56.098 6.7874 3.8147e-07
    endloop
  endfacet
  facet normal 0.611916 -0.366727 -0.700765
    outer loop
      vertex -59.9506 3.93011 3.8147e-07
      vertex -59.4546 3.61121 0.600001
      vertex -59.7825 3.06408 0.600001
    endloop
  endfacet
  facet normal 0.614257 -0.362939 -0.700688
    outer loop
      vertex -59.4546 3.61121 0.600001
      vertex -59.9506 3.93011 3.8147e-07
      vertex -59.9453 3.93908 3.8147e-07
    endloop
  endfacet
  facet normal 0.705636 -0.104713 -0.700795
    outer loop
      vertex -61.0039 1.38322 3.8147e-07
      vertex -60.4251 1.26809 0.600001
      vertex -61.1045 0.705301 3.8147e-07
    endloop
  endfacet
  facet normal 0.366696 0.611872 -0.700818
    outer loop
      vertex -57.6612 -5.40455 0.600001
      vertex -57.4012 -6.24759 3.8147e-07
      vertex -57.9891 -5.89526 3.8147e-07
    endloop
  endfacet
  facet normal 0.424912 0.57299 -0.700808
    outer loop
      vertex -58.5396 -5.487 3.8147e-07
      vertex -58.1736 -5.02457 0.600001
      vertex -57.6612 -5.40455 0.600001
    endloop
  endfacet
  facet normal 0.424947 0.572963 -0.700809
    outer loop
      vertex -58.1736 -5.02457 0.600001
      vertex -58.5396 -5.487 3.8147e-07
      vertex -58.548 -5.48077 3.8147e-07
    endloop
  endfacet
  facet normal -0.570761 0.42807 -0.700705
    outer loop
      vertex -48.161 -3.94748 3.8147e-07
      vertex -48.6454 -3.61121 0.600001
      vertex -48.1547 -3.93908 3.8147e-07
    endloop
  endfacet
  facet normal -0.57299 0.424975 -0.70077
    outer loop
      vertex -48.6454 -3.61121 0.600001
      vertex -48.161 -3.94748 3.8147e-07
      vertex -49.0254 -4.12356 0.600001
    endloop
  endfacet
  facet normal -0.0349949 0.712492 -0.700807
    outer loop
      vertex -53.3655 -7.05654 3.8147e-07
      vertex -54.05 -7.09016 3.8147e-07
      vertex -54.05 -6.5 0.600001
    endloop
  endfacet
  facet normal -0.0349949 -0.712492 -0.700807
    outer loop
      vertex -53.3655 7.05654 3.8147e-07
      vertex -54.05 6.5 0.600001
      vertex -54.05 7.09016 3.8147e-07
    endloop
  endfacet
  facet normal 0.241149 -0.671379 -0.700783
    outer loop
      vertex -55.9369 6.22011 0.600001
      vertex -56.118 6.78134 3.8147e-07
      vertex -56.1082 6.78486 3.8147e-07
    endloop
  endfacet
  facet normal 0.240352 -0.671651 -0.700797
    outer loop
      vertex -56.118 6.78134 3.8147e-07
      vertex -55.9369 6.22011 0.600001
      vertex -56.5374 6.00522 0.600001
    endloop
  endfacet
  facet normal 0.572999 0.424906 -0.700804
    outer loop
      vertex -59.0746 -4.12356 0.600001
      vertex -59.5308 -4.49795 3.8147e-07
      vertex -59.939 -3.94748 3.8147e-07
    endloop
  endfacet
  facet normal 0.57299 0.424975 -0.70077
    outer loop
      vertex -59.939 -3.94748 3.8147e-07
      vertex -59.4546 -3.61121 0.600001
      vertex -59.0746 -4.12356 0.600001
    endloop
  endfacet
  facet normal 0.570761 0.42807 -0.700705
    outer loop
      vertex -59.4546 -3.61121 0.600001
      vertex -59.939 -3.94748 3.8147e-07
      vertex -59.9453 -3.93908 3.8147e-07
    endloop
  endfacet
  facet normal -0.479062 0.528555 -0.700806
    outer loop
      vertex -49.4538 -4.59619 0.600001
      vertex -49.0365 -5.0135 3.8147e-07
      vertex -49.5443 -5.47375 3.8147e-07
    endloop
  endfacet
  facet normal 0.0349949 0.712492 -0.700807
    outer loop
      vertex -54.05 -6.5 0.600001
      vertex -54.05 -7.09016 3.8147e-07
      vertex -54.7345 -7.05654 3.8147e-07
    endloop
  endfacet
  facet normal 0.712505 0.0349741 -0.700795
    outer loop
      vertex -60.5187 -0.637111 0.600001
      vertex -61.106 -0.694957 3.8147e-07
      vertex -61.1396 -0.0104447 3.8147e-07
    endloop
  endfacet
  facet normal -0.61117 0.367928 -0.700785
    outer loop
      vertex -47.8024 -3.35125 3.8147e-07
      vertex -48.3175 -3.06408 0.600001
      vertex -47.797 -3.34228 3.8147e-07
    endloop
  endfacet
  facet normal -0.611879 0.366705 -0.700808
    outer loop
      vertex -48.3175 -3.06408 0.600001
      vertex -47.8024 -3.35125 3.8147e-07
      vertex -48.6454 -3.61121 0.600001
    endloop
  endfacet
  facet normal -0.611878 0.366713 -0.700804
    outer loop
      vertex -47.8024 -3.35125 3.8147e-07
      vertex -48.1547 -3.93908 3.8147e-07
      vertex -48.6454 -3.61121 0.600001
    endloop
  endfacet
  facet normal -0.67002 0.245129 -0.700704
    outer loop
      vertex -47.2687 -2.06801 3.8147e-07
      vertex -47.8299 -1.88685 0.600001
      vertex -47.2651 -2.05817 3.8147e-07
    endloop
  endfacet
  facet normal -0.671663 0.240331 -0.700792
    outer loop
      vertex -47.8299 -1.88685 0.600001
      vertex -47.2687 -2.06801 3.8147e-07
      vertex -48.0448 -2.48744 0.600001
    endloop
  endfacet
  facet normal -0.304971 0.644872 -0.700809
    outer loop
      vertex -50.9859 -5.73249 0.600001
      vertex -50.7077 -6.25297 3.8147e-07
      vertex -51.3273 -6.54599 3.8147e-07
    endloop
  endfacet
  facet normal -0.529403 0.478171 -0.700775
    outer loop
      vertex -49.4538 -4.59619 0.600001
      vertex -49.0295 -5.00575 3.8147e-07
      vertex -49.0365 -5.0135 3.8147e-07
    endloop
  endfacet
  facet normal -0.528549 0.479086 -0.700795
    outer loop
      vertex -49.0295 -5.00575 3.8147e-07
      vertex -49.4538 -4.59619 0.600001
      vertex -49.0254 -4.12356 0.600001
    endloop
  endfacet
  facet normal -0.173316 -0.691967 -0.700816
    outer loop
      vertex -52.7819 6.3751 0.600001
      vertex -52.6566 6.95139 3.8147e-07
      vertex -52.1631 6.22011 0.600001
    endloop
  endfacet
  facet normal -0.172369 -0.692188 -0.700831
    outer loop
      vertex -52.6566 6.95139 3.8147e-07
      vertex -52.7819 6.3751 0.600001
      vertex -52.6668 6.95393 3.8147e-07
    endloop
  endfacet
  facet normal 0.691959 -0.173336 -0.700819
    outer loop
      vertex -60.4251 1.26809 0.600001
      vertex -61.0014 1.39337 3.8147e-07
      vertex -60.2701 1.88685 0.600001
    endloop
  endfacet
  facet normal 0.692599 -0.170591 -0.70086
    outer loop
      vertex -61.0014 1.39337 3.8147e-07
      vertex -60.4251 1.26809 0.600001
      vertex -61.0039 1.38322 3.8147e-07
    endloop
  endfacet
  facet normal -0.692599 0.170591 -0.70086
    outer loop
      vertex -47.0986 -1.39337 3.8147e-07
      vertex -47.6749 -1.26809 0.600001
      vertex -47.0961 -1.38322 3.8147e-07
    endloop
  endfacet
  facet normal -0.691959 0.173336 -0.700819
    outer loop
      vertex -47.6749 -1.26809 0.600001
      vertex -47.0986 -1.39337 3.8147e-07
      vertex -47.8299 -1.88685 0.600001
    endloop
  endfacet
  facet normal -0.705604 0.10467 -0.700834
    outer loop
      vertex -47.0945 -1.37288 3.8147e-07
      vertex -47.6749 -1.26809 0.600001
      vertex -47.5813 -0.637111 0.600001
    endloop
  endfacet
  facet normal -0.704874 0.109071 -0.700897
    outer loop
      vertex -47.6749 -1.26809 0.600001
      vertex -47.0945 -1.37288 3.8147e-07
      vertex -47.0961 -1.38322 3.8147e-07
    endloop
  endfacet
  facet normal 0.173321 0.691986 -0.700797
    outer loop
      vertex -56.098 -6.7874 3.8147e-07
      vertex -55.9369 -6.22011 0.600001
      vertex -55.3181 -6.3751 0.600001
    endloop
  endfacet
  facet normal 0.17238 0.692236 -0.700781
    outer loop
      vertex -55.9369 -6.22011 0.600001
      vertex -56.098 -6.7874 3.8147e-07
      vertex -56.1082 -6.78486 3.8147e-07
    endloop
  endfacet
  facet normal 0.671647 0.240231 -0.700842
    outer loop
      vertex -60.0552 -2.48744 0.600001
      vertex -60.6005 -2.71329 3.8147e-07
      vertex -60.8313 -2.06801 3.8147e-07
    endloop
  endfacet
  facet normal -0.6448 0.30505 -0.700841
    outer loop
      vertex -47.4995 -2.71329 3.8147e-07
      vertex -47.7926 -3.33283 3.8147e-07
      vertex -48.0448 -2.48744 0.600001
    endloop
  endfacet
  facet normal 0.47907 0.528523 -0.700825
    outer loop
      vertex -59.0558 -5.02052 3.8147e-07
      vertex -58.6462 -4.59619 0.600001
      vertex -58.1736 -5.02457 0.600001
    endloop
  endfacet
  facet normal 0.480569 0.52712 -0.700855
    outer loop
      vertex -58.6462 -4.59619 0.600001
      vertex -59.0558 -5.02052 3.8147e-07
      vertex -59.0635 -5.0135 3.8147e-07
    endloop
  endfacet
  facet normal 0.104813 -0.705603 -0.700813
    outer loop
      vertex -55.4229 6.95546 3.8147e-07
      vertex -55.3181 6.3751 0.600001
      vertex -55.4332 6.95393 3.8147e-07
    endloop
  endfacet
  facet normal 0.10467 -0.705626 -0.700811
    outer loop
      vertex -55.3181 6.3751 0.600001
      vertex -55.4229 6.95546 3.8147e-07
      vertex -54.6871 6.4687 0.600001
    endloop
  endfacet
  facet normal 0.104673 -0.705624 -0.700812
    outer loop
      vertex -54.745 7.05602 3.8147e-07
      vertex -54.6871 6.4687 0.600001
      vertex -55.4229 6.95546 3.8147e-07
    endloop
  endfacet
  facet normal 0.646776 0.301145 -0.700708
    outer loop
      vertex -60.3074 -3.33283 3.8147e-07
      vertex -59.7825 -3.06408 0.600001
      vertex -60.303 -3.34228 3.8147e-07
    endloop
  endfacet
  facet normal 0.644897 0.30498 -0.700782
    outer loop
      vertex -59.7825 -3.06408 0.600001
      vertex -60.3074 -3.33283 3.8147e-07
      vertex -60.0552 -2.48744 0.600001
    endloop
  endfacet
  facet normal -0.671647 0.240231 -0.700842
    outer loop
      vertex -47.2687 -2.06801 3.8147e-07
      vertex -47.4995 -2.71329 3.8147e-07
      vertex -48.0448 -2.48744 0.600001
    endloop
  endfacet
  facet normal 0.705636 0.104713 -0.700795
    outer loop
      vertex -60.4251 -1.26809 0.600001
      vertex -61.0039 -1.38322 3.8147e-07
      vertex -61.1045 -0.705301 3.8147e-07
    endloop
  endfacet
  facet normal -0.528531 0.479092 -0.700804
    outer loop
      vertex -49.0254 -4.12356 0.600001
      vertex -48.5692 -4.49795 3.8147e-07
      vertex -49.0295 -5.00575 3.8147e-07
    endloop
  endfacet
  facet normal -0.306357 0.64424 -0.700785
    outer loop
      vertex -51.5626 -6.00522 0.600001
      vertex -51.3273 -6.54599 3.8147e-07
      vertex -51.3367 -6.55046 3.8147e-07
    endloop
  endfacet
  facet normal -0.304969 0.644871 -0.70081
    outer loop
      vertex -51.3273 -6.54599 3.8147e-07
      vertex -51.5626 -6.00522 0.600001
      vertex -50.9859 -5.73249 0.600001
    endloop
  endfacet
  facet normal -0.366004 0.612274 -0.70083
    outer loop
      vertex -50.9859 -5.73249 0.600001
      vertex -50.6987 -6.24759 3.8147e-07
      vertex -50.7077 -6.25297 3.8147e-07
    endloop
  endfacet
  facet normal -0.366748 0.611843 -0.700817
    outer loop
      vertex -50.6987 -6.24759 3.8147e-07
      vertex -50.9859 -5.73249 0.600001
      vertex -50.4388 -5.40455 0.600001
    endloop
  endfacet
  facet normal -1 0 0
    outer loop
      vertex -38.85 -11.65 3.8147e-07
      vertex -38.85 11.65 0.5
      vertex -38.85 11.65 3.8147e-07
    endloop
  endfacet
  facet normal -1 -0 0
    outer loop
      vertex -38.85 11.65 0.5
      vertex -38.85 -11.65 3.8147e-07
      vertex -38.85 -11.65 0.5
    endloop
  endfacet
  facet normal 0 0 -1
    outer loop
      vertex -39.65 -11.65 0.5
      vertex -38.85 11.65 0.5
      vertex -38.85 -11.65 0.5
    endloop
  endfacet
  facet normal -0 0 -1
    outer loop
      vertex -38.85 11.65 0.5
      vertex -39.65 -11.65 0.5
      vertex -39.65 11.65 0.5
    endloop
  endfacet
  facet normal 1 -0 0
    outer loop
      vertex -39.65 -11.65 0.5
      vertex -39.65 11.65 3.8147e-07
      vertex -39.65 11.65 0.5
    endloop
  endfacet
  facet normal 1 0 0
    outer loop
      vertex -39.65 11.65 3.8147e-07
      vertex -39.65 -11.65 0.5
      vertex -39.65 -11.65 3.8147e-07
    endloop
  endfacet
  facet normal 0 1 -0
    outer loop
      vertex -38.85 -11.65 3.8147e-07
      vertex -39.65 -11.65 0.5
      vertex -38.85 -11.65 0.5
    endloop
  endfacet
  facet normal 0 1 0
    outer loop
      vertex -39.65 -11.65 0.5
      vertex -38.85 -11.65 3.8147e-07
      vertex -39.65 -11.65 3.8147e-07
    endloop
  endfacet
  facet normal 0 -1 0
    outer loop
      vertex -39.65 11.65 3.8147e-07
      vertex -38.85 11.65 0.5
      vertex -39.65 11.65 0.5
    endloop
  endfacet
  facet normal 0 -1 -0
    outer loop
      vertex -38.85 11.65 0.5
      vertex -39.65 11.65 3.8147e-07
      vertex -38.85 11.65 3.8147e-07
    endloop
  endfacet
  facet normal -1 0 0
    outer loop
      vertex 8.45 -11.65 3.8147e-07
      vertex 8.45 11.65 0.5
      vertex 8.45 11.65 3.8147e-07
    endloop
  endfacet
  facet normal -1 -0 0
    outer loop
      vertex 8.45 11.65 0.5
      vertex 8.45 -11.65 3.8147e-07
      vertex 8.45 -11.65 0.5
    endloop
  endfacet
  facet normal 0 0 -1
    outer loop
      vertex 7.65 -11.65 0.5
      vertex 8.45 11.65 0.5
      vertex 8.45 -11.65 0.5
    endloop
  endfacet
  facet normal -0 0 -1
    outer loop
      vertex 8.45 11.65 0.5
      vertex 7.65 -11.65 0.5
      vertex 7.65 11.65 0.5
    endloop
  endfacet
  facet normal 1 -0 0
    outer loop
      vertex 7.65 -11.65 0.5
      vertex 7.65 11.65 3.8147e-07
      vertex 7.65 11.65 0.5
    endloop
  endfacet
  facet normal 1 0 0
    outer loop
      vertex 7.65 11.65 3.8147e-07
      vertex 7.65 -11.65 0.5
      vertex 7.65 -11.65 3.8147e-07
    endloop
  endfacet
  facet normal 0 1 -0
    outer loop
      vertex 8.45 -11.65 3.8147e-07
      vertex 7.65 -11.65 0.5
      vertex 8.45 -11.65 0.5
    endloop
  endfacet
  facet normal 0 1 0
    outer loop
      vertex 7.65 -11.65 0.5
      vertex 8.45 -11.65 3.8147e-07
      vertex 7.65 -11.65 3.8147e-07
    endloop
  endfacet
  facet normal 0 -1 0
    outer loop
      vertex 7.65 11.65 3.8147e-07
      vertex 8.45 11.65 0.5
      vertex 7.65 11.65 0.5
    endloop
  endfacet
  facet normal 0 -1 -0
    outer loop
      vertex 8.45 11.65 0.5
      vertex 7.65 11.65 3.8147e-07
      vertex 8.45 11.65 3.8147e-07
    endloop
  endfacet
  facet normal -0.998791 -0.0491516 0
    outer loop
      vertex 22.55 0 1.2
      vertex 22.5418 0.166629 2
      vertex 22.5418 0.166629 1.2
    endloop
  endfacet
  facet normal -0.998791 -0.0491516 0
    outer loop
      vertex 22.5418 0.166629 2
      vertex 22.55 0 1.2
      vertex 22.55 0 2
    endloop
  endfacet
  facet normal -0.989158 0.146854 0
    outer loop
      vertex 22.5173 -0.331653 1.2
      vertex 22.5418 -0.166629 2
      vertex 22.5418 -0.166629 1.2
    endloop
  endfacet
  facet normal -0.989158 0.146854 0
    outer loop
      vertex 22.5418 -0.166629 2
      vertex 22.5173 -0.331653 1.2
      vertex 22.5173 -0.331653 2
    endloop
  endfacet
  facet normal -0.998791 0.0491516 0
    outer loop
      vertex 22.5418 -0.166629 1.2
      vertex 22.55 0 2
      vertex 22.55 0 1.2
    endloop
  endfacet
  facet normal -0.998791 0.0491516 0
    outer loop
      vertex 22.55 0 2
      vertex 22.5418 -0.166629 1.2
      vertex 22.5418 -0.166629 2
    endloop
  endfacet
  facet normal -0.970083 0.242774 0
    outer loop
      vertex 22.4768 -0.493484 1.2
      vertex 22.5173 -0.331653 2
      vertex 22.5173 -0.331653 1.2
    endloop
  endfacet
  facet normal -0.970083 0.242774 0
    outer loop
      vertex 22.5173 -0.331653 2
      vertex 22.4768 -0.493484 1.2
      vertex 22.4768 -0.493484 2
    endloop
  endfacet
  facet normal 0.94155 -0.336874 0
    outer loop
      vertex 19.2232 0.493484 2
      vertex 19.2794 0.650561 1.2
      vertex 19.2794 0.650561 2
    endloop
  endfacet
  facet normal 0.94155 -0.336874 0
    outer loop
      vertex 19.2794 0.650561 1.2
      vertex 19.2232 0.493484 2
      vertex 19.2232 0.493484 1.2
    endloop
  endfacet
  facet normal 0.67161 -0.740905 0
    outer loop
      vertex 19.6479 1.20208 1.2
      vertex 19.7715 1.31412 2
      vertex 19.6479 1.20208 2
    endloop
  endfacet
  facet normal 0.67161 -0.740905 0
    outer loop
      vertex 19.7715 1.31412 2
      vertex 19.6479 1.20208 1.2
      vertex 19.7715 1.31412 1.2
    endloop
  endfacet
  facet normal -0.42754 0.903996 0
    outer loop
      vertex 21.6514 -1.49927 1.2
      vertex 21.5006 -1.57059 2
      vertex 21.6514 -1.49927 2
    endloop
  endfacet
  facet normal -0.42754 0.903996 0
    outer loop
      vertex 21.5006 -1.57059 2
      vertex 21.6514 -1.49927 1.2
      vertex 21.5006 -1.57059 1.2
    endloop
  endfacet
  facet normal 0.970083 -0.242774 0
    outer loop
      vertex 19.1827 0.331653 2
      vertex 19.2232 0.493484 1.2
      vertex 19.2232 0.493484 2
    endloop
  endfacet
  facet normal 0.970083 -0.242774 0
    outer loop
      vertex 19.2232 0.493484 1.2
      vertex 19.1827 0.331653 2
      vertex 19.1827 0.331653 1.2
    endloop
  endfacet
  facet normal 0.998791 -0.0491516 0
    outer loop
      vertex 19.15 0 2
      vertex 19.1582 0.166629 1.2
      vertex 19.1582 0.166629 2
    endloop
  endfacet
  facet normal 0.998791 -0.0491516 0
    outer loop
      vertex 19.1582 0.166629 1.2
      vertex 19.15 0 2
      vertex 19.15 0 1.2
    endloop
  endfacet
  facet normal -0.741051 0.671448 0
    outer loop
      vertex 22.0521 -1.20208 1.2
      vertex 22.1641 -1.07847 2
      vertex 22.1641 -1.07847 1.2
    endloop
  endfacet
  facet normal -0.741051 0.671448 0
    outer loop
      vertex 22.1641 -1.07847 2
      vertex 22.0521 -1.20208 1.2
      vertex 22.0521 -1.20208 2
    endloop
  endfacet
  facet normal 0.989158 0.146854 0
    outer loop
      vertex 19.1827 -0.331653 2
      vertex 19.1582 -0.166629 1.2
      vertex 19.1582 -0.166629 2
    endloop
  endfacet
  facet normal 0.989158 0.146854 0
    outer loop
      vertex 19.1582 -0.166629 1.2
      vertex 19.1827 -0.331653 2
      vertex 19.1827 -0.331653 1.2
    endloop
  endfacet
  facet normal 0.741051 0.671448 0
    outer loop
      vertex 19.6479 -1.20208 2
      vertex 19.5359 -1.07847 1.2
      vertex 19.5359 -1.07847 2
    endloop
  endfacet
  facet normal 0.741051 0.671448 0
    outer loop
      vertex 19.5359 -1.07847 1.2
      vertex 19.6479 -1.20208 2
      vertex 19.6479 -1.20208 1.2
    endloop
  endfacet
  facet normal 0.514099 0.857731 -0
    outer loop
      vertex 20.0486 -1.49927 1.2
      vertex 19.9055 -1.4135 2
      vertex 20.0486 -1.49927 2
    endloop
  endfacet
  facet normal 0.514099 0.857731 0
    outer loop
      vertex 19.9055 -1.4135 2
      vertex 20.0486 -1.49927 1.2
      vertex 19.9055 -1.4135 1.2
    endloop
  endfacet
  facet normal -0.94155 -0.336874 0
    outer loop
      vertex 22.4768 0.493484 1.2
      vertex 22.4206 0.650561 2
      vertex 22.4206 0.650561 1.2
    endloop
  endfacet
  facet normal -0.94155 -0.336874 0
    outer loop
      vertex 22.4206 0.650561 2
      vertex 22.4768 0.493484 1.2
      vertex 22.4768 0.493484 2
    endloop
  endfacet
  facet normal 0.904057 -0.427412 0
    outer loop
      vertex 19.2794 0.650561 2
      vertex 19.3507 0.801374 1.2
      vertex 19.3507 0.801374 2
    endloop
  endfacet
  facet normal 0.904057 -0.427412 0
    outer loop
      vertex 19.3507 0.801374 1.2
      vertex 19.2794 0.650561 2
      vertex 19.2794 0.650561 1.2
    endloop
  endfacet
  facet normal -0.970083 -0.242774 0
    outer loop
      vertex 22.5173 0.331653 1.2
      vertex 22.4768 0.493484 2
      vertex 22.4768 0.493484 1.2
    endloop
  endfacet
  facet normal -0.970083 -0.242774 0
    outer loop
      vertex 22.4768 0.493484 2
      vertex 22.5173 0.331653 1.2
      vertex 22.5173 0.331653 2
    endloop
  endfacet
  facet normal -0.242987 0.97003 0
    outer loop
      vertex 21.3435 -1.6268 1.2
      vertex 21.1817 -1.66733 2
      vertex 21.3435 -1.6268 2
    endloop
  endfacet
  facet normal -0.242987 0.97003 0
    outer loop
      vertex 21.1817 -1.66733 2
      vertex 21.3435 -1.6268 1.2
      vertex 21.1817 -1.66733 1.2
    endloop
  endfacet
  facet normal -0.94155 0.336874 0
    outer loop
      vertex 22.4206 -0.650561 1.2
      vertex 22.4768 -0.493484 2
      vertex 22.4768 -0.493484 1.2
    endloop
  endfacet
  facet normal -0.94155 0.336874 0
    outer loop
      vertex 22.4768 -0.493484 2
      vertex 22.4206 -0.650561 1.2
      vertex 22.4206 -0.650561 2
    endloop
  endfacet
  facet normal -0.0491004 0.998794 0
    outer loop
      vertex 21.0166 -1.69181 1.2
      vertex 20.85 -1.7 2
      vertex 21.0166 -1.69181 2
    endloop
  endfacet
  facet normal -0.0491004 0.998794 0
    outer loop
      vertex 20.85 -1.7 2
      vertex 21.0166 -1.69181 1.2
      vertex 20.85 -1.7 1.2
    endloop
  endfacet
  facet normal 0.904057 0.427412 0
    outer loop
      vertex 19.3507 -0.801374 2
      vertex 19.2794 -0.650561 1.2
      vertex 19.2794 -0.650561 2
    endloop
  endfacet
  facet normal 0.904057 0.427412 0
    outer loop
      vertex 19.2794 -0.650561 1.2
      vertex 19.3507 -0.801374 2
      vertex 19.3507 -0.801374 1.2
    endloop
  endfacet
  facet normal -0.514099 -0.857731 0
    outer loop
      vertex 21.6514 1.49927 1.2
      vertex 21.7945 1.4135 2
      vertex 21.6514 1.49927 2
    endloop
  endfacet
  facet normal -0.514099 -0.857731 -0
    outer loop
      vertex 21.7945 1.4135 2
      vertex 21.6514 1.49927 1.2
      vertex 21.7945 1.4135 1.2
    endloop
  endfacet
  facet normal 0.242987 0.97003 -0
    outer loop
      vertex 20.5183 -1.66733 1.2
      vertex 20.3565 -1.6268 2
      vertex 20.5183 -1.66733 2
    endloop
  endfacet
  facet normal 0.242987 0.97003 0
    outer loop
      vertex 20.3565 -1.6268 2
      vertex 20.5183 -1.66733 1.2
      vertex 20.3565 -1.6268 1.2
    endloop
  endfacet
  facet normal 0.42754 0.903996 -0
    outer loop
      vertex 20.1994 -1.57059 1.2
      vertex 20.0486 -1.49927 2
      vertex 20.1994 -1.57059 2
    endloop
  endfacet
  facet normal 0.42754 0.903996 0
    outer loop
      vertex 20.0486 -1.49927 2
      vertex 20.1994 -1.57059 1.2
      vertex 20.0486 -1.49927 1.2
    endloop
  endfacet
  facet normal -0.595695 0.803211 0
    outer loop
      vertex 21.9285 -1.31412 1.2
      vertex 21.7945 -1.4135 2
      vertex 21.9285 -1.31412 2
    endloop
  endfacet
  facet normal -0.595695 0.803211 0
    outer loop
      vertex 21.7945 -1.4135 2
      vertex 21.9285 -1.31412 1.2
      vertex 21.7945 -1.4135 1.2
    endloop
  endfacet
  facet normal 0.595695 0.803211 -0
    outer loop
      vertex 19.9055 -1.4135 1.2
      vertex 19.7715 -1.31412 2
      vertex 19.9055 -1.4135 2
    endloop
  endfacet
  facet normal 0.595695 0.803211 0
    outer loop
      vertex 19.7715 -1.31412 2
      vertex 19.9055 -1.4135 1.2
      vertex 19.7715 -1.31412 1.2
    endloop
  endfacet
  facet normal -0.67161 0.740905 0
    outer loop
      vertex 22.0521 -1.20208 1.2
      vertex 21.9285 -1.31412 2
      vertex 22.0521 -1.20208 2
    endloop
  endfacet
  facet normal -0.67161 0.740905 0
    outer loop
      vertex 21.9285 -1.31412 2
      vertex 22.0521 -1.20208 1.2
      vertex 21.9285 -1.31412 1.2
    endloop
  endfacet
  facet normal -0.0491004 -0.998794 0
    outer loop
      vertex 20.85 1.7 1.2
      vertex 21.0166 1.69181 2
      vertex 20.85 1.7 2
    endloop
  endfacet
  facet normal -0.0491004 -0.998794 -0
    outer loop
      vertex 21.0166 1.69181 2
      vertex 20.85 1.7 1.2
      vertex 21.0166 1.69181 1.2
    endloop
  endfacet
  facet normal 0.0491004 0.998794 -0
    outer loop
      vertex 20.85 -1.7 1.2
      vertex 20.6834 -1.69181 2
      vertex 20.85 -1.7 2
    endloop
  endfacet
  facet normal 0.0491004 0.998794 0
    outer loop
      vertex 20.6834 -1.69181 2
      vertex 20.85 -1.7 1.2
      vertex 20.6834 -1.69181 1.2
    endloop
  endfacet
  facet normal 0.67161 0.740905 -0
    outer loop
      vertex 19.7715 -1.31412 1.2
      vertex 19.6479 -1.20208 2
      vertex 19.7715 -1.31412 2
    endloop
  endfacet
  facet normal 0.67161 0.740905 0
    outer loop
      vertex 19.6479 -1.20208 2
      vertex 19.7715 -1.31412 1.2
      vertex 19.6479 -1.20208 1.2
    endloop
  endfacet
  facet normal 0.514099 -0.857731 0
    outer loop
      vertex 19.9055 1.4135 1.2
      vertex 20.0486 1.49927 2
      vertex 19.9055 1.4135 2
    endloop
  endfacet
  facet normal 0.514099 -0.857731 0
    outer loop
      vertex 20.0486 1.49927 2
      vertex 19.9055 1.4135 1.2
      vertex 20.0486 1.49927 1.2
    endloop
  endfacet
  facet normal -0.336883 0.941546 0
    outer loop
      vertex 21.5006 -1.57059 1.2
      vertex 21.3435 -1.6268 2
      vertex 21.5006 -1.57059 2
    endloop
  endfacet
  facet normal -0.336883 0.941546 0
    outer loop
      vertex 21.3435 -1.6268 2
      vertex 21.5006 -1.57059 1.2
      vertex 21.3435 -1.6268 1.2
    endloop
  endfacet
  facet normal -0.803158 0.595766 0
    outer loop
      vertex 22.1641 -1.07847 1.2
      vertex 22.2635 -0.944468 2
      vertex 22.2635 -0.944468 1.2
    endloop
  endfacet
  facet normal -0.803158 0.595766 0
    outer loop
      vertex 22.2635 -0.944468 2
      vertex 22.1641 -1.07847 1.2
      vertex 22.1641 -1.07847 2
    endloop
  endfacet
  facet normal 0.803158 0.595766 0
    outer loop
      vertex 19.5359 -1.07847 2
      vertex 19.4365 -0.944468 1.2
      vertex 19.4365 -0.944468 2
    endloop
  endfacet
  facet normal 0.803158 0.595766 0
    outer loop
      vertex 19.4365 -0.944468 1.2
      vertex 19.5359 -1.07847 2
      vertex 19.5359 -1.07847 1.2
    endloop
  endfacet
  facet normal -0.42754 -0.903996 0
    outer loop
      vertex 21.5006 1.57059 1.2
      vertex 21.6514 1.49927 2
      vertex 21.5006 1.57059 2
    endloop
  endfacet
  facet normal -0.42754 -0.903996 -0
    outer loop
      vertex 21.6514 1.49927 2
      vertex 21.5006 1.57059 1.2
      vertex 21.6514 1.49927 1.2
    endloop
  endfacet
  facet normal -0.904057 0.427412 0
    outer loop
      vertex 22.3493 -0.801374 1.2
      vertex 22.4206 -0.650561 2
      vertex 22.4206 -0.650561 1.2
    endloop
  endfacet
  facet normal -0.904057 0.427412 0
    outer loop
      vertex 22.4206 -0.650561 2
      vertex 22.3493 -0.801374 1.2
      vertex 22.3493 -0.801374 2
    endloop
  endfacet
  facet normal 0.803158 -0.595766 0
    outer loop
      vertex 19.4365 0.944468 2
      vertex 19.5359 1.07847 1.2
      vertex 19.5359 1.07847 2
    endloop
  endfacet
  facet normal 0.803158 -0.595766 0
    outer loop
      vertex 19.5359 1.07847 1.2
      vertex 19.4365 0.944468 2
      vertex 19.4365 0.944468 1.2
    endloop
  endfacet
  facet normal 0.336883 0.941546 -0
    outer loop
      vertex 20.3565 -1.6268 1.2
      vertex 20.1994 -1.57059 2
      vertex 20.3565 -1.6268 2
    endloop
  endfacet
  facet normal 0.336883 0.941546 0
    outer loop
      vertex 20.1994 -1.57059 2
      vertex 20.3565 -1.6268 1.2
      vertex 20.1994 -1.57059 1.2
    endloop
  endfacet
  facet normal -0.14667 -0.989185 0
    outer loop
      vertex 21.0166 1.69181 1.2
      vertex 21.1817 1.66733 2
      vertex 21.0166 1.69181 2
    endloop
  endfacet
  facet normal -0.14667 -0.989185 -0
    outer loop
      vertex 21.1817 1.66733 2
      vertex 21.0166 1.69181 1.2
      vertex 21.1817 1.66733 1.2
    endloop
  endfacet
  facet normal -0.741051 -0.671448 0
    outer loop
      vertex 22.1641 1.07847 1.2
      vertex 22.0521 1.20208 2
      vertex 22.0521 1.20208 1.2
    endloop
  endfacet
  facet normal -0.741051 -0.671448 0
    outer loop
      vertex 22.0521 1.20208 2
      vertex 22.1641 1.07847 1.2
      vertex 22.1641 1.07847 2
    endloop
  endfacet
  facet normal -0.803158 -0.595766 0
    outer loop
      vertex 22.2635 0.944468 1.2
      vertex 22.1641 1.07847 2
      vertex 22.1641 1.07847 1.2
    endloop
  endfacet
  facet normal -0.803158 -0.595766 0
    outer loop
      vertex 22.1641 1.07847 2
      vertex 22.2635 0.944468 1.2
      vertex 22.2635 0.944468 2
    endloop
  endfacet
  facet normal -0.514099 0.857731 0
    outer loop
      vertex 21.7945 -1.4135 1.2
      vertex 21.6514 -1.49927 2
      vertex 21.7945 -1.4135 2
    endloop
  endfacet
  facet normal -0.514099 0.857731 0
    outer loop
      vertex 21.6514 -1.49927 2
      vertex 21.7945 -1.4135 1.2
      vertex 21.6514 -1.49927 1.2
    endloop
  endfacet
  facet normal -0.989158 -0.146854 0
    outer loop
      vertex 22.5418 0.166629 1.2
      vertex 22.5173 0.331653 2
      vertex 22.5173 0.331653 1.2
    endloop
  endfacet
  facet normal -0.989158 -0.146854 0
    outer loop
      vertex 22.5173 0.331653 2
      vertex 22.5418 0.166629 1.2
      vertex 22.5418 0.166629 2
    endloop
  endfacet
  facet normal 0.242987 -0.97003 0
    outer loop
      vertex 20.3565 1.6268 1.2
      vertex 20.5183 1.66733 2
      vertex 20.3565 1.6268 2
    endloop
  endfacet
  facet normal 0.242987 -0.97003 0
    outer loop
      vertex 20.5183 1.66733 2
      vertex 20.3565 1.6268 1.2
      vertex 20.5183 1.66733 1.2
    endloop
  endfacet
  facet normal -0.14667 0.989185 0
    outer loop
      vertex 21.1817 -1.66733 1.2
      vertex 21.0166 -1.69181 2
      vertex 21.1817 -1.66733 2
    endloop
  endfacet
  facet normal -0.14667 0.989185 0
    outer loop
      vertex 21.0166 -1.69181 2
      vertex 21.1817 -1.66733 1.2
      vertex 21.0166 -1.69181 1.2
    endloop
  endfacet
  facet normal 0.857642 -0.514247 0
    outer loop
      vertex 19.3507 0.801374 2
      vertex 19.4365 0.944468 1.2
      vertex 19.4365 0.944468 2
    endloop
  endfacet
  facet normal 0.857642 -0.514247 0
    outer loop
      vertex 19.4365 0.944468 1.2
      vertex 19.3507 0.801374 2
      vertex 19.3507 0.801374 1.2
    endloop
  endfacet
  facet normal -0.857642 0.514247 0
    outer loop
      vertex 22.2635 -0.944468 1.2
      vertex 22.3493 -0.801374 2
      vertex 22.3493 -0.801374 1.2
    endloop
  endfacet
  facet normal -0.857642 0.514247 0
    outer loop
      vertex 22.3493 -0.801374 2
      vertex 22.2635 -0.944468 1.2
      vertex 22.2635 -0.944468 2
    endloop
  endfacet
  facet normal -0.595695 -0.803211 0
    outer loop
      vertex 21.7945 1.4135 1.2
      vertex 21.9285 1.31412 2
      vertex 21.7945 1.4135 2
    endloop
  endfacet
  facet normal -0.595695 -0.803211 -0
    outer loop
      vertex 21.9285 1.31412 2
      vertex 21.7945 1.4135 1.2
      vertex 21.9285 1.31412 1.2
    endloop
  endfacet
  facet normal 0.14667 -0.989185 0
    outer loop
      vertex 20.5183 1.66733 1.2
      vertex 20.6834 1.69181 2
      vertex 20.5183 1.66733 2
    endloop
  endfacet
  facet normal 0.14667 -0.989185 0
    outer loop
      vertex 20.6834 1.69181 2
      vertex 20.5183 1.66733 1.2
      vertex 20.6834 1.69181 1.2
    endloop
  endfacet
  facet normal 0.336883 -0.941546 0
    outer loop
      vertex 20.1994 1.57059 1.2
      vertex 20.3565 1.6268 2
      vertex 20.1994 1.57059 2
    endloop
  endfacet
  facet normal 0.336883 -0.941546 0
    outer loop
      vertex 20.3565 1.6268 2
      vertex 20.1994 1.57059 1.2
      vertex 20.3565 1.6268 1.2
    endloop
  endfacet
  facet normal 0.42754 -0.903996 0
    outer loop
      vertex 20.0486 1.49927 1.2
      vertex 20.1994 1.57059 2
      vertex 20.0486 1.49927 2
    endloop
  endfacet
  facet normal 0.42754 -0.903996 0
    outer loop
      vertex 20.1994 1.57059 2
      vertex 20.0486 1.49927 1.2
      vertex 20.1994 1.57059 1.2
    endloop
  endfacet
  facet normal 0.14667 0.989185 -0
    outer loop
      vertex 20.6834 -1.69181 1.2
      vertex 20.5183 -1.66733 2
      vertex 20.6834 -1.69181 2
    endloop
  endfacet
  facet normal 0.14667 0.989185 0
    outer loop
      vertex 20.5183 -1.66733 2
      vertex 20.6834 -1.69181 1.2
      vertex 20.5183 -1.66733 1.2
    endloop
  endfacet
  facet normal 0.94155 0.336874 0
    outer loop
      vertex 19.2794 -0.650561 2
      vertex 19.2232 -0.493484 1.2
      vertex 19.2232 -0.493484 2
    endloop
  endfacet
  facet normal 0.94155 0.336874 0
    outer loop
      vertex 19.2232 -0.493484 1.2
      vertex 19.2794 -0.650561 2
      vertex 19.2794 -0.650561 1.2
    endloop
  endfacet
  facet normal 0.989158 -0.146854 0
    outer loop
      vertex 19.1582 0.166629 2
      vertex 19.1827 0.331653 1.2
      vertex 19.1827 0.331653 2
    endloop
  endfacet
  facet normal 0.989158 -0.146854 0
    outer loop
      vertex 19.1827 0.331653 1.2
      vertex 19.1582 0.166629 2
      vertex 19.1582 0.166629 1.2
    endloop
  endfacet
  facet normal -0.336883 -0.941546 0
    outer loop
      vertex 21.3435 1.6268 1.2
      vertex 21.5006 1.57059 2
      vertex 21.3435 1.6268 2
    endloop
  endfacet
  facet normal -0.336883 -0.941546 -0
    outer loop
      vertex 21.5006 1.57059 2
      vertex 21.3435 1.6268 1.2
      vertex 21.5006 1.57059 1.2
    endloop
  endfacet
  facet normal -0.242987 -0.97003 0
    outer loop
      vertex 21.1817 1.66733 1.2
      vertex 21.3435 1.6268 2
      vertex 21.1817 1.66733 2
    endloop
  endfacet
  facet normal -0.242987 -0.97003 -0
    outer loop
      vertex 21.3435 1.6268 2
      vertex 21.1817 1.66733 1.2
      vertex 21.3435 1.6268 1.2
    endloop
  endfacet
  facet normal 0.741051 -0.671448 0
    outer loop
      vertex 19.5359 1.07847 2
      vertex 19.6479 1.20208 1.2
      vertex 19.6479 1.20208 2
    endloop
  endfacet
  facet normal 0.741051 -0.671448 0
    outer loop
      vertex 19.6479 1.20208 1.2
      vertex 19.5359 1.07847 2
      vertex 19.5359 1.07847 1.2
    endloop
  endfacet
  facet normal 0.970083 0.242774 0
    outer loop
      vertex 19.2232 -0.493484 2
      vertex 19.1827 -0.331653 1.2
      vertex 19.1827 -0.331653 2
    endloop
  endfacet
  facet normal 0.970083 0.242774 0
    outer loop
      vertex 19.1827 -0.331653 1.2
      vertex 19.2232 -0.493484 2
      vertex 19.2232 -0.493484 1.2
    endloop
  endfacet
  facet normal 0.595695 -0.803211 0
    outer loop
      vertex 19.7715 1.31412 1.2
      vertex 19.9055 1.4135 2
      vertex 19.7715 1.31412 2
    endloop
  endfacet
  facet normal 0.595695 -0.803211 0
    outer loop
      vertex 19.9055 1.4135 2
      vertex 19.7715 1.31412 1.2
      vertex 19.9055 1.4135 1.2
    endloop
  endfacet
  facet normal -0.904057 -0.427412 0
    outer loop
      vertex 22.4206 0.650561 1.2
      vertex 22.3493 0.801374 2
      vertex 22.3493 0.801374 1.2
    endloop
  endfacet
  facet normal -0.904057 -0.427412 0
    outer loop
      vertex 22.3493 0.801374 2
      vertex 22.4206 0.650561 1.2
      vertex 22.4206 0.650561 2
    endloop
  endfacet
  facet normal -0.857642 -0.514247 0
    outer loop
      vertex 22.3493 0.801374 1.2
      vertex 22.2635 0.944468 2
      vertex 22.2635 0.944468 1.2
    endloop
  endfacet
  facet normal -0.857642 -0.514247 0
    outer loop
      vertex 22.2635 0.944468 2
      vertex 22.3493 0.801374 1.2
      vertex 22.3493 0.801374 2
    endloop
  endfacet
  facet normal 0.857642 0.514247 0
    outer loop
      vertex 19.4365 -0.944468 2
      vertex 19.3507 -0.801374 1.2
      vertex 19.3507 -0.801374 2
    endloop
  endfacet
  facet normal 0.857642 0.514247 0
    outer loop
      vertex 19.3507 -0.801374 1.2
      vertex 19.4365 -0.944468 2
      vertex 19.4365 -0.944468 1.2
    endloop
  endfacet
  facet normal 0.0491004 -0.998794 0
    outer loop
      vertex 20.6834 1.69181 1.2
      vertex 20.85 1.7 2
      vertex 20.6834 1.69181 2
    endloop
  endfacet
  facet normal 0.0491004 -0.998794 0
    outer loop
      vertex 20.85 1.7 2
      vertex 20.6834 1.69181 1.2
      vertex 20.85 1.7 1.2
    endloop
  endfacet
  facet normal 0.998791 0.0491516 0
    outer loop
      vertex 19.1582 -0.166629 2
      vertex 19.15 0 1.2
      vertex 19.15 0 2
    endloop
  endfacet
  facet normal 0.998791 0.0491516 0
    outer loop
      vertex 19.15 0 1.2
      vertex 19.1582 -0.166629 2
      vertex 19.1582 -0.166629 1.2
    endloop
  endfacet
  facet normal -0.67161 -0.740905 0
    outer loop
      vertex 21.9285 1.31412 1.2
      vertex 22.0521 1.20208 2
      vertex 21.9285 1.31412 2
    endloop
  endfacet
  facet normal -0.67161 -0.740905 -0
    outer loop
      vertex 22.0521 1.20208 2
      vertex 21.9285 1.31412 1.2
      vertex 22.0521 1.20208 1.2
    endloop
  endfacet
  facet normal 0.146749 -0.989174 0
    outer loop
      vertex 20.2452 3.04043 3.8147e-07
      vertex 20.5461 3.08507 1.2
      vertex 20.2452 3.04043 1.2
    endloop
  endfacet
  facet normal 0.146749 -0.989174 0
    outer loop
      vertex 20.5461 3.08507 1.2
      vertex 20.2452 3.04043 3.8147e-07
      vertex 20.5461 3.08507 3.8147e-07
    endloop
  endfacet
  facet normal -0.989147 0.146929 0
    outer loop
      vertex 23.8904 -0.604779 3.8147e-07
      vertex 23.9351 -0.303853 1.2
      vertex 23.9351 -0.303853 3.8147e-07
    endloop
  endfacet
  facet normal -0.989147 0.146929 0
    outer loop
      vertex 23.9351 -0.303853 1.2
      vertex 23.8904 -0.604779 3.8147e-07
      vertex 23.8904 -0.604779 1.2
    endloop
  endfacet
  facet normal -0.9988 0.048978 0
    outer loop
      vertex 23.9351 -0.303853 3.8147e-07
      vertex 23.95 0 1.2
      vertex 23.95 0 3.8147e-07
    endloop
  endfacet
  facet normal -0.9988 0.048978 0
    outer loop
      vertex 23.95 0 1.2
      vertex 23.9351 -0.303853 3.8147e-07
      vertex 23.9351 -0.303853 1.2
    endloop
  endfacet
  facet normal -0.970046 0.24292 0
    outer loop
      vertex 23.8165 -0.899882 3.8147e-07
      vertex 23.8904 -0.604779 1.2
      vertex 23.8904 -0.604779 3.8147e-07
    endloop
  endfacet
  facet normal -0.970046 0.24292 0
    outer loop
      vertex 23.8904 -0.604779 1.2
      vertex 23.8165 -0.899882 3.8147e-07
      vertex 23.8165 -0.899882 1.2
    endloop
  endfacet
  facet normal 0.427568 -0.903983 0
    outer loop
      vertex 19.3887 2.73396 3.8147e-07
      vertex 19.6637 2.86403 1.2
      vertex 19.3887 2.73396 1.2
    endloop
  endfacet
  facet normal 0.427568 -0.903983 0
    outer loop
      vertex 19.6637 2.86403 1.2
      vertex 19.3887 2.73396 3.8147e-07
      vertex 19.6637 2.86403 3.8147e-07
    endloop
  endfacet
  facet normal -0.904078 0.427367 0
    outer loop
      vertex 23.584 -1.46133 3.8147e-07
      vertex 23.714 -1.18632 1.2
      vertex 23.714 -1.18632 3.8147e-07
    endloop
  endfacet
  facet normal -0.904078 0.427367 0
    outer loop
      vertex 23.714 -1.18632 1.2
      vertex 23.584 -1.46133 3.8147e-07
      vertex 23.584 -1.46133 1.2
    endloop
  endfacet
  facet normal 0.989147 0.146929 0
    outer loop
      vertex 17.8096 -0.604779 1.2
      vertex 17.7649 -0.303853 3.8147e-07
      vertex 17.7649 -0.303853 1.2
    endloop
  endfacet
  facet normal 0.989147 0.146929 0
    outer loop
      vertex 17.7649 -0.303853 3.8147e-07
      vertex 17.8096 -0.604779 1.2
      vertex 17.8096 -0.604779 3.8147e-07
    endloop
  endfacet
  facet normal -0.9988 -0.048978 0
    outer loop
      vertex 23.95 0 3.8147e-07
      vertex 23.9351 0.303853 1.2
      vertex 23.9351 0.303853 3.8147e-07
    endloop
  endfacet
  facet normal -0.9988 -0.048978 0
    outer loop
      vertex 23.9351 0.303853 1.2
      vertex 23.95 0 3.8147e-07
      vertex 23.95 0 1.2
    endloop
  endfacet
  facet normal -0.803085 -0.595864 0
    outer loop
      vertex 23.4276 1.72227 3.8147e-07
      vertex 23.2463 1.96662 1.2
      vertex 23.2463 1.96662 3.8147e-07
    endloop
  endfacet
  facet normal -0.803085 -0.595864 0
    outer loop
      vertex 23.2463 1.96662 1.2
      vertex 23.4276 1.72227 3.8147e-07
      vertex 23.4276 1.72227 1.2
    endloop
  endfacet
  facet normal 0.0490688 0.998795 -0
    outer loop
      vertex 20.85 -3.1 3.8147e-07
      vertex 20.5461 -3.08507 1.2
      vertex 20.85 -3.1 1.2
    endloop
  endfacet
  facet normal 0.0490688 0.998795 0
    outer loop
      vertex 20.5461 -3.08507 1.2
      vertex 20.85 -3.1 3.8147e-07
      vertex 20.5461 -3.08507 3.8147e-07
    endloop
  endfacet
  facet normal -0.146749 -0.989174 0
    outer loop
      vertex 21.1539 3.08507 3.8147e-07
      vertex 21.4548 3.04043 1.2
      vertex 21.1539 3.08507 1.2
    endloop
  endfacet
  facet normal -0.146749 -0.989174 -0
    outer loop
      vertex 21.4548 3.04043 1.2
      vertex 21.1539 3.08507 3.8147e-07
      vertex 21.4548 3.04043 3.8147e-07
    endloop
  endfacet
  facet normal -0.941533 0.336921 0
    outer loop
      vertex 23.714 -1.18632 3.8147e-07
      vertex 23.8165 -0.899882 1.2
      vertex 23.8165 -0.899882 3.8147e-07
    endloop
  endfacet
  facet normal -0.941533 0.336921 0
    outer loop
      vertex 23.8165 -0.899882 1.2
      vertex 23.714 -1.18632 3.8147e-07
      vertex 23.714 -1.18632 1.2
    endloop
  endfacet
  facet normal -0.740951 0.671559 0
    outer loop
      vertex 23.042 -2.19203 3.8147e-07
      vertex 23.2463 -1.96662 1.2
      vertex 23.2463 -1.96662 3.8147e-07
    endloop
  endfacet
  facet normal -0.740951 0.671559 0
    outer loop
      vertex 23.2463 -1.96662 1.2
      vertex 23.042 -2.19203 3.8147e-07
      vertex 23.042 -2.19203 1.2
    endloop
  endfacet
  facet normal 0.989147 -0.146929 0
    outer loop
      vertex 17.7649 0.303853 1.2
      vertex 17.8096 0.604779 3.8147e-07
      vertex 17.8096 0.604779 1.2
    endloop
  endfacet
  facet normal 0.989147 -0.146929 0
    outer loop
      vertex 17.8096 0.604779 3.8147e-07
      vertex 17.7649 0.303853 1.2
      vertex 17.7649 0.303853 3.8147e-07
    endloop
  endfacet
  facet normal -0.514012 0.857783 0
    outer loop
      vertex 22.5723 -2.57756 3.8147e-07
      vertex 22.3113 -2.73396 1.2
      vertex 22.5723 -2.57756 1.2
    endloop
  endfacet
  facet normal -0.514012 0.857783 0
    outer loop
      vertex 22.3113 -2.73396 1.2
      vertex 22.5723 -2.57756 3.8147e-07
      vertex 22.3113 -2.73396 3.8147e-07
    endloop
  endfacet
  facet normal -0.671576 0.740936 0
    outer loop
      vertex 23.042 -2.19203 3.8147e-07
      vertex 22.8166 -2.39633 1.2
      vertex 23.042 -2.19203 1.2
    endloop
  endfacet
  facet normal -0.671576 0.740936 0
    outer loop
      vertex 22.8166 -2.39633 1.2
      vertex 23.042 -2.19203 3.8147e-07
      vertex 22.8166 -2.39633 3.8147e-07
    endloop
  endfacet
  facet normal -0.0490688 -0.998795 0
    outer loop
      vertex 20.85 3.1 3.8147e-07
      vertex 21.1539 3.08507 1.2
      vertex 20.85 3.1 1.2
    endloop
  endfacet
  facet normal -0.0490688 -0.998795 -0
    outer loop
      vertex 21.1539 3.08507 1.2
      vertex 20.85 3.1 3.8147e-07
      vertex 21.1539 3.08507 3.8147e-07
    endloop
  endfacet
  facet normal -0.336903 0.941539 0
    outer loop
      vertex 22.0363 -2.86403 3.8147e-07
      vertex 21.7499 -2.96651 1.2
      vertex 22.0363 -2.86403 1.2
    endloop
  endfacet
  facet normal -0.336903 0.941539 0
    outer loop
      vertex 21.7499 -2.96651 1.2
      vertex 22.0363 -2.86403 3.8147e-07
      vertex 21.7499 -2.96651 3.8147e-07
    endloop
  endfacet
  facet normal -0.595794 -0.803137 0
    outer loop
      vertex 22.5723 2.57756 3.8147e-07
      vertex 22.8166 2.39633 1.2
      vertex 22.5723 2.57756 1.2
    endloop
  endfacet
  facet normal -0.595794 -0.803137 -0
    outer loop
      vertex 22.8166 2.39633 1.2
      vertex 22.5723 2.57756 3.8147e-07
      vertex 22.8166 2.39633 3.8147e-07
    endloop
  endfacet
  facet normal 0.970046 -0.24292 0
    outer loop
      vertex 17.8096 0.604779 1.2
      vertex 17.8835 0.899882 3.8147e-07
      vertex 17.8835 0.899882 1.2
    endloop
  endfacet
  facet normal 0.970046 -0.24292 0
    outer loop
      vertex 17.8835 0.899882 3.8147e-07
      vertex 17.8096 0.604779 1.2
      vertex 17.8096 0.604779 3.8147e-07
    endloop
  endfacet
  facet normal 0.9988 -0.048978 0
    outer loop
      vertex 17.75 0 1.2
      vertex 17.7649 0.303853 3.8147e-07
      vertex 17.7649 0.303853 1.2
    endloop
  endfacet
  facet normal 0.9988 -0.048978 0
    outer loop
      vertex 17.7649 0.303853 3.8147e-07
      vertex 17.75 0 1.2
      vertex 17.75 0 3.8147e-07
    endloop
  endfacet
  facet normal 0.146749 0.989174 -0
    outer loop
      vertex 20.5461 -3.08507 3.8147e-07
      vertex 20.2452 -3.04043 1.2
      vertex 20.5461 -3.08507 1.2
    endloop
  endfacet
  facet normal 0.146749 0.989174 0
    outer loop
      vertex 20.2452 -3.04043 1.2
      vertex 20.5461 -3.08507 3.8147e-07
      vertex 20.2452 -3.04043 3.8147e-07
    endloop
  endfacet
  facet normal -0.427568 0.903983 0
    outer loop
      vertex 22.3113 -2.73396 3.8147e-07
      vertex 22.0363 -2.86403 1.2
      vertex 22.3113 -2.73396 1.2
    endloop
  endfacet
  facet normal -0.427568 0.903983 0
    outer loop
      vertex 22.0363 -2.86403 1.2
      vertex 22.3113 -2.73396 3.8147e-07
      vertex 22.0363 -2.86403 3.8147e-07
    endloop
  endfacet
  facet normal -0.336903 -0.941539 0
    outer loop
      vertex 21.7499 2.96651 3.8147e-07
      vertex 22.0363 2.86403 1.2
      vertex 21.7499 2.96651 1.2
    endloop
  endfacet
  facet normal -0.336903 -0.941539 -0
    outer loop
      vertex 22.0363 2.86403 1.2
      vertex 21.7499 2.96651 3.8147e-07
      vertex 22.0363 2.86403 3.8147e-07
    endloop
  endfacet
  facet normal 0.740951 -0.671559 0
    outer loop
      vertex 18.4537 1.96662 1.2
      vertex 18.658 2.19203 3.8147e-07
      vertex 18.658 2.19203 1.2
    endloop
  endfacet
  facet normal 0.740951 -0.671559 0
    outer loop
      vertex 18.658 2.19203 3.8147e-07
      vertex 18.4537 1.96662 1.2
      vertex 18.4537 1.96662 3.8147e-07
    endloop
  endfacet
  facet normal 0.242984 0.97003 -0
    outer loop
      vertex 20.2452 -3.04043 3.8147e-07
      vertex 19.9501 -2.96651 1.2
      vertex 20.2452 -3.04043 1.2
    endloop
  endfacet
  facet normal 0.242984 0.97003 0
    outer loop
      vertex 19.9501 -2.96651 1.2
      vertex 20.2452 -3.04043 3.8147e-07
      vertex 19.9501 -2.96651 3.8147e-07
    endloop
  endfacet
  facet normal 0.803085 0.595864 0
    outer loop
      vertex 18.4537 -1.96662 1.2
      vertex 18.2724 -1.72227 3.8147e-07
      vertex 18.2724 -1.72227 1.2
    endloop
  endfacet
  facet normal 0.803085 0.595864 0
    outer loop
      vertex 18.2724 -1.72227 3.8147e-07
      vertex 18.4537 -1.96662 1.2
      vertex 18.4537 -1.96662 3.8147e-07
    endloop
  endfacet
  facet normal 0.803085 -0.595864 0
    outer loop
      vertex 18.2724 1.72227 1.2
      vertex 18.4537 1.96662 3.8147e-07
      vertex 18.4537 1.96662 1.2
    endloop
  endfacet
  facet normal 0.803085 -0.595864 0
    outer loop
      vertex 18.4537 1.96662 3.8147e-07
      vertex 18.2724 1.72227 1.2
      vertex 18.2724 1.72227 3.8147e-07
    endloop
  endfacet
  facet normal 0.336903 0.941539 -0
    outer loop
      vertex 19.9501 -2.96651 3.8147e-07
      vertex 19.6637 -2.86403 1.2
      vertex 19.9501 -2.96651 1.2
    endloop
  endfacet
  facet normal 0.336903 0.941539 0
    outer loop
      vertex 19.6637 -2.86403 1.2
      vertex 19.9501 -2.96651 3.8147e-07
      vertex 19.6637 -2.86403 3.8147e-07
    endloop
  endfacet
  facet normal -0.904078 -0.427367 0
    outer loop
      vertex 23.714 1.18632 3.8147e-07
      vertex 23.584 1.46133 1.2
      vertex 23.584 1.46133 3.8147e-07
    endloop
  endfacet
  facet normal -0.904078 -0.427367 0
    outer loop
      vertex 23.584 1.46133 1.2
      vertex 23.714 1.18632 3.8147e-07
      vertex 23.714 1.18632 1.2
    endloop
  endfacet
  facet normal 0.857731 0.514099 0
    outer loop
      vertex 18.2724 -1.72227 1.2
      vertex 18.116 -1.46133 3.8147e-07
      vertex 18.116 -1.46133 1.2
    endloop
  endfacet
  facet normal 0.857731 0.514099 0
    outer loop
      vertex 18.116 -1.46133 3.8147e-07
      vertex 18.2724 -1.72227 1.2
      vertex 18.2724 -1.72227 3.8147e-07
    endloop
  endfacet
  facet normal -0.803085 0.595864 0
    outer loop
      vertex 23.2463 -1.96662 3.8147e-07
      vertex 23.4276 -1.72227 1.2
      vertex 23.4276 -1.72227 3.8147e-07
    endloop
  endfacet
  facet normal -0.803085 0.595864 0
    outer loop
      vertex 23.4276 -1.72227 1.2
      vertex 23.2463 -1.96662 3.8147e-07
      vertex 23.2463 -1.96662 1.2
    endloop
  endfacet
  facet normal -0.595794 0.803137 0
    outer loop
      vertex 22.8166 -2.39633 3.8147e-07
      vertex 22.5723 -2.57756 1.2
      vertex 22.8166 -2.39633 1.2
    endloop
  endfacet
  facet normal -0.595794 0.803137 0
    outer loop
      vertex 22.5723 -2.57756 1.2
      vertex 22.8166 -2.39633 3.8147e-07
      vertex 22.5723 -2.57756 3.8147e-07
    endloop
  endfacet
  facet normal -0.970046 -0.24292 0
    outer loop
      vertex 23.8904 0.604779 3.8147e-07
      vertex 23.8165 0.899882 1.2
      vertex 23.8165 0.899882 3.8147e-07
    endloop
  endfacet
  facet normal -0.970046 -0.24292 0
    outer loop
      vertex 23.8165 0.899882 1.2
      vertex 23.8904 0.604779 3.8147e-07
      vertex 23.8904 0.604779 1.2
    endloop
  endfacet
  facet normal -0.242984 -0.97003 0
    outer loop
      vertex 21.4548 3.04043 3.8147e-07
      vertex 21.7499 2.96651 1.2
      vertex 21.4548 3.04043 1.2
    endloop
  endfacet
  facet normal -0.242984 -0.97003 -0
    outer loop
      vertex 21.7499 2.96651 1.2
      vertex 21.4548 3.04043 3.8147e-07
      vertex 21.7499 2.96651 3.8147e-07
    endloop
  endfacet
  facet normal 0.595794 0.803137 -0
    outer loop
      vertex 19.1277 -2.57756 3.8147e-07
      vertex 18.8834 -2.39633 1.2
      vertex 19.1277 -2.57756 1.2
    endloop
  endfacet
  facet normal 0.595794 0.803137 0
    outer loop
      vertex 18.8834 -2.39633 1.2
      vertex 19.1277 -2.57756 3.8147e-07
      vertex 18.8834 -2.39633 3.8147e-07
    endloop
  endfacet
  facet normal 0.941533 0.336921 0
    outer loop
      vertex 17.986 -1.18632 1.2
      vertex 17.8835 -0.899882 3.8147e-07
      vertex 17.8835 -0.899882 1.2
    endloop
  endfacet
  facet normal 0.941533 0.336921 0
    outer loop
      vertex 17.8835 -0.899882 3.8147e-07
      vertex 17.986 -1.18632 1.2
      vertex 17.986 -1.18632 3.8147e-07
    endloop
  endfacet
  facet normal -0.0490688 0.998795 0
    outer loop
      vertex 21.1539 -3.08507 3.8147e-07
      vertex 20.85 -3.1 1.2
      vertex 21.1539 -3.08507 1.2
    endloop
  endfacet
  facet normal -0.0490688 0.998795 0
    outer loop
      vertex 20.85 -3.1 1.2
      vertex 21.1539 -3.08507 3.8147e-07
      vertex 20.85 -3.1 3.8147e-07
    endloop
  endfacet
  facet normal -0.857731 0.514099 0
    outer loop
      vertex 23.4276 -1.72227 3.8147e-07
      vertex 23.584 -1.46133 1.2
      vertex 23.584 -1.46133 3.8147e-07
    endloop
  endfacet
  facet normal -0.857731 0.514099 0
    outer loop
      vertex 23.584 -1.46133 1.2
      vertex 23.4276 -1.72227 3.8147e-07
      vertex 23.4276 -1.72227 1.2
    endloop
  endfacet
  facet normal -0.989147 -0.146929 0
    outer loop
      vertex 23.9351 0.303853 3.8147e-07
      vertex 23.8904 0.604779 1.2
      vertex 23.8904 0.604779 3.8147e-07
    endloop
  endfacet
  facet normal -0.989147 -0.146929 0
    outer loop
      vertex 23.8904 0.604779 1.2
      vertex 23.9351 0.303853 3.8147e-07
      vertex 23.9351 0.303853 1.2
    endloop
  endfacet
  facet normal -0.671576 -0.740936 0
    outer loop
      vertex 22.8166 2.39633 3.8147e-07
      vertex 23.042 2.19203 1.2
      vertex 22.8166 2.39633 1.2
    endloop
  endfacet
  facet normal -0.671576 -0.740936 -0
    outer loop
      vertex 23.042 2.19203 1.2
      vertex 22.8166 2.39633 3.8147e-07
      vertex 23.042 2.19203 3.8147e-07
    endloop
  endfacet
  facet normal 0.242984 -0.97003 0
    outer loop
      vertex 19.9501 2.96651 3.8147e-07
      vertex 20.2452 3.04043 1.2
      vertex 19.9501 2.96651 1.2
    endloop
  endfacet
  facet normal 0.242984 -0.97003 0
    outer loop
      vertex 20.2452 3.04043 1.2
      vertex 19.9501 2.96651 3.8147e-07
      vertex 20.2452 3.04043 3.8147e-07
    endloop
  endfacet
  facet normal 0.970046 0.24292 0
    outer loop
      vertex 17.8835 -0.899882 1.2
      vertex 17.8096 -0.604779 3.8147e-07
      vertex 17.8096 -0.604779 1.2
    endloop
  endfacet
  facet normal 0.970046 0.24292 0
    outer loop
      vertex 17.8096 -0.604779 3.8147e-07
      vertex 17.8835 -0.899882 1.2
      vertex 17.8835 -0.899882 3.8147e-07
    endloop
  endfacet
  facet normal 0.941533 -0.336921 0
    outer loop
      vertex 17.8835 0.899882 1.2
      vertex 17.986 1.18632 3.8147e-07
      vertex 17.986 1.18632 1.2
    endloop
  endfacet
  facet normal 0.941533 -0.336921 0
    outer loop
      vertex 17.986 1.18632 3.8147e-07
      vertex 17.8835 0.899882 1.2
      vertex 17.8835 0.899882 3.8147e-07
    endloop
  endfacet
  facet normal 0.514012 -0.857783 0
    outer loop
      vertex 19.1277 2.57756 3.8147e-07
      vertex 19.3887 2.73396 1.2
      vertex 19.1277 2.57756 1.2
    endloop
  endfacet
  facet normal 0.514012 -0.857783 0
    outer loop
      vertex 19.3887 2.73396 1.2
      vertex 19.1277 2.57756 3.8147e-07
      vertex 19.3887 2.73396 3.8147e-07
    endloop
  endfacet
  facet normal 0.857731 -0.514099 0
    outer loop
      vertex 18.116 1.46133 1.2
      vertex 18.2724 1.72227 3.8147e-07
      vertex 18.2724 1.72227 1.2
    endloop
  endfacet
  facet normal 0.857731 -0.514099 0
    outer loop
      vertex 18.2724 1.72227 3.8147e-07
      vertex 18.116 1.46133 1.2
      vertex 18.116 1.46133 3.8147e-07
    endloop
  endfacet
  facet normal 0.671576 0.740936 -0
    outer loop
      vertex 18.8834 -2.39633 3.8147e-07
      vertex 18.658 -2.19203 1.2
      vertex 18.8834 -2.39633 1.2
    endloop
  endfacet
  facet normal 0.671576 0.740936 0
    outer loop
      vertex 18.658 -2.19203 1.2
      vertex 18.8834 -2.39633 3.8147e-07
      vertex 18.658 -2.19203 3.8147e-07
    endloop
  endfacet
  facet normal -0.427568 -0.903983 0
    outer loop
      vertex 22.0363 2.86403 3.8147e-07
      vertex 22.3113 2.73396 1.2
      vertex 22.0363 2.86403 1.2
    endloop
  endfacet
  facet normal -0.427568 -0.903983 -0
    outer loop
      vertex 22.3113 2.73396 1.2
      vertex 22.0363 2.86403 3.8147e-07
      vertex 22.3113 2.73396 3.8147e-07
    endloop
  endfacet
  facet normal -0.740951 -0.671559 0
    outer loop
      vertex 23.2463 1.96662 3.8147e-07
      vertex 23.042 2.19203 1.2
      vertex 23.042 2.19203 3.8147e-07
    endloop
  endfacet
  facet normal -0.740951 -0.671559 0
    outer loop
      vertex 23.042 2.19203 1.2
      vertex 23.2463 1.96662 3.8147e-07
      vertex 23.2463 1.96662 1.2
    endloop
  endfacet
  facet normal 0.671576 -0.740936 0
    outer loop
      vertex 18.658 2.19203 3.8147e-07
      vertex 18.8834 2.39633 1.2
      vertex 18.658 2.19203 1.2
    endloop
  endfacet
  facet normal 0.671576 -0.740936 0
    outer loop
      vertex 18.8834 2.39633 1.2
      vertex 18.658 2.19203 3.8147e-07
      vertex 18.8834 2.39633 3.8147e-07
    endloop
  endfacet
  facet normal -0.242984 0.97003 0
    outer loop
      vertex 21.7499 -2.96651 3.8147e-07
      vertex 21.4548 -3.04043 1.2
      vertex 21.7499 -2.96651 1.2
    endloop
  endfacet
  facet normal -0.242984 0.97003 0
    outer loop
      vertex 21.4548 -3.04043 1.2
      vertex 21.7499 -2.96651 3.8147e-07
      vertex 21.4548 -3.04043 3.8147e-07
    endloop
  endfacet
  facet normal -0.514012 -0.857783 0
    outer loop
      vertex 22.3113 2.73396 3.8147e-07
      vertex 22.5723 2.57756 1.2
      vertex 22.3113 2.73396 1.2
    endloop
  endfacet
  facet normal -0.514012 -0.857783 -0
    outer loop
      vertex 22.5723 2.57756 1.2
      vertex 22.3113 2.73396 3.8147e-07
      vertex 22.5723 2.57756 3.8147e-07
    endloop
  endfacet
  facet normal 0.740951 0.671559 0
    outer loop
      vertex 18.658 -2.19203 1.2
      vertex 18.4537 -1.96662 3.8147e-07
      vertex 18.4537 -1.96662 1.2
    endloop
  endfacet
  facet normal 0.740951 0.671559 0
    outer loop
      vertex 18.4537 -1.96662 3.8147e-07
      vertex 18.658 -2.19203 1.2
      vertex 18.658 -2.19203 3.8147e-07
    endloop
  endfacet
  facet normal 0.514012 0.857783 -0
    outer loop
      vertex 19.3887 -2.73396 3.8147e-07
      vertex 19.1277 -2.57756 1.2
      vertex 19.3887 -2.73396 1.2
    endloop
  endfacet
  facet normal 0.514012 0.857783 0
    outer loop
      vertex 19.1277 -2.57756 1.2
      vertex 19.3887 -2.73396 3.8147e-07
      vertex 19.1277 -2.57756 3.8147e-07
    endloop
  endfacet
  facet normal 0.427568 0.903983 -0
    outer loop
      vertex 19.6637 -2.86403 3.8147e-07
      vertex 19.3887 -2.73396 1.2
      vertex 19.6637 -2.86403 1.2
    endloop
  endfacet
  facet normal 0.427568 0.903983 0
    outer loop
      vertex 19.3887 -2.73396 1.2
      vertex 19.6637 -2.86403 3.8147e-07
      vertex 19.3887 -2.73396 3.8147e-07
    endloop
  endfacet
  facet normal 0.336903 -0.941539 0
    outer loop
      vertex 19.6637 2.86403 3.8147e-07
      vertex 19.9501 2.96651 1.2
      vertex 19.6637 2.86403 1.2
    endloop
  endfacet
  facet normal 0.336903 -0.941539 0
    outer loop
      vertex 19.9501 2.96651 1.2
      vertex 19.6637 2.86403 3.8147e-07
      vertex 19.9501 2.96651 3.8147e-07
    endloop
  endfacet
  facet normal -0.857731 -0.514099 0
    outer loop
      vertex 23.584 1.46133 3.8147e-07
      vertex 23.4276 1.72227 1.2
      vertex 23.4276 1.72227 3.8147e-07
    endloop
  endfacet
  facet normal -0.857731 -0.514099 0
    outer loop
      vertex 23.4276 1.72227 1.2
      vertex 23.584 1.46133 3.8147e-07
      vertex 23.584 1.46133 1.2
    endloop
  endfacet
  facet normal -0.146749 0.989174 0
    outer loop
      vertex 21.4548 -3.04043 3.8147e-07
      vertex 21.1539 -3.08507 1.2
      vertex 21.4548 -3.04043 1.2
    endloop
  endfacet
  facet normal -0.146749 0.989174 0
    outer loop
      vertex 21.1539 -3.08507 1.2
      vertex 21.4548 -3.04043 3.8147e-07
      vertex 21.1539 -3.08507 3.8147e-07
    endloop
  endfacet
  facet normal -0.941533 -0.336921 0
    outer loop
      vertex 23.8165 0.899882 3.8147e-07
      vertex 23.714 1.18632 1.2
      vertex 23.714 1.18632 3.8147e-07
    endloop
  endfacet
  facet normal -0.941533 -0.336921 0
    outer loop
      vertex 23.714 1.18632 1.2
      vertex 23.8165 0.899882 3.8147e-07
      vertex 23.8165 0.899882 1.2
    endloop
  endfacet
  facet normal 0.904078 -0.427367 0
    outer loop
      vertex 17.986 1.18632 1.2
      vertex 18.116 1.46133 3.8147e-07
      vertex 18.116 1.46133 1.2
    endloop
  endfacet
  facet normal 0.904078 -0.427367 0
    outer loop
      vertex 18.116 1.46133 3.8147e-07
      vertex 17.986 1.18632 1.2
      vertex 17.986 1.18632 3.8147e-07
    endloop
  endfacet
  facet normal 0.595794 -0.803137 0
    outer loop
      vertex 18.8834 2.39633 3.8147e-07
      vertex 19.1277 2.57756 1.2
      vertex 18.8834 2.39633 1.2
    endloop
  endfacet
  facet normal 0.595794 -0.803137 0
    outer loop
      vertex 19.1277 2.57756 1.2
      vertex 18.8834 2.39633 3.8147e-07
      vertex 19.1277 2.57756 3.8147e-07
    endloop
  endfacet
  facet normal 0.9988 0.048978 0
    outer loop
      vertex 17.7649 -0.303853 1.2
      vertex 17.75 0 3.8147e-07
      vertex 17.75 0 1.2
    endloop
  endfacet
  facet normal 0.9988 0.048978 0
    outer loop
      vertex 17.75 0 3.8147e-07
      vertex 17.7649 -0.303853 1.2
      vertex 17.7649 -0.303853 3.8147e-07
    endloop
  endfacet
  facet normal 0.0490688 -0.998795 0
    outer loop
      vertex 20.5461 3.08507 3.8147e-07
      vertex 20.85 3.1 1.2
      vertex 20.5461 3.08507 1.2
    endloop
  endfacet
  facet normal 0.0490688 -0.998795 0
    outer loop
      vertex 20.85 3.1 1.2
      vertex 20.5461 3.08507 3.8147e-07
      vertex 20.85 3.1 3.8147e-07
    endloop
  endfacet
  facet normal 0.904078 0.427367 0
    outer loop
      vertex 18.116 -1.46133 1.2
      vertex 17.986 -1.18632 3.8147e-07
      vertex 17.986 -1.18632 1.2
    endloop
  endfacet
  facet normal 0.904078 0.427367 0
    outer loop
      vertex 17.986 -1.18632 3.8147e-07
      vertex 18.116 -1.46133 1.2
      vertex 18.116 -1.46133 3.8147e-07
    endloop
  endfacet
  facet normal 0 0 -1
    outer loop
      vertex 22.55 0 1.2
      vertex 23.95 0 1.2
      vertex 23.9351 -0.303853 1.2
    endloop
  endfacet
  facet normal 0 0 -1
    outer loop
      vertex 22.5418 -0.166629 1.2
      vertex 23.9351 -0.303853 1.2
      vertex 23.8904 -0.604779 1.2
    endloop
  endfacet
  facet normal 0 0 -1
    outer loop
      vertex 23.95 0 1.2
      vertex 22.55 0 1.2
      vertex 23.9351 0.303853 1.2
    endloop
  endfacet
  facet normal 0 0 -1
    outer loop
      vertex 22.5173 -0.331653 1.2
      vertex 23.8904 -0.604779 1.2
      vertex 23.8165 -0.899882 1.2
    endloop
  endfacet
  facet normal 0 0 -1
    outer loop
      vertex 22.5418 0.166629 1.2
      vertex 23.9351 0.303853 1.2
      vertex 22.55 0 1.2
    endloop
  endfacet
  facet normal 0 0 -1
    outer loop
      vertex 22.4768 -0.493484 1.2
      vertex 23.8165 -0.899882 1.2
      vertex 23.714 -1.18632 1.2
    endloop
  endfacet
  facet normal -0 0 -1
    outer loop
      vertex 23.9351 0.303853 1.2
      vertex 22.5418 0.166629 1.2
      vertex 23.8904 0.604779 1.2
    endloop
  endfacet
  facet normal 0 0 -1
    outer loop
      vertex 22.4206 -0.650561 1.2
      vertex 23.714 -1.18632 1.2
      vertex 23.584 -1.46133 1.2
    endloop
  endfacet
  facet normal 0 0 -1
    outer loop
      vertex 22.5173 0.331653 1.2
      vertex 23.8904 0.604779 1.2
      vertex 22.5418 0.166629 1.2
    endloop
  endfacet
  facet normal 0 0 -1
    outer loop
      vertex 22.3493 -0.801374 1.2
      vertex 23.584 -1.46133 1.2
      vertex 23.4276 -1.72227 1.2
    endloop
  endfacet
  facet normal -0 0 -1
    outer loop
      vertex 23.8904 0.604779 1.2
      vertex 22.5173 0.331653 1.2
      vertex 23.8165 0.899882 1.2
    endloop
  endfacet
  facet normal 0 0 -1
    outer loop
      vertex 22.2635 -0.944468 1.2
      vertex 23.4276 -1.72227 1.2
      vertex 23.2463 -1.96662 1.2
    endloop
  endfacet
  facet normal 0 0 -1
    outer loop
      vertex 22.4768 0.493484 1.2
      vertex 23.8165 0.899882 1.2
      vertex 22.5173 0.331653 1.2
    endloop
  endfacet
  facet normal 0 0 -1
    outer loop
      vertex 22.1641 -1.07847 1.2
      vertex 23.2463 -1.96662 1.2
      vertex 23.042 -2.19203 1.2
    endloop
  endfacet
  facet normal -0 0 -1
    outer loop
      vertex 23.8165 0.899882 1.2
      vertex 22.4768 0.493484 1.2
      vertex 23.714 1.18632 1.2
    endloop
  endfacet
  facet normal 0 0 -1
    outer loop
      vertex 22.0521 -1.20208 1.2
      vertex 23.042 -2.19203 1.2
      vertex 22.8166 -2.39633 1.2
    endloop
  endfacet
  facet normal 0 0 -1
    outer loop
      vertex 22.4206 0.650561 1.2
      vertex 23.714 1.18632 1.2
      vertex 22.4768 0.493484 1.2
    endloop
  endfacet
  facet normal 0 0 -1
    outer loop
      vertex 21.9285 -1.31412 1.2
      vertex 22.8166 -2.39633 1.2
      vertex 22.5723 -2.57756 1.2
    endloop
  endfacet
  facet normal -0 0 -1
    outer loop
      vertex 23.714 1.18632 1.2
      vertex 22.4206 0.650561 1.2
      vertex 23.584 1.46133 1.2
    endloop
  endfacet
  facet normal 0 0 -1
    outer loop
      vertex 22.3493 0.801374 1.2
      vertex 23.584 1.46133 1.2
      vertex 22.4206 0.650561 1.2
    endloop
  endfacet
  facet normal 0 0 -1
    outer loop
      vertex 23.9351 -0.303853 1.2
      vertex 22.5418 -0.166629 1.2
      vertex 22.55 0 1.2
    endloop
  endfacet
  facet normal 0 0 -1
    outer loop
      vertex 23.8904 -0.604779 1.2
      vertex 22.5173 -0.331653 1.2
      vertex 22.5418 -0.166629 1.2
    endloop
  endfacet
  facet normal 0 0 -1
    outer loop
      vertex 23.8165 -0.899882 1.2
      vertex 22.4768 -0.493484 1.2
      vertex 22.5173 -0.331653 1.2
    endloop
  endfacet
  facet normal 0 0 -1
    outer loop
      vertex 23.714 -1.18632 1.2
      vertex 22.4206 -0.650561 1.2
      vertex 22.4768 -0.493484 1.2
    endloop
  endfacet
  facet normal 0 0 -1
    outer loop
      vertex 23.584 -1.46133 1.2
      vertex 22.3493 -0.801374 1.2
      vertex 22.4206 -0.650561 1.2
    endloop
  endfacet
  facet normal 0 0 -1
    outer loop
      vertex 21.7945 -1.4135 1.2
      vertex 22.5723 -2.57756 1.2
      vertex 22.3113 -2.73396 1.2
    endloop
  endfacet
  facet normal 0 0 -1
    outer loop
      vertex 23.4276 -1.72227 1.2
      vertex 22.2635 -0.944468 1.2
      vertex 22.3493 -0.801374 1.2
    endloop
  endfacet
  facet normal 0 0 -1
    outer loop
      vertex 23.2463 -1.96662 1.2
      vertex 22.1641 -1.07847 1.2
      vertex 22.2635 -0.944468 1.2
    endloop
  endfacet
  facet normal 0 0 -1
    outer loop
      vertex 23.042 -2.19203 1.2
      vertex 22.0521 -1.20208 1.2
      vertex 22.1641 -1.07847 1.2
    endloop
  endfacet
  facet normal 0 0 -1
    outer loop
      vertex 21.6514 -1.49927 1.2
      vertex 22.3113 -2.73396 1.2
      vertex 22.0363 -2.86403 1.2
    endloop
  endfacet
  facet normal 0 0 -1
    outer loop
      vertex 22.8166 -2.39633 1.2
      vertex 21.9285 -1.31412 1.2
      vertex 22.0521 -1.20208 1.2
    endloop
  endfacet
  facet normal 0 0 -1
    outer loop
      vertex 22.5723 -2.57756 1.2
      vertex 21.7945 -1.4135 1.2
      vertex 21.9285 -1.31412 1.2
    endloop
  endfacet
  facet normal 0 0 -1
    outer loop
      vertex 21.5006 -1.57059 1.2
      vertex 22.0363 -2.86403 1.2
      vertex 21.7499 -2.96651 1.2
    endloop
  endfacet
  facet normal 0 0 -1
    outer loop
      vertex 22.3113 -2.73396 1.2
      vertex 21.6514 -1.49927 1.2
      vertex 21.7945 -1.4135 1.2
    endloop
  endfacet
  facet normal 0 0 -1
    outer loop
      vertex 22.0363 -2.86403 1.2
      vertex 21.5006 -1.57059 1.2
      vertex 21.6514 -1.49927 1.2
    endloop
  endfacet
  facet normal 0 0 -1
    outer loop
      vertex 21.3435 -1.6268 1.2
      vertex 21.7499 -2.96651 1.2
      vertex 21.4548 -3.04043 1.2
    endloop
  endfacet
  facet normal 0 0 -1
    outer loop
      vertex 21.7499 -2.96651 1.2
      vertex 21.3435 -1.6268 1.2
      vertex 21.5006 -1.57059 1.2
    endloop
  endfacet
  facet normal 0 0 -1
    outer loop
      vertex 21.4548 -3.04043 1.2
      vertex 21.1817 -1.66733 1.2
      vertex 21.3435 -1.6268 1.2
    endloop
  endfacet
  facet normal 0 0 -1
    outer loop
      vertex 21.1539 -3.08507 1.2
      vertex 21.1817 -1.66733 1.2
      vertex 21.4548 -3.04043 1.2
    endloop
  endfacet
  facet normal 0 0 -1
    outer loop
      vertex 21.1539 -3.08507 1.2
      vertex 21.0166 -1.69181 1.2
      vertex 21.1817 -1.66733 1.2
    endloop
  endfacet
  facet normal 0 0 -1
    outer loop
      vertex 20.85 -3.1 1.2
      vertex 21.0166 -1.69181 1.2
      vertex 21.1539 -3.08507 1.2
    endloop
  endfacet
  facet normal 0 0 -1
    outer loop
      vertex 20.85 -3.1 1.2
      vertex 20.85 -1.7 1.2
      vertex 21.0166 -1.69181 1.2
    endloop
  endfacet
  facet normal 0 0 -1
    outer loop
      vertex 20.85 -3.1 1.2
      vertex 20.6834 -1.69181 1.2
      vertex 20.85 -1.7 1.2
    endloop
  endfacet
  facet normal 0 0 -1
    outer loop
      vertex 20.5461 -3.08507 1.2
      vertex 20.6834 -1.69181 1.2
      vertex 20.85 -3.1 1.2
    endloop
  endfacet
  facet normal 0 0 -1
    outer loop
      vertex 20.5461 -3.08507 1.2
      vertex 20.5183 -1.66733 1.2
      vertex 20.6834 -1.69181 1.2
    endloop
  endfacet
  facet normal 0 0 -1
    outer loop
      vertex 20.2452 -3.04043 1.2
      vertex 20.5183 -1.66733 1.2
      vertex 20.5461 -3.08507 1.2
    endloop
  endfacet
  facet normal -0 0 -1
    outer loop
      vertex 20.5183 -1.66733 1.2
      vertex 20.2452 -3.04043 1.2
      vertex 20.3565 -1.6268 1.2
    endloop
  endfacet
  facet normal 0 0 -1
    outer loop
      vertex 19.9501 -2.96651 1.2
      vertex 20.3565 -1.6268 1.2
      vertex 20.2452 -3.04043 1.2
    endloop
  endfacet
  facet normal -0 0 -1
    outer loop
      vertex 20.3565 -1.6268 1.2
      vertex 19.9501 -2.96651 1.2
      vertex 20.1994 -1.57059 1.2
    endloop
  endfacet
  facet normal 0 0 -1
    outer loop
      vertex 19.6637 -2.86403 1.2
      vertex 20.1994 -1.57059 1.2
      vertex 19.9501 -2.96651 1.2
    endloop
  endfacet
  facet normal -0 0 -1
    outer loop
      vertex 20.1994 -1.57059 1.2
      vertex 19.6637 -2.86403 1.2
      vertex 20.0486 -1.49927 1.2
    endloop
  endfacet
  facet normal 0 0 -1
    outer loop
      vertex 19.3887 -2.73396 1.2
      vertex 20.0486 -1.49927 1.2
      vertex 19.6637 -2.86403 1.2
    endloop
  endfacet
  facet normal -0 0 -1
    outer loop
      vertex 20.0486 -1.49927 1.2
      vertex 19.3887 -2.73396 1.2
      vertex 19.9055 -1.4135 1.2
    endloop
  endfacet
  facet normal 0 0 -1
    outer loop
      vertex 19.1277 -2.57756 1.2
      vertex 19.9055 -1.4135 1.2
      vertex 19.3887 -2.73396 1.2
    endloop
  endfacet
  facet normal -0 0 -1
    outer loop
      vertex 19.9055 -1.4135 1.2
      vertex 19.1277 -2.57756 1.2
      vertex 19.7715 -1.31412 1.2
    endloop
  endfacet
  facet normal 0 0 -1
    outer loop
      vertex 18.8834 -2.39633 1.2
      vertex 19.7715 -1.31412 1.2
      vertex 19.1277 -2.57756 1.2
    endloop
  endfacet
  facet normal -0 0 -1
    outer loop
      vertex 19.7715 -1.31412 1.2
      vertex 18.8834 -2.39633 1.2
      vertex 19.6479 -1.20208 1.2
    endloop
  endfacet
  facet normal 0 0 -1
    outer loop
      vertex 18.658 -2.19203 1.2
      vertex 19.6479 -1.20208 1.2
      vertex 18.8834 -2.39633 1.2
    endloop
  endfacet
  facet normal -0 0 -1
    outer loop
      vertex 19.6479 -1.20208 1.2
      vertex 18.658 -2.19203 1.2
      vertex 19.5359 -1.07847 1.2
    endloop
  endfacet
  facet normal 0 0 -1
    outer loop
      vertex 18.4537 -1.96662 1.2
      vertex 19.5359 -1.07847 1.2
      vertex 18.658 -2.19203 1.2
    endloop
  endfacet
  facet normal -0 0 -1
    outer loop
      vertex 19.5359 -1.07847 1.2
      vertex 18.4537 -1.96662 1.2
      vertex 19.4365 -0.944468 1.2
    endloop
  endfacet
  facet normal 0 0 -1
    outer loop
      vertex 18.2724 -1.72227 1.2
      vertex 19.4365 -0.944468 1.2
      vertex 18.4537 -1.96662 1.2
    endloop
  endfacet
  facet normal 0 0 -1
    outer loop
      vertex 18.116 -1.46133 1.2
      vertex 19.3507 -0.801374 1.2
      vertex 18.2724 -1.72227 1.2
    endloop
  endfacet
  facet normal -0 0 -1
    outer loop
      vertex 19.4365 -0.944468 1.2
      vertex 18.2724 -1.72227 1.2
      vertex 19.3507 -0.801374 1.2
    endloop
  endfacet
  facet normal -0 0 -1
    outer loop
      vertex 23.584 1.46133 1.2
      vertex 22.3493 0.801374 1.2
      vertex 23.4276 1.72227 1.2
    endloop
  endfacet
  facet normal 0 0 -1
    outer loop
      vertex 22.2635 0.944468 1.2
      vertex 23.4276 1.72227 1.2
      vertex 22.3493 0.801374 1.2
    endloop
  endfacet
  facet normal -0 0 -1
    outer loop
      vertex 23.4276 1.72227 1.2
      vertex 22.2635 0.944468 1.2
      vertex 23.2463 1.96662 1.2
    endloop
  endfacet
  facet normal 0 0 -1
    outer loop
      vertex 22.1641 1.07847 1.2
      vertex 23.2463 1.96662 1.2
      vertex 22.2635 0.944468 1.2
    endloop
  endfacet
  facet normal -0 0 -1
    outer loop
      vertex 23.2463 1.96662 1.2
      vertex 22.1641 1.07847 1.2
      vertex 23.042 2.19203 1.2
    endloop
  endfacet
  facet normal 0 0 -1
    outer loop
      vertex 22.0521 1.20208 1.2
      vertex 23.042 2.19203 1.2
      vertex 22.1641 1.07847 1.2
    endloop
  endfacet
  facet normal -0 0 -1
    outer loop
      vertex 23.042 2.19203 1.2
      vertex 22.0521 1.20208 1.2
      vertex 22.8166 2.39633 1.2
    endloop
  endfacet
  facet normal 0 0 -1
    outer loop
      vertex 21.9285 1.31412 1.2
      vertex 22.8166 2.39633 1.2
      vertex 22.0521 1.20208 1.2
    endloop
  endfacet
  facet normal -0 0 -1
    outer loop
      vertex 22.8166 2.39633 1.2
      vertex 21.9285 1.31412 1.2
      vertex 22.5723 2.57756 1.2
    endloop
  endfacet
  facet normal 0 0 -1
    outer loop
      vertex 21.7945 1.4135 1.2
      vertex 22.5723 2.57756 1.2
      vertex 21.9285 1.31412 1.2
    endloop
  endfacet
  facet normal -0 0 -1
    outer loop
      vertex 22.5723 2.57756 1.2
      vertex 21.7945 1.4135 1.2
      vertex 22.3113 2.73396 1.2
    endloop
  endfacet
  facet normal 0 0 -1
    outer loop
      vertex 21.6514 1.49927 1.2
      vertex 22.3113 2.73396 1.2
      vertex 21.7945 1.4135 1.2
    endloop
  endfacet
  facet normal -0 0 -1
    outer loop
      vertex 22.3113 2.73396 1.2
      vertex 21.6514 1.49927 1.2
      vertex 22.0363 2.86403 1.2
    endloop
  endfacet
  facet normal 0 0 -1
    outer loop
      vertex 21.5006 1.57059 1.2
      vertex 22.0363 2.86403 1.2
      vertex 21.6514 1.49927 1.2
    endloop
  endfacet
  facet normal -0 0 -1
    outer loop
      vertex 22.0363 2.86403 1.2
      vertex 21.5006 1.57059 1.2
      vertex 21.7499 2.96651 1.2
    endloop
  endfacet
  facet normal 0 0 -1
    outer loop
      vertex 21.3435 1.6268 1.2
      vertex 21.7499 2.96651 1.2
      vertex 21.5006 1.57059 1.2
    endloop
  endfacet
  facet normal -0 0 -1
    outer loop
      vertex 21.7499 2.96651 1.2
      vertex 21.3435 1.6268 1.2
      vertex 21.4548 3.04043 1.2
    endloop
  endfacet
  facet normal 0 0 -1
    outer loop
      vertex 21.1817 1.66733 1.2
      vertex 21.4548 3.04043 1.2
      vertex 21.3435 1.6268 1.2
    endloop
  endfacet
  facet normal 0 0 -1
    outer loop
      vertex 21.1817 1.66733 1.2
      vertex 21.1539 3.08507 1.2
      vertex 21.4548 3.04043 1.2
    endloop
  endfacet
  facet normal 0 0 -1
    outer loop
      vertex 21.0166 1.69181 1.2
      vertex 21.1539 3.08507 1.2
      vertex 21.1817 1.66733 1.2
    endloop
  endfacet
  facet normal 0 0 -1
    outer loop
      vertex 20.85 1.7 1.2
      vertex 21.1539 3.08507 1.2
      vertex 21.0166 1.69181 1.2
    endloop
  endfacet
  facet normal 0 0 -1
    outer loop
      vertex 20.85 1.7 1.2
      vertex 20.85 3.1 1.2
      vertex 21.1539 3.08507 1.2
    endloop
  endfacet
  facet normal 0 0 -1
    outer loop
      vertex 20.6834 1.69181 1.2
      vertex 20.85 3.1 1.2
      vertex 20.85 1.7 1.2
    endloop
  endfacet
  facet normal 0 0 -1
    outer loop
      vertex 20.6834 1.69181 1.2
      vertex 20.5461 3.08507 1.2
      vertex 20.85 3.1 1.2
    endloop
  endfacet
  facet normal 0 0 -1
    outer loop
      vertex 20.5183 1.66733 1.2
      vertex 20.5461 3.08507 1.2
      vertex 20.6834 1.69181 1.2
    endloop
  endfacet
  facet normal 0 0 -1
    outer loop
      vertex 20.2452 3.04043 1.2
      vertex 20.5183 1.66733 1.2
      vertex 20.3565 1.6268 1.2
    endloop
  endfacet
  facet normal 0 0 -1
    outer loop
      vertex 20.5183 1.66733 1.2
      vertex 20.2452 3.04043 1.2
      vertex 20.5461 3.08507 1.2
    endloop
  endfacet
  facet normal 0 0 -1
    outer loop
      vertex 19.9501 2.96651 1.2
      vertex 20.3565 1.6268 1.2
      vertex 20.1994 1.57059 1.2
    endloop
  endfacet
  facet normal 0 0 -1
    outer loop
      vertex 19.6637 2.86403 1.2
      vertex 20.1994 1.57059 1.2
      vertex 20.0486 1.49927 1.2
    endloop
  endfacet
  facet normal 0 0 -1
    outer loop
      vertex 20.3565 1.6268 1.2
      vertex 19.9501 2.96651 1.2
      vertex 20.2452 3.04043 1.2
    endloop
  endfacet
  facet normal 0 0 -1
    outer loop
      vertex 19.3887 2.73396 1.2
      vertex 20.0486 1.49927 1.2
      vertex 19.9055 1.4135 1.2
    endloop
  endfacet
  facet normal 0 0 -1
    outer loop
      vertex 19.1277 2.57756 1.2
      vertex 19.9055 1.4135 1.2
      vertex 19.7715 1.31412 1.2
    endloop
  endfacet
  facet normal 0 0 -1
    outer loop
      vertex 20.1994 1.57059 1.2
      vertex 19.6637 2.86403 1.2
      vertex 19.9501 2.96651 1.2
    endloop
  endfacet
  facet normal 0 0 -1
    outer loop
      vertex 18.8834 2.39633 1.2
      vertex 19.7715 1.31412 1.2
      vertex 19.6479 1.20208 1.2
    endloop
  endfacet
  facet normal 0 0 -1
    outer loop
      vertex 18.658 2.19203 1.2
      vertex 19.6479 1.20208 1.2
      vertex 19.5359 1.07847 1.2
    endloop
  endfacet
  facet normal 0 0 -1
    outer loop
      vertex 18.4537 1.96662 1.2
      vertex 19.5359 1.07847 1.2
      vertex 19.4365 0.944468 1.2
    endloop
  endfacet
  facet normal 0 0 -1
    outer loop
      vertex 20.0486 1.49927 1.2
      vertex 19.3887 2.73396 1.2
      vertex 19.6637 2.86403 1.2
    endloop
  endfacet
  facet normal 0 0 -1
    outer loop
      vertex 18.2724 1.72227 1.2
      vertex 19.4365 0.944468 1.2
      vertex 19.3507 0.801374 1.2
    endloop
  endfacet
  facet normal 0 0 -1
    outer loop
      vertex 18.116 1.46133 1.2
      vertex 19.3507 0.801374 1.2
      vertex 19.2794 0.650561 1.2
    endloop
  endfacet
  facet normal 0 0 -1
    outer loop
      vertex 17.986 1.18632 1.2
      vertex 19.2794 0.650561 1.2
      vertex 19.2232 0.493484 1.2
    endloop
  endfacet
  facet normal 0 0 -1
    outer loop
      vertex 17.8835 0.899882 1.2
      vertex 19.2232 0.493484 1.2
      vertex 19.1827 0.331653 1.2
    endloop
  endfacet
  facet normal 0 0 -1
    outer loop
      vertex 17.8096 0.604779 1.2
      vertex 19.1827 0.331653 1.2
      vertex 19.1582 0.166629 1.2
    endloop
  endfacet
  facet normal 0 0 -1
    outer loop
      vertex 19.9055 1.4135 1.2
      vertex 19.1277 2.57756 1.2
      vertex 19.3887 2.73396 1.2
    endloop
  endfacet
  facet normal 0 0 -1
    outer loop
      vertex 17.7649 0.303853 1.2
      vertex 19.1582 0.166629 1.2
      vertex 19.15 0 1.2
    endloop
  endfacet
  facet normal -0 0 -1
    outer loop
      vertex 19.3507 -0.801374 1.2
      vertex 18.116 -1.46133 1.2
      vertex 19.2794 -0.650561 1.2
    endloop
  endfacet
  facet normal 0 0 -1
    outer loop
      vertex 17.986 -1.18632 1.2
      vertex 19.2794 -0.650561 1.2
      vertex 18.116 -1.46133 1.2
    endloop
  endfacet
  facet normal 0 0 -1
    outer loop
      vertex 19.7715 1.31412 1.2
      vertex 18.8834 2.39633 1.2
      vertex 19.1277 2.57756 1.2
    endloop
  endfacet
  facet normal -0 0 -1
    outer loop
      vertex 19.2794 -0.650561 1.2
      vertex 17.986 -1.18632 1.2
      vertex 19.2232 -0.493484 1.2
    endloop
  endfacet
  facet normal 0 0 -1
    outer loop
      vertex 19.6479 1.20208 1.2
      vertex 18.658 2.19203 1.2
      vertex 18.8834 2.39633 1.2
    endloop
  endfacet
  facet normal 0 0 -1
    outer loop
      vertex 17.8835 -0.899882 1.2
      vertex 19.2232 -0.493484 1.2
      vertex 17.986 -1.18632 1.2
    endloop
  endfacet
  facet normal 0 0 -1
    outer loop
      vertex 19.5359 1.07847 1.2
      vertex 18.4537 1.96662 1.2
      vertex 18.658 2.19203 1.2
    endloop
  endfacet
  facet normal -0 0 -1
    outer loop
      vertex 19.2232 -0.493484 1.2
      vertex 17.8835 -0.899882 1.2
      vertex 19.1827 -0.331653 1.2
    endloop
  endfacet
  facet normal 0 0 -1
    outer loop
      vertex 19.4365 0.944468 1.2
      vertex 18.2724 1.72227 1.2
      vertex 18.4537 1.96662 1.2
    endloop
  endfacet
  facet normal 0 0 -1
    outer loop
      vertex 17.8096 -0.604779 1.2
      vertex 19.1827 -0.331653 1.2
      vertex 17.8835 -0.899882 1.2
    endloop
  endfacet
  facet normal 0 0 -1
    outer loop
      vertex 19.3507 0.801374 1.2
      vertex 18.116 1.46133 1.2
      vertex 18.2724 1.72227 1.2
    endloop
  endfacet
  facet normal -0 0 -1
    outer loop
      vertex 19.1827 -0.331653 1.2
      vertex 17.8096 -0.604779 1.2
      vertex 19.1582 -0.166629 1.2
    endloop
  endfacet
  facet normal 0 0 -1
    outer loop
      vertex 19.2794 0.650561 1.2
      vertex 17.986 1.18632 1.2
      vertex 18.116 1.46133 1.2
    endloop
  endfacet
  facet normal 0 0 -1
    outer loop
      vertex 17.7649 -0.303853 1.2
      vertex 19.1582 -0.166629 1.2
      vertex 17.8096 -0.604779 1.2
    endloop
  endfacet
  facet normal 0 0 -1
    outer loop
      vertex 19.2232 0.493484 1.2
      vertex 17.8835 0.899882 1.2
      vertex 17.986 1.18632 1.2
    endloop
  endfacet
  facet normal -0 0 -1
    outer loop
      vertex 19.1582 -0.166629 1.2
      vertex 17.7649 -0.303853 1.2
      vertex 19.15 0 1.2
    endloop
  endfacet
  facet normal 0 0 -1
    outer loop
      vertex 19.1827 0.331653 1.2
      vertex 17.8096 0.604779 1.2
      vertex 17.8835 0.899882 1.2
    endloop
  endfacet
  facet normal 0 0 -1
    outer loop
      vertex 17.75 0 1.2
      vertex 19.15 0 1.2
      vertex 17.7649 -0.303853 1.2
    endloop
  endfacet
  facet normal 0 0 -1
    outer loop
      vertex 19.1582 0.166629 1.2
      vertex 17.7649 0.303853 1.2
      vertex 17.8096 0.604779 1.2
    endloop
  endfacet
  facet normal 0 0 -1
    outer loop
      vertex 19.15 0 1.2
      vertex 17.75 0 1.2
      vertex 17.7649 0.303853 1.2
    endloop
  endfacet
endsolid OpenSCAD_Model
